technology,capacity_type,location,0,1,2,3,4,5,6,7,8,9,10,11,12,13,14,15,16,17,18,19,20,21,22,23,24,25,26,27,28,29
DAC,power,AT,4.098025576870391e-09,6.112465164202158e-10,4.2616014683654737e-10,5.878034914655101e-10,4.48982318082346e-10,3.7055502717057474e-10,2.8573842603324185e-10,3.1439178088609185e-10,3.4371760343185013e-10,3.510689067843373e-10,3.187372113676803e-10,3.47263102679457e-10,3.605674642280898e-10,4.361598468269284e-10,5.111239208050771e-10,5.481473855638664e-10,6.123192207320498e-10,6.984674103778941e-10,7.876645753946649e-10,1.1102682485011963e-09,3.301876214118522e-09,1.466168542081625e-09,1.756808116902142e-09,1.7051698154203665e-09,1.5526625828545929e-09,1.5068252570969592e-09,1.707535087785242e-09,1.494468042484847e-09,1.7420807483131178e-09,1.9300316528397966e-09
DAC,power,BE,4.443849049805023e-09,4.349259041915367e-10,4.2944370338476233e-10,6.137470993664792e-10,4.6431557199593173e-10,3.584194395085513e-10,3.115690665319163e-10,2.8436518735788545e-10,2.221159504912557e-10,2.8071938167575834e-10,3.0752496070499565e-10,3.6385254124677525e-10,4.287921563245046e-10,5.027576904331555e-10,6.000871237137946e-10,6.701454762407365e-10,7.025098729342204e-10,7.916951917684706e-10,8.262597611377588e-10,1.1311883565296957e-09,3.739196480007847e-09,1.6693786626189943e-09,1.4728058610310494e-09,1.7122674963695863e-09,1.8528336391493754e-09,1.9878425307616844e-09,2.1237479179837577e-09,2.0077540770454765e-09,1.6140894049357226e-09,2.0649980548749228e-09
DAC,power,BG,4.137429295342097e-09,5.621195992028722e-10,4.417406103661219e-10,5.794771464092222e-10,5.21426096377022e-10,4.608120562884677e-10,4.5555701072454057e-10,4.786107596215138e-10,5.371792939505847e-10,5.613238128881479e-10,6.089214827222355e-10,5.432451605444228e-10,6.405238411504476e-10,6.483693054739202e-10,6.204199766192737e-10,5.492329230330506e-10,4.85741978058896e-10,4.493635825330953e-10,7.924430822622059e-10,1.1056745403503322e-09,3.6683544693092164e-09,1.825499843261916e-09,1.6352719320322266e-09,1.783760131878637e-09,1.8378746705566794e-09,1.7749411564753769e-09,1.8359389058579018e-09,1.776076307694548e-09,1.7377524068723601e-09,2.561811734646202e-09
DAC,power,CH,4.1372790579419485e-09,5.932012535870055e-10,4.544215055828858e-10,6.079135064047534e-10,4.339329174359996e-10,3.7801820814802465e-10,3.456540416251565e-10,2.945132856233245e-10,3.434633994297733e-10,3.545351632647901e-10,3.1605068915946495e-10,3.425837557076745e-10,3.52136273643529e-10,3.697337002421668e-10,4.575570262410448e-10,5.381460170940923e-10,6.597975254973155e-10,7.855364442591639e-10,8.064046990297991e-10,1.1161374634708406e-09,3.4892464508147115e-09,1.685230960360545e-09,1.4713632656674123e-09,1.6188258202075325e-09,1.7177332422387815e-09,1.7063135057271508e-09,1.9272917498730596e-09,1.7839849752536851e-09,1.7649830352215153e-09,2.183228422337856e-09
DAC,power,CZ,4.115545106616508e-09,5.974386304138479e-10,4.4512138231071855e-10,6.020853697630603e-10,4.523468089127304e-10,4.248718153214262e-10,4.2981742493886337e-10,4.4569205152019963e-10,4.2772757693954315e-10,3.593167388965011e-10,2.873339588188461e-10,2.32399648171028e-10,2.979899840518051e-10,3.79975432192085e-10,4.6434227476754216e-10,5.530710895773838e-10,6.170310738997136e-10,7.076743266248507e-10,7.828808697646641e-10,1.1442693005680921e-09,3.847374464940658e-09,1.993971487221015e-09,1.5999721268872178e-09,1.668070845565265e-09,1.7076194756649328e-09,1.6555427055535092e-09,1.5926381766553942e-09,1.6260090493524437e-09,1.7110333109389826e-09,2.204537623111131e-09
DAC,power,DE,4.15564354070033e-09,6.145352040206033e-10,4.5240737854082213e-10,5.855459951472671e-10,4.0902566433494545e-10,3.377199766654422e-10,3.181362703621073e-10,2.9864740114874014e-10,3.280364294106205e-10,2.7288428421971304e-10,2.60331234192895e-10,2.6698165426893935e-10,3.290586676123815e-10,3.9538106388643273e-10,4.603033296890167e-10,5.403618311233625e-10,6.311322346967366e-10,7.262623739340345e-10,7.595300021397406e-10,1.0107574689167295e-09,3.546926468321373e-09,1.5664884736806496e-09,1.2864247529440744e-09,1.4455379569847312e-09,1.546940164888995e-09,1.673172811551833e-09,1.7652257341061234e-09,1.7341851326463131e-09,1.4816882509170678e-09,1.867936222154737e-09
DAC,power,DK,4.047847679314438e-09,8.947842209341992e-10,5.185528779432402e-10,5.508951682783404e-10,2.8688166140384973e-10,3.547848098930371e-10,3.6775855248296173e-10,3.858080542559874e-10,4.517948624837632e-10,4.816502082680709e-10,4.6554948291686685e-10,5.496061854160134e-10,5.630745904833964e-10,6.033226429000669e-10,6.447773450566687e-10,6.690563211382845e-10,8.813228320662172e-10,1.0321313984871912e-09,9.349935708826496e-10,1.0381048680293224e-09,3.889757277235152e-09,2.3393103549421547e-09,1.5962908031609821e-09,1.7036597877060892e-09,1.899430619965971e-09,2.0161578776830004e-09,2.1800874479031527e-09,2.092792288656317e-09,1.7351497845796987e-09,2.298693720762014e-09
DAC,power,EE,3.803125698207315e-09,9.892821519081251e-10,4.937208456610542e-10,5.300364154067379e-10,3.2638598672779434e-10,3.0185518883118015e-10,2.5378614530069427e-10,2.3781509173543496e-10,2.592358971710264e-10,2.9927279256984085e-10,3.4461727099320236e-10,4.229675363398305e-10,4.712010225960241e-10,5.335638108597168e-10,5.957988615077841e-10,6.405829593418923e-10,6.972694436140285e-10,7.773240816897763e-10,8.566230660593718e-10,1.317603962132202e-09,3.777260125647945e-09,1.7549586429284055e-09,1.6009602793519038e-09,2.7996780014405133e-09,1.8361884999126398e-09,1.6764410076603372e-09,1.7794294683884853e-09,1.7456082383846587e-09,1.6759451233785096e-09,2.1320852348437383e-09
DAC,power,EL,4.176332584900323e-09,5.958263979702948e-10,4.685783191302387e-10,6.050736289483694e-10,5.759277930514233e-10,4.719819761459115e-10,4.445656866796213e-10,4.609486422581666e-10,5.19557061902434e-10,5.354259682610661e-10,5.004718255167382e-10,3.3405361111172434e-10,2.832502767424885e-10,1.8909394893135827e-10,2.854530012252241e-10,4.14018716349229e-10,5.730620439425961e-10,8.218429154363816e-10,9.620058833912638e-10,1.2677787241033111e-09,3.803531309135606e-09,1.9224000831356773e-09,1.4680780976455207e-09,1.7048995430437546e-09,1.8609916460708291e-09,2.0584060297919658e-09,2.0986948426848777e-09,2.009309680056302e-09,1.779659745615623e-09,2.495897333942591e-09
DAC,power,ES,3.919506515621563e-09,7.179616179545657e-10,4.54950615733816e-10,4.969433279921401e-10,3.063457303689954e-10,3.3023269655822874e-10,3.4353273110027146e-10,3.63809126318352e-10,4.237760109827018e-10,5.101648735828813e-10,6.171707767845265e-10,3.6590870969221144e-10,4.578307738730028e-10,5.433237915552834e-10,6.39981733968048e-10,7.517797888652442e-10,9.033343105235079e-10,1.1342335487964746e-09,1.041191233630004e-09,1.273191484796489e-09,3.617049443995747e-09,1.9515176929919e-09,1.6221644029017333e-09,1.8351629143339337e-09,1.902943990174255e-09,1.976957829959926e-09,2.39230941744028e-09,2.3613130489017404e-09,1.9795969990314145e-09,2.716093221572407e-09
DAC,power,FI,4.088276904325791e-09,9.502699957526925e-10,5.258783616019368e-10,6.152549816608558e-10,3.6985105584935357e-10,3.1603046355002285e-10,2.9499450868906495e-10,2.766498762378872e-10,3.590175302824685e-10,4.20508666628745e-10,4.424803844730173e-10,5.188371397580005e-10,5.540098024922565e-10,6.234738728460717e-10,7.198624561236003e-10,7.799173870453723e-10,7.691864615715001e-10,8.916432695104161e-10,1.0442918736539086e-09,1.7909130161044963e-09,4.241978262300218e-09,1.533429191244769e-09,1.426647745713477e-09,1.7350642355018984e-09,1.9154143846118117e-09,1.7879600567400127e-09,1.52174451853932e-09,1.609787147564465e-09,1.6120007547706118e-09,2.2327399472637323e-09
DAC,power,FR,4.189748116827214e-09,5.873318781732487e-10,4.6133731681679987e-10,6.3894505278546e-10,4.547060657335441e-10,4.3345787689765915e-10,4.118242454237477e-10,3.9865191455652285e-10,3.8316260699282324e-10,2.793437487949362e-10,3.90952086689193e-10,3.3570748628052355e-10,4.2843187313369294e-10,5.269420363162883e-10,6.281235565022463e-10,7.088617161146681e-10,8.287299668833754e-10,1.0610553896654286e-09,9.429108076995794e-10,1.309081425443715e-09,3.823694650649968e-09,1.9694930198158094e-09,1.6087340424584588e-09,1.85085357109054e-09,2.010542585973826e-09,2.0526306661523876e-09,2.4885350543227307e-09,2.4314427758381375e-09,1.815005739732173e-09,2.3989165787026494e-09
DAC,power,HR,4.162404618696583e-09,6.406629728958306e-10,4.667951045801819e-10,6.493382061273459e-10,4.757567083836105e-10,4.1486096851332057e-10,3.928488072128081e-10,4.1286552452517244e-10,4.2176335995339853e-10,3.895055896816734e-10,3.151957814449465e-10,2.6760490686795717e-10,3.4826955660541675e-10,4.1992084556806786e-10,4.884048571159273e-10,5.527066726419497e-10,6.286419700139643e-10,7.268689819257958e-10,8.243565511543435e-10,1.1801578888946126e-09,3.9937625276422465e-09,2.0984974478391778e-09,1.584620284794811e-09,1.6776608446732266e-09,1.7643611820371686e-09,1.7835418524493041e-09,2.099984364780448e-09,1.8723335163838222e-09,1.79348762969314e-09,2.299023790300213e-09
DAC,power,HU,4.207278681129849e-09,5.738500259484784e-10,4.367287215537582e-10,5.93303276708454e-10,4.595773289787834e-10,4.0921173023606735e-10,3.8456367580340604e-10,3.66598632177235e-10,3.232656003181589e-10,2.599752951239136e-10,3.627495948150498e-10,3.786683899312384e-10,4.664854591105372e-10,5.244210190132354e-10,5.855513381282996e-10,6.241670293037573e-10,6.985456902595142e-10,8.266672788315203e-10,9.619648453105158e-10,1.3226212992388167e-09,3.9850112124640005e-09,2.0018791307068297e-09,1.5873348044559872e-09,1.7037284587448531e-09,1.7916261885552957e-09,1.7393996850328713e-09,1.9503225250847185e-09,1.816970835081786e-09,1.7843874420171825e-09,2.2834589044219797e-09
DAC,power,IE,3.80609609497589e-09,1.1542544873614388e-09,5.897001735162778e-10,8.176870473674983e-10,3.8924080963963875e-10,2.0202653438341721e-10,2.5479503754527646e-10,3.224174248863736e-10,4.3337349715163644e-10,5.036998328040196e-10,5.356247559200524e-10,4.931730992540854e-10,5.498308113381075e-10,6.493153641497824e-10,7.586040657435179e-10,8.615142689100227e-10,9.611471337782822e-10,1.1901653141094424e-09,1.4309006585978603e-09,1.9924192687333738e-09,4.577200325414507e-09,2.645096464792968e-09,1.8868885090037967e-09,1.8823693676828937e-09,2.347179931529868e-09,2.5851312264467696e-09,3.1243831920176146e-09,3.0642498208126426e-09,1.9451397870373694e-09,2.729118849910769e-09
DAC,power,IT,4.2106863012418096e-09,5.831942157263479e-10,4.450552693281815e-10,5.667063899743725e-10,4.0879381681007206e-10,3.1291137298348575e-10,2.626228990363142e-10,2.101720722786501e-10,2.7913812723200776e-10,3.7666097632089853e-10,4.630558483914917e-10,3.6416369546992496e-10,4.3747927349913367e-10,5.102193016263591e-10,5.786844234894906e-10,6.638705812722418e-10,7.362218678414536e-10,8.029665158644108e-10,8.800849631160678e-10,1.2138222050565403e-09,3.800911754691624e-09,1.964454536575096e-09,1.6679696249535758e-09,1.875856047610063e-09,1.8095567289923993e-09,1.7625263384121875e-09,1.8852536683208067e-09,1.809387833925484e-09,1.6327403054169694e-09,2.222011131089869e-09
DAC,power,LT,4.235100294088794e-09,6.206246803626848e-10,4.739444949099107e-10,6.815637447529406e-10,4.699795075175492e-10,3.980400432210776e-10,3.437941004207171e-10,2.892942838819746e-10,2.2735245741969563e-10,2.988347988003502e-10,3.9876975093093257e-10,4.3451531004336604e-10,5.144531493710546e-10,6.11255202157061e-10,6.923809686452072e-10,7.718185523968977e-10,8.32921929794465e-10,9.360302961456477e-10,1.027401332825716e-09,1.5076362522997917e-09,4.363565612210129e-09,2.169968024440134e-09,1.5475288189972638e-09,1.7379758855763927e-09,1.9404696543028504e-09,2.0142168274932062e-09,2.111324851847183e-09,2.0850971136578877e-09,1.93973552328698e-09,2.489767720174058e-09
DAC,power,LU,3.573982628360794e-09,1.2258035360105868e-09,5.892013333174883e-10,8.689043702914491e-10,4.604541140181416e-10,4.1141271232627684e-10,3.8385243579033464e-10,3.39225994273098e-10,2.850088002418204e-10,2.0349107887939724e-10,2.4043568620245954e-10,3.2372575195562115e-10,3.6076119914384183e-10,4.4511088948374165e-10,5.304447748934949e-10,6.223590340867618e-10,7.026417167309914e-10,8.41758735724525e-10,8.40284615389647e-10,1.2136499605470529e-09,3.574476575039083e-09,2.239037820889436e-09,1.7771180025524427e-09,2.0598591716845916e-09,2.030917590817627e-09,2.1310627540710074e-09,2.322180757096253e-09,2.0942387328103853e-09,1.5463629721412807e-09,2.042535240122423e-09
DAC,power,LV,4.2645116011289885e-09,6.684557471138787e-10,4.794813285088779e-10,6.996149068266881e-10,4.774920589071953e-10,4.082673507326051e-10,3.927404919125388e-10,3.662058836352237e-10,3.223738726189349e-10,2.5673919881330517e-10,2.9820012402299403e-10,3.371955254995771e-10,4.0737362308922253e-10,5.068794076385618e-10,6.037399536077205e-10,7.035670501911819e-10,7.53259047611293e-10,8.232060513889296e-10,9.43871653927526e-10,1.4224093370014064e-09,4.296190523917107e-09,1.7344229093766876e-09,1.6236995767165406e-09,1.8191553222735475e-09,1.910165938560237e-09,1.8224634212369782e-09,1.8283391920019376e-09,1.8141082473401837e-09,1.7587349518684158e-09,2.24136205567797e-09
DAC,power,NL,3.744582299167696e-09,1.1875339535827692e-09,5.303896109631338e-10,5.698129028741113e-10,2.9090540159576376e-10,3.6408716489429833e-10,3.246284289716719e-10,2.2848551968530452e-10,3.175107133123426e-10,3.756545794211086e-10,3.815310962369853e-10,4.154551731021455e-10,4.4750274064543286e-10,4.798891103017691e-10,5.332749525006104e-10,6.129078941188413e-10,6.922060123861884e-10,7.831214647962104e-10,8.74249104173903e-10,1.1833564107323663e-09,3.6417740731954376e-09,2.1857037307484846e-09,1.582090254870774e-09,1.680570619047484e-09,1.7167364188574886e-09,1.8174701757613058e-09,2.1814608081466556e-09,2.087502135843276e-09,1.4552527122586053e-09,2.0229372313192053e-09
DAC,power,NO,4.527833541428473e-09,6.434731215014826e-10,5.197080124157386e-10,6.743120180837004e-10,5.135369838702104e-10,5.25597394401432e-10,5.367900222768667e-10,5.105593237170781e-10,5.576035966113621e-10,5.988957370733933e-10,5.709504278937736e-10,3.9415929968802976e-10,3.7091887057588664e-10,3.1510955140188965e-10,4.908271057230375e-10,6.78953953480304e-10,8.242099236702237e-10,9.722699946257956e-10,1.0855384123765167e-09,1.7429842312369795e-09,5.404148503071043e-09,2.2770026019681533e-09,1.6731319152563986e-09,1.960254523252223e-09,2.399662426749976e-09,2.5745664933392607e-09,2.3756436170656527e-09,2.319220781056006e-09,1.982453976381091e-09,2.4924144464301563e-09
DAC,power,PL,4.1710634820084264e-09,6.051179317211433e-10,4.529819272117548e-10,6.229537996426076e-10,4.5356079278296706e-10,4.0577420104720903e-10,3.971550985784812e-10,4.1311409114316165e-10,4.5404813730530254e-10,4.931170948605277e-10,5.103124547141144e-10,4.0305168394813105e-10,4.84517190913976e-10,5.653959710502894e-10,5.388352188930305e-10,5.356274254795052e-10,5.509585040234806e-10,5.759586623145074e-10,7.635745259078956e-10,1.2203317351535295e-09,3.790325652014962e-09,1.8163870719182057e-09,1.5381104630565645e-09,1.6227468654276644e-09,1.6931341818487848e-09,1.7054368096186874e-09,1.8011018081474719e-09,1.6509368683937062e-09,1.5474472499332767e-09,2.0277237922630845e-09
DAC,power,PT,3.918165360132798e-09,6.181850658443513e-10,4.551532632664166e-10,5.378316796937385e-10,3.403089287569727e-10,3.584535943627237e-10,3.6761979395220317e-10,3.822307241170614e-10,4.25821733500338e-10,4.743217751527695e-10,5.033954114540784e-10,4.711633138580923e-10,5.331167712643378e-10,5.988754343412152e-10,6.709769919938054e-10,7.704015566675816e-10,9.0263304555685e-10,1.0991170583320242e-09,1.057510596901348e-09,1.2850565269957852e-09,3.369150177029322e-09,1.889659442835544e-09,1.6045217230930574e-09,1.7746423664596016e-09,1.8395355709851776e-09,1.906456187230811e-09,2.2607127681816414e-09,2.24265628895138e-09,1.9745258351821542e-09,2.736929628837071e-09
DAC,power,RO,3.711024170907608e-09,9.994524696662963e-10,4.6294783924151155e-10,4.4182500508133723e-10,2.425395518738459e-10,2.7511146730834304e-10,2.9562048815340947e-10,2.9767294115031177e-10,3.7708001284771205e-10,4.832687358937421e-10,5.961856344311039e-10,3.770385352773011e-10,4.675811548436727e-10,5.361166149555125e-10,5.892231509768393e-10,6.084812758709494e-10,6.761139154160153e-10,8.157666130114645e-10,9.724112236624377e-10,1.2785923914812662e-09,3.627755350143832e-09,2.2405142662819133e-09,1.6707379410921587e-09,1.6766961357407517e-09,1.7178231241251836e-09,1.6891014174459076e-09,1.7836704185688465e-09,1.7691371760786688e-09,1.7765632189103399e-09,2.3466472374786485e-09
DAC,power,SE,4.391920252867858e-09,6.253636693862333e-10,4.869877870389346e-10,5.999691978512112e-10,4.627931303320353e-10,3.270062529174412e-10,2.9503996227189676e-10,3.323842514459682e-10,4.351788786498168e-10,5.229060052239328e-10,5.512096062843723e-10,4.904113234646252e-10,5.612590697746548e-10,6.604509356035452e-10,7.713681896615826e-10,8.300458552646817e-10,8.946432806490741e-10,1.0335678197539576e-09,1.0870228187240123e-09,1.6787870839021403e-09,4.603858019483925e-09,1.9093862954459367e-09,1.5104919316916536e-09,1.7168829637883897e-09,1.9599508085430894e-09,1.976688666870479e-09,1.76017653648914e-09,2.1626701293161502e-09,1.8076371463061924e-09,2.1115032696446935e-09
DAC,power,SI,4.183979151656214e-09,6.299287280793907e-10,4.783358350208744e-10,6.959756662234611e-10,5.223738906812548e-10,4.659854110193931e-10,4.4380589348275653e-10,4.55529252101008e-10,4.3328967775160494e-10,3.9459804959457036e-10,3.216491134343171e-10,2.7348668592379223e-10,2.2468851090030747e-10,3.2611757101571295e-10,4.507004333210367e-10,5.901290670137211e-10,7.023466850360398e-10,8.031366146833634e-10,8.196858558524571e-10,1.1995583911654053e-09,3.747268362380461e-09,1.7959372338482867e-09,1.5354431010241828e-09,1.6607879515339334e-09,1.7290098084949019e-09,1.732701839384762e-09,2.0638263445968616e-09,1.923932380579618e-09,1.8326728863501819e-09,2.3195667527359465e-09
DAC,power,SK,3.920315222281946e-09,8.302872128254237e-10,4.684090775154992e-10,5.794186344336299e-10,3.343866005621798e-10,3.3997452086127016e-10,3.3343035568210423e-10,3.1100327641948957e-10,3.4138496986447124e-10,3.467886247516524e-10,3.541559050428703e-10,3.4818754777509277e-10,4.180525186756505e-10,4.724193032828821e-10,4.994171138033088e-10,5.667865888854899e-10,6.433524743720665e-10,7.43540043177819e-10,7.813236062926219e-10,1.0824513854891255e-09,3.564785112551315e-09,1.92358760715135e-09,1.5520923562110278e-09,1.62685104207734e-09,1.6672913090793618e-09,1.730161562689917e-09,1.7684582048452133e-09,1.544491658116554e-09,1.5071363355728963e-09,1.9957954883552705e-09
DAC,power,UK,4.155787766337492e-09,8.223249081917919e-10,4.842118281183719e-10,5.420481101733392e-10,3.0042709522425285e-10,3.28641943380254e-10,3.803179013075986e-10,4.253671686220491e-10,5.243017744524479e-10,5.635390362774121e-10,5.942201627897391e-10,4.712256504181186e-10,5.538702308497393e-10,6.651420762000203e-10,7.952028323149368e-10,8.807775454359554e-10,9.171338814133266e-10,8.781454678512769e-10,1.0392623845099234e-09,1.3798325133722813e-09,4.1215501679714585e-09,2.1660192714223612e-09,1.6041604224408096e-09,1.7784335941972144e-09,2.1498792371634512e-09,2.4549129513365537e-09,2.9725205024275225e-09,2.8372719693015303e-09,1.8525552896877248e-09,2.5749008345775716e-09
battery,energy,AT,3.1605791931295347e-06,2.8486635770730696e-09,1.0140871090382167e-09,1.6512919890968895e-09,5.926565506894852e-09,6.353411146568255e-07,4.033002669276418e-07,7.952293276716587e-07,6.115923086361904e-07,6.183948711823285e-07,4.173416127307325e-06,6.844494889979284e-07,1.141301414563247e-06,4.677355094496672e-06,2.3782853212185643e-06,4.888991625865723e-06,1.6093947853414765e-06,1.0427579090494493e-07,2.3290098100688382e-06,4.086217078680893e-06,1.4964810944835796e-05,8.279642713051742e-06,6.701066890437793e-06,1.1567448888465596e-05,9.951697438219654e-06,1.6236890598408445e-05,1.0691449751304477e-05,2.4238975053650214e-05,3.2168708700505705e-05,3.0362845191945546e-05
battery,energy,BE,3.007793835628966e-06,4.017097624473181e-09,1.2905554783780352e-09,2.230122195982213e-09,9.391997639453266e-09,8.116809901176535e-07,4.1725197879565186e-07,6.76316703246313e-07,6.192321505480697e-07,6.24203556197218e-07,4.108197834236605e-06,6.950683013833229e-07,9.17093255373546e-07,4.523349636093549e-06,1.5184535489955125e-06,4.963815284149676e-06,1.3834734916997376e-06,1.1931686117418204e-07,3.063941161254381e-06,4.1334365528161185e-06,1.3965474889775676e-05,6.809041054734492e-06,5.851654388260622e-06,1.0019823045229367e-05,7.298919918012898e-06,1.0764250939314356e-05,8.718534980572285e-06,1.8792119060423656e-05,2.736322742126265e-05,2.1070107696368015e-05
battery,energy,BG,2.9948336727719035e-06,4.816380338987071e-09,1.2441926282644805e-09,2.2263842219423314e-09,8.688589685793546e-09,7.463082527984581e-07,3.9631874092590916e-07,5.451038757372538e-07,4.646528963692115e-07,6.881087477279082e-07,4.180967596475501e-06,4.017093970299135e-07,1.2435247710320278e-06,4.3480408611868635e-06,1.7989660169289447e-06,4.3901672581226795e-06,2.077620989148459e-06,5.953385498712686e-07,4.726401630963107e-06,3.0380409364931572e-06,1.2909001525227782e-05,6.929009026390196e-06,1.004200227563678e-05,9.631920797837717e-06,8.92485081964407e-06,1.2676099546879558e-05,2.0993114571288726e-05,1.1215882184375443e-05,3.381638437222087e-05,5.589109949809176e-05
battery,energy,CH,3.0618823272653604e-06,3.5687306086832856e-09,1.1473362867609864e-09,1.9808201652236465e-09,8.477720496963854e-09,7.268058510894913e-07,4.1447601002518046e-07,6.767730890298939e-07,6.248619389673765e-07,5.357219181839261e-07,4.6362206560026615e-06,5.381938423756342e-07,1.2787341855186827e-06,4.57331206020073e-06,1.9564277119024804e-06,5.6699831149448495e-06,1.609893160299812e-06,1.1207290155354662e-07,2.7275842975013745e-06,4.190167709514854e-06,1.5402697986342114e-05,9.55629358827527e-06,7.586433000331471e-06,1.3557550996984318e-05,1.0934287410823811e-05,1.8464502507644492e-05,1.477588554185486e-05,1.4428255883192347e-05,3.586337326462793e-05,2.7715832328506842e-05
battery,energy,CZ,3.1811795646423967e-06,2.875901010477285e-09,1.0166548731821946e-09,1.6703326536435438e-09,6.131108244951565e-09,6.985125496904495e-07,4.257770473788107e-07,7.189320175799718e-07,5.632895696457172e-07,6.686861908134866e-07,4.301883411673612e-06,6.266045911677084e-07,1.035669777814361e-06,4.735183417466335e-06,2.058804545941164e-06,5.41870437432995e-06,1.8792333542149528e-06,1.0610037423186015e-07,2.948798689982417e-06,4.024588440360676e-06,1.577972879996556e-05,1.6485027001821727e-05,8.887388245950552e-06,1.2299361291705997e-05,1.2851198732894886e-05,2.056422634631455e-05,1.8490215616011777e-05,2.8608074395737354e-05,3.385531345506141e-05,3.399449228733083e-05
battery,energy,DE,3.030013992745308e-06,2.6025318660417836e-09,1.0993634665029084e-09,1.6867105513123583e-09,4.353708352862483e-09,7.282801248456689e-07,4.1711027524131725e-07,6.292840307669335e-07,5.122217534249295e-07,6.276371587487807e-07,4.230468197684428e-06,5.688087077232517e-07,1.0954106812795768e-06,4.6236772720800734e-06,1.792092017557574e-06,4.991069044113082e-06,1.475333202070225e-06,1.0132144483168676e-07,2.590955445899044e-06,4.133170742015256e-06,1.415730361587114e-05,6.233263057530907e-06,5.8741344651841486e-06,1.1227838117414538e-05,9.714728464506841e-06,1.5190052883377614e-05,7.930820443283328e-06,1.9575790303142246e-05,2.9145155521175212e-05,2.434791236300074e-05
battery,energy,DK,3.2035720421869157e-06,1.7846185831993668e-09,9.44158323994454e-10,1.5945427887235881e-09,6.427445088507412e-09,7.036830406281078e-07,3.949942382031832e-07,6.311970297319911e-07,5.225661530957657e-07,7.399819772431866e-07,4.156196445024204e-06,6.555829656936007e-07,1.1810441797301209e-06,4.594685450542114e-06,1.3756605110674164e-06,5.450269570400902e-06,1.4590090579920474e-06,8.736207986127498e-08,1.8625171451512536e-06,3.6776056809492567e-06,1.4271580504070365e-05,6.406823466566766e-06,5.218982138092678e-06,1.0631393238742913e-05,7.338925478960579e-06,9.311557306371807e-06,1.3924404700678427e-05,1.9025582674803712e-05,1.9136739716940212e-05,2.167139753493944e-05
battery,energy,EE,3.2690928331209935e-06,3.0121130996715096e-09,9.768143286342683e-10,1.6273911697330853e-09,5.669671743445965e-09,7.125747299069507e-07,4.3937921707709797e-07,7.663157577443278e-07,5.393481726238031e-07,5.509764880521716e-07,3.971797283956918e-06,7.509094572955007e-07,1.0663224281023655e-06,4.546074157627681e-06,1.7064123925355293e-06,5.0176847488213894e-06,1.604838368185128e-06,2.47144922987107e-07,3.114303438408672e-06,2.682262396194188e-06,1.1287908199524416e-05,7.945584722620672e-06,5.889758600678952e-06,9.585763375543082e-06,5.842951022090096e-06,7.337371803404923e-06,1.0433632905370897e-05,1.697938813498989e-05,1.9042095591752245e-05,1.3097905485058558e-05
battery,energy,EL,3.0707556933900485e-06,4.107227355703001e-09,1.2762789450444558e-09,2.1590049738963136e-09,7.933707614831111e-09,6.992512778506714e-07,3.8017013713139685e-07,5.790852041736933e-07,5.298635097518618e-07,5.060686148952361e-07,4.0415063621915796e-06,6.092650293218363e-07,1.162029050089891e-06,4.222517854193067e-06,1.7139586729528132e-06,4.03732027662417e-06,2.11427010359758e-06,1.3056739555888312e-06,5.932171522628737e-06,3.1207247361067075e-06,1.7895225432913033e-05,7.338347746331231e-06,1.5062706251906613e-05,9.042985273207408e-06,9.621052532949228e-06,1.5611641706269516e-05,2.3701536243083496e-05,1.8776608455335708e-05,4.733646817053476e-05,0.00012846212263787146
battery,energy,ES,2.9297796568898058e-06,2.5821279926881997e-09,1.289857270440333e-09,2.2249788537090766e-09,7.123412066391734e-09,7.160118268589163e-07,3.624342856984267e-07,5.376042447701936e-07,4.3271991930428605e-07,5.252262616752057e-07,3.051365769255615e-06,8.743339106630236e-07,9.673244847381762e-07,3.959693064824175e-06,1.1106748954931846e-06,3.748585965565014e-06,1.6850451037970053e-06,2.17821351241695e-07,3.4506762037619743e-06,3.3969477814039704e-06,8.391934890603268e-06,4.066617798214798e-06,4.86707104794956e-06,9.86733118235226e-06,1.4067427536337009e-05,8.780223400465006e-06,1.1786026097637537e-05,1.1079083767094744e-05,1.5571930776536236e-05,1.306639875194125e-05
battery,energy,FI,3.1686126661748026e-06,2.4167981084525356e-09,1.0152251702642261e-09,1.7180596537859046e-09,6.395878343707587e-09,7.26012992604593e-07,4.0546733569623907e-07,6.598087023011533e-07,5.602697459038563e-07,5.592793418693921e-07,3.7348853808146216e-06,6.735705343424036e-07,9.71463066239473e-07,4.4069083005990295e-06,1.4889067867086001e-06,4.089032839822879e-06,2.596399792588397e-06,3.2440662811482757e-07,2.6064963065337873e-06,1.882839374905405e-06,9.670725585631894e-06,1.284378747320765e-05,6.318823090328895e-06,9.530971951045245e-06,6.334055164298792e-06,8.718946270013698e-06,1.2423375285914457e-05,1.6372140751928252e-05,1.9306516521049982e-05,2.1051879569728408e-05
battery,energy,FR,2.8824015780781906e-06,4.175037123797895e-09,1.3468066449239503e-09,2.345022895329264e-09,7.265764100466939e-09,8.526195814205442e-07,3.9701890596067014e-07,6.0177979276225e-07,4.985723025761157e-07,5.559556272965305e-07,3.353030995762287e-06,7.827538157112127e-07,9.902153533204973e-07,3.963687869309576e-06,1.5023600335393757e-06,3.697764492069791e-06,1.1838310650662076e-06,1.3584576575306137e-07,3.145652048143728e-06,3.6491163387097362e-06,9.805681516933098e-06,6.606214263105917e-06,5.701382752913394e-06,8.198255304586581e-06,8.420439619643571e-06,9.942463430684778e-06,9.73328361725259e-06,2.0721181928668657e-05,1.5460079391655665e-05,2.331205822383271e-05
battery,energy,HR,3.1158486156499976e-06,4.699493727130059e-09,1.1023686305058458e-09,1.8056412249847486e-09,6.383216752409692e-09,6.55758168464845e-07,3.9078637046153484e-07,6.342670379527869e-07,5.381751252906648e-07,5.324544793364018e-07,3.897152038942013e-06,9.13108325647002e-07,2.095279088811795e-06,4.674021057281277e-06,3.1649124344621755e-06,5.704812781851433e-06,1.569593198693637e-06,1.4295922725982858e-07,3.383798472595617e-06,4.150661030801989e-06,1.5167408564238987e-05,1.064696129974131e-05,7.380701800723825e-06,1.0225717937810487e-05,1.0501595503016317e-05,1.4737940003657611e-05,6.984170171255328e-06,1.590212488889664e-05,2.521002819413176e-05,2.0338571233214038e-05
battery,energy,HU,3.019522787837032e-06,4.6101502122545934e-09,1.2415202055797803e-09,2.129748849279672e-09,7.691620687390699e-09,7.511082242608e-07,4.1372445397790873e-07,5.744050361959326e-07,4.6216605299701886e-07,5.211180438682749e-07,4.513458948271026e-06,1.2082064421987914e-06,1.2269866366451133e-06,4.141794261049827e-06,2.1733690213336725e-06,5.970516997916481e-06,2.4282801581024604e-06,1.3489076219817482e-07,4.203778616486961e-06,4.281688945392022e-06,1.58571359884376e-05,9.248722862736398e-06,7.310952693709491e-06,1.1421275695385125e-05,6.655909226071248e-06,1.4545158319699622e-05,1.7118067226492115e-05,1.6497093578670188e-05,2.2667754015366846e-05,3.086193676160198e-05
battery,energy,IE,3.0167622883973674e-06,5.309964995228854e-09,1.2054975469973258e-09,2.066617195499054e-09,7.604281861007479e-09,8.610748258201728e-07,4.2511681782778506e-07,6.380284331047108e-07,5.233926746491333e-07,6.021249386997375e-07,3.978567398648483e-06,4.095506933136125e-07,8.709742684967321e-07,4.201686425859401e-06,1.357202424574058e-06,3.870173473805048e-06,1.1719373084254737e-06,1.1286764282246703e-07,2.7664351529416003e-06,3.2930347797833544e-06,9.360274484676794e-06,4.571513271909678e-06,4.85515906877192e-06,8.1965140617277e-06,4.970800846942743e-06,8.144742456246652e-06,7.644315689799942e-06,1.1572215318192552e-05,1.2052799383792453e-05,1.24772323028337e-05
battery,energy,IT,2.9657997707091795e-06,5.094531599441206e-09,1.2660123859123714e-09,2.102520717005587e-09,4.059899704290891e-09,6.683951538744444e-07,3.721010059890454e-07,5.691330574648876e-07,5.609422514374929e-07,5.81474634874082e-07,3.7933150789609665e-06,7.873293803479936e-07,1.2667503264565557e-06,4.2499519656795865e-06,2.711554434986312e-06,6.166050328129951e-06,2.222615266054912e-06,1.0446497241650347e-07,3.346660560630129e-06,3.299315914165337e-06,1.376170474231639e-05,6.326223867307013e-06,7.854961650139876e-06,1.049474158017258e-05,1.0512698708275631e-05,1.5017008168538073e-05,1.2811543755284475e-05,1.9292426512136516e-05,2.3220271961242244e-05,1.7537521395043295e-05
battery,energy,LT,3.2578109042851466e-06,3.2712524548013726e-09,9.053230948882638e-10,1.499948620748312e-09,5.599219577888172e-09,7.244860061129264e-07,4.337864378815872e-07,7.116770621461146e-07,4.817830669298086e-07,5.514504328433619e-07,4.082485545144498e-06,5.367849269938894e-07,1.1224460090150598e-06,4.478628322198249e-06,1.722608555502062e-06,4.982542236186784e-06,1.5185691885657951e-06,2.5655061021896865e-07,3.425674162491928e-06,2.7759569204480095e-06,1.1417342720637625e-05,6.644131773925956e-06,5.668083950041654e-06,1.0119269620547205e-05,5.511642711039757e-06,8.319430668589288e-06,1.1027441594148887e-05,1.4877031460082566e-05,1.7528918453503697e-05,1.4367751408502023e-05
battery,energy,LU,3.031471206364135e-06,5.833971437422297e-09,1.2403889607866184e-09,2.4320135256217235e-09,9.459248886797238e-09,8.305609907503917e-07,4.159854226956825e-07,6.626712779182897e-07,5.732156145039294e-07,5.807224860585757e-07,3.4877974587461926e-06,7.465352187575048e-07,8.850638080404841e-07,4.152390191232287e-06,1.6335167784585531e-06,3.839191660469991e-06,1.2946893672639576e-06,1.6227065382521044e-07,3.024568630599625e-06,3.824556409252871e-06,1.043080112008481e-05,7.0259429893667245e-06,6.2797386947226396e-06,1.020180452159434e-05,8.813315980899239e-06,1.0476528929192484e-05,9.47220073424966e-06,2.2697428353625716e-05,2.0165600756112162e-05,2.5819734320355863e-05
battery,energy,LV,3.2727910637726373e-06,3.256449107149152e-09,1.0210659313920841e-09,1.6584416796756912e-09,6.059971981761576e-09,7.341692030959701e-07,4.372465965539472e-07,7.212899034669177e-07,5.191504679923095e-07,6.542249867539162e-07,3.916718512907134e-06,6.530357734840856e-07,1.0915659691964244e-06,4.5171102495580166e-06,1.8857747100524523e-06,4.931157257070731e-06,1.4321151717753925e-06,3.096324128654009e-07,3.448087154232262e-06,2.7091294349237253e-06,1.143282878407809e-05,7.487316323303482e-06,5.9336124132109615e-06,9.961656178166451e-06,5.971379653007689e-06,8.711822488688493e-06,1.1758372499720136e-05,1.6014240583601292e-05,2.0015692281505796e-05,1.162215356951113e-05
battery,energy,NL,3.0483535393302836e-06,5.713873201620215e-09,1.2611250700697135e-09,2.0745541038745555e-09,7.038473250180705e-09,8.382032667448288e-07,4.2287485196689996e-07,6.192039623929866e-07,5.965886244308563e-07,7.451711167294859e-07,4.235493085679161e-06,6.827752850429986e-07,1.0776597221986335e-06,4.601744255420013e-06,1.598343148151304e-06,5.222189601111427e-06,1.349369753389511e-06,1.3630478762066238e-07,3.251185673375706e-06,3.818356990675172e-06,1.3212101479619097e-05,6.63291830034913e-06,7.260736540493255e-06,1.0168676584799186e-05,1.017319882650618e-05,1.3667948130939277e-05,1.1746886822286908e-05,2.1324839494810694e-05,2.934738190984201e-05,2.5318941692900545e-05
battery,energy,NO,3.157613776086078e-06,2.8320427141336547e-09,1.047710706995369e-09,1.7751028003233005e-09,7.408999830737357e-09,7.091190825917442e-07,4.041760379506075e-07,6.020634598026378e-07,4.713169814479452e-07,5.870542743190945e-07,3.6478911255217347e-06,7.848527129312241e-07,1.1063206149088184e-06,4.4593006658394876e-06,1.4859064237216756e-06,4.209628417328439e-06,1.2928453302442037e-06,1.0100245512163941e-07,2.66320423350647e-06,3.393039379570788e-06,1.0389853697717424e-05,6.8124400397314564e-06,4.734061003043268e-06,9.395246370467354e-06,6.430520623463249e-06,8.388978247196608e-06,1.0885708703232416e-05,1.1266587053399834e-05,1.2906670000812765e-05,1.8722222850932184e-05
battery,energy,PL,3.20819731937196e-06,3.3858515629513694e-09,1.0221614466798428e-09,1.7085240430305745e-09,6.524080514893675e-09,7.46565160171154e-07,4.3332144163208415e-07,7.708253781591736e-07,5.098360877659366e-07,5.481732983403239e-07,4.389973538438127e-06,5.69861273879019e-07,1.2227024339370639e-06,4.6094083996687104e-06,2.2290972376169902e-06,5.281572583870314e-06,1.8101184229717373e-06,9.320739481326543e-08,4.925549068549295e-06,3.538659862775843e-06,1.7247155506504503e-05,4.479352704501564e-06,7.28483085648126e-06,1.1846596733397902e-05,1.1084839468540502e-05,1.778336510095086e-05,1.601506200375342e-05,2.78157791033036e-05,3.451363824081629e-05,1.15296183557454e-05
battery,energy,PT,2.963353273976378e-06,5.902988909041871e-09,1.2743639949445485e-09,2.175881878637611e-09,9.563866377134019e-09,7.250570878288434e-07,3.6397381937642544e-07,5.431522790715183e-07,4.3676169234582095e-07,5.594268722811696e-07,3.349455801760772e-06,6.110356682092654e-07,9.447392923672979e-07,3.877690550771434e-06,1.144931922823282e-06,3.6919994483521595e-06,1.670519464387878e-06,1.8155471078038077e-07,3.2128487493042293e-06,3.274993204974431e-06,8.40951788858264e-06,4.119262141591832e-06,4.773547208506967e-06,7.721035630342246e-06,7.696696321314065e-06,9.735166352247201e-06,1.1157961117431515e-05,1.0493560145146073e-05,1.5684210813030167e-05,1.028248591643926e-05
battery,energy,RO,3.044507053633696e-06,3.6583535064703724e-09,1.2489887085751002e-09,2.2424616676491977e-09,8.921578689226667e-09,7.938940519777148e-07,3.8203402944195404e-07,5.727157119775793e-07,4.739438159343958e-07,4.85982613443731e-07,4.394574648044193e-06,1.3796866113394657e-06,1.1620572779627364e-06,4.288584035074868e-06,2.1633604862985676e-06,4.856317044521596e-06,2.3177142148961125e-06,1.6937782997719164e-07,3.492092803347551e-06,4.05761458100901e-06,1.5287608675556593e-05,9.513697827362323e-06,1.373051009980842e-05,1.4042695838806433e-05,9.750684548393703e-06,1.5575548295522404e-05,1.815745196355599e-05,2.3855831800768876e-05,2.4833047679716913e-05,4.5898134606580514e-05
battery,energy,SE,3.160612325869775e-06,1.890681711522066e-09,9.881375818736297e-10,1.6492782263439062e-09,6.066428616746934e-09,7.227165666507836e-07,3.965504291877665e-07,6.152788510468253e-07,4.938021634903452e-07,5.923527564542339e-07,4.005742735354373e-06,5.604468205165064e-07,1.099799653657871e-06,4.468913951639444e-06,1.484371713781804e-06,4.490124296888661e-06,1.4379677936533093e-06,8.583876805404345e-08,2.814995957398183e-06,3.644794331475211e-06,1.2186853141773297e-05,9.161108433253471e-06,5.48386807148777e-06,1.042609940467999e-05,6.587560673857957e-06,9.608905551116516e-06,1.474097160423371e-05,1.4554187140788156e-05,2.0964075715457766e-05,2.1698574179187653e-05
battery,energy,SI,3.096028634985154e-06,5.411632509853227e-09,1.1238787822943353e-09,1.8687786610278402e-09,6.725239712517338e-09,7.177230451292107e-07,3.8298356064134e-07,5.980931959571288e-07,5.738389183211066e-07,5.922216696353876e-07,4.356460683356571e-06,1.0655856255654384e-06,1.5050899670235222e-06,4.714176604755032e-06,3.0006517907115993e-06,5.827530296372781e-06,1.6848590628390144e-06,1.1850775708982484e-07,3.5971416874815005e-06,3.8390882658615285e-06,1.549739298329857e-05,1.062982015749993e-05,9.741180432830535e-06,1.4405295273500248e-05,1.2621139913750216e-05,1.712668750767018e-05,8.652143031277751e-06,2.0854040196791012e-05,3.410729013995286e-05,3.0506205389140742e-05
battery,energy,SK,3.192567890365822e-06,2.185948572789601e-09,9.309735221103053e-10,1.5763109702792035e-09,5.570268231581432e-09,7.030475149541576e-07,4.448309720348956e-07,7.318719589240527e-07,6.192976738895684e-07,5.994497976678513e-07,4.419453391000295e-06,8.432238105019329e-07,1.2166678587930232e-06,4.405342797016702e-06,2.3192110443341706e-06,5.719157374053588e-06,2.0273296398566066e-06,1.0158080691045668e-07,3.4303831775661196e-06,6.003286721188047e-06,1.9220117623440158e-05,1.2618055204503504e-05,8.075673561784694e-06,1.324528128155056e-05,1.3298414897116057e-05,2.1719939662908352e-05,1.7594428509153736e-05,3.0183008246064857e-05,3.3747302812234415e-05,3.488808921734298e-05
battery,energy,UK,2.92145243472655e-06,5.166712653288877e-09,1.6700589793036538e-09,2.901660672541348e-09,6.280258923829193e-09,8.340204441898135e-07,4.156114330473684e-07,6.088232263937252e-07,5.005427506288626e-07,5.452718668191109e-07,3.6287847834569568e-06,6.361823889441071e-07,1.1157172588690606e-06,4.119698336274275e-06,1.5045006830121666e-06,3.989072024973758e-06,1.1275632262140018e-06,9.544717569584191e-08,2.580348670013931e-06,3.526764921058916e-06,1.0690555753312144e-05,5.228881768779622e-06,5.312267140603382e-06,9.040831203624858e-06,5.75861393575633e-06,8.885691460688283e-06,9.666720177309476e-06,1.3481704738321074e-05,1.2651372598868559e-05,1.6346313414206367e-05
battery,power,AT,1.5802895965647674e-06,1.4243317885365348e-09,5.070435545191084e-10,8.256459945484448e-10,2.963282753447426e-09,3.1767055732841275e-07,2.016501334638209e-07,3.9761466383582935e-07,3.057961543180952e-07,3.0919743559116425e-07,2.0867080636536625e-06,3.422247444989642e-07,5.706507072816235e-07,2.338677547248336e-06,1.1891426606092822e-06,2.4444958129328616e-06,8.046973926707382e-07,5.2137895452472463e-08,1.1645049050344191e-06,2.0431085393404464e-06,7.482405472417898e-06,4.139821356525871e-06,3.3505334452188966e-06,5.783724444232798e-06,4.975848719109827e-06,8.118445299204222e-06,5.345724875652238e-06,1.2119487526825107e-05,1.6084354350252852e-05,1.5181422595972773e-05
battery,power,BE,1.503896917814483e-06,2.0085488122365904e-09,6.452777391890176e-10,1.1150610979911065e-09,4.695998819726633e-09,4.0584049505882674e-07,2.0862598939782593e-07,3.381583516231565e-07,3.0961607527403484e-07,3.12101778098609e-07,2.0540989171183027e-06,3.4753415069166144e-07,4.58546627686773e-07,2.2616748180467747e-06,7.592267744977563e-07,2.481907642074838e-06,6.917367458498688e-07,5.965843058709102e-08,1.5319705806271905e-06,2.0667182764080592e-06,6.982737444887838e-06,3.404520527367246e-06,2.925827194130311e-06,5.0099115226146835e-06,3.649459959006449e-06,5.382125469657178e-06,4.3592674902861425e-06,9.396059530211828e-06,1.3681613710631325e-05,1.0535053848184007e-05
battery,power,BG,1.4974168363859518e-06,2.4081901694935354e-09,6.220963141322403e-10,1.1131921109711657e-09,4.344294842896773e-09,3.7315412639922904e-07,1.9815937046295458e-07,2.725519378686269e-07,2.3232644818460574e-07,3.440543738639541e-07,2.0904837982377503e-06,2.0085469851495675e-07,6.217623855160139e-07,2.1740204305934318e-06,8.994830084644723e-07,2.1950836290613398e-06,1.0388104945742295e-06,2.976692749356343e-07,2.3632008154815537e-06,1.5190204682465786e-06,6.454500762613891e-06,3.464504513195098e-06,5.02100113781839e-06,4.815960398918859e-06,4.462425409822035e-06,6.338049773439779e-06,1.0496557285644363e-05,5.607941092187722e-06,1.6908192186110435e-05,2.794554974904588e-05
battery,power,CH,1.5309411636326802e-06,1.7843653043416428e-09,5.736681433804932e-10,9.904100826118232e-10,4.238860248481927e-09,3.6340292554474564e-07,2.0723800501259023e-07,3.3838654451494697e-07,3.1243096948368823e-07,2.6786095909196306e-07,2.3181103280013308e-06,2.690969211878171e-07,6.393670927593413e-07,2.286656030100365e-06,9.782138559512402e-07,2.8349915574724247e-06,8.04946580149906e-07,5.603645077677331e-08,1.3637921487506873e-06,2.095083854757427e-06,7.701348993171057e-06,4.778146794137635e-06,3.7932165001657356e-06,6.778775498492159e-06,5.4671437054119055e-06,9.232251253822246e-06,7.38794277092743e-06,7.214127941596174e-06,1.7931686632313966e-05,1.3857916164253421e-05
battery,power,CZ,1.5905897823211983e-06,1.4379505052386425e-09,5.083274365910973e-10,8.351663268217719e-10,3.0655541224757824e-09,3.4925627484522477e-07,2.1288852368940534e-07,3.594660087899859e-07,2.816447848228586e-07,3.343430954067433e-07,2.150941705836806e-06,3.133022955838542e-07,5.178348889071805e-07,2.3675917087331676e-06,1.029402272970582e-06,2.709352187164975e-06,9.396166771074764e-07,5.3050187115930076e-08,1.4743993449912085e-06,2.012294220180338e-06,7.88986439998278e-06,8.242513500910863e-06,4.443694122975276e-06,6.149680645852998e-06,6.425599366447443e-06,1.0282113173157275e-05,9.245107808005889e-06,1.4304037197868677e-05,1.6927656727530703e-05,1.6997246143665414e-05
battery,power,DE,1.515006996372654e-06,1.3012659330208918e-09,5.496817332514542e-10,8.433552756561791e-10,2.1768541764312413e-09,3.6414006242283444e-07,2.0855513762065863e-07,3.1464201538346676e-07,2.5611087671246475e-07,3.1381857937439033e-07,2.115234098842214e-06,2.8440435386162584e-07,5.477053406397884e-07,2.3118386360400367e-06,8.96046008778787e-07,2.495534522056541e-06,7.376666010351125e-07,5.066072241584338e-08,1.295477722949522e-06,2.066585371007628e-06,7.07865180793557e-06,3.1166315287654535e-06,2.9370672325920743e-06,5.613919058707269e-06,4.8573642322534205e-06,7.595026441688807e-06,3.965410221641664e-06,9.787895151571123e-06,1.4572577760587606e-05,1.217395618150037e-05
battery,power,DK,1.6017860210934579e-06,8.923092915996834e-10,4.72079161997227e-10,7.972713943617941e-10,3.213722544253706e-09,3.518415203140539e-07,1.974971191015916e-07,3.1559851486599553e-07,2.6128307654788284e-07,3.699909886215933e-07,2.078098222512102e-06,3.2779148284680036e-07,5.905220898650604e-07,2.297342725271057e-06,6.878302555337082e-07,2.725134785200451e-06,7.295045289960237e-07,4.368103993063749e-08,9.312585725756268e-07,1.8388028404746284e-06,7.1357902520351825e-06,3.203411733283383e-06,2.609491069046339e-06,5.3156966193714565e-06,3.6694627394802895e-06,4.655778653185903e-06,6.962202350339213e-06,9.512791337401856e-06,9.568369858470106e-06,1.083569876746972e-05
battery,power,EE,1.6345464165604967e-06,1.5060565498357548e-09,4.884071643171341e-10,8.136955848665427e-10,2.8348358717229826e-09,3.5628736495347533e-07,2.1968960853854899e-07,3.831578788721639e-07,2.6967408631190157e-07,2.754882440260858e-07,1.985898641978459e-06,3.7545472864775033e-07,5.331612140511828e-07,2.2730370788138404e-06,8.532061962677647e-07,2.5088423744106947e-06,8.02419184092564e-07,1.235724614935535e-07,1.557151719204336e-06,1.341131198097094e-06,5.643954099762208e-06,3.972792361310336e-06,2.944879300339476e-06,4.792881687771541e-06,2.921475511045048e-06,3.6686859017024615e-06,5.2168164526854484e-06,8.489694067494944e-06,9.521047795876122e-06,6.548952742529279e-06
battery,power,EL,1.5353778466950243e-06,2.0536136778515007e-09,6.381394725222279e-10,1.0795024869481568e-09,3.966853807415556e-09,3.496256389253357e-07,1.9008506856569842e-07,2.8954260208684666e-07,2.649317548759309e-07,2.5303430744761804e-07,2.0207531810957898e-06,3.0463251466091817e-07,5.810145250449455e-07,2.1112589270965336e-06,8.569793364764066e-07,2.018660138312085e-06,1.05713505179879e-06,6.528369777944156e-07,2.9660857613143684e-06,1.5603623680533537e-06,8.947612716456517e-06,3.6691738731656156e-06,7.5313531259533065e-06,4.521492636603704e-06,4.810526266474614e-06,7.805820853134758e-06,1.1850768121541748e-05,9.388304227667854e-06,2.366823408526738e-05,6.423106131893573e-05
battery,power,ES,1.4648898284449029e-06,1.2910639963440998e-09,6.449286352201665e-10,1.1124894268545383e-09,3.561706033195867e-09,3.5800591342945816e-07,1.8121714284921336e-07,2.688021223850968e-07,2.1635995965214302e-07,2.6261313083760284e-07,1.5256828846278075e-06,4.371669553315118e-07,4.836622423690881e-07,1.9798465324120874e-06,5.553374477465923e-07,1.874292982782507e-06,8.425225518985026e-07,1.089106756208475e-07,1.7253381018809872e-06,1.6984738907019852e-06,4.195967445301634e-06,2.033308899107399e-06,2.43353552397478e-06,4.93366559117613e-06,7.0337137681685046e-06,4.390111700232503e-06,5.893013048818768e-06,5.539541883547372e-06,7.785965388268118e-06,6.533199375970625e-06
battery,power,FI,1.5843063330874013e-06,1.2083990542262678e-09,5.076125851321131e-10,8.590298268929523e-10,3.1979391718537937e-09,3.630064963022965e-07,2.0273366784811954e-07,3.2990435115057664e-07,2.8013487295192813e-07,2.7963967093469604e-07,1.8674426904073108e-06,3.367852671712018e-07,4.857315331197365e-07,2.2034541502995147e-06,7.444533933543001e-07,2.0445164199114397e-06,1.2981998962941984e-06,1.6220331405741379e-07,1.3032481532668937e-06,9.414196874527025e-07,4.835362792815947e-06,6.421893736603825e-06,3.1594115451644477e-06,4.765485975522623e-06,3.167027582149396e-06,4.359473135006849e-06,6.2116876429572286e-06,8.186070375964126e-06,9.653258260524991e-06,1.0525939784864204e-05
battery,power,FR,1.4412007890390953e-06,2.0875185618989474e-09,6.734033224619752e-10,1.172511447664632e-09,3.6328820502334695e-09,4.263097907102721e-07,1.9850945298033507e-07,3.00889896381125e-07,2.4928615128805784e-07,2.7797781364826524e-07,1.6765154978811436e-06,3.9137690785560635e-07,4.951076766602487e-07,1.981843934654788e-06,7.511800167696879e-07,1.8488822460348956e-06,5.919155325331038e-07,6.792288287653069e-08,1.572826024071864e-06,1.8245581693548681e-06,4.902840758466549e-06,3.3031071315529587e-06,2.850691376456697e-06,4.0991276522932905e-06,4.2102198098217856e-06,4.971231715342389e-06,4.866641808626295e-06,1.0360590964334328e-05,7.730039695827833e-06,1.1656029111916355e-05
battery,power,HR,1.5579243078249988e-06,2.3497468635650295e-09,5.511843152529229e-10,9.028206124923743e-10,3.191608376204846e-09,3.278790842324225e-07,1.9539318523076742e-07,3.1713351897639344e-07,2.690875626453324e-07,2.662272396682009e-07,1.9485760194710064e-06,4.56554162823501e-07,1.0476395444058976e-06,2.3370105286406384e-06,1.5824562172310877e-06,2.8524063909257165e-06,7.847965993468185e-07,7.147961362991429e-08,1.6918992362978086e-06,2.0753305154009944e-06,7.5837042821194935e-06,5.323480649870655e-06,3.6903509003619127e-06,5.112858968905244e-06,5.2507977515081585e-06,7.368970001828806e-06,3.492085085627664e-06,7.95106244444832e-06,1.260501409706588e-05,1.0169285616607019e-05
battery,power,HU,1.509761393918516e-06,2.3050751061272967e-09,6.207601027898901e-10,1.064874424639836e-09,3.845810343695349e-09,3.755541121304e-07,2.0686222698895437e-07,2.872025180979663e-07,2.3108302649850943e-07,2.6055902193413747e-07,2.256729474135513e-06,6.041032210993957e-07,6.134933183225566e-07,2.0708971305249134e-06,1.0866845106668363e-06,2.9852584989582404e-06,1.2141400790512302e-06,6.744538109908741e-08,2.1018893082434804e-06,2.140844472696011e-06,7.9285679942188e-06,4.624361431368199e-06,3.6554763468547455e-06,5.710637847692563e-06,3.327954613035624e-06,7.272579159849811e-06,8.559033613246058e-06,8.248546789335094e-06,1.1333877007683423e-05,1.543096838080099e-05
battery,power,IE,1.5083811441986837e-06,2.654982497614427e-09,6.027487734986629e-10,1.033308597749527e-09,3.8021409305037394e-09,4.305374129100864e-07,2.1255840891389253e-07,3.190142165523554e-07,2.6169633732456664e-07,3.0106246934986874e-07,1.9892836993242417e-06,2.0477534665680625e-07,4.3548713424836607e-07,2.1008432129297003e-06,6.78601212287029e-07,1.935086736902524e-06,5.859686542127369e-07,5.6433821411233517e-08,1.3832175764708001e-06,1.6465173898916772e-06,4.680137242338397e-06,2.285756635954839e-06,2.42757953438596e-06,4.09825703086385e-06,2.4854004234713716e-06,4.072371228123326e-06,3.822157844899971e-06,5.786107659096276e-06,6.026399691896226e-06,6.23861615141685e-06
battery,power,IT,1.4828998853545897e-06,2.547265799720603e-09,6.330061929561857e-10,1.0512603585027935e-09,2.0299498521454455e-09,3.341975769372222e-07,1.860505029945227e-07,2.845665287324438e-07,2.8047112571874645e-07,2.90737317437041e-07,1.8966575394804833e-06,3.936646901739968e-07,6.333751632282779e-07,2.1249759828397932e-06,1.355777217493156e-06,3.0830251640649757e-06,1.111307633027456e-06,5.2232486208251736e-08,1.6733302803150646e-06,1.6496579570826684e-06,6.880852371158195e-06,3.1631119336535065e-06,3.927480825069938e-06,5.24737079008629e-06,5.256349354137816e-06,7.5085040842690365e-06,6.405771877642237e-06,9.646213256068258e-06,1.1610135980621122e-05,8.768760697521648e-06
battery,power,LT,1.6289054521425733e-06,1.6356262274006863e-09,4.526615474441319e-10,7.49974310374156e-10,2.799609788944086e-09,3.622430030564632e-07,2.168932189407936e-07,3.558385310730573e-07,2.408915334649043e-07,2.7572521642168096e-07,2.041242772572249e-06,2.683924634969447e-07,5.612230045075299e-07,2.2393141610991244e-06,8.61304277751031e-07,2.491271118093392e-06,7.592845942828976e-07,1.2827530510948433e-07,1.712837081245964e-06,1.3879784602240047e-06,5.7086713603188126e-06,3.322065886962978e-06,2.834041975020827e-06,5.059634810273602e-06,2.7558213555198783e-06,4.159715334294644e-06,5.513720797074443e-06,7.438515730041283e-06,8.764459226751848e-06,7.183875704251011e-06
battery,power,LU,1.5157356031820674e-06,2.9169857187111486e-09,6.201944803933092e-10,1.2160067628108617e-09,4.729624443398619e-09,4.1528049537519583e-07,2.0799271134784124e-07,3.3133563895914486e-07,2.866078072519647e-07,2.9036124302928783e-07,1.7438987293730963e-06,3.732676093787524e-07,4.4253190402024203e-07,2.0761950956161434e-06,8.167583892292766e-07,1.9195958302349954e-06,6.473446836319788e-07,8.113532691260522e-08,1.5122843152998125e-06,1.9122782046264355e-06,5.215400560042405e-06,3.5129714946833623e-06,3.1398693473613198e-06,5.10090226079717e-06,4.4066579904496194e-06,5.238264464596242e-06,4.73610036712483e-06,1.1348714176812858e-05,1.0082800378056081e-05,1.2909867160177931e-05
battery,power,LV,1.6363955318863187e-06,1.628224553574576e-09,5.105329656960421e-10,8.292208398378456e-10,3.029985990880788e-09,3.6708460154798504e-07,2.186232982769736e-07,3.6064495173345884e-07,2.5957523399615476e-07,3.271124933769581e-07,1.958359256453567e-06,3.265178867420428e-07,5.457829845982122e-07,2.2585551247790083e-06,9.428873550262261e-07,2.4655786285353656e-06,7.160575858876962e-07,1.5481620643270046e-07,1.724043577116131e-06,1.3545647174618626e-06,5.716414392039045e-06,3.743658161651741e-06,2.9668062066054807e-06,4.980828089083226e-06,2.9856898265038446e-06,4.355911244344247e-06,5.879186249860068e-06,8.007120291800646e-06,1.0007846140752898e-05,5.811076784755565e-06
battery,power,NL,1.5241767696651418e-06,2.8569366008101076e-09,6.305625350348567e-10,1.0372770519372777e-09,3.5192366250903526e-09,4.191016333724144e-07,2.1143742598344998e-07,3.096019811964933e-07,2.9829431221542814e-07,3.7258555836474293e-07,2.1177465428395805e-06,3.413876425214993e-07,5.388298610993168e-07,2.3008721277100064e-06,7.99171574075652e-07,2.6110948005557134e-06,6.746848766947555e-07,6.815239381033119e-08,1.625592836687853e-06,1.909178495337586e-06,6.606050739809549e-06,3.316459150174565e-06,3.6303682702466275e-06,5.084338292399593e-06,5.08659941325309e-06,6.833974065469639e-06,5.873443411143454e-06,1.0662419747405347e-05,1.4673690954921005e-05,1.2659470846450273e-05
battery,power,NO,1.578806888043039e-06,1.4160213570668274e-09,5.238553534976845e-10,8.875514001616503e-10,3.7044999153686784e-09,3.545595412958721e-07,2.0208801897530374e-07,3.010317299013189e-07,2.356584907239726e-07,2.9352713715954723e-07,1.8239455627608674e-06,3.9242635646561204e-07,5.531603074544092e-07,2.2296503329197438e-06,7.429532118608378e-07,2.1048142086642196e-06,6.464226651221018e-07,5.0501227560819707e-08,1.331602116753235e-06,1.696519689785394e-06,5.194926848858712e-06,3.4062200198657282e-06,2.367030501521634e-06,4.697623185233677e-06,3.2152603117316244e-06,4.194489123598304e-06,5.442854351616208e-06,5.633293526699917e-06,6.453335000406382e-06,9.361111425466092e-06
battery,power,PL,1.60409865968598e-06,1.6929257814756847e-09,5.110807233399214e-10,8.542620215152873e-10,3.2620402574468375e-09,3.73282580085577e-07,2.1666072081604208e-07,3.854126890795868e-07,2.549180438829683e-07,2.7408664917016194e-07,2.1949867692190634e-06,2.849306369395095e-07,6.113512169685319e-07,2.3047041998343552e-06,1.1145486188084951e-06,2.640786291935157e-06,9.050592114858687e-07,4.6603697406632716e-08,2.4627745342746476e-06,1.7693299313879216e-06,8.623577753252251e-06,2.239676352250782e-06,3.64241542824063e-06,5.923298366698951e-06,5.542419734270251e-06,8.89168255047543e-06,8.00753100187671e-06,1.39078895516518e-05,1.7256819120408145e-05,5.7648091778727e-06
battery,power,PT,1.481676636988189e-06,2.9514944545209357e-09,6.371819974722743e-10,1.0879409393188055e-09,4.7819331885670095e-09,3.625285439144217e-07,1.8198690968821272e-07,2.7157613953575916e-07,2.1838084617291047e-07,2.797134361405848e-07,1.674727900880386e-06,3.055178341046327e-07,4.7236964618364895e-07,1.938845275385717e-06,5.72465961411641e-07,1.8459997241760798e-06,8.35259732193939e-07,9.077735539019038e-08,1.6064243746521147e-06,1.6374966024872154e-06,4.20475894429132e-06,2.059631070795916e-06,2.3867736042534836e-06,3.860517815171123e-06,3.848348160657033e-06,4.8675831761236005e-06,5.5789805587157575e-06,5.2467800725730364e-06,7.842105406515083e-06,5.14124295821963e-06
battery,power,RO,1.522253526816848e-06,1.8291767532351862e-09,6.244943542875501e-10,1.1212308338245989e-09,4.460789344613334e-09,3.969470259888574e-07,1.9101701472097702e-07,2.8635785598878966e-07,2.369719079671979e-07,2.429913067218655e-07,2.1972873240220964e-06,6.898433056697329e-07,5.810286389813682e-07,2.144292017537434e-06,1.0816802431492838e-06,2.428158522260798e-06,1.1588571074480563e-06,8.468891498859582e-08,1.7460464016737755e-06,2.028807290504505e-06,7.643804337778297e-06,4.756848913681162e-06,6.86525504990421e-06,7.021347919403216e-06,4.875342274196852e-06,7.787774147761202e-06,9.078725981777995e-06,1.1927915900384438e-05,1.2416523839858456e-05,2.2949067303290257e-05
battery,power,SE,1.5803061629348875e-06,9.45340855761033e-10,4.940687909368148e-10,8.246391131719531e-10,3.033214308373467e-09,3.613582833253918e-07,1.9827521459388326e-07,3.0763942552341263e-07,2.469010817451726e-07,2.9617637822711694e-07,2.0028713676771867e-06,2.802234102582532e-07,5.498998268289355e-07,2.234456975819722e-06,7.42185856890902e-07,2.2450621484443304e-06,7.189838968266547e-07,4.2919384027021726e-08,1.4074979786990916e-06,1.8223971657376055e-06,6.093426570886648e-06,4.5805542166267355e-06,2.741934035743885e-06,5.213049702339995e-06,3.2937803369289787e-06,4.804452775558258e-06,7.370485802116855e-06,7.277093570394078e-06,1.0482037857728883e-05,1.0849287089593827e-05
battery,power,SI,1.548014317492577e-06,2.7058162549266134e-09,5.619393911471677e-10,9.343893305139201e-10,3.362619856258669e-09,3.5886152256460536e-07,1.9149178032067e-07,2.990465979785644e-07,2.869194591605533e-07,2.961108348176938e-07,2.1782303416782854e-06,5.327928127827192e-07,7.525449835117611e-07,2.357088302377516e-06,1.5003258953557997e-06,2.9137651481863906e-06,8.424295314195072e-07,5.925387854491242e-08,1.7985708437407502e-06,1.9195441329307643e-06,7.748696491649285e-06,5.314910078749965e-06,4.870590216415268e-06,7.202647636750124e-06,6.310569956875108e-06,8.56334375383509e-06,4.3260715156388755e-06,1.0427020098395506e-05,1.705364506997643e-05,1.5253102694570371e-05
battery,power,SK,1.596283945182911e-06,1.0929742863948006e-09,4.6548676105515263e-10,7.881554851396018e-10,2.785134115790716e-09,3.515237574770788e-07,2.224154860174478e-07,3.6593597946202633e-07,3.096488369447842e-07,2.9972489883392566e-07,2.2097266955001477e-06,4.2161190525096644e-07,6.083339293965116e-07,2.202671398508351e-06,1.1596055221670853e-06,2.859578687026794e-06,1.0136648199283033e-06,5.079040345522834e-08,1.7151915887830598e-06,3.0016433605940233e-06,9.610058811720079e-06,6.309027602251752e-06,4.037836780892347e-06,6.62264064077528e-06,6.649207448558028e-06,1.0859969831454176e-05,8.797214254576868e-06,1.5091504123032429e-05,1.6873651406117207e-05,1.744404460867149e-05
battery,power,UK,1.460726217363275e-06,2.5833563266444385e-09,8.350294896518269e-10,1.450830336270674e-09,3.1401294619145964e-09,4.1701022209490677e-07,2.078057165236842e-07,3.044116131968626e-07,2.502713753144313e-07,2.7263593340955547e-07,1.8143923917284784e-06,3.1809119447205353e-07,5.578586294345303e-07,2.0598491681371374e-06,7.522503415060833e-07,1.994536012486879e-06,5.637816131070009e-07,4.772358784792096e-08,1.2901743350069655e-06,1.763382460529458e-06,5.345277876656072e-06,2.614440884389811e-06,2.656133570301691e-06,4.520415601812429e-06,2.879306967878165e-06,4.4428457303441416e-06,4.833360088654738e-06,6.740852369160537e-06,6.3256862994342795e-06,8.173156707103184e-06
biomass_boiler,power,AT,3.9579428319464e-10,3.86477936166675e-10,3.670330968551287e-10,3.16702423765894e-10,5.432111700575609e-10,1.9801128528819508e-09,2.328339655561509e-07,1.2756584457898947,0.5668149972366462,0.9071481611008037,0.8693642062191399,0.14010115306506943,0.3420306622696887,5.113996306636005e-09,2.6087755722086364e-09,2.1784361349383155e-09,2.3792681926287504e-09,2.9168195306321397e-09,4.20727097849226e-09,8.998213595134058e-09,0.10202477501990116,0.15616116573288336,4.228784013717607e-07,0.021469537937911377,2.2666807309159282e-08,3.73771194916265e-08,1.646923268768692e-08,0.8963597196320388,0.5668174501819365,1.087365897655422
biomass_boiler,power,BE,3.1234064606874285e-10,2.812165315138556e-10,2.751365227037159e-10,2.5630336556774486e-10,3.130187533234618e-10,5.188356482592962e-10,6.921789644579056e-10,2.432006102329445e-09,2.5321924704451927e-08,2.1591837855711958e-08,2.667651307260329e-07,4.0388347676393636e-09,3.0643659174859626e-09,9.165327553062653e-10,7.121445096717363e-10,8.000903519968551e-10,1.1608485480288684e-09,1.2662914235401648e-09,1.408153175835983e-09,1.7186436898466075e-09,2.3832428765478913e-09,2.4051233375857407e-09,2.6665532664652194e-09,3.2516179260802393e-09,4.119855030499056e-09,5.406695047939431e-09,9.273473606588573e-09,3.577663599748021e-08,2.991609542467436e-07,8.459826446778282e-08
biomass_boiler,power,BG,1.2182703764044795e-10,9.814106347114408e-11,9.370687978655814e-11,1.0039193317810173e-10,1.1973716320301534e-10,1.3359078206876854e-10,1.335727198565266e-10,1.43979088470478e-10,1.5631948631442992e-10,1.4676712461338228e-10,1.4409678479059773e-10,1.608007157497772e-10,2.470260577224279e-10,2.4626272592640586e-10,2.4909216431936694e-10,2.8308295092876985e-10,3.011878206754168e-10,3.7176130325876526e-10,7.935744389012839e-10,6.885737428191018e-10,5.32076123964876e-10,4.970038721777045e-10,4.756252517076972e-10,5.064255481004433e-10,5.648144381320909e-10,6.47276803914111e-10,8.424215332961484e-10,1.156898102949565e-09,1.8303812072826478e-09,3.885348736472289e-09
biomass_boiler,power,CH,3.076787900704469e-10,2.6803391710446057e-10,2.7395525173361525e-10,2.8903636542661153e-10,4.041971415215064e-10,8.55154215692291e-10,2.3311297376644854e-09,0.12489647747528997,0.7679852168810388,1.2291072874145677,1.1779133231968353,0.18982494840670827,0.4634221715295439,0.08706763825342671,2.8065360634755027e-09,1.7983285520765615e-09,1.1906312543001344e-09,1.2018221048215263e-09,1.3080857815340284e-09,1.5544037469680593e-09,2.0910706235884424e-09,2.265722409568474e-09,2.6358086661218298e-09,3.756453880795842e-09,7.1263163474208926e-09,0.03046376370176315,2.029860891068236e-08,0.12489637397444264,0.7679864762207591,1.2291073936419648
biomass_boiler,power,CZ,1.9909587199778717e-10,1.6735559926814908e-10,1.607913621966508e-10,1.6292516821468785e-10,1.904390629848585e-10,2.5560751819585547e-10,3.1699617003274636e-10,3.8291343225843944e-10,3.5380847944166016e-10,5.409831916874318e-10,4.078436701876608e-09,0.6528197682205913,0.8883742812345047,0.2678063803066477,0.31836351610470215,7.108307645169405e-09,2.2527061126798377e-08,1.0112492263798074e-08,3.770468884565348e-09,3.1811139552138886e-09,3.299081077142737e-09,2.875725629114756e-09,2.7960883105538046e-09,2.8789837952043053e-09,3.1080348206388494e-09,3.631376985316396e-09,4.3805038577912625e-09,5.5823230608971404e-09,7.636589031840022e-09,1.3640614670235012e-08
biomass_boiler,power,DE,5.608683366251557e-10,3.573798488384373e-10,3.040632400435477e-10,2.8839434268396764e-10,5.941662320106261e-10,3.053027821601882e-09,1.134780201381363e-09,6.678314615650449e-07,8.65841488620787e-08,2.329357612425708,2.3150894213072262e-08,5.9633596727382585e-09,2.6935147240189592e-09,7.629398588988992e-10,6.273647252247422e-10,6.9268836655883e-10,1.0735665800771118e-09,1.8947379780875795e-08,1.502913170063259e-09,1.6867293979275654e-09,1.9293607546600567e-09,1.640590391854866e-09,8.256485015205142e-10,9.511013345134278e-10,1.192753727052618e-09,1.8681562153298086e-09,2.8488210321499495e-09,9.163895566619427e-09,4.497482811234675e-08,1.7853130381577131
biomass_boiler,power,DK,1.1224823487816692e-09,3.6521545589373507e-10,3.5840272079501987e-10,3.766304348707025e-10,6.820582939613353e-10,7.690897259372717e-10,7.699758741507644e-10,1.810483650171689e-09,3.947235690769684e-10,3.0080409880625926e-10,2.6376408733807737e-10,2.61183679123343e-10,2.427062036732751e-10,2.799906362234812e-10,3.7089705764491755e-10,3.727608116085732e-10,3.6011373034297046e-10,4.855398616342515e-10,4.847142016778754e-10,5.535412041510644e-10,9.8865635786554e-10,8.282026991515485e-10,7.356193181263232e-10,7.624256720162502e-10,9.152633316306455e-10,1.1898772929958107e-09,1.4858056600076059e-09,3.3889549155573283e-09,3.054019437854107e-09,5.064614261882201e-09
biomass_boiler,power,EE,0.19246219701294018,2.6216724493835785e-10,3.2022068504346876e-10,4.2243627630788705e-10,6.772438302768145e-10,1.4206030414414385e-09,0.0023379566651979,0.2476290029975836,0.03888292938504117,0.05852873081283124,3.618529160164401e-09,4.81557663610186e-09,7.319847349244573e-09,0.07854181951111054,0.19665614018987754,0.22577148468751296,0.07207509155031497,0.12610770843524935,9.407255967368982e-08,0.007404001130916095,0.19246208380365634,1.8378061239335122e-08,2.813568249329104e-08,0.025079824487069406,0.05971401868391199,5.56521571037577e-08,2.9025916683984337e-08,2.0388491906202677e-08,2.2168180566311384e-08,3.4311309737291284e-08
biomass_boiler,power,EL,1.3485320552018004e-10,1.3728720276987674e-10,1.3407536345753255e-10,1.3322062643931918e-10,1.3683895763398584e-10,1.439640220926804e-10,1.413184035023989e-10,1.4633972960270853e-10,1.62194155423889e-10,1.8699575644369144e-10,2.39470596656496e-10,3.4411058735303936e-10,7.487466958493913e-10,2.7407664799691824e-09,1.0137586237391815e-09,1.2007658121159428e-09,1.6932336834485234e-09,2.9654181385556424e-09,2.284661258836478e-07,2.264101042145902e-08,2.6014868426705595e-08,2.4725874030836816e-08,7.976011151522742e-08,1.5454513682498057e-08,1.0901680743523287e-08,9.774326071966118e-09,1.0686328647660358e-08,1.162535010453511e-08,1.8292349075659433e-08,3.6836984181199494e-08
biomass_boiler,power,ES,2.646930709302751e-10,1.876036949361499e-10,1.3718926526890331e-10,1.1548514801487661e-10,1.280856692592598e-10,1.6986772715488995e-10,1.9349513183168677e-10,2.2400871241744868e-10,2.0281424816812988e-10,2.5460336113815565e-10,1.2173315246197457e-10,2.4634745931890666e-10,1.7278711391318965e-10,2.2952208339679667e-10,3.6659789320578036e-10,2.003335993983467e-10,1.7913321294865033e-10,1.8128970508054488e-10,2.951374917036328e-10,6.324638112494491e-10,3.6436526759142105e-10,5.381842703379323e-10,6.094036799131476e-10,7.150801246520072e-10,8.772836341512677e-10,1.0812692759161353e-09,1.4037734478365282e-09,1.9229089185552915e-09,2.667999983124415e-09,4.681790641578607e-09
biomass_boiler,power,FI,3.847143171873998e-09,5.037776681379644e-10,5.48689971245273e-10,6.208811930524889e-10,2.344280446178259e-09,0.2476339307429758,0.465311242606125,0.531087454139752,0.1700070207201815,0.2130814751998592,6.1711759373015725e-09,1.461001014543623e-09,2.3450872836316324e-09,2.7644222918844133e-09,7.922019138776848e-10,6.973608793246659e-10,7.498851448960411e-10,9.571486421594926e-10,6.112321530918254e-10,6.069391676945974e-10,1.3605221610512728e-09,7.895263968942594e-10,8.576344425747324e-10,1.1850486316214763e-09,2.292791250834959e-09,7.811229064346883e-09,2.2543227297616527e-07,2.043860530674363e-07,4.744054236569689e-08,4.959967028158899e-08
biomass_boiler,power,FR,2.2587788198668384e-10,1.9913876173708503e-10,1.695971341163256e-10,1.579396619176232e-10,1.8760638522267845e-10,2.7421970562583367e-10,3.5871343959690617e-10,7.517096895228953e-10,1.0972345673122363e-09,4.872307580387192e-08,7.417930992528736e-09,6.575550336707443e-09,4.864095490701667e-09,3.5677385210184892e-09,2.343919132275476e-09,3.4644165294163194e-09,4.611017484282476e-09,4.873776066025245e-09,1.21638434342051e-08,4.994274982539214e-07,3.844551785928579e-08,1.5602124743018595e-08,8.109123364776331e-09,6.236477074806182e-09,5.6736304073945535e-09,6.341149054999146e-09,8.089436663538976e-09,1.1830546813102876e-08,1.9043954922586017e-08,4.007130709824708e-08
biomass_boiler,power,HR,1.7487030711706347e-10,1.384614182202058e-10,1.4629209403110184e-10,1.548424925365919e-10,1.7872125414777635e-10,2.1779699054089942e-10,2.247313943943377e-10,2.9627235946835615e-10,3.3977461747875376e-10,4.722598047639065e-10,5.965336588831001e-10,6.119233267618424e-08,1.322229424822148e-09,7.003033298450901e-10,6.196984056297228e-10,6.376437919809189e-10,5.952616167066325e-10,6.436950256204194e-10,6.810959236686792e-10,7.620779059316736e-10,9.545764560178508e-10,9.10359024318995e-10,9.082039251486452e-10,9.177230373924339e-10,9.516361978584427e-10,1.0433387530917278e-09,1.2331192579563248e-09,1.6241102874139041e-09,2.405973196949251e-09,4.984505925682604e-09
biomass_boiler,power,HU,2.0531212326162002e-10,2.0375132847979827e-10,1.889149079140525e-10,1.8669750264720773e-10,2.086383011624171e-10,2.559192331024784e-10,3.2082493613318827e-10,4.936628330799732e-10,7.158840817349614e-10,2.8901677676425393e-09,2.1708021183491435e-09,9.234431231110155e-08,1.3261675979050165e-07,8.939256789869859e-07,7.95204382570939e-09,5.021546950424991e-09,3.808229155546376e-09,3.3265674357184273e-09,3.041602334448273e-09,3.157282777637698e-09,4.065747300475256e-09,3.9088566034861984e-09,3.6959490869816094e-09,3.5856240205213976e-09,3.597882273233875e-09,3.908647112066023e-09,4.556280719554064e-09,5.992102526953394e-09,9.00474843750305e-09,2.003019538200718e-08
biomass_boiler,power,IE,1.8430989840864438e-08,2.6750946204108415e-10,2.715648299075323e-10,2.980022246482465e-10,4.417525104575377e-10,1.994152212224957e-09,1.1395738696146754e-09,8.151681215029639e-10,6.660466754009897e-10,6.975507714349229e-10,6.112393282918671e-10,8.02810844462245e-10,1.151010882347183e-09,1.1677969183438388e-09,1.5062084796668455e-09,2.9081388939981594e-09,2.0410977281592242e-07,5.587949378976908e-09,2.9571195687897853e-09,2.6001420730118742e-09,9.22920975581755e-09,6.570956847440036e-09,9.675113499181646e-09,5.002051104436639e-08,2.011984991761917e-08,1.595188746115532e-08,1.499036099086382e-08,1.7706043442254093e-08,2.285191370736561e-08,3.208385935621985e-08
biomass_boiler,power,IT,2.9168135479862366e-10,2.8383231428148845e-10,2.794589721651268e-10,2.8776573119171806e-10,3.605432727044062e-10,6.798359847005683e-10,1.9088476581000005e-09,1.4342271326149807,5.63985771342824e-09,1.0323144968743187e-09,7.290790093543735e-10,7.845235411488692e-10,1.976782852420035e-09,9.842719486553273e-10,7.805535182430189e-10,8.100016103362741e-10,8.000315076026328e-10,8.326663994899152e-10,8.504928621380941e-10,9.308014911334089e-10,1.148932583605915e-09,1.0920705675090835e-09,1.0586516986222e-09,1.0945846901917359e-09,1.3374906463906856e-09,1.4364315831311838e-09,1.7804639033577046e-09,5.448519181708206e-09,7.58540545558059e-09,5.8718059140958224e-09
biomass_boiler,power,LT,1.1237512767960132e-09,4.929336647563451e-10,5.419371699059664e-10,5.232483355553629e-10,8.957526650587182e-10,1.8375173488849914e-09,2.921724711820193e-09,6.725818582777837e-09,0.0040665024161633265,3.793177106512003e-09,1.3205887036007502e-09,1.1562981019506896e-09,9.346083198120334e-10,1.0874098078671967e-09,6.68199110848726e-10,5.388526820554864e-10,6.023049410714463e-10,7.982871978752203e-10,1.053010126732597e-09,1.619629898744372e-09,1.419042133598678e-09,1.1121688238897802e-09,9.718653664404794e-10,9.97431451830544e-10,1.0337259912093695e-09,1.1460124243164692e-09,1.4132954223673187e-09,1.894072931402766e-09,2.910990677909426e-09,5.586283408961447e-09
biomass_boiler,power,LU,0.16470247401784163,2.455327654982823e-10,2.4516918665769717e-10,2.5296447872148946e-10,3.477946437227773e-10,5.036494525128961e-10,6.930045373589606e-10,1.0154151518842166e-09,1.923606865653102e-09,0.0050892819311961195,5.9445903739522866e-09,1.509090336171134e-08,0.008442842617339068,0.0021593728260725425,0.014584800262050966,7.524745419420688e-09,1.4241029222065658e-08,2.9098475866648364e-09,1.77352965368491e-09,1.7510567596486974e-09,6.020253955026771e-09,1.471312309915118e-09,1.4163898310764604e-09,1.441252043742967e-09,1.5090900635878097e-09,1.5454447100204401e-09,1.9238197287600326e-09,3.3908592275204315e-09,7.4272870850425775e-09,1.4173758909571113e-08
biomass_boiler,power,LV,2.3747061089944527e-10,2.364457098838748e-10,2.558586453902783e-10,2.984751125283349e-10,4.782043633305605e-10,1.371729588289825e-09,1.811752472979917e-09,3.352217301737332e-09,5.917031330252781e-09,0.1397968946644874,7.966305450405236e-09,0.1330619049030484,0.17971541906487334,0.08183891750843794,0.10311261464052865,0.2310970442149519,0.03579136757724683,0.13543585795529312,0.11094762421533284,1.1739231291137006e-08,1.495060816699264e-08,8.9900692531435e-09,5.335586918122462e-09,4.081303563543319e-09,3.415039325255324e-09,3.2772298006465945e-09,3.5402247043936983e-09,4.092697508650694e-09,5.763545951614925e-09,1.0516895338067724e-08
biomass_boiler,power,NL,3.171783672878743e-09,3.2119824066817867e-10,3.3562960656888907e-10,3.50252441213322e-10,6.547852695206869e-10,9.374716970198267e-10,9.451331220818668e-10,2.0196032232078083e-09,1.287645161280402e-09,1.2451573176393495e-09,1.3711663207567142e-09,3.224086841579913e-09,1.6731930338663985e-09,1.2510129983765697e-09,1.2623545704687037e-09,7.337407915263048e-10,6.261594980040708e-10,7.240641123713309e-10,7.495121105676429e-10,1.059589713670386e-09,1.5762650498729461e-09,1.3015351244052463e-09,1.755361424259569e-09,2.0339553699416496e-09,1.7718863121263042e-09,1.7080058671106746e-09,2.0785760294254453e-09,4.489707665110376e-09,3.2058074960945123e-06,6.119384229960834e-07
biomass_boiler,power,NO,1.6301110896522634e-10,1.5581797486754978e-10,1.4381947906692278e-10,1.3179824940159613e-10,1.4463287676932592e-10,2.0821797511373189e-10,1.3979437391530034e-10,1.3383016863462507e-10,1.4767433872326065e-10,1.389280825677713e-10,1.488255068161774e-10,1.5431895883678635e-10,1.7412623039176417e-10,5.260268433581783e-10,5.181232360752135e-10,1.936849804845344e-10,1.7072173316154325e-10,2.90816161401045e-10,1.4889643391107523e-10,1.7066947333280779e-10,2.4254500700366397e-10,2.61363280127691e-10,2.958394582570342e-10,3.5267216021790764e-10,4.3406189780172015e-10,5.625147645431647e-10,7.73930135865338e-10,1.3291506567695774e-09,1.7936030708691893e-09,3.1952470832589385e-09
biomass_boiler,power,PL,1.317091826807634e-10,1.086885678454219e-10,1.0867895203656696e-10,1.1420652824587536e-10,1.2529945909415978e-10,1.4607068405915843e-10,1.3858622089480265e-10,1.387681530718342e-10,1.3533260604102532e-10,1.4376571689464468e-10,1.6852291266270405e-10,1.994198743791234e-10,2.3503128942616084e-10,4.821176468731389e-10,5.005396263781063e-10,6.912346094313908e-10,1.1688401862546342e-09,2.984612002703112e-09,1.6040669400780203,1.3703701662229986e-08,2.1532117930993872e-08,1.5890795136974857e-08,7.25102084828668e-09,6.260843562831361e-09,5.9933708701958796e-09,6.738097823508704e-09,8.050640725201533e-09,1.0829355437447892e-08,1.619458299778097e-08,3.188294501055818e-08
biomass_boiler,power,PT,2.2097701571368284e-10,6.863516345868256e-11,6.081279724534823e-11,6.706705969497466e-11,6.475789584071029e-11,6.453742090098619e-11,1.257403025983868e-10,8.922474404600289e-11,9.703688777404568e-11,6.67017867906391e-11,6.77881612423751e-11,1.3074517143219006e-10,2.1855281232498712e-10,1.954310743369241e-10,1.1546804012351365e-10,1.2704832082361774e-10,1.750673591610815e-10,4.689768890044942e-10,5.421360370176829e-10,3.8987676288922085e-10,6.627414746447215e-10,6.160383934722302e-10,5.816655363649572e-10,6.939718961836737e-10,8.041944032061005e-10,8.494164696929482e-10,9.52575828577789e-10,1.3043027887075596e-09,1.8879414551881695e-09,3.367078338904784e-09
biomass_boiler,power,RO,0.5128698946765888,4.6404689645250696e-10,5.495573481771789e-10,7.278092447814042e-10,0.42847310345834716,0.09177902534871915,2.3509222387114015e-08,3.635505784275864e-07,3.5955242341926907e-09,1.2141934154106734e-09,1.0372276440965505e-09,9.712199858245304e-10,9.088540183863274e-10,8.69827520125995e-10,8.41005758551301e-10,8.242628139558846e-10,1.2822325755295025e-09,1.6545129545243107e-09,1.0094722088451735e-09,1.2032887843905258e-09,1.544560024721767e-09,2.172934945826057e-09,2.84280778752716e-09,4.221794356246351e-09,8.920340186047576e-09,2.1414937634817857e-07,4.742018645210639e-08,2.76132130456453e-07,5.252089351621226e-08,6.801383631349408e-08
biomass_boiler,power,SE,2.5333695618090095,1.0468233354581617e-09,8.202003180045303e-10,6.261437429460693e-10,7.991705955100136e-10,4.248278619254145e-09,2.364533459127656e-09,3.9717198573392327e-10,2.721826772406788e-10,2.086102245106142e-10,1.9951719473188454e-10,2.1861782049708793e-10,2.1338579349757276e-10,2.0919724103032265e-10,2.0688835659976297e-10,2.065984671313639e-10,2.1201793976288023e-10,2.3624436668720186e-10,2.488745800185908e-10,2.7630879084272544e-10,7.403386451306116e-10,2.492551236989943e-10,4.778491539375557e-10,4.80840556659053e-10,7.735040896584066e-10,1.214608109232654e-09,1.1828877819823878e-09,1.3322168309384644e-09,1.290131644359254e-09,2.560342049911737e-09
biomass_boiler,power,SI,1.564447665595323e-10,1.2424067326854124e-10,1.3066160550602777e-10,1.3979325994469055e-10,1.602524321298891e-10,3.183155934600416e-10,2.373413496858412e-10,3.812210991664409e-10,2.9329940458520247e-10,3.6328264267077226e-10,5.452206747441289e-10,3.5284128040916823e-09,0.04316561307633707,8.763324735903778e-09,2.560960628848583e-09,1.7023851910084223e-09,1.3924556405176353e-09,1.3117998846018817e-09,1.2717828439290533e-09,1.3035874449939776e-09,1.6426908978632013e-09,1.5307421572877442e-09,1.3989292812858383e-09,1.3732790661100622e-09,1.4127963398724758e-09,1.580924592356839e-09,1.8461196503198971e-09,2.4875159605251396e-09,3.3664608651032206e-09,6.5001580762435476e-09
biomass_boiler,power,SK,0.049459677685693135,5.170638755244195e-10,6.341681743486306e-10,7.105690693816823e-10,2.0437819891399974e-09,4.446811000719029e-09,1.7321891217542217e-08,0.005317275817680037,7.913106456619233e-08,0.018547336157244458,1.846857963060262e-08,0.07059869629236715,2.212639009137774e-08,3.008051259333486e-08,0.020066251766772555,0.06539932666164577,1.3357963946584883e-08,1.3714685121860873e-08,0.06635215162884668,1.1175066382561913,0.04945942533352455,1.6056780040750804e-08,8.693287602623742e-09,7.73951178683992e-09,9.928766581178876e-09,0.006650381389584506,6.254252654850687e-08,1.7787421247522787e-06,1.364209197747353e-07,1.557873976387393e-07
biomass_boiler,power,UK,3.369692210419358e-10,2.466775297416558e-10,2.432270813219104e-10,2.1796949326581856e-10,3.612204770882985e-10,3.8474172083999407e-10,3.4518803319150055e-10,2.4497117533701426e-10,2.3771749048679596e-10,2.3086102348771153e-10,2.496050850579869e-10,2.849851032887507e-10,3.6247802855415636e-10,7.21068762482966e-10,9.400979754698072e-10,6.554076447630925e-10,7.244246559221853e-10,1.1470716114174588e-09,3.232638998777402e-09,2.7343053374840645e-07,6.041158967571531e-08,5.56830068935689e-08,1.7587014433046347e-08,1.3460867208353606e-08,1.0535072528000768e-08,1.1839109216050213e-08,1.2475504195422015e-08,1.3998816409979322e-08,2.158362849890218e-08,3.318671351152933e-08
biomass_plant,power,AT,2.8569723746501878e-11,2.8575168868418793e-11,2.9719762675167816e-11,2.953111454873452e-11,3.2665399516502976e-11,3.604687132006359e-11,4.03716847374588e-11,4.357548794861925e-11,4.8431121189299794e-11,5.523669800328883e-11,6.050125077642804e-11,6.402783932820023e-11,6.774279193751282e-11,6.916799913025326e-11,6.662680672525227e-11,6.39735418633025e-11,6.688536517195816e-11,7.143709303048346e-11,7.100683821698807e-11,5.808424936567019e-11,6.961483955089801e-11,1.697225602193439e-10,1.132882936953469e-10,2.3837321751800704e-10,2.184937267010872e-10,3.5126146597622894e-10,4.757169738808544e-10,6.139923402355508e-10,2.255276482323254e-09,3.079054298410028e-09
biomass_plant,power,BE,2.4139966774937946e-11,2.521680984203518e-11,2.6304957959372712e-11,2.7850961484643213e-11,3.001568776330116e-11,3.266376873120618e-11,3.574029452788412e-11,3.9474307063430476e-11,4.359911208212733e-11,4.815761234326931e-11,5.263730225040791e-11,5.4104467140732696e-11,5.929147000455204e-11,6.230840867938206e-11,6.356988679160755e-11,6.745137586450286e-11,7.642567948412397e-11,8.814352437341749e-11,9.777151256650021e-11,1.1641015872875383e-10,1.1051936374353388e-10,1.2389034715305959e-10,1.5709196356185007e-10,1.747944329318548e-10,2.2050322468406122e-10,2.062945481588202e-10,2.643071518086942e-10,6.396746402259913e-10,9.282814948753486e-10,1.4121007542228908e-09
biomass_plant,power,BG,2.7793193222123495e-11,2.6251962118538932e-11,2.4344660611016516e-11,2.3420686362063297e-11,2.518665567161494e-11,2.4542287740044278e-11,2.3370137638742653e-11,2.52543757820176e-11,2.923357211898157e-11,3.290444452893461e-11,3.3379620672268895e-11,3.6401437175575735e-11,4.471632756235202e-11,4.807211859876224e-11,5.3044266887082576e-11,6.005954117918301e-11,7.502548587516135e-11,1.1713119561899454e-10,1.5038458132507257e-10,1.7281470212818222e-10,2.0777294543124142e-10,2.9254855224382046e-10,5.707684581318953e-10,7.493169825648572e-10,7.30624194064745e-08,9.139591044798257e-09,1.0153974655659026e-08,9.431209811628802e-09,1.6842252668194504e-08,3.40243619280184e-08
biomass_plant,power,CH,2.8070038717559406e-11,1.3549894726294519e-11,1.469833175128038e-11,1.5757234315983186e-11,1.8082001500157558e-11,2.0586230561928126e-11,2.1496129786192512e-11,2.8776247157434735e-11,3.6542078629852924e-11,3.6619975930842115e-11,3.671728597853819e-11,4.9551236795189075e-11,6.093427342769708e-11,5.314001930982412e-11,4.561846931676245e-11,4.786798804865683e-11,4.6733370086949184e-11,4.144282010675838e-11,5.4041031132510155e-11,7.157527889243428e-11,8.215977707233992e-11,2.0091770438993148e-10,1.567333485551126e-10,3.1968120312216194e-10,5.268743279638313e-10,8.772678577021291e-08,4.647869913268718e-09,1.4833497561513807e-08,3.550500839929448e-08,3.49166920741569e-08
biomass_plant,power,CZ,2.8471422140608868e-11,2.865093528755529e-11,3.0042219415224565e-11,3.0722739994812534e-11,3.365999997147872e-11,3.721647275184781e-11,4.129762078115841e-11,4.601897758749878e-11,5.12901917375727e-11,6.078576328973488e-11,6.861989009196269e-11,7.490934067261891e-11,7.837802667195321e-11,7.928920735495068e-11,8.880948944913206e-11,6.93119456042826e-11,7.238422458573145e-11,7.902780414894408e-11,7.458229024903904e-11,7.368631838901464e-11,8.970847365396699e-11,1.0405943189810857e-10,8.341391303639808e-11,2.0652277165573322e-10,3.0734175538985157e-10,5.047603118868882e-10,6.290009441268558e-10,8.128226819092666e-10,1.1469227385632636e-09,2.476901565126988e-09
biomass_plant,power,DE,2.6164964326453552e-11,2.56367763609963e-11,8.136899830367948e-12,7.588592485618365e-12,1.1768859444898256e-11,3.19159971769994e-11,3.981490182718521e-11,4.423001826074537e-11,1.3262724148508283e-11,4.5348508458531826e-11,5.484987711892988e-11,1.957537572157253e-11,6.273116190633153e-11,1.9078058836796177e-11,6.086994182883949e-11,4.864671720480965e-11,5.904823951595395e-11,8.347284064632263e-11,1.121454513007501e-10,1.340306471826564e-10,1.5533962720830047e-10,1.8009314867019027e-10,2.1287790092503724e-10,2.1367574142692916e-10,2.529461398093442e-10,3.748287663730374e-10,3.939700583197993e-10,3.7634559010362526e-10,1.0473028215849017e-09,2.353750928914921e-09
biomass_plant,power,DK,2.6904649793198867e-11,2.6863823357861476e-11,2.302066991679838e-11,2.243564954341421e-11,2.3897715745737775e-11,2.774174065827301e-11,3.027680868613552e-11,3.329788478213275e-11,3.6040055508677754e-11,3.754107957546911e-11,4.332133620959561e-11,5.0165569846241743e-11,6.175312330684126e-11,7.996353809354843e-11,8.753045296110651e-11,9.254449261245172e-11,1.0917739740053915e-10,1.3112077231481283e-10,1.607423884813443e-10,1.8308252731975124e-10,1.882187623212975e-10,2.4798390264533255e-10,2.6512566744662434e-10,3.221925849691925e-10,4.6288464380780627e-10,5.274839885527057e-10,6.014729710327787e-10,8.203559365181688e-10,1.1911858135012184e-09,2.355993197754438e-09
biomass_plant,power,EE,3.0004613508392417e-11,2.7982577181195617e-11,2.8771573077723045e-11,2.891861763435759e-11,3.060098696698123e-11,3.275697954091178e-11,3.475131005703738e-11,3.5147834663025295e-11,3.3924157091005164e-11,3.524581617569524e-11,3.7487653944823564e-11,3.30321785509568e-11,3.30552904901322e-11,3.2556004090525485e-11,3.329712727349934e-11,3.70906264618707e-11,3.962863188803297e-11,4.446344587963133e-11,4.738496981138175e-11,6.056378111186307e-11,7.194924885350295e-11,6.600582373650397e-11,8.457782698191363e-11,1.2915096167650658e-10,2.2538549506104412e-10,1.939998493178012e-10,4.1878931480147346e-10,8.261989683652075e-10,1.0895224711557097e-09,1.954635874607958e-09
biomass_plant,power,EL,2.6741497676174444e-11,2.1278646829222702e-11,1.5510577108911892e-11,1.4077790071400833e-11,1.4571725164243714e-11,1.5350984287366235e-11,1.6981376242791913e-11,1.835465685649753e-11,1.8693681692988712e-11,1.7729799804769837e-11,2.0883372915153602e-11,3.0636429120449786e-11,3.3382493651076545e-11,4.470809209679845e-11,3.3224444109989504e-11,4.0335740533640324e-11,1.1929133703532436e-10,1.1902762900985218e-10,1.0560397827745924e-10,1.3287063052051621e-10,2.731018673966613e-10,4.0602367471426803e-10,7.253396164630118e-08,5.378786209484037e-09,4.236661105843151e-09,5.457691796397542e-09,8.366064983579639e-09,8.642751762793774e-09,1.645131421091188e-08,3.4527286464427206e-08
biomass_plant,power,ES,2.4101001012180272e-11,2.4215318539988247e-11,2.529320083149055e-11,2.683042874153227e-11,2.928802247144574e-11,3.247933791682509e-11,3.610935734879317e-11,3.991293655411199e-11,4.345331586437959e-11,4.899330261930484e-11,5.436405489628187e-11,5.948917162938555e-11,6.487791277333292e-11,7.529340267060403e-11,8.429430810225665e-11,9.738554631774656e-11,1.1848124202526336e-10,1.3430923161776842e-10,1.5395397129975218e-10,1.6314134317410862e-10,1.7490757717544135e-10,2.1664069294605482e-10,2.0370961995022955e-10,2.4979282274124235e-10,4.0024791625805895e-10,4.711187102449843e-10,4.4257732519495614e-10,8.451581938706447e-10,7.880699474736767e-10,1.3526592666315923e-09
biomass_plant,power,FI,2.6670568890966233e-11,2.4918180506934358e-11,2.3640513440986626e-11,3.006905381829575e-11,3.4316376692881545e-11,3.6602856446123154e-11,3.3723626555338665e-11,3.123214969592281e-11,3.9884247071061294e-11,4.843605603503489e-11,3.112246944409619e-11,3.3640012897842264e-11,4.796349875170058e-11,4.7692005592088825e-11,5.4447835524331276e-11,5.346677174928617e-11,6.12912144207239e-11,1.1024130222142543e-10,1.1553905458025773e-10,1.3467397415749254e-10,1.372967442402542e-10,1.4358926482577035e-10,1.739542915128528e-10,2.2436502816278663e-10,2.9681707485929695e-10,4.4329983482512476e-10,4.507907192603446e-10,6.656715853787622e-10,8.653178138616102e-10,1.3750886285435948e-09
biomass_plant,power,FR,2.6846986725168798e-11,2.637819619887222e-11,2.640435948192777e-11,2.5763472247735166e-11,2.64414457049149e-11,3.1032085461434e-11,3.235315264069066e-11,4.0012757495639134e-11,5.325779013806574e-11,6.158776574140356e-11,6.983568008127034e-11,7.602486350501573e-11,8.196989946938894e-11,8.840044962102724e-11,1.0041434893283126e-10,1.143053345422042e-10,1.3215798816023576e-10,1.3402411640396652e-10,1.6666052642815624e-10,1.851196699293298e-10,2.117670778960324e-10,2.5280736868830294e-10,3.10395846707821e-10,3.433807457603589e-10,4.0182743675764914e-10,6.112254181236912e-10,7.180197864061606e-10,8.638833333389003e-10,1.3421892645321727e-09,1.7312509382090827e-09
biomass_plant,power,HR,2.942415374626519e-11,2.3915071011956238e-11,1.9690349281374578e-11,1.740155413234652e-11,1.6732825621829415e-11,1.657236165624215e-11,1.8493765782011806e-11,2.26687885460945e-11,2.6681394403446282e-11,2.8968699461576763e-11,3.104607670338077e-11,7.235393089067968e-11,5.280963440708603e-11,4.036187348802419e-11,4.7595549320721865e-11,4.5939946021592205e-11,5.160138546473461e-11,6.148562504023643e-11,7.077839088733818e-11,1.070443071720767e-10,1.1684739959633624e-10,1.548843481143809e-10,1.915225524121579e-10,2.309106887716858e-10,2.6043763750043763e-10,3.208096783335657e-10,4.4831981316221097e-10,7.552931852922249e-10,1.0236629261259988e-09,2.29706661628484e-09
biomass_plant,power,HU,2.7848673147722895e-11,2.7703908413756714e-11,2.8972573875700462e-11,3.049027690145453e-11,3.405779299180652e-11,3.79207188261391e-11,4.167022584636556e-11,4.4709340255947195e-11,4.935295767638844e-11,5.7102786000852055e-11,6.461422692669416e-11,6.487581011487724e-11,6.435397259092428e-11,6.188696755882795e-11,6.085032997264108e-11,6.043077493028477e-11,6.2698984482409e-11,7.441053512143509e-11,7.922554359971624e-11,1.2969508854990273e-10,6.780898743325408e-11,6.333806854176307e-11,8.17570534392548e-11,1.0662485097633995e-10,2.882102887278555e-10,3.3475346962797713e-10,3.237612786643762e-10,4.1060895387214357e-10,1.9073380090220705e-09,3.09999575967231e-09
biomass_plant,power,IE,3.020999499804254e-11,2.019761551846247e-11,1.4900384991405992e-11,1.4382980655740518e-11,1.5644915730845734e-11,1.8051146094529355e-11,2.0020212150424176e-11,2.1151536290005762e-11,2.165836611448333e-11,2.4739304785364072e-11,2.5148161337995294e-11,3.227873298751063e-11,6.089447147059583e-11,3.935174608801084e-11,4.1636917591535715e-11,4.8878635834725596e-11,1.3900944851799778e-10,9.010116006171246e-11,7.696925436893372e-11,1.1141995568583651e-10,3.849288379026915e-10,3.2997207298322224e-10,5.668705872041047e-10,6.933648224607867e-08,9.676050959200702e-09,8.247067646093827e-09,7.4404993210790116e-09,9.971609260633093e-09,1.295964225966917e-08,1.7504333114782274e-08
biomass_plant,power,IT,2.5867479458585502e-11,2.62331235015922e-11,3.006664917406662e-11,2.9582753821465495e-11,3.182667098617275e-11,3.606242427116508e-11,4.084916138021428e-11,4.424344618165039e-11,5.1324056289247456e-11,5.5238408399411287e-11,6.099669320471032e-11,7.062352649214643e-11,6.849147381982481e-11,8.487067353324234e-11,8.743464839325668e-11,9.045472413776508e-11,1.1125942091943629e-10,1.286699211361124e-10,1.6207030683756155e-10,1.211956071115904e-10,1.7471033310741497e-10,1.176256656065246e-10,9.227757206556109e-11,1.5970574093031316e-10,2.477968919523775e-10,2.6225631473393716e-10,2.9311505776398283e-10,7.147344509278298e-10,6.863249930824797e-10,1.2497989749387593e-09
biomass_plant,power,LT,3.450357346614084e-11,2.914185613084867e-11,2.5639954980851038e-11,2.1900535868980694e-11,2.2550876126815018e-11,2.2926915361995534e-11,2.3651147280948e-11,2.5584631444617158e-11,3.757063983598434e-11,3.830681273191236e-11,3.30174268483012e-11,4.236245363762171e-11,4.377203318755404e-11,5.7802908169288996e-11,6.567738722458999e-11,5.0171901419866906e-11,5.474335503493804e-11,7.212544719325077e-11,7.960070581882663e-11,7.771307404979595e-11,8.573445951481889e-11,1.0476840952104895e-10,1.1753485839763004e-10,1.472150019199209e-10,1.7480272021077531e-10,2.2287046424078122e-10,3.2719735839113003e-10,8.701738721657097e-10,9.87215854105127e-10,1.6218336549191373e-09
biomass_plant,power,LU,1.536542038873154e-08,1.0792919340769725e-09,9.956597440842631e-10,7.277741012063819e-10,1.6716538514518441e-09,1.8424585750494493e-09,1.7184468342180549e-09,1.7474385698625492e-09,1.8784986801608047e-09,1.637457205238847e-09,1.6375727608881799e-09,1.8406573863608465e-09,1.880931723932971e-09,2.3848784870201284e-09,4.072910416013534e-09,3.133892127885379e-09,3.962452573319078e-09,3.6673420168311577e-09,3.852941963461901e-09,4.7162026618718565e-09,5.7096395813527934e-09,5.805627851783031e-09,5.066588746704581e-09,5.4065612204018895e-09,5.027208309520056e-09,3.888613132864716e-09,2.9486233678937997e-09,6.8973472645057845e-09,3.9229358774214115e-08,3.7447207487921366e-08
biomass_plant,power,LV,3.062325191304367e-11,1.790770716761547e-11,1.5010532122264192e-11,1.535073886277606e-11,1.714056994554707e-11,1.9454016296800733e-11,2.1815791513980515e-11,2.395372894112831e-11,2.818666988680356e-11,5.990097137409276e-11,4.428081208767891e-11,4.652638504173979e-11,3.9110577889851704e-11,3.737340090018072e-11,5.603587021310907e-11,7.178203775654053e-11,8.543499504164733e-11,9.781513692422968e-11,1.0868528450991608e-10,1.1726913847566867e-10,1.2509001553274396e-10,1.4789739244695605e-10,1.5735400417359227e-10,2.0273748423917512e-10,2.578265602046359e-10,3.380653286229156e-10,5.347093955956988e-10,1.6395918756165745e-09,1.2654925661544173e-07,2.7632127306896894e-08
biomass_plant,power,NL,2.5012282049769388e-11,2.4051419766090308e-11,2.1717894303465812e-11,2.160621381807624e-11,2.2181194815698033e-11,2.367768038791487e-11,2.70156456228618e-11,3.280737511392336e-11,3.974713427342678e-11,4.756471045194336e-11,5.6581232031204756e-11,6.299201928013464e-11,6.796843773936413e-11,7.54547340878683e-11,8.299730189955567e-11,8.616373544157586e-11,9.675323373038872e-11,1.1151020227114523e-10,1.2620119339339704e-10,1.4832384289728915e-10,1.683473735353925e-10,2.0472762268533574e-10,2.3244950787650262e-10,3.0877732504630885e-10,3.218481784517034e-10,3.2630427761918223e-10,3.543171845073022e-10,4.759800605803086e-10,1.0167966231596276e-09,2.2981968317521587e-09
biomass_plant,power,NO,3.037506489089664e-11,2.7289394619650544e-11,2.2192521589075837e-11,1.9725258761775363e-11,2.0566839495122434e-11,2.0867377092165326e-11,2.2130555005043908e-11,2.5746359460975328e-11,3.248228995368371e-11,4.492380521421092e-11,1.0002612347099025e-10,9.880168428386084e-11,9.706584383975428e-11,1.4238673674875328e-10,1.3325828521521223e-10,1.50598756431763e-10,1.7336893505349651e-10,2.428106897124302e-10,2.497583565908049e-10,4.67802993337632e-10,3.990038750438483e-08,4.219470367628474e-09,3.6979469921480785e-09,3.775601385620164e-09,4.180493653109802e-09,4.772870488737487e-09,5.6735578834355376e-09,6.94729055007398e-09,9.48488826422256e-09,1.1249237422615234e-08
biomass_plant,power,PL,2.4354462085074782e-11,2.4934644778376585e-11,2.5237069967610515e-11,2.539501881798032e-11,2.8248328391618082e-11,3.285682309646938e-11,3.763216233430697e-11,4.2080983258396725e-11,4.482909725381775e-11,5.100049674713231e-11,5.692977947051577e-11,6.208243146149015e-11,7.21228743700923e-11,8.406499580642292e-11,9.670847406106904e-11,1.0417471880532771e-10,1.13202432696682e-10,1.5286199865499607e-10,1.9631400106497198e-10,1.8247456397350033e-10,2.0709021506380833e-10,3.057088415610933e-10,3.579842267235915e-10,4.142650517754565e-10,4.1870586419850224e-10,6.091484973874527e-10,6.388910318586354e-10,9.80758430438093e-10,2.074930544835411e-09,1.8675800163598165e-07
biomass_plant,power,PT,2.715713821894444e-11,2.623784858470476e-11,2.7625547992894752e-11,2.776677026918277e-11,3.060443222063817e-11,3.3737151183198335e-11,3.694052527544225e-11,4.038608377403811e-11,4.4958815748283195e-11,4.9663293020370325e-11,4.9960355783848426e-11,4.9091720547028924e-11,5.1178969685132716e-11,5.080544107562143e-11,5.138058002727114e-11,5.092606508422673e-11,5.009041661758898e-11,4.837474683630127e-11,5.302224815930602e-11,6.319659783873831e-11,1.2295253263311896e-10,6.747409273357459e-11,7.901180723425482e-11,1.1715922699887225e-10,3.409409114468867e-10,3.5511810885637024e-10,2.9410863655521375e-10,3.8126912461292414e-10,6.038691002094223e-10,1.34424879748804e-09
biomass_plant,power,RO,2.7777423390317633e-11,2.0848957584255264e-11,2.2037665806117084e-11,2.015001898804081e-11,2.245908397049146e-11,2.4273194300028573e-11,2.4551699324096964e-11,2.6887631866830083e-11,3.169780092654544e-11,3.550038482186863e-11,3.894007769270759e-11,3.91347355429489e-11,4.073990361089341e-11,5.401091915249327e-11,4.560674945578482e-11,4.27017501834405e-11,4.9140780262038206e-11,5.869953346283896e-11,6.258041430591266e-11,7.375752949393304e-11,1.0517378237366995e-10,1.4377571472060882e-10,1.9093421058895037e-10,2.0258767154454737e-10,2.79476587044518e-10,3.1656286765028744e-10,4.4145985962437996e-10,9.011100490441188e-10,1.3154539747760037e-09,1.2658949758993825e-07
biomass_plant,power,SE,2.7563769895610493e-11,2.5672962497205562e-11,2.20386645598796e-11,2.1720019907143288e-11,2.3015249159579147e-11,2.4208169017393042e-11,2.5401109561234538e-11,2.7276087691353832e-11,3.4272926878185394e-11,4.7290375458245105e-11,5.3252148064874996e-11,5.595243522691393e-11,6.511401662510449e-11,6.527712982190326e-11,7.350865461986764e-11,7.465522765665184e-11,8.629328884509496e-11,8.577884348931753e-11,9.551326779273014e-11,8.210693733250234e-11,1.3036680599536082e-10,1.0174039554066063e-10,9.802071020763182e-11,1.250910877474354e-10,2.278244384721379e-10,2.1427516818529596e-10,1.8009950436523292e-10,2.793715529155679e-10,2.55078472074328e-10,7.75820800835155e-10
biomass_plant,power,SI,2.9055316280364382e-11,1.8461546614808877e-11,1.7136621106048538e-11,1.7236047314694795e-11,1.829943442175889e-11,1.919309764370621e-11,2.0447986056523476e-11,2.0632123747142528e-11,2.310135847322684e-11,2.6006544945134385e-11,3.201594785749028e-11,4.303988202667465e-11,7.012158199968457e-11,1.0189904433500579e-10,9.920472208944253e-11,9.768970840119751e-11,1.168678672890359e-10,1.5726512479517226e-10,1.9466026307820239e-10,2.170931808121948e-10,2.649189036682833e-10,3.8985150534758206e-10,7.741637566844286e-10,7.863883443321235e-08,1.0565556172195149e-08,9.026826559684107e-09,9.942808064968458e-09,1.3109367363958617e-08,1.541910612736053e-08,2.431543084418301e-08
biomass_plant,power,SK,3.422194840282641e-11,1.1240203042096506e-11,1.2742346012461296e-11,1.5353885050896104e-11,2.0745692329625924e-11,2.4734851553059003e-11,2.6481512922287716e-11,3.063394808895961e-11,3.94872854898128e-11,4.579765497157287e-11,5.1057057847565474e-11,5.7299949942239395e-11,6.374205172211791e-11,7.986116717318309e-11,9.703383417130186e-11,1.2176501369664305e-10,8.54813854110648e-11,1.0526894701804513e-10,1.7457790821569405e-10,1.8374364804339562e-10,3.1913496755908837e-10,3.5078377596762163e-10,4.1975962079635937e-10,4.098426171745314e-10,6.311869004697917e-10,9.257301942110477e-08,1.218718488902623e-08,2.6059828753920718e-08,2.5200923697546608e-08,3.357405207182657e-08
biomass_plant,power,UK,1.63443502902322e-11,1.74617494126094e-11,1.867937101432296e-11,2.0117929527821652e-11,2.1680130963050722e-11,2.3280020148510516e-11,2.486252768974634e-11,2.6484932912278578e-11,2.8147870993708858e-11,2.9825911449373616e-11,3.152453058059042e-11,3.329858736955386e-11,3.581725227627653e-11,4.1024250344973925e-11,8.242964889622256e-11,5.725863045047939e-11,8.378141115613594e-11,1.1121493581019186e-10,1.2412915679474205e-10,1.2433408344528382e-10,1.3397393211600528e-10,1.5144953264703708e-10,1.761134653796183e-10,2.1815045731038587e-10,3.100357744282415e-10,3.6897608895973126e-10,4.2858713175591424e-10,5.504139422239531e-10,8.700939597913039e-10,2.0431929229653226e-09
biomass_plant_CCS,power,AT,1.2565346918841747e-08,1.6035241437902112e-09,8.079842452388009e-10,4.5158529896915634e-10,9.523310404008145e-10,1.5420823894308249e-09,6.405036858296239e-09,3.7009653826332554e-09,5.941386592385087e-09,7.067750048361814e-09,1.1647579109721529e-08,1.6658532754963434e-08,2.7507002835468754e-08,8.28016591959075e-08,3.502735421636198e-08,7.454955441391022e-08,8.31726123406532e-07,4.4412019642604455e-07,2.863009759676392e-07,1.851277349533385e-07,1.5450923337777267e-06,5.7749718570288034e-08,9.536977099358692e-08,5.739874356649379e-07,4.8923235528364514e-08,0.0016610888551229974,2.6642326253587545e-07,0.146723732527926,1.3216732557360895e-08,9.400447760091449e-09
biomass_plant_CCS,power,BE,1.3281159455143257e-08,1.3388693543140266e-09,7.146448871076632e-10,4.3095873510953456e-10,7.06580857570535e-10,1.1813729175251476e-09,2.1644064650563395e-09,2.959442915599015e-09,3.0841661868381963e-09,3.808717980274889e-09,3.2503451648407074e-08,5.024568977286564e-08,3.0971634470355634e-07,0.2660862152620523,0.008897885596596737,0.3470300331553303,0.05726881744369202,5.171261301153989e-09,2.44270547156313e-09,1.515154220245759e-09,1.2248151530898093e-09,7.70712280360964e-10,5.750066331241888e-10,6.697742151833348e-10,1.0531885182576017e-09,2.2767547361439065e-09,8.365556520014994e-09,4.606402718107836e-09,1.6755779659710005e-09,2.6209758236349515e-09
biomass_plant_CCS,power,BG,1.0098992672610231e-08,1.4054179168710424e-09,1.11385944145869e-09,1.0184083131195573e-09,2.7911994130094904e-09,2.014774103840318e-09,2.1260380373071025e-09,2.2547593486088307e-09,2.2660955622850736e-09,5.159705691146543e-09,3.783157733236181e-09,5.329763015804502e-09,1.6071056047928456e-08,1.653782197973729e-08,3.280967444207218e-08,2.81270848504532e-07,2.863102601515199e-07,0.03767141339636763,0.27473430243283975,0.031824400302192885,2.0686741914357646e-09,8.896100397822408e-10,4.616637049733966e-10,4.563178725897872e-10,5.808986386442809e-10,7.265225704119152e-10,1.2134537096352654e-09,1.2381253275649075e-09,1.4086818063434106e-09,2.8848105010779977e-09
biomass_plant_CCS,power,CH,1.1984877442660151e-08,1.5833460386435434e-09,9.38963465240891e-10,5.450907692662884e-10,1.185240446729362e-09,1.4892500941624518e-09,2.2857906512175975e-09,8.90133027680369e-09,6.751262080821447e-09,8.870556306995941e-09,7.2816622874671195e-09,1.2745173515131823e-08,9.874209644637404e-09,6.175353562446999e-08,4.40247455491624e-08,0.0011518220927409183,0.02445316564056318,0.09156289747097576,1.8714139915153366e-09,1.2139553390248828e-09,8.032154852560692e-10,6.408817963301645e-10,5.648817429236211e-10,7.361843394153654e-10,1.8329348879883818e-09,7.996115957268552e-06,0.0001292918107479009,1.1783184304317381e-08,2.0589826982979447e-09,3.79124432337572e-09
biomass_plant_CCS,power,CZ,1.202147750682211e-08,1.5063541419708367e-09,7.51090133425984e-10,4.744571108608781e-10,8.03334762912166e-10,1.1492654082060263e-09,1.6862557309066314e-09,2.056221529845387e-09,2.447635820711027e-09,3.751018405172798e-09,1.7327214593148472e-08,9.810444161524057e-09,1.2225060910478952e-08,1.3967448312891242e-08,4.8877581758331907e-08,1.3328525594216703e-08,2.1689485223085724e-07,5.327613636013694e-08,6.496729305231673e-08,3.832696995717186e-08,1.3004454625732913e-08,2.8634693786211743e-09,1.4861278574813497e-09,1.825332882854594e-09,6.744433192500093e-09,1.1519935357375683e-07,1.937242716841364e-07,3.861306574268526e-09,1.7320987112774505e-09,3.5260497171786782e-09
biomass_plant_CCS,power,DE,1.3802660537686647e-08,1.7035402324989295e-09,8.390490017820844e-10,4.50872047034129e-10,8.10463770301682e-10,1.321657107092981e-09,2.7034793978143238e-09,1.2772392828437195e-08,1.1731108340156661e-08,1.0796003171373781e-08,3.8343562670395365e-08,1.1064003288639257e-07,4.8713114016823465e-06,0.7483049677529212,1.5175622175311472,0.18326503063086322,0.37392267786804073,3.0136583594127915,1.043976036413873,0.04867813096280722,0.07230457687835905,7.55600851730707e-09,9.848475009567644e-10,8.611320018188202e-10,1.8825507943680847e-09,1.4497884128349564e-08,0.280683924553789,0.17989908880425465,9.633596527330354e-09,2.612139364191981e-07
biomass_plant_CCS,power,DK,1.1511544735693075e-08,9.58767055762725e-10,7.549885972092452e-10,6.958829585977797e-10,1.0662543615002568e-09,2.0023145737938405e-09,2.5502726843100714e-09,9.672391379239546e-09,5.704705501287622e-09,9.210243085509211e-09,1.4698541790607254e-08,2.1744759563943912e-08,4.460264043077923e-08,1.5181562976223775e-08,0.10755530318439091,0.02537335605304373,0.3437979428260796,0.09471823502894657,0.12422823490960531,7.472689501994497e-06,1.5554126962092145e-08,1.6531440124461962e-09,1.4235273331889416e-09,1.3951244055161966e-09,3.6585177339642105e-09,1.5955033025334037e-09,1.7837721051512151e-09,1.1426710936351735e-09,8.237314205851188e-10,1.4858722887132015e-09
biomass_plant_CCS,power,EE,1.3909259421373418e-08,1.987899572211394e-10,2.75490258737412e-10,3.4291595777061015e-10,6.50861416603306e-10,1.063670259209349e-09,1.8756975974121527e-09,6.155923860579276e-10,8.377341471400304e-10,2.0098052289861414e-09,2.5597833159172866e-09,2.6199816760068083e-09,3.407566340334039e-09,9.04842527219262e-09,7.986225265301739e-09,8.676384406839493e-09,6.646884933455807e-09,4.00151947958284e-09,3.867319797952387e-09,3.979114462264476e-08,3.4379458365266944e-08,1.4465552332224478e-09,1.3838590690302534e-09,1.298637603348656e-08,2.2922820972478082e-08,8.652516255529225e-09,6.136742963175522e-09,1.8522376648415743e-09,1.3278321745125958e-09,2.6976466521202776e-09
biomass_plant_CCS,power,EL,1.0184513978221453e-08,1.0646725306938806e-09,7.60979507474433e-10,7.580160296434364e-10,2.3863870123851776e-09,2.3096248540383214e-09,2.7189234772140505e-09,3.077320272666666e-09,3.255441210964294e-09,5.261579101163295e-09,7.534772986021895e-09,7.462266365537455e-09,7.558500612492574e-09,3.73639890364593e-08,8.674339524237698e-08,6.583331658955232e-07,0.008533160801081777,0.2584429760284726,0.06865006301546604,0.02168090320008686,1.4902202272284056e-08,4.8368883471343025e-08,3.0674337509248024e-07,1.3302525912317012e-08,9.993447536858615e-08,3.49540747188382e-08,2.9164305123643716e-07,3.7340773613245554e-09,2.4024047816351997e-09,3.913129263178049e-09
biomass_plant_CCS,power,ES,1.0140777976599424e-08,1.1071594359997284e-09,6.993664581791519e-10,4.3934829508280367e-10,6.622616214945912e-10,9.099537951292351e-10,1.191903138562752e-09,1.3207047606751412e-09,1.3997790774030718e-09,1.5420920291169987e-09,1.6642363217569264e-09,1.8153002422192728e-09,2.1039444164187413e-09,2.4934167889014353e-09,3.662556717403438e-09,4.526829932309591e-09,8.586229155076566e-09,1.2768402089798543e-08,1.0854756768014926e-08,5.333123752126031e-09,5.057208678589324e-09,8.376125444891143e-09,6.181875146308922e-09,1.539593470395806e-08,3.3741038628107895e-08,1.4927852488074955e-08,2.9857203653194996e-07,2.7025871877300814e-07,5.297214868299173e-09,4.768570551099605e-09
biomass_plant_CCS,power,FI,1.0116482468934398e-08,1.3552662046691077e-09,1.0579701924511883e-09,8.750485888468309e-10,1.77548979153565e-09,1.3509116795418556e-09,1.0306806747398269e-09,8.354657187087124e-10,1.5218132450671092e-09,6.548738488282928e-09,5.713371794582056e-09,5.338001828862949e-09,6.791835107408671e-09,7.697439619712543e-09,1.6714832667524895e-08,2.890553299863335e-08,2.423020345813159e-07,0.04677404319294029,0.19576053023770956,0.5394607062595516,0.06538899128208346,0.5458697209318396,5.344287709506724e-09,3.758326178009611e-09,1.8341117570702966e-08,1.4522613004976705e-07,1.3056243500229216e-06,6.427050360699225e-06,4.008763442959562e-09,5.32830414491885e-09
biomass_plant_CCS,power,FR,1.0041606067758012e-08,1.3491462983543032e-09,1.1275649383391122e-09,8.202695092922639e-10,1.0422147022993922e-09,1.2472826097776726e-09,1.371811899174323e-09,1.5696734064580373e-09,1.8413737256554759e-09,7.000173125655726e-09,3.4402095991834176e-09,4.089515888658744e-09,5.4484988626827025e-09,6.942944577032063e-09,1.213139730223659e-08,3.0234670208523894e-08,1.675697484773568e-06,1.3326780482459644,5.698942979908816e-09,2.5360291224213464e-09,9.319327542730607e-10,5.024091513708422e-10,3.5116287750665147e-10,3.759039605525536e-10,4.5588138290854816e-10,5.531480103457028e-10,9.01144135640864e-10,8.640898358199016e-10,6.974325258518527e-10,1.3521781345773194e-09
biomass_plant_CCS,power,HR,1.2802831685440898e-08,1.2637554621245923e-09,9.124955051971701e-10,7.904371395720972e-10,1.484217304938896e-09,2.101236965163842e-09,2.8555628397555853e-09,2.947900087259398e-09,3.827000533131994e-09,5.615474220034732e-09,7.1910030288990864e-09,5.3774503482165604e-08,1.0096120567400075e-07,2.84487836274145e-06,0.028643320664106756,1.8584548856578943e-07,6.569001218023516e-08,2.909864456998479e-09,1.0180608444964452e-09,7.157019720045581e-10,5.118177417259676e-10,4.2439081533733385e-10,3.598101600473102e-10,3.705666371554045e-10,4.647292851559838e-10,5.39665473243197e-10,7.063219397930725e-10,7.191685873964304e-10,7.446059774713119e-10,1.680310393114938e-09
biomass_plant_CCS,power,HU,1.06044799365444e-08,1.3301691775214141e-09,9.389833014167917e-10,8.136197174424668e-10,1.2814740764996021e-09,1.5075449217965827e-09,1.9304164456954122e-09,1.903562985175621e-09,1.90105642773387e-09,2.390697321627737e-09,2.403957310172684e-09,1.0765298753383026e-08,8.894631067878493e-09,1.1863496870695863e-08,9.476840995349452e-09,1.4392070315471697e-08,1.740532639010607e-08,1.6449287362619268e-08,2.7444174685267555e-08,6.990039486172159e-09,3.826104250412856e-09,2.9152755134244876e-09,1.5613723634162004e-09,2.097465700566366e-09,7.64211440056209e-09,2.1048994259744473e-08,5.352053098783802e-08,2.686322585906686e-09,1.4245683923210399e-09,2.8868048858930355e-09
biomass_plant_CCS,power,IE,1.0750880560681668e-08,1.0734768487590758e-09,8.956033869546216e-10,6.078605693775854e-10,1.4710599863897008e-09,2.137417197631036e-09,2.2147400110826185e-09,2.4015131376158676e-09,2.636180571226174e-09,3.9008051595031095e-09,5.41707536981338e-09,5.0121838471338865e-09,1.0534448994588658e-08,1.460865260643835e-08,2.609058049650845e-08,4.955767987859808e-08,1.8273073349608015e-07,7.676708078592254e-07,0.08167843449377238,0.0014950995379349682,0.005604667358668614,3.216251052646161e-08,3.762140602484167e-09,1.7324582325105343e-07,3.860419025167241e-08,1.2572301603281366e-07,2.6128375081952065e-07,2.3638272012466477e-09,9.732012710748306e-10,1.711791977020249e-09
biomass_plant_CCS,power,IT,1.2624011968612522e-08,1.5399268657220448e-09,8.351206286650782e-10,4.4268265223796127e-10,1.3020151289878705e-09,2.338938761730141e-09,3.3087075340450888e-09,5.501174848967552e-09,6.475097913010441e-09,8.543089351580423e-09,1.6815584553317374e-08,2.2685791458582928e-08,5.1398183584428425e-08,2.617176253196257e-07,0.0029204082884563155,1.371850786098214e-07,0.4647693039431058,4.710414977968979e-09,1.364130385148103e-09,1.422820977959665e-09,7.84753557994392e-10,5.573763184760315e-10,2.975065404593248e-10,2.632885653104982e-10,3.301636455825314e-10,3.9059989990141097e-10,5.145335682484714e-10,5.138113888604209e-10,5.789420074710181e-10,1.3396920797800666e-09
biomass_plant_CCS,power,LT,1.4502444762088737e-08,2.1400628478445774e-10,2.4930355700382784e-10,3.284253645363731e-10,9.085734636809238e-10,1.7695432690431609e-09,2.121859226180928e-09,2.035430301037246e-09,2.544840137863866e-09,3.2452346888642917e-09,4.120485659398617e-09,5.710704026804161e-09,5.969590058509506e-09,5.102923351219832e-09,9.030532026172853e-09,7.54563911307605e-09,7.850097595987802e-09,1.4427717278451544e-08,9.233682579267057e-09,4.9458844435343465e-08,2.3233625969632702e-08,1.792253202547952e-09,9.469873212611674e-10,9.642890821176527e-10,1.3948681395989656e-09,1.7627711294575374e-09,2.0591521538479046e-09,1.3092197767910564e-09,1.0576473268935127e-09,2.158313167244722e-09
biomass_plant_CCS,power,LU,1.0903551131874204e-08,1.0166570523905706e-09,1.1571011704660014e-09,6.116005004391744e-10,1.4478213170166242e-09,1.9319404846164354e-09,2.0353932387820277e-09,2.1636241950027237e-09,2.3190630869335823e-09,2.0527524610363384e-09,2.3738141785754586e-09,3.4052679672356588e-09,4.502009199551216e-09,6.67428256596176e-09,1.8608508169685842e-08,3.012870725606486e-08,1.6583305256454913e-07,9.906916163214071e-09,4.130065930828902e-07,6.094987120628132e-08,2.44320326777502e-07,1.9991458462018413e-08,3.2349244018223082e-09,5.201971283772513e-09,4.3725361055343713e-07,0.05244309469156287,0.0169057788563921,8.068850481417741e-09,2.311698777217056e-09,3.239483670571842e-09
biomass_plant_CCS,power,LV,1.0506250596267391e-08,1.3430707816633315e-09,9.020710618425269e-10,7.323664720514625e-10,1.981279517575629e-09,2.2169118535502965e-09,2.167747541843324e-09,1.9290887801333497e-09,2.3482442118395464e-09,3.4038633768584057e-09,3.7103894798131914e-09,3.793484070710381e-09,3.5752125410346593e-09,5.6397558732182835e-09,8.642556487805139e-09,8.562447294310557e-09,6.305709262101015e-09,5.513986205082073e-09,1.6327282423258163e-08,7.830165711193454e-08,7.075469615753666e-08,2.545439647750069e-09,1.0249060527830005e-09,9.683258076617038e-10,1.2417281385951243e-09,1.391237985387347e-09,1.4788029028348658e-09,1.0221854137625073e-09,9.364136490959706e-10,1.9388945538386147e-09
biomass_plant_CCS,power,NL,1.3464192428149473e-08,1.1237977785848687e-09,6.260079173568667e-10,3.83543056402952e-10,6.556651378014781e-10,1.139519288124884e-09,2.34458661785314e-09,2.8255168091590336e-09,2.900006001491688e-09,3.728929520457621e-09,6.5289334468722915e-09,9.595540036996673e-08,1.6994427744799785e-07,5.5127067895131484e-09,2.4687838594711312e-08,0.22409547813561928,2.676912628149766e-07,0.11093604942070583,0.02155513097730603,0.06860692688209907,0.054572430177687134,1.6632176989670103e-07,6.61240238834189e-07,9.217874534899967e-07,2.3993345194864506e-06,0.04966462804977859,0.01817539969239113,0.0805374542750035,0.20118134447923644,1.2026359328606015e-08
biomass_plant_CCS,power,NO,1.0099211971011023e-08,1.1700742076132959e-09,8.511394728343557e-10,6.822362207395461e-10,8.463942597476824e-10,1.0717785087038073e-09,1.2918931024693227e-09,1.8248164187747223e-09,1.6954633395844508e-09,2.3470248814265853e-09,1.0862327879723398e-08,5.678690469531841e-09,6.9509306750834074e-09,2.3986604637566343e-08,3.788700591916611e-08,1.1787290226705783e-07,0.1357751674966561,0.09171410894143238,0.02396332763495271,0.03404356301035712,1.610848921249012e-08,8.905794434736045e-10,5.034260274486388e-10,4.526460240353839e-10,4.6427545877688294e-10,4.3393482976143944e-10,4.0953804453393784e-10,4.878128223986033e-10,6.554350052894432e-10,1.3733317781068583e-09
biomass_plant_CCS,power,PL,1.0629226919352167e-08,1.3078880954657844e-09,8.961217920549349e-10,7.552261643360428e-10,1.0302367201779708e-09,1.1844462108581764e-09,1.5541870333083364e-09,1.725795287609591e-09,1.9323377204382276e-09,2.529629473987557e-09,3.410938111024908e-09,3.513532678154158e-09,4.0814509371205606e-09,4.935106161926571e-09,4.759910099645167e-09,5.171996845420437e-09,4.867665322228805e-09,5.994253205007164e-09,1.1159210678690721e-07,2.431941065839446e-07,4.78110135698279e-07,2.0865972051420795e-09,1.6274217158649789e-09,1.5942165552581047e-09,2.235713220593363e-09,2.9429397767941896e-09,3.3186380804443368e-09,1.7761197531468262e-09,1.3451268047973772e-09,2.970309581619932e-09
biomass_plant_CCS,power,PT,9.496037358982572e-09,1.0863332996594623e-09,6.408382901014564e-10,3.994755002432908e-10,5.784395746254141e-10,7.846744653295618e-10,1.0090811659506209e-09,1.102240996239158e-09,1.2045089750457577e-09,1.367972360382735e-09,1.545817349012371e-09,1.6271984442386494e-09,1.927121951115342e-09,2.340501976141055e-09,2.9461647336698818e-09,3.549357117363046e-09,5.606928590133615e-09,7.111164937763744e-09,5.668696432914184e-09,4.516038079188588e-09,6.1158164585424135e-09,6.6513951498528525e-09,4.086461501370755e-09,6.687724176441349e-09,1.277295518458809e-08,9.64133813448942e-09,7.821485035275018e-08,4.515221949501776e-08,5.483871833668396e-09,5.3291451016574905e-09
biomass_plant_CCS,power,RO,1.0448082013816922e-08,1.7178551797616892e-09,1.287324979534924e-09,7.037968699119097e-10,1.9209487840910306e-09,2.2268679485623257e-09,2.2360128667638417e-09,2.3254944143550187e-09,2.419397261121075e-09,3.2771897789171914e-09,5.084801424422432e-09,6.071405166562855e-09,7.823409144485725e-09,9.93773314719412e-09,1.5215181128366512e-08,1.626988571368661e-08,1.3735142288323589e-08,2.2813469953695056e-08,6.116182022768862e-08,4.103819018582823e-09,2.0137150149856494e-09,1.3131812999832755e-09,8.159789271484053e-10,1.1006960328890751e-09,3.046063762996564e-09,6.204513851218942e-09,1.205478109423408e-08,3.0732104301184726e-09,1.7339904442891619e-09,3.383836501827311e-09
biomass_plant_CCS,power,SE,1.1442136299460069e-08,8.849383247533362e-10,9.81804849910131e-10,8.185847691349079e-10,1.7699142359384386e-09,2.090561460457386e-09,2.7477360582347644e-09,3.3635961071280195e-09,1.851033336858455e-09,2.9461927776139166e-09,5.7386457710466236e-09,6.433775225156105e-09,8.115561438783985e-09,1.2796725502761219e-08,2.6733565521069586e-08,7.731703912129591e-08,4.047842361419041e-06,0.3921935360294903,0.21418946987607904,0.12643193696467772,1.3547068813352987,2.8507161153873005e-09,9.91278242334037e-10,1.0436590235499784e-09,1.7368496306256088e-09,1.5272727250278988e-09,8.543708167771537e-10,7.923733434644543e-10,7.815979580262541e-10,1.6795120914408811e-09
biomass_plant_CCS,power,SI,1.1403741350975764e-08,1.3494525844798688e-09,8.461025857998328e-10,7.340463992811053e-10,1.2378654600075549e-09,1.4830402567857563e-09,1.942173536007025e-09,1.9338702487005362e-09,2.5071452748666706e-09,3.736184978274307e-09,6.993628475218306e-09,2.6953670442778177e-08,4.888861295281647e-08,1.7094100433051952e-07,1.261046456283746e-08,7.234715898766891e-09,1.6030746548836452e-08,4.606645649411249e-09,3.1004608229581995e-09,1.4604490152371573e-09,8.057085118373537e-10,7.32471075133509e-10,6.266755476182862e-10,7.35794049400639e-10,1.3417936099520441e-09,1.721379228975902e-09,2.3427867665098762e-09,1.5365737832653506e-09,1.166932310085162e-09,2.530435293155286e-09
biomass_plant_CCS,power,SK,1.510968082198137e-08,1.8272408732938637e-10,2.6923159028473905e-10,3.669744147109728e-10,1.1548754992612579e-09,1.8292249410408959e-09,2.419427717083463e-09,4.579528774138784e-09,4.188052284353746e-09,6.017730367330214e-09,6.047226622237568e-09,7.455126498425938e-09,6.873297824416743e-09,6.191188548837148e-09,7.54831126903282e-09,1.4479130914259631e-08,3.7071837520442184e-09,4.012438750338704e-09,5.359853129638217e-08,4.933066727301062e-08,7.687892255893313e-08,3.103204772284193e-09,1.0758542044620865e-09,1.0642887833643082e-09,2.5119989029700504e-09,1.8720071372194458e-07,1.7014653810693983e-07,9.523833691825935e-09,2.3767168348239583e-09,4.514532459912807e-09
biomass_plant_CCS,power,UK,1.0935374811119622e-08,1.2507089442116963e-09,9.621508007487654e-10,7.404197540670094e-10,1.498574912553971e-09,1.3965952682178379e-09,1.4028402025729647e-09,1.5568356165353642e-09,1.6759309681778164e-09,2.155455202695666e-09,2.8731887836284758e-09,3.15606517819919e-09,3.814401500300906e-09,4.736917626361971e-09,6.544857981479068e-09,1.2868262897956433e-08,2.98821394792563e-08,0.2412841479645112,0.16255131251222757,0.1612331917400788,0.06882082512058349,8.3244357222168e-09,2.7168623514579153e-09,1.941435494327289e-09,3.3728699317859194e-09,4.5015275334364605e-09,2.073419976468263e-09,1.099488578572697e-09,7.1921808721364e-10,1.3617794160066935e-09
carbon_pipeline,power,AT-CH,6.56562045770159e-08,7.325589946126144e-09,5.206831716586292e-09,4.759273438275988e-09,4.017279890640035e-09,4.4517298395133655e-09,4.630497859195199e-09,4.2699292039324035e-09,4.2738660579363226e-09,4.009903193930232e-09,4.069106171946633e-09,4.03819394794761e-09,3.4705554400475625e-09,4.060708670925494e-09,6.881967714893473e-09,1.0088995518656852e-08,4.174205431544308e-08,1.8427674005508606e-07,4.6928552874911275e-08,2.9283240919336946e-08,2.2682163019514387e-07,2.5237794494554054e-08,4.3178596508476806e-08,7.484787709283216e-08,2.0442609878457818e-08,1.3960730763926518e-08,3.721986565259018e-08,2.821888333994615e-07,2.8161711610844565e-08,2.3296240235293922e-07
carbon_pipeline,power,AT-CZ,1.066920039820817e-07,1.059596249327999e-08,8.090686341271765e-09,6.762151334542521e-09,5.1049170502885835e-09,5.649672052375936e-09,6.031537563901916e-09,5.8214208399097e-09,6.479239333601114e-09,6.899345442547888e-09,7.432031997261574e-09,8.0143845141517e-09,7.730274189728462e-09,8.01421056237877e-09,8.892990409584354e-09,1.0967163976194107e-08,1.0155503412544585e-08,1.2419338605895276e-08,1.5777853443542192e-08,3.137891428997972e-08,3.5664986104274555e-07,3.5429881760613576e-08,3.528144409299566e-08,5.750405591698618e-08,5.070264812955534e-08,2.6650977972223764e-07,4.1517017897763626e-08,1.4054449234069468e-07,7.707724067449908e-08,3.706999193408965e-08
carbon_pipeline,power,AT-DE,7.063611695877132e-08,8.544506589329535e-09,5.685903109487987e-09,5.091751885050958e-09,2.741548067807052e-09,3.630264674640747e-09,4.098367164638298e-09,3.0945565548123274e-09,2.5121500672680226e-09,2.241826784367999e-09,2.318953123233396e-09,2.4144847206258155e-09,1.9404064768770213e-09,2.049269282899077e-09,3.0402410641779507e-09,7.531560612562819e-09,1.8792211163439105e-08,1.7248762221689696e-08,1.4099824974360158e-08,1.07820235148017e-08,1.350525408552365e-07,1.9994091858649722e-08,3.519565246992263e-08,1.5520633607564975e-07,6.181681948324431e-08,0.0016214813077562351,5.56911194049601e-07,0.14324940528084015,9.183976307781188e-09,1.597778162425422e-08
carbon_pipeline,power,AT-HU,6.13062670847124e-08,6.5190044605146055e-09,4.869346533160598e-09,4.293668253956439e-09,4.386943642313892e-09,4.301163102200394e-09,4.446773614800917e-09,4.569192420378524e-09,5.085840278710936e-09,5.521150242725138e-09,6.05966722124174e-09,6.023271454121145e-09,6.3828201525377245e-09,6.894467500117631e-09,7.846591135774904e-09,9.026080253890375e-09,1.0154662639481245e-08,1.4345216188767271e-08,2.4879449053167816e-08,2.4153089445489828e-08,7.775721228723824e-08,2.2808683927989737e-08,2.5122115434784237e-08,5.213879678099625e-08,4.412882582338289e-08,1.1400776703293856e-07,2.100010567136163e-08,1.1238264439618517e-07,4.480412706333158e-07,4.525539946989362e-08
carbon_pipeline,power,AT-IT,5.113296518408282e-08,5.378513069940311e-09,4.253294096598497e-09,4.936315579960092e-09,2.202760805611727e-08,1.4294660744633719e-08,1.528344096731226e-08,2.4733687813061703e-08,1.9074448257922052e-08,2.630507929004839e-08,3.4685968649135717e-08,5.8659239261899295e-08,6.098359778792595e-08,1.14620394080964e-07,5.5751774963243455e-08,2.991779618670725e-08,4.971444700574398e-07,1.2964714006232956e-07,8.711594871199207e-08,6.078545510689702e-08,1.3424663624010335e-07,2.9107805532040802e-08,3.551782978374321e-08,1.7458320634137355e-07,7.370457849836334e-08,0.0016027593242572003,4.722569985138923e-08,0.11529970892762231,2.443582229169045e-08,6.387547171356359e-08
carbon_pipeline,power,AT-SI,1.5559291917096008e-07,1.7570466519860837e-08,1.3860497096944536e-08,1.3762674368729477e-08,1.9769262706708712e-08,1.834529548106837e-08,1.9803751752108307e-08,2.718172875395902e-08,2.7721569049922745e-08,3.4200112730899997e-08,4.203730139186955e-08,5.016391606042639e-08,5.481706156595355e-08,6.773541585178887e-08,4.2940244544793385e-08,3.520948408180678e-08,2.1833397636900823e-07,1.105068533829036e-07,1.1600817235922087e-07,9.300855730952563e-08,2.476510488592516e-07,7.866789317670822e-08,1.3176127234655802e-07,4.2705077067312754e-07,3.794205778694956e-07,1.792825371300762e-05,7.698014187840629e-07,0.027949371089216093,2.5792248462420355e-07,1.3384733319339148e-07
carbon_pipeline,power,AT-SK,5.915687707742685e-08,5.650851634112759e-09,4.353941664022933e-09,3.798656163536837e-09,3.5607364539592776e-09,3.590940098948936e-09,3.707101061971641e-09,3.742947640577341e-09,4.233199779870468e-09,4.638799983371229e-09,5.124707923464308e-09,5.246465761676651e-09,5.532026883769116e-09,6.004081398173101e-09,6.766371093401586e-09,7.81910121000986e-09,8.379385487992458e-09,1.0737453782971982e-08,1.5353254745088092e-08,2.4975542232700846e-08,1.0151870539296732e-07,2.0942675310665444e-08,2.2230324704848874e-08,3.183834941435272e-08,2.443544081952522e-08,3.372385996661678e-08,1.2319849000013705e-08,4.451992796053991e-08,7.871318676177283e-08,3.9148185625843214e-08
carbon_pipeline,power,BE-DE,6.347614780219639e-08,6.538724825984037e-09,4.845845123659112e-09,4.227019830176036e-09,4.449948276131775e-09,4.4507822623693236e-09,4.088296043844031e-09,4.848481248351111e-09,6.486111756879379e-09,1.1303184654228884e-08,1.922889522008724e-08,2.971102684014324e-09,1.8218944601142868e-09,1.4251865209069615e-09,1.5239652721008403e-09,2.0478556660192834e-09,2.9197960618803863e-09,4.652129942645555e-09,5.835829240939517e-09,6.3435363234623675e-09,8.124803413947728e-09,1.0143213284610039e-08,1.2537959869478493e-08,1.3717993368043828e-08,1.607471316727958e-08,1.824120051621763e-08,1.9167338621004314e-08,2.0972756995023814e-08,2.3327819877932657e-08,3.205290630413209e-08
carbon_pipeline,power,BE-FR,5.510340048887065e-08,5.648293137100508e-09,4.154070741343497e-09,3.5725974769456503e-09,3.893460036586852e-09,3.770484226284423e-09,3.6421279160687873e-09,4.479911128770222e-09,6.330111084979856e-09,1.0975097817034212e-08,2.0654524717483194e-08,7.610108837538649e-09,7.035109403239112e-09,6.097736077449289e-09,6.14052869788707e-09,7.392887316379215e-09,1.675291829709461e-08,9.230050011173597e-08,1.7880284651246645e-08,8.188348516626271e-09,4.383710895863705e-09,1.0690018633019168e-08,3.200643351835097e-08,8.725795775264962e-08,3.38425609662112e-07,2.2881889196566696e-07,1.0521330513328774e-06,0.04905957848661183,0.12302240493491956,1.8745905937989003e-07
carbon_pipeline,power,BE-LU,2.0112878492114527e-07,2.2532480530253395e-08,1.6775582786827255e-08,1.463282896083486e-08,1.466265820488602e-08,1.4902759429229073e-08,1.4985450456359692e-08,1.7053173437750084e-08,2.1195944278272123e-08,2.920347608650723e-08,3.899645909230347e-08,2.029727902072572e-08,1.570322172159681e-08,1.2307435408620473e-08,1.1129286625855471e-08,1.3740018996595186e-08,1.720151380245289e-08,2.3342734049522176e-08,2.437043908337289e-08,2.795271271010859e-08,3.102413955218258e-08,3.999282659221594e-08,4.977295964491674e-08,5.557243739269957e-08,6.748805500617596e-08,7.428302002978947e-08,1.1469654760540306e-07,1.8522459781841534e-07,1.693933457502304e-07,1.577259649424711e-07
carbon_pipeline,power,BE-NL,1.5979494049923003e-07,1.9216131526158927e-08,1.5741236786008866e-08,1.9781074378710417e-08,1.8896240690129613e-08,2.457790512466123e-08,7.539619652659671e-08,8.869598077490952e-08,1.9368042501711507e-07,9.889277318159503e-07,1.1314480321979046e-08,7.958110518972449e-10,4.990673139240195e-10,3.9295343486762936e-10,3.77204615442891e-10,3.99763150762241e-10,4.833971072902475e-10,6.462356487802337e-10,7.686447252535596e-10,8.894222519925725e-10,1.060456946980296e-09,1.337901345493347e-09,1.5668887406296407e-09,1.927646172115232e-09,2.5553772819937694e-09,3.456198952638019e-09,3.978881211723703e-09,5.43810822006453e-09,7.765584062326633e-09,1.8320770549290194e-08
carbon_pipeline,power,BE-NO,1.785375837775648e-08,1.8733408884499567e-09,1.342837788094737e-09,1.1021182686716038e-09,9.725241945183346e-10,1.0757769021830755e-09,1.1031125714188406e-09,1.2936519130192233e-09,1.6537095186828886e-09,2.3724448601296753e-09,3.1642771117789788e-09,2.199992062885974e-09,1.959385619227299e-09,2.008378404191884e-09,2.1166393969872743e-09,2.180439511429417e-09,2.2620233515589747e-09,2.908485116049224e-09,4.0702711488863525e-09,2.3152218442494612e-08,5.073512368620946e-08,1.752235691125051e-08,2.1397170296652998e-08,1.2514188318610524e-08,4.556043618630066e-09,1.7006093161647924e-09,1.0440785032298364e-09,2.138306365808471e-09,5.031295858151308e-08,3.2254976636432736e-08
carbon_pipeline,power,BE-UK,4.4864962430653765e-08,4.647216102018043e-09,3.6372743249491643e-09,4.0548163228621926e-09,1.2329136447967391e-08,5.208050539754598e-09,2.7889828087636e-09,3.963562842302903e-09,7.374222423786739e-09,2.316431491522008e-08,8.828225971487641e-08,1.023434744698261e-08,1.4040287253323723e-08,1.4098440734796472e-08,1.2933335499352635e-08,2.0261762190821984e-08,3.9848789936117563e-08,2.421173117874048e-07,1.5199461268018302e-07,1.9364821451479156e-06,7.568412552850412e-08,1.100677903072095e-08,6.2342356428126934e-09,6.401962830482474e-09,1.543518188286559e-08,0.05011093139622528,0.2917824170255849,0.20359099198930244,5.993425025006356e-07,2.239875264285452e-07
carbon_pipeline,power,BG-EL,6.908630798025254e-08,6.858381582875536e-09,5.757348425542229e-09,7.046370540780055e-09,4.38294203076055e-08,2.1801769148880944e-08,1.8684951435206563e-08,2.1601538384016017e-08,1.74546527642734e-08,5.468847196296296e-08,5.3031639581595515e-08,6.49094102850552e-08,4.888555263220152e-08,5.409068153804557e-08,1.0515809880729422e-07,3.4920016878950454e-07,2.9261008443110754e-07,0.03677964816857502,0.2682304831793603,0.031070948489932294,5.02636004154726e-09,3.1280901685721012e-09,2.570823440813133e-09,4.291685691794793e-09,4.667413295846808e-09,5.6822219665121484e-09,7.974074086887566e-09,9.053378893226954e-09,8.508072532345388e-09,1.633311192186352e-08
carbon_pipeline,power,BG-RO,8.349633347335628e-08,8.308972424739557e-09,6.0222337704703314e-09,4.616862583437045e-09,2.8732789345639978e-09,3.4831724333432266e-09,4.2191782862552545e-09,5.005946852925272e-09,5.8961631633820736e-09,6.947732924698834e-09,7.787739602874522e-09,5.735654561590066e-09,6.272167027965906e-09,6.583313319251449e-09,6.911423868663352e-09,7.412760955261722e-09,8.152711115883088e-09,8.109566220985582e-09,8.295976959791154e-09,1.0255149371672104e-08,1.1714681563172915e-08,1.4529877370774318e-08,1.98916441250154e-08,1.9842140202081823e-08,2.6040111562558112e-08,3.3121001530931494e-08,3.716461231534906e-08,3.7961962956863786e-08,4.910843536189273e-08,5.625116552361861e-08
carbon_pipeline,power,CH-AT,5.99907871934159e-08,6.774805806240755e-09,5.126437713881275e-09,4.643164552277689e-09,5.263036552116219e-09,5.019306383495643e-09,5.190001295966963e-09,5.956893087478285e-09,6.37988687204742e-09,7.226282014609127e-09,7.503092586356173e-09,8.243198976344976e-09,1.1952902466292926e-08,9.799232514596368e-09,4.29884022547154e-09,3.037567731915822e-09,1.8253621427970434e-09,1.88163892128704e-09,2.614912949774392e-09,3.649378631714478e-09,4.79958737598233e-09,7.45381933125265e-09,1.0886002686992249e-08,1.549892828580315e-08,3.3199347605516074e-08,3.092414321781285e-08,2.0581485557537358e-08,1.5211645279250285e-08,4.898146638183291e-08,2.191739469583579e-07
carbon_pipeline,power,CH-DE,5.807221710331822e-08,6.834205575592073e-09,4.9925142712879665e-09,4.661593662698097e-09,3.191066487767448e-09,4.075103291912909e-09,4.873543734466984e-09,4.541819429331818e-09,3.77658334436378e-09,3.819663950454557e-09,4.16909752536459e-09,3.9322149599627725e-09,3.223702652559165e-09,2.9505096260497483e-09,2.933339019310879e-09,4.921767119428686e-09,2.614333198803481e-09,2.6200451438988324e-09,4.18459115379674e-09,5.772377216385473e-09,1.460644905039166e-08,1.0701030467177865e-08,1.1790485873102165e-08,1.6562266010223398e-08,2.1897503369856115e-08,2.489682085642144e-07,3.9883245487298136e-08,3.3526934423341e-08,1.2440152399601913e-08,2.6615270747398557e-08
carbon_pipeline,power,CH-FR,6.720847013427962e-08,7.297943618040563e-09,5.257191969889904e-09,4.756008016299791e-09,3.4237011566130017e-09,4.353866317496707e-09,5.628643825921611e-09,5.174847492873875e-09,4.0833864664711835e-09,3.1503458027401287e-09,3.148461514540461e-09,5.570789010316257e-09,1.2298820088629776e-08,3.7009793154662157e-08,8.086195390639205e-08,0.0011245068144332274,0.023874364832159625,0.08939553646600201,5.200210450679323e-08,4.07281632658975e-08,1.699798601426043e-07,2.8961475147363096e-08,3.2974914209537894e-08,1.0996929479574574e-07,4.700733293435691e-08,7.489589535056535e-06,0.00012623157103043445,2.326878332225111e-07,9.447432759414705e-09,1.3230236938670916e-08
carbon_pipeline,power,CH-IT,4.761565497088137e-08,4.969498043307588e-09,4.0068470621544885e-09,4.466891658357357e-09,1.83170088653591e-08,1.1168902239015607e-08,1.1168879576565022e-08,1.9442680484143133e-08,1.607288285620976e-08,2.4390641747903108e-08,2.428728046091648e-08,3.137154460657851e-08,3.990705372897776e-08,8.702394171181513e-09,3.2048536823911236e-09,1.3279663598934993e-09,6.804015250298331e-10,6.356920129251535e-10,8.619944126478784e-10,1.2163149241789503e-09,1.6486803238170317e-09,2.990025506354482e-09,7.150514675671917e-09,2.7603945132687532e-08,1.0681207893159777e-07,2.815570481534081e-07,2.0263449671801503e-08,2.9754730165650757e-08,9.051330853889123e-08,7.972768083367554e-07
carbon_pipeline,power,CZ-AT,1.0710590632431629e-07,1.0426795346910849e-08,8.834025840648989e-09,9.354503051526848e-09,1.5018198026648834e-08,1.3029412688244461e-08,1.3388750486175982e-08,1.9190492114681627e-08,1.9217668838701598e-08,2.2462452748208685e-08,2.3331998679530385e-08,2.0946575263983882e-08,3.057718279447397e-08,3.9455480617659945e-08,2.7970234776783982e-08,1.0423978044796893e-08,1.0837255317736973e-08,5.3538503441358525e-09,3.370337372212958e-09,2.015666307395667e-09,1.5529418619280503e-09,2.3228070688202607e-09,3.5731062330175506e-09,5.594343577986327e-09,8.89663462456457e-09,1.3099757757262688e-08,3.173391727763973e-08,3.092664497766192e-08,1.0437912445067801e-07,1.0700342933652085e-07
carbon_pipeline,power,CZ-DE,9.309128475388221e-08,9.131768726980585e-09,7.303060345068931e-09,8.449281995356075e-09,4.875069163289072e-09,8.496954289697107e-09,1.1978428876321866e-08,8.248866387562673e-09,4.300352028049648e-09,3.4066897835559368e-09,3.501293050745918e-09,2.7431172864252406e-09,1.960030535590516e-09,1.9499692489813463e-09,3.3538396333547905e-09,1.1369479199429488e-08,1.0129414964055606e-07,2.7898882216984396e-08,1.2055992096472847e-08,4.642509282558531e-09,6.3961775678984085e-09,8.224612944601258e-09,2.1348350429805633e-08,1.0196226461470621e-07,7.805657149500898e-08,6.534016921793641e-07,2.7764448396150627e-07,1.2724618871021674e-07,1.103648050452479e-08,2.224616223686594e-08
carbon_pipeline,power,CZ-PL,6.978405583016346e-08,7.164871427719894e-09,5.3201339629454654e-09,4.401041693222119e-09,3.77848497469515e-09,4.0621497781670665e-09,4.404782810752314e-09,4.732794645558494e-09,5.483304555433244e-09,6.109146337404233e-09,6.73390973492477e-09,7.274480432225763e-09,7.620478598866615e-09,9.25780160059852e-09,1.3169210734613482e-08,1.584461029003088e-08,2.170874691597233e-08,2.0553364593175494e-08,1.9221311424071062e-08,1.262079072648702e-07,5.510866178570635e-07,5.9401653443639485e-08,5.9501907888678426e-08,2.5215668856600107e-08,9.211110298123719e-09,5.599369698427171e-09,3.3639825255054307e-09,4.446116726056539e-09,6.803941061748916e-09,1.2476374471238995e-08
carbon_pipeline,power,CZ-SK,8.042221636074923e-08,7.791859389437841e-09,6.286503439159115e-09,5.865803824925735e-09,6.888822334787292e-09,6.338984456169236e-09,6.389423845501835e-09,6.9169174605897285e-09,7.898079244307596e-09,8.877221202517001e-09,9.820345616073485e-09,9.688525959482895e-09,1.1614499933334518e-08,1.4104865433863072e-08,1.6890136860402894e-08,1.4471357816761703e-08,2.3402152837596787e-08,2.8576753592316113e-08,3.575792045341406e-08,1.645677450228029e-08,9.31716518113283e-09,1.4049681242071972e-08,2.1802721762146062e-08,3.2165915653023804e-08,3.855703558090792e-08,5.246037088069564e-08,3.7506321107095535e-08,8.310675792753092e-08,4.130904256389162e-07,2.0128453439636215e-07
carbon_pipeline,power,DE-AT,5.2665337980783626e-08,5.718229411335621e-09,4.267579346888346e-09,3.787464901825857e-09,5.016717580989126e-09,4.1132015874387445e-09,4.013648417351887e-09,4.806026834226406e-09,6.043339731690014e-09,7.170230026931483e-09,7.130692937888517e-09,7.179087053686632e-09,1.3452190655743506e-08,2.425510911963275e-08,1.2030860961816366e-08,3.6425089147346114e-09,3.276101629186682e-09,4.374143101349235e-09,4.872646158017715e-09,5.596931823327959e-09,3.5950432700640105e-09,7.183719133244817e-09,1.4301357844880549e-08,2.5967973177049728e-08,5.1692395114179764e-08,1.0539525000831644e-08,1.4507838928633763e-08,1.2531824285201313e-08,9.964651625261213e-08,3.65124030077153e-07
carbon_pipeline,power,DE-BE,7.013485956461617e-08,7.466660610840549e-09,5.480058059136164e-09,5.344715524545679e-09,4.745878060787843e-09,4.89381427335599e-09,6.009601944444116e-09,4.438030565991079e-09,3.0295728666524804e-09,2.128166896087026e-09,2.1797231644810574e-09,2.9365413862733835e-09,5.893218948089848e-09,2.8368884606906767e-08,5.18338441663847e-07,8.220875923018209e-07,0.3650699425403022,4.5900082598760526e-07,4.816671227696096e-08,2.3547799527961805e-06,7.55318749528837e-09,8.138130654338499e-09,1.2085144223615522e-08,5.2221243110375166e-08,1.0777774909605946e-07,0.0016224664818838277,0.2740398204854369,0.31889310790793995,2.4373662334394478e-08,5.243466264727639e-08
carbon_pipeline,power,DE-CH,4.908988010227181e-08,5.2300432766475805e-09,3.846720346311806e-09,3.4457054227522325e-09,4.17122629629595e-09,3.6195564927963475e-09,3.5477867194004294e-09,4.0020628832922985e-09,4.918966045868648e-09,5.472138594441751e-09,5.528272360266173e-09,5.439627978710804e-09,7.47773601427443e-09,1.1655148573340187e-08,1.5575814967068346e-08,5.803509930969194e-09,1.290197609997856e-08,4.9060515821846356e-08,1.4799976418127735e-08,1.0282605988725926e-08,3.4723098050206297e-09,7.293667751589959e-09,1.412795332152263e-08,2.6991263105749788e-08,4.875316408732687e-08,2.1716726320487645e-08,2.6703235068543835e-08,3.136690578692527e-08,9.895733619317345e-08,2.2586420704098946e-07
carbon_pipeline,power,DE-CZ,6.194576788491199e-08,6.4969593984278536e-09,4.757101724976943e-09,4.036545982895247e-09,4.6596574031077656e-09,4.1091305520287606e-09,4.101575282073214e-09,4.6614813853598345e-09,5.910728861290802e-09,7.056828824699158e-09,7.67953715352643e-09,7.071596402696759e-09,1.194270124717107e-08,1.8869263107279002e-08,1.2238913207756276e-08,5.208199669043059e-09,4.386574440291314e-09,6.740546419190962e-09,8.694476333767688e-09,1.8939569104032194e-08,1.7894298287291623e-08,2.4369263048645445e-08,3.557438360136664e-08,5.7850164474856376e-08,1.0608227132643572e-07,1.1445822309158712e-08,9.696623931025455e-09,1.1600944050111329e-08,1.2270086500938234e-07,4.1955740169279283e-07
carbon_pipeline,power,DE-DK,5.335112388892907e-08,6.127285841199192e-09,5.044596586403741e-09,7.243158122769833e-09,5.838136894482904e-09,2.1540322165529898e-08,7.715530393715401e-09,1.1033490897836315e-08,1.632995153415242e-08,2.7288595073200624e-08,1.8986806255572526e-08,1.6210361189785977e-08,6.029342214631641e-08,2.577848197719921e-06,0.09852595078763242,2.1384514556927015e-09,5.333961568267507e-09,2.3044591964685672,6.680832605410447e-09,1.5204032056455038e-09,1.0132443562953696e-08,5.339683904586797e-09,4.440779200159532e-09,4.841405147552641e-09,5.434976225354579e-09,5.7837471645918824e-09,4.085824244200596e-09,5.913867013752864e-09,7.454675188328158e-09,8.924238402237227e-09
carbon_pipeline,power,DE-FR,3.527538290144168e-08,3.6910490655783083e-09,2.6820646036106247e-09,2.4074877831497697e-09,2.441359725035278e-09,2.4201594671529014e-09,2.581520927932405e-09,2.784941570392353e-09,2.9970660962028835e-09,2.872535811446771e-09,2.6825399643660375e-09,3.54231438985893e-09,5.959589288865968e-09,1.4349456474101665e-08,3.467125915234778e-08,1.2598171461220651e-08,2.820142451380955e-08,1.3895617916687884e-07,8.556267561879203e-09,4.8339953274307275e-09,1.9702683274239903e-09,3.3679690602347057e-09,5.171522901224659e-09,8.234006292208643e-09,8.94368652368749e-09,5.664421229927086e-09,1.1441320031519849e-08,2.121887992908107e-08,2.9319043130120493e-08,4.040194685323055e-08
carbon_pipeline,power,DE-LU,8.763005164696031e-08,9.152510930712029e-09,6.708876923638264e-09,6.4773433306092215e-09,5.732292547761388e-09,5.925268056412973e-09,7.3750572193666745e-09,5.6029440153592825e-09,3.871623747484545e-09,2.665634900848375e-09,2.6758561547602837e-09,3.837537982499985e-09,7.854597953427507e-09,3.9969763568845715e-08,3.8806948775152813e-07,2.3678955356393695e-07,1.8714062097400487e-07,2.1178289412571994e-07,1.9916656922429353e-08,1.0030321358055788e-07,8.544980526176761e-09,1.1972456320640697e-08,1.9309757440478865e-08,1.216229377584273e-07,1.2817560929037955e-07,1.5798839082183296e-07,4.949822022209515e-07,2.433918625899736e-06,4.400098704357827e-08,9.118076668735052e-08
carbon_pipeline,power,DE-NL,8.08841599384523e-08,9.43071256462062e-09,7.213513714899729e-09,8.655291510609631e-09,7.478345676542266e-09,9.14020065031503e-09,3.303595023679967e-08,3.336064407027799e-08,4.885006183967864e-08,1.561941218068524e-07,8.786911011049054e-08,5.28455438985337e-08,4.279884032497084e-06,0.2853816159266213,1.3831076101576385,0.17892533207863817,1.3059013225261123e-07,1.7656870352930147e-07,1.3044531981999517e-07,1.4259182908492154e-07,3.1928929296513125e-09,2.196625913120498e-09,1.8104496791758863e-09,1.9232556043518945e-09,2.167264965556914e-09,2.7351959185016734e-09,3.487818004251919e-09,4.844423402465111e-09,4.975439189957374e-09,1.2890750270125792e-08
carbon_pipeline,power,DE-NO,1.9829819342173502e-08,2.1422432915267196e-09,1.5280747622183156e-09,1.249565016793958e-09,1.0548352027474795e-09,1.1884530005140012e-09,1.2861267924251907e-09,1.4517231679599326e-09,1.7052599121615236e-09,1.973470227129429e-09,2.0816921476621274e-09,2.3970009745060505e-09,3.0979787901985104e-09,6.104144998995352e-09,1.0041283571927187e-08,5.5332514060444525e-09,4.732522951093246e-09,5.675917924113728e-09,6.8954993729765605e-09,2.083068529023288e-07,0.07058983496667517,6.963550814813731e-09,2.6784793516623926e-09,1.530596389237924e-09,9.516837522139798e-10,6.377778972776505e-10,4.823458234809809e-10,7.225708817817747e-10,2.1158781642930752e-09,4.7334086313927984e-09
carbon_pipeline,power,DE-PL,3.9025353912311206e-08,4.2147752529361375e-09,2.988801948394557e-09,2.4411138394504657e-09,2.4773936154896487e-09,2.365273597662536e-09,2.4294096421375814e-09,2.6915028690257217e-09,3.292508653923788e-09,3.791582419052773e-09,4.101548150978849e-09,4.311261349386123e-09,5.928695562771518e-09,8.319727501452875e-09,8.126758371465744e-09,4.769281862822775e-09,4.164723986845535e-09,5.6537777939674405e-09,7.184252442369684e-09,2.8904648725554086e-08,3.400931348631997e-08,3.2918890285012144e-08,5.6665439172542195e-08,9.502811200841133e-08,4.8684045223668406e-08,5.751347154550194e-09,3.0264352653539386e-09,4.091955962463326e-09,1.1515077963229326e-08,5.036771213338462e-08
carbon_pipeline,power,DE-SE,2.3179461056952034e-08,2.4522065617022762e-09,1.7457042738419823e-09,1.4103693423455996e-09,1.1823502973317598e-09,1.3282351684723462e-09,1.4305956719087504e-09,1.615186728386116e-09,1.975554535307361e-09,2.320304120451889e-09,2.4596452211042705e-09,2.7009907631847834e-09,3.6104283655077615e-09,7.171585751017632e-09,1.1528607135996093e-08,5.1576643867190705e-09,3.684608720235022e-09,5.243487894407875e-09,6.573973447685774e-09,1.9156806579632395e-07,3.2415418046818753e-06,1.774890064715625e-08,6.087620628213847e-09,2.9964925173592337e-09,1.6330423452332684e-09,9.4976652110716e-10,6.832163570737369e-10,1.1060446161356253e-09,4.369594655005312e-09,6.971582733454416e-09
carbon_pipeline,power,DE-UK,2.9670716320889707e-08,3.2814623885838797e-09,2.479365384490543e-09,2.708739199128057e-09,5.194908891557837e-09,3.152565272585935e-09,2.375100056874909e-09,2.8158348627540357e-09,3.4255874918807107e-09,3.5703607599213042e-09,3.0201048429713577e-09,3.969909718090345e-09,7.790020968363423e-09,2.934436195775419e-08,1.3544083143203595e-07,7.534478967909188e-08,1.785024487614446e-07,0.6378515582669473,1.0192603760715915,0.04752258950462699,3.6109107406177574e-09,2.024579845465347e-09,1.5651216997024615e-09,1.601915362595269e-09,1.867235349993212e-09,2.542572499912769e-09,3.2448272319780475e-09,4.318087888739411e-09,4.407384075071078e-09,9.705782500349085e-09
carbon_pipeline,power,DK-DE,4.5194747853736926e-08,4.666524863306217e-09,3.1484115939269197e-09,2.345761197585926e-09,2.405742808213469e-09,1.9125597126934337e-09,2.337890771015486e-09,2.600880439330069e-09,2.8538715678603687e-09,3.117421947359377e-09,3.4590471493572206e-09,3.311898831851878e-09,3.3761331709706434e-09,3.4834990073458344e-09,3.853891349982312e-09,5.666674408633903e-09,5.312189182358679e-09,4.88439221026414e-09,6.208047837272076e-09,1.0288415261302603e-08,6.969239800956606e-09,7.645460567978159e-09,9.534314224184096e-09,1.1397031035364826e-08,1.3539530856928393e-08,1.559257085383724e-08,1.873513543574549e-08,2.142758335832434e-08,2.078835209851289e-08,2.8909417362395643e-08
carbon_pipeline,power,DK-NL,5.0663115195115484e-08,5.670724857480898e-09,3.8364880365936775e-09,3.0653002365964876e-09,3.091791177848888e-09,2.3798120839231824e-09,3.819836169037233e-09,4.105639529778695e-09,4.259767280478781e-09,4.419185266931771e-09,4.3435972951244615e-09,4.1136829206002395e-09,4.1780842988260006e-09,3.6646403112610052e-09,4.3305119971887365e-09,9.877518857677178e-09,6.97471598745448e-09,5.100505068175594e-09,8.026134475118839e-09,3.70998517039915e-08,6.498447337837141e-09,8.092061520341781e-09,1.1197435478819348e-08,1.651590664679376e-08,1.9094848546463247e-08,2.2136310829113012e-08,4.815466821444268e-08,7.786226246380676e-08,1.8553439344314957e-08,4.1968630586128315e-08
carbon_pipeline,power,DK-NO,2.975579218591777e-08,2.8427469705083797e-09,1.8187995685201262e-09,1.2126143938212571e-09,1.0433891042967595e-09,9.779643151985859e-10,1.2456051017701025e-09,1.4705351983812798e-09,1.7561234255018724e-09,2.0408038742687473e-09,2.326365420653884e-09,2.646623841103526e-09,2.9602402884079957e-09,3.934861278919778e-09,5.138767442003636e-09,1.2844816556314444e-08,3.806248933898183e-09,1.964155199797838e-09,2.771500790712582e-09,5.513343598879385e-06,4.792314878319726e-08,3.857801441453395e-09,2.0881512492218766e-09,1.385688394422927e-09,9.53078065002743e-10,6.707940587037868e-10,5.596562294160998e-10,8.896946719349273e-10,2.9969986306959114e-09,9.885425057604142e-09
carbon_pipeline,power,DK-SE,3.6341654545990494e-08,3.3608918311668053e-09,2.090662694838925e-09,1.3358331685533339e-09,1.1492664564634855e-09,1.0628351784310601e-09,1.3528468681093582e-09,1.6136816190469967e-09,2.01404474835696e-09,2.4096707632954194e-09,2.8239611973875e-09,3.00826797140014e-09,3.4805809846452364e-09,4.576259475402914e-09,5.8053091143244014e-09,1.2076866847883355e-08,3.450667497534622e-09,2.199900214791563e-09,3.0816442029393634e-09,1.331794838169854e-06,9.314319158062133e-08,8.909041722138026e-09,5.188776934914372e-09,3.0266172202297172e-09,1.8611565356476371e-09,1.1024036615958566e-09,9.005330856190226e-10,1.722832279956634e-09,1.8230780221992726e-08,7.480521926720697e-08
carbon_pipeline,power,DK-UK,3.3590155180503957e-08,3.452816956096634e-09,2.517803243755727e-09,2.2817710493721434e-09,3.873781652919816e-09,1.704688205974327e-09,1.767934869269036e-09,2.0158262809604684e-09,2.2444360255180956e-09,2.3434250206200713e-09,2.430534347747299e-09,2.887077998861986e-09,3.973509772439875e-09,5.631431663710422e-09,7.412023736908712e-09,3.160999108190544e-08,7.481730513374538e-09,2.6193611484194377e-09,3.2982844631338647e-09,8.167754082122413e-08,2.498252567042104e-09,2.223279780899619e-09,2.438064048896262e-09,3.769358862106666e-09,6.66195371982524e-09,9.336884087780961e-09,2.6604499228896206e-08,3.9027224148370276e-08,1.5420094176405787e-08,2.8763991884228085e-08
carbon_pipeline,power,EE-FI,6.523127598547514e-08,5.003525832285198e-09,4.8605646792648575e-09,6.427334088411768e-09,6.092786590863923e-09,1.2951580966035585e-08,1.4253188439662654e-08,1.5349730343318433e-08,8.801547599974518e-09,1.095697625300945e-08,1.3883617192582485e-08,1.4736516335938746e-08,1.4450247713933876e-08,2.4958342145455496e-08,3.2439355922850834e-08,2.9656840678711252e-08,1.2979582260420392e-08,5.2963085339163455e-09,1.28820461091323e-08,9.670625645739053e-08,1.2053057342594814e-07,1.096166768742382e-08,1.348436112861731e-08,1.0590873870480874e-08,4.4620089572618054e-09,2.643588917575043e-09,1.5957641430569168e-09,3.3141803539672115e-09,7.059554301108691e-08,2.5206597585061826e-08
carbon_pipeline,power,EE-LV,1.2631321863435758e-07,1.1600496755235691e-08,9.51189219773762e-09,8.946926508973797e-09,9.382063716222754e-09,8.990329191920142e-09,9.280698622234329e-09,1.0005221218618195e-08,1.1471680744907464e-08,1.3634144118338051e-08,1.731610944793778e-08,1.5396639993608686e-08,1.548975263981874e-08,1.5585899733394447e-08,1.527736607973746e-08,1.6760667166193486e-08,1.9256710349570215e-08,2.2013653462360544e-08,2.0695471893038234e-08,1.8684259157411e-08,1.800927108264651e-08,2.1307317872382415e-08,2.3725744181543435e-08,2.730911052396565e-08,3.241688113640899e-08,3.8232316860494335e-08,5.525650537937025e-08,5.467062415245822e-08,5.7339896593697565e-08,7.655849712582483e-08
carbon_pipeline,power,EL-BG,5.97229606487106e-08,6.064659338431761e-09,4.262901197965295e-09,3.371962895247007e-09,2.593744565650087e-09,3.006646285221304e-09,3.564293688376305e-09,4.120744490454222e-09,4.8275940027405105e-09,5.39257869616424e-09,6.370207159588231e-09,6.084328555699583e-09,6.334519614041979e-09,6.650447704729e-09,6.9243153759856325e-09,6.926426282455681e-09,7.100361879075394e-09,7.458752847266764e-09,8.14556111380508e-09,7.2442555460114275e-09,8.505477318055625e-09,1.0794391775372252e-08,1.643076815746877e-08,1.446378976860657e-08,1.6476633761860556e-08,1.7959100160018537e-08,2.0622787695768083e-08,2.0837753802373345e-08,2.6629925839280634e-08,3.6857024359290576e-08
carbon_pipeline,power,EL-IT,2.996481907222226e-08,3.800566158542482e-09,2.543717277475058e-09,1.992512953620888e-09,1.0636444137044982e-09,1.3994373082061102e-09,1.8181138104202268e-09,2.2556819741339258e-09,2.3762306436549907e-09,2.5264510354417296e-09,2.5601441553425556e-09,2.318193035004612e-09,2.061619895485083e-09,1.7440291527302593e-09,1.5446775236197084e-09,1.627988402118018e-09,1.936632617931946e-09,1.7845190526764546e-09,1.7986824515133666e-09,2.283318200569941e-09,2.7181523336534185e-09,4.166119959477581e-09,7.213524684706876e-09,6.967081667556664e-09,1.037781389958958e-08,1.3703212913324672e-08,2.1123343273076444e-08,1.3211472832552313e-08,1.6947938479972425e-08,2.0529342407126566e-08
carbon_pipeline,power,ES-FR,4.788342535504046e-08,5.147333179513044e-09,4.903962222381304e-09,5.505008124860352e-09,6.731707491343864e-09,6.8369074744674604e-09,7.4256173465235884e-09,8.058255226093173e-09,6.479876862674421e-09,6.499037155364731e-09,6.924356088897123e-09,7.625486035513284e-09,8.466802147840158e-09,1.027036749200437e-08,1.2029863882350487e-08,1.4389158873863822e-08,2.2619852587693147e-08,4.414894280460909e-08,2.8721832173334318e-08,1.3198234090740871e-08,1.3809844561273774e-08,1.7236689622958548e-08,1.2365020941528583e-08,2.3324448780335047e-08,5.0434004148303354e-08,2.704915960653009e-08,3.744597391268898e-07,3.143612802249271e-07,1.6200828469548127e-08,2.2921481740639086e-08
carbon_pipeline,power,ES-PT,5.237302806785815e-08,6.307139265128312e-09,4.543682809589042e-09,4.068139636026629e-09,3.95737961688241e-09,4.015953606393579e-09,4.157843933342971e-09,4.355785673825798e-09,4.631377493045876e-09,4.920805100356486e-09,5.222848931655918e-09,5.555605381586879e-09,5.902472675418587e-09,6.2587940001823285e-09,6.669502785064774e-09,7.112236825950176e-09,7.54128666161318e-09,7.966605713368285e-09,8.51588218589696e-09,9.065588751765179e-09,9.627704853969735e-09,1.0213638387724746e-08,1.1020249041532636e-08,1.176078782553869e-08,1.258346709588934e-08,1.3639390167081483e-08,1.4497752672160547e-08,1.674270164982849e-08,2.1289419555215407e-08,3.349609157198226e-08
carbon_pipeline,power,FI-EE,3.204083366832157e-08,3.2195542506408456e-09,2.39598459517582e-09,2.0798842172936808e-09,2.1166923133852025e-09,2.0699133830658764e-09,2.1886766578250534e-09,2.3523541522123567e-09,2.591785113515416e-09,2.795623000798434e-09,3.007461151734083e-09,3.130175642212199e-09,3.460881652967615e-09,3.749301214891009e-09,3.941765039493004e-09,4.290055915028297e-09,4.858666203326976e-09,6.504381415371094e-09,5.520411417925594e-09,5.3585822692683214e-09,4.914523591686377e-09,5.121517169778169e-09,5.546725274602526e-09,6.122530732615653e-09,7.057699708783175e-09,9.541792987802958e-09,1.742192109006668e-08,1.6342155696266368e-08,1.8618336752370943e-08,2.0989163995821378e-08
carbon_pipeline,power,FI-NO,7.638984591730746e-08,7.368616280545327e-09,6.0055643358160795e-09,6.6979656887549805e-09,6.916315380413751e-09,8.988383865123396e-09,9.823163757694723e-09,1.0789488903114631e-08,8.64964158913997e-09,1.0264990572877801e-08,1.2450741556516183e-08,1.1268820687504294e-08,1.2150540759329648e-08,1.9910310088777448e-08,2.372467751058369e-08,2.7304490420646516e-08,8.040314873510798e-08,4.99473238291385e-06,0.19112602498919348,0.5266893953409367,0.06384107643352932,0.5329465777372651,2.2232601753158436e-08,2.1273161660083723e-08,3.302030808972896e-08,1.0904125365699206e-07,1.0559476005273282e-06,6.124151529439962e-06,4.9144334023457314e-08,8.549674870393676e-08
carbon_pipeline,power,FI-SE,5.686384071160405e-08,6.056271285305088e-09,4.59985612455594e-09,4.5592629775887514e-09,4.713856011367227e-09,5.090925691561526e-09,5.131285944419171e-09,5.180856376385351e-09,5.177289457708365e-09,5.6165951600445385e-09,6.052032356329678e-09,5.861963779563282e-09,6.272103212134055e-09,6.97677727869287e-09,7.655908756228593e-09,8.068125065161409e-09,1.0032484648253747e-08,2.5793410829253487e-08,1.2651122101506496e-08,1.0868242652022497e-08,9.20532634088342e-09,1.0784422160561295e-08,9.594272606146199e-09,1.0995233332383605e-08,1.5478405964410486e-08,2.610404111052545e-08,1.0814248389845427e-07,9.734141951299594e-08,2.149018992984889e-08,1.90174920524807e-08
carbon_pipeline,power,FR-BE,5.651247805885109e-08,6.82384281935434e-09,5.026655540347507e-09,4.9306894220399e-09,4.05816620357897e-09,4.344190030092734e-09,5.017015608319376e-09,3.922097040493909e-09,2.946561473798486e-09,2.431769372294346e-09,2.454889410857508e-09,3.076454019388336e-09,3.8430582197401215e-09,5.108002029902821e-09,5.930549439709784e-09,5.774513933417414e-09,3.616870168400521e-09,3.57451601493477e-09,5.38980045156767e-09,8.122451874776825e-09,1.2094164388374374e-08,1.141273507861834e-08,1.4603928214989378e-08,3.087627740524576e-08,5.307888669940711e-08,6.047599082524923e-06,0.00012647731981053748,5.576898896522061e-07,1.6749480538441968e-08,2.6301808066948936e-08
carbon_pipeline,power,FR-CH,5.2197483902902525e-08,5.778021885400937e-09,4.289489272134071e-09,3.876637626023361e-09,4.554662135239048e-09,4.062081370251978e-09,3.8270887122295505e-09,4.115676101263534e-09,4.830626492784619e-09,5.70489989872777e-09,6.347667175760076e-09,4.338279579924944e-09,3.6775274709223927e-09,3.227481510275135e-09,3.271397933268869e-09,3.4032462667877466e-09,4.381421646508691e-09,5.687272601547372e-09,6.448890711441336e-09,7.176018387634728e-09,7.635886427282546e-09,9.230274149993675e-09,1.1084448829083139e-08,1.3144311244608932e-08,1.5218863815784438e-08,1.4768348566831898e-08,1.3303222154107088e-08,1.362360607489582e-08,2.1229082716339705e-08,3.0779185581970513e-08
carbon_pipeline,power,FR-DE,3.375985958039302e-08,3.77845361403237e-09,2.7609892958340717e-09,2.515706664411686e-09,2.370048720975537e-09,2.456158391705214e-09,2.4647281841799845e-09,2.462430713354259e-09,2.5085148121467795e-09,2.7325416812006483e-09,2.9549631918897585e-09,2.161128280058363e-09,1.707131873163714e-09,1.4430741738560468e-09,1.4601701569940588e-09,1.7264891347048368e-09,1.8381754658403091e-09,2.127225384631943e-09,2.7890781916322143e-09,3.413122733600828e-09,4.895073069414153e-09,5.154397629188797e-09,5.924277802854714e-09,7.3139658491604895e-09,9.957768753350838e-09,1.8472057194420845e-08,1.1798217386653018e-08,1.0123467421423529e-08,1.160732780043447e-08,1.6546004092175167e-08
carbon_pipeline,power,FR-ES,2.393115971256631e-08,2.7468435180455554e-09,1.953698303917924e-09,1.727135636570776e-09,1.6826615528447493e-09,1.7128356617520905e-09,1.7733434702454412e-09,1.8538130553857543e-09,1.976624536801181e-09,2.1045445994852737e-09,2.2495564442048644e-09,2.3490124584494617e-09,2.519379514977644e-09,2.709046626209076e-09,2.8883856457209786e-09,3.1271996655471988e-09,3.4237437662664236e-09,3.769917329568631e-09,3.9727208928555895e-09,3.9968721461402445e-09,4.242691233066568e-09,4.473423721286531e-09,4.95367197481068e-09,5.450276739006515e-09,6.0329137363818625e-09,6.5724837521287555e-09,7.230404168043606e-09,7.67899185438895e-09,9.114172682527411e-09,1.4015086293101273e-08
carbon_pipeline,power,FR-IT,2.7385833167127876e-08,2.865597000946945e-09,2.2734680693255594e-09,2.3284237038959695e-09,4.729696203002634e-09,3.313715128609429e-09,2.962805346305671e-09,3.474620383171864e-09,3.79496109051635e-09,4.7713679822484e-09,5.286067465296933e-09,3.5654100942030376e-09,2.986759965274799e-09,2.0610871526571964e-09,1.3470488724738647e-09,1.1046981398679436e-09,1.096761054500164e-09,1.2621740919767396e-09,1.8102744028073345e-09,2.5640808357455625e-09,2.9813883971017888e-09,4.7165156169376054e-09,7.709499791500784e-09,1.3959981754454175e-08,1.9136841751313172e-08,1.712993816198826e-08,6.887277847452875e-09,6.9361727103758604e-09,1.5376559793148858e-08,5.2738950873004206e-08
carbon_pipeline,power,FR-LU,6.171152547442444e-08,7.207131808317059e-09,5.315860011505834e-09,5.197774795831493e-09,4.333028464195082e-09,4.657565892910824e-09,5.3337530069859065e-09,4.390752591236592e-09,3.4857120224708996e-09,2.9711334179273887e-09,2.969640116075102e-09,3.580191464821943e-09,4.122854015209846e-09,4.744953621003683e-09,4.867625429464014e-09,4.782718357091096e-09,3.4429846371900456e-09,3.552474924735886e-09,5.066383955380766e-09,7.503677046147607e-09,1.0941235646942477e-08,1.1265792153425496e-08,1.4110540576882443e-08,2.4444378620169994e-08,3.886969968907309e-08,3.7764383190081966e-07,1.3242129944997828e-07,8.133562926382354e-08,2.177720367743894e-08,3.437458946053928e-08
carbon_pipeline,power,FR-NO,1.3557672228743722e-08,1.5072311350322567e-09,1.0639442349559196e-09,8.948576962994766e-10,7.729457437441586e-10,8.460430600375592e-10,8.860872823952748e-10,9.49966440476256e-10,1.0454216204228993e-09,1.1914667695873946e-09,1.314536680927477e-09,1.3240581873325453e-09,1.281187369111545e-09,1.3757491880353774e-09,1.4483724716043837e-09,1.417675350405307e-09,1.1819533744519423e-09,1.1729370123907218e-09,1.8433443651145464e-09,6.033364679722723e-09,1.3710463343451834e-08,5.45789865956978e-09,5.984376233332461e-09,8.153280274418024e-09,6.958004756539496e-09,3.6243406578622352e-09,1.429030645504448e-09,2.501822987824013e-09,2.0389701254898826e-08,1.3117721665220937e-08
carbon_pipeline,power,FR-UK,3.104412916217492e-08,3.5531829192886984e-09,2.7120420089291127e-09,3.026816280537274e-09,5.809745472476968e-09,3.556772133785632e-09,2.5721014501386246e-09,2.9941357617589213e-09,3.4406579207976112e-09,4.217391927961731e-09,4.6077800281972594e-09,4.297987984856543e-09,4.801951546265856e-09,5.630584945496692e-09,5.675147229647634e-09,5.376944208040435e-09,2.5451556874374614e-09,1.7782173385453473e-09,2.6113743893502188e-09,9.776292132001581e-09,2.3881673278333547e-08,7.11529881902788e-09,6.332264342804614e-09,1.0118029685832373e-08,2.452800847232942e-08,4.71365738307852e-07,3.3248710884372094e-08,2.2718757772437338e-08,9.03094778078758e-09,2.1339392809827147e-08
carbon_pipeline,power,HR-HU,7.454543560412519e-08,8.448618447235897e-09,5.977615158639016e-09,5.237902681612216e-09,5.469416615388956e-09,5.250837895581964e-09,5.298277885509714e-09,5.042455542176861e-09,5.689759881863387e-09,6.0694926612867805e-09,6.431454707369237e-09,7.383758990368945e-09,9.10078461762647e-09,1.2604623936935092e-08,1.6770674652794552e-08,1.8998685105485697e-08,1.4212368473814873e-08,1.8383210419915056e-08,2.9078626740671697e-08,2.8911307373738725e-08,6.29540988095061e-08,2.8191379995875485e-08,2.702151572046611e-08,4.451194801708586e-08,4.146977554909616e-08,5.874545286067839e-08,2.2267072427399253e-08,3.710660607967674e-08,9.169806636808115e-08,5.504474254592909e-08
carbon_pipeline,power,HR-SI,1.3748602878054728e-07,1.5512531734986265e-08,1.1584067462927417e-08,1.126827882262736e-08,1.527516572765144e-08,1.4333409086900589e-08,1.5156707876496244e-08,1.5160456114088877e-08,1.6040844077462408e-08,1.7478025721949674e-08,1.754007009732879e-08,2.0966604141048652e-08,3.220243695309572e-08,9.310974163148537e-08,2.4351121794237514e-07,1.1698072149815879e-07,4.459320666510957e-08,1.0277764913447463e-08,5.658344909114048e-09,4.706457545633122e-09,4.225480288200103e-09,5.8119976483522424e-09,8.056030591753204e-09,1.2220195464772426e-08,2.6393447582969943e-08,9.427123803059846e-08,8.667937003264249e-08,6.959752275483672e-08,7.668021983064451e-08,1.0959489225971157e-07
carbon_pipeline,power,HU-AT,6.557587439098344e-08,7.85510150849201e-09,5.735221361454203e-09,5.5240045535749085e-09,5.21905657001443e-09,5.814467807682329e-09,6.344791186394678e-09,6.9304466726722215e-09,6.631891518403041e-09,6.809349081029455e-09,6.881512682122432e-09,7.782577940816453e-09,8.001264058585262e-09,7.69593183157096e-09,6.761585361754671e-09,5.825333097589782e-09,5.2016755476805715e-09,3.97214138302752e-09,3.3494063907050695e-09,3.668296442322456e-09,3.726426593074934e-09,5.765884083418323e-09,8.211695059568124e-09,1.1054470080820681e-08,1.6444612681644836e-08,2.3224081907850038e-08,2.9505224432734482e-08,2.3943671054653213e-08,2.9680641210259198e-08,4.130365175304073e-08
carbon_pipeline,power,HU-HR,9.210946751185739e-08,9.371690984482754e-09,8.192448532424152e-09,8.208058438479125e-09,7.3163313866220945e-09,8.816377090831526e-09,1.0016488386501199e-08,1.4201068626180132e-08,1.3232657753961276e-08,1.3976694326939847e-08,1.4376984611318463e-08,9.108235185245811e-09,5.706705161583555e-09,3.694050140555754e-09,2.906751998859235e-09,3.296943156251764e-09,4.772085607051028e-09,5.448255090346111e-09,4.8394873536756095e-09,5.218652454298048e-09,5.297135170395115e-09,9.383893078951098e-09,1.822157655438591e-08,3.750891050702412e-08,6.358450790527105e-08,1.5391174508590395e-07,1.0565414560229172e-07,2.5638854559160044e-08,1.626606735179361e-08,3.06754855391407e-08
carbon_pipeline,power,HU-RO,5.248198647906181e-08,4.860949497756857e-09,3.748253797189859e-09,3.779234661241947e-09,9.96510700161162e-09,5.703809780449078e-09,5.070762834764234e-09,5.255210645635727e-09,5.926806284000531e-09,6.130339555756388e-09,7.145098190144184e-09,7.2424950307406324e-09,1.1002425223221567e-08,1.8968905469166476e-08,4.007255412361197e-08,4.6593701818919044e-08,2.2507333704726172e-08,7.528025929889881e-08,2.692342155314591e-07,2.823419048842991e-08,2.5148228293814346e-08,2.4476200790904853e-08,2.009062412771917e-08,9.27203534865245e-08,9.5056145889541e-08,3.033324861221543e-07,1.069309508041345e-07,4.5617393494721896e-07,1.7233189413209565e-06,1.4969059524022844e-07
carbon_pipeline,power,HU-SI,7.920884909014477e-08,8.916264983431222e-09,7.008981605700323e-09,7.289205369933642e-09,8.529117838140735e-09,9.330683603116096e-09,1.0596922884034512e-08,1.4201678531250743e-08,1.2660079807857157e-08,1.4574618749927797e-08,1.618870102356754e-08,1.865673176974322e-08,1.9075039302851845e-08,1.6843622726569705e-08,9.782119899585301e-09,7.282279066402973e-09,6.4047778808126445e-09,3.5744740131667206e-09,2.5507861054890622e-09,2.554257528674041e-09,2.4956053816414145e-09,3.924539716269631e-09,6.2135433655821904e-09,9.2610476073151e-09,1.4154084437472135e-08,1.772676364582071e-08,3.586203289100247e-08,2.0435464305811633e-08,2.738645231748876e-08,4.5663909319597553e-08
carbon_pipeline,power,HU-SK,1.8006954879489595e-07,1.8021310154409344e-08,1.4336887457690132e-08,1.2495791011351063e-08,9.818611257274388e-09,1.093639388678415e-08,1.1760857932395175e-08,1.142661257464822e-08,1.2804302607546942e-08,1.3951278166603046e-08,1.5316935086888957e-08,1.678540338680055e-08,1.7538943660704946e-08,1.8903463911206657e-08,2.0435105371982964e-08,2.2937299891109678e-08,2.199636351146143e-08,2.1258031890607056e-08,2.085365972881055e-08,4.659838256900152e-08,1.1277354226343044e-07,6.471771498542951e-08,8.496408733547464e-08,1.032359439778458e-07,9.9431281317685e-08,1.0410162569141091e-07,7.176863561116992e-08,7.356791788182274e-08,8.762664284816242e-08,1.184408972715993e-07
carbon_pipeline,power,IE-UK,6.975729245322619e-08,7.588363984418854e-09,5.891330520399008e-09,6.474459666975691e-09,9.446479863254334e-09,8.596927302502667e-09,7.779278333108679e-09,8.36878500263628e-09,8.622707552119173e-09,9.53553360303963e-09,1.1818785190326038e-08,1.0315419506086211e-08,1.2834288378530968e-08,1.505831556902379e-08,1.767614343836703e-08,2.0239504375840614e-08,1.0538625778002712e-08,1.9993216247549624e-09,1.147467279017621e-09,1.193100881233312e-09,1.5775257142484322e-09,2.268705257678969e-09,3.4725223448338735e-09,6.239751834615481e-09,8.768863455852841e-09,1.2460684569692467e-08,1.7220509047362305e-08,1.804144465968065e-08,2.0784509043750667e-08,3.4483930759968784e-08
carbon_pipeline,power,IT-AT,5.015207149465785e-08,5.45165326465547e-09,3.5063842255052185e-09,2.5366520674410083e-09,1.7130830727855223e-09,1.9865632263381537e-09,2.2593157746979967e-09,2.4948215241999467e-09,2.939578055973198e-09,3.3385767596991924e-09,3.6455008916469235e-09,3.547730175516922e-09,3.6553135659993888e-09,3.900078418570505e-09,4.161147115084362e-09,4.145004126445421e-09,4.06894319597013e-09,4.633387699223201e-09,5.140304063826741e-09,5.830021886954252e-09,6.636745012701567e-09,8.290456313530996e-09,9.991451391587618e-09,1.2839349473647906e-08,1.6180547626817168e-08,2.6117598409656335e-08,1.9135370060337424e-08,1.6256542613485675e-08,1.8358949729376752e-08,2.7900673659056813e-08
carbon_pipeline,power,IT-CH,4.9703938857387203e-08,5.275447962540671e-09,3.2492809638785423e-09,2.326856598349387e-09,1.480097105307902e-09,1.7381061681363358e-09,1.954962081939124e-09,2.0713532483606373e-09,2.4123182677501735e-09,2.6817515790957904e-09,2.930107252104242e-09,2.8517310290407615e-09,2.7891060106132526e-09,3.086267159253392e-09,3.8795942378715176e-09,4.647813868206634e-09,7.031360017204893e-09,1.1213676539393398e-08,8.790092634275285e-09,8.851894466461727e-09,1.2295561472347902e-08,1.1766910893521025e-08,1.9629280931781022e-08,2.8665046446953515e-08,1.8860022494038642e-08,1.5104218399998433e-08,2.033099730929777e-08,2.23458010240158e-08,1.506607990704617e-08,2.2495111856905963e-08
carbon_pipeline,power,IT-EL,2.6869250184790777e-08,2.581286359753043e-09,1.966940132772317e-09,1.896734276201648e-09,3.794612932516795e-09,2.3330458646382078e-09,1.95850911489795e-09,1.8133328545378496e-09,2.0504616975932933e-09,2.236186318669927e-09,2.3544985935119146e-09,2.8107817668338544e-09,3.4356135667776644e-09,4.843493696607035e-09,8.686186008362891e-09,1.1758740127298768e-08,5.501908351142774e-09,1.6214089410601164e-08,6.827574414152696e-08,5.535641578414437e-08,5.815162495022966e-08,6.636103561585609e-09,3.7060922204869293e-09,2.5643426272240846e-08,5.005560788807626e-08,1.644057009064764e-07,4.60323422962203e-08,1.0822158549624859e-07,0.08236615896025036,3.511525669749462e-08
carbon_pipeline,power,IT-FR,3.115402267098903e-08,3.3189093592281968e-09,2.045570244952178e-09,1.496432459381296e-09,9.45652344410115e-10,1.1103577204010606e-09,1.247518739638852e-09,1.2380660791101263e-09,1.3258571116507768e-09,1.346332524579102e-09,1.4110929124450072e-09,1.6110508102826172e-09,1.7803364006332764e-09,2.3364255344081506e-09,3.621189587025314e-09,5.628013110676842e-09,8.590921376883346e-09,1.460184210717281e-08,7.019275911120863e-09,6.410218917372316e-09,1.1831939441049103e-08,9.311690411530825e-09,1.53107849666187e-08,3.521271248847179e-08,1.7826876490160816e-08,1.3757753699438102e-08,1.531228026892734e-08,1.396808783286636e-08,6.598182272153664e-09,1.3701755128644139e-08
carbon_pipeline,power,IT-SI,6.743609989439621e-08,7.122769967223855e-09,4.715881386281982e-09,3.319562488961754e-09,2.219095816034457e-09,2.6472985389861204e-09,3.1229005203590132e-09,3.6355261752487706e-09,4.363835664836669e-09,5.079720697399863e-09,5.765609850160226e-09,5.325834709102791e-09,5.631616067023255e-09,6.046785571660788e-09,6.476202626162271e-09,6.493899163430868e-09,6.779320321316394e-09,7.4333506410497895e-09,7.711107573224546e-09,8.244646950660705e-09,8.807300447855036e-09,1.101804153571455e-08,1.3519207682285446e-08,1.658596207736434e-08,2.0752162202794115e-08,3.264851692020607e-08,2.5084477265788174e-08,2.1906007097014925e-08,2.4944451986595174e-08,3.8136009457214334e-08
carbon_pipeline,power,LT-LV,1.6684656956468826e-07,1.5776418120930066e-08,1.272492182472673e-08,1.1443906167632876e-08,1.0539095020124022e-08,1.1222399903091458e-08,1.236277040162491e-08,1.3815719361493106e-08,1.5717875764242976e-08,1.7806781321495552e-08,2.1026712155016348e-08,1.842640586672116e-08,2.2625549323097166e-08,3.0013718239072875e-08,3.039422110678734e-08,2.9668077899496798e-08,2.891317499176176e-08,2.8172015186399133e-08,2.7014504679102807e-08,2.6183303726328e-08,3.386451670134422e-08,4.070968363495387e-08,4.653930768925127e-08,4.555934745291697e-08,4.192067605706862e-08,4.121045054309822e-08,3.6622262362809675e-08,4.4291157191642074e-08,5.783202446170235e-08,1.0279966738406257e-07
carbon_pipeline,power,LT-PL,5.878247553115675e-08,5.131677732761307e-09,4.495337279324185e-09,5.232789302023054e-09,1.0207944668908248e-08,8.255805233144573e-09,7.050530259338338e-09,6.022144020103814e-09,4.988379852236876e-09,5.279829033363337e-09,5.256953845982625e-09,4.603501581296541e-09,4.3845635794560165e-09,3.4326874395536647e-09,2.995531882430095e-09,3.770479831064094e-09,5.390972572534641e-09,8.019336125801684e-09,6.870680737957182e-09,6.364054801911131e-09,7.048107124059202e-09,8.773915868345276e-09,9.848108337367578e-09,1.1655566914169893e-08,1.4068189513822678e-08,1.6580800254368825e-08,2.664678465087742e-08,2.457399797760628e-08,2.0824035065487277e-08,3.1856351573729733e-08
carbon_pipeline,power,LT-SE,4.398370788636466e-08,3.9133872320720086e-09,3.521218254542097e-09,4.2936074779736494e-09,3.914022277939151e-09,7.474977578504066e-09,8.306456769485003e-09,8.806420341784322e-09,5.7753990222631594e-09,6.938939158036903e-09,8.211284560937016e-09,8.914871203158658e-09,8.914058151107558e-09,1.4499476238003549e-08,2.2033461826862126e-08,2.169412795228742e-08,2.1453056807217477e-08,2.7863269142894368e-08,4.706090328664673e-08,2.0310157538586581e-07,1.4424120298673853e-07,2.0227961813494696e-08,2.5551975898048416e-08,2.3534057744853718e-08,8.456942153315604e-09,4.767223800979692e-09,2.5467802833289244e-09,6.985938666758204e-09,1.4222257541777434e-07,1.4543512725926695e-08
carbon_pipeline,power,LU-BE,2.324105308048594e-07,2.7379313160447995e-08,2.1277646191203467e-08,2.1804596645895808e-08,2.139536239051084e-08,2.250593904440409e-08,2.5799037686315844e-08,2.1539577286021047e-08,1.5813414300080318e-08,1.1708849578627687e-08,1.0813278297547381e-08,1.6525868187242846e-08,2.7899410452820596e-08,6.61603030992731e-08,3.6886368894194957e-07,2.777166496783693e-07,3.108794906138819e-07,6.748566428062642e-08,3.8390100818880655e-07,2.2424896680022394e-07,2.2892454529625254e-07,6.434954798733167e-08,5.852181203234753e-08,1.823039422323035e-07,5.444355870236371e-07,0.05120223576381412,0.01650618366142739,2.511660063653861e-06,8.648483581360636e-08,1.5876456602924206e-07
carbon_pipeline,power,LU-DE,7.418948750585637e-08,7.867346557875177e-09,6.024840497699832e-09,5.234956717207264e-09,5.546499131227697e-09,5.545547401819452e-09,5.008646978518142e-09,5.909712991877928e-09,7.79828349521399e-09,1.3628134249392789e-08,2.3431720459684868e-08,3.664571710332432e-09,2.15108784872902e-09,1.6879812797575613e-09,1.872908403628134e-09,2.5568800178574563e-09,3.6799683531089124e-09,5.098720554124558e-09,6.728855949866856e-09,7.776915615648213e-09,1.144155302208864e-08,1.2989648331729589e-08,1.5028596641189706e-08,1.5717913814931693e-08,1.792042019357875e-08,2.0709431469009593e-08,2.017384595593489e-08,2.1178540752618965e-08,2.5550809340128188e-08,3.6944693440566243e-08
carbon_pipeline,power,LU-FR,5.6852053838017326e-08,6.0785339019447336e-09,4.485296323912513e-09,3.865866150449961e-09,4.225678721068791e-09,4.086974278506785e-09,3.974866307864823e-09,4.867656297846622e-09,6.743749828989298e-09,1.106489254546298e-08,1.8844926089221726e-08,9.52615281422123e-09,1.0268175480595413e-08,1.0827766274680937e-08,1.3494175180909927e-08,1.1532791767825968e-08,3.0320531178535464e-08,2.1856815618955834e-07,2.2402341565253065e-08,7.227517033243991e-09,3.948261681419735e-09,8.994439250172935e-09,2.4756676138648776e-08,8.112834588887594e-08,4.547278898470928e-07,2.342381881150758e-07,1.1534114425393305e-06,2.830601118021179e-06,3.110564923995922e-07,1.7287177777915607e-07
carbon_pipeline,power,LV-EE,1.411457153126063e-07,1.261515963043391e-08,1.0685163214440433e-08,1.027791117167492e-08,9.785408621479784e-09,1.140963881603452e-08,1.2811447106981032e-08,1.4282554141992141e-08,1.536703358749654e-08,1.7681619497802755e-08,2.306030788539473e-08,2.1296412255238225e-08,2.1679894213059953e-08,2.483355210732793e-08,2.935856546022145e-08,2.880114418939558e-08,2.597351720124518e-08,2.4633321953643124e-08,3.18601378261487e-08,5.462144104596146e-08,7.556728995905121e-08,4.472189249714261e-08,3.950824515069043e-08,3.0836759799910313e-08,2.4128855719834702e-08,2.101443374712076e-08,1.7451914422304874e-08,2.2887769165222073e-08,3.6131342185457775e-08,7.642401823249467e-08
carbon_pipeline,power,LV-LT,1.6834411563745085e-07,1.5752771431464513e-08,1.3308373066300752e-08,1.33902740254688e-08,1.52786914050238e-08,1.5243688155606326e-08,1.526501357192044e-08,1.5573447835473982e-08,1.6068920481783983e-08,1.782537073025557e-08,2.0278036279886185e-08,1.7391374808882292e-08,2.1113396721484128e-08,2.6225265086446737e-08,2.3898032497085282e-08,2.5135482582819242e-08,2.859673899088528e-08,3.4588084187367386e-08,3.746417299965346e-08,4.4148039736599976e-08,3.5925240815808245e-08,3.1619279364192814e-08,3.0540079346204596e-08,3.472765181806502e-08,4.291847804881239e-08,5.088762553921739e-08,7.651102397594926e-08,7.335404152555812e-08,7.757864197550404e-08,1.0000838405656883e-07
carbon_pipeline,power,NL-BE,1.5817081652081127e-07,1.43192622685565e-08,1.0721443144640914e-08,7.88307166437551e-09,7.712315893086652e-09,7.07106143625189e-09,6.29461570757002e-09,7.0445468160521006e-09,7.579783593224662e-09,7.740400007641692e-09,8.77655422942939e-09,1.0287970536269019e-08,1.3442197628993667e-08,2.3407748677747493e-08,9.615740963363172e-08,6.437727029249576e-08,6.099046316559357e-08,4.507003480695136e-08,1.9592546945250017e-08,1.581401302424762e-08,2.302813534389174e-08,3.412455500260777e-08,9.9596589566693e-08,3.4683224880773013e-07,1.0768381428276883e-06,0.04848845352552414,0.017745427226833897,0.07863108936564805,0.1964177903695799,1.2550311812073397e-07
carbon_pipeline,power,NL-DE,7.246783060552236e-08,6.984698030365992e-09,5.100173205030326e-09,3.992167603834745e-09,4.132891842431478e-09,3.863596704099689e-09,3.293783658426155e-09,3.743640959116094e-09,4.347997817666215e-09,5.070952547028478e-09,6.342653257009907e-09,5.2214203518292165e-09,5.440156232210814e-09,6.2100910390618565e-09,6.684984748272097e-09,7.26427810251813e-09,8.335544853662424e-09,1.0068198433852322e-08,8.970884846367501e-09,7.744107901214037e-09,9.793794536354105e-09,1.2372700387291101e-08,1.7023262939725517e-08,1.9689222645236142e-08,2.328073178923924e-08,2.4175055954320007e-08,2.2624417623751497e-08,2.4063733187898633e-08,2.9201823581496568e-08,3.89657502794252e-08
carbon_pipeline,power,NL-DK,5.7797551735348435e-08,6.081753398704081e-09,5.025252243680096e-09,5.862175193341705e-09,5.223087404489296e-09,1.1629191615362194e-08,3.2111773598423513e-09,3.627864694111819e-09,4.384908713191907e-09,5.269698242721353e-09,7.2523382746714365e-09,7.289128332093815e-09,8.834404509820156e-09,3.0824977783314896e-08,2.5245725426901186e-08,1.7712064957928346e-09,3.197647415340412e-09,2.9307150777347474e-08,4.418290612811348e-09,1.5701335540079086e-09,6.712469415659827e-09,1.499244680413349e-08,5.654355552340774e-08,9.592075295604199e-08,1.638608199381593e-07,2.8874118055959064e-07,4.6422409658814e-08,1.708840348850701e-07,3.752645685946181e-07,2.1663656342153884e-08
carbon_pipeline,power,NL-NO,2.0256918394956697e-08,2.024794955029636e-09,1.4423936135281133e-09,1.1148542670385453e-09,9.699228167788618e-10,1.0312100488421016e-09,9.889430985272999e-10,1.1055898111380844e-09,1.2840703746283351e-09,1.4744100627721667e-09,1.7296136947136793e-09,1.971148299445719e-09,2.3018460274471645e-09,3.975663132634063e-09,5.909782182505517e-09,3.931351444899672e-09,3.473242904334821e-09,4.151665489278536e-09,5.0039431381432805e-09,3.191676034847068e-08,8.481621230562686e-08,3.19612435834924e-08,7.463939596866391e-08,2.5112965883676612e-08,4.2357379510560895e-09,1.4670290346598912e-09,9.182657011190626e-10,1.8727189110438503e-09,8.267888100076443e-08,5.2075598841643416e-08
carbon_pipeline,power,NL-UK,4.828321913466313e-08,4.739078527605932e-09,3.7058125563444927e-09,3.797989068278198e-09,1.0330557100618492e-08,3.635849683789968e-09,1.78476946071668e-09,2.0531821560793317e-09,2.5426291331685778e-09,2.7634918462347166e-09,3.316215607479056e-09,4.363115183088493e-09,7.4718501992725e-09,3.1913942384918815e-08,1.6476170927126255e-07,8.507801677071902e-08,1.740778919337844e-07,0.1083097157905906,0.02104514624034797,0.0669834728785439,0.05328035683664003,6.665311665020014e-08,1.828830523732361e-07,2.6100116179781244e-07,1.1317340907873628e-06,4.844288583359988e-07,6.800286800606757e-07,5.337350802831517e-07,0.0733918568818005,2.9646646309452537e-07
carbon_pipeline,power,NO-BE,1.4639706549366944e-08,1.6306235672190972e-09,1.1661821747980354e-09,1.0831938919986632e-09,1.1326761485183817e-09,1.0541929776001781e-09,1.0804219203375831e-09,1.026139891064546e-09,9.634289579797904e-10,8.954207725764247e-10,8.83284715430931e-10,1.0325732491722926e-09,1.2049833164725855e-09,1.3287111501645285e-09,1.453732276539555e-09,1.6258219418772581e-09,1.7104723084110193e-09,1.6750365509570335e-09,1.588198434041301e-09,1.4125656036660257e-09,1.422628118432201e-09,1.7166154071290118e-09,2.1161634409538094e-09,2.6380837183914994e-09,3.0994528786216632e-09,4.199693003261093e-09,8.045743911188123e-09,8.965607087556781e-09,5.713172387614073e-09,8.031708036995898e-09
carbon_pipeline,power,NO-DE,1.5889957246554352e-08,1.7539148487104255e-09,1.2591798897367495e-09,1.164368839525444e-09,1.242626500296227e-09,1.1526640627406505e-09,1.152415825093896e-09,1.14162391446377e-09,1.1428023777211373e-09,1.1592712403753152e-09,1.1985330971013552e-09,1.1310319758914993e-09,1.1234017629807642e-09,1.0560173531194203e-09,1.0894968240695228e-09,1.3313846234339377e-09,1.535784260040217e-09,1.6480467513918936e-09,1.6041227560572218e-09,1.4212667016143213e-09,1.475404982793889e-09,1.7540540829694987e-09,2.0812756038713433e-09,2.426466970734052e-09,2.821970075304165e-09,3.731585293015509e-09,6.372100455972297e-09,6.810472585125976e-09,5.973616160012223e-09,8.100806940346324e-09
carbon_pipeline,power,NO-DK,2.2381381358121063e-08,2.5463599512949168e-09,1.9037877778653365e-09,1.973225051070759e-09,2.238489384524474e-09,2.6125033742751272e-09,2.131998725068945e-09,2.0198572855718265e-09,1.9755803077683985e-09,1.962948252713454e-09,1.9415608710397036e-09,1.8552665324614399e-09,1.8446939207202769e-09,1.6468882934560565e-09,1.5240767073205418e-09,1.4619304379120888e-09,1.9811332442574503e-09,2.4484281383039584e-09,2.0523029047305985e-09,1.4372902912056784e-09,1.6679327031749492e-09,2.114580855919815e-09,2.6363630013372887e-09,3.2458969622723407e-09,3.941787761137544e-09,5.510741757517904e-09,1.0474256974920373e-08,1.1141270929339897e-08,9.361870703962016e-09,1.1961907358610261e-08
carbon_pipeline,power,NO-FI,5.731928429016604e-08,6.159385937872874e-09,4.3655747155217705e-09,3.6804619119601707e-09,3.6162003431937053e-09,3.518282328230013e-09,3.7160741161393807e-09,4.034507426675555e-09,4.699289709660811e-09,5.225050334446323e-09,5.9209631245364504e-09,4.955857295011036e-09,5.826174325202312e-09,6.50812401074418e-09,6.368026791185745e-09,6.1808633715815015e-09,5.658758503183e-09,5.503917177432804e-09,6.342935158972695e-09,7.052929425759795e-09,7.491503987832713e-09,8.184544938153485e-09,9.732874859869951e-09,1.0871384955704537e-08,1.1939588715652913e-08,1.3332873374398158e-08,1.6235900146267074e-08,1.9407865202352972e-08,2.3157690073769603e-08,3.3849789922292855e-08
carbon_pipeline,power,NO-FR,1.1933594610134376e-08,1.3076423573620423e-09,9.335807756491118e-10,8.523687236956094e-10,8.977372974061479e-10,8.399850889065896e-10,8.512095824870287e-10,8.589537111596608e-10,8.708185450638199e-10,8.722393790125437e-10,8.926445538904666e-10,9.631804978581514e-10,1.0772780505114547e-09,1.1370983096144e-09,1.2173725821572629e-09,1.3745750735019539e-09,1.6001589052389768e-09,1.674570457357355e-09,1.3646802009437814e-09,1.0918743185180233e-09,1.038337071746444e-09,1.3597909359428298e-09,1.7296181673550803e-09,2.1544550630253688e-09,2.422224358250171e-09,2.7555895730332018e-09,5.959448008897386e-09,6.287246875311433e-09,5.2587267766770585e-09,6.4161354667200684e-09
carbon_pipeline,power,NO-NL,1.5945996762626665e-08,1.8107964255218003e-09,1.3067479097170365e-09,1.2483961499003565e-09,1.3350733901524525e-09,1.2754141677983184e-09,1.4060945646649598e-09,1.3495854875148894e-09,1.3189012664113705e-09,1.305280229947156e-09,1.26502965337831e-09,1.2276300017406155e-09,1.2056021419876659e-09,1.055019630569961e-09,1.06750141251788e-09,1.3478404733003915e-09,1.5469703059137032e-09,1.6256613621713125e-09,1.6488420356243492e-09,1.5181885635566737e-09,1.5111919782337655e-09,1.78561459244051e-09,2.104320242246225e-09,2.5162105029333836e-09,2.924649097834519e-09,3.935278935434086e-09,7.587327647807685e-09,8.67184997469117e-09,5.756772648248175e-09,8.606644578151005e-09
carbon_pipeline,power,NO-SE,9.693771058687967e-08,1.0512029180054486e-08,7.888524265702012e-09,6.951613789638427e-09,7.124324128667471e-09,6.941403502244823e-09,7.115027429121201e-09,7.498408709589543e-09,8.716705178399426e-09,9.751135351598988e-09,1.0909709512860372e-08,9.073750427595087e-09,1.0665445832290884e-08,1.163978079038444e-08,1.1030009563852523e-08,1.039945306436535e-08,9.57310515538206e-09,1.1698015482180983e-08,1.2974751467917304e-08,1.4433961723439651e-08,1.4019185338820753e-08,1.4792902506340162e-08,1.6584042060428953e-08,1.8921978788120742e-08,2.3153545582923056e-08,3.080609416401179e-08,6.470599734510142e-08,7.473192283613389e-08,5.259471739686439e-08,6.413467027272945e-08
carbon_pipeline,power,NO-UK,1.566832546400388e-08,1.7284517233308195e-09,1.27407229090234e-09,1.2806232952643286e-09,1.7449011016028365e-09,1.3261761924271403e-09,1.1781096942898007e-09,1.1977611596475173e-09,1.2148939708041538e-09,1.2186735042152898e-09,1.2267652638660712e-09,1.3304808375038466e-09,1.5454557870978306e-09,1.636065633474003e-09,1.6949055392638267e-09,1.899298940756822e-09,1.9882324884487175e-09,1.8462433273941079e-09,1.529698582643696e-09,1.2320461049312667e-09,1.2070454002726233e-09,1.5853892745975355e-09,1.977826976933571e-09,2.5691796025186027e-09,3.0047240405899917e-09,3.630143553357901e-09,8.162157193035653e-09,8.728347361987622e-09,5.78326633756463e-09,7.755585781865717e-09
carbon_pipeline,power,PL-CZ,7.274851079366286e-08,6.919375161051905e-09,5.878621004024111e-09,6.342091109838971e-09,8.507821783298112e-09,8.107054999672333e-09,8.187486804444096e-09,8.605278519251182e-09,7.447695157517609e-09,7.2720604343556794e-09,7.209131157066296e-09,7.026473077333105e-09,6.9486084126569825e-09,5.4881967998782365e-09,4.158159906010535e-09,4.018659475225302e-09,4.1143088874765985e-09,4.782626633113574e-09,5.108922757867785e-09,4.039233965020023e-09,4.549037409034209e-09,7.714195091801758e-09,1.1962739595135067e-08,1.520163597105114e-08,1.6730809867988782e-08,1.931748843983251e-08,2.6094817060628293e-08,2.773097798395544e-08,3.210431682341109e-08,3.730105465642792e-08
carbon_pipeline,power,PL-DE,4.775386571043293e-08,5.1477436869641474e-09,4.046176512785189e-09,4.612955178867899e-09,4.279931649436676e-09,5.791209615674496e-09,6.8194000493653025e-09,5.714311104064492e-09,3.356577242393852e-09,2.853483684134774e-09,2.8639605196838966e-09,2.414699230382999e-09,1.8172827243049799e-09,1.6022236907087637e-09,2.062951739433741e-09,4.309676858859788e-09,7.393519200637111e-09,5.469445939357539e-09,4.014302531669274e-09,2.1905677516819935e-09,2.5915532192645174e-09,4.368418020092704e-09,9.885282676914939e-09,1.9751171414763325e-08,1.8455351716672672e-08,3.9517172165220894e-08,2.5025835725911973e-08,1.9465234887361785e-08,8.330321612236578e-09,1.6026365357484437e-08
carbon_pipeline,power,PL-LT,5.815895419636306e-08,5.880146740662576e-09,4.27002371202712e-09,3.322508236212751e-09,2.6141956347021827e-09,2.9637341817002247e-09,3.5281315502528306e-09,4.202249140210849e-09,4.935336305376703e-09,5.542554779920095e-09,6.11018180279137e-09,6.845280677438066e-09,7.581554724541944e-09,1.0944404760327503e-08,1.8077314994587415e-08,1.8888476311304136e-08,1.967985700863348e-08,2.6129566459463053e-08,3.4596077565611024e-08,1.2962569307062296e-07,1.5375410464339947e-07,6.765873497837941e-08,7.673947192761358e-08,7.160572357916169e-08,3.6376686570620965e-08,2.2298790794454908e-08,1.0452563250602019e-08,1.7659683857729536e-08,4.212280083294442e-08,5.8540218357230154e-08
carbon_pipeline,power,PL-SE,2.8586517031967157e-08,3.147738844712923e-09,2.3547848885478204e-09,2.0839554539548362e-09,1.5477870218336535e-09,2.0705152455556224e-09,2.446280574687119e-09,2.734647672977758e-09,2.778195106295433e-09,3.1020600953282824e-09,3.391537431744993e-09,4.004100569828415e-09,4.108593220501372e-09,6.97995624671045e-09,1.4020370704199793e-08,1.4827623704774023e-08,1.4761728454341941e-08,1.5564063820596304e-08,3.504429703446147e-08,4.1808424180926886e-07,1.3871430636922587e-06,2.0326632142108795e-08,1.556905815300333e-08,9.145905143469515e-09,3.92995409307133e-09,2.4468105574759698e-09,1.4596791671820948e-09,2.903219755853252e-09,1.1052985403022847e-08,8.2773900967059e-09
carbon_pipeline,power,PL-SK,7.033028196827492e-08,7.435719329484586e-09,5.855330864233223e-09,6.022433324285368e-09,9.372786475026026e-09,7.749955181162888e-09,7.558568449772442e-09,8.353552423348317e-09,8.268019881008972e-09,8.809601292073114e-09,9.427481850866192e-09,8.919913029100909e-09,1.0584152910846713e-08,9.64118784745664e-09,7.17505833056378e-09,5.892883900851401e-09,6.829090397611856e-09,8.309235128893578e-09,8.68495361881053e-09,4.456932269606888e-09,3.5842245604567426e-09,6.799741391497505e-09,1.2205303568624032e-08,1.698008676201366e-08,1.752258701156242e-08,1.7270375776037358e-08,3.560504850634308e-08,4.2875873578503865e-08,1.717257203212371e-07,4.5181806236705135e-08
carbon_pipeline,power,PT-ES,6.476038954097756e-08,6.5906320714480085e-09,5.470431073687149e-09,5.4893222996585685e-09,5.7514225767535914e-09,5.973080278672254e-09,6.308717216583107e-09,6.6698647647833035e-09,6.610929536740427e-09,6.946309321633795e-09,7.77950256425225e-09,7.35639823949876e-09,9.206431385531504e-09,9.700787961738048e-09,1.067188255956013e-08,1.2525914025526059e-08,1.4756663087947996e-08,1.8704644999477735e-08,1.5391714102778304e-08,1.3852588750733787e-08,1.380927777207223e-08,1.4147192964557818e-08,1.3534129284079614e-08,1.5216054229992142e-08,1.8712505732393293e-08,2.3873553537002013e-08,6.110876038403024e-08,4.7671265899010064e-08,2.9681098810307453e-08,3.859474759855028e-08
carbon_pipeline,power,RO-BG,8.030217453078247e-08,7.76913198760172e-09,6.4059830948475135e-09,6.944242810973004e-09,2.3321423920041294e-08,1.4132311169977152e-08,1.2875104235428607e-08,1.3622793704514419e-08,1.2994717137552166e-08,1.35206671535696e-08,1.9632409641833235e-08,2.199952387550856e-08,2.394722378327113e-08,3.533555929881109e-08,6.537636702407123e-08,7.209333782101083e-08,3.4037508304925514e-08,9.085344709694134e-08,3.283138317086292e-07,2.4549172665068693e-08,1.9083351133888022e-08,1.4737036051313577e-08,1.2345667252592671e-08,4.290843983242907e-08,6.850628216576532e-08,2.814534463015218e-07,1.0515674744997564e-07,4.441551325025373e-07,1.8736429958995839e-06,1.281245441051335e-07
carbon_pipeline,power,RO-HU,6.865085877407794e-08,8.057610495084759e-09,5.693000054298036e-09,3.807689115275824e-09,1.5409301025554457e-09,2.0625963393435165e-09,2.7758304046670887e-09,3.4812121504919335e-09,3.995406096301926e-09,4.89511902528037e-09,4.868517386460079e-09,3.0883074508291035e-09,2.5506359018842994e-09,2.1345324338168557e-09,2.254193212768995e-09,2.6861813342493503e-09,3.6316057682786318e-09,4.552654971178083e-09,4.306893507270568e-09,5.783630252036171e-09,6.33145698550346e-09,9.375576119619715e-09,1.4009631091207516e-08,1.6283682920195613e-08,2.1864068056658475e-08,2.92439032576019e-08,4.7692382489485726e-08,2.59778801695964e-08,2.8307516684793066e-08,3.7834258456740894e-08
carbon_pipeline,power,SE-DE,1.8345615679656653e-08,2.0218635855302625e-09,1.4642149335198085e-09,1.374320965549814e-09,1.488187655834581e-09,1.3773530410188622e-09,1.3811166186266756e-09,1.3588398036393703e-09,1.3240131998716214e-09,1.3288737294852193e-09,1.370682610237304e-09,1.3014588223414837e-09,1.2726201129053002e-09,1.188039670701177e-09,1.2399314643790701e-09,1.5823054687619767e-09,1.917477059094998e-09,2.0069450152265426e-09,1.8808305808665748e-09,1.5923782817303454e-09,1.67473999272162e-09,2.049338562831042e-09,2.4667209832821896e-09,2.8966068162315106e-09,3.340229324230357e-09,4.399522456798265e-09,7.177131370042417e-09,7.724294786050108e-09,7.02764803960702e-09,9.68383138598689e-09
carbon_pipeline,power,SE-DK,2.734491557804967e-08,3.1389751899824664e-09,2.397993263361593e-09,2.604988876945859e-09,3.0844638130880854e-09,4.031195882115588e-09,3.0422785792152213e-09,2.8485073489884447e-09,2.6373407202702546e-09,2.59420104305406e-09,2.5657765239235795e-09,2.3487264321084383e-09,2.2820553199545027e-09,1.977846368581374e-09,1.7500799152091726e-09,1.6289228454565606e-09,2.665766044333445e-09,3.456492731066795e-09,2.4663562291535e-09,1.4923418212030137e-09,1.711102044040333e-09,2.3205696457115403e-09,3.0523658292575232e-09,3.917513534802654e-09,4.82437991302612e-09,6.804300221697124e-09,1.2287605590186778e-08,1.3003710343572194e-08,1.1589703145100064e-08,1.5202614225283613e-08
carbon_pipeline,power,SE-FI,5.2150248350768487e-08,5.844182535302611e-09,4.20150370591849e-09,3.5697891213759493e-09,3.416558931861068e-09,3.3889784731625646e-09,3.6059932196180297e-09,3.900013286487248e-09,4.298575659158764e-09,4.574136895650456e-09,4.93970782542488e-09,5.051443327156089e-09,5.508512425358056e-09,5.908411627335884e-09,6.128791890832823e-09,6.407655882779442e-09,6.066834059201961e-09,5.0295723899346905e-09,6.217554043741336e-09,7.154714171504761e-09,8.321035488607685e-09,8.78969615331403e-09,1.071049484581449e-08,1.1291942773286038e-08,1.037854104906293e-08,9.265873266986685e-09,8.325175996524677e-09,1.0452497766132382e-08,1.640328669878542e-08,2.893939360998495e-08
carbon_pipeline,power,SE-LT,2.5301277227886126e-08,2.6508396685959534e-09,1.933019774606259e-09,1.659495762201487e-09,1.6785663490715123e-09,1.6123055308039506e-09,1.6969664356975442e-09,1.8289256605619264e-09,2.0037904213224806e-09,2.12854196055478e-09,2.256713380905548e-09,2.339054882658439e-09,2.5456169099427304e-09,2.6769387442924406e-09,2.7814918500027837e-09,3.0030026953347788e-09,3.249848298545169e-09,3.505017173840223e-09,4.088708904485654e-09,3.40323717463448e-09,2.825901667263413e-09,3.2476255847514946e-09,3.787229899359515e-09,4.347536246385913e-09,5.020025332462819e-09,6.237075066868784e-09,9.115342596313101e-09,9.498445952455645e-09,1.2145750107277879e-08,1.5250612132634567e-08
carbon_pipeline,power,SE-NO,1.3864819499715082e-07,1.348643063223374e-08,1.1643515761177793e-08,1.1812616206358615e-08,1.1646381229816984e-08,1.4097702919511668e-08,1.709235512792851e-08,2.1582444678687833e-08,1.7559450069272717e-08,2.042620091817902e-08,2.662781098778708e-08,2.6118737188229074e-08,2.7803976810137467e-08,5.692977086398676e-08,7.614005000545898e-08,1.175376895194586e-07,3.851290156059354e-06,0.02902784078207062,0.20911864342450842,0.12344091309450628,1.3226398840013038,2.0126325557001774e-08,6.983058447947204e-09,4.814381769117948e-09,3.7144819579064735e-09,3.094400556456468e-09,2.3968426777030924e-09,3.004746813863911e-09,5.8616507979277316e-09,2.4689507959089252e-08
carbon_pipeline,power,SE-PL,2.0053507429030953e-08,2.210575641297698e-09,1.5829967190446152e-09,1.4138158810754093e-09,1.5393430837437879e-09,1.3920896873907237e-09,1.3953393445182179e-09,1.4370176639990001e-09,1.5347819323540978e-09,1.6108425594746742e-09,1.683615969689778e-09,1.7005198715887905e-09,1.81203478249628e-09,1.7911257587895952e-09,1.7870317592709689e-09,1.9636658071444727e-09,2.172418626058566e-09,2.3090440890684428e-09,2.3504204537580304e-09,2.432985975876702e-09,2.4876921988502615e-09,2.7102113195176635e-09,2.9621351396037273e-09,3.3312094661705256e-09,3.838029980037123e-09,4.701043369257956e-09,7.22614301651113e-09,7.316490487442599e-09,8.517081959300576e-09,1.1138879557678266e-08
carbon_pipeline,power,SI-AT,1.5199577639084553e-07,1.756770661258025e-08,1.245486416140718e-08,1.0551248332340624e-08,8.145998682579074e-09,8.702708361931239e-09,8.821916773264017e-09,8.371092529270708e-09,9.330888063368503e-09,9.68409864534731e-09,9.989575026709517e-09,1.0633733382533518e-08,1.1311362329446335e-08,1.2336685980799062e-08,1.418672856880356e-08,1.4871386647685669e-08,1.2901048169798484e-08,1.5709650228052015e-08,1.8098374156265708e-08,2.1194714008222033e-08,2.3356992388171806e-08,3.09195071584812e-08,3.8327674766886094e-08,5.5278281087056684e-08,6.649065811557907e-08,9.909754918011705e-08,6.870803365127724e-08,5.915087913646486e-08,6.825334742067743e-08,1.0386093857766805e-07
carbon_pipeline,power,SI-HR,1.6401904208844604e-07,1.7529708519564956e-08,1.3126385464908472e-08,1.0535407724199844e-08,7.464100234077696e-09,8.286097986262355e-09,8.806436935072183e-09,1.0501832881035927e-08,1.1715048888161656e-08,1.2087240240656173e-08,1.3237411251259294e-08,1.0257436727972554e-08,8.710326637004148e-09,6.4136108496367085e-09,6.635139743784578e-09,7.820269458372149e-09,1.0377374931774806e-08,1.6150285423561387e-08,2.239957738620594e-08,2.7711382155676978e-08,3.973660885049908e-08,3.716678266408282e-08,5.2625229684159324e-08,1.2076003284831995e-07,1.9684912001967756e-07,1.6857423417565605e-05,8.768968678938758e-07,0.027948825524782575,3.883775882146335e-08,4.777028996301702e-08
carbon_pipeline,power,SI-HU,7.026067818566517e-08,7.738141262582118e-09,5.546949608076468e-09,4.697292820857939e-09,4.301025451772625e-09,4.315934333278914e-09,4.427799690576439e-09,4.359031326626872e-09,4.900234599227245e-09,5.234839634135853e-09,5.603475525266184e-09,5.768384110110095e-09,6.02568132211385e-09,6.479425793194891e-09,7.542607384029037e-09,8.40646877064358e-09,8.272627929801497e-09,1.1773631573748252e-08,1.872000022329537e-08,2.116808272347186e-08,4.7160584326002614e-08,2.293139053288613e-08,2.321697054897391e-08,3.596361485925616e-08,3.016844079076079e-08,3.620745269857995e-08,2.0054938243744107e-08,3.906613074404166e-08,1.183462581096287e-07,5.0065237555033914e-08
carbon_pipeline,power,SI-IT,6.892266503714368e-08,7.206733276320248e-09,5.578015816727947e-09,6.495639749169597e-09,4.55486010044804e-08,2.992816502882905e-08,3.455338931540078e-08,5.927178992176372e-08,3.922732529764386e-08,6.04924463796564e-08,7.930146664438459e-08,1.3604164519973064e-07,1.403542800104536e-07,3.527391002228951e-07,3.1911935073017764e-07,8.650234862047259e-08,3.128246648123079e-07,4.933337341073499e-08,2.595804335838158e-08,2.0710965736682618e-08,1.9194425755335466e-08,1.705687797930971e-08,2.1915676402496476e-08,4.931294603885049e-08,5.2792680658709186e-08,8.462729962727283e-07,2.6603844196316695e-08,3.246259383924589e-07,2.9209465550060125e-08,1.574354621431858e-07
carbon_pipeline,power,SK-AT,6.324936684963938e-08,6.1866516856206935e-09,5.067545133667315e-09,5.176155943260922e-09,5.694762726540344e-09,6.059219996499649e-09,6.555063282246426e-09,7.942523280835783e-09,7.31421482993403e-09,7.596971404602527e-09,7.768345386385522e-09,7.876505476313234e-09,8.493994041831747e-09,8.370761955451966e-09,7.1683895203661124e-09,5.898515250142378e-09,5.653125783871268e-09,4.484246668371107e-09,3.7594337758711706e-09,3.5947862947752297e-09,2.626310669105516e-09,4.0912825619197975e-09,5.914043706393435e-09,8.218565893717518e-09,1.2180975165792633e-08,1.6342775818520244e-08,2.2923334796359923e-08,1.905961703543538e-08,2.2796177601867037e-08,3.5827887925784944e-08
carbon_pipeline,power,SK-CZ,9.019945530019206e-08,8.872829593452794e-09,7.1461484381215906e-09,6.759730123155739e-09,5.3944601354211796e-09,6.34522474613749e-09,6.9956571975983085e-09,7.1449692566166266e-09,6.862739645680438e-09,6.802366517113531e-09,6.926651010178637e-09,7.296312936498785e-09,6.86663543195785e-09,6.547154065111805e-09,6.616263361768615e-09,8.04004860448926e-09,7.282747595033187e-09,8.066045825653578e-09,9.048887214515878e-09,1.582324440911942e-08,1.7495694250575545e-08,1.7016201709031414e-08,1.7702318094239398e-08,1.9953616735703444e-08,2.8253650464429836e-08,6.807408837178173e-08,7.589201241062211e-08,6.196804026198217e-08,4.6371270923542706e-08,5.79155544922061e-08
carbon_pipeline,power,SK-HU,1.8103482054324314e-07,1.6522692056721505e-08,1.4479859726082576e-08,1.5074843546725916e-08,2.1772744812431612e-08,1.9937036438415085e-08,2.1151959431024322e-08,2.8023293841209807e-08,2.6777761862207357e-08,2.790570881600135e-08,2.864422017035052e-08,2.7815858702993916e-08,3.045621538190354e-08,3.2386921182732696e-08,3.291764182573286e-08,2.9835864557616135e-08,3.8092354537069e-08,5.080114030528756e-08,7.284504195678899e-08,1.6041533376539092e-08,7.76903435625671e-09,1.4474524935420367e-08,2.9119600764455375e-08,8.791006561130228e-08,1.4056708236935374e-07,2.8395346539703036e-07,3.081382162323176e-07,2.0748731114070557e-07,8.754313248477022e-07,2.0374715495745167e-07
carbon_pipeline,power,SK-PL,7.384806944312552e-08,8.437122561851892e-09,5.854769602775293e-09,4.660245240647162e-09,3.3749928554035758e-09,3.897958393288853e-09,4.386541312377797e-09,4.658271496383659e-09,5.249310891168078e-09,5.695714267389725e-09,6.209215217912814e-09,6.77901815964701e-09,6.479753879904384e-09,7.3691478142516665e-09,9.90666619615783e-09,1.41246780776831e-08,1.3359706379108918e-08,1.1690825795742468e-08,1.0933147324825146e-08,7.733718794877196e-08,4.1739110563451454e-07,7.065706132933455e-08,1.492799318729865e-07,1.8355696157893746e-07,6.405139691266232e-08,4.406281168995009e-08,1.0279647350192474e-08,1.0482903358617187e-08,1.4433966355185735e-08,1.5510132310523496e-08
carbon_pipeline,power,UK-BE,3.9998999995283906e-08,4.399357019505199e-09,2.9218301225450107e-09,2.207127085374434e-09,1.5317198150740722e-09,1.9479144414780064e-09,2.54732252731138e-09,2.473945282700433e-09,2.3908063158893298e-09,2.2615169208635164e-09,2.3497582010268267e-09,2.655741946546766e-09,2.9994593487233953e-09,3.5432535276144905e-09,4.284976423593842e-09,4.7633635650622495e-09,5.050733964392898e-09,5.6499427611029625e-09,5.883805202730419e-09,5.928036657867641e-09,6.115266818612538e-09,7.140423555464673e-09,1.0407537628260557e-08,1.741023620255203e-08,2.3533911804440804e-08,2.5500152432942953e-08,2.215515996927875e-08,2.0165029203033098e-08,2.371471209017968e-08,2.614360638607843e-08
carbon_pipeline,power,UK-DE,2.711654857240649e-08,2.923427833100815e-09,1.9897724951971915e-09,1.5581192180387368e-09,1.2109970052846614e-09,1.4430143581062965e-09,1.694235248984366e-09,1.7460732037789897e-09,1.8444737084047658e-09,1.968581193294925e-09,2.138530118822062e-09,1.90886784075389e-09,1.6999706819659242e-09,1.566224514354248e-09,1.6610613644645362e-09,1.9873298351508043e-09,2.3258351131783867e-09,2.7224805660574766e-09,2.964721671065877e-09,2.993439801528153e-09,3.5246458023118595e-09,4.121861345147395e-09,5.275818081339119e-09,6.576682727495464e-09,7.50871732828071e-09,7.224572807117194e-09,6.910904549635016e-09,7.136003478439029e-09,9.357960197781143e-09,1.2924568018660604e-08
carbon_pipeline,power,UK-DK,3.268412002630357e-08,3.6893388993173527e-09,2.6832740882774714e-09,2.4403350330040084e-09,1.5765028503676596e-09,2.73602206096946e-09,2.8075177343416976e-09,2.7476643585845984e-09,2.8803254690810627e-09,3.1322603920175646e-09,3.397573206573601e-09,2.7484906172893727e-09,2.238674404611109e-09,1.944665593276631e-09,1.8362047978269103e-09,1.5496113307563102e-09,2.218587192353615e-09,3.535105981737305e-09,3.4240177504724922e-09,2.3949582709829645e-09,3.802908719826317e-09,5.203072435858074e-09,7.476731053145903e-09,1.0279077403306286e-08,1.1287182013873634e-08,8.705742531986602e-09,7.079644680608253e-09,8.157725345589632e-09,1.3660272687314421e-08,1.0839267307172458e-08
carbon_pipeline,power,UK-FR,2.9196758304442927e-08,3.0764729559258987e-09,2.081275245663123e-09,1.6033956223431518e-09,1.2587093960286584e-09,1.5013515002967867e-09,1.8126656155407616e-09,1.9114922111460936e-09,2.0421744507756195e-09,2.1213073798674434e-09,2.2665565870001124e-09,2.4366521622455385e-09,2.5891219509570125e-09,2.7752698811238725e-09,3.1353484729148368e-09,3.50399414400165e-09,4.4448114741953346e-09,5.643957420124759e-09,4.686944002895181e-09,4.0779242076536565e-09,3.756704432467506e-09,5.303699011246795e-09,8.454687569532425e-09,1.2867819470962773e-08,1.8473876189207848e-08,1.3656160034524396e-08,1.4327684542582432e-08,1.664216966145817e-08,1.655511398537927e-08,2.228556908813437e-08
carbon_pipeline,power,UK-IE,8.130174635188622e-08,7.294224995789995e-09,4.8059385992394864e-09,3.494174610522532e-09,2.6659067202801245e-09,3.134761262138525e-09,3.92078116658586e-09,4.54748089888389e-09,5.3391900711606475e-09,6.12271092325403e-09,6.818584430422937e-09,5.322636852669594e-09,5.719135053107627e-09,5.905034712237761e-09,5.282529069608698e-09,4.728225115815421e-09,5.048463052093845e-09,1.2002244554530169e-08,5.988882555618868e-08,0.07823841667370621,0.12047194131696462,2.8954551141278094e-08,1.4135821789131879e-08,6.587628967498351e-09,7.96179847059383e-09,6.9610157526616616e-09,6.867435485599051e-09,1.2633040896947012e-08,2.994312543933438e-08,5.187487005340969e-08
carbon_pipeline,power,UK-NL,4.1856439420188804e-08,4.891856815976829e-09,3.3025726644032887e-09,2.6388617348554346e-09,1.752186872087204e-09,2.4424353843418716e-09,3.809104652559896e-09,3.7196662579929452e-09,3.823994933178589e-09,4.052920403474198e-09,4.063524076547156e-09,3.1525820360258975e-09,2.530638952354979e-09,2.008776844442574e-09,2.1609695083030004e-09,2.8848513123869404e-09,3.59381168273123e-09,4.561965766494171e-09,5.4309894772371045e-09,5.94589824985941e-09,6.147401180879417e-09,6.956643789596115e-09,9.150538226343812e-09,1.3014200430055228e-08,1.5233386920221298e-08,1.4467175225812106e-08,1.435043908568405e-08,1.4547866569115497e-08,1.7031883113816974e-08,2.471076958809224e-08
carbon_pipeline,power,UK-NO,1.860899693808277e-08,1.9514867163122933e-09,1.3121858819497998e-09,9.692482477630728e-10,7.019456262167214e-10,8.749440297586822e-10,1.0479016048885598e-09,1.1454692290504377e-09,1.2820548692319468e-09,1.4452815219128863e-09,1.6161824572307185e-09,1.6395790982913838e-09,1.565403036998066e-09,1.6513489139098348e-09,1.7851129309811877e-09,1.782570287945078e-09,1.8221445794941036e-09,2.163209669108245e-09,3.0719287957902613e-09,7.87629118372571e-09,1.3572953357321492e-08,8.861934310129426e-09,1.1396155052883924e-08,1.1740153288466747e-08,4.314782261346426e-09,1.4936970745091002e-09,1.0305524190623032e-09,1.9235742027362687e-09,1.9124270034134805e-08,1.4135328850416696e-08
carbon_storage,power,AT,0.0,0.0,0.0,0.0,0.0,0.0,0.0,0.0,0.0,0.0,0.0,0.0,0.0,0.0,0.0,0.0,0.0,0.0,0.0,0.0,0.0,0.0,0.0,0.0,0.0,0.0,0.0,0.0,0.0,0.0
carbon_storage,power,BE,8.082654851043189e-08,1.0659883504316005e-08,7.57421960659033e-09,5.36896187376286e-09,4.614106181797103e-09,5.784980380886468e-09,6.4862750756279895e-09,1.0325531419115362e-08,1.7432459461283328e-08,7.466991216621495e-08,1.0036878203237485,6.913063627079962e-08,3.041453403614506e-07,0.25978698104156156,0.008688943700638455,0.3388156922986521,0.420983362848451,6.591689492485731e-08,4.075215388478719e-09,1.1644831694261815e-09,5.478392147603293e-10,3.542313789353476e-10,2.703344866965599e-10,1.9364285344921307e-10,1.4579402669768172e-10,1.115840871258946e-10,1.0002102532215791e-10,9.890970703651473e-11,1.1471262180131128e-10,1.4618367941446155e-10
carbon_storage,power,BG,0.0,0.0,0.0,0.0,0.0,0.0,0.0,0.0,0.0,0.0,0.0,0.0,0.0,0.0,0.0,0.0,0.0,0.0,0.0,0.0,0.0,0.0,0.0,0.0,0.0,0.0,0.0,0.0,0.0,0.0
carbon_storage,power,CH,0.0,0.0,0.0,0.0,0.0,0.0,0.0,0.0,0.0,0.0,0.0,0.0,0.0,0.0,0.0,0.0,0.0,0.0,0.0,0.0,0.0,0.0,0.0,0.0,0.0,0.0,0.0,0.0,0.0,0.0
carbon_storage,power,CZ,0.0,0.0,0.0,0.0,0.0,0.0,0.0,0.0,0.0,0.0,0.0,0.0,0.0,0.0,0.0,0.0,0.0,0.0,0.0,0.0,0.0,0.0,0.0,0.0,0.0,0.0,0.0,0.0,0.0,0.0
carbon_storage,power,DE,7.023632151319174e-08,6.296859233426081e-09,5.468301848482178e-09,4.290817313134333e-09,3.460748993275245e-09,5.314077397240991e-09,7.482770452926967e-09,1.9447980582584176e-08,2.992196898918258e-08,7.237578976014358e-08,6.343111478709922e-08,5.4672893285526606e-08,3.470755890521522e-07,0.4452047772810983,7.950375018128463e-09,1.3734707055673017e-09,8.375046629095055e-10,6.781119545768439e-10,5.357351202772251e-10,3.6929299847672395e-10,2.49431249451668e-10,1.9587265781458797e-10,1.6622143988694581e-10,1.339348019723847e-10,1.0954098950941554e-10,8.980349797068178e-11,8.335121000358216e-11,8.422525260531744e-11,9.673837079107745e-11,1.2612930860125913e-10
carbon_storage,power,DK,2.573353724354496e-08,7.416395782437093e-10,1.854509814376862e-09,5.125862768221494e-08,2.4131044625262357e-10,2.2120025106162864e-10,1.0238779960090321e-10,1.5036562511580208e-10,2.7176179713907095e-10,4.135035507268465e-10,5.260872847600241e-10,6.725185358352784e-10,9.251081992428836e-10,1.3506271457845086e-09,2.713271648587338e-09,4.3520816055948416e-08,0.33565869220490474,2.3969351803814885,0.12128726796381656,4.836997044434386e-09,6.309864587903915e-10,4.146094451014204e-10,3.1788409399857465e-10,2.2387489334335197e-10,1.6294202060308465e-10,1.211926857025177e-10,1.09388780486017e-10,1.0643009984536888e-10,1.2178050966136403e-10,1.520618623167542e-10
carbon_storage,power,EE,0.0,0.0,0.0,0.0,0.0,0.0,0.0,0.0,0.0,0.0,0.0,0.0,0.0,0.0,0.0,0.0,0.0,0.0,0.0,0.0,0.0,0.0,0.0,0.0,0.0,0.0,0.0,0.0,0.0,0.0
carbon_storage,power,EL,3.0856781777933134e-08,3.5218198329851514e-10,2.6113424890235854e-10,2.3352113444830794e-10,1.388759939078515e-10,1.3697384638910974e-10,1.7506277948785825e-10,2.5643942568519115e-10,2.731062770870338e-10,3.8165042892440746e-10,4.5286636904658296e-10,5.537639153553422e-10,7.106233488632609e-10,9.5973482747603e-10,1.4528890839407794e-09,2.6503801003132456e-09,1.2882915766196382e-08,0.2891041347059642,0.33525539284093586,0.05223858400184307,5.38474325169896e-09,1.5043304415864261e-09,8.554813496930226e-10,3.8277977426746873e-10,2.40208586592241e-10,1.723903520791152e-10,1.4383360092035697e-10,1.3315224768733103e-10,1.4270182113421338e-10,1.7664241568330242e-10
carbon_storage,power,ES,0.0,0.0,0.0,0.0,0.0,0.0,0.0,0.0,0.0,0.0,0.0,0.0,0.0,0.0,0.0,0.0,0.0,0.0,0.0,0.0,0.0,0.0,0.0,0.0,0.0,0.0,0.0,0.0,0.0,0.0
carbon_storage,power,FI,5.534834200783049e-08,7.591754551303636e-09,6.713011845300318e-09,7.559914965419545e-09,7.891734661551479e-09,9.174631477958318e-09,1.0103666741833998e-08,1.2040378822339813e-08,1.0234120831862237e-08,1.1506829454574087e-08,1.3233513180865205e-08,1.5811141752123114e-08,1.8566586940295487e-08,2.6534963027004827e-08,3.301833839715873e-08,4.376072836038208e-08,1.7025035228410188e-07,0.04566162604386054,7.674189732175115e-09,2.037813078607641e-09,1.3507360468657217e-09,1.2184387663332987e-09,9.008526181963214e-10,5.148213998739877e-10,3.2598139664110897e-10,2.2874199970080445e-10,1.8992050018686373e-10,1.5539155283378382e-10,1.4505408922764727e-10,1.610082560896113e-10
carbon_storage,power,FR,7.862818775288473e-08,8.756263909318033e-09,7.816433150441126e-09,6.43710463942059e-09,5.45447278181508e-09,7.365508346441417e-09,8.625305270684305e-09,1.151477585589397e-08,1.3494848702175727e-08,2.441234732755601e-08,3.631297220437759e-08,2.207638349107301e-08,3.19710782911905e-08,7.13429657309554e-08,1.6099517561412596e-07,0.0011245664622239815,0.023876142190267024,1.3905238245857434,8.157207252120204e-08,3.677000087545397e-09,1.1161661120429088e-09,5.45694082430752e-10,3.7908773465055163e-10,2.5241723727182506e-10,1.7979912115400192e-10,1.3650337956830057e-10,1.174630423095815e-10,1.1417898939852204e-10,1.266917319204769e-10,1.591488580855834e-10
carbon_storage,power,HR,1.0235954368023757e-07,8.171702443187288e-09,1.0066953578031595e-08,1.0263082911302666e-08,4.902300191779035e-09,1.0621790724610604e-08,2.4187682595724498e-08,3.8059000536702234e-08,2.8921621116353605e-08,5.079748578828188e-08,6.434150820604018e-08,5.367107289495834e-08,7.428442685751916e-08,2.6674889261773947e-06,0.02796487945447524,4.302302147401279e-09,1.425671116776346e-09,8.552463773497523e-10,5.621823481041607e-10,3.835533767828592e-10,2.7145685651537013e-10,2.0239857474423385e-10,1.650181267552167e-10,1.3005433131373583e-10,1.0503712091831268e-10,8.804984622310002e-11,8.05573712997571e-11,7.974846011738705e-11,8.68511331233112e-11,1.0927884149707575e-10
carbon_storage,power,HU,0.0,0.0,0.0,0.0,0.0,0.0,0.0,0.0,0.0,0.0,0.0,0.0,0.0,0.0,0.0,0.0,0.0,0.0,0.0,0.0,0.0,0.0,0.0,0.0,0.0,0.0,0.0,0.0,0.0,0.0
carbon_storage,power,IE,5.3787562178235536e-08,5.28040873051175e-09,3.828298534675529e-09,2.833103285143566e-09,1.9176803773985414e-09,2.852420114753673e-09,3.2976653849442375e-09,4.496367111317629e-09,5.291128189552073e-09,6.576892596328039e-09,7.711309397958078e-09,8.362429827318524e-09,9.556690403871466e-09,1.1867811931408645e-08,1.8025615284984068e-08,3.061743933490419e-08,1.3475699917723422e-07,7.71644205552977e-07,0.07974495255928835,0.07969820210151043,0.12594387949570945,7.067117368112528e-09,1.9727410508813496e-09,7.000391808344069e-10,3.1445360596957036e-10,1.8575279919432675e-10,1.4669688016812467e-10,1.3152315129340416e-10,1.4363714284146426e-10,1.6234277807970213e-10
carbon_storage,power,IT,2.8109812426231536e-08,3.286317934295981e-10,1.9389057961806012e-10,1.516048228718553e-10,1.1332458545195541e-10,1.9223028773154575e-10,2.5453368677271865e-10,3.332563904563947e-10,3.937164189403599e-10,4.797307055862115e-10,6.116768032985237e-10,8.186362596603835e-10,1.3840842181161061e-09,2.3846966841425945e-09,1.2143279043662735e-08,1.0548523524334253e-07,0.4537669311153806,3.149727989668874e-08,3.6382239205885977e-09,1.4577349803078937e-09,6.224778401905102e-10,3.598290036162317e-10,2.640225406102553e-10,1.897952797721517e-10,1.4128631222817785e-10,1.1064448176431357e-10,1.0039405000834618e-10,9.988075879911114e-11,1.0962215892544936e-10,1.3947325552200756e-10
carbon_storage,power,LT,0.0,0.0,0.0,0.0,0.0,0.0,0.0,0.0,0.0,0.0,0.0,0.0,0.0,0.0,0.0,0.0,0.0,0.0,0.0,0.0,0.0,0.0,0.0,0.0,0.0,0.0,0.0,0.0,0.0,0.0
carbon_storage,power,LU,0.0,0.0,0.0,0.0,0.0,0.0,0.0,0.0,0.0,0.0,0.0,0.0,0.0,0.0,0.0,0.0,0.0,0.0,0.0,0.0,0.0,0.0,0.0,0.0,0.0,0.0,0.0,0.0,0.0,0.0
carbon_storage,power,LV,0.0,0.0,0.0,0.0,0.0,0.0,0.0,0.0,0.0,0.0,0.0,0.0,0.0,0.0,0.0,0.0,0.0,0.0,0.0,0.0,0.0,0.0,0.0,0.0,0.0,0.0,0.0,0.0,0.0,0.0
carbon_storage,power,NL,1.3118959291283854e-08,2.2478305245341716e-08,2.9635123752353375e-10,5.274922406072638e-08,5.004633371330606e-09,1.2324815905455443e-08,1.231537099112469e-09,1.4623143874849708e-10,1.4447341480286048e-10,1.9405955006086158e-10,2.9972829062845253e-10,5.500868484016633e-10,1.2281379569981714e-09,4.746321828024942e-09,1.3831065576415023,0.3977151152259343,9.892371731534221e-08,2.5430385579697762e-08,3.03014115380621e-09,9.579867582053652e-10,4.970685899902953e-10,3.4076671410596365e-10,2.670193507356946e-10,1.930962086737283e-10,1.438779535831477e-10,1.0864449240139112e-10,9.776851955613443e-11,9.600829589086118e-11,1.1277307527594558e-10,1.4231573412715166e-10
carbon_storage,power,NO,1.2561110905991236e-10,1.3583646299230564e-10,1.8188543086211603e-10,1.655597073460009e-10,2.2175519029660259e-10,1.430941961677279e-10,2.1594569067773588e-10,2.5015666646497846e-10,2.7544348385578587e-10,3.191262284546428e-10,3.783777834225216e-10,4.370197668237316e-10,5.351694402863341e-10,4.874770530887332e-10,8.608001945256911e-10,1.26497921447875e-09,2.1723010062004073e-09,5.910277182494321e-09,0.4236405771676169,0.6833738051589144,1.45707113079538,0.5329464273075684,5.941442121054629e-09,1.1884203520443012e-09,5.558294956893989e-10,3.5723735735903805e-10,3.1499539749735346e-10,3.1264482635717555e-10,0.07990867531006257,5.007885873543502e-10
carbon_storage,power,PL,0.0,0.0,0.0,0.0,0.0,0.0,0.0,0.0,0.0,0.0,0.0,0.0,0.0,0.0,0.0,0.0,0.0,0.0,0.0,0.0,0.0,0.0,0.0,0.0,0.0,0.0,0.0,0.0,0.0,0.0
carbon_storage,power,PT,0.0,0.0,0.0,0.0,0.0,0.0,0.0,0.0,0.0,0.0,0.0,0.0,0.0,0.0,0.0,0.0,0.0,0.0,0.0,0.0,0.0,0.0,0.0,0.0,0.0,0.0,0.0,0.0,0.0,0.0
carbon_storage,power,RO,0.0,0.0,0.0,0.0,0.0,0.0,0.0,0.0,0.0,0.0,0.0,0.0,0.0,0.0,0.0,0.0,0.0,0.0,0.0,0.0,0.0,0.0,0.0,0.0,0.0,0.0,0.0,0.0,0.0,0.0
carbon_storage,power,SE,4.936041506228112e-08,5.099954514309654e-09,4.138923944530395e-09,4.251193856579015e-09,3.886143340686569e-09,4.337982972823458e-09,5.377868601403115e-09,6.450956897339359e-09,5.962358063125057e-09,7.339996064628528e-09,1.0491524566620188e-08,1.2598946302273144e-08,1.2697799858262046e-08,2.0002368922164466e-08,2.7908350677928103e-08,3.938045972060751e-08,1.294874845118447e-07,0.35388081828932594,1.0052729854248185e-07,3.801400047569061e-09,2.3977949937265673e-09,2.1181740881912548e-09,1.3368989898613234e-09,6.055970153916928e-10,3.45378996196804e-10,2.3416136643510964e-10,1.95631722991453e-10,1.6450091035006513e-10,1.6157234348016628e-10,1.8681179874177444e-10
carbon_storage,power,SI,0.0,0.0,0.0,0.0,0.0,0.0,0.0,0.0,0.0,0.0,0.0,0.0,0.0,0.0,0.0,0.0,0.0,0.0,0.0,0.0,0.0,0.0,0.0,0.0,0.0,0.0,0.0,0.0,0.0,0.0
carbon_storage,power,SK,0.0,0.0,0.0,0.0,0.0,0.0,0.0,0.0,0.0,0.0,0.0,0.0,0.0,0.0,0.0,0.0,0.0,0.0,0.0,0.0,0.0,0.0,0.0,0.0,0.0,0.0,0.0,0.0,0.0,0.0
carbon_storage,power,UK,2.809391713245457e-08,8.55634313037339e-10,3.8457199247237184e-10,2.4261565434354767e-10,1.7820110911569424e-10,3.1445021550925355e-10,2.1314759316515104e-10,2.447276387134837e-10,2.5881655684642993e-10,3.132008925558727e-10,3.749975017600675e-10,4.448841264973598e-10,5.305233557493907e-10,6.553089883206511e-10,8.706019337196947e-10,1.2970990366358383e-09,2.0446383876036327e-09,5.065282131357668e-09,1.1990083515135148,0.19368566294835876,3.5044228773790218e-09,1.3125169690873734e-09,7.467674757762683e-10,3.80370984700614e-10,2.3255575280032237e-10,1.5699534274909408e-10,1.32367744595981e-10,1.260885113212129e-10,1.4027656075206474e-10,1.6784473349717264e-10
hard_coal_plant_CCS,power,AT,1.702786732298595e-08,3.225707820781171e-10,3.5878962375096213e-10,6.087643607724902e-10,8.607800264913046e-09,1.0793284643655563e-08,1.4468008261346363e-08,1.9919865139459735e-08,2.100204614824211e-09,1.5547832792282972e-09,1.0162285457447774e-09,4.600921690660877e-10,3.090705587669725e-10,2.3723678103171997e-10,1.9741680050683643e-10,1.8084303924394143e-10,1.7607509355580075e-10,2.0029849444446298e-10,1.7075551464671922e-10,1.6792175408664455e-10,1.699701841839084e-10,1.797405598736202e-10,1.8829936971312515e-10,2.070621233034057e-10,2.358129991119405e-10,2.6856693103172713e-10,3.3290641890783416e-10,4.2759191189288475e-10,6.006304492981331e-10,1.35827379501647e-09
hard_coal_plant_CCS,power,BE,1.2832264406271124e-08,1.4200802583305128e-09,1.1890827130672733e-09,1.457799773336078e-09,8.853934538790923e-09,1.1084330554092372e-08,2.1247542221678547e-08,3.208699018277478e-08,1.1898356384065587e-09,7.468505511271202e-10,6.089187897238408e-10,4.3778713522510144e-10,3.4730365617767433e-10,2.87914074558031e-10,2.558609446478639e-10,2.35513899823684e-10,2.274238620271495e-10,2.506513628639018e-10,1.8921209474941565e-10,1.8277507485413698e-10,1.8575113147178512e-10,1.8405304850511456e-10,1.8750648792798542e-10,2.0160084571696089e-10,2.212532668473218e-10,2.5534654940590445e-10,3.0434230464676853e-10,3.7602317421752647e-10,5.146182520373638e-10,1.0843299995611674e-09
hard_coal_plant_CCS,power,BG,1.1806344448446131e-08,1.3857982243373729e-09,1.1023344833359813e-09,1.6839416708395946e-09,7.792871025968693e-09,8.109788930282507e-09,6.647917525438284e-09,9.534557595889098e-09,3.2866789030025123e-09,1.5336393106694588e-08,2.089829729862002e-09,9.916975569487744e-10,7.139192841611497e-10,6.500178429946345e-10,5.126319702090744e-10,4.013923811661906e-10,3.28067845032045e-10,2.8410418415505234e-10,2.40848543134571e-10,2.1654362668457932e-10,2.1239810735128922e-10,2.147305471286616e-10,2.195534118933156e-10,2.3243769208850053e-10,2.552525930976148e-10,2.931253781382166e-10,3.7363700008579666e-10,4.834289887239428e-10,7.591380899525127e-10,1.7632372194189044e-09
hard_coal_plant_CCS,power,CH,1.3440044370966304e-08,1.1816698041910045e-09,1.1967175494607773e-09,1.4406114453360386e-09,1.0895117396986482e-08,1.1082158140479041e-08,1.482863945254821e-08,2.2464409698096692e-08,1.3083951884197666e-09,8.467606653645534e-10,5.407132792453092e-10,3.650083124514505e-10,2.979558683421067e-10,2.584980732153919e-10,2.3407653237728573e-10,2.1798403941695747e-10,2.0877230121412862e-10,1.9743052975885813e-10,1.6986955987703855e-10,1.6834490378071568e-10,1.6987539134815103e-10,1.7964832855386337e-10,1.9061590864095377e-10,2.1109552162583453e-10,2.407540834924241e-10,2.782993362671958e-10,3.4181864911417673e-10,4.2518777066632397e-10,5.768869351084831e-10,1.2214790686880477e-09
hard_coal_plant_CCS,power,CZ,1.693173130980506e-08,2.817769559707711e-10,3.597714215713613e-10,6.187457122746034e-10,7.4500580420861025e-09,8.746879041168688e-09,1.0856762790259544e-08,1.9223244172560048e-08,1.7905745040316104e-09,1.0801935751758959e-09,6.533181401843875e-10,3.9232691495882025e-10,3.0073399647237386e-10,2.463282571059952e-10,2.1711099066224134e-10,2.0108651232147576e-10,1.9037438936941597e-10,1.9117622755108717e-10,1.7986647809315857e-10,1.8511889601318708e-10,1.932298849266672e-10,2.0626752385773072e-10,2.2425465152543082e-10,2.5132338049850136e-10,2.941665767759753e-10,3.451663663436728e-10,4.230662280480124e-10,5.424231510413694e-10,7.487775710810616e-10,1.720162875986864e-09
hard_coal_plant_CCS,power,DE,1.7478698484005512e-08,2.936176540488357e-10,4.006780699408408e-10,6.790488907371229e-10,8.5958924994228e-09,1.217809643391259e-08,2.0637366588702624e-08,2.6822286132217263e-08,1.2214514079340796e-09,7.587822132315729e-10,5.221935099221358e-10,3.4655793283503114e-10,2.58490824992393e-10,2.1323873381595685e-10,1.9757418753945524e-10,1.9587405755046755e-10,1.9439639642297354e-10,1.9073168878367067e-10,1.7139483372429315e-10,1.8021872708459632e-10,1.9669420616653044e-10,2.1390511033380865e-10,2.1399913344222673e-10,2.2938949435359529e-10,2.5519353834351414e-10,2.939119028247182e-10,3.4763229635266023e-10,4.3814398757379136e-10,5.998839130056136e-10,1.2244884447567144e-09
hard_coal_plant_CCS,power,DK,1.5995139118094697e-08,3.002739199880994e-10,3.45781551377901e-10,6.55480224596707e-10,5.9406171186994315e-09,1.011100817449613e-08,1.0741123702355292e-08,1.8945008840515007e-08,2.251458160615935e-09,1.5856700285534674e-09,9.691700403150235e-10,4.916655726250667e-10,3.402401850220546e-10,2.646656447438822e-10,2.4026002023871604e-10,2.096767168302752e-10,2.0115211045486715e-10,2.171274253572859e-10,1.859972014430427e-10,1.786251066336767e-10,1.9237876740089565e-10,2.0021591806888705e-10,2.086622604044084e-10,2.3035159483497897e-10,2.6512541574855786e-10,3.1502125619900173e-10,3.8130926183101403e-10,4.6541726334412064e-10,6.052180626923299e-10,1.3030016913084486e-09
hard_coal_plant_CCS,power,EE,1.7013685338321683e-08,2.4625623460363895e-10,3.183337022265773e-10,6.027506127031702e-10,5.540735453730195e-09,7.178603637216918e-09,7.17832632461299e-09,1.0613641307256907e-08,2.030467896589984e-09,2.3377244096921536e-09,3.043246670527057e-09,1.6306452915413335e-09,1.1314327044824714e-09,8.834324852990021e-10,6.914281745045305e-10,5.312339617678307e-10,4.242585303244331e-10,3.746466742652455e-10,3.1867880934628764e-10,3.174548195818402e-10,3.3124937021420266e-10,3.142451552519346e-10,3.1482744462014613e-10,3.378822977379951e-10,3.8538780063801125e-10,4.504832155084578e-10,5.5959737696522e-10,6.879859352948184e-10,9.515020693990516e-10,2.297798460986677e-09
hard_coal_plant_CCS,power,EL,1.1766436390570986e-08,1.2860214609307328e-09,9.47498095732895e-10,1.357873043463693e-09,5.4063508304138635e-09,5.472885011905722e-09,6.381851695999205e-09,1.026805110794035e-08,2.9053187104581686e-09,4.738487056165408e-09,8.341127696478658e-09,2.6331680998429107e-09,2.0156043631945255e-09,1.7068358771541957e-09,1.256073731652357e-09,8.753366815675698e-10,6.39774856972701e-10,4.890423852053649e-10,3.64406429153576e-10,2.920183295979764e-10,2.6354814684319523e-10,2.5890223586850184e-10,2.618788354222834e-10,2.787165454506383e-10,3.046310321505706e-10,3.481466708278705e-10,4.427095563979597e-10,5.715365338281672e-10,9.046182369637577e-10,2.127422138232019e-09
hard_coal_plant_CCS,power,ES,1.0987028789101715e-08,1.334372894967692e-09,1.010707527980361e-09,1.2091963974389092e-09,2.430460312794416e-09,2.4816615128307343e-09,2.566151172941996e-09,3.052768379668792e-09,1.6807222485647224e-09,1.4181123648067428e-09,1.3569143051866385e-09,1.4603566087075798e-09,1.3865683898022866e-09,1.4956801533643338e-09,1.742867291957719e-09,2.094810688353159e-09,2.9111467950737218e-09,2.966339535278688e-09,1.2334445509082578e-09,7.964397392522554e-10,7.291113435074372e-10,7.889932330392272e-10,8.10857882841073e-10,9.099784062454375e-10,1.108968782968323e-09,1.2524104247213114e-09,1.5989520073545269e-09,1.889437551467254e-09,2.296406207736883e-09,3.9654756635893356e-09
hard_coal_plant_CCS,power,FI,1.6295890247710815e-08,2.9196134747214707e-10,3.3282987821786037e-10,6.371477812849146e-10,4.828322829836153e-09,5.02349378096612e-09,4.000096631671667e-09,8.277030052396732e-09,2.383280373215878e-09,2.6416830060908035e-09,4.089106100892048e-09,3.0330436876045886e-09,3.1021679804751647e-09,3.3009843379433724e-09,3.0057926816160708e-09,2.2922812953959196e-09,1.634507474020865e-09,8.254642303180109e-10,5.130254284138301e-10,4.858766743668667e-10,5.428814696619662e-10,5.075981254803047e-10,4.4439335205211587e-10,4.394978022034586e-10,4.784042925689658e-10,5.486161691311481e-10,6.694834180479031e-10,9.031487581856168e-10,1.4258534443396083e-09,3.2608066129376133e-09
hard_coal_plant_CCS,power,FR,1.2281293012500079e-08,1.518624855795134e-09,1.4089075617588748e-09,1.6327304824366148e-09,7.214212175004842e-09,6.717132313475316e-09,5.9731724614475025e-09,7.90886134400891e-09,2.2674410937520452e-09,1.817306218655615e-09,2.0028996577353047e-09,2.421125152825087e-09,1.7873869608673074e-09,1.440527687170642e-09,1.1656564412607134e-09,9.604547520768828e-10,7.767768150283284e-10,6.223644501864448e-10,3.973872712236745e-10,3.5888207137549545e-10,3.8450824341232053e-10,4.2405181127361774e-10,4.1570154831445577e-10,4.3115374048227863e-10,4.711106784087059e-10,5.371284899897101e-10,6.404179395009008e-10,7.585876566022612e-10,9.510232843088058e-10,1.982548083551933e-09
hard_coal_plant_CCS,power,HR,1.745560159811177e-08,2.469909167321293e-10,3.4843603094039753e-10,6.393028330075298e-10,5.110777659349341e-09,1.0176423614991412e-08,1.751477009656972e-08,2.55731513313899e-08,1.7495540455192423e-09,1.031229348253093e-09,6.559118758753674e-10,3.7899775500126787e-10,2.7913827395682355e-10,2.2272372271349663e-10,1.8685277171492094e-10,1.6619724720552352e-10,1.5637123555887134e-10,1.527682335935877e-10,1.3721558780183291e-10,1.3863867542573731e-10,1.405259691930859e-10,1.5424000194861434e-10,1.6850137476957122e-10,1.9051846558150132e-10,2.1946579957636837e-10,2.5402820265475904e-10,3.0904571918113146e-10,3.9210613332854044e-10,5.534775782799184e-10,1.2693093378082913e-09
hard_coal_plant_CCS,power,HU,1.2245665797625333e-08,1.3050414799276947e-09,1.1965282510308381e-09,1.626798046918905e-09,5.410828672830416e-09,6.492733735614812e-09,6.156984242895668e-09,6.6876339097465194e-09,3.0199851965429258e-09,3.555773691263234e-09,5.432364487786852e-09,2.5418156889054807e-09,1.1841202662755566e-09,7.079034378350142e-10,5.323589246145415e-10,4.426926054993817e-10,3.7415021196933356e-10,3.371238676358674e-10,2.968844531394999e-10,2.875770080634299e-10,2.887105220982041e-10,3.035346928690942e-10,3.1423385439851993e-10,3.5450962415508555e-10,4.1333588796327985e-10,4.94379299036461e-10,6.220476358460828e-10,7.570183964294503e-10,1.0020555757056864e-09,2.42154733907003e-09
hard_coal_plant_CCS,power,IE,1.1571373728784552e-08,1.4324832711471056e-09,1.054694295979043e-09,1.4202267466490648e-09,4.204223339558586e-09,8.428035488310559e-09,5.873581447017871e-09,8.609351219731588e-09,3.087344638774952e-09,2.7145811092611335e-09,2.941079400572139e-09,1.8091002800561167e-09,1.460498524747237e-09,1.3675277241771683e-09,1.1338192476496402e-09,8.777469236061733e-10,7.12591750466912e-10,6.225949600298391e-10,5.239260483440829e-10,4.864158294379852e-10,4.2117788908464e-10,3.8009036063850333e-10,3.569956366193023e-10,3.6901334216535235e-10,4.185469322297896e-10,4.947460284464896e-10,5.859467829286164e-10,6.94546493687566e-10,8.637842820619922e-10,1.8425685898890466e-09
hard_coal_plant_CCS,power,IT,1.3278129476614596e-08,1.5059141455473719e-09,1.099514365402388e-09,1.1615148075169169e-09,5.939639980487428e-09,7.723090301700177e-09,9.033653726477648e-09,2.706952089886408e-08,2.6121446997136664e-09,1.5500638595974906e-09,1.0126365938222534e-09,5.764255188231105e-10,3.8677290402188526e-10,3.009725596397921e-10,2.516234047615588e-10,2.1956443359269407e-10,2.0255102076437897e-10,2.0465512358746398e-10,1.6372981863089923e-10,1.6034113473706242e-10,1.595875547108204e-10,1.7165300217979074e-10,1.8504558129679496e-10,2.1006949364572168e-10,2.4603262210004657e-10,2.8891124577696294e-10,3.57554409659388e-10,4.46414107059306e-10,6.037893991833777e-10,1.391329636065933e-09
hard_coal_plant_CCS,power,LT,1.6536254430311033e-08,2.5218087600619327e-10,3.2529339662808123e-10,6.095612405697992e-10,5.1964580375273376e-09,6.833609937968763e-09,6.738080706752434e-09,9.479151297964792e-09,1.962112643952525e-09,2.1530022194946248e-09,2.7011347242823232e-09,1.4223148544701096e-09,1.0338470451250243e-09,8.170357660725017e-10,6.6495665184759e-10,5.25565295030196e-10,4.568787332922218e-10,4.482767130176762e-10,3.7172702600061754e-10,3.6355038449132193e-10,3.7136004359967426e-10,3.503307803261071e-10,3.4698620564058935e-10,3.6865405302091965e-10,4.1927267586708604e-10,4.890132649610841e-10,6.101620237034257e-10,7.542177907782197e-10,1.0093339326697254e-09,2.4048799115656406e-09
hard_coal_plant_CCS,power,LU,1.255116807411953e-08,1.5009640996718455e-09,1.4365635845192525e-09,1.6450726677108141e-09,7.97817249465991e-09,7.698994597782304e-09,7.287693636535956e-09,8.32860910270306e-09,1.7037893615554784e-09,1.4740466161473219e-09,1.7025256196372859e-09,1.4637007929122711e-09,1.3291880333837698e-09,1.2350062163603685e-09,1.1145886116398614e-09,9.657093347685423e-10,7.550725268118218e-10,5.424298067815549e-10,4.56977011462695e-10,4.362815653391591e-10,4.3594111825013676e-10,4.4960851776711355e-10,4.379297000807641e-10,4.674773223232297e-10,5.158423641624325e-10,5.786031022516809e-10,6.676955288595743e-10,7.587950402090332e-10,9.321532518362977e-10,1.978251604874385e-09
hard_coal_plant_CCS,power,LV,1.7332816803644652e-08,2.4252300289459316e-10,3.120756075040006e-10,5.806556772346038e-10,5.405206695942796e-09,7.69952246675989e-09,7.434966575222954e-09,1.0421719431298784e-08,2.0284924070391207e-09,2.2267450440278627e-09,2.3650039082695752e-09,2.0360947270349834e-09,1.3218753887366412e-09,1.0048134673322258e-09,7.747186022147418e-10,5.69074404244278e-10,4.778118110522065e-10,4.566014405290353e-10,3.821381281513513e-10,3.734424280375555e-10,3.8056469838285485e-10,3.6368187052775254e-10,3.550456189102564e-10,3.7515363244435095e-10,4.2245093091877963e-10,4.866829565826228e-10,5.987170702015861e-10,7.218361746652354e-10,9.817350697566417e-10,2.3444709315956373e-09
hard_coal_plant_CCS,power,NL,1.2450100239495586e-08,1.4256565915198982e-09,1.0278184595883706e-09,1.319282851191664e-09,4.363208404208479e-09,1.2419891827454884e-08,1.7345558774993222e-08,2.6046919386794458e-08,1.0789472060883448e-09,6.393332244824084e-10,4.587085156010295e-10,3.137714759498851e-10,2.448509842426805e-10,2.2114379856530772e-10,2.0289571507237348e-10,1.9826159900353614e-10,1.9226375542892333e-10,1.831661303020966e-10,1.5622102808120955e-10,1.571555558438266e-10,1.6229670616387678e-10,1.7015978972583864e-10,1.811444667022619e-10,2.0102604104097642e-10,2.2854572043783682e-10,2.722265050888879e-10,3.2713309422909287e-10,4.0652265276812975e-10,5.480354255736788e-10,1.175590318568303e-09
hard_coal_plant_CCS,power,NO,1.624874492892926e-08,3.192800535325687e-10,3.7805922360393093e-10,7.085237492169222e-10,5.24620862120958e-09,5.027262570880323e-09,4.5340838733774556e-09,9.414979167475596e-09,2.5638171377967143e-09,2.8558434606288207e-09,3.910252020017151e-09,4.686389556018111e-09,3.435774922514108e-09,2.86802742651331e-09,1.813580080009605e-09,1.161169022768655e-09,7.477391627688758e-10,5.676075408939191e-10,4.6404867964028245e-10,4.74190279662685e-10,4.5122550274092796e-10,3.826924277170113e-10,3.5135010703329e-10,3.6298372019287267e-10,4.1064677169368064e-10,4.822604071675744e-10,5.948100050052858e-10,8.353064658408929e-10,1.2972588585800136e-09,2.962962571085113e-09
hard_coal_plant_CCS,power,PL,1.737577679421717e-08,2.404674627716988e-10,2.7426494878597593e-10,5.155206795208722e-10,7.045028533164789e-09,8.492240412150201e-09,1.0063174539768347e-08,2.188015053551505e-08,1.5553661745306197e-09,1.0909288176899182e-09,9.189199064356526e-10,5.074222628371711e-10,3.7103111145965474e-10,3.148029976006618e-10,2.68892704630246e-10,2.4050711687507695e-10,2.2839824504479981e-10,2.2162462239069855e-10,2.0729611313321643e-10,2.057518695149336e-10,2.1243205414392037e-10,2.1504400673301526e-10,2.1780423959303118e-10,2.3634459912978935e-10,2.730542224740257e-10,3.181036308246121e-10,3.8998364449723894e-10,5.016034848906505e-10,7.029716986114378e-10,1.6840170857545085e-09
hard_coal_plant_CCS,power,PT,1.1310910115947606e-08,1.1793848432468849e-09,8.900097380511593e-10,1.0995344971038312e-09,2.3581070110601734e-09,2.45309167599544e-09,2.5650802891259764e-09,3.0299844790908582e-09,1.664141342438586e-09,1.4248694377912516e-09,1.278041468938321e-09,1.940758676066676e-09,1.7358332716628273e-09,1.7129657985564956e-09,1.8272475852200468e-09,2.0135187771890834e-09,2.2397487961732014e-09,2.323127358586467e-09,1.3061245304866239e-09,8.964563528258941e-10,8.451526396587078e-10,8.646096626809213e-10,8.701644897094761e-10,9.788956925570908e-10,1.154802263286133e-09,1.2622190760579728e-09,1.618735324343745e-09,1.8973508219762182e-09,2.3448756954904993e-09,4.029527070587675e-09
hard_coal_plant_CCS,power,RO,1.2127514125429421e-08,1.5599617573333842e-09,1.3924052239610693e-09,1.6950828284354308e-09,6.979795596913695e-09,8.021071201453637e-09,7.3151994651843224e-09,8.084930683056307e-09,2.9836225804921013e-09,2.7408956803955215e-09,3.251735561064774e-09,1.8968047848188073e-09,1.0179387270321664e-09,6.95305621633189e-10,5.190147732639201e-10,4.0195308686222456e-10,3.432872810520909e-10,3.1468243670517383e-10,2.8476609099319777e-10,2.646979381029652e-10,2.619066502710101e-10,2.7114474557642164e-10,2.7584415635349165e-10,3.0694624850024664e-10,3.5072195277932304e-10,4.018675450876021e-10,5.048421797092855e-10,6.605211484308981e-10,9.246548694219252e-10,2.1094110160155203e-09
hard_coal_plant_CCS,power,SE,1.749193989705701e-08,3.023048686342304e-10,3.4802385400602096e-10,6.486451276082387e-10,5.461330277308268e-09,5.80602640060354e-09,4.7366191390666665e-09,1.1372970459643672e-08,2.934423064381788e-09,2.8772044276246554e-09,3.6699494257201728e-09,6.13426683693716e-09,3.855582033416425e-09,3.3185491250655375e-09,2.312103184303092e-09,1.5324184403600228e-09,9.409486337917863e-10,6.706640261945925e-10,5.903895082799217e-10,6.190740012255852e-10,5.908514528143891e-10,4.785540100020241e-10,4.0372480088308557e-10,3.9744587317230606e-10,4.3178611290752745e-10,4.980640140271379e-10,6.174104585922496e-10,8.301152400534147e-10,1.2841964882078266e-09,2.7967607423677095e-09
hard_coal_plant_CCS,power,SI,1.3662399605382165e-08,1.297581041593182e-09,1.1633014794655306e-09,1.3434773430544183e-09,6.033300763635491e-09,8.55404768469682e-09,7.89000001011724e-09,1.3493607448839872e-08,4.426703109179454e-09,5.2661840895429165e-09,9.665143358352348e-09,1.5517133054343924e-09,5.51343192477023e-10,3.2258242968819153e-10,2.303578131292384e-10,1.8840478826006738e-10,1.7095306522698916e-10,1.607127313009896e-10,1.5279135684136834e-10,1.559603756446038e-10,1.606658537522355e-10,1.7387917359339012e-10,1.8616274577953127e-10,2.0914584255883494e-10,2.4171455102255177e-10,2.7828176819080325e-10,3.3802817051398195e-10,4.290138085657328e-10,6.012161821225665e-10,1.4117081937957307e-09
hard_coal_plant_CCS,power,SK,1.708494356404398e-08,2.2734890134792013e-10,3.178483608757337e-10,6.944088797038407e-10,7.201380367215356e-09,8.655678200914964e-09,8.349385004154158e-09,2.5176921416066695e-08,1.6802219693707466e-09,1.0025764920157098e-09,6.286745598222327e-10,4.4561023371881364e-10,3.317718598744803e-10,2.7537755214332503e-10,2.520809883438701e-10,2.370789825431147e-10,2.246232645944859e-10,2.1739671957549873e-10,2.0426278669203948e-10,2.0756592038309103e-10,2.1272138580891756e-10,2.187992711236998e-10,2.255273706680267e-10,2.4560376992875757e-10,2.806965044061491e-10,3.234433945036206e-10,3.954553408280341e-10,5.057399935820608e-10,7.090759793536374e-10,1.6569086608741562e-09
hard_coal_plant_CCS,power,UK,1.2432407827878747e-08,1.4987809180207252e-09,1.205328122137725e-09,1.5770171610615444e-09,4.947901005041384e-09,1.1214616892768895e-08,7.954803114341385e-09,1.1569523265077242e-08,2.9718196204308736e-09,2.3207025618962155e-09,2.247902505347137e-09,2.054833921866608e-09,1.1823381164567296e-09,8.462358351862122e-10,6.307886689796885e-10,4.874579487715195e-10,3.946843293256472e-10,3.3503394859893027e-10,3.2557601003835687e-10,2.611961051984322e-10,2.604977249667165e-10,2.946431990921084e-10,3.083427620020364e-10,3.338438988205583e-10,3.7644269106340234e-10,4.4480037965374477e-10,5.358811034045519e-10,6.428994215705218e-10,8.237559588136788e-10,1.7161100234763891e-09
heat_pump,power,AT,7.767961476575956e-10,2.395682597735411e-10,2.2470902072441673e-10,2.2362724320920326e-10,3.394591494912204e-10,6.612405042221462e-10,9.479367477265782e-10,1.592456361267156e-09,1.7403037579080744e-09,1.7383937695694423e-08,0.3884926587836352,0.3303074155728168,0.26680504912067143,1.273032409020387,0.7643726107000448,0.6100928353888166,0.1955895204998842,1.3148558652449043,0.11371865441691294,0.13902700066226262,0.5336386617339043,12.483309917393115,8.630210744863192e-09,2.0728244163366782e-08,7.039053119857243e-08,2.6414558459257114,5.612109982120081e-06,0.3792980673529329,1.479707851326357e-08,0.2082747780696369
heat_pump,power,BE,2.6781417916732577e-09,2.193013108646613e-10,2.1882728732827226e-10,2.344846145372869e-10,3.122352275525894e-10,5.941015014889546e-10,1.1080336305939982e-09,2.789695321082702e-09,0.22768988977831325,0.8038871052336964,3.309039460489893,1.3638015788626991,0.9834771545353198,2.848116090487603,4.478529208646947e-08,1.5457783684973565,0.2733517554692739,1.6881614977155033,0.6106642849628107,0.26270202016706723,1.4306038572448474,15.75243061985963,1.5581259921799861e-07,3.193638528682685e-07,1.1448723725121174e-06,6.675120966850793,4.4890896885874485e-06,0.22769053922370874,0.8038869458626465,3.309039628124984
heat_pump,power,BG,3.4144070141989618,1.3923844295648926e-09,1.014632299023479e-09,1.2022675442116635e-09,0.061699152629260345,0.09439045989679291,0.1875618377017937,0.2287420140083311,0.14916103834667183,0.1923880249623083,4.6148511851330126e-09,0.03990180632714991,0.0698206618224192,0.13724061442270796,0.025275626067897853,0.11173128720935874,0.0037260915925558,0.15828287405917454,0.8741069963933645,3.6729342587099936,2.905042211546263e-07,3.2209309114415343,1.0618233506306244e-06,0.0763589220103691,0.12062753161367845,0.18756272548609834,0.22874224075878988,0.14916127220119166,0.1923881969248585,5.686076663700766e-07
heat_pump,power,CH,7.2123351191076865e-09,1.9814044945749028e-10,1.929955928327154e-10,1.9280598033351047e-10,2.771870797688759e-10,4.865272862753621e-10,6.700878973230383e-10,1.0963098634198683e-09,6.662445608580149e-10,2.366040085956192e-09,2.3265395067436744e-08,0.44753795173979105,0.3614976161240948,1.6377810396413766,1.035658659958492,0.8266229879871971,0.26500696664164003,1.7815157973692581,0.15407892323179787,0.1883695374610636,0.8612688934473902,18.72890006172719,1.392051343818991e-07,2.6317075980802834e-07,8.830118050884511e-07,4.1039471878548675,4.004036420160276e-06,3.607203947623168e-07,1.7252349053297345e-08,5.6829510822679515e-08
heat_pump,power,CZ,5.044201352247689e-09,3.994308642870114e-10,4.0059087954816805e-10,4.3598792589005153e-10,7.989234189466008e-10,3.2087994562726352e-09,1.1118683273193046,0.09374771423966533,0.1001627775923389,0.2749247242300677,0.46856986223791863,0.15934016640142065,0.18238505704585514,0.6066818191632648,0.5881371562087561,0.20918920779964761,3.164953212890026,1.8159290235047352,2.6019658680163196,0.9429922630373696,1.347319993200443,13.783631307315119,1.7420299150338327e-05,0.3862528172634958,1.0358848427721984e-06,1.1118686145169134,0.09374815701383744,0.10016298343902902,0.27492482715955285,0.46856997387984406
heat_pump,power,DE,1.620714679187505e-08,1.9776668839325253e-10,1.3912792922016875e-10,1.780951092447014e-10,3.278897206571578e-10,2.6493625163967856e-08,1.7056033235293528e-08,1.911984692109767e-09,3.670656815634274e-08,3.6623181055953624e-09,0.006714421854827079,3.1133823700003505,5.644926143144409,12.093856118355125,7.058323202449439,5.714627731845786,9.568008748604486,20.3775994755262,11.345064615094863,10.978934299244301,2.6455770750940415,101.91650576740923,2.2354518987584465e-07,2.553960441282009e-07,9.909068280476159e-07,1.5157282293789625e-06,40.04552779897041,6.726979021572301,3.2895240778459046e-07,0.5507591352935154
heat_pump,power,DK,2.46855880795093,5.694721285948625e-10,6.119418535231335e-10,8.749256466040851e-10,0.48351063062872035,0.6031467907870508,0.5415144844194411,0.8158241912408497,0.18330180026607376,0.13440205258220173,0.4053430361342891,0.25562735314181406,0.3126943478440404,0.7131468650889237,0.5801616149034979,0.7457747560391421,0.17209135344411697,0.661046734795314,0.7376215512549394,2.5283872800674168,11.197651739108206,8.009759398409877e-05,1.81848632453547e-06,0.48351115966551367,0.6031470340046594,0.5415146908641443,0.8158243207070204,0.18330195609315736,0.13440223919226377,0.4053433587492089
heat_pump,power,EE,3.5100228150529144e-10,1.4548614248974377e-10,1.528027496683405e-10,1.74061987896235e-10,2.425494424203036e-10,4.124853833742651e-10,7.622402809590136e-10,1.8484291016942238e-09,4.92287916021862e-09,0.00113409475742399,0.007942708082907653,0.021312119602380733,0.013336604749582839,0.02252336764095613,0.031754130655936165,0.21927763811203305,0.021905126130152032,0.010974077619895047,0.00654167871564932,0.018497385024826438,0.07348748843139542,2.1130299355641347,2.399782168085123e-08,8.396145838828296e-09,2.8706987670183145e-08,0.10397007039189517,0.0023453693392093003,0.24762992727114208,0.04001726974994835,0.06647155266155028
heat_pump,power,EL,14.84783701236166,1.2602334668617188e-09,8.634807266672835e-10,8.499642340494949e-10,1.4862956696618073e-09,0.08454806201095877,0.251686207354785,0.5162839372647782,0.5995613638320875,0.42737729243206213,0.6070289664878452,0.6440766170456692,1.010041477380031,3.482087002990567,0.3324108768635114,0.7292528041658409,1.0419459181517403,7.311915167106819e-08,0.39704163322847313,14.959195816276898,0.2752619977240287,1.2371420900802027e-07,9.665486953856422e-08,1.970562411643643e-07,0.08454837372921777,0.2516877620800738,0.5853516734848637,0.5995688649079277,0.4273779613409548,0.6070292569247377
heat_pump,power,ES,17.686106407765337,8.537283406822302e-10,7.495076035388363e-10,8.660119177005316e-10,0.30757179791748424,0.6004570192713303,1.1850170611768274,5.260828049716985,0.5527564292941816,1.128546645141772,0.5969518887061294,2.3155603130485196,0.42991468466028904,1.6860218888699279,0.7905966091167501,0.8859532050320238,0.22618054097498652,0.2832566026994173,4.431881469549362,17.89971665813467,1.4375726678675158e-06,6.109586964964629e-06,0.03285921373196856,0.3075744900418016,0.600457809251573,1.1850173244297164,5.260828239590577,0.5527565535138712,1.1285466716310713,0.5969519132951656
heat_pump,power,FI,6.354680651856895e-10,3.0317272220116273e-10,3.062520335266282e-10,3.259837988376326e-10,4.378873869968512e-10,1.697994458331158e-09,4.40718972041718e-09,8.893975622962935e-08,0.5471060244280033,0.11547749646228866,0.8121927006976803,0.2441581929315464,0.30670119275457813,0.18779511401626914,0.18664922269954376,0.213284946096751,0.9778614878896085,0.6750650068845634,0.2382012729271331,0.11541403863065298,0.012065852604859793,11.605117365649292,3.298734133457182e-07,1.3421100878724845e-06,0.8895294559182173,0.2476388194808135,0.46531166125959766,1.0781935422109012,0.28548471134108283,1.0252741669161871
heat_pump,power,FR,73.5630568352399,9.408355229241003e-10,7.960674272242172e-10,9.76730003552207e-10,3.6053382501897824,8.256503837290513,5.21349264298328,3.442571748949942,4.099324968057545,3.9657086402745625,9.554509768280615,5.672192510241905,6.9427333396420785,7.425547198720476,2.0188781465516126,4.1249238714418635,4.990041817277255,2.8581486346638916,5.317792970440316,74.98010222180685,1.6896999847892586e-05,3.288185705306327,8.138418382511879e-07,3.6053384766154846,8.25650396570629,5.213492726384275,3.442571796089591,4.099325026002806,3.9657086821002423,9.55450979022736
heat_pump,power,HR,1.4980326637578036,3.738154829592881e-10,4.6391722310957976e-10,6.486742015916625e-10,0.10438608748595102,0.15241740627813608,0.23891485516084063,0.11100411521110598,0.07684369022285838,0.18407421146848232,0.14207696456575508,1.1043283614612343,0.3057714564167867,0.4816820201930532,0.07887232995137569,0.558969371803836,0.11617148062223319,0.4989688832536653,0.26996181685623466,1.6879116934698994,0.2444453540017265,3.136897078661802,0.07332030713037853,0.10438760142273538,0.15241771692121941,0.23891510635153673,0.11100441662868116,0.07684395909942593,0.18407463229931167,0.14207748671867038
heat_pump,power,HU,8.874576885033761,7.586006903618732e-10,8.031874569724459e-10,9.177750392337718e-10,0.6523503221017415,0.9907329645597899,0.2927633284850249,0.20421821949646252,0.18570531705380675,0.7221029725271279,0.5952745941215641,0.961421722226679,1.231161588674868,2.1252807971975223,0.45028314317900675,3.161272008074393,0.9804995770142279,2.1253814344456203,2.063823711348117,9.753196964252693,0.42941033902595616,1.3624364178402872,3.877528908046236e-06,0.6523509776404818,0.9907332033017724,0.292763479466747,0.20421834050162513,0.1857054125251513,0.7221030603870399,0.5952746562343669
heat_pump,power,IE,7.409649880595328,2.655369118440968e-10,2.5560470385256297e-10,2.694929707285161e-10,4.203054829151587e-10,0.07621770909436829,0.047938242415458014,0.19010296025598147,0.0409822533714557,0.0795162454106759,0.10864201141846222,0.26257422727084734,0.04894702806902725,0.6305167928393614,0.29797901248447783,0.231322354555321,0.12726474982028982,0.07990558309301797,0.3775919636418289,7.442243047285615,0.6572412043791399,1.7596282525327842e-06,4.39424626970816e-07,2.0419114907285803e-07,0.07621779664986887,0.04793830998061827,0.19010301557196582,0.04098230382085569,0.07951627381133625,0.10864204142301971
heat_pump,power,IT,39.4073192352078,5.223142676503711e-10,6.396035182397871e-10,9.526403055729377e-10,7.819739042253472,9.14825464638994,4.992343651322803,5.824107417462702,7.268109910076774,4.965516069353975,9.527535310968103,10.819277040086076,14.166939581521468,9.513993934295979,0.8327794177453537,5.493155926831889,8.228009788243568,4.015918175906314,3.7495789591492934,40.44533543319492,4.718293169409299,1.875434883158572e-07,5.744490472579017e-07,9.676853322082788,9.1483108683619,4.992344497988416,5.824107626918637,8.70233734725302,4.9655161740140485,9.527535043754066
heat_pump,power,LT,2.860826177883333,2.1649037673503265e-09,1.6665388718724752e-09,1.3505702340136892e-09,0.03425726029848061,0.11474287718167656,0.02399139210614655,0.05206517744026927,0.15407764156185108,0.033147844217798074,0.03376348636152448,0.1263470683591217,0.0249644214628789,0.5641825638256804,0.021948476163469375,0.14802607390775352,0.2711152593273405,0.24546795587896822,0.7632566462459381,3.086969746859224,6.226790783506755e-07,4.0260346906111486e-08,3.842233744601743e-07,0.034257531882949006,0.1147430477534542,0.023991600360851097,0.052065482289308886,0.15407813169900106,0.0372152008849966,0.033765751743529825
heat_pump,power,LU,1.436362535980775e-09,1.5131120994547833e-10,1.4362678422911492e-10,1.4505017877551917e-10,1.7125470616183498e-10,2.0948531524933111e-10,2.675010694467663e-10,4.003486292869671e-10,9.082482350577495e-10,0.001688068725284235,0.013932097649428089,0.10527571457215837,0.04145327815848522,0.03082113796812122,0.039940724825954926,0.127461968609422,0.04777700059873562,0.14951868935242804,0.07317076101098026,1.8026964828044187e-07,0.20307994823545245,1.3995818204342676,7.16076479941397e-07,0.31485217348037525,3.373679683611507e-05,9.332921154027757e-07,2.4602565617650457e-07,1.8528834749655223e-07,0.0016881817552010234,0.019021490161527724
heat_pump,power,LV,8.763568733900493e-10,2.7858242924435076e-10,3.2004778217956723e-10,3.980888771489151e-10,9.591231837242785e-10,0.08594017772986795,0.020438596756077367,0.038561335068901324,0.05418561131454374,0.044981707066383575,0.0026326154777314733,0.1460259558553598,0.0036638863145708515,0.07891962793381359,0.09157696261109304,0.035118718558078466,0.027043024924290712,0.08302779820968542,0.005177009481121592,0.16307136728321414,0.10330269812712543,2.6569843880314603,2.580418195065583e-06,0.08695914875465141,0.0859432304983313,0.020439157990628665,0.0385615535950848,0.05418587008197641,0.044981884835852776,0.14242977869514828
heat_pump,power,NL,1.3469414577981676e-09,2.3131893727967083e-10,2.564064576046346e-10,3.114495156144512e-10,1.0212063872028737e-09,1.3083910633159783e-09,2.1628102950308283e-09,3.288963442937593,3.1863786840832238,4.3580076803304975,3.3560145045689636,4.59777477092486,3.222914625651525,2.6711119845504663,0.43063882055291647,0.10566718035822485,0.5453918563667769,0.5773407409585531,0.9523947533683712,0.17844715589709148,1.2063743717406616e-07,6.813172137879856,2.406334839510849e-07,6.926109517097281e-07,4.951005103818053e-06,10.729788496703627,3.288971394744377,3.1863798076849963,4.358004881512952,3.3560140626194226
heat_pump,power,NO,8.442251547102441e-09,4.820151480012884e-10,3.842827165745555e-10,3.931471277058366e-10,8.193233482680253e-10,3.816831651594587e-10,4.352267968557399e-09,1.265016814538828,1.0378566441440058,0.905424103129877,0.6202452327543816,0.2560767244804188,0.36074097889899803,0.49824017824437916,0.22581846395365304,0.2704183670136632,0.1416556556339626,0.3714175072536759,0.6620778233339917,0.07155456586876464,0.05137960750576362,8.171931882373341,4.364297305441129,1.4609925308768757e-06,3.4560245202080437e-07,3.3712721663543534e-07,1.2650171868409217,1.0378587014093346,0.905431872423267,0.7946886730164768
heat_pump,power,PL,12.19834219032861,4.749284773029662e-10,4.676509698902993e-10,5.262343301911605e-10,1.1512670493882306e-09,0.25489580269730744,0.6565902885427777,0.3692922544607925,1.4550803455458219,0.37883750250979326,0.8888007971360111,0.38559586928950784,0.5772405959117125,0.4152300324928472,1.4354372409654157,1.955859137488979e-08,1.1774157878831455,2.3998064561071915,6.731657808026133,14.001096391189899,11.742097541631676,34.63812567699309,0.04248588964872712,1.4532098565484042,0.2548966351752707,0.6565906716464066,0.3692923961574434,1.4550804745323598,0.3788375691587023,0.8888007851319263
heat_pump,power,PT,1.6141869002996752,1.8653900325397897e-09,1.2353329545895502e-09,1.3058697755907458e-09,0.01965563468464435,0.06979021753976207,0.1604040348434016,0.11250277871594018,0.16783534346868528,0.09722809934115972,0.07806815325338212,0.2156266483348437,0.12801401044233796,0.1925980273908301,0.0009595957033701993,0.007981201854617002,0.10857567782906485,0.03871377579767679,0.012895687907735771,1.6240978592037205,4.293609831312452e-06,5.792894024602521e-07,5.492776213761208e-07,0.019655890896431116,0.06979044381192415,0.16040413263321418,0.11250282593837702,0.16783540836471209,0.09722811897294907,0.07806819823382208
heat_pump,power,RO,8.1215087893359e-09,4.016518941759139e-10,4.5684616233632525e-10,6.930458031720917e-10,9.892898402220798e-09,0.013015219122877106,0.007897047923673054,2.0788720183040104,1.044619660939568,0.023798107385424542,0.4226972397717744,0.07772887541460231,0.15554339637048425,0.9868305427447265,0.34715222824968583,0.00010600739676068937,1.3082223042626673,0.9678415971324206,0.24724028524599384,0.4261916124023476,1.0759621084603932,2.6515806415005514,6.884912340161813e-07,3.1736537239062848e-06,1.2642385727871377,0.09967859164628569,2.0788724644706393,1.0446200065401483,0.02379820389144175,0.4226972736943513
heat_pump,power,SE,4.775219002333754e-09,7.838156721658847e-10,5.114574495191538e-10,4.880467538529049e-10,8.508468107291154e-10,6.5797044688946565e-09,0.5908475876657122,0.5478823987613431,0.713367920318573,0.22707364700056074,1.428509595725719,1.1920761575292655,0.4176637722101582,0.33573252774890167,0.36524920451751575,0.46060455171934844,0.0053734846053490075,0.3537388965102416,0.7398699788601585,0.07986616180907376,6.670405236352975,6.346038035951767,9.39121431965324e-06,1.578092217172407,1.5529854970352952e-06,0.5908480558245658,0.5478829420171529,0.7133683828420202,0.22707445314153696,1.4285088753664756
heat_pump,power,SI,2.1813756759397185,2.083953573578396e-10,2.526770654702268e-10,3.3816693168697696e-10,6.982804085570073e-10,0.08017317912116874,0.030533962532530635,0.014002639607211646,0.00870590157869314,0.030353629626124437,0.11755318710842608,0.06782808331684215,0.1595598735964934,0.1295382442890608,0.07617335198738553,0.04675615115626334,0.1088358162208557,0.1365405287881147,0.0436987755121276,2.18137590793955,0.006971447585930647,0.758060575523684,1.6388184167208548e-07,1.664131514352387e-07,0.08017330644097596,0.03053410337164047,0.014003031916883638,0.008706064080132851,0.030353827048479443,0.11755340063826698
heat_pump,power,SK,6.527203891179735e-10,2.2164056235751315e-10,2.2022462960817728e-10,2.1998353458622968e-10,2.8511067958007953e-10,3.7074350869694794e-10,1.7674603644521615e-09,1.91662646137164e-09,0.008503285342061843,8.496098409760876e-09,0.10717359389318701,0.5520726307858244,0.01138769368244018,0.7864281378193327,0.13550201362174907,0.007246313476676363,0.0019045724694242566,0.10058075452841436,0.2033467186158836,0.35651129720547686,0.20286744909024093,2.7064605649469398,3.06123139254743e-07,7.730857969677335e-07,5.236715767477878e-06,1.6769948635888534,2.46631214634163e-06,0.01381937560153634,2.681026938015458e-07,0.1257209119961958
heat_pump,power,UK,37.71519163293072,1.0062946414311898e-09,9.64537925452545e-10,1.1658302383319768e-09,8.179273212605294,9.319897721573687,8.228611512563603,7.907135614828318,9.465953253490717,8.192791327561832,8.53978481090556,10.225742546843216,8.168519493533244,11.6847819976149,1.8982957135390175,1.310417708168213,2.199101764465773,5.114899966906028,7.281907715538025,39.94913914850837,6.890168693941304,4.299154357187004e-06,6.094180719984356e-07,8.179273367602462,9.319897878927012,8.228611531000835,7.907135661524825,9.465953310871424,8.192791349834689,8.539775966597322
hydrogen_storage,energy,AT,1.1009113998650246e-06,4.001629823064549e-09,8.337031993979385e-10,2.0106108473952626e-09,1.3944847729608187e-08,2.0198375619209366e-07,1.2776648962512544e-07,1.4634212293650831e-07,1.5919880333492577e-07,1.8281712630449563e-07,5.033722027184946e-07,1.2726793288824413e-07,2.470499645896872e-07,2.9235984509604626e-07,3.3290835614037517e-07,6.292191382798665e-07,3.9542714546814734e-07,4.4733876080732556e-07,4.720310780687602e-07,5.054728314589768e-07,9.160246516456439e-07,6.184940470963614e-07,6.19450591356177e-07,6.858876596197167e-07,7.466363584796501e-07,8.678809783748226e-07,8.653964574686548e-07,1.0428743307569318e-06,1.1498782232454256e-06,1.30749896303399e-06
hydrogen_storage,energy,BE,1.0775805774683635e-06,4.526685919509756e-09,7.745857115972796e-10,1.9078703609053483e-09,1.59586175896157e-08,2.010121792530184e-07,1.268601840324637e-07,1.407355689699347e-07,1.5922514184206442e-07,1.8239759797491545e-07,5.362199967777325e-07,8.91690002507081e-08,2.426057522569127e-07,2.789861436741759e-07,3.0168771047407735e-07,6.261846818823556e-07,3.926268220843552e-07,4.76630274611538e-07,5.081160847531065e-07,5.132998944431952e-07,8.5796063752895e-07,5.896543965625765e-07,6.063177049571053e-07,6.731826580395028e-07,7.342348351277454e-07,8.160828037340184e-07,8.255065553694884e-07,1.024144456382107e-06,1.1156667364372803e-06,1.2316724289470878e-06
hydrogen_storage,energy,BG,1.0957377113214205e-06,4.471978627960831e-09,9.668549334779808e-10,2.3435859746968293e-09,1.7395913874125598e-08,2.0458081807302655e-07,1.2853262064030696e-07,1.4087342547057005e-07,1.5892763244698947e-07,1.8954527230013347e-07,4.887322736054783e-07,1.4470309777734543e-07,2.4236291117407054e-07,2.8603188438899774e-07,3.267441332918671e-07,6.210282459902221e-07,3.9633488145177135e-07,4.868150041191218e-07,5.620180300972762e-07,4.956433708515262e-07,8.663891914820473e-07,5.94085495511309e-07,7.050551661390461e-07,6.775202679183562e-07,7.697306437800552e-07,8.526824311005688e-07,9.57801696123487e-07,9.341004916160572e-07,1.1869397716665526e-06,1.3562272874361136e-06
hydrogen_storage,energy,CH,1.0926378335650382e-06,4.633688874283576e-09,8.833249012957582e-10,2.1391729325955197e-09,1.6608950818016342e-08,2.0461748561163426e-07,1.2806615117873911e-07,1.4252311492485977e-07,1.5894818969385283e-07,1.8286572988071737e-07,5.220055931824196e-07,1.1556289768117242e-07,2.4695849550705497e-07,2.878174906981385e-07,3.2033522488771907e-07,6.413119257140793e-07,4.0180137728824825e-07,4.639873376326321e-07,4.840187057499112e-07,5.047114539054604e-07,8.952605398213826e-07,6.423440794469235e-07,6.345044685231086e-07,7.021205683502202e-07,7.541308097701556e-07,8.738392956401206e-07,8.902840183869992e-07,9.774738122429517e-07,1.1494526745409083e-06,1.2877979717172994e-06
hydrogen_storage,energy,CZ,1.1030242223984793e-06,3.91704878365626e-09,9.032647263110891e-10,2.047874417465493e-09,1.269279887773442e-08,2.0038391323044342e-07,1.283653105661393e-07,1.4565785767947416e-07,1.6004583282886078e-07,1.8233762066457464e-07,4.888154655261422e-07,1.4133963463290036e-07,2.389920172491221e-07,2.9136079351715046e-07,3.3089660565162276e-07,6.654305508160089e-07,4.005414028408058e-07,4.3847335014278107e-07,4.806881804141009e-07,5.003578267761877e-07,9.216671098642097e-07,7.253105499404075e-07,6.556551148225297e-07,7.114893193785076e-07,7.953232384805914e-07,8.909858675650519e-07,9.567568976606223e-07,1.0420832072629793e-06,1.165722610966459e-06,1.3012701648957853e-06
hydrogen_storage,energy,DE,1.0574672206856039e-06,3.5621196844718988e-09,8.705220433092837e-10,2.0715597888684462e-09,1.2432649014551699e-08,1.9004218109425843e-07,1.2295400897060323e-07,1.372345347406078e-07,1.5328798923530708e-07,1.7662580659947335e-07,4.660341252778476e-07,1.344369857255824e-07,2.3417893963629127e-07,3.046033433228612e-07,3.111099169691877e-07,6.203153064921453e-07,3.7675239670511103e-07,4.413570216825862e-07,4.7138204576857544e-07,5.081779649314278e-07,8.959981064875059e-07,5.784939209209152e-07,6.064198282318212e-07,6.914875820803839e-07,7.564244690179316e-07,8.637114663881263e-07,8.242353133758998e-07,1.005626158248451e-06,1.1163395992141066e-06,1.2284926558117831e-06
hydrogen_storage,energy,DK,1.1104088778933401e-06,3.6290351301439416e-09,8.030352496871145e-10,1.900632306210099e-09,1.2918413135854876e-08,2.0332548917918188e-07,1.2874445155308448e-07,1.458945257501683e-07,1.6086162681954135e-07,1.8432668164654542e-07,5.219975114282823e-07,1.1696005198716613e-07,2.402567447544953e-07,2.8138148841139744e-07,3.080958667674604e-07,6.337329092260491e-07,3.9677692913608353e-07,4.518312889426655e-07,4.758883858423317e-07,5.098700281306813e-07,8.795391667511056e-07,6.433453593311502e-07,5.985074536217013e-07,6.835145687238683e-07,7.261197818688463e-07,8.019269980492805e-07,9.016900291076481e-07,1.0257878091599644e-06,1.0855492499047778e-06,1.301690599774222e-06
hydrogen_storage,energy,EE,1.10918797267488e-06,1.0682315402857373e-09,6.07119551053641e-10,1.5122886538774519e-09,8.29924358555788e-09,1.8981456405051394e-07,1.2747354937795973e-07,1.4313512716278422e-07,1.569496777851441e-07,1.7790793239335572e-07,5.899785831998404e-07,1.950805132456012e-07,2.542520879303304e-07,2.9201955994426024e-07,3.2044801801416255e-07,6.728564630370672e-07,4.432779586765499e-07,4.7146536198938174e-07,5.254624755975198e-07,5.232272324723976e-07,8.670894074731436e-07,6.464717081034004e-07,6.149210502463953e-07,6.883524520129088e-07,7.337685146549751e-07,8.110515672480789e-07,8.858257724777386e-07,1.0267939617151574e-06,1.1135836167763623e-06,1.2086142915993887e-06
hydrogen_storage,energy,EL,1.096821155529103e-06,4.653571234681042e-09,8.706276088763704e-10,2.1663903361619215e-09,1.6887445668299986e-08,2.035105072763099e-07,1.2727577604880153e-07,1.4132791408010826e-07,1.6110321683289967e-07,1.799002746178551e-07,4.91224129665231e-07,1.5174494045497775e-07,2.577478021690695e-07,2.8790973507829727e-07,3.250361153613178e-07,6.214219658350085e-07,3.838409685507346e-07,5.181648539413222e-07,5.678366695046862e-07,4.884667435354989e-07,9.358657914100055e-07,5.784335455663057e-07,6.928920483897537e-07,6.618486105598574e-07,7.39744383406802e-07,8.634871601420296e-07,9.344375166569518e-07,9.840011915403558e-07,1.1871575579050083e-06,1.5645442304117935e-06
hydrogen_storage,energy,ES,1.068770733294276e-06,4.463458776651028e-09,7.792250397079884e-10,1.835491493841981e-09,1.4400100811520122e-08,1.9690483224924567e-07,1.2355520830056941e-07,1.357529145701699e-07,1.5360965272019508e-07,1.7637635225161516e-07,4.486488243862014e-07,1.6911040292477624e-07,2.3764074808967034e-07,2.892262108965701e-07,3.074100233833706e-07,6.220011082430916e-07,4.001491709620997e-07,4.6285045984448954e-07,4.961918126044105e-07,5.006342069182439e-07,7.943568669741889e-07,5.511656837712086e-07,6.17703917036951e-07,7.196532199759912e-07,8.138406542564697e-07,8.271030033257036e-07,8.792564013882978e-07,9.902410951790362e-07,1.1173627562265554e-06,1.248432025611413e-06
hydrogen_storage,energy,FI,1.1014147199199245e-06,3.5321684406925502e-09,7.304052464912512e-10,1.6762084334820422e-09,1.1386010178773927e-08,2.0011864316843133e-07,1.2803663082224517e-07,1.443493145429991e-07,1.5846485744878404e-07,1.8150265405199178e-07,5.188922793764617e-07,1.0856625195126098e-07,2.3377293024566676e-07,2.7590850470895034e-07,3.14891568097538e-07,6.132457730274876e-07,4.126180495844966e-07,4.823999826100181e-07,4.724714657610228e-07,4.836033232132548e-07,8.432424811997562e-07,7.049515517097907e-07,6.154842673614092e-07,6.613191117024476e-07,7.153007793556394e-07,7.934563838239579e-07,8.782528985075147e-07,9.984959042077204e-07,1.092011070383738e-06,1.2573804336083353e-06
hydrogen_storage,energy,FR,1.0486704443718572e-06,4.119644758463197e-09,8.774418996534347e-10,2.0646949726051245e-09,1.5790826742710913e-08,1.9564081975555437e-07,1.227780050868646e-07,1.3636870218936104e-07,1.5494130278051476e-07,1.7494746087017075e-07,4.414888284696313e-07,1.5903903181513337e-07,2.327238457918359e-07,3.062615525143902e-07,3.06556780261446e-07,6.146869623302405e-07,3.6348199438148755e-07,4.1887251508298256e-07,4.658222448545495e-07,4.979758736535064e-07,8.47343085062592e-07,5.95042954984437e-07,5.996193851719392e-07,6.619114651494677e-07,7.435726264946799e-07,8.180578706874008e-07,8.42892080926836e-07,1.0204706700028534e-06,1.0426988909097077e-06,1.2642420981403488e-06
hydrogen_storage,energy,HR,1.0956120724610624e-06,4.044160799292599e-09,8.617023187673832e-10,2.0129684260968206e-09,1.5553032327532888e-08,2.0325839878104299e-07,1.3533267259309942e-07,1.4327233214978798e-07,1.5925564711527928e-07,1.8284723589387054e-07,5.201200442918602e-07,1.202538427282611e-07,2.5809153535101295e-07,3.092609279974554e-07,3.5197336579353956e-07,6.436566054441845e-07,3.955221976642617e-07,4.475198992491746e-07,5.012320222087061e-07,5.011739401411196e-07,8.922811547382427e-07,6.423666933362736e-07,6.304199521208465e-07,6.77783216271814e-07,7.476052315937404e-07,8.397038794611735e-07,8.492103316516517e-07,9.727290951579558e-07,1.1157438475246047e-06,1.2813892436215405e-06
hydrogen_storage,energy,HU,1.0983595968667658e-06,4.393316392456427e-09,9.338689254644204e-10,2.2750313577955045e-09,1.6620528718423583e-08,2.0511621559834268e-07,1.357125714594899e-07,1.4339766500501973e-07,1.598851561098455e-07,1.8006079367730504e-07,4.992188184449908e-07,1.6046902525597467e-07,2.474417316417785e-07,2.7460992872921405e-07,3.2721307754208205e-07,6.492749052734771e-07,4.0766906207654487e-07,4.597818110877461e-07,5.518150277699372e-07,5.26989686399509e-07,8.84791621123886e-07,6.399369270847036e-07,6.356908127227985e-07,6.871279271753703e-07,7.144601781166906e-07,8.591900476219377e-07,9.301788939936837e-07,9.772920297052442e-07,1.0829745746960929e-06,1.3675174841085773e-06
hydrogen_storage,energy,IE,1.0925621775252638e-06,4.353153350100609e-09,8.802754528192201e-10,2.1496156921475026e-09,1.589657532729816e-08,2.0972698773128792e-07,1.37559374102102e-07,1.483942218516702e-07,1.657555423634678e-07,1.8525761046162133e-07,5.013822916899146e-07,1.3113805003246827e-07,2.332389568740587e-07,2.817633387551633e-07,3.0994097803171327e-07,6.219499323550074e-07,3.77553211848882e-07,4.32617262681376e-07,5.14467943704539e-07,5.259453765018812e-07,8.422437706165221e-07,5.937679126810663e-07,6.044392697667504e-07,6.74739788756585e-07,7.258128420437854e-07,8.231409636935496e-07,8.267116745429632e-07,9.72108621924266e-07,1.0495380778335795e-06,1.198290808338025e-06
hydrogen_storage,energy,IT,1.0590509592407296e-06,4.331038009766652e-09,7.544022165483534e-10,1.8240387725390635e-09,1.2940405006133217e-08,1.9020420273409163e-07,1.2215406620350858e-07,1.3771295464862308e-07,1.538053984908003e-07,1.75762344942547e-07,4.629894735921878e-07,1.5324723452218543e-07,2.429711774109009e-07,3.0711267333018155e-07,3.3821532097328817e-07,6.466619266522718e-07,4.2134277775296083e-07,4.708508109925181e-07,4.813766475886208e-07,5.264686814055065e-07,8.412195902074982e-07,5.781878136406168e-07,6.328627155437384e-07,6.676059740088311e-07,7.583859703449939e-07,8.76549057778488e-07,8.781967775143011e-07,9.996442407989396e-07,1.0676289701600376e-06,1.1694436972927795e-06
hydrogen_storage,energy,LT,1.1073548885281676e-06,2.9543656563597354e-09,6.629601454283778e-10,1.6971502468147336e-09,9.183973085532991e-09,1.9320997989827216e-07,1.2775198770328518e-07,1.4445200033147393e-07,1.5862268503214127e-07,1.7964823872969573e-07,4.997467353902633e-07,1.2628767807905392e-07,2.3339124242428527e-07,2.678099366192417e-07,2.9893992459026935e-07,6.874639238988544e-07,4.3077492962821466e-07,5.810441725614155e-07,5.503321465087184e-07,6.420868597977799e-07,9.294856370446901e-07,6.265138036620158e-07,6.256257687535858e-07,6.969158239944944e-07,7.370751926379566e-07,8.277153479697882e-07,9.073249944664194e-07,1.022521363426442e-06,1.123937488339772e-06,1.2314116043406186e-06
hydrogen_storage,energy,LU,1.098803623327913e-06,3.72548818678368e-09,9.522661730184323e-10,2.2653399145994635e-09,2.059255577944489e-08,2.0914818811396144e-07,1.2998272602417635e-07,1.441385457060468e-07,1.626352232045373e-07,1.8512873102499408e-07,5.026577090684538e-07,1.233217531901863e-07,2.3397259651470994e-07,2.758812955664794e-07,3.137001369865095e-07,6.343745723575399e-07,4.075981872728254e-07,4.432401926791466e-07,4.6344003487580765e-07,4.957655345597632e-07,8.179910118681912e-07,6.01890628270268e-07,6.110164302826375e-07,6.963487728302382e-07,7.402631173186703e-07,8.273287076340788e-07,8.340623427503818e-07,1.0312604399393936e-06,1.1060917646286836e-06,1.3009273327594014e-06
hydrogen_storage,energy,LV,1.104123588210907e-06,9.149058602992328e-10,6.150054241669419e-10,1.5404143645480702e-09,8.672749914455175e-09,1.9023289879604927e-07,1.2657131149692114e-07,1.4286334043969956e-07,1.5647235520667267e-07,1.786748679047167e-07,5.030086471620401e-07,1.1964675083884574e-07,2.7843467745895587e-07,3.547370025503503e-07,3.782156472835642e-07,6.640330239516216e-07,4.316918773242266e-07,5.143267058153287e-07,5.502929362201708e-07,5.329103372824103e-07,9.004036072988219e-07,6.396671816779057e-07,6.233088115984888e-07,6.952606519312068e-07,7.303312150747442e-07,8.045510376765432e-07,9.098402075704905e-07,1.039751379407363e-06,1.124887829709175e-06,1.172769445391761e-06
hydrogen_storage,energy,NL,1.0792224212043335e-06,4.605911329824294e-09,7.625790031849202e-10,1.8221898387322173e-09,1.4506532539942913e-08,2.022541997528926e-07,1.2678406856143063e-07,1.400362906433756e-07,1.5961161569116474e-07,1.8221713511117316e-07,5.348575163191494e-07,9.611905812357365e-08,2.2975429002328613e-07,2.780671103229234e-07,3.0104774671461643e-07,6.189379771590523e-07,4.121734409392866e-07,5.034956670588226e-07,5.199854603233816e-07,5.075795208776208e-07,8.367847443395165e-07,5.784955120043427e-07,6.267726809036183e-07,6.724880634833848e-07,7.527563563333154e-07,8.266416676687356e-07,8.590508456611713e-07,1.0293843558598517e-06,1.1242802822671307e-06,1.2720784452127341e-06
hydrogen_storage,energy,NO,1.079537720023723e-06,3.5108373189193898e-09,6.710384989658234e-10,1.5400124343768356e-09,1.0222089806249226e-08,1.9185816212121722e-07,1.2412906045069055e-07,1.3797436056838907e-07,1.5451245680949352e-07,1.7861783876932984e-07,4.73555886184282e-07,1.418327797033417e-07,2.5379761030514174e-07,3.044222212389251e-07,3.079415413115152e-07,6.175191759841611e-07,3.80271542788159e-07,4.472466340354773e-07,4.943096945768023e-07,4.988241228016841e-07,8.363839376668712e-07,6.2362044359553e-07,5.98426260733289e-07,6.711684122447783e-07,7.292918152212274e-07,7.856044217509377e-07,8.543768973028456e-07,9.611508548627749e-07,1.0433600657169316e-06,1.2701765309434047e-06
hydrogen_storage,energy,PL,1.094727670993653e-06,3.3930469157586135e-09,6.338125166213552e-10,1.5231298376515813e-09,1.0292759583927336e-08,1.9517751080075162e-07,1.2248465324860347e-07,1.5107318177358877e-07,1.5911044636071314e-07,1.7900566659964563e-07,4.940338406353864e-07,1.3180244386199586e-07,2.33421708624828e-07,2.824628390468017e-07,3.723170487618956e-07,6.284819130378823e-07,3.966972817728576e-07,4.651028348126608e-07,5.644068339367644e-07,5.185468480581896e-07,9.22687963960159e-07,5.371500895401549e-07,6.272419744144035e-07,6.835746979926488e-07,7.720040998936445e-07,9.011365810111885e-07,9.09080418697037e-07,1.0651892105733786e-06,1.1716894472642943e-06,1.0409466392821439e-06
hydrogen_storage,energy,PT,1.0700017949607813e-06,3.859888525464093e-09,7.259455061613832e-10,1.9564270322038774e-09,1.2444903818912681e-08,1.907798447683869e-07,1.2284268079412458e-07,1.3721296947127052e-07,1.5338475164111992e-07,1.755180367429308e-07,4.708854803091582e-07,1.4085579201795825e-07,2.5532397708481914e-07,2.796959748916672e-07,3.023296990215912e-07,6.993757298277323e-07,4.361030094970421e-07,4.5006916659102767e-07,5.435684881569704e-07,5.199851914406241e-07,8.798395387807289e-07,5.748801637523217e-07,6.292672456732593e-07,7.042081581298294e-07,7.813634496854366e-07,8.449647935269428e-07,9.167418861808542e-07,9.968723550032447e-07,1.1278889157502327e-06,1.198613674428576e-06
hydrogen_storage,energy,RO,1.0982518833464748e-06,4.259747374982717e-09,7.689689292454261e-10,1.8847695635473248e-09,1.572132316929287e-08,2.037648927917403e-07,1.2775978963185318e-07,1.4199058527736924e-07,1.5980996322987757e-07,1.8055715559240494e-07,5.038317198993352e-07,1.7252655672101877e-07,2.4527806184250534e-07,2.845393290276838e-07,3.2854250405939907e-07,6.206496714955558e-07,3.980388716248074e-07,4.5411011502057816e-07,5.008771521460785e-07,5.09283541731104e-07,9.170929759547735e-07,6.558269938659208e-07,7.385358153747274e-07,7.156029626378346e-07,7.472765880454052e-07,8.536153792390997e-07,9.156010682358567e-07,1.0203424681954602e-06,1.0847743217942468e-06,1.4041940317670786e-06
hydrogen_storage,energy,SE,1.0869557794344584e-06,3.5463517948284834e-09,7.48846431950603e-10,1.6792085413497823e-09,1.1197162810386007e-08,1.9593651568809468e-07,1.2556735958365314e-07,1.3980825181526478e-07,1.5715031880637731e-07,1.7996630675897176e-07,5.04846928350345e-07,1.1690301249274546e-07,2.349170689368895e-07,2.7381844204940226e-07,3.0956955684387226e-07,6.140340537619159e-07,3.808224245217884e-07,4.4453393243055266e-07,5.13470961569734e-07,5.042078711464168e-07,8.558680830683159e-07,6.712811676170368e-07,5.9869549783125e-07,6.656630037573462e-07,7.187458136979591e-07,7.886155666668233e-07,8.940099257030731e-07,9.794739551608846e-07,1.097077403098967e-06,1.2550642238242005e-06
hydrogen_storage,energy,SI,1.0983825735681212e-06,3.975685899020103e-09,8.794790570267562e-10,2.0827325380150776e-09,1.747751819887149e-08,2.0505600520362293e-07,1.2751716904635797e-07,1.4139197577924007e-07,1.5971685144842122e-07,1.8460692786016517e-07,5.308408528181019e-07,1.1655857144097943e-07,2.5061223295731043e-07,3.1133330600735224e-07,3.511425860777957e-07,6.457818943822621e-07,4.137796264093115e-07,4.5051562628108746e-07,5.213169721088187e-07,5.030215965698499e-07,8.589036074888216e-07,6.264963417180375e-07,6.504483274145017e-07,6.863260963033075e-07,7.473434605984706e-07,8.474634542565966e-07,8.579915612626968e-07,9.805634093958229e-07,1.1249675475107316e-06,1.2743234751506602e-06
hydrogen_storage,energy,SK,1.1051100621905105e-06,3.4735963685102587e-09,8.435340213019235e-10,1.9575325985449334e-09,1.3260864044412523e-08,2.0187323325909054e-07,1.2893225609288585e-07,1.441379175682669e-07,1.6006582839326888e-07,1.8262435474058803e-07,5.117094740626421e-07,1.2600685362181056e-07,2.38941245380667e-07,2.7476378713518543e-07,3.286274633368712e-07,6.345228103423871e-07,3.9228407143141777e-07,4.3230394508218966e-07,4.91446554925034e-07,5.741738454932935e-07,1.0169407049128815e-06,6.780297086350106e-07,6.328242011522345e-07,7.030690800647081e-07,7.930837451892961e-07,9.177354012497623e-07,9.48370022793388e-07,1.041329773946944e-06,1.1483026747041584e-06,1.2653678678651573e-06
hydrogen_storage,energy,UK,1.0515871906786645e-06,4.3750061224849286e-09,8.658952674990694e-10,2.0361272115659855e-09,1.3325703701532709e-08,1.9463922344801853e-07,1.2378455973547112e-07,1.3889267505517526e-07,1.543745290929478e-07,1.739873606298527e-07,4.633317740632613e-07,1.412218489001887e-07,2.3401108992275165e-07,2.7880441571699143e-07,2.947674578721348e-07,6.049552275339797e-07,3.735692913998478e-07,4.653421425958793e-07,4.796524533941364e-07,4.867975753736039e-07,8.376369744024109e-07,5.914723803862792e-07,6.037833699143477e-07,6.689204530858649e-07,7.182066934431216e-07,8.187135460268218e-07,8.608626527086497e-07,9.783329866904287e-07,1.0407151252222921e-06,1.1954858059781326e-06
hydrogen_storage,power,AT,5.504556999325123e-07,2.0008149115322743e-09,4.1685159969896923e-10,1.0053054236976313e-09,6.972423864804093e-09,1.0099187809604683e-07,6.388324481256272e-08,7.317106146825416e-08,7.959940166746288e-08,9.140856315224782e-08,2.516861013592473e-07,6.363396644412207e-08,1.235249822948436e-07,1.4617992254802313e-07,1.6645417807018759e-07,3.1460956913993324e-07,1.9771357273407367e-07,2.2366938040366278e-07,2.360155390343801e-07,2.527364157294884e-07,4.5801232582282197e-07,3.092470235481807e-07,3.097252956780885e-07,3.4294382980985836e-07,3.7331817923982507e-07,4.339404891874113e-07,4.326982287343274e-07,5.214371653784659e-07,5.749391116227128e-07,6.53749481516995e-07
hydrogen_storage,power,BE,5.387902887341818e-07,2.263342959754878e-09,3.872928557986398e-10,9.539351804526741e-10,7.97930879480785e-09,1.005060896265092e-07,6.343009201623185e-08,7.036778448496735e-08,7.961257092103221e-08,9.119879898745773e-08,2.6810999838886624e-07,4.458450012535405e-08,1.2130287612845634e-07,1.3949307183708794e-07,1.5084385523703868e-07,3.130923409411778e-07,1.963134110421776e-07,2.38315137305769e-07,2.5405804237655324e-07,2.566499472215976e-07,4.28980318764475e-07,2.9482719828128826e-07,3.0315885247855264e-07,3.365913290197514e-07,3.671174175638727e-07,4.080414018670092e-07,4.127532776847442e-07,5.120722281910535e-07,5.578333682186402e-07,6.158362144735439e-07
hydrogen_storage,power,BG,5.478688556607102e-07,2.2359893139804153e-09,4.834274667389904e-10,1.1717929873484147e-09,8.697956937062799e-09,1.0229040903651327e-07,6.426631032015348e-08,7.043671273528503e-08,7.946381622349474e-08,9.477263615006674e-08,2.4436613680273913e-07,7.235154888867272e-08,1.2118145558703527e-07,1.4301594219449887e-07,1.6337206664593355e-07,3.1051412299511105e-07,1.9816744072588567e-07,2.434075020595609e-07,2.810090150486381e-07,2.478216854257631e-07,4.3319459574102367e-07,2.970427477556545e-07,3.5252758306952305e-07,3.387601339591781e-07,3.848653218900276e-07,4.263412155502844e-07,4.789008480617435e-07,4.670502458080286e-07,5.934698858332763e-07,6.781136437180568e-07
hydrogen_storage,power,CH,5.463189167825191e-07,2.316844437141788e-09,4.416624506478791e-10,1.0695864662977598e-09,8.304475409008171e-09,1.0230874280581713e-07,6.403307558936956e-08,7.126155746242988e-08,7.947409484692642e-08,9.143286494035869e-08,2.610027965912098e-07,5.778144884058621e-08,1.2347924775352748e-07,1.4390874534906926e-07,1.6016761244385954e-07,3.2065596285703967e-07,2.0090068864412413e-07,2.3199366881631606e-07,2.420093528749556e-07,2.523557269527302e-07,4.476302699106913e-07,3.2117203972346174e-07,3.172522342615543e-07,3.510602841751101e-07,3.770654048850778e-07,4.369196478200603e-07,4.451420091934996e-07,4.887369061214759e-07,5.747263372704541e-07,6.438989858586497e-07
hydrogen_storage,power,CZ,5.515121111992396e-07,1.95852439182813e-09,4.5163236315554456e-10,1.0239372087327465e-09,6.34639943886721e-09,1.0019195661522171e-07,6.418265528306966e-08,7.282892883973708e-08,8.002291641443039e-08,9.116881033228732e-08,2.444077327630711e-07,7.066981731645018e-08,1.1949600862456104e-07,1.4568039675857523e-07,1.6544830282581138e-07,3.3271527540800443e-07,2.002707014204029e-07,2.1923667507139054e-07,2.4034409020705043e-07,2.5017891338809383e-07,4.6083355493210487e-07,3.6265527497020377e-07,3.2782755741126485e-07,3.557446596892538e-07,3.976616192402957e-07,4.4549293378252593e-07,4.783784488303111e-07,5.210416036314896e-07,5.828613054832295e-07,6.506350824478927e-07
hydrogen_storage,power,DE,5.287336103428019e-07,1.7810598422359494e-09,4.3526102165464184e-10,1.0357798944342231e-09,6.216324507275849e-09,9.502109054712922e-08,6.147700448530161e-08,6.86172673703039e-08,7.664399461765354e-08,8.831290329973667e-08,2.330170626389238e-07,6.72184928627912e-08,1.1708946981814563e-07,1.523016716614306e-07,1.5555495848459385e-07,3.1015765324607263e-07,1.8837619835255552e-07,2.206785108412931e-07,2.3569102288428772e-07,2.540889824657139e-07,4.4799905324375294e-07,2.892469604604576e-07,3.032099141159106e-07,3.4574379104019194e-07,3.782122345089658e-07,4.3185573319406317e-07,4.121176566879499e-07,5.028130791242255e-07,5.581697996070533e-07,6.142463279058916e-07
hydrogen_storage,power,DK,5.552044389466701e-07,1.8145175650719708e-09,4.0151762484355724e-10,9.503161531050496e-10,6.459206567927438e-09,1.0166274458959094e-07,6.437222577654224e-08,7.294726287508415e-08,8.043081340977067e-08,9.216334082327271e-08,2.6099875571414116e-07,5.8480025993583064e-08,1.2012837237724764e-07,1.4069074420569872e-07,1.540479333837302e-07,3.1686645461302454e-07,1.9838846456804177e-07,2.2591564447133276e-07,2.3794419292116584e-07,2.5493501406534065e-07,4.397695833755528e-07,3.216726796655751e-07,2.9925372681085066e-07,3.4175728436193417e-07,3.6305989093442313e-07,4.0096349902464024e-07,4.5084501455382403e-07,5.128939045799822e-07,5.427746249523889e-07,6.50845299887111e-07
hydrogen_storage,power,EE,5.5459398633744e-07,5.341157701428687e-10,3.035597755268205e-10,7.561443269387259e-10,4.14962179277894e-09,9.490728202525697e-08,6.373677468897987e-08,7.156756358139211e-08,7.847483889257205e-08,8.895396619667786e-08,2.949892915999202e-07,9.75402566228006e-08,1.271260439651652e-07,1.4600977997213012e-07,1.6022400900708127e-07,3.364282315185336e-07,2.2163897933827496e-07,2.3573268099469087e-07,2.627312377987599e-07,2.616136162361988e-07,4.335447037365718e-07,3.232358540517002e-07,3.0746052512319763e-07,3.441762260064544e-07,3.6688425732748755e-07,4.0552578362403946e-07,4.429128862388693e-07,5.133969808575787e-07,5.567918083881812e-07,6.043071457996943e-07
hydrogen_storage,power,EL,5.484105777645515e-07,2.326785617340521e-09,4.353138044381852e-10,1.0831951680809608e-09,8.443722834149993e-09,1.0175525363815494e-07,6.363788802440076e-08,7.066395704005413e-08,8.055160841644984e-08,8.995013730892756e-08,2.456120648326155e-07,7.587247022748887e-08,1.2887390108453474e-07,1.4395486753914864e-07,1.625180576806589e-07,3.1071098291750426e-07,1.919204842753673e-07,2.590824269706611e-07,2.839183347523431e-07,2.4423337176774946e-07,4.6793289570500273e-07,2.8921677278315283e-07,3.4644602419487683e-07,3.309243052799287e-07,3.69872191703401e-07,4.317435800710148e-07,4.672187583284759e-07,4.920005957701779e-07,5.935787789525041e-07,7.822721152058967e-07
hydrogen_storage,power,ES,5.34385366647138e-07,2.231729388325514e-09,3.896125198539942e-10,9.177457469209905e-10,7.200050405760061e-09,9.845241612462283e-08,6.177760415028471e-08,6.787645728508495e-08,7.680482636009754e-08,8.818817612580758e-08,2.243244121931007e-07,8.455520146238812e-08,1.1882037404483517e-07,1.4461310544828505e-07,1.537050116916853e-07,3.110005541215458e-07,2.0007458548104986e-07,2.3142522992224477e-07,2.4809590630220524e-07,2.5031710345912193e-07,3.9717843348709444e-07,2.755828418856043e-07,3.088519585184755e-07,3.598266099879956e-07,4.069203271282349e-07,4.135515016628518e-07,4.396282006941489e-07,4.951205475895181e-07,5.586813781132777e-07,6.242160128057065e-07
hydrogen_storage,power,FI,5.507073599599622e-07,1.7660842203462751e-09,3.652026232456256e-10,8.381042167410211e-10,5.6930050893869634e-09,1.0005932158421567e-07,6.401831541112258e-08,7.217465727149955e-08,7.923242872439202e-08,9.075132702599589e-08,2.5944613968823087e-07,5.428312597563049e-08,1.1688646512283338e-07,1.3795425235447517e-07,1.57445784048769e-07,3.066228865137438e-07,2.063090247922483e-07,2.4119999130500903e-07,2.362357328805114e-07,2.418016616066274e-07,4.216212405998781e-07,3.5247577585489534e-07,3.077421336807046e-07,3.306595558512238e-07,3.576503896778197e-07,3.9672819191197897e-07,4.3912644925375733e-07,4.992479521038602e-07,5.46005535191869e-07,6.286902168041677e-07
hydrogen_storage,power,FR,5.243352221859286e-07,2.0598223792315983e-09,4.3872094982671735e-10,1.0323474863025623e-09,7.895413371355457e-09,9.782040987777719e-08,6.13890025434323e-08,6.818435109468052e-08,7.747065139025738e-08,8.747373043508537e-08,2.2074441423481564e-07,7.951951590756669e-08,1.1636192289591795e-07,1.531307762571951e-07,1.53278390130723e-07,3.0734348116512026e-07,1.8174099719074377e-07,2.0943625754149128e-07,2.3291112242727474e-07,2.489879368267532e-07,4.23671542531296e-07,2.975214774922185e-07,2.998096925859696e-07,3.3095573257473385e-07,3.7178631324733996e-07,4.090289353437004e-07,4.21446040463418e-07,5.102353350014267e-07,5.213494454548538e-07,6.321210490701744e-07
hydrogen_storage,power,HR,5.478060362305312e-07,2.0220803996462995e-09,4.308511593836916e-10,1.0064842130484103e-09,7.776516163766444e-09,1.0162919939052149e-07,6.766633629654971e-08,7.163616607489399e-08,7.962782355763964e-08,9.142361794693527e-08,2.600600221459301e-07,6.012692136413055e-08,1.2904576767550648e-07,1.546304639987277e-07,1.7598668289676978e-07,3.2182830272209225e-07,1.9776109883213086e-07,2.237599496245873e-07,2.5061601110435307e-07,2.505869700705598e-07,4.4614057736912137e-07,3.211833466681368e-07,3.1520997606042325e-07,3.38891608135907e-07,3.738026157968702e-07,4.1985193973058676e-07,4.2460516582582586e-07,4.863645475789779e-07,5.578719237623023e-07,6.406946218107702e-07
hydrogen_storage,power,HU,5.491797984333829e-07,2.1966581962282136e-09,4.669344627322102e-10,1.1375156788977523e-09,8.310264359211791e-09,1.0255810779917134e-07,6.785628572974495e-08,7.169883250250986e-08,7.994257805492275e-08,9.003039683865252e-08,2.496094092224954e-07,8.023451262798734e-08,1.2372086582088926e-07,1.3730496436460703e-07,1.6360653877104102e-07,3.2463745263673854e-07,2.0383453103827243e-07,2.2989090554387306e-07,2.759075138849686e-07,2.634948431997545e-07,4.42395810561943e-07,3.199684635423518e-07,3.178454063613993e-07,3.4356396358768513e-07,3.572300890583453e-07,4.2959502381096886e-07,4.6508944699684183e-07,4.886460148526221e-07,5.414872873480464e-07,6.837587420542886e-07
hydrogen_storage,power,IE,5.462810887626319e-07,2.1765766750503047e-09,4.4013772640961005e-10,1.0748078460737513e-09,7.94828766364908e-09,1.0486349386564396e-07,6.8779687051051e-08,7.41971109258351e-08,8.28777711817339e-08,9.262880523081066e-08,2.506911458449573e-07,6.556902501623414e-08,1.1661947843702936e-07,1.4088166937758166e-07,1.5497048901585663e-07,3.109749661775037e-07,1.88776605924441e-07,2.16308631340688e-07,2.572339718522695e-07,2.629726882509406e-07,4.2112188530826103e-07,2.9688395634053313e-07,3.022196348833752e-07,3.373698943782925e-07,3.629064210218927e-07,4.115704818467748e-07,4.133558372714816e-07,4.86054310962133e-07,5.247690389167898e-07,5.991454041690125e-07
hydrogen_storage,power,IT,5.295254796203648e-07,2.165519004883326e-09,3.772011082741767e-10,9.120193862695318e-10,6.4702025030666086e-09,9.510210136704582e-08,6.107703310175429e-08,6.885647732431154e-08,7.690269924540015e-08,8.78811724712735e-08,2.314947367960939e-07,7.662361726109272e-08,1.2148558870545046e-07,1.5355633666509078e-07,1.6910766048664408e-07,3.233309633261359e-07,2.1067138887648042e-07,2.3542540549625905e-07,2.406883237943104e-07,2.6323434070275325e-07,4.206097951037491e-07,2.890939068203084e-07,3.164313577718692e-07,3.3380298700441555e-07,3.7919298517249696e-07,4.38274528889244e-07,4.3909838875715056e-07,4.998221203994698e-07,5.338144850800188e-07,5.847218486463897e-07
hydrogen_storage,power,LT,5.536774442640838e-07,1.4771828281798677e-09,3.314800727141889e-10,8.485751234073668e-10,4.5919865427664955e-09,9.660498994913608e-08,6.387599385164259e-08,7.222600016573697e-08,7.931134251607064e-08,8.982411936484787e-08,2.4987336769513165e-07,6.314383903952696e-08,1.1669562121214263e-07,1.3390496830962085e-07,1.4946996229513468e-07,3.437319619494272e-07,2.1538746481410733e-07,2.9052208628070776e-07,2.751660732543592e-07,3.2104342989888996e-07,4.6474281852234507e-07,3.132569018310079e-07,3.128128843767929e-07,3.484579119972472e-07,3.685375963189783e-07,4.138576739848941e-07,4.536624972332097e-07,5.11260681713221e-07,5.61968744169886e-07,6.157058021703093e-07
hydrogen_storage,power,LU,5.494018116639565e-07,1.86274409339184e-09,4.761330865092161e-10,1.1326699572997318e-09,1.0296277889722446e-08,1.0457409405698072e-07,6.499136301208818e-08,7.20692728530234e-08,8.131761160226865e-08,9.256436551249704e-08,2.513288545342269e-07,6.166087659509315e-08,1.1698629825735497e-07,1.379406477832397e-07,1.5685006849325475e-07,3.1718728617876995e-07,2.037990936364127e-07,2.216200963395733e-07,2.3172001743790383e-07,2.478827672798816e-07,4.089955059340956e-07,3.00945314135134e-07,3.0550821514131874e-07,3.481743864151191e-07,3.7013155865933514e-07,4.136643538170394e-07,4.170311713751909e-07,5.156302199696968e-07,5.530458823143418e-07,6.504636663797007e-07
hydrogen_storage,power,LV,5.520617941054535e-07,4.574529301496164e-10,3.0750271208347094e-10,7.702071822740351e-10,4.336374957227588e-09,9.511644939802464e-08,6.328565574846057e-08,7.143167021984978e-08,7.823617760333633e-08,8.933743395235835e-08,2.5150432358102003e-07,5.982337541942287e-08,1.3921733872947793e-07,1.7736850127517514e-07,1.891078236417821e-07,3.320165119758108e-07,2.158459386621133e-07,2.5716335290766435e-07,2.751464681100854e-07,2.6645516864120517e-07,4.5020180364941097e-07,3.1983359083895286e-07,3.116544057992444e-07,3.476303259656034e-07,3.651656075373721e-07,4.022755188382716e-07,4.5492010378524523e-07,5.198756897036815e-07,5.624439148545875e-07,5.863847226958805e-07
hydrogen_storage,power,NL,5.396112106021667e-07,2.302955664912147e-09,3.812895015924601e-10,9.110949193661086e-10,7.253266269971456e-09,1.011270998764463e-07,6.339203428071532e-08,7.00181453216878e-08,7.980580784558237e-08,9.110856755558658e-08,2.674287581595747e-07,4.8059529061786825e-08,1.1487714501164306e-07,1.390335551614617e-07,1.5052387335730822e-07,3.0946898857952614e-07,2.060867204696433e-07,2.517478335294113e-07,2.599927301616908e-07,2.537897604388104e-07,4.1839237216975827e-07,2.8924775600217135e-07,3.1338634045180916e-07,3.362440317416924e-07,3.763781781666577e-07,4.133208338343678e-07,4.2952542283058566e-07,5.146921779299258e-07,5.621401411335654e-07,6.360392226063671e-07
hydrogen_storage,power,NO,5.397688600118615e-07,1.7554186594596949e-09,3.355192494829117e-10,7.700062171884178e-10,5.111044903124613e-09,9.592908106060861e-08,6.206453022534528e-08,6.898718028419453e-08,7.725622840474676e-08,8.930891938466492e-08,2.36777943092141e-07,7.091638985167086e-08,1.2689880515257087e-07,1.5221111061946255e-07,1.539707706557576e-07,3.0875958799208057e-07,1.901357713940795e-07,2.2362331701773865e-07,2.4715484728840116e-07,2.4941206140084206e-07,4.181919688334356e-07,3.11810221797765e-07,2.992131303666445e-07,3.3558420612238917e-07,3.646459076106137e-07,3.9280221087546884e-07,4.271884486514228e-07,4.805754274313874e-07,5.216800328584658e-07,6.350882654717023e-07
hydrogen_storage,power,PL,5.473638354968265e-07,1.6965234578793068e-09,3.169062583106776e-10,7.615649188257907e-10,5.146379791963668e-09,9.758875540037581e-08,6.124232662430173e-08,7.553659088679439e-08,7.955522318035657e-08,8.950283329982282e-08,2.470169203176932e-07,6.590122193099793e-08,1.16710854312414e-07,1.4123141952340086e-07,1.861585243809478e-07,3.1424095651894115e-07,1.983486408864288e-07,2.325514174063304e-07,2.822034169683822e-07,2.592734240290948e-07,4.613439819800795e-07,2.6857504477007747e-07,3.1362098720720173e-07,3.417873489963244e-07,3.8600204994682223e-07,4.5056829050559427e-07,4.545402093485185e-07,5.325946052866893e-07,5.858447236321471e-07,5.204733196410719e-07
hydrogen_storage,power,PT,5.350008974803906e-07,1.9299442627320465e-09,3.629727530806916e-10,9.782135161019387e-10,6.222451909456341e-09,9.538992238419345e-08,6.142134039706229e-08,6.860648473563526e-08,7.669237582055996e-08,8.77590183714654e-08,2.354427401545791e-07,7.042789600897913e-08,1.2766198854240957e-07,1.398479874458336e-07,1.511648495107956e-07,3.4968786491386616e-07,2.1805150474852106e-07,2.2503458329551383e-07,2.717842440784852e-07,2.5999259572031203e-07,4.3991976939036444e-07,2.8744008187616084e-07,3.1463362283662965e-07,3.521040790649147e-07,3.906817248427183e-07,4.224823967634714e-07,4.583709430904271e-07,4.984361775016223e-07,5.639444578751164e-07,5.99306837214288e-07
hydrogen_storage,power,RO,5.491259416732374e-07,2.1298736874913584e-09,3.8448446462271303e-10,9.423847817736624e-10,7.860661584646436e-09,1.0188244639587015e-07,6.387989481592659e-08,7.099529263868462e-08,7.990498161493878e-08,9.027857779620247e-08,2.519158599496676e-07,8.626327836050938e-08,1.2263903092125267e-07,1.422696645138419e-07,1.6427125202969953e-07,3.103248357477779e-07,1.990194358124037e-07,2.2705505751028908e-07,2.5043857607303926e-07,2.54641770865552e-07,4.5854648797738677e-07,3.279134969329604e-07,3.692679076873637e-07,3.578014813189173e-07,3.736382940227026e-07,4.2680768961954984e-07,4.5780053411792834e-07,5.101712340977301e-07,5.423871608971234e-07,7.020970158835393e-07
hydrogen_storage,power,SE,5.434778897172292e-07,1.7731758974142417e-09,3.744232159753015e-10,8.396042706748912e-10,5.5985814051930034e-09,9.796825784404734e-08,6.278367979182657e-08,6.990412590763239e-08,7.857515940318866e-08,8.998315337948588e-08,2.524234641751725e-07,5.845150624637273e-08,1.1745853446844475e-07,1.3690922102470113e-07,1.5478477842193613e-07,3.0701702688095796e-07,1.904112122608942e-07,2.2226696621527633e-07,2.56735480784867e-07,2.521039355732084e-07,4.2793404153415797e-07,3.356405838085184e-07,2.99347748915625e-07,3.328315018786731e-07,3.5937290684897956e-07,3.9430778333341164e-07,4.4700496285153653e-07,4.897369775804423e-07,5.485387015494835e-07,6.275321119121003e-07
hydrogen_storage,power,SI,5.491912867840606e-07,1.9878429495100516e-09,4.397395285133781e-10,1.0413662690075388e-09,8.738759099435744e-09,1.0252800260181147e-07,6.375858452317899e-08,7.069598788962004e-08,7.985842572421061e-08,9.230346393008258e-08,2.6542042640905096e-07,5.8279285720489716e-08,1.2530611647865522e-07,1.5566665300367612e-07,1.7557129303889785e-07,3.228909471911311e-07,2.0688981320465574e-07,2.2525781314054373e-07,2.6065848605440934e-07,2.5151079828492493e-07,4.294518037444108e-07,3.1324817085901874e-07,3.2522416370725087e-07,3.4316304815165373e-07,3.736717302992353e-07,4.237317271282983e-07,4.289957806313484e-07,4.902817046979114e-07,5.624837737553658e-07,6.371617375753301e-07
hydrogen_storage,power,SK,5.525550310952553e-07,1.7367981842551294e-09,4.2176701065096173e-10,9.787662992724667e-10,6.630432022206262e-09,1.0093661662954527e-07,6.446612804644293e-08,7.206895878413345e-08,8.003291419663444e-08,9.131217737029402e-08,2.5585473703132104e-07,6.300342681090528e-08,1.194706226903335e-07,1.3738189356759272e-07,1.643137316684356e-07,3.1726140517119355e-07,1.9614203571570888e-07,2.1615197254109483e-07,2.45723277462517e-07,2.8708692274664675e-07,5.084703524564408e-07,3.390148543175053e-07,3.1641210057611725e-07,3.5153454003235404e-07,3.9654187259464804e-07,4.5886770062488114e-07,4.74185011396694e-07,5.20664886973472e-07,5.741513373520792e-07,6.326839339325787e-07
hydrogen_storage,power,UK,5.257935953393323e-07,2.1875030612424643e-09,4.329476337495347e-10,1.0180636057829928e-09,6.6628518507663545e-09,9.731961172400927e-08,6.189227986773556e-08,6.944633752758763e-08,7.71872645464739e-08,8.699368031492636e-08,2.3166588703163064e-07,7.061092445009435e-08,1.1700554496137583e-07,1.3940220785849571e-07,1.473837289360674e-07,3.0247761376698983e-07,1.867846456999239e-07,2.3267107129793966e-07,2.398262266970682e-07,2.4339878768680196e-07,4.1881848720120543e-07,2.957361901931396e-07,3.0189168495717384e-07,3.3446022654293247e-07,3.591033467215608e-07,4.093567730134109e-07,4.3043132635432486e-07,4.891664933452143e-07,5.203575626111461e-07,5.977429029890663e-07
lignite_coal_plant,power,AT,5.633613870867736e-08,1.9239594129520376e-10,1.333032330898823e-10,1.1228100054217917e-10,1.5946514486996998e-10,2.002111046800259e-10,2.435358501711102e-10,2.979429969280309e-10,3.870276714154168e-10,4.913244348497734e-10,7.544060490800708e-10,5.697212447202401e-10,7.813677655350433e-10,9.704490064307717e-10,1.2018052344821266e-09,1.4884441946639844e-09,1.8315349175062248e-09,2.168871024075803e-09,2.379892485563761e-09,2.736991923173267e-09,3.235486785670516e-09,4.38771992442031e-09,4.254070149480271e-09,4.263693192194657e-09,4.21137489329051e-09,5.118752633582987e-09,5.8385111487324564e-09,7.207458573958103e-09,8.508318812403226e-09,1.308926101332919e-08
lignite_coal_plant,power,BE,4.4729413576250185e-08,7.175036103063345e-10,3.6495659959275955e-10,2.277616490541756e-10,4.4698731150825237e-10,6.769471404076129e-10,9.630586753577827e-10,1.3548352828527812e-09,1.756707470115617e-09,2.1571423302742688e-09,3.2975496022645363e-09,1.5466679078055508e-09,1.7183735719877786e-09,2.164887124162668e-09,2.1048974019038948e-09,2.0696782814594415e-09,2.1228536082719867e-09,2.821629709677614e-09,2.9596810464002318e-09,3.168324989471533e-09,3.693325724045451e-09,4.662811250553045e-09,4.091369669867923e-09,4.062188123729002e-09,4.002210278755668e-09,4.487918518391378e-09,5.092671628407794e-09,6.492096797348958e-09,8.255525259912621e-09,1.3150807309105906e-08
lignite_coal_plant,power,BG,3.879216876425716e-11,3.9566866372249854e-11,3.788678899104833e-11,3.735171029248584e-11,5.2376008555487157e-11,5.4718078271124597e-11,5.742471900561053e-11,6.276038655079991e-11,7.0405574771854e-11,7.835101969602382e-11,8.460739645769918e-11,6.479888911993701e-11,7.848155698887276e-11,9.378799520252494e-11,1.0848457404754133e-10,1.2349396747295944e-10,1.421607443087488e-10,1.6153184716071708e-10,1.7497371910058157e-10,1.85868987601761e-10,2.0847433545611678e-10,2.460224070781186e-10,2.837873417512795e-10,3.1088143293898815e-10,3.4205763801507904e-10,4.102061321601501e-10,5.138290444533584e-10,6.727252079626281e-10,9.75446260320078e-10,1.971053518796381e-09
lignite_coal_plant,power,CH,4.273361055331922e-08,6.470654746632784e-10,4.4878460533592246e-10,2.6855221077960634e-10,5.456447602895105e-10,7.544576682577984e-10,9.516743731727694e-10,1.1961112074126028e-09,1.2916888671187896e-09,1.4396765738331227e-09,1.5287005895048419e-09,9.863927042727491e-10,1.254547319276704e-09,1.4971936599630933e-09,1.750088642989113e-09,1.9909706217098254e-09,2.340666812818117e-09,2.70936764882229e-09,2.771634303352917e-09,3.107758922142e-09,3.607584674798607e-09,4.489612091430019e-09,4.367596219555473e-09,4.409872837401048e-09,4.257260453150054e-09,5.17531974449512e-09,6.004994967515995e-09,7.266277358588707e-09,8.958156262181061e-09,1.323982719912341e-08
lignite_coal_plant,power,CZ,7.590062769430804e-11,4.6918598000179475e-11,5.295102594791812e-11,7.41989382275271e-11,7.941586728322446e-11,7.873684819105727e-11,7.772107001261661e-11,8.609113789777795e-11,1.1909916940817658e-10,9.732437312432242e-11,1.3537988028140187e-10,1.6010415442818007e-10,1.095829187795756e-10,1.1843455436335315e-10,1.3412433456085821e-10,2.122139064502159e-10,1.8143387298781397e-10,1.8569535145812569e-10,1.7805526257015447e-10,2.1439351206065096e-10,3.05539744747318e-10,6.522594132023479e-10,6.97856811338757e-08,7.192775620584449e-09,5.3937504183594425e-09,6.027353705295443e-09,6.497035220456746e-09,7.722877347450327e-09,9.44032110544867e-09,1.4143371166067912e-08
lignite_coal_plant,power,DE,6.644092353530695e-11,3.560430745203166e-11,3.5265938349557834e-11,3.7947862300501607e-11,4.884957887677393e-11,6.733635100893843e-11,4.8633421828379845e-11,7.553568332056335e-11,7.981605482708976e-11,4.850177271567556e-11,3.1350077816652955e-11,8.057692888576474e-11,8.257589097653131e-11,8.146660104908602e-11,7.870539781530188e-11,7.638396219111008e-11,7.962499253250188e-11,8.737392710903418e-11,9.479570648222072e-11,1.0654679182811746e-10,1.2125615881043405e-10,1.5065938537334632e-10,2.1186287394230368e-10,3.444332795607016e-10,2.686437352738512e-10,6.225606497529058e-10,3.6825198715200585e-10,4.749356186524726e-10,6.503552212297273e-10,1.2030138269290331e-09
lignite_coal_plant,power,DK,4.520487245550015e-08,2.2009691751250626e-10,1.7288188706455893e-10,1.6167928384949509e-10,2.373697722245754e-10,2.956957603827689e-10,3.646594469723707e-10,4.723574102537917e-10,6.0042051336458e-10,7.54052181270142e-10,1.0192772475893796e-09,6.9624168688886e-10,8.567472993373378e-10,1.0553266330569113e-09,1.33599859144289e-09,1.6290698884167225e-09,2.1509374762738867e-09,3.087075912838258e-09,3.076015121715344e-09,3.5591652873153123e-09,4.217687822675572e-09,5.738219915365617e-09,4.461929473638055e-09,4.822341034269807e-09,4.898375959957514e-09,5.480348963201346e-09,6.067873503433628e-09,7.4183976355661334e-09,7.809519435982162e-09,1.3089996655061449e-08
lignite_coal_plant,power,EE,4.962158824039544e-08,1.992240148828112e-10,1.9230040356055583e-10,1.9471722587600218e-10,3.384744077791588e-10,4.785642704290259e-10,6.505748307738581e-10,9.063880374949705e-10,9.029214876912208e-10,9.839568185234345e-10,1.3528739246896804e-09,9.905023081986277e-10,1.2154335484979778e-09,1.5341226339007013e-09,2.0335296172214268e-09,2.5735475212929567e-09,4.288363854556661e-09,7.034170042036127e-09,2.1389219078079415e-09,1.6429647161792995e-09,1.8641986543293775e-09,2.154827938158172e-09,2.638329967491348e-09,3.2121579419613533e-09,3.4557210394394948e-09,4.250618799365237e-09,5.2998602020033524e-09,6.861930298799941e-09,8.928864940856217e-09,1.352612820208335e-08
lignite_coal_plant,power,EL,3.6593582725431115e-11,3.6281151104244424e-11,3.1506535056221934e-11,2.844146942660263e-11,2.7065773799937464e-11,2.6718714394481895e-11,3.071808126692104e-11,3.994211050706452e-11,5.163637431841914e-11,5.973380257976056e-11,8.428151397703377e-11,7.418192815779969e-11,8.826622770802828e-11,1.0039237541284641e-10,1.1251676813075465e-10,1.2730884274404515e-10,1.4957550836634406e-10,1.7303440129249111e-10,1.8679401334819384e-10,2.0178769210630253e-10,2.162988215922882e-10,2.451571181850605e-10,2.775230308907773e-10,3.06226132082627e-10,3.5133046841791176e-10,4.383238330057516e-10,5.562002996391383e-10,8.157011216909271e-10,1.549851307253529e-09,9.100356782727342e-08
lignite_coal_plant,power,ES,5.209797485875695e-11,2.7315132760363687e-11,1.8570338250962082e-11,1.6629522711170978e-11,1.7599358789284264e-11,1.8990979885121416e-11,2.113566659028913e-11,2.4246872521321712e-11,3.129964126736532e-11,3.76187115662172e-11,3.894592031680399e-11,5.109837665619883e-11,6.896723020752708e-11,1.02754926610843e-10,1.9183147561886386e-10,3.0696526551821565e-10,3.608808958588795e-08,1.2266748231410034e-08,9.823556198655143e-09,2.5136339344932853e-09,2.38748448554178e-09,3.0467003977697117e-09,3.767384869846592e-09,5.3769153663176805e-09,6.361562299935735e-09,6.282637272237189e-09,5.905139078016224e-09,6.362120900255385e-09,7.272272039397012e-09,1.1151459438013981e-08
lignite_coal_plant,power,FI,4.004723534407108e-08,2.470605227413157e-10,2.1651616302251798e-10,2.354780027769006e-10,4.5181474442367365e-10,6.565051960879092e-10,8.65733695193028e-10,1.2486752556453873e-09,1.5896533576397624e-09,1.8618473367375294e-09,2.476550870916749e-09,1.36085479574872e-09,1.7179395076487168e-09,2.36300639315387e-09,2.6712247631627626e-09,3.003096578915049e-09,4.950214423697007e-09,8.295126892258853e-09,1.9957814035903567e-09,1.4703041695332062e-09,1.915016860547717e-09,2.693671144914359e-09,2.931469219312883e-09,3.2445204943955156e-09,3.6561252392077766e-09,4.671712770921031e-09,6.130701801901346e-09,7.400028546645466e-09,9.41484475887007e-09,1.509702474118289e-08
lignite_coal_plant,power,FR,2.617444630608133e-08,1.8015641596963607e-09,1.4698945003655228e-09,6.766957572740781e-10,2.4677698113028763e-09,2.7687638281947265e-09,2.5824645348365485e-09,2.747837416906003e-09,2.8767391932915093e-09,2.4673179329681348e-09,2.8833387821764822e-09,1.3310892253113402e-09,1.5474912842391295e-09,1.7673648147470184e-09,2.0327629827772824e-09,2.3778800621012145e-09,2.9102909617874223e-09,3.7157872185198878e-09,2.8170107261895252e-09,2.8627241070915636e-09,3.180378691965965e-09,4.255899250112574e-09,4.153135028346063e-09,4.2693795960065865e-09,4.4450290177285555e-09,5.134861208878025e-09,5.538591261458202e-09,6.872098756464875e-09,8.870307653797112e-09,1.7385618477815294e-08
lignite_coal_plant,power,HR,5.234511347531992e-08,1.926830053515348e-10,1.619440736769182e-10,1.319937943884951e-10,1.6670951577804626e-10,2.1562560135843067e-10,2.722640888155615e-10,3.384805683086358e-10,4.327076179852788e-10,5.580740717065021e-10,8.344363371866837e-10,6.286219906591868e-10,8.248627416508052e-10,1.0107278602386107e-09,1.2144817883548104e-09,1.4110322207592372e-09,1.6640742471105656e-09,2.0239201524638933e-09,2.293474722720215e-09,2.965467763985187e-09,3.79439109503359e-09,5.413722687556132e-09,4.7809158079701875e-09,4.443553989174349e-09,4.293204289739805e-09,5.053490082813953e-09,5.633530037429431e-09,6.9220664343276666e-09,8.327189550547027e-09,1.3239818669377494e-08
lignite_coal_plant,power,HU,2.606627724909377e-08,1.1031825608317443e-09,7.53274564294846e-10,4.2490172743219724e-10,6.000058763337631e-10,7.899240623464843e-10,8.426581513837649e-10,9.736139472659043e-10,1.4897613896216166e-09,1.991574117869053e-09,7.2972801519827626e-09,2.5596948227886168e-09,3.0844239626183404e-09,2.9024969549331585e-09,2.387388150099072e-09,2.1907696500835078e-09,2.312250839554942e-09,2.5458256403340487e-09,2.6782572032219782e-09,3.1775250266039553e-09,3.892850028731336e-09,5.357010210275141e-09,5.036643794447475e-09,4.5948699515874215e-09,4.3223326483151935e-09,5.0852353963225315e-09,5.611115275023174e-09,6.792372025226141e-09,8.395770893582798e-09,1.3223369814993935e-08
lignite_coal_plant,power,IE,2.611249685640697e-08,1.2286669728247525e-09,6.591397091189095e-10,4.298610132033958e-10,9.063130478208179e-10,4.727557778653774e-09,3.8101126676952985e-09,3.084932249610541e-09,2.8087736936024862e-09,2.1024998774086466e-09,1.7948242464041228e-09,1.1363399568529345e-09,1.20862836873729e-09,1.4553274527926856e-09,1.840082510192369e-09,1.940689338618434e-09,2.288518169531982e-09,2.572263944427072e-09,2.6622985300338653e-09,3.040200506334505e-09,3.478486632376805e-09,4.167952656800147e-09,4.043474648581702e-09,4.2462109005742964e-09,4.525824462220144e-09,5.147249839067541e-09,5.294460133006019e-09,7.068396761254106e-09,8.342991690617634e-09,1.2312670984607848e-08
lignite_coal_plant,power,IT,3.143115735836861e-08,6.473743192602574e-10,2.732559464547727e-10,1.5628451702696735e-10,1.865087052695113e-10,2.3376406432620053e-10,3.082390723950384e-10,4.584366524357316e-10,7.518308873122349e-10,9.585087285500049e-10,1.5062389425092005e-09,1.0189027382405255e-09,1.4552738966757618e-09,1.803207737119117e-09,2.8395356689587796e-09,5.847912761546369e-09,5.693330274247928e-09,5.872725714414094e-09,4.170602002730796e-09,4.1729368777246946e-09,4.234159719214971e-09,4.876317958029533e-09,4.5571136125393894e-09,4.697973643550464e-09,4.454097222822206e-09,5.027595222566404e-09,5.870646161368102e-09,7.216658026833166e-09,7.444998624249213e-09,1.1388653738204431e-08
lignite_coal_plant,power,LT,4.975613508148477e-08,2.0351278648214918e-10,1.939201236893644e-10,1.9463440576477954e-10,3.322645988293374e-10,4.624557582770104e-10,6.188198893913409e-10,8.482636283656923e-10,8.430445007751075e-10,9.027656225870064e-10,1.163466135154228e-09,9.537570201033411e-10,1.1759356374324525e-09,1.4428900085600159e-09,1.8894957530113105e-09,2.4159411716199194e-09,4.0524698354955175e-09,6.686944300920572e-09,2.219531006102331e-09,1.6822535037327252e-09,1.89894676725899e-09,2.2152231014866436e-09,2.631890812657982e-09,3.153793846275294e-09,3.3663826688738e-09,4.1231993180839456e-09,5.165974011575363e-09,6.708275074654074e-09,8.530550965150038e-09,1.3029712647933936e-08
lignite_coal_plant,power,LU,2.882514930919681e-08,1.5707853238212933e-09,1.2805493562124522e-09,5.859375965313761e-10,2.080318386084006e-09,2.7140330458326133e-09,2.4759260829691967e-09,2.489791129600011e-09,2.502642328755898e-09,2.5905396763777726e-09,3.5285235046609977e-09,1.513864815284554e-09,1.6550802048746334e-09,1.961228770512278e-09,2.281086954373898e-09,2.5435423384339347e-09,2.9225477763699824e-09,3.1257474218468982e-09,3.397879130193692e-09,3.847422918855485e-09,4.478258760666493e-09,5.66175561291703e-09,4.979084290342055e-09,4.7758806806094125e-09,4.4711758092195464e-09,4.724127445975348e-09,5.0825463031198995e-09,6.523466564269592e-09,8.821437317483674e-09,1.463870530584e-08
lignite_coal_plant,power,LV,4.929401876435138e-08,2.0044074174745978e-10,1.936732671542873e-10,1.9764032260620292e-10,3.384149503556183e-10,4.73463947229516e-10,6.380421727836416e-10,8.855203851953028e-10,8.856398968220905e-10,9.547346503280889e-10,1.247117193572112e-09,9.739296966755465e-10,1.2036136015697577e-09,1.479820392642043e-09,1.939946410125587e-09,2.457560004366966e-09,4.088310000703909e-09,6.655140573670283e-09,2.271147446230375e-09,1.7271094140685506e-09,1.9629418554809323e-09,2.295191482175914e-09,2.7426440183506524e-09,3.29189414417277e-09,3.49956607529355e-09,4.323679422071968e-09,5.418881446882202e-09,6.961612327123907e-09,8.976666874371497e-09,1.3887412929186828e-08
lignite_coal_plant,power,NL,3.312439604655564e-08,7.388651030648927e-10,4.1252372088957507e-10,2.677209652716591e-10,4.5054495819962175e-10,1.5088506958552602e-09,2.1386685623044208e-09,2.5847484551733386e-09,2.6037201409558973e-09,2.6863926742034808e-09,2.7177057180839375e-09,1.3183964450776633e-09,1.5313382244578855e-09,1.715167089673948e-09,1.9050607171097544e-09,2.0376245228470623e-09,2.3724514854817334e-09,2.7031936314214746e-09,2.766404400887581e-09,3.053984368029566e-09,3.4446732314528844e-09,4.377208611517698e-09,4.30016205508186e-09,4.453440709174616e-09,4.514245238086353e-09,5.119688573820538e-09,5.567156770964135e-09,6.949727548156803e-09,8.522375963928537e-09,1.3138809804871679e-08
lignite_coal_plant,power,NO,3.6440093837606034e-08,2.6947965853500815e-10,2.4537215172807167e-10,2.589614373189006e-10,4.745909881907795e-10,6.281977982686601e-10,7.878868037699536e-10,9.980891178839508e-10,1.1891948751096819e-09,1.4098298016013479e-09,1.7383702508514831e-09,9.84009942836079e-10,1.1467404469571068e-09,1.3399338659781312e-09,1.601602194088213e-09,1.93301172266369e-09,2.5164697983720234e-09,3.742499472897165e-09,3.302243720989904e-09,3.5961169213191853e-09,4.11810180313413e-09,5.456952010942738e-09,4.02791610461532e-09,4.303011088748113e-09,4.612444843585318e-09,4.99547101425939e-09,5.604338047667549e-09,6.973532156176186e-09,7.701083310657384e-09,1.2767043230753414e-08
lignite_coal_plant,power,PL,6.82007902598819e-11,5.347366091983857e-11,5.542657771058153e-11,5.5520851844192544e-11,5.203013678294616e-11,4.117712113677126e-11,4.099703402776638e-11,9.9627560063899e-11,1.0145729756070685e-10,1.0645086482030354e-10,1.1452422021366525e-10,8.091271162657273e-11,9.596472942893096e-11,1.0798452460359036e-10,1.1937602864697356e-10,1.281285487565563e-10,1.5697418451356401e-10,1.8717765668690733e-10,1.8321866507199699e-10,1.9383024261457662e-10,2.29377457390314e-10,2.8466918610046185e-10,3.335050228084265e-10,3.7851981605090816e-10,4.136172931418623e-10,5.084962949103114e-10,5.863249863363121e-10,7.701637934681991e-10,1.1012024861776435e-09,2.1563112571649975e-09
lignite_coal_plant,power,PT,2.4769270190198984e-08,8.370799389421521e-10,4.412227203151258e-10,2.6037201140024913e-10,3.0104792528095476e-10,3.572870774274737e-10,4.424167559937817e-10,5.695604591834576e-10,7.263090038257608e-10,9.008469662703319e-10,1.1575431614960392e-09,7.41881876107044e-10,9.126927323476722e-10,1.1150539601802913e-09,1.3642187768902468e-09,1.7397783025709398e-09,2.553790997869887e-09,7.552786885753812e-09,9.929137131007843e-09,2.7081604898955794e-09,2.809380342838897e-09,3.150203125702276e-09,3.712824399104031e-09,5.340709392616804e-09,6.037216946023021e-09,5.8764898266452236e-09,5.720558990856904e-09,6.222013851856632e-09,7.287357908717237e-09,1.1285670803885632e-08
lignite_coal_plant,power,RO,3.920843141941462e-11,3.605014677318179e-11,4.735551277337758e-11,4.557629349895529e-11,3.920035183145705e-11,3.241279299481807e-11,3.087143738485372e-11,3.338412693340783e-11,3.680776250809884e-11,4.121264923235331e-11,5.442616496716513e-11,4.464475548026378e-11,5.902996271649411e-11,1.2916488908994195e-10,1.326811987762174e-10,1.4145378009070795e-10,1.512325608397632e-10,1.6935800130680985e-10,1.7673847532248536e-10,2.367991613271149e-10,2.150622994524764e-10,2.06004919989474e-10,2.234726658456374e-10,2.2527715723662618e-10,2.49407980752845e-10,2.9896461387892005e-10,3.2321802130247085e-10,4.025096452987662e-10,5.546068938293418e-10,1.1081366568947818e-09
lignite_coal_plant,power,SE,4.1096491284864255e-08,2.430604603985089e-10,2.102967414812463e-10,2.1757032950101596e-10,3.8394210127137517e-10,5.257989567800308e-10,6.761703992253204e-10,9.468499638881626e-10,1.210011704642583e-09,1.4230841683022585e-09,1.8233235815789506e-09,1.24418568629387e-09,1.522263222033798e-09,2.0209955776654665e-09,2.105843842789785e-09,2.148364712024627e-09,2.528030839960134e-09,2.535796584759789e-09,3.037241758882341e-09,3.3454663059772262e-09,3.815320768733243e-09,4.984666393433461e-09,3.5853010706647046e-09,3.6452852875903764e-09,3.894734363955723e-09,4.673473032066408e-09,5.9558879746604415e-09,7.1036397496458745e-09,8.908402872946309e-09,1.4563617275286217e-08
lignite_coal_plant,power,SI,3.0873567015883085e-08,7.063643450227559e-10,4.0870117123932675e-10,2.59511636278668e-10,3.430115402958421e-10,4.673529483482736e-10,5.530324135120645e-10,6.981244500532602e-10,1.1243267952488363e-09,1.8019849478308052e-09,8.693417963640027e-09,2.6570795465646386e-09,3.0851751774238956e-09,2.604653883123199e-09,2.2467381315602936e-09,2.1842374732880318e-09,2.333759668387368e-09,2.632546131854886e-09,2.957175497166523e-09,3.5205020639698036e-09,4.2354967639034055e-09,5.6805650625121664e-09,5.103566640906158e-09,4.864093320637373e-09,4.579563149968402e-09,5.231337797315819e-09,5.770386439971469e-09,7.046492579876282e-09,8.480471056393996e-09,1.3367141756687852e-08
lignite_coal_plant,power,SK,4.427001855751583e-08,1.8255760043021545e-10,1.8653009551205017e-10,1.989022566739308e-10,3.2290274071687985e-10,4.3599728361415685e-10,5.465123906046656e-10,7.535850380675292e-10,9.428424956114249e-10,1.2441131677041201e-09,1.7742698779786816e-09,1.0263677783436528e-09,1.1921769067906743e-09,1.3880339455488779e-09,1.6034439764207623e-09,1.8144049579336013e-09,2.161630547599276e-09,2.4856701144278383e-09,2.673767760376907e-09,3.2048573011994264e-09,3.9025065792226004e-09,5.175779081546154e-09,4.778556556114977e-09,4.493837282346817e-09,4.32474108036011e-09,5.199945106592446e-09,5.822002253285355e-09,6.9748503853392716e-09,8.6711766404231e-09,1.3489348517645747e-08
lignite_coal_plant,power,UK,2.6807821971533572e-08,1.3801814563359904e-09,7.589276463354946e-10,4.720342419253577e-10,8.282806633732232e-10,4.842150374265415e-09,3.778330539310219e-09,3.0904855149692083e-09,2.935298766481456e-09,2.281917159988106e-09,2.6218998792162572e-09,1.3960384001889562e-09,1.5697850227012317e-09,1.7608203125898734e-09,1.94922079861472e-09,2.188699895915792e-09,2.663103641210819e-09,3.4078692083355974e-09,2.6415678340471537e-09,2.5690442239278984e-09,2.8562454372501906e-09,3.6550038656615564e-09,3.786722354962718e-09,4.026248833426804e-09,4.185768117507373e-09,4.702995795796296e-09,5.1810352590660375e-09,6.468133272016516e-09,7.903433862091235e-09,1.232551045297936e-08
lng_terminal,power,AT,0.0,0.0,0.0,0.0,0.0,0.0,0.0,0.0,0.0,0.0,0.0,0.0,0.0,0.0,0.0,0.0,0.0,0.0,0.0,0.0,0.0,0.0,0.0,0.0,0.0,0.0,0.0,0.0,0.0,0.0
lng_terminal,power,BE,5.169782797381738e-10,6.070491281574544e-10,6.384754514996661e-10,6.998221097892312e-10,7.694533255049468e-10,8.467872091481757e-10,9.34299333985826e-10,1.035020530331942e-09,1.1524194630203e-09,1.2909055560863458e-09,1.4565044649142747e-09,1.6574949844329741e-09,1.9124483667731626e-09,2.243743037779607e-09,2.6855987428711696e-09,3.3042058412726933e-09,4.22984672156669e-09,5.762697136970804e-09,8.794036690213988e-09,1.7931542208918758e-08,9.172019325829694e-07,8.564970434560548e-08,7.57958214118005e-08,7.20355600693826e-08,7.174412871829729e-08,7.452992002918234e-08,7.996168447795276e-08,8.992024868745434e-08,1.1216496428498402e-07,1.7912422349337798e-07
lng_terminal,power,BG,0.0,0.0,0.0,0.0,0.0,0.0,0.0,0.0,0.0,0.0,0.0,0.0,0.0,0.0,0.0,0.0,0.0,0.0,0.0,0.0,0.0,0.0,0.0,0.0,0.0,0.0,0.0,0.0,0.0,0.0
lng_terminal,power,CH,0.0,0.0,0.0,0.0,0.0,0.0,0.0,0.0,0.0,0.0,0.0,0.0,0.0,0.0,0.0,0.0,0.0,0.0,0.0,0.0,0.0,0.0,0.0,0.0,0.0,0.0,0.0,0.0,0.0,0.0
lng_terminal,power,CZ,0.0,0.0,0.0,0.0,0.0,0.0,0.0,0.0,0.0,0.0,0.0,0.0,0.0,0.0,0.0,0.0,0.0,0.0,0.0,0.0,0.0,0.0,0.0,0.0,0.0,0.0,0.0,0.0,0.0,0.0
lng_terminal,power,DE,6.898343243216765e-08,1.3289267514583886e-09,6.587963478106656e-10,6.930503700951246e-10,7.246328838634152e-10,7.526623885849054e-10,7.715191492313008e-10,7.93503861679694e-10,8.234164120762385e-10,8.609103788106545e-10,9.061409536625546e-10,9.590408849961808e-10,1.020777068854967e-09,1.0920458149932962e-09,1.1737579365192618e-09,1.2674516624857989e-09,1.3751331562213513e-09,1.4995521602501975e-09,1.6445045113668075e-09,1.8151670907451356e-09,2.018578486057622e-09,2.264491899628683e-09,2.5669909450890237e-09,2.947661623698342e-09,3.4420709348312763e-09,4.113763245316529e-09,5.088679913719267e-09,6.655005780748359e-09,9.658721051188184e-09,1.8436181104643273e-08
lng_terminal,power,DK,0.0,0.0,0.0,0.0,0.0,0.0,0.0,0.0,0.0,0.0,0.0,0.0,0.0,0.0,0.0,0.0,0.0,0.0,0.0,0.0,0.0,0.0,0.0,0.0,0.0,0.0,0.0,0.0,0.0,0.0
lng_terminal,power,EE,6.42648012960873e-08,1.3493633783200317e-09,6.538444007650198e-10,6.799113993444946e-10,6.828396676363576e-10,6.83164023003918e-10,6.942498552778396e-10,7.142540288326903e-10,7.419705969754769e-10,7.770093844375779e-10,8.187476541996679e-10,8.672300586534711e-10,9.229093758443254e-10,9.86691907642396e-10,1.0596526329514854e-09,1.143163091657365e-09,1.2390718414616282e-09,1.3499278517932042e-09,1.4792284893505809e-09,1.6317199837537789e-09,1.8138636038572415e-09,2.0346667940415994e-09,2.307248006383135e-09,2.651944549811346e-09,3.1023762431226407e-09,3.718904590711571e-09,4.6214996135016515e-09,6.08698553647846e-09,8.932161288584828e-09,1.732834324383847e-08
lng_terminal,power,EL,5.767452858271222e-10,6.753293450331777e-10,7.147242167912996e-10,7.801813559802994e-10,8.53300278819946e-10,9.351572126508765e-10,1.0285481963379614e-09,1.1363958305660932e-09,1.2620187860769584e-09,1.4097698913575853e-09,1.5858296642930775e-09,1.79919879899533e-09,2.062745353477436e-09,2.3970555419874044e-09,2.834599050053081e-09,3.4391096282431667e-09,4.343783611402458e-09,5.828979757798773e-09,8.741135762516955e-09,1.7231664010224704e-08,7.690281452296962e-07,9.923700813695434e-08,7.368430011599878e-08,6.563172080976124e-08,6.305013090709709e-08,6.343080089488656e-08,6.64645112732657e-08,7.402295650907157e-08,9.098856360296711e-08,1.4318051330261758e-07
lng_terminal,power,ES,4.031336464058444e-10,4.671184530401801e-10,4.937303488928088e-10,5.410646413984023e-10,5.975142673491085e-10,6.620982292367381e-10,7.357640056733504e-10,8.209006535022458e-10,9.228335778942725e-10,1.0442583611737606e-09,1.1919296936176973e-09,1.3754398800707093e-09,1.609058669450669e-09,1.915000210046264e-09,2.3298385046343417e-09,2.9186517518966348e-09,3.810159407136825e-09,5.301146767601345e-09,8.550802078907832e-09,1.8798212940373886e-08,8.189236171749432e-07,9.560725865307172e-08,7.742714662060288e-08,7.395281966167496e-08,7.511963349503029e-08,7.977618918472601e-08,8.767328938389799e-08,1.0083256493270233e-07,1.2719028147392362e-07,2.0654232520328183e-07
lng_terminal,power,FI,6.957380254878266e-08,1.2365433705789246e-09,6.547581793032538e-10,6.846240209423203e-10,7.003544080327684e-10,7.050284767909755e-10,7.163153797116882e-10,7.363105753260545e-10,7.641496862907223e-10,7.994298622129126e-10,8.420797521743784e-10,8.920205248595924e-10,9.494342759033325e-10,1.015212394851933e-09,1.0904630125971312e-09,1.1765880971093956e-09,1.2754703626974313e-09,1.3897049143355349e-09,1.522852816462223e-09,1.6797435894555384e-09,1.8669414446786903e-09,2.0935784738609715e-09,2.3729119777749234e-09,2.7253551091063547e-09,3.1847253417720706e-09,3.811685661789336e-09,4.726302387973281e-09,6.206230610107846e-09,9.07123314937072e-09,1.751057382729433e-08
lng_terminal,power,FR,4.5074691021805443e-10,5.268073564421825e-10,5.554995357916779e-10,6.099053127922822e-10,6.735192730699302e-10,7.452004891454986e-10,8.264459312238456e-10,9.196362288178233e-10,1.0279615166166297e-09,1.1557157971196553e-09,1.3090745203769267e-09,1.5018548746139042e-09,1.7450481612927821e-09,2.0614690091470575e-09,2.4890307262348126e-09,3.095544766266691e-09,4.015487688204953e-09,5.558669399840048e-09,8.65731939449512e-09,1.8808327934571626e-08,9.008992242839741e-07,1.1893811324501585e-07,9.32867999379563e-08,8.822087634574611e-08,8.951506010358609e-08,9.535469273974113e-08,1.0442951149464846e-07,1.2022424614396254e-07,1.500942817316358e-07,2.420516139869964e-07
lng_terminal,power,HR,6.511191035906952e-08,1.3501992671200956e-09,6.53683982726205e-10,6.795743351760988e-10,6.813419005631655e-10,6.812972371008317e-10,6.922059006065774e-10,7.121267069128217e-10,7.398322438905343e-10,7.748294964569657e-10,8.164800251519571e-10,8.648354847249657e-10,9.203640960419e-10,9.83973025543541e-10,1.0567380894284837e-09,1.1400314102690071e-09,1.2357015621069234e-09,1.3462967170900147e-09,1.475312141903534e-09,1.6274915743977722e-09,1.8092941014326418e-09,2.0297270917567412e-09,2.3019367806155454e-09,2.6462711975047495e-09,3.0964041983973205e-09,3.7128264808948547e-09,4.615848061524389e-09,6.082449664357003e-09,8.931847460614263e-09,1.7340636436964233e-08
lng_terminal,power,HU,0.0,0.0,0.0,0.0,0.0,0.0,0.0,0.0,0.0,0.0,0.0,0.0,0.0,0.0,0.0,0.0,0.0,0.0,0.0,0.0,0.0,0.0,0.0,0.0,0.0,0.0,0.0,0.0,0.0,0.0
lng_terminal,power,IE,0.0,0.0,0.0,0.0,0.0,0.0,0.0,0.0,0.0,0.0,0.0,0.0,0.0,0.0,0.0,0.0,0.0,0.0,0.0,0.0,0.0,0.0,0.0,0.0,0.0,0.0,0.0,0.0,0.0,0.0
lng_terminal,power,IT,5.020921292286206e-10,5.888220473852358e-10,6.187870018133612e-10,6.781908140042516e-10,7.462479051133023e-10,8.220673192194759e-10,9.078839600866199e-10,1.006607165909435e-09,1.1216222581110508e-09,1.2571997156042309e-09,1.4190385103717162e-09,1.6179912409606864e-09,1.8725861692652582e-09,2.200866740821691e-09,2.6401106751381906e-09,3.2563537423518932e-09,4.179762141482391e-09,5.710514007136744e-09,8.740081320387152e-09,1.8062890707695752e-08,8.457833886024419e-07,9.441080049582822e-08,7.796559719245547e-08,7.224081894221395e-08,7.084504396115368e-08,7.24359312247439e-08,7.650671044317193e-08,8.442039329359089e-08,1.004949193054562e-07,1.4754388333330645e-07
lng_terminal,power,LT,5.92364778747503e-10,6.939998487923729e-10,7.348619459232708e-10,7.992585984625103e-10,8.718804387689507e-10,9.538314432647874e-10,1.047663827528752e-09,1.1560918673968733e-09,1.2822991031767221e-09,1.4305517855683994e-09,1.606959789002835e-09,1.8204484749328846e-09,2.0842562098969857e-09,2.417932173070695e-09,2.8548660159262593e-09,3.4532696060249692e-09,4.327472470712693e-09,5.774264769045026e-09,8.609516077747057e-09,1.694602685254378e-08,3.697829890573738e-06,3.04379127081024e-09,3.2181351846590198e-09,3.4673278786438613e-09,3.807416372066251e-09,4.645732972842687e-09,6.126185553827981e-09,8.555910170025251e-09,1.4489535967640655e-08,3.425019971756198e-08
lng_terminal,power,LU,0.0,0.0,0.0,0.0,0.0,0.0,0.0,0.0,0.0,0.0,0.0,0.0,0.0,0.0,0.0,0.0,0.0,0.0,0.0,0.0,0.0,0.0,0.0,0.0,0.0,0.0,0.0,0.0,0.0,0.0
lng_terminal,power,LV,0.0,0.0,0.0,0.0,0.0,0.0,0.0,0.0,0.0,0.0,0.0,0.0,0.0,0.0,0.0,0.0,0.0,0.0,0.0,0.0,0.0,0.0,0.0,0.0,0.0,0.0,0.0,0.0,0.0,0.0
lng_terminal,power,NL,5.124171115705674e-10,6.011577007228171e-10,6.321653614167799e-10,6.929503186078845e-10,7.621940679790437e-10,8.391841889480172e-10,9.2627628165904e-10,1.0264703436569774e-09,1.143280982402322e-09,1.2811918478483363e-09,1.4462851850831498e-09,1.6468730886478048e-09,1.9011989080741456e-09,2.2324851222640254e-09,2.6753168059708383e-09,3.296916438616389e-09,4.230062570181784e-09,5.780915802148312e-09,8.855708179798532e-09,1.8208071102281273e-08,9.159238049519503e-07,8.473871361805029e-08,7.53115963909835e-08,7.112008886616172e-08,6.973864559903038e-08,7.187824601304827e-08,7.556939637002507e-08,8.451935102884356e-08,1.0344310942701818e-07,1.6400552134765615e-07
lng_terminal,power,NO,0.0,0.0,0.0,0.0,0.0,0.0,0.0,0.0,0.0,0.0,0.0,0.0,0.0,0.0,0.0,0.0,0.0,0.0,0.0,0.0,0.0,0.0,0.0,0.0,0.0,0.0,0.0,0.0,0.0,0.0
lng_terminal,power,PL,7.057358721520972e-08,1.3349327686206037e-09,6.600697051573422e-10,6.967587821501286e-10,7.397406230123683e-10,7.904275260459791e-10,8.440487203199766e-10,9.000221310580068e-10,9.579259145563985e-10,1.0182133226662114e-09,1.0796183332837576e-09,1.1467184429622984e-09,1.2209072376952488e-09,1.3052831835037218e-09,1.4017277307766698e-09,1.5131455582010866e-09,1.6419253794279168e-09,1.7912666904263654e-09,1.965897484758722e-09,2.172089780347868e-09,2.4193384763912284e-09,2.719811096447357e-09,3.0907352699054035e-09,3.5611189996036224e-09,4.177378399480658e-09,5.023309526416936e-09,6.265747934862655e-09,8.286460942436248e-09,1.2265055063925251e-08,2.4097263713750737e-08
lng_terminal,power,PT,5.799995014016911e-10,6.793453832862811e-10,7.190142317074281e-10,7.844349734964376e-10,8.5756081552425e-10,9.395163093978445e-10,1.0330763751073755e-09,1.141131298527749e-09,1.2669712459555831e-09,1.4149266476752192e-09,1.5911612802833365e-09,1.804676917598822e-09,2.0684940526394835e-09,2.402850135396926e-09,2.8406091597928162e-09,3.4417331605949834e-09,4.34350253102958e-09,5.821927208420122e-09,8.718342217215199e-09,1.7167703884260068e-08,7.776217444410359e-07,1.0120021735722478e-07,7.49253194318402e-08,6.697214477172785e-08,6.464273210829206e-08,6.54816058089662e-08,6.920619833478891e-08,7.704964022831646e-08,9.410828855320314e-08,1.4759405023350447e-07
lng_terminal,power,RO,0.0,0.0,0.0,0.0,0.0,0.0,0.0,0.0,0.0,0.0,0.0,0.0,0.0,0.0,0.0,0.0,0.0,0.0,0.0,0.0,0.0,0.0,0.0,0.0,0.0,0.0,0.0,0.0,0.0,0.0
lng_terminal,power,SE,0.0,0.0,0.0,0.0,0.0,0.0,0.0,0.0,0.0,0.0,0.0,0.0,0.0,0.0,0.0,0.0,0.0,0.0,0.0,0.0,0.0,0.0,0.0,0.0,0.0,0.0,0.0,0.0,0.0,0.0
lng_terminal,power,SI,0.0,0.0,0.0,0.0,0.0,0.0,0.0,0.0,0.0,0.0,0.0,0.0,0.0,0.0,0.0,0.0,0.0,0.0,0.0,0.0,0.0,0.0,0.0,0.0,0.0,0.0,0.0,0.0,0.0,0.0
lng_terminal,power,SK,0.0,0.0,0.0,0.0,0.0,0.0,0.0,0.0,0.0,0.0,0.0,0.0,0.0,0.0,0.0,0.0,0.0,0.0,0.0,0.0,0.0,0.0,0.0,0.0,0.0,0.0,0.0,0.0,0.0,0.0
lng_terminal,power,UK,4.441798839618813e-10,5.187914882454227e-10,5.470537082313178e-10,6.004962878326928e-10,6.632349525100258e-10,7.340931162970906e-10,8.144847926026752e-10,9.067166173791177e-10,1.0138905725608593e-09,1.1401508266845075e-09,1.2937103049994029e-09,1.4852650457251379e-09,1.727319274417799e-09,2.042642759430796e-09,2.469029841090312e-09,3.073996751488554e-09,3.991277010276524e-09,5.528477925023026e-09,8.642788140790852e-09,1.879324071130191e-08,8.23546359264869e-07,9.527136610948352e-08,7.799278386265501e-08,7.397994647056066e-08,7.454015021147658e-08,7.881432792972326e-08,8.636614757728098e-08,9.958401236100306e-08,1.261422789690648e-07,2.036962462591705e-07
natural_gas_boiler,power,AT,12.639471256757774,5.032471529889863e-10,7.641632255011764e-10,2.190182232265003e-09,0.5329829968843898,0.9294694582783776,1.0329942592968397,0.01134373732374956,1.9304769792441554e-08,1.2424540325342658e-08,2.4845748600395748e-09,1.4757994975496444e-09,1.1359988320719635e-09,1.0270784767295067e-09,9.216777950333502e-10,8.463469041727563e-10,8.077499472464178e-10,8.528572788867291e-10,7.443739643965329e-10,8.251287880881879e-10,1.0061717228636106e-09,1.6136500499249054e-09,1.2309023451116003e-09,1.0954392320330488e-09,1.0950177924811199e-09,1.8491703575210428e-09,2.1082830153165256e-09,1.8718306819387644e-09,2.759778404092275e-09,8.069341259025013e-09
natural_gas_boiler,power,BE,15.75243062116701,5.433890048397543e-10,7.98722798475927e-10,1.783907626496709e-09,5.362843667777795e-09,0.5358210290682865,0.9242896434531446,2.493706301639302,1.2797479765277462,1.5100026037833096e-09,1.0998880380926133e-09,9.03138137334506e-10,9.391590655254338e-10,1.172507530855227e-09,1.0260131869358341e-09,1.0979187963117523e-09,1.0314094769033768e-09,1.063906938459516e-09,1.0935453314991926e-09,1.1351943787962325e-09,1.187155665443887e-09,1.318756910379325e-09,1.2940477192592255e-09,1.3194199960331354e-09,1.346349519373141e-09,1.7387351171874855e-09,2.3391652264661107e-09,3.5346057075200312e-09,5.260988484720351e-09,4.465533081496293e-09
natural_gas_boiler,power,BG,3.2209309380436744,2.0758560151765535e-09,1.921433834335682e-09,2.589166403272129e-09,6.658480891068917e-09,1.5653578864600245e-09,3.8972365753732527e-10,3.285979187302806e-10,2.8515889137564493e-10,2.673957672179644e-10,2.288187818299411e-10,2.2207728457613443e-10,2.2159259085173476e-10,2.2353318829484856e-10,2.268977100735253e-10,2.3646217383580615e-10,2.5041838958666184e-10,2.6896636951572077e-10,2.895613960974288e-10,3.050057259848863e-10,3.197454969568175e-10,6.144081577336833e-10,4.57600615040304e-10,4.804064626800365e-10,6.142527833155794e-10,1.3252574915777209e-09,1.4303743147978453e-09,1.3316065011734622e-09,1.8307763027522357e-09,3.680383116919065e-09
natural_gas_boiler,power,CH,18.728900067365345,5.272355486109772e-10,8.501464709985818e-10,2.1867966091306257e-09,0.7221458350456323,1.2593506677441804,0.6305018287171306,0.7844858667566904,3.212927123204162e-08,2.8690366148464347e-08,0.5263738236231483,6.2276936377519585e-09,2.1624037161525534e-09,1.8821431087468266e-09,1.4775754497184533e-09,1.3064087560237191e-09,1.393131129218265e-09,1.4767511154114016e-09,1.3511160378356115e-09,1.3843755853680468e-09,1.4876542940614643e-09,1.79152724180267e-09,1.632728217264247e-09,1.5427613259400525e-09,1.4879403011350351e-09,2.276248170635503e-09,2.6703749870508354e-09,2.325058964213041e-09,4.7325787497840635e-09,1.0287477590756301e-08
natural_gas_boiler,power,CZ,13.783631002868324,4.934669280222825e-10,6.16039493192859e-10,1.6421147080638226e-09,0.16470809378593385,0.2215644436362816,6.920172494918571e-07,1.3201302619529697e-09,7.340712393426644e-10,5.43539596104857e-10,4.5181295218032404e-10,3.836284897727883e-10,3.666879837088198e-10,3.64994386402465e-10,3.7287293799903386e-10,4.5628743743541233e-10,1.0108242058314413e-09,1.1678118272391693e-09,1.1284056905148441e-09,1.3502700422429462e-09,1.04888431602598e-09,8.345314268191297e-10,1.3939132505149716e-09,1.3434933723421774e-09,1.7353614369066087e-09,4.253938522310804e-09,3.573644356471776e-08,3.766238967089437e-07,6.052993566120214e-08,5.894632649255415e-08
natural_gas_boiler,power,DE,101.91650690879462,5.00919265166613e-10,4.0010642655280405e-10,3.915300346889995e-10,1.8626660986355004e-09,0.808085346482944,4.311882371572165,7.2502149843352885,13.426445558837695,0.01488079772603255,9.977053773723627,5.727258657634475e-09,3.394408394418297e-09,7.014032373046934e-10,1.7861444385816693e-09,6.13654763897464e-10,1.3375572951065821e-09,8.795748828834102e-10,6.796012828526707e-10,1.386060727672492e-09,3.2147609339595104e-10,1.5724587983006375e-09,1.5175043902279467e-09,1.2875147695519235e-09,1.1867316702560838e-09,1.2378522235749513e-09,1.4316268837433464e-09,1.944200006597435e-09,2.814425444935362e-09,5.250505450984004e-09
natural_gas_boiler,power,DK,10.951652861797607,4.1402002968117684e-10,5.271880677253713e-10,7.10966251772779e-10,4.874237400486045e-09,1.0680903123313746e-09,6.986236449795796e-10,5.18132487256687e-10,3.5584228383518657e-10,3.0430576062584515e-10,2.94747190375957e-10,2.9831173315029185e-10,3.352516137511036e-10,4.1925830963405326e-10,4.604000038262061e-10,4.744609759293021e-10,4.4330454870137686e-10,5.158127460321876e-10,5.549019135958245e-10,5.088547839840861e-10,4.5157672267351704e-10,5.551546679519527e-10,4.304079902327913e-10,5.132637672484699e-10,6.353229359464705e-10,2.067091818056973e-09,2.2925669764389087e-09,3.0872515773835017e-09,3.887787826149706e-09,6.761826175032225e-09
natural_gas_boiler,power,EE,2.1130300611026382,4.4271986773630185e-10,6.229958956394265e-10,8.777097556167933e-10,0.13243953218493373,0.005851572672259382,0.03269666175770422,1.2920941908791635e-08,2.1193055278545395e-09,1.0965967611860004e-09,7.886099779950737e-10,6.381917658382113e-10,5.922392988492754e-10,5.745982777998419e-10,5.702829052379437e-10,5.759373158993688e-10,5.712715365535855e-10,5.713521619005554e-10,5.224214111376496e-10,5.225961553860942e-10,4.732795908033642e-10,1.2936637490977592e-09,6.510017143684606e-10,6.738888899466307e-10,8.032479535086072e-10,2.1610209220854485e-09,2.338321419767383e-09,2.8984123758661806e-09,5.718881899371125e-09,6.149044693438391e-09
natural_gas_boiler,power,EL,5.1813675537097304e-09,1.0882819224339698e-09,8.235680791546542e-10,7.35730304422689e-10,5.140415666134134e-10,9.241044849833511e-10,3.417931758288327e-10,2.752629562455836e-10,2.3014551387967193e-10,2.100868940700719e-10,2.1421923303431277e-10,2.0918666223017844e-10,2.2303746852995544e-10,2.3355649098826674e-10,2.2998480564591847e-10,2.4359272224114744e-10,2.9186587611249395e-10,2.7082638272674065e-10,2.9026012415804737e-10,3.7165952958773593e-10,4.987443246558449e-10,7.295099199768791e-10,6.755460311196654e-10,6.179572697035418e-10,6.643161769386624e-10,7.030655496960566e-10,8.420457847848565e-10,1.0866059975677087e-09,1.6452544197929215e-09,3.4293495826552627e-09
natural_gas_boiler,power,ES,1.823323729244176e-10,1.6211633831281355e-10,1.8131550982796536e-10,1.677711684289789e-10,1.279173582114061e-10,1.156753969612189e-10,1.4143020441000485e-10,2.146536191497918e-10,1.668838184220403e-10,1.424501847244827e-10,1.5791969440755155e-10,1.9098772003731534e-10,1.8247963994654942e-10,2.518173035038256e-10,3.00411855613987e-10,3.4636669652484446e-10,3.7516093702314363e-10,4.3365442864486147e-10,5.045210453113066e-10,5.823016136420745e-10,6.753794737640626e-10,7.443213625176737e-10,8.476490753044289e-10,9.825640810183817e-10,1.1539896061088657e-09,1.388869520594797e-09,1.6497091475340861e-09,2.075079595435902e-09,2.963922766366372e-09,5.577525269004933e-09
natural_gas_boiler,power,FI,11.60512159566228,4.971763084868745e-10,7.127305757234727e-10,1.2071778862364654e-09,0.5335376624676174,0.3276011885006571,1.655670066346139e-08,1.980852828011207e-09,6.691798861084194e-10,4.611483061045117e-10,3.854909338153382e-10,3.434738329526641e-10,3.3539044461436735e-10,3.3682048726138376e-10,3.3387218371373246e-10,3.4163403187092373e-10,3.6118348382093634e-10,3.818198924694092e-10,3.798228191971625e-10,4.088629685230572e-10,4.225187489858767e-10,1.3845866030132025e-09,5.375516220369139e-10,6.13355004071686e-10,6.990689956365086e-10,1.4128174428107701e-09,3.52908357597174e-09,3.69352771291316e-09,4.5868310720740995e-09,7.471731382750157e-09
natural_gas_boiler,power,FR,6.83670609701476e-10,4.840756364829531e-10,6.963116171940188e-10,1.0463233416224448e-09,1.3983700740577896e-09,6.827570618591347e-10,7.024830225010787e-10,4.2974408520741094e-10,3.8135802463639907e-10,4.3940551706349185e-10,4.6116823717883816e-10,2.379242879119885e-10,3.931516942529276e-10,4.688432538739245e-10,2.9543807375428086e-10,4.365157787846991e-10,5.216323795617527e-10,5.663336124172546e-10,7.229140494491248e-10,7.738731672469016e-10,8.399730346911433e-10,9.741754706495782e-10,1.0961381511662822e-09,1.2456867022343024e-09,1.3898594262573584e-09,1.6559912535828042e-09,1.8837146816736888e-09,2.310639212662043e-09,3.2162282701538793e-09,6.123189349342061e-09
natural_gas_boiler,power,HR,3.13689565499208,2.9605578722694557e-10,3.809214819007667e-10,6.320025555162615e-10,3.319449112375721e-09,1.4323327261764347e-09,8.548088472513664e-10,5.977603870711297e-10,4.686865636277779e-10,4.192229587310745e-10,4.096649088794141e-10,3.8771303885885274e-10,4.0773332097109096e-10,4.745513683343139e-10,4.695501411492601e-10,5.448090042115417e-10,5.161822128367341e-10,6.875397814575408e-10,7.25527620970152e-10,7.815260948853204e-10,7.03957277736525e-10,8.596912728844312e-10,4.966075498787313e-10,6.020621687736046e-10,8.613436629399876e-10,1.945743698376987e-09,1.5929182844348357e-09,1.916328866556301e-09,2.6799580040384807e-09,5.0480959382288004e-09
natural_gas_boiler,power,HU,5.704972638383126e-10,3.3841473620576797e-10,3.0212210381319864e-10,4.354014615589975e-10,6.755247266598002e-10,5.249888688694077e-10,3.099897832712025e-10,2.291321609075716e-10,2.7018472465766996e-10,2.8995419222406685e-10,3.1342489527088353e-10,2.9099896165585175e-10,2.7972362624180496e-10,3.1615115808919907e-10,3.080334937408514e-10,4.5299405409650016e-10,4.0384845158559887e-10,6.73558266183239e-10,7.478551070634989e-10,8.358736417040546e-10,9.168536564347968e-10,1.032527408101462e-09,1.1060571107643798e-09,1.1310373145041437e-09,1.218881503130477e-09,1.416775477298337e-09,1.6261836421499972e-09,2.0843298287861115e-09,3.0171566157285524e-09,5.856029419465544e-09
natural_gas_boiler,power,IE,4.65546741886006e-10,2.1159598536096112e-10,2.2737672889493538e-10,2.748978798551921e-10,2.525026888602961e-10,3.2021985142210743e-10,2.6180523590181254e-10,2.395954286097375e-10,1.9261420092065625e-10,1.7938044995768324e-10,1.7784399049340488e-10,1.7932818725786948e-10,1.8728711855222674e-10,2.95161798483234e-10,2.861622316653522e-10,2.819695163467914e-10,2.6895532680445943e-10,2.668188989052863e-10,4.845741023629486e-10,3.200083703972119e-10,5.015854853619057e-10,4.910267168236115e-10,4.749783946201437e-10,4.929086728390114e-10,5.642471943366115e-10,6.705362473111551e-10,8.655252599529605e-10,1.1795128644799208e-09,1.726432966576862e-09,3.39103906015998e-09
natural_gas_boiler,power,IT,3.220147148062896e-09,3.132694606713767e-10,6.882092727882822e-10,1.19686715689753e-09,2.844141902585711e-09,1.4219643073996776e-09,4.846286036857997e-10,5.443038657962934e-10,6.429931656056683e-10,2.1609334625759775e-10,4.892584596378634e-10,5.309384993414544e-10,5.205761199849605e-10,4.501574741563099e-10,4.7378024260175e-10,3.7011141725486997e-10,4.921272234567488e-10,5.31623450410853e-10,7.506345695438773e-10,8.089119401820267e-10,9.47438103504713e-10,9.850901068038937e-10,1.0542539326613205e-09,1.1153069641625826e-09,1.2040537664332688e-09,1.3714827434898617e-09,1.4954811492964505e-09,1.8241482874204827e-09,2.5876879549768157e-09,5.238286800192794e-09
natural_gas_boiler,power,LT,0.3399750805019461,5.801966885222103e-10,5.781590879882906e-10,5.152738001313075e-10,1.4246567027410593e-09,5.414531545189257e-10,4.1518760527985347e-10,3.3103589273808944e-10,2.8454845644036816e-10,2.522159511247432e-10,2.4535782827603067e-10,2.396887874964119e-10,2.5382407565564586e-10,2.809098808835909e-10,2.8266950701857023e-10,2.997925888720006e-10,3.291573676544357e-10,3.603966854296291e-10,3.431574078785239e-10,3.506105782457291e-10,3.2536421218932756e-10,1.0141697692648027e-09,6.129757847329697e-10,6.632682407220598e-10,7.279507850049277e-10,8.570413186093204e-10,1.0646099520560954e-09,1.5188043628825015e-09,2.264306994408474e-09,4.217010796031444e-09
natural_gas_boiler,power,LU,1.3995818367990724,1.7467696213589037e-10,1.7519579538791409e-10,1.7996015878001459e-10,2.303415717432237e-10,2.918229704426504e-10,5.733240366384734e-10,4.668594122835447e-10,3.4665057568729177e-10,4.625253960068401e-10,4.45398843544377e-10,4.024895033421808e-10,3.8652261670954233e-10,3.849320797049428e-10,3.9163930221505334e-10,4.248609491038322e-10,4.3837049801852737e-10,5.186193035239697e-10,4.4795533259727077e-10,4.341626851593712e-10,4.3425426427560754e-10,7.211208495200167e-10,5.58361726577652e-10,5.86852171133167e-10,6.982013853507462e-10,8.360738305089045e-10,1.0678323633850962e-09,1.6625957369566874e-09,2.608812802855157e-09,4.520105968177429e-09
natural_gas_boiler,power,LV,2.728070737263122,4.439503379368374e-10,5.849660559469223e-10,1.1744568381161957e-09,0.0068744465109931985,1.1695897416480672e-08,1.1395915566982922e-09,6.144481367650949e-10,4.4570731954418363e-10,3.8152033777455236e-10,3.7761761070071337e-10,3.657924073245769e-10,3.541041070070513e-10,3.640645832115523e-10,3.857875120001267e-10,3.9774986832899377e-10,4.081892901969578e-10,4.3660695768229696e-10,4.0127928764324536e-10,4.174673419456934e-10,3.964541153005206e-10,1.090647642997329e-09,6.853785594829898e-10,7.394943162170459e-10,9.068094585505158e-10,1.4647589535924747e-09,2.1882047736460292e-09,2.3278188442692865e-09,3.0801549126246504e-09,5.325236720354868e-09
natural_gas_boiler,power,NL,6.813172003070385,3.53683244440739e-10,3.9829027154880185e-10,9.784620607628382e-10,3.8548574513362523,3.4220408441592554,3.33660287968765,2.1416259876134035e-07,1.1533786669721404e-09,6.863303957243081e-10,5.785016756830365e-10,1.2346425641286404e-09,1.0004337991145168e-09,1.0777784697342695e-09,5.14014291187574e-10,4.1266500495778454e-10,4.5614509233531974e-10,5.096551378833149e-10,5.888382085165013e-10,6.288519683990124e-10,7.241568544468275e-10,9.957964836191735e-10,9.568046997538363e-10,9.42464602329187e-10,1.0046753056397034e-09,2.0355366227536297e-09,2.669128135812906e-09,3.957382573097147e-09,3.3299893084500774e-09,4.446346103814046e-09
natural_gas_boiler,power,NO,8.171929882779239,8.439587396798154e-10,1.2930857316324607e-09,3.3714698394031522e-09,1.5005612742082481,1.8792682929765345,0.9844733739961189,5.939166433938946e-09,1.0873620240027646e-09,6.850708776654653e-10,5.251756252769449e-10,4.6379675863127694e-10,4.297242863297511e-10,4.113524221145756e-10,4.0504722835971504e-10,4.160536348405854e-10,4.4209234263244156e-10,4.853044390199142e-10,5.44288196964112e-10,6.425302312518823e-10,8.380404583728759e-10,1.5625005872348403e-09,1.7102191622905048e-09,1.87342469413536e-09,2.3307701271878723e-09,5.093058558627838e-09,1.0054976733952233e-08,3.9590155842413643e-07,3.778014631659053e-08,4.952836838068269e-08
natural_gas_boiler,power,PL,43.13029951674857,2.9693328806103353e-10,3.806136217932826e-10,6.261664441642044e-10,9.079596778445766e-10,6.910036781757487e-10,3.967584421104363e-10,3.0703075376002186e-10,2.7882016619614983e-10,2.273155809877179e-10,2.3772219005495314e-10,2.114388632625762e-10,2.289408860994584e-10,2.451355948378294e-10,2.5556512640768477e-10,2.7018314537915963e-10,4.120824459276418e-10,6.736379671104338e-10,7.270400247466911e-10,8.537431974979399e-10,1.111603279790211e-09,1.1561316918864407e-09,9.177154185712923e-10,8.697923690331709e-10,9.665198198066752e-10,1.1568704098732637e-09,1.4069610395159237e-09,1.867215462667371e-09,2.730340808550831e-09,5.263874516417585e-09
natural_gas_boiler,power,PT,1.5808757644215752e-10,1.2624110962475518e-10,9.7372409269728e-11,1.1560060720919839e-10,7.326282867112043e-11,9.611273695028559e-11,7.962136373473975e-11,6.086017651087728e-11,5.629070471065538e-11,5.6220947576412905e-11,6.32721961375519e-11,1.6663083787960097e-10,2.0495084673657751e-10,2.408468387989432e-10,1.2450260957500931e-10,1.1821197239044905e-10,2.1989971786000345e-10,2.587254771686898e-10,4.926980145852893e-10,5.647472893656195e-10,4.0468221490760996e-10,6.856798353855379e-10,6.373626129436344e-10,6.729063986569874e-10,8.38842663598148e-10,8.076719530360794e-10,8.829294724848046e-10,1.060391226854786e-09,1.5395127297300212e-09,3.115406673562407e-09
natural_gas_boiler,power,RO,2.651580371605578,3.3630293333158266e-10,4.3810048344002283e-10,8.585606982420936e-10,0.3267604263433145,1.2440012208609963e-09,5.587611358173789e-10,5.175841536586109e-10,3.160377350884456e-10,2.6583894987627633e-10,2.706922281712498e-10,2.5697352769345003e-10,2.8421147248802205e-10,4.508972160356325e-10,3.1822396713295774e-10,2.9186253089510467e-10,4.2036628257996815e-10,3.9675414004520013e-10,3.8434454015001887e-10,4.46585859310439e-10,6.151798796225581e-10,4.5206945382148287e-10,4.42566224708116e-10,4.632809427323774e-10,5.261975766294151e-10,1.3300016431570738e-09,8.847531280939002e-10,1.1685588490455018e-09,1.735917803226391e-09,3.4304431454052997e-09
natural_gas_boiler,power,SE,10.45142840069733,8.20525284982954e-10,1.2771624125591162e-09,3.663600767267586e-09,0.6812679746253373,0.8968373757944627,4.71093116234524e-09,1.0948492592081144e-09,6.075480218855391e-10,4.719273427847553e-10,4.1054337670416696e-10,3.594081795491022e-10,3.5092768941506874e-10,3.5050394032887316e-10,3.5696966338841116e-10,3.7290580826505226e-10,4.046570585080479e-10,4.600389206078749e-10,5.400917756552672e-10,6.653407389749007e-10,8.473325503887491e-10,3.3979345337591936e-09,1.065564998454259e-09,1.3347482887109298e-09,1.805278579597693e-09,3.058973071337464e-09,4.7167242986219924e-07,3.4058588566438264e-08,3.3270986074924474e-08,5.4895334889282504e-08
natural_gas_boiler,power,SI,0.7580611253335972,2.323151097130665e-10,2.852695401692621e-10,4.95608329215876e-10,8.53284503080422e-10,1.0270120017579876e-06,2.9325716082249877e-09,1.0161955197089383e-09,9.069045066002758e-10,8.515446258899645e-10,8.627026433542746e-10,7.714804863349469e-10,7.149772196884451e-10,6.347848819056227e-10,5.907504766435e-10,5.732087204907193e-10,5.975346913973879e-10,6.648240542683073e-10,6.843283520412257e-10,7.687407833607423e-10,1.0628696033572541e-09,3.730665571004823e-09,2.6562400839091797e-09,2.7490325509440054e-09,3.4032524222823466e-09,6.0641070681490515e-09,4.011567194075431e-07,3.930026787838324e-08,3.176217103323999e-08,4.228843413273369e-08
natural_gas_boiler,power,SK,2.706460538633888,3.1273978661572643e-10,4.855547338368766e-10,9.975679052583856e-10,0.18026464427156272,0.011553814357194221,0.8711238920022685,0.06541537220879652,4.604796501961987e-09,1.0235144793556096e-09,8.484605540066168e-10,7.696416061731322e-10,7.157704026844845e-10,1.0191755174924527e-09,6.862909662978688e-10,5.645264753808225e-10,5.387568313001285e-10,5.701310323140207e-10,6.610120004760665e-10,8.432178147603613e-10,6.562420462011206e-10,8.41607145456823e-10,7.243010399424477e-10,6.918949027899604e-10,7.299480643871254e-10,1.2766038440512416e-09,1.0408893484334102e-09,2.462207676873142e-09,2.391892318887836e-09,4.667571045320346e-09
natural_gas_boiler,power,UK,4.892541171175574e-10,3.71429823857667e-10,2.825595289387233e-10,2.697271143310609e-10,4.6257626616560877e-10,7.768835674183748e-10,6.006352761430871e-10,3.9924132804877057e-10,3.3600818046784335e-10,3.3808099606704166e-10,3.201966447692401e-10,3.21913659620257e-10,4.165522869862148e-10,3.763191450471128e-10,2.553736925069425e-10,3.033153165917624e-10,3.517123254501906e-10,3.7541044630802853e-10,5.038343622402263e-10,6.090888502596143e-10,7.223661396971727e-10,8.099922073930491e-10,9.135617801442133e-10,1.0425010917706886e-09,1.1374970211862535e-09,1.278318743167852e-09,1.4536602992040238e-09,1.7774614511348306e-09,2.5438892519024118e-09,5.041187673606996e-09
natural_gas_pipeline,power,AT-CH,1.1554753503266485e-06,5.663274938504149e-09,2.8534937422605613e-09,3.748524945203494e-09,4.419944047656858e-09,5.245988579401086e-09,6.255083651053247e-09,7.565811939816115e-09,9.381353778938046e-09,1.1824530764038024e-08,1.559926629127796e-08,1.7237341876037162e-08,2.312734821097284e-08,2.2560381060237486e-08,2.901104527593328e-08,3.8664827574885864e-08,5.743772676155877e-08,6.248323507761446e-08,7.088370119470405e-08,8.203462181887286e-08,8.300784214985397e-08,9.691758413371066e-08,1.0027610287663205e-07,1.0816952917954954e-07,1.212435252404076e-07,1.266752346158723e-07,1.4824484206485601e-07,1.6322820043364854e-07,1.9117046064038985e-07,2.9959529427933165e-07
natural_gas_pipeline,power,AT-CZ,9.761532294167804e-07,9.445387351794693e-08,6.188734242120263e-08,6.169846397092953e-08,6.52703982083422e-08,6.651868820087522e-08,6.86520488201236e-08,7.25632912640193e-08,7.774520602591143e-08,9.494161218277343e-08,1.3735130059359966e-07,2.277568870924206e-07,1.6358005648822977,0.6388874721443901,0.27114335130377637,0.0369411594839966,0.03499717736211375,1.8380745790281282e-08,7.317343453965598e-09,4.67075455871935e-09,3.449996517343143e-09,3.2189033384347895e-09,3.6557161393881126e-09,4.264297070779764e-09,5.174164582020273e-09,6.553705329017576e-09,8.729362825592341e-09,1.2672792264692714e-08,2.027561711016398e-08,4.375737332485869e-08
natural_gas_pipeline,power,AT-DE,7.563912407060439e-10,7.696454118554716e-10,7.966832740649472e-10,8.650420999314599e-10,9.260187824344442e-10,9.969264192758565e-10,1.0755349922236507e-09,1.1533956961906309e-09,1.2060869555189242e-09,1.2818792978493247e-09,1.4634856624247184e-09,1.5399225040911118e-09,1.6705085407006714e-09,1.8271278479747341e-09,2.0074366946867112e-09,2.20910877952297e-09,2.424732401231768e-09,2.6681471594734473e-09,2.946761477784756e-09,3.2820075234199183e-09,3.7048997033958512e-09,4.209212729953666e-09,4.930294710446555e-09,5.8196037546647895e-09,6.9697828068821385e-09,8.536738942798168e-09,1.0837113596460275e-08,1.4560680563054145e-08,2.1753935257102107e-08,4.261324411513389e-08
natural_gas_pipeline,power,AT-HU,8.177851397303089e-10,8.240664756997486e-10,8.912175610813408e-10,9.469283649026973e-10,9.990686697331708e-10,1.0708816248306776e-09,1.155292626130686e-09,1.2452960213656703e-09,1.3399467491878076e-09,1.4454584938309484e-09,1.570768152136202e-09,1.6218711383850308e-09,1.7753093553649929e-09,1.9624012965824605e-09,2.16357998287149e-09,2.37352699356474e-09,2.613140496411649e-09,2.9115869414661763e-09,3.182423260920794e-09,3.2708866658723306e-09,2.9721787379986205e-09,3.790913956757899e-09,4.08404337549222e-09,4.2347414970775046e-09,4.513152236969853e-09,5.1619961668937294e-09,6.272981202269698e-09,7.561358798785872e-09,1.0204446591003446e-08,2.357938049281046e-08
natural_gas_pipeline,power,AT-IT,6.180456218361315e-10,6.10673189246674e-10,5.154187091475116e-10,7.039207285765878e-10,7.695634555964028e-10,8.010432675061764e-10,8.018108270960754e-10,8.723128069034669e-10,9.811299199443454e-10,1.025461283740491e-09,8.375342536138445e-10,9.270295004157224e-10,1.185309865169154e-09,1.1342608421788638e-09,1.1858556377122433e-09,1.561942028326502e-09,1.6780767711920843e-09,1.8868086564089383e-09,2.0518119551212828e-09,2.2498796087407885e-09,2.692628303358238e-09,3.3493893344217588e-09,3.9595964678477e-09,4.726657209354586e-09,5.723218783338032e-09,7.0416374900433905e-09,9.006357550488844e-09,1.2272607317559636e-08,1.8299686159461332e-08,3.5355447729103344e-08
natural_gas_pipeline,power,AT-SI,1.8149112740721065e-09,1.443279327136335e-09,1.1923029179764516e-09,2.00929281751915e-09,2.2046974632052495e-09,1.2594405228491088e-09,1.768963073911486e-09,2.736147210382279e-09,2.4625602391064134e-09,2.0282072884474896e-09,2.1033728625409502e-09,2.1542819057711534e-09,2.515619124405588e-09,2.833628038232586e-09,3.2900458330005837e-09,3.974826164211517e-09,4.956287796457562e-09,6.441870500320815e-09,7.305540690011492e-09,8.068093314012668e-09,7.881354919794942e-09,8.461110281599702e-09,8.621737917327909e-09,8.795301862632429e-09,1.0446870815477688e-08,1.4205193446445082e-08,1.9643424502270628e-08,2.6482267116362565e-08,3.7185634021004235e-08,7.224423757983075e-08
natural_gas_pipeline,power,AT-SK,7.706245640523287e-10,7.844826021514157e-10,8.541560087453692e-10,9.101325815973693e-10,9.577619584567786e-10,1.0179275723098272e-09,1.0905567938807375e-09,1.1745707542442336e-09,1.2675288455569146e-09,1.3696189022042847e-09,1.4871322361758177e-09,1.5300192694012884e-09,1.6905824784981184e-09,1.8538941333021647e-09,2.0291110605061477e-09,2.225787387083407e-09,2.472742919106841e-09,2.7557713862841555e-09,3.080064848441878e-09,3.453189011760346e-09,3.897218245275696e-09,4.4371632236751675e-09,5.104073226015288e-09,5.965280933029134e-09,7.1314619264154896e-09,8.75081883751186e-09,1.1043608047867175e-08,1.4421866119182913e-08,2.0432650154301086e-08,3.720129480690929e-08
natural_gas_pipeline,power,BE-DE,9.001940195478611e-10,9.517582346162419e-10,1.056238337897257e-09,1.1357569342292663e-09,1.1889527933846284e-09,1.2576226371211305e-09,1.3342913730765135e-09,1.4156391052350433e-09,1.4945713633324092e-09,1.6006288989524702e-09,1.7198824607304535e-09,1.8401973473748459e-09,2.0079554414220084e-09,2.207622577859986e-09,2.425012234900646e-09,2.6602188043876205e-09,2.9056535465077924e-09,3.1871718206526336e-09,3.5097809406343726e-09,3.869439865181159e-09,4.2699590741247545e-09,4.718349790773494e-09,5.495308809343705e-09,6.462093382836961e-09,7.736546384928456e-09,9.494000505243947e-09,1.1970357927644443e-08,1.5675111176001633e-08,2.2024943911899785e-08,4.093515277564747e-08
natural_gas_pipeline,power,BE-FR,6.767927212818213e-10,7.125810283962901e-10,6.984637370059969e-10,7.534450808587701e-10,8.020004677760561e-10,7.15744127078233e-10,8.627606420670892e-10,9.446456651578232e-10,9.496549909705685e-10,1.093664819371316e-09,1.2329251100076793e-09,1.0296432392914722e-09,1.2836900778244404e-09,1.5783571633713014e-09,1.7767934239368205e-09,1.9834814215888555e-09,2.2446105159374327e-09,2.502045078382304e-09,2.750051496211763e-09,3.1089471228191565e-09,3.5264764829390174e-09,3.990807109174093e-09,4.585587027870146e-09,5.4094116025594676e-09,6.469277314041711e-09,7.906876681404217e-09,1.0145786901713639e-08,1.3766892183727907e-08,2.0624681949193385e-08,4.1252242182882045e-08
natural_gas_pipeline,power,BE-LU,2.7746955547961133e-09,2.3969066734202884e-09,3.2366603173010297e-09,3.34972016227628e-09,3.4088711051105265e-09,3.4721968622461777e-09,3.541901405024857e-09,3.6881709759239248e-09,3.995348438123822e-09,4.399210287893085e-09,5.1036816382136226e-09,5.4181191204767585e-09,6.1652256929804544e-09,6.826638797625491e-09,7.46680788363242e-09,8.145202869530974e-09,8.890309589193504e-09,9.269561722945306e-09,1.0050460587762831e-08,1.1033338242916943e-08,1.0862498603912746e-08,1.075800924340887e-08,1.39919903172313e-08,1.791628445063114e-08,2.2317872790304676e-08,2.8081054438730088e-08,3.6808707005547654e-08,4.972537235261905e-08,7.261357944372075e-08,1.3069348601871912e-07
natural_gas_pipeline,power,BE-NL,1.9588129857076283e-09,2.0060656538738176e-09,2.1509904605751492e-09,2.394187503897598e-09,2.4966772379007167e-09,2.6605752522191602e-09,2.8259000577298353e-09,3.0070561009947498e-09,3.1860557959584617e-09,3.404344402809774e-09,3.639966099801339e-09,3.920417837524836e-09,4.253339145653032e-09,4.644833087363019e-09,5.005297646440544e-09,5.151024398284837e-09,4.95108398244552e-09,5.168497545785105e-09,5.622761045928258e-09,5.881102469000202e-09,5.915680532778014e-09,6.164512549052778e-09,6.967476946453927e-09,7.685582180400807e-09,8.669773747901716e-09,1.0460203717559423e-08,1.3975002491248755e-08,2.1591883871937114e-08,3.517911845796948e-08,6.447722101139935e-08
natural_gas_pipeline,power,BE-NO,1.0053781813789193e-07,1.1811643364101164e-08,9.04652277955406e-09,1.120322597609265e-08,9.004444439125514e-09,8.168719466565964e-09,7.98844058296606e-09,8.115715406535893e-09,8.40639853972305e-09,8.952391348287059e-09,9.840393293578745e-09,8.775509492508177e-09,9.762218028197939e-09,1.0692974768548526e-08,1.1358490061806205e-08,1.2144530859294485e-08,1.323168798051308e-08,1.4631969548532323e-08,1.4335002203457047e-08,1.522089591129346e-08,1.6504216761916108e-08,1.9353369659996654e-08,1.8608711763045735e-08,1.8866735189454897e-08,1.9680067444017215e-08,2.090997094251249e-08,2.27094426023727e-08,2.5788456361291933e-08,3.183031356928196e-08,5.066769532846439e-08
natural_gas_pipeline,power,BE-UK,5.096940799837559e-10,4.58136300183833e-10,5.52272314182718e-10,6.004381777440875e-10,6.090341072539102e-10,6.144123329876258e-10,7.042244835642537e-10,7.709163260590306e-10,6.764476657623014e-10,5.444910325456611e-10,9.253612561208134e-10,8.022244956898288e-10,7.32894151906254e-10,8.568452802766903e-10,1.096357801452625e-09,1.190652813394396e-09,1.3469586077070308e-09,1.5645919548403018e-09,1.6267618016023062e-09,1.9602741697765525e-09,2.380851491586632e-09,2.8232119970514936e-09,3.337109514515997e-09,3.961171489776783e-09,4.7357753752226995e-09,5.841341617549608e-09,7.469960893103434e-09,1.0001092124180381e-08,1.4788058296356332e-08,2.883763967345379e-08
natural_gas_pipeline,power,BG-EL,1.0475294634420893e-09,8.249585336704994e-10,8.221791048694346e-10,9.360106521383787e-10,1.0079823073432473e-09,1.0827107923524664e-09,1.1628439163537051e-09,1.2483467599653339e-09,1.3363666669846275e-09,1.4337274822076554e-09,1.5586103824271757e-09,1.664702602114833e-09,1.7979220156530354e-09,1.9184303944497944e-09,2.008245791146226e-09,2.123601651087998e-09,2.2540492206028537e-09,2.3990783575533483e-09,2.5000706159901637e-09,2.5313499945600855e-09,2.6258164923172814e-09,3.087972447086693e-09,3.2361060877639596e-09,3.2092891066657675e-09,3.278213426088247e-09,3.805692724422355e-09,5.269598421977597e-09,8.6717020220096e-09,1.3379290862337549e-08,2.63484572368957e-08
natural_gas_pipeline,power,BG-RO,1.0372363798993324e-09,1.0469844127193596e-09,1.1380744040778513e-09,1.2257932571266945e-09,1.2779247851475303e-09,1.3545226164498077e-09,1.4424778426453836e-09,1.5361893962751545e-09,1.6711148323381321e-09,1.8094669603289626e-09,1.942351438546882e-09,1.8151981925019406e-09,2.1068691794619304e-09,2.486190061277674e-09,2.6836462265155193e-09,2.5131624595976662e-09,1.57847379673143e-09,9.061486703563274e-10,9.869060457431123e-10,2.8126803364242634e-09,3.203781339202482e-09,3.690029750953094e-09,6.041422391930125e-09,7.251821923569928e-09,6.142842181046186e-09,6.227157879247802e-09,8.100764206567192e-09,1.1419196621104323e-08,1.7167083839655142e-08,3.4496129766501414e-08
natural_gas_pipeline,power,CH-AT,4.2336038904105313e-07,6.696006816607872e-08,1.226196210655894e-07,9.608960602213158e-08,5.6394194802677356e-08,4.8752692954299116e-08,4.7390675013650945e-08,4.38049784186315e-08,4.1140805484019744e-08,4.629138839122264e-08,5.397203087555939e-08,5.6175902138696644e-08,8.19143667577755e-08,2.2511825323719036e-07,1.0130166504512078e-07,6.49127830052971e-08,3.7516958136150955e-08,4.439418109237003e-08,5.27557669606711e-08,5.748926280924422e-08,6.944887713920622e-08,6.909609416786558e-08,7.819812713433636e-08,8.417188673175484e-08,8.800622925622463e-08,9.898046392812246e-08,1.0581516272996768e-07,1.2627733915227019e-07,1.651264724129038e-07,2.669516672521604e-07
natural_gas_pipeline,power,CH-DE,6.9661400417896e-10,6.930422811750114e-10,7.376295619322163e-10,7.957192478954471e-10,8.453569941644738e-10,8.983111509222113e-10,9.58013309459013e-10,1.0223782635388985e-09,1.0972292119128026e-09,1.1871105698518045e-09,1.2892685364599103e-09,1.4007756667113073e-09,1.5434861468095673e-09,1.6846707203824859e-09,1.8325876215352796e-09,2.0106317361189252e-09,2.1864844469755835e-09,2.429652295769347e-09,2.701564506445705e-09,2.9416941570247173e-09,3.2979276624183518e-09,3.801777155078765e-09,4.006599792809907e-09,4.124103853742183e-09,4.383572074136171e-09,4.6540503894568785e-09,5.278381300852618e-09,6.57978693398473e-09,9.316431296791604e-09,1.7318895981136726e-08
natural_gas_pipeline,power,CH-FR,8.207525381468098e-10,7.505172481405879e-10,7.482873408220011e-10,8.288352086683273e-10,8.891059075081973e-10,9.530514809482444e-10,1.018591282157288e-09,1.0792262404876989e-09,1.1601216431292032e-09,1.2804313571295852e-09,1.4050178435028322e-09,1.3366105166406196e-09,1.3648894791884742e-09,1.4578221432991888e-09,1.5236231780269969e-09,1.6645406917714589e-09,1.692311611049826e-09,1.7052482052087587e-09,1.6706111211952157e-09,1.883556506423613e-09,2.2515670077672725e-09,3.4649822705738335e-09,1.949973966296423e-09,4.3486382938816745e-09,4.5212498056059815e-09,4.2142137408278425e-09,5.157635080259811e-09,7.174083842493065e-09,1.0876849292283256e-08,2.2826644279890773e-08
natural_gas_pipeline,power,CH-IT,5.953186306048451e-10,5.743496904918889e-10,6.404507541037244e-10,6.688348987134579e-10,7.294714592854406e-10,7.189915783350724e-10,7.963300617858644e-10,8.995627664542141e-10,9.761053924903488e-10,1.0545177718771296e-09,1.1768616033649553e-09,1.2798873015671813e-09,1.380523934393313e-09,1.452315725134729e-09,1.6210509492036294e-09,1.8096853632117502e-09,1.9925043764559554e-09,2.1845048618983946e-09,2.433757446054915e-09,2.7636303738713257e-09,3.1206167866503945e-09,3.5580500617026524e-09,4.156802799502751e-09,4.832285883937816e-09,5.5766670879252945e-09,6.8473110401204095e-09,9.033307127006394e-09,1.2166038250440157e-08,1.8106560616753955e-08,3.665275955703318e-08
natural_gas_pipeline,power,CZ-AT,8.472784421097886e-07,1.0673743509332102e-07,1.003908382259739e-07,2.045757462150015e-07,1.0333850232990122e-07,8.131375884760842e-08,7.204896591338655e-08,6.517544843199891e-08,5.821757571309999e-08,4.9668560737176366e-08,4.177960296988958e-08,3.1023063301007474e-08,2.960254964992904e-08,3.865750845541809e-08,4.8094144659175095e-08,5.7193940408371455e-08,6.49048899752559e-08,8.080219037453612e-08,9.93481631579207e-08,1.2242054530582754e-07,1.6215428116312745e-07,2.3479321466715752e-07,1.9359558948954198e-07,1.9163447386775196e-07,2.0503428382476758e-07,2.3506270085652886e-07,2.2541881308119007e-07,2.477956349896682e-07,2.9671470382351076e-07,4.657161586309684e-07
natural_gas_pipeline,power,CZ-DE,8.714345095848739e-10,8.812030755677123e-10,7.551737816568631e-10,9.069114371224303e-10,1.0034954273415085e-09,8.608239178727345e-10,8.66916186033762e-10,1.1755074084559783e-09,1.2808650626331804e-09,1.3746836573861846e-09,1.5714700423963066e-09,1.4631571332199757e-09,1.6457069731312676e-09,2.002267225394456e-09,2.261029424393995e-09,2.506955184549755e-09,2.804039973423666e-09,3.1051815991685076e-09,3.45180467346456e-09,3.890230707761645e-09,4.408184123215414e-09,5.013125187918572e-09,5.7677800436150335e-09,6.768150643691814e-09,8.116617107341274e-09,9.93638598327781e-09,1.2705927152560239e-08,1.7292553984017367e-08,2.6130009400288093e-08,5.223032731364649e-08
natural_gas_pipeline,power,CZ-PL,3.9325381308613075e-09,2.086501996211526e-09,1.5544620947610945e-09,7.063997061383326e-09,3.758395460734763e-09,3.3152033704057766e-09,3.672476567377239e-09,1.0405931597218076e-08,2.7455974059952708e-09,2.5907733262443915e-09,2.9570750808951834e-09,2.7542828545882325e-09,2.8061161877824214e-09,3.554128926361057e-09,3.6023049419290513e-09,3.5054112207531557e-09,3.4164645295727663e-09,3.1520611086861673e-09,3.4238883734831573e-09,2.582775970039057e-09,3.2318932912806643e-09,3.0835281305084792e-09,3.380998702991134e-09,3.7150658130008903e-09,4.0929062669033e-09,5.0128159792878045e-09,6.645600149316665e-09,9.32003110888304e-09,1.560000826810595e-08,3.584008534131779e-08
natural_gas_pipeline,power,CZ-SK,9.983184285972218e-10,1.022261707855898e-09,1.0633057376865156e-09,1.1512895348963373e-09,1.2232991823977788e-09,1.2702770875226304e-09,1.3360288340613846e-09,1.4887801446056113e-09,1.630050576220902e-09,1.7598802054992431e-09,1.9441615001716955e-09,2.1486445205689543e-09,2.333479700055949e-09,2.4976188174050707e-09,2.752983323470315e-09,3.045370416459264e-09,3.3434659118786223e-09,3.652580447670086e-09,4.080394844292351e-09,4.631477854323039e-09,5.247258430133776e-09,5.969231465458471e-09,6.942409137017749e-09,8.138159470430539e-09,9.553986112184448e-09,1.1524383786304798e-08,1.5053581950081158e-08,2.0579482897189686e-08,3.09127686994957e-08,6.229946048362531e-08
natural_gas_pipeline,power,DE-AT,7.338398553081426e-10,7.600535167950257e-10,8.262026060851471e-10,8.955023451056474e-10,9.41000899378257e-10,1.0093940459712718e-09,1.069335270763658e-09,1.1208747068802203e-09,1.2210918694621637e-09,1.3342335248731468e-09,1.4442912143623516e-09,1.528129149749216e-09,1.6563386064872167e-09,1.8122182961203594e-09,1.9820715543491982e-09,2.182197700477286e-09,2.417262825984831e-09,2.678862413708626e-09,2.974867402877291e-09,3.3277447662939673e-09,3.74390883477492e-09,4.265120705737637e-09,4.8877618144737895e-09,5.688900656455087e-09,6.8150644116683115e-09,8.506347385072035e-09,1.0960059059800502e-08,1.4921719114203403e-08,2.2490074514057902e-08,4.421970232696218e-08
natural_gas_pipeline,power,DE-BE,8.532212204406406e-10,8.619037664284935e-10,8.867694473485678e-10,9.637578959933887e-10,1.0386825738904085e-09,1.1138353348082826e-09,1.1880134218158247e-09,1.2805036699073763e-09,1.3970447616697615e-09,1.4970248597861815e-09,1.5504871623808597e-09,1.7010791586728841e-09,1.8905331652730536e-09,2.062031522868513e-09,2.229184470851014e-09,2.444083908115655e-09,2.6933999284453344e-09,2.991132001455328e-09,3.3326972527546705e-09,3.730183317240956e-09,4.205552905427949e-09,4.789394982537137e-09,5.483761764843438e-09,6.384404767307324e-09,7.603404738379417e-09,9.430683265692737e-09,1.2209623671542461e-08,1.6692636215891833e-08,2.5277773729772403e-08,4.9929708882702256e-08
natural_gas_pipeline,power,DE-CH,6.794006352124101e-10,6.859159969219773e-10,7.311277515001215e-10,7.957501104123524e-10,8.416737477280264e-10,9.091966467441757e-10,9.53631667064597e-10,1.0049080412169123e-09,1.096499561336477e-09,1.2014554265249402e-09,1.2905515001572573e-09,1.3705080597167069e-09,1.4942370829186865e-09,1.6282137225738431e-09,1.7852693824153907e-09,1.9676123159933307e-09,2.1721695102628044e-09,2.4013631405219204e-09,2.6653488296967077e-09,2.9746133396160533e-09,3.3451248294264126e-09,3.813177281513439e-09,4.373407261334994e-09,5.117747941037228e-09,6.200126614212325e-09,7.692897442550151e-09,9.863781209588426e-09,1.3382618032380108e-08,2.0209000549215937e-08,4.024721048688209e-08
natural_gas_pipeline,power,DE-CZ,8.518492353770012e-10,8.6919212687055e-10,8.085834478681163e-10,1.013715207246131e-09,1.0517813342322088e-09,1.1000903594011699e-09,1.1885886966585387e-09,1.2381488877585506e-09,1.2382246463395812e-09,1.2457101011495652e-09,1.5932304562079612e-09,1.4357664410310533e-09,1.4116797109055708e-09,1.901886518280574e-09,2.10004414044931e-09,2.1985410086994155e-09,2.5528636463771046e-09,2.790919144382602e-09,3.014151955210781e-09,3.62466411115694e-09,4.195409371951222e-09,4.847354613547094e-09,5.692921626611355e-09,6.745767344490739e-09,8.042065877747046e-09,9.88392120807892e-09,1.2693872539518152e-08,1.7101300637742083e-08,2.5573226067006946e-08,5.070436202612745e-08
natural_gas_pipeline,power,DE-DK,6.487505846675538e-10,6.2654762512824e-10,6.608742245293662e-10,7.174773434174448e-10,7.618325010404497e-10,8.155417425455133e-10,8.759795556391856e-10,9.393542808182594e-10,1.0094954935857988e-09,1.0882833174167884e-09,1.1834114213673915e-09,9.616997159133577e-10,1.1420183468261347e-09,1.3075162590369452e-09,1.5645801925350904e-09,1.8049758207368673e-09,2.0120647687429296e-09,2.24726658174423e-09,2.4718466181069994e-09,2.7586199639375526e-09,3.1244804414152674e-09,3.5515976197662484e-09,3.967799289459289e-09,4.431669317491771e-09,4.862176021080949e-09,5.431274993207355e-09,5.762343297513065e-09,6.54563080366031e-09,8.653412840147976e-09,1.64614948465787e-08
natural_gas_pipeline,power,DE-FR,4.122293477606012e-10,4.301231528869799e-10,4.5615058332923283e-10,4.659666458397266e-10,4.935707554369912e-10,5.430055534463355e-10,5.596341508586846e-10,4.1680734440424223e-10,4.3302516358265634e-10,6.628241559796431e-10,6.866083386382597e-10,5.40878949420239e-10,7.004210506716245e-10,7.896482352447868e-10,8.345041676867818e-10,9.570220186485407e-10,1.067880669665765e-09,1.1735021200341217e-09,1.4307545494738642e-09,1.7493857541065789e-09,2.030653471809043e-09,2.3697355983313256e-09,2.759962422243285e-09,3.2247147834810146e-09,3.876725107196024e-09,4.7647135547393715e-09,6.010777563935722e-09,7.987157970304193e-09,1.1799027167025767e-08,2.3493134959499603e-08
natural_gas_pipeline,power,DE-LU,1.0251838576361128e-09,1.0076769772516409e-09,6.858590217635653e-10,8.540196358761353e-10,9.22191512426746e-10,9.753927461961284e-10,9.75081382129432e-10,9.277489720671949e-10,9.67288011301476e-10,1.1387275874567965e-09,1.457475855849654e-09,1.5531224022238708e-09,1.7925898706767704e-09,2.017177660229752e-09,2.1470254665003747e-09,2.3614185412460392e-09,2.7619879573641645e-09,3.055498663532999e-09,3.3147413069385424e-09,3.5605346830788346e-09,3.790882005191371e-09,4.159608813056775e-09,4.540706256851958e-09,5.199338253699061e-09,6.159745132364141e-09,7.2349880336596585e-09,8.743220012075603e-09,1.1469220182077032e-08,1.697645106320514e-08,3.47973090716626e-08
natural_gas_pipeline,power,DE-NL,4.969968427229833e-10,9.927780871808172e-10,1.0309613476815705e-09,1.1127286131819568e-09,1.1676198753942913e-09,1.2571575840388496e-09,1.353141582806661e-09,1.4478145052651764e-09,1.5420136326222423e-09,1.670222871865432e-09,1.8308852092577233e-09,1.973346875352551e-09,2.1422007872892236e-09,2.3561298942623156e-09,2.588817619222052e-09,2.7876467614820885e-09,3.0179607547662937e-09,3.4294473952452595e-09,3.81452655570296e-09,4.237769296925671e-09,4.7898462022988424e-09,5.4887721278008535e-09,6.335232910446464e-09,7.399282639367715e-09,8.795828636270103e-09,1.068387304432789e-08,1.3447855751842088e-08,1.7991247022082078e-08,2.686901340622165e-08,5.431325909458794e-08
natural_gas_pipeline,power,DE-NO,1.1098733964119583e-07,1.1606874249033132e-08,8.374221172225032e-09,1.0695853142509556e-08,9.14972999514505e-09,8.584538677954994e-09,8.53204235337432e-09,8.757470957602197e-09,9.127053271559643e-09,9.691284786587186e-09,1.0675846544543846e-08,9.186242046871865e-09,1.0247195499039574e-08,1.1185005747622881e-08,1.2158740055498646e-08,1.2927791048447588e-08,1.4008306760591796e-08,1.5320070654507315e-08,1.523663298643717e-08,1.6334608873563215e-08,1.8019268426377126e-08,2.081798286345025e-08,2.013675466934794e-08,2.053287985721806e-08,2.164811752222606e-08,2.3047687753165575e-08,2.526106702709215e-08,2.8479137345328398e-08,3.4884205151124746e-08,5.5510644527583814e-08
natural_gas_pipeline,power,DE-PL,9.494856506571766e-10,1.057193506221256e-09,1.212907001001221e-09,1.36035881794014e-09,1.4372790569590539e-09,1.4958724897836173e-09,1.559137276299885e-09,1.7002614337796627e-09,1.647558927536745e-09,1.716498410126688e-09,1.8703025028778706e-09,1.9510389245410326e-09,2.0116789621439477e-09,2.062572304760213e-09,2.2140803076636153e-09,2.3750453662950024e-09,2.588112801544905e-09,2.7620125776707007e-09,3.0949897255452437e-09,2.858743707358726e-09,3.2819717886293492e-09,3.2600604492915894e-09,3.732213493808215e-09,4.290365851850324e-09,5.014463108468602e-09,6.298342106240714e-09,8.301988901885297e-09,1.1336749809971471e-08,1.7310861049423526e-08,3.427313918480191e-08
natural_gas_pipeline,power,DE-SE,1.381549095139316e-07,1.367140392727324e-08,9.527629641963771e-09,1.3291655690224004e-08,1.1269162772300933e-08,1.0509423425608447e-08,1.0429527161153586e-08,1.0925244176251013e-08,1.1464985091076381e-08,1.1901655533600838e-08,1.3374593782557476e-08,1.1760373142986772e-08,1.331164005084394e-08,1.4672483771100547e-08,1.6084863355919963e-08,1.7770787348883735e-08,1.997121304525669e-08,2.1300244726911242e-08,1.9891508903723614e-08,2.0341314450594953e-08,2.281177620144389e-08,2.668329862699286e-08,2.5011430321839502e-08,2.527149041918557e-08,2.7087563878309705e-08,2.923901986054507e-08,3.2390630889660936e-08,3.6672366699523804e-08,4.510377418914946e-08,7.13027881802212e-08
natural_gas_pipeline,power,DE-UK,2.1125563328039585e-07,1.8541404078532928e-08,1.105378985040623e-08,1.5820988826666506e-08,1.4124409868016482e-08,1.3492909360820913e-08,1.3846386786712493e-08,1.4225811735684409e-08,1.4393022293461667e-08,1.453070627172303e-08,1.676248027954234e-08,1.4003716680610132e-08,1.6411211712257775e-08,1.875054194059915e-08,2.0699629502882552e-08,2.126611474632715e-08,2.2041450351071916e-08,2.4020244838737713e-08,2.4795033802631082e-08,2.6690689563959838e-08,2.904745635193498e-08,3.4154534253026675e-08,3.417743157061471e-08,3.546328989243881e-08,3.7824815898709256e-08,4.0540218467444596e-08,4.472886344647383e-08,5.047210025360103e-08,6.189360691189821e-08,9.873728105972987e-08
natural_gas_pipeline,power,DK-DE,1.3984058482558703e-09,7.95181040121886e-10,4.648005741681226e-08,8.057964721779831e-10,8.024479261009594e-10,1.3795623998329648e-09,1.2771509188435085e-09,1.2453961578558169e-09,1.2857635020563195e-09,1.4405846684517062e-09,1.6100102455004764e-09,1.2940820154935139e-09,1.3505271443680399e-09,1.4389652195906505e-09,1.6045647504750035e-09,1.789754279092093e-09,1.98709707218329e-09,2.2735418923270054e-09,2.70851002937895e-09,3.558987236327898e-09,6.974526239587813e-09,8.388752172004291e-09,1.3264205877815142e-08,2.412869456313278e-08,3.219297755388538e-08,4.560983174226324e-08,4.194097336179471e-08,5.915628678141015e-08,1.874832319312613e-07,0.028126926262827097
natural_gas_pipeline,power,DK-NL,4.4387238437089893e-07,6.436899218990862e-08,3.562972169901882e-07,4.908650488435271e-07,1.3542608599474525e-07,6.48651483774963e-08,4.136371144640788e-08,2.3091309735696333e-08,1.4931430636512108e-08,1.2550480967088099e-08,1.0722098676499714e-08,7.873778414042043e-09,6.71983665090055e-09,7.3718587014050715e-09,9.001381335392327e-09,1.0672282618744983e-08,1.1703938854374306e-08,1.291334178356026e-08,2.0723700727680686e-08,4.095450324738538e-08,1.4046113652009373e-07,1.3167479296208128e-07,2.0778706974632263e-07,3.7328894000809816e-07,1.6360730696926212e-07,1.6140802177889593e-07,1.0308811056051433e-07,1.2482335649210735e-07,2.0253175880507803e-07,3.968479254770827e-07
natural_gas_pipeline,power,DK-NO,1.6066807511408904e-07,1.9989705400748477e-08,1.729855134000724e-08,2.013999331070034e-08,1.5486103650010407e-08,1.3795475658548902e-08,1.34994952511843e-08,1.3800532593617607e-08,1.434999524237677e-08,1.5127549938058777e-08,1.6625527410908108e-08,1.4243708190964884e-08,1.56502308005297e-08,1.7096506871287017e-08,1.8598308763720892e-08,2.006535670704928e-08,2.1895016521329767e-08,2.3998383013525704e-08,2.5054833149630122e-08,2.867254695235535e-08,3.5489038613022215e-08,4.2521070023786e-08,4.0665521618322e-08,4.0062015793712613e-08,4.0718746329318695e-08,4.264555791602638e-08,4.4827158028715614e-08,4.993680813555207e-08,6.111842130287037e-08,9.840936645583e-08
natural_gas_pipeline,power,DK-SE,3.784435237701724e-10,3.601310909260393e-10,3.963408451583711e-10,4.274112532549892e-10,3.971426944812218e-10,4.657759579531777e-10,4.869124908837833e-10,5.076197692313984e-10,5.656207757876439e-10,6.208142356535555e-10,7.037656973182932e-10,7.4746939304379e-10,8.359962346302131e-10,9.365942873056997e-10,1.0412598956025314e-09,1.1322021434261965e-09,1.2486124625506853e-09,1.391181435342207e-09,1.5389293918241712e-09,1.714301665410158e-09,1.9472470506489507e-09,2.2462731489959513e-09,2.584838496877394e-09,3.0445117014704583e-09,3.6336056916524747e-09,4.395505241304616e-09,5.586313280839108e-09,7.648835964021361e-09,1.154955672610907e-08,2.29077884251756e-08
natural_gas_pipeline,power,DK-UK,2.58478423954063e-07,3.46429720837063e-08,4.074380580515214e-08,3.772923473349975e-08,2.3452906492084623e-08,1.8645611706831963e-08,1.8216695788231684e-08,1.7455477554809985e-08,1.5935457063890537e-08,1.4591104457084758e-08,1.6647469972252916e-08,1.598210101155592e-08,1.8244432200826846e-08,2.0228908722846974e-08,2.1822366636353972e-08,2.2488131093299728e-08,2.270584126721966e-08,2.442384002746857e-08,2.864929275536559e-08,3.422449046707333e-08,4.2623032963517885e-08,5.3323488431456505e-08,5.502043163228962e-08,5.580713212491546e-08,5.713150548948247e-08,5.994121157675317e-08,6.288220253527638e-08,6.988357843431464e-08,8.591289757430556e-08,1.3836306536228878e-07
natural_gas_pipeline,power,EE-FI,5.162454834804904e-10,4.882008048708033e-10,4.958561323949567e-10,5.484720830972553e-10,5.83642930661592e-10,6.25257063924248e-10,6.779039332240981e-10,7.337947353054662e-10,7.933969067045197e-10,8.562240446364337e-10,9.270918193368384e-10,9.718801329990156e-10,1.0549823114069843e-09,1.1537541397259796e-09,1.2652831318096006e-09,1.3764399631255984e-09,1.4706051220455475e-09,1.5420278705543884e-09,1.625746348176068e-09,1.772117592714578e-09,1.9220012518769722e-09,2.077005561799231e-09,1.9963406915734912e-09,2.106184734262952e-09,2.337164778042322e-09,2.566276589626799e-09,2.992737700136467e-09,4.04190844362124e-09,6.8454967435204194e-09,1.4435154727923485e-08
natural_gas_pipeline,power,EE-LV,1.618636120142005e-09,1.6182259123223454e-09,1.7201134303232528e-09,1.8599494341335548e-09,1.9564675824507702e-09,1.891461177515474e-09,1.8226281089907145e-09,1.934522826707182e-09,2.13742389711699e-09,2.2525845781111767e-09,2.2203351968571785e-09,1.722247289035065e-09,1.5332551643933848e-09,1.9169209968296268e-09,3.1136278364880753e-09,3.2941521383706174e-09,4.636803511089604e-09,5.585680865949203e-09,5.2072230511061314e-09,4.78415899141149e-09,5.350926189495059e-09,6.252564462288609e-09,7.695633605000906e-09,8.94735973871063e-09,1.0841506638563622e-08,1.4663821168404024e-08,2.0864966312318975e-08,2.8284721131008103e-08,3.7745683845297086e-08,6.315381114258471e-08
natural_gas_pipeline,power,EL-BG,8.038657759079572e-10,8.159269646037607e-10,9.274489194771473e-10,9.652401833557752e-10,1.0172914693586303e-09,1.0853100608278617e-09,1.1515641013023609e-09,1.1787328314103937e-09,1.3359924062761917e-09,1.462489360078516e-09,1.6035086323046694e-09,1.655092438195264e-09,1.4988293299136384e-09,1.645118742512489e-09,2.0909022113329e-09,2.2542980417978067e-09,1.9866660535901637e-09,1.6500206952971377e-09,1.6396438648557716e-09,1.6968438433360397e-09,1.8963907538433265e-09,1.7806678596143984e-09,1.958298070866388e-09,2.400391566934067e-09,3.6438898650049834e-09,4.814676904608049e-09,6.2206005164062986e-09,1.0930279299995069e-08,1.42463819632366e-08,2.1750543644601996e-08
natural_gas_pipeline,power,EL-IT,3.3964936615536093e-10,3.4303828338709215e-10,3.4341400651928817e-10,3.7701223666036837e-10,3.8654246389226486e-10,3.0685530572733214e-10,2.958037090149746e-10,3.88028324789319e-10,4.670128002661824e-10,4.775456022034381e-10,5.550663694202604e-10,4.5369695437960604e-10,5.105150624102712e-10,5.494861799416449e-10,6.282536892344005e-10,7.246251209783472e-10,8.154215673289102e-10,1.0626038840682702e-09,1.2494886292002291e-09,1.4549624872027877e-09,1.706978455379632e-09,1.9615535360032326e-09,2.2331697333053106e-09,2.6383202752566226e-09,3.1662953512692117e-09,3.844740205416647e-09,4.791601230400019e-09,6.394694349547095e-09,9.573348500358442e-09,1.8672169291496593e-08
natural_gas_pipeline,power,ES-FR,3.9560700703420777e-10,4.151423576659849e-10,4.746758563875206e-10,5.329139903659162e-10,5.038951859894181e-10,5.212193550818748e-10,5.765845965936772e-10,6.339593195078649e-10,6.800468632754021e-10,7.274689303573347e-10,7.790553094856696e-10,8.300637663258165e-10,8.965375801012363e-10,9.6819927932228e-10,1.0702331459900008e-09,1.1753987892869427e-09,1.2874651596352728e-09,1.4146035566943888e-09,1.5793105349614025e-09,1.7806324406989765e-09,2.0252232882583507e-09,2.2654218584155672e-09,2.6821098933327616e-09,3.1806420822815813e-09,3.817761842337188e-09,4.6898028678670815e-09,5.9766031033363275e-09,8.068591257762278e-09,1.2044822821231876e-08,2.34745119235674e-08
natural_gas_pipeline,power,ES-PT,9.114605719467117e-10,9.347612403131579e-10,1.003442053360351e-09,1.1020631740569316e-09,1.1542171913999472e-09,1.231901211168916e-09,1.3122903314536434e-09,1.406662223741518e-09,1.5181699407762334e-09,1.6334450085451238e-09,1.749293984266999e-09,1.8722067944682767e-09,2.031689196749917e-09,2.184816247920043e-09,2.318676119127124e-09,2.5442113853012113e-09,2.6452299984320076e-09,2.5108977920425012e-09,2.459261388913502e-09,2.546623756075836e-09,3.0867662262225156e-09,3.3594829657752857e-09,3.331697956599128e-09,3.2738165845213045e-09,3.6521830136314346e-09,4.950128879701839e-09,7.37412162385455e-09,1.162903214160812e-08,1.5849469713915935e-08,2.5890058017188553e-08
natural_gas_pipeline,power,FI-EE,1.168109996426812e-09,9.927580429396774e-10,1.7129243395066654e-09,1.6601031555014933e-09,1.0643247791428867e-09,9.31921738586904e-10,9.659155420999453e-10,1.0209103276343763e-09,8.731237392600921e-10,8.628245480562567e-10,8.703840796664626e-10,7.940249611641757e-10,8.338098957135865e-10,8.780769932757464e-10,9.09364423818443e-10,9.66819375005388e-10,1.0468223130053147e-09,1.115585221841497e-09,1.20158754764985e-09,1.3255135612466076e-09,1.470267200443645e-09,1.5679992318679023e-09,1.842448475688827e-09,2.162202662315064e-09,2.5165789620798385e-09,2.9169028569522473e-09,3.3869856346171574e-09,4.324055467537971e-09,6.4869319498675695e-09,1.3759658574449948e-08
natural_gas_pipeline,power,FI-NO,5.012667539429007e-07,4.190091828729825e-08,2.4428906694132383e-08,4.121341673261057e-08,4.356059869490766e-08,3.9247641757604694e-08,4.0847515649641154e-08,4.6271597590511586e-08,4.427774962673795e-08,4.498115050760044e-08,4.7647791414126307e-08,4.528114535502778e-08,4.912269272164241e-08,5.323056016928445e-08,5.6233492949832634e-08,5.9578055492282414e-08,6.359866000469509e-08,6.821744208473463e-08,7.206958575280632e-08,7.378018452348908e-08,7.279614652638056e-08,6.974250816568504e-08,8.386095814591509e-08,9.630785803477726e-08,1.1238454224874859e-07,1.3561186670412692e-07,1.443809519418272e-07,1.5384273090220535e-07,1.802260647598525e-07,2.7685434160130246e-07
natural_gas_pipeline,power,FI-SE,5.889571512323933e-07,2.283081041846914e-08,1.6100309274562737e-08,3.758534098451239e-08,4.905508381734189e-08,4.303814621885881e-08,4.6598819049512746e-08,7.900687212265232e-08,6.04675635078877e-08,4.9423877219079556e-08,6.010390603659093e-08,5.519843060256395e-08,5.823188192478126e-08,6.848745567588452e-08,8.393626208246262e-08,1.0751246819359958e-07,1.1970885131718265e-07,7.755820493853261e-08,6.424872780543014e-08,4.2733617324330925e-08,3.4108181403622196e-08,2.475385504046264e-08,3.7066508613833175e-08,5.0472004229833534e-08,7.236614976065213e-08,1.0704689215795108e-07,1.274843518282199e-07,1.4187528504566714e-07,1.6923062805407645e-07,2.6075464552377713e-07
natural_gas_pipeline,power,FR-BE,7.02943266523e-10,7.295782875075379e-10,7.866654067452913e-10,8.788494155996681e-10,8.793583092795843e-10,9.592768530529897e-10,1.0148042973109458e-09,1.0890235285938732e-09,1.1728026769455687e-09,1.2706255727285023e-09,1.3849705486092259e-09,1.4802467230233573e-09,1.6082079619547258e-09,1.7468391711762812e-09,1.901266656044251e-09,2.0771435126063144e-09,2.2806734535021467e-09,2.5070717525591424e-09,2.7830108481465126e-09,3.149874841156527e-09,3.5855376742904934e-09,4.111148464794825e-09,4.759617508979627e-09,5.572076499195536e-09,6.657917095237247e-09,8.165136070905642e-09,1.03885779122913e-08,1.4002590284856007e-08,2.1108021334095622e-08,4.0850266965407175e-08
natural_gas_pipeline,power,FR-CH,7.680703905731813e-10,7.8714014512746e-10,8.89870794037147e-10,9.8376503150127e-10,1.1833059609555894e-09,1.4449048608276854e-09,6.310168481310962e-10,1.2115322606841197e-09,1.2596811835544292e-09,1.3402697469005785e-09,1.4348521457784473e-09,1.5315787457452741e-09,1.6597517740651154e-09,1.8004511654120956e-09,1.9641275016551408e-09,2.13919297723347e-09,2.3403606645441663e-09,2.579554903919754e-09,2.85638081453156e-09,3.1549116783579007e-09,3.466247467509352e-09,3.92813855816758e-09,4.663947341952538e-09,5.559595439783709e-09,6.703761195583676e-09,8.236975748713843e-09,1.0319257426363544e-08,1.3251668360129478e-08,1.8369437462957277e-08,2.999712644824612e-08
natural_gas_pipeline,power,FR-DE,4.2984904449174296e-10,3.8510062458987376e-10,4.788202954733071e-10,5.179348354776192e-10,4.820464417768529e-10,4.1487203491566325e-10,4.214759502505886e-10,4.74506957598334e-10,4.0142842465705763e-10,3.2964744479943743e-10,3.60206743192986e-10,4.1362329917597987e-10,5.112895816516055e-10,8.056068888378471e-10,1.0613907208196093e-09,8.457503114596059e-10,8.748806545107262e-10,1.0968151046568956e-09,1.1912990148728173e-09,1.128057492011701e-09,1.227393007122557e-09,1.51879430325841e-09,1.9829387744673e-09,2.594978088954441e-09,3.234877563042803e-09,3.790367145470708e-09,4.206810362831446e-09,4.975282195826336e-09,6.798138551089033e-09,1.3082749101369442e-08
natural_gas_pipeline,power,FR-ES,3.873818006591944e-10,4.094529001030744e-10,4.295583395404889e-10,4.6188588180885493e-10,4.937061840513963e-10,5.259790410237428e-10,5.585129179630763e-10,6.016927321407201e-10,6.538960380324586e-10,7.094952167491865e-10,7.719109255475469e-10,8.318129497707806e-10,9.020547305643825e-10,9.553975515517671e-10,1.0434189761104058e-09,1.1771491301262572e-09,1.2931397203432321e-09,1.4098907457408175e-09,1.5522393720455596e-09,1.7505315562181874e-09,1.9957729302461516e-09,2.2855724709472236e-09,2.610008543299935e-09,3.009355231182395e-09,3.5262014642306694e-09,4.2362979230977635e-09,5.252232723936321e-09,6.956783840077958e-09,1.073034339401708e-08,2.1846998473107774e-08
natural_gas_pipeline,power,FR-IT,1.9313162359035213e-07,2.4471640240035565e-08,2.516568938916485e-08,3.947499018297991e-08,2.2147844956711955e-08,1.8465690642824314e-08,1.7534138518593633e-08,1.6958473014419648e-08,1.6831733892622003e-08,1.7152999095569653e-08,1.72850279591461e-08,1.1549225129363549e-08,1.0952350193153969e-08,1.3783365942839792e-08,1.783786304204889e-08,2.326478219926479e-08,3.092985358430542e-08,4.405234637395661e-08,3.257069781180031e-08,2.6161065488027382e-08,2.1065354447071524e-08,2.0279570088817756e-08,2.4550486825803834e-08,2.8514602647172724e-08,3.231966534911745e-08,3.639970641085157e-08,4.105115885947431e-08,4.7869577948071635e-08,6.064723191105314e-08,9.794098056486928e-08
natural_gas_pipeline,power,FR-LU,4.4389795424775204e-07,5.726274535800305e-08,5.830884234352831e-08,1.096648746489556e-07,5.22602711043698e-08,4.597491729984338e-08,4.351494128707292e-08,3.871881170918204e-08,3.4889427195671635e-08,4.049377278342222e-08,4.610043055814747e-08,3.935629804187841e-08,3.957525849203352e-08,5.2688072034236256e-08,6.505403132900038e-08,8.836807385645313e-08,1.3392802046015645e-07,5.433930463505104e-07,9.277628817704715e-08,3.3251079949949866e-08,1.9369660096021e-08,1.3869845901590379e-08,1.8180032760166133e-08,2.357030228978504e-08,3.0894554928658604e-08,4.245235797668875e-08,5.840375626394465e-08,8.26319541390382e-08,1.2221776570170394e-07,2.178053959143037e-07
natural_gas_pipeline,power,FR-NO,7.889511996965902e-08,9.131860146702922e-09,7.3636723482057605e-09,9.448733940445398e-09,7.194170641754855e-09,6.458373629310742e-09,6.269035257509057e-09,6.284743853987142e-09,6.432129421080502e-09,6.929588162811872e-09,7.728986547868325e-09,6.486394769116254e-09,7.183891391144435e-09,8.128221600496836e-09,8.900012960191937e-09,9.947383579186074e-09,1.1472644061922743e-08,1.4083398552419296e-08,1.2400966635735035e-08,1.1820308170083119e-08,1.1558160323321848e-08,1.1837659444532534e-08,1.2478523736608685e-08,1.3183380140735945e-08,1.4033844996634783e-08,1.5114410472752584e-08,1.6608019745370453e-08,1.9025530972681547e-08,2.379455563727986e-08,3.795749775751065e-08
natural_gas_pipeline,power,FR-UK,2.0380134864363527e-07,2.2281072948555017e-08,1.780403212446674e-08,2.7233228860039257e-08,1.8076313428708365e-08,1.5827206860306284e-08,1.5481283538522063e-08,1.497766515935764e-08,1.4391919804352757e-08,1.5010073643034403e-08,1.7666230285224824e-08,1.5076643058518368e-08,1.7376722977439815e-08,2.113298320817247e-08,2.3532915428226217e-08,2.681488442636027e-08,3.11637067178282e-08,4.207052804542813e-08,3.281275638133329e-08,2.7800694876889492e-08,2.3799613804213023e-08,2.4969046378809103e-08,2.8812742382834883e-08,3.2219552494228064e-08,3.557146696297754e-08,3.93615436153537e-08,4.3958984263906586e-08,5.100553258089363e-08,6.421564634032299e-08,1.0330703566150898e-07
natural_gas_pipeline,power,HR-HU,9.981688123617526e-10,5.954469478733028e-10,1.0962692815884638e-09,9.772790617112817e-10,6.391023954130667e-10,1.1278829408589596e-09,9.966419268736768e-10,8.694971197386312e-10,9.674567542432385e-10,1.1853565673292035e-09,1.5072251299727949e-09,1.0712066483563177e-09,1.0819530695522335e-09,2.324634783619193e-09,2.7349201801393384e-09,3.0386187193134877e-09,3.146363712676407e-09,3.449286329583658e-09,3.2250221606104955e-09,2.684209741771887e-09,3.049600628391607e-09,4.566206294612285e-09,5.5341716473677775e-09,6.346439215268891e-09,7.046853782423278e-09,7.935518661674826e-09,9.735053860882091e-09,1.3564536358965433e-08,2.0401815613892926e-08,3.970260553591284e-08
natural_gas_pipeline,power,HR-SI,2.1209258616399052e-09,1.6124987245930474e-09,1.1371789760040145e-09,2.0037491824463915e-09,2.6438921890624273e-09,2.9369538426161916e-09,3.022216954355659e-09,2.9948318394571565e-09,2.7129080455483357e-09,2.5442002478027817e-09,2.2412643581851175e-09,1.9760561465106167e-09,2.0522936072363977e-09,2.3693321034295073e-09,2.8671107523517236e-09,3.5078351045601167e-09,4.3534067134047025e-09,5.435729162964475e-09,6.817355393441167e-09,8.39847843109553e-09,9.688511972883985e-09,1.1333932047798045e-08,1.2718071049908188e-08,1.506150874762184e-08,1.822000066928583e-08,2.2524501648108852e-08,2.787592857943931e-08,3.418369154549886e-08,5.0372898533836775e-08,8.656760982690276e-08
natural_gas_pipeline,power,HU-AT,7.32426218997092e-07,3.848255127814227e-08,1.838944743543779e-08,2.008654347317521e-08,3.251144719853607e-08,5.509571463263647e-08,7.654219508081936e-08,1.215150323284111e-07,1.8092562299554286e-07,4.2120485816141346e-08,2.1312797808217638e-08,1.2386610460675546e-08,1.0767730462678621e-08,1.5117052664372343e-08,2.2133262527559557e-08,3.300376224485059e-08,3.9669851641543594e-08,5.490707977892141e-08,9.49590057822459e-08,2.819068655822348e-07,2.8337699495656123e-07,5.4087983712673007e-08,7.511658986594005e-08,1.0187502546991732e-07,1.438203401051061e-07,2.404077638650281e-07,1.7563843076885305e-07,1.9502134389133487e-07,2.1977222494409197e-07,3.4236614221765363e-07
natural_gas_pipeline,power,HU-HR,1.0560893399255593e-09,4.312994370633642e-10,3.8931789877328904e-10,4.718867250989738e-10,4.975037896634009e-10,5.235964027453227e-10,5.289365302616898e-10,4.964818287351042e-10,4.580072819114364e-10,6.214578536588695e-10,1.8446179195252658e-09,9.446377269535788e-10,1.0313108648374092e-09,1.7348676060432855e-09,1.9121474010297165e-09,1.6913015036471367e-09,1.9852940467090805e-09,2.958829744559487e-09,3.0984787069857945e-09,3.726519341541602e-09,4.777286455101416e-09,5.842125020045554e-09,6.533689588518017e-09,6.103371421049838e-09,6.444421428141428e-09,6.908327550387324e-09,7.478558731354978e-09,1.0140840441296784e-08,1.707354721659604e-08,3.684195368429775e-08
natural_gas_pipeline,power,HU-RO,7.393513190257434e-10,7.596259761396045e-10,8.068172188862787e-10,8.694024954962889e-10,9.220860533682527e-10,9.80883758227381e-10,1.0437442997782648e-09,1.0988502991922473e-09,1.1632842227510887e-09,1.2326696055652734e-09,1.3197584554953464e-09,1.2158471129717264e-09,1.2914521893844746e-09,1.2923294504879113e-09,1.3099431514558829e-09,1.3332851316713125e-09,1.4197048671270352e-09,1.5766078101757337e-09,1.7008811229554252e-09,1.7754781075470788e-09,1.9138823419654085e-09,2.368743028317051e-09,3.2241209854990753e-09,4.019986521531827e-09,4.118277746922514e-09,4.539688435614477e-09,5.726228599112848e-09,8.018221963553635e-09,1.2206503535050899e-08,2.613800148818812e-08
natural_gas_pipeline,power,HU-SI,1.032249306363458e-06,1.51832186470071e-08,7.614020126887565e-09,1.0051018187783478e-08,1.414092018062585e-08,2.1449125142538128e-08,3.417786504768946e-08,6.586465958024474e-08,1.4141441528397168e-07,6.549493262352615e-08,4.0424907840652605e-08,2.9693837920647445e-08,2.6024317879843857e-08,3.916664344240307e-08,4.843745808748529e-08,6.586980460827429e-08,7.074625974240055e-08,6.343252531752532e-08,7.940266165448989e-08,1.540046040003195e-07,1.1692381000254442e-07,6.966210699280777e-08,9.011022755990599e-08,1.1103872660009161e-07,1.3660357946558037e-07,1.8122047965637562e-07,1.8848117475847912e-07,2.0341010777269234e-07,2.3089636757159574e-07,3.579160768704731e-07
natural_gas_pipeline,power,HU-SK,1.5534504514191671e-06,2.5888001520911317e-07,1.9603697269320917,1.356013010825645e-08,3.745234674383846e-08,0.2122893147179343,1.189138755959007e-07,0.24463288326177698,3.411864200311779e-07,0.00019802648952481667,0.5943605241242698,0.1749187645237313,0.6523079170501149,0.9292044629583185,0.22732449860601156,0.9349345691625373,0.27859403302907154,0.7315825396417072,0.5630564074665764,0.19666987331698432,1.2809200374691125e-08,6.113725359912988e-09,6.866505290090205e-09,7.922769255431687e-09,9.43840812327211e-09,1.1655257853078566e-08,1.5070279273075264e-08,2.0986504929698187e-08,3.273054220224212e-08,6.913610853520928e-08
natural_gas_pipeline,power,IE-UK,0.1635671695391217,5.914708130309291e-08,4.0778142827417837e-08,3.092825595642515e-09,1.7103732353845424e-09,1.5755125589238793e-09,1.4482643453903616e-09,1.4306948000318167e-09,1.3021516976897344e-09,1.2475969869962015e-09,1.38205832252066e-09,1.3545250530844845e-09,1.4944029476693122e-09,1.8301667309707647e-09,2.212011315181081e-09,2.2448973187806514e-09,2.0927348562384282e-09,2.0962357720368394e-09,2.270666546875247e-09,2.3998533291771177e-09,2.565774467228012e-09,2.749415878847988e-09,3.3911577437872782e-09,4.1692635149192665e-09,5.06108705863297e-09,6.1754127992821106e-09,7.562996476044699e-09,1.0318914887626537e-08,1.5986203268079006e-08,3.382809702053422e-08
natural_gas_pipeline,power,IT-AT,7.573050292454982e-10,8.01871043642064e-10,8.782593448851789e-10,9.44560767347098e-10,1.0119852885889106e-09,1.075721604711797e-09,1.1370360469999628e-09,1.1862321469044772e-09,1.1536806766274194e-09,1.1599274909011832e-09,1.7748672808951823e-09,1.4409599527931831e-09,1.723027529134215e-09,2.0445951730153835e-09,2.375908367900783e-09,2.734669609979821e-09,2.643788755689162e-09,2.0192264018661405e-09,1.755727131099342e-09,1.7213864541506853e-09,1.8662671303143392e-09,1.999182069551434e-09,2.3185279882484585e-09,2.7087366027269006e-09,3.1900953073514193e-09,3.926380489974405e-09,4.891720333051244e-09,6.455883551142808e-09,9.379431646980369e-09,1.833766032354391e-08
natural_gas_pipeline,power,IT-CH,6.21522605260182e-10,6.470509571824942e-10,6.934857080907226e-10,7.551095916460021e-10,8.007507514987451e-10,8.590807278178833e-10,9.212380839324423e-10,9.865903374743827e-10,1.0703178053141571e-09,1.1764812541613492e-09,1.2924575917027125e-09,1.3760283259544195e-09,1.484068292082297e-09,1.6025265262019308e-09,1.7353279126602501e-09,1.8670528490271336e-09,2.0469150812581274e-09,2.2330104722322653e-09,2.4657976050466223e-09,2.7441713167724787e-09,3.0767880335996975e-09,3.3860146269562116e-09,3.933025935178984e-09,4.593109671878326e-09,5.434468399158053e-09,6.598257064263293e-09,8.313856255224184e-09,1.124496924965545e-08,1.714567927862198e-08,3.4620346610410885e-08
natural_gas_pipeline,power,IT-EL,1.8449574107579293e-07,2.2336548735518007e-08,1.9637140667210805e-08,2.3223306212279943e-08,1.766900785745395e-08,1.566742006588798e-08,1.5220618846835706e-08,1.5539866042768258e-08,1.615662132673219e-08,1.747498718360542e-08,1.944434698175284e-08,1.7141148945380707e-08,1.9433126300850366e-08,2.1287102189103034e-08,2.2573255280049373e-08,2.4492549187851498e-08,2.7515525538310412e-08,3.258586620958998e-08,3.1818459404665773e-08,3.5665801294519685e-08,4.327720446310951e-08,5.382398541952162e-08,4.440648044347044e-08,4.224155556417274e-08,4.2641357480259365e-08,4.436062065065029e-08,4.6841783568044406e-08,5.3567957747853704e-08,6.614016219770395e-08,1.0471993670795381e-07
natural_gas_pipeline,power,IT-FR,2.611663276662757e-07,1.7753434620987028e-08,1.0992150832378372e-08,1.075951465346415e-08,1.236500988403728e-08,1.3456304769769941e-08,1.4920701041065675e-08,1.7228935747193754e-08,2.0466717875036002e-08,2.2845559371879413e-08,2.9591588403622147e-08,3.051951054235586e-08,9.335741739367199e-08,8.382162287220142e-08,2.6622178992146002e-08,1.4403202796011784e-08,9.802592334596992e-09,7.923195929894834e-09,1.1463162506435628e-08,1.8418127441376207e-08,3.459444837787474e-08,1.0808085891642566e-07,7.042008153789276e-08,6.546446455988019e-08,6.668908145625173e-08,7.130697502440656e-08,7.688958981470224e-08,8.687554444080678e-08,9.95943535879229e-08,1.5315892937466714e-07
natural_gas_pipeline,power,IT-SI,1.1333781738735162e-09,8.239135885774074e-10,1.4032192679818312e-09,1.4540699562606992e-09,1.178240656748108e-09,1.0742613751119374e-09,1.204019186127961e-09,1.6198144935242114e-09,1.9300817917050115e-09,2.4921056780168078e-09,2.9418737376777703e-09,3.985523897852949e-09,5.488108596196351e-09,8.90520174344739e-08,4.654072396535678e-09,2.2150199561964427e-09,1.8221100297828903e-09,1.9277505237795354e-09,2.059782961653011e-09,2.407590815061945e-09,2.8558343468306494e-09,3.64662873552741e-09,4.318781819220332e-09,5.129128161038453e-09,6.1937465783856335e-09,7.679517496541649e-09,9.800420423396605e-09,1.3294059660781492e-08,1.979032653364991e-08,3.894663316382162e-08
natural_gas_pipeline,power,LT-LV,1.9874273356651565e-09,1.6881995027953041e-09,2.313826026926995e-09,2.497196540587213e-09,2.678961150911791e-09,2.206463623668938e-09,1.9587857240679522e-09,1.9497779498186804e-09,2.364429987980482e-09,2.598965349371365e-09,3.3971326009151664e-09,4.0399137077189954e-09,4.8285410702345375e-09,5.332504838791753e-09,5.772671912435086e-09,4.384039010258991e-09,4.706538639232168e-09,4.982133366091414e-09,4.5438252414903825e-09,4.697028293877327e-09,4.872757129211109e-09,6.30519242246964e-09,8.013852373273123e-09,9.997238559214601e-09,1.2198892353960103e-08,1.5173970587196182e-08,1.8752998595907615e-08,2.428620142912396e-08,3.5411024201222404e-08,7.217073942090052e-08
natural_gas_pipeline,power,LT-PL,1.588955727480016e-09,1.3411315040499182e-09,1.2420616780200082e-09,1.3850754300588424e-09,9.255866168784887e-10,6.480471042574953e-10,5.6920733810787e-10,5.602739192591502e-10,5.242765031547579e-10,5.552361291826727e-10,5.87792845201768e-10,6.023627728825838e-10,6.207761002867282e-10,6.631208256212001e-10,7.338648344936599e-10,8.11243195634553e-10,8.871554705874357e-10,9.53960466313622e-10,1.0737178108338473e-09,1.245152060891618e-09,1.486966980192903e-09,1.6983919420532744e-09,1.892871531394549e-09,2.1772483296923292e-09,2.5811586039754517e-09,3.1942373526425152e-09,4.114551473641568e-09,5.646525226401354e-09,8.821113706159458e-09,1.921760743082825e-08
natural_gas_pipeline,power,LT-SE,2.423558856580654e-07,1.230044095715997e-08,6.870728083101198e-09,1.1359435906854693e-08,1.2676774937788607e-08,1.363665576526999e-08,1.4673204743818588e-08,1.588212476093847e-08,1.639228276205288e-08,1.7277650023771402e-08,1.9457315262674712e-08,1.765814302289119e-08,1.8626631940683683e-08,2.0696944773385545e-08,2.371053334016706e-08,2.6907695646995212e-08,2.960626538359435e-08,2.9791577636000946e-08,3.153079488210567e-08,3.403566165880772e-08,3.644137888024953e-08,4.132683556366158e-08,4.0943869308308816e-08,4.518008543130385e-08,5.020663150853683e-08,5.749252087228408e-08,6.03346587848286e-08,6.499948391395378e-08,7.508039539539936e-08,1.1469626481395554e-07
natural_gas_pipeline,power,LU-BE,1.718942096483545e-06,1.6931924458487976e-07,1.244782833083375e-07,1.6406573991226572e-07,1.4701021466841035e-07,1.4000035673974784e-07,1.3852787119948718e-07,1.4091151840830176e-07,1.4690856591393878e-07,1.5517171117105226e-07,1.685102176539502e-07,1.6162140897094432e-07,1.7809270435477373e-07,1.9081223400280498e-07,2.0320121473357315e-07,2.1166628997895886e-07,2.252634618485699e-07,2.4465840996725754e-07,2.4630198717461667e-07,2.558561639590213e-07,2.707434035033658e-07,3.1001595688477823e-07,3.4591443065989455e-07,4.1655894804336625e-07,4.983036576252302e-07,4.6500567759370413e-07,4.7366792853988904e-07,5.136396251616968e-07,6.130665351865423e-07,9.438122216466082e-07
natural_gas_pipeline,power,LU-DE,6.043799233272503e-07,9.353787429624758e-08,1.5521056810587737e-07,2.819392285422816e-07,1.2417982481033012e-07,1.0243138609023722e-07,9.51099657504522e-08,6.078005459747681e-08,4.003601273204538e-08,5.346801420762664e-08,6.404089141825489e-08,6.125532355387203e-08,6.000398355542268e-08,8.744625123633577e-08,1.0801418981296929e-07,1.3770149395326624e-07,1.5132796405245942e-07,1.8479696187547007e-07,1.8471358158384958e-07,1.7253065953754948e-07,1.5088400832759435e-07,1.2113483064921997e-07,1.5249580327606153e-07,1.9950382406124997e-07,1.8674787422660354e-07,1.5527199444677276e-07,1.267070872359259e-07,1.552544529479101e-07,2.1828502526975777e-07,3.590162790056847e-07
natural_gas_pipeline,power,LU-FR,6.87087319631772e-07,4.106396688799864e-08,2.4772877167828792e-08,2.3701905317744835e-08,3.044335237042722e-08,3.260936396062562e-08,3.570419850410374e-08,4.1513468511302e-08,5.0846748414387825e-08,5.1879146988566466e-08,5.36105573984811e-08,5.5219735573029746e-08,7.156952109211016e-08,5.317375054704238e-08,4.2828577605929075e-08,3.210352360296109e-08,2.6189729300666297e-08,2.2034491320721665e-08,3.128392799928664e-08,4.7503480234153e-08,7.824766522501104e-08,1.8671460938950739e-07,1.3592183965212134e-07,1.4097286696542173e-07,1.5367036055442746e-07,1.4420691999221576e-07,1.4724950948027114e-07,1.5810494337517207e-07,1.8541523841869107e-07,2.873575327483811e-07
natural_gas_pipeline,power,LV-EE,1.5402873967304674e-09,9.833779391605675e-10,1.4533684929106536e-09,1.8375330155670398e-09,1.5464325848008964e-09,1.5440927614754405e-09,1.6976294452123833e-09,1.7962351691469652e-09,1.963035237971404e-09,2.4595032619936265e-09,3.021778459783835e-09,3.2956671533679816e-09,3.5834768462666323e-09,3.803158428916139e-09,3.744263026778603e-09,3.8011577720431145e-09,3.650966242907277e-09,4.067535976113087e-09,5.073185523707977e-09,6.399616934484293e-09,7.497642753037783e-09,9.07159160118551e-09,9.686168511605867e-09,1.1288607153418143e-08,1.3583019384584774e-08,1.6321303526982877e-08,1.951826748105146e-08,2.4032653025181372e-08,3.215680790826479e-08,6.04415380100174e-08
natural_gas_pipeline,power,LV-LT,1.897635104821557e-09,1.566692421964347e-09,2.1767740353877355e-09,2.260889022880062e-09,2.055371419307869e-09,2.160803241942442e-09,2.3741735858755513e-09,2.5702751172946828e-09,2.7044712709675055e-09,2.8847851415852625e-09,3.1630749710011122e-09,3.2189265457461343e-09,3.7109399768252944e-09,4.281742254477066e-09,4.750498164225343e-09,5.197052132027161e-09,5.5703426920219965e-09,6.1402771611443105e-09,6.3838188544454916e-09,6.9054706928280884e-09,7.765170110883593e-09,8.157315135438812e-09,9.462661764639523e-09,1.1053059870714141e-08,1.3118813102440851e-08,1.527415287880418e-08,1.826343327922656e-08,2.358825935659855e-08,3.535368412967859e-08,7.209566332786908e-08
natural_gas_pipeline,power,NL-BE,1.8684504862384714e-09,1.9449123228603823e-09,2.0790641775256667e-09,2.2513703585652935e-09,2.3651294814592966e-09,2.557701996511723e-09,2.7529698016624058e-09,2.9352976877432592e-09,3.1911449848833353e-09,3.5735474755968132e-09,3.731846413490601e-09,7.847049469565323e-10,4.232978829035388e-09,4.813125366765189e-09,5.12315345723075e-09,5.584526360556816e-09,6.164822506375162e-09,6.817276037578423e-09,7.615508291141007e-09,8.541902636143579e-09,9.613813715603031e-09,1.0918179626031463e-08,1.2567392609783997e-08,1.467414415029929e-08,1.747004585738872e-08,2.138455574261982e-08,2.720381793755045e-08,3.6946164766451346e-08,5.7275700204037856e-08,1.171052869652078e-07
natural_gas_pipeline,power,NL-DE,9.196421080573528e-10,8.137522139963874e-10,9.786921048382407e-10,1.059812632632915e-09,1.0903614347762278e-09,1.0614721508158413e-09,1.1266156282540851e-09,1.313804169553083e-09,1.4631946869745571e-09,1.6218928146494422e-09,1.7895489262642051e-09,1.890280807980214e-09,2.0858087621454783e-09,2.293798630635965e-09,2.5116517186136477e-09,2.744039716842125e-09,3.0205614296847967e-09,3.3515028890713067e-09,3.739778019393739e-09,4.193994847065231e-09,4.731470938037206e-09,5.38102834589338e-09,6.2709492511248026e-09,7.379289700896435e-09,8.802642383574855e-09,1.066948863083755e-08,1.352641142951197e-08,1.8575985286244887e-08,2.8272176566502795e-08,5.6258017616323065e-08
natural_gas_pipeline,power,NL-DK,4.4526569867400034e-07,3.475790910401731e-08,1.887500455258424e-08,2.8750615400435316e-08,2.828936705606481e-08,2.9258325230316842e-08,3.0258975420825015e-08,3.192261266990998e-08,3.420533695361585e-08,3.707482862485826e-08,4.1069807632384116e-08,4.111685428064296e-08,4.726324572308286e-08,5.0433193303222996e-08,5.2960756181121765e-08,5.77638968080121e-08,6.588370052271333e-08,8.16539440420892e-08,7.166530374530102e-08,6.766559163861549e-08,6.531925384998378e-08,7.592192952609079e-08,5.99418609104947e-08,6.450119455366156e-08,7.195108268354279e-08,7.967179580112716e-08,9.312565489661546e-08,1.080481857070755e-07,1.3386202711643154e-07,2.1052377800693077e-07
natural_gas_pipeline,power,NL-NO,1.1224946832985694e-07,1.2620612984560219e-08,9.521819901725553e-09,1.1701025192791091e-08,9.65052589353609e-09,8.930476947999034e-09,8.820292122612752e-09,9.037045627736355e-09,9.435417015984276e-09,1.007512445305648e-08,1.1175513902574546e-08,9.734964817474362e-09,1.0961101140325196e-08,1.2111557489999202e-08,1.2792667818844836e-08,1.3631144683338967e-08,1.4868343024991148e-08,1.6503378209722982e-08,1.6070571591995904e-08,1.70992932242144e-08,1.877750706442961e-08,2.21791715982682e-08,2.121759271570846e-08,2.1578773354303755e-08,2.2771991000909476e-08,2.425473489150046e-08,2.6627641938186828e-08,3.0020635911218484e-08,3.6568733352989154e-08,5.7915532418609635e-08
natural_gas_pipeline,power,NL-UK,5.40739878374644e-10,5.35395293808345e-10,4.94145099400618e-10,5.87391622357058e-10,6.114845108419073e-10,6.421027646863643e-10,6.618824918793504e-10,6.842633265688428e-10,7.768674841321041e-10,9.228111396444122e-10,1.0307407319064092e-09,1.0635596148910237e-09,1.2135369196792509e-09,1.3558095498052841e-09,1.472077057437644e-09,1.6065925338115666e-09,1.8056208044825257e-09,1.999702539517062e-09,2.190902077761436e-09,2.46695114903705e-09,2.8243999451129035e-09,3.2304359488012823e-09,3.7456189651463795e-09,4.39481514001413e-09,5.153176773999046e-09,6.2420619139499945e-09,8.09451234210063e-09,1.095202045313591e-08,1.625881327297068e-08,3.256861918827511e-08
natural_gas_pipeline,power,NO-BE,1.7679930692816357e-10,1.9729434952687214e-10,1.9835885655572003e-10,2.0592739122665178e-10,1.9424043619993282e-10,1.9160090430300122e-10,1.9523533131562275e-10,2.0592597586501543e-10,2.1679304143543816e-10,2.201185882263964e-10,2.112377225463807e-10,2.374588640810766e-10,3.325558920795515e-10,4.2386098159258324e-10,4.693867428212005e-10,4.6000511180742327e-10,4.445803550950281e-10,5.483899742389586e-10,6.548518717053228e-10,6.527306042022743e-10,5.410869247013917e-10,6.213069095595889e-10,8.053918190330183e-10,8.734998274855901e-10,9.800576064199453e-10,1.2465989934530045e-09,1.5819082523518997e-09,2.089374556082785e-09,3.0766252282169845e-09,6.237911916393309e-09
natural_gas_pipeline,power,NO-DE,2.48926461040112e-10,2.5824489240571067e-10,2.6652450175596094e-10,1.62221351954865e-10,1.2571888622387023e-10,1.7555953177464441e-10,2.6270087775584424e-10,2.8681688943316714e-10,3.1134776540872347e-10,2.935103176987388e-10,1.6920117946265797e-10,1.597939400382041e-10,3.7706964073221136e-10,5.325347715316776e-10,2.7202840949720585e-10,4.226927669447487e-10,5.32500276940314e-10,2.656329446048376e-10,2.6141376631396694e-10,5.28602760353145e-10,7.4874502885234e-10,9.31907362855468e-10,1.1089194810794344e-09,1.2635848484737022e-09,1.3105993438301756e-09,1.4444016671663194e-09,1.7104904426230477e-09,2.226457199680138e-09,3.338130438594828e-09,6.986027260857902e-09
natural_gas_pipeline,power,NO-DK,3.0335671706562806e-10,3.1262923903844934e-10,3.494387918687963e-10,3.6981493093623774e-10,3.915891748890203e-10,4.186149587372331e-10,4.453669006325814e-10,4.718479397486782e-10,4.998040570552154e-10,5.352153403209203e-10,5.793652546532883e-10,6.122408567268257e-10,6.710414587928622e-10,7.322375594531509e-10,8.069539954042278e-10,8.939118772829081e-10,1.0022962272104832e-09,1.1267465426602738e-09,1.251319708295924e-09,1.3972917478912964e-09,1.5406063362327787e-09,1.7128533768184496e-09,2.0208816415097916e-09,2.4092142027971843e-09,2.8698329409740425e-09,3.46415738495486e-09,4.342039597393581e-09,5.846145630488612e-09,8.791436546329398e-09,1.7365984204647838e-08
natural_gas_pipeline,power,NO-FI,0.0809333919102202,7.240930462809539e-09,9.076677066546653,6.134524201625577e-08,0.7338224399352858,3.803180472187151e-06,1.0158034941740751e-07,1.2015594515413126,5.131255658065918e-08,3.8499500175688676e-08,0.051843377597803116,5.058562031469234e-06,3.153383691702256e-08,1.6901890833811467e-08,4.314898606789103e-08,6.737881285134099e-08,0.2428062928150996,1.3424099599035674e-07,0.9786812722196027,2.0661681612120083e-08,7.885705517616041e-08,5.457168864778892e-09,6.123183767064097e-09,6.786062737499389e-09,7.547837846188376e-09,9.233808547599232e-09,1.1855843376418993e-08,1.532453005958219e-08,2.264318346516437e-08,4.5612183158323594e-08
natural_gas_pipeline,power,NO-FR,1.4329263123730558e-10,1.3231641411470247e-10,1.5477678840446665e-10,1.525046773389655e-10,1.710003476278468e-10,1.4571933142204032e-10,7.94163015023061e-11,6.031191035944867e-11,8.693128081264854e-11,1.8692176102014e-10,2.783805715251018e-10,1.7906949644771456e-10,2.6884800094666493e-10,3.0105992293280753e-10,2.9453304324642475e-10,3.086090753049363e-10,3.3255669502361797e-10,3.7069335637152516e-10,3.9501732800347406e-10,4.1946468904936084e-10,3.9704748382064326e-10,4.912621881600022e-10,7.333045498761757e-10,9.858940351960851e-10,1.136833119325593e-09,1.2184720238180338e-09,1.4545014188153117e-09,1.877736191611594e-09,2.5187510980386528e-09,4.645727667766726e-09
natural_gas_pipeline,power,NO-NL,2.1612644427551256e-10,2.1926533517062902e-10,2.3470726713734555e-10,1.5762221394914992e-10,1.2569241471570843e-10,2.2512913648050492e-10,2.9034677352330765e-10,2.3969828562242526e-10,2.7063350644823896e-10,3.042145718188955e-10,1.8879416828789355e-10,1.1282749785795571e-10,1.9091242467045493e-10,3.109134748871141e-10,4.763350817919307e-10,5.026242415754133e-10,5.960296895039911e-10,6.803794190577796e-10,6.37581756330513e-10,6.485824628493702e-10,6.753546014231264e-10,7.763024546987889e-10,8.906098918718262e-10,1.003579699898904e-09,1.1787437888853497e-09,1.649867746187114e-09,2.314515045129239e-09,3.0348647010018884e-09,4.108947745532821e-09,7.656862831275454e-09
natural_gas_pipeline,power,NO-SE,5.5837995269831735,4.121963477091722e-08,0.5663675594282369,0.5776860513732326,0.31928463113029815,0.21568533473171758,5.516383553721451e-07,0.11596670653640934,0.0716393923688002,1.814068831943913e-07,0.1052697564995142,0.06964939715154056,0.28012283005505634,0.0388461417444981,2.6538843767187544e-05,1.2364136967450646e-06,2.272955001701587e-07,5.122422115367057e-08,3.039377494987199e-08,2.1782133195795724e-08,2.08455066238847e-08,1.9293230645642e-08,2.0535527632699248e-08,2.214947135147496e-08,2.533810055711734e-08,3.03024770283189e-08,3.728736128641998e-08,4.847297969444939e-08,7.239353496102526e-08,1.417619948573815e-07
natural_gas_pipeline,power,NO-UK,1.889527325349442e-10,2.0035710946087862e-10,2.1273787032490755e-10,2.2719977455719027e-10,2.4093288119217077e-10,2.484596336427234e-10,2.387289759244677e-10,2.352677301813997e-10,1.825190730539118e-10,8.962378341863712e-11,9.825099970243408e-11,1.540328042882317e-10,4.0446138127634316e-10,3.913511874580895e-10,4.56742368217035e-10,3.687182544520927e-10,2.2538158882487186e-10,5.339917638937175e-10,7.647414682462805e-10,4.469501932603703e-10,6.728565889431958e-10,8.108064896943441e-10,5.750885167258827e-10,6.219920626672017e-10,9.160345622251623e-10,1.513887431992234e-09,1.8861820452241135e-09,2.6061141121036734e-09,3.5152792360100267e-09,6.361833827667169e-09
natural_gas_pipeline,power,PL-CZ,5.050488757300129e-07,5.888586990806519e-08,4.648083365823859e-08,4.971275569828962e-08,4.943133338012146e-08,4.652026547638341e-08,5.0557626768710856e-08,5.452318040248052e-08,6.20715626274347e-08,5.641427725899526e-08,5.684255685652891e-08,5.349046141864575e-08,5.79822984262417e-08,6.354251636311461e-08,6.627173188444757e-08,7.094213517891072e-08,7.729637535257876e-08,8.512787857968979e-08,9.529739105942553e-08,9.967571257196657e-08,1.1774431534812819e-07,1.0497235739540461e-07,1.0977865895464853e-07,1.1615043310164938e-07,1.2077840849971468e-07,1.285640054985342e-07,1.3633644993982943e-07,1.5484205024125327e-07,1.9089063301577155e-07,3.0045638429449593e-07
natural_gas_pipeline,power,PL-DE,5.121307932096609e-10,4.836649573322338e-10,4.825572710080653e-10,5.849983379559198e-10,6.348961433667256e-10,6.639057278543449e-10,6.433343532477447e-10,7.130147373744945e-10,8.17991377712231e-10,8.632251588746765e-10,5.752206714575012e-10,6.277849163865761e-10,8.841240746543786e-10,9.83008260713899e-10,9.206397575359334e-10,1.119110449056121e-09,1.377276669433454e-09,1.540177464816195e-09,1.6364261022732645e-09,1.785246654226774e-09,1.98216028399765e-09,2.522185006057955e-09,3.1504603661532546e-09,3.793897933581696e-09,4.624904451254249e-09,5.738375409777843e-09,7.334054426448118e-09,1.0013020629692512e-08,1.5020273602811027e-08,2.821011778929437e-08
natural_gas_pipeline,power,PL-LT,7.898488757927484e-10,8.258045705878433e-10,8.86367044497603e-10,9.597879739163392e-10,1.0041101399062337e-09,9.663856906105615e-10,9.657140058289406e-10,9.70573202894821e-10,9.941075546045193e-10,1.018083658243005e-09,1.0638966982992569e-09,9.771071926400928e-10,1.1428667652638877e-09,1.2430629946608837e-09,1.2592880894619633e-09,1.2940163477198679e-09,1.4975666377403472e-09,2.0111942443673323e-09,2.847302295997835e-09,3.150600959841132e-09,4.456698625329099e-09,2.4894153390215436e-09,2.7944549541446455e-09,3.2275536847663098e-09,4.300654963096302e-09,6.018557326846277e-09,8.42831197998854e-09,1.0773246975142421e-08,1.3078386836384379e-08,2.2824678772549308e-08
natural_gas_pipeline,power,PL-SE,1.5073110138510586e-07,1.4227400294016982e-08,9.284044608333454e-09,1.2182087078682633e-08,1.1714829463623356e-08,1.1360509191696174e-08,1.1755659219446541e-08,1.2488093406906029e-08,1.3352835759360245e-08,1.3452378140061778e-08,1.4666546495805426e-08,1.3025374645185439e-08,1.4379599860489498e-08,1.5791796889182006e-08,1.7233297771877833e-08,1.9042288195417772e-08,2.1349174487266507e-08,2.3081807120002413e-08,2.3590447158009356e-08,2.6224523221026857e-08,3.1575285528304426e-08,4.053523774833729e-08,3.292878426833914e-08,3.229976354849918e-08,3.506713582528516e-08,3.750571021581633e-08,3.889188991879624e-08,4.382755743035215e-08,5.253528534249941e-08,8.292737839111751e-08
natural_gas_pipeline,power,PL-SK,4.619844857748894e-07,7.205204818281539e-08,9.627427090442368e-08,9.388359631301357e-08,6.319766779816063e-08,4.5670119074282824e-08,3.8621213203847555e-08,3.8469082706102935e-08,3.790880243430548e-08,4.240786911579646e-08,4.7215216571083866e-08,4.783569189028044e-08,5.16651696184936e-08,5.454304030729163e-08,5.530347848900898e-08,5.4748404847741144e-08,6.150471537055862e-08,7.218752927891819e-08,8.232881372269288e-08,8.968535816408125e-08,1.02590461359517e-07,9.84984514932385e-08,1.0304440352795174e-07,1.0843836808108513e-07,1.1447782885610774e-07,1.2118223412876908e-07,1.3112492650438512e-07,1.4999725201953965e-07,1.8619137765619576e-07,2.950129500541487e-07
natural_gas_pipeline,power,PT-ES,9.192174115403941e-10,9.017774400175018e-10,9.771649985371928e-10,1.0768493409220876e-09,9.63765562329262e-10,8.013134711200185e-10,8.125869774159196e-10,8.981714515458308e-10,1.0113292729655462e-09,1.1039536892166231e-09,1.1185876611798907e-09,4.513101002899171e-10,8.199485226509999e-10,1.4958501796163017e-09,1.5115883535304143e-09,2.656104337680374e-09,2.6082821956269574e-09,2.5050654891820365e-09,2.437373623951047e-09,2.55246914440824e-09,2.4294289477134726e-09,2.946402656506093e-09,3.633903704631838e-09,5.23680599981162e-09,7.511596331816008e-09,9.630765847379566e-09,1.0782373178316908e-08,1.1776184079559786e-08,1.5577084957826794e-08,3.063948874329873e-08
natural_gas_pipeline,power,RO-BG,9.745837177792237e-10,9.785550023443854e-10,1.066232485110019e-09,1.1581411477991564e-09,1.2664811485779846e-09,1.3526448326871868e-09,1.401309799502789e-09,1.5399678476081133e-09,1.6759938567704079e-09,1.8036284634268764e-09,1.939329336913082e-09,2.0465619033996145e-09,2.279077309185816e-09,2.489564534131025e-09,2.7020366323205613e-09,3.002573336455062e-09,3.375734352302532e-09,3.6249990622832407e-09,4.0780416866421004e-09,4.618136453641931e-09,5.100491984747725e-09,5.815071462714655e-09,6.695253374989184e-09,7.874408978418487e-09,9.430248326861094e-09,1.1544852570956532e-08,1.4606187989384605e-08,1.9481317038101444e-08,2.8711995043764182e-08,5.653900170669983e-08
natural_gas_pipeline,power,RO-HU,5.913624942198261e-09,6.400548652754877e-09,3.9852136443727257,6.286458049072538e-09,6.171140907660347e-09,7.177743133110472e-09,1.3694089556651321e-08,0.41149520142134993,2.0600781249807582e-08,2.0676231531055876e-08,0.14265042925166838,0.06131011505506155,0.4752598294287218,0.2916795240156702,1.194420003261119e-08,6.593483577136186e-09,5.225766350059075e-09,4.350906058482018e-09,3.3880626834952917e-09,2.8015502835114492e-09,2.8565071737047808e-09,3.0851145198441958e-09,3.559030334061533e-09,4.137081002935129e-09,4.866372513271362e-09,5.815853282904231e-09,7.201029043036475e-09,9.404700307346678e-09,1.3383909877514348e-08,2.508315375019081e-08
natural_gas_pipeline,power,SE-DE,1.6283612754857597e-07,3.03001682547771e-08,1.0149271057274751e-07,3.058354146395913e-08,2.3556979600007157e-08,2.113841750123879e-08,2.206587619737166e-08,2.0991725430781633e-08,1.8413679110535843e-08,2.1124265371788042e-08,1.8798344288317542e-08,1.158507519195655e-08,9.528105199264476e-09,9.635296122601251e-09,1.052090601429656e-08,1.020996512306714e-08,8.984865165906149e-09,8.620570576529282e-09,1.0471273039213476e-08,1.2478358331405223e-08,1.151370942521528e-08,1.0107524209308762e-08,1.384702211628178e-08,1.8330115453120854e-08,2.2253266062945354e-08,2.7070084870453465e-08,3.1089610032292586e-08,3.8315209804839893e-08,4.857487215023375e-08,7.699172912589788e-08
natural_gas_pipeline,power,SE-DK,3.7535955515246915e-10,3.930594151584258e-10,4.362872226786875e-10,4.611798612552427e-10,4.866253117732848e-10,5.214739463899141e-10,5.57280276815526e-10,5.929687529096811e-10,6.300939815138212e-10,6.730088244706973e-10,7.260836481847919e-10,7.714609123003978e-10,8.442379009119128e-10,9.226029204965863e-10,1.014652920425215e-09,1.1213309060784248e-09,1.2464701632178612e-09,1.39220309528137e-09,1.5551461114254307e-09,1.7447074846917738e-09,1.962285958715638e-09,2.202688055271682e-09,2.539546844369275e-09,2.992218713119335e-09,3.6008479945384434e-09,4.4211447637356874e-09,5.592519533001955e-09,7.539238654336709e-09,1.1430164492490833e-08,2.3012518803404782e-08
natural_gas_pipeline,power,SE-FI,1.0357293401611446e-06,6.503722033218417e-09,2.1768491179037898e-08,4.641367934237856e-08,2.7172647573832493e-07,1.1370366041135697e-07,6.23691642123259e-08,9.7666712943944e-07,4.5673064086173435e-08,5.1996382491562906e-08,3.787562882905716e-07,1.6306576904320516e-07,2.3694602982317066e-08,1.3845807116426454e-08,3.4016200562149856e-08,4.379685990747112e-08,2.1490413932635068e-07,6.642839960078289e-08,1.9016661723919933e-06,1.3713116326394444e-08,1.1493478643736747e-07,2.892399022306624e-09,3.294057505078579e-09,3.754302975592149e-09,4.35994441407451e-09,5.625207905993704e-09,7.822158082808664e-09,1.1137430598103836e-08,1.89841681778463e-08,4.5907902513787685e-08
natural_gas_pipeline,power,SE-LT,2.1995149314636366e-07,4.3654731021335674e-08,0.10908903476024652,6.929395408936863e-09,8.198967805133249e-09,6.942200932284368e-09,6.778093986482257e-09,1.371401395170813e-08,4.176466746666334e-09,3.325836549513209e-09,2.798084067876991e-09,2.0101353520337265e-09,1.678833812175934e-09,1.4572817072013855e-09,1.3973869898577894e-09,1.3254160417012716e-09,1.3114522670418392e-09,1.3110273027536755e-09,1.3620407916821807e-09,1.2350083546095692e-09,1.3632483297194417e-09,9.373760059465597e-10,1.0579369779244605e-09,1.1948091556316337e-09,1.3694335492472048e-09,1.6616185811239103e-09,2.1216595753837193e-09,2.9257072824326564e-09,4.637349269627593e-09,1.0265132408303853e-08
natural_gas_pipeline,power,SE-NO,7.885927343477633e-07,1.1641761741846105e-07,8.070149468081362e-08,8.862614234053925e-08,7.596245847279777e-08,7.180204216417239e-08,7.158248127289832e-08,7.635268410303568e-08,7.794013430569994e-08,8.66175524882492e-08,8.951286017544964e-08,8.64747664725521e-08,9.293325318117498e-08,9.729218823750576e-08,9.899708456111693e-08,1.0044420620430142e-07,1.0320067505929995e-07,1.2130479758060852e-07,1.3305356671483112e-07,1.508468880601709e-07,1.4408048537218598e-07,1.4694733326975068e-07,1.5874462270510118e-07,1.726611404731299e-07,1.8193623430714762e-07,1.9373167501552568e-07,2.1161881062047917e-07,2.4166183483025025e-07,3.008955706375864e-07,4.794510236624426e-07
natural_gas_pipeline,power,SE-PL,2.0528009718643426e-07,4.707132626704452e-08,1.1274382667459846e-05,7.98464447596362e-09,5.338898675952572e-09,3.5410809576035387e-09,2.6527222375600484e-09,2.3888396425331226e-09,1.6097698758854944e-09,1.450956092976275e-09,1.3409114297387247e-09,1.0515465662573528e-09,9.346433848335434e-10,8.66818725590929e-10,8.596169750608228e-10,8.440755349656157e-10,8.453297352083986e-10,8.521513774228321e-10,8.653878693241768e-10,8.234355902600089e-10,8.721376545546448e-10,8.94424316021983e-10,1.0253245800331042e-09,1.170733475464732e-09,1.344980725206738e-09,1.6021382814474379e-09,1.9594418388175163e-09,2.553875942185376e-09,3.779276784492377e-09,7.752767045412466e-09
natural_gas_pipeline,power,SI-AT,1.2172583492330545e-06,1.9651549767236894e-07,5.427428517637021e-07,2.8176431796167334e-07,2.384397287475118e-07,4.4515707327680917e-07,2.956662274062961e-07,8.776845665741588e-08,4.1327559932555e-08,3.7888723951172025e-08,2.997638338827867e-08,1.9993174530805847e-08,1.935331797333485e-08,3.639576730099345e-08,3.965960417388891e-08,6.458769190925654e-08,9.85250007619043e-08,2.761530067923985e-07,2.5190922488657693e-06,3.770531293146643e-07,0.00012380310238846657,0.006016715866385524,3.284189794644639e-06,3.2981006580203803e-06,6.814382229111939e-06,2.630358452668209e-07,1.1226758490868319e-07,1.2481111107409143e-07,1.9488812810760742e-07,3.7071853416424403e-07
natural_gas_pipeline,power,SI-HR,1.7444673541575784e-09,1.657276201557516e-09,1.9675161858632706e-09,2.121900240234958e-09,2.1920748897975847e-09,1.940440922377919e-09,1.820023490765205e-09,1.688465692492822e-09,1.7007865267402799e-09,2.08326346866804e-09,2.857823733743016e-09,3.5001657167264078e-09,4.066287732874479e-09,4.531934810032873e-09,4.869256895429774e-09,5.106281137781783e-09,4.944918781268615e-09,5.0336788086053005e-09,5.0083489215295894e-09,4.958969827917657e-09,4.9417212017213704e-09,5.482245985774784e-09,6.832366515632151e-09,8.455999758219626e-09,1.0276616999627734e-08,1.2329274148522155e-08,1.533991937247844e-08,2.0362102726356977e-08,3.067424489322181e-08,6.286823037155965e-08
natural_gas_pipeline,power,SI-HU,5.342835888701431e-07,7.707504763593188e-08,1.0942353874375331e-07,1.9607479635986712e-07,4.332205155294316e-08,3.083460455871564e-08,2.8314901662912056e-08,2.5364605100806965e-08,2.5541411345705865e-08,3.5484075169467625e-08,5.254476467900832e-08,7.33665795764547e-08,1.340118176064343e-07,7.105778555395612e-08,8.226215760069211e-08,7.948880152877335e-08,1.0492382938973796e-07,2.155603470943256e-07,1.7184459320595068e-07,3.91043110243312e-08,5.264635963661877e-08,1.0344542182657245e-07,1.0449835896973171e-07,1.0501501914112034e-07,1.050593716580981e-07,9.769140974474203e-08,1.1381264817028383e-07,1.3947003550056586e-07,1.8883443830614262e-07,3.1078118268729183e-07
natural_gas_pipeline,power,SI-IT,9.001094105084489e-10,8.82826933387858e-10,5.29525414563304e-10,6.6561332479618e-10,7.094875847299004e-10,7.262119292430065e-10,7.29444015187005e-10,7.185143768633672e-10,7.566253109457785e-10,8.57362229259852e-10,1.0259357372639141e-09,1.1168529777552855e-09,1.280465247450807e-09,1.4462051313321063e-09,1.6385623720061016e-09,1.870260990191367e-09,2.1105619356287063e-09,2.45544886245121e-09,2.762257781399451e-09,3.08399181014041e-09,3.37516727606656e-09,4.034299638697212e-09,4.044281161050508e-09,4.472287583570649e-09,5.219226000595032e-09,6.1590890945971005e-09,7.437731380776403e-09,9.71042875609518e-09,1.447160652924681e-08,2.992097969813936e-08
natural_gas_pipeline,power,SK-AT,7.301431721348193e-10,7.399558263326364e-10,6.890199364964078e-10,8.014942887109738e-10,9.076717458624087e-10,9.705852463604981e-10,9.95172858813783e-10,1.0364057521050911e-09,1.172233334458594e-09,1.280452527734157e-09,1.1768024333300908e-09,9.03822899258913e-10,1.373150004142582e-09,1.6118432193936166e-09,1.4690192910057982e-09,1.6428871080963452e-09,2.0741118020958504e-09,2.2239814739612184e-09,2.44367837296576e-09,2.7873231882908862e-09,3.1882924102941902e-09,3.768487570816594e-09,4.5859414572109735e-09,5.4811509209967926e-09,6.6465702515596195e-09,8.249267881372954e-09,1.0566385935718662e-08,1.4392536402044625e-08,2.190414407563562e-08,4.27926062050589e-08
natural_gas_pipeline,power,SK-CZ,1.492305532010858e-09,1.1153003955289608e-09,1.0478290793058653e-09,1.166153659891107e-09,1.2561608202029203e-09,1.3494992078857416e-09,1.4580009939074393e-09,1.5790998940390024e-09,1.704794423588203e-09,1.8505692054179183e-09,2.02884299535015e-09,2.1644441702145287e-09,2.3575890025680476e-09,2.566451075994082e-09,2.797521653207674e-09,3.056735855341398e-09,3.3602038591446657e-09,3.715494686108235e-09,4.156849427650383e-09,4.713382645344668e-09,5.270307531015504e-09,6.033784378562096e-09,6.976765677807261e-09,8.170784530761608e-09,9.755781326971714e-09,1.1960790056310763e-08,1.522908486850124e-08,2.06022958301832e-08,3.115049926306404e-08,6.02057864212983e-08
natural_gas_pipeline,power,SK-HU,2.0624415723401303e-09,1.5010595244187253e-09,1.3411618949951594e-09,2.3456227416186674e-09,1.7649045641175986e-09,1.192427680794449e-09,1.4188052877818623e-09,1.9247840373365196e-09,2.187807259726163e-09,2.9069557329290745e-09,3.948745828503836e-09,2.659138977272953e-09,2.606289982054904e-09,2.8896427724986737e-09,3.4269657499886148e-09,4.13283026489744e-09,5.111356587066618e-09,7.123105281603279e-09,7.705660292064081e-09,8.905955330334658e-09,8.963860211308226e-09,1.1540000567139072e-08,1.1025828646898051e-08,1.1437244695200338e-08,1.2071072570422434e-08,1.4263220349689963e-08,1.9263134820669366e-08,2.8204125704590046e-08,4.281708997480798e-08,9.286036203585904e-08
natural_gas_pipeline,power,SK-PL,1.965997945621854,8.461884217257832e-09,4.1337049431558566e-09,7.519408130150936e-09,1.0650320591152781e-08,1.372194827163661e-08,2.0640960309368365e-08,2.1602917523295835,1.7012399107979388e-08,1.4156507787659156e-08,1.4054657922650957e-08,9.524218644242463e-09,7.769509448360562e-09,1.1444146634158432e-08,8.090204639869898e-09,7.504502608875714e-09,6.844190842993399e-09,5.280104539035848e-09,5.2965583559366265e-09,3.4814023920427516e-09,4.410248623797018e-09,4.062261989560419e-09,4.4114629611682304e-09,4.742632684275072e-09,5.148733945775176e-09,6.0636298730858326e-09,7.546829202883642e-09,9.888231030667744e-09,1.538096208896922e-08,3.347660174072637e-08
natural_gas_pipeline,power,UK-BE,7.461752623950227e-10,7.584764789029945e-10,6.442048730576979e-10,9.688745055668614e-10,7.841301348340726e-10,7.78699504168407e-10,8.638222983459812e-10,1.0451375145729198e-09,1.2733033483987491e-09,1.7871035465055888e-09,2.1944995506936266e-09,2.1578675659980798e-09,2.2752130462780473e-09,2.362026571316815e-09,2.4742439516111215e-09,2.557959143742212e-09,2.650157816067321e-09,2.6555818110082724e-09,2.748678522958032e-09,2.8564167550099167e-09,2.9494466301016647e-09,2.9613594058551322e-09,3.4524640290839387e-09,4.060098542834333e-09,4.841880206199192e-09,5.934555426264393e-09,7.48443590054458e-09,1.0112087006871078e-08,1.5220079899779534e-08,3.0125058623507694e-08
natural_gas_pipeline,power,UK-DE,2.1041910120488395e-07,3.171547563661958e-08,5.337932487010092e-08,5.02384164416525e-08,3.1816612150592725e-08,2.915759942656112e-08,2.7686422395875277e-08,2.7715375016044436e-08,3.8119200066148485e-08,2.725315619940107e-07,3.799498007319404e-07,3.108707924742611e-08,1.4544293804069972e-08,1.5315841768116004e-08,2.6562990697950643e-08,3.213873050054334e-08,2.9442387330743308e-08,1.651681363394247e-08,1.2982843646469075e-08,1.0458996968896851e-08,8.142826181532389e-09,6.481661259758647e-09,8.250844562912835e-09,1.0064306626289438e-08,1.2161611916885007e-08,1.57433823405865e-08,2.012144761676383e-08,2.9507982968970132e-08,4.705332213214461e-08,9.314035774938631e-08
natural_gas_pipeline,power,UK-DK,2.7018507353003895e-07,2.3750145535695976e-08,1.4130741268029427e-08,2.285246311102346e-08,2.1390718976728374e-08,2.157828377494272e-08,2.174347345362693e-08,2.4148604323826254e-08,3.147792134866834e-08,5.989062461177815e-08,8.464585468622684e-08,3.8268561229633404e-08,3.918658532537381e-08,3.898529074660504e-08,4.602459568665063e-08,5.8895699656063354e-08,8.906693740798726e-08,8.92412240368095e-08,3.512114977780437e-08,2.1042502777956446e-08,1.3881772518135636e-08,1.3467839604605815e-08,1.4721240769605322e-08,1.8140197374025843e-08,2.2875915256276696e-08,2.9377315686666532e-08,3.8265803894367504e-08,5.074723572596689e-08,6.886937884713495e-08,1.1525990304632644e-07
natural_gas_pipeline,power,UK-FR,3.3241292468214974e-07,3.028768014960096e-08,2.1392641961124123e-08,1.2786145579778234e-08,1.6755168199647983e-08,2.0361602289086508e-08,2.3229057617274215e-08,3.082810909479614e-08,6.354019882366671e-08,3.598123010425902e-07,2.2227693823775414e-07,1.5345312520329044e-08,8.209099318515647e-09,5.12748260984029e-09,4.27767669710911e-09,3.5471349656541667e-09,3.0271667358932773e-09,2.4489373480741e-09,3.0488843318422855e-09,4.157767897948282e-09,6.173601830874584e-09,1.08398759188126e-08,1.538428634609647e-08,2.2316305632324376e-08,3.222478285438701e-08,4.5669590281691527e-08,6.094944892118554e-08,7.89080441704825e-08,9.835064747156331e-08,1.5646821497963326e-07
natural_gas_pipeline,power,UK-IE,9.487737833508697e-10,9.686933253415463e-10,1.039162335576064e-09,1.1818495663419885e-09,3.4188329437074025e-10,1.2782631242551686e-09,1.3384621531901976e-09,1.437878746140396e-09,1.5453738497403391e-09,1.66760048661766e-09,1.8215789780954769e-09,1.9478636732968544e-09,2.114691065993406e-09,2.3051456509762575e-09,2.511186921873787e-09,2.7377110353089948e-09,3.015500015551676e-09,3.3444017424181455e-09,3.7033778044098316e-09,4.155944720116988e-09,4.74589104279029e-09,5.466636661145397e-09,6.3174855808121524e-09,7.3733113575541286e-09,8.803002251394905e-09,1.0810206352996542e-08,1.3757308030037482e-08,1.8646756908227014e-08,2.8425018032213014e-08,5.626233209594712e-08
natural_gas_pipeline,power,UK-NL,1.018790905071455e-09,1.1210569083400193e-09,1.2966065926720217e-09,1.5053247031317066e-09,1.6751936558324898e-09,1.7598255614505956e-09,1.8200602146060636e-09,2.5319330514402365e-09,2.8875526883790025e-09,3.210820667996401e-09,4.262521451310189e-09,4.081019028702518e-09,4.11555566771707e-09,2.8211880164333268e-09,2.375643291392211e-09,2.110763221743874e-09,2.025598409092435e-09,1.9659715397181053e-09,1.972980579719128e-09,2.0290979332083267e-09,2.0784756489111395e-09,2.0456160419336012e-09,2.342177584256467e-09,2.659228707939434e-09,3.0621978048197074e-09,3.7238859591821014e-09,4.601812405037949e-09,6.132430335751163e-09,9.011945717667791e-09,1.7547843113994464e-08
natural_gas_pipeline,power,UK-NO,1.0825775105707721e-07,1.2435665083052792e-08,1.0056675997810994e-08,1.2327907357031251e-08,1.0074850507268474e-08,9.281025429726546e-09,9.091237947100744e-09,9.460557712695946e-09,1.033084563351e-08,1.1942683251030851e-08,1.3190809317551746e-08,1.0095219838148004e-08,1.0943410978586605e-08,1.1791632359838582e-08,1.2881000363490795e-08,1.4270657427836068e-08,1.641512059801158e-08,1.8158960036191588e-08,1.6958071500835174e-08,1.770144120927779e-08,1.8539350532208572e-08,1.9925880560767003e-08,1.9939884819764033e-08,2.055585541582224e-08,2.1610028542962253e-08,2.3134711596744342e-08,2.5211925483918357e-08,2.869594247355988e-08,3.5316012078442484e-08,5.584275079089969e-08
natural_gas_storage,energy,AT,0.0,0.0,0.0,0.0,0.0,0.0,0.0,0.0,0.0,0.0,0.0,0.0,0.0,0.0,0.0,0.0,0.0,0.0,0.0,0.0,0.0,0.0,0.0,0.0,0.0,0.0,0.0,0.0,0.0,0.0
natural_gas_storage,energy,BE,0.0,0.0,0.0,0.0,0.0,0.0,0.0,0.0,0.0,0.0,0.0,0.0,0.0,0.0,0.0,0.0,0.0,0.0,0.0,0.0,0.0,0.0,0.0,0.0,0.0,0.0,0.0,0.0,0.0,0.0
natural_gas_storage,energy,BG,0.0,0.0,0.0,0.0,0.0,0.0,0.0,0.0,0.0,0.0,0.0,0.0,0.0,0.0,0.0,0.0,0.0,0.0,0.0,0.0,0.0,0.0,0.0,0.0,0.0,0.0,0.0,0.0,0.0,0.0
natural_gas_storage,energy,CH,0.0,0.0,0.0,0.0,0.0,0.0,0.0,0.0,0.0,0.0,0.0,0.0,0.0,0.0,0.0,0.0,0.0,0.0,0.0,0.0,0.0,0.0,0.0,0.0,0.0,0.0,0.0,0.0,0.0,0.0
natural_gas_storage,energy,CZ,0.0,0.0,0.0,0.0,0.0,0.0,0.0,0.0,0.0,0.0,0.0,0.0,0.0,0.0,0.0,0.0,0.0,0.0,0.0,0.0,0.0,0.0,0.0,0.0,0.0,0.0,0.0,0.0,0.0,0.0
natural_gas_storage,energy,DE,0.0,0.0,0.0,0.0,0.0,0.0,0.0,0.0,0.0,0.0,0.0,0.0,0.0,0.0,0.0,0.0,0.0,0.0,0.0,0.0,0.0,0.0,0.0,0.0,0.0,0.0,0.0,0.0,0.0,0.0
natural_gas_storage,energy,DK,0.0,0.0,0.0,0.0,0.0,0.0,0.0,0.0,0.0,0.0,0.0,0.0,0.0,0.0,0.0,0.0,0.0,0.0,0.0,0.0,0.0,0.0,0.0,0.0,0.0,0.0,0.0,0.0,0.0,0.0
natural_gas_storage,energy,EE,0.0,0.0,0.0,0.0,0.0,0.0,0.0,0.0,0.0,0.0,0.0,0.0,0.0,0.0,0.0,0.0,0.0,0.0,0.0,0.0,0.0,0.0,0.0,0.0,0.0,0.0,0.0,0.0,0.0,0.0
natural_gas_storage,energy,EL,0.0,0.0,0.0,0.0,0.0,0.0,0.0,0.0,0.0,0.0,0.0,0.0,0.0,0.0,0.0,0.0,0.0,0.0,0.0,0.0,0.0,0.0,0.0,0.0,0.0,0.0,0.0,0.0,0.0,0.0
natural_gas_storage,energy,ES,0.0,0.0,0.0,0.0,0.0,0.0,0.0,0.0,0.0,0.0,0.0,0.0,0.0,0.0,0.0,0.0,0.0,0.0,0.0,0.0,0.0,0.0,0.0,0.0,0.0,0.0,0.0,0.0,0.0,0.0
natural_gas_storage,energy,FI,0.0,0.0,0.0,0.0,0.0,0.0,0.0,0.0,0.0,0.0,0.0,0.0,0.0,0.0,0.0,0.0,0.0,0.0,0.0,0.0,0.0,0.0,0.0,0.0,0.0,0.0,0.0,0.0,0.0,0.0
natural_gas_storage,energy,FR,0.0,0.0,0.0,0.0,0.0,0.0,0.0,0.0,0.0,0.0,0.0,0.0,0.0,0.0,0.0,0.0,0.0,0.0,0.0,0.0,0.0,0.0,0.0,0.0,0.0,0.0,0.0,0.0,0.0,0.0
natural_gas_storage,energy,HR,0.0,0.0,0.0,0.0,0.0,0.0,0.0,0.0,0.0,0.0,0.0,0.0,0.0,0.0,0.0,0.0,0.0,0.0,0.0,0.0,0.0,0.0,0.0,0.0,0.0,0.0,0.0,0.0,0.0,0.0
natural_gas_storage,energy,HU,0.0,0.0,0.0,0.0,0.0,0.0,0.0,0.0,0.0,0.0,0.0,0.0,0.0,0.0,0.0,0.0,0.0,0.0,0.0,0.0,0.0,0.0,0.0,0.0,0.0,0.0,0.0,0.0,0.0,0.0
natural_gas_storage,energy,IE,0.0,0.0,0.0,0.0,0.0,0.0,0.0,0.0,0.0,0.0,0.0,0.0,0.0,0.0,0.0,0.0,0.0,0.0,0.0,0.0,0.0,0.0,0.0,0.0,0.0,0.0,0.0,0.0,0.0,0.0
natural_gas_storage,energy,IT,0.0,0.0,0.0,0.0,0.0,0.0,0.0,0.0,0.0,0.0,0.0,0.0,0.0,0.0,0.0,0.0,0.0,0.0,0.0,0.0,0.0,0.0,0.0,0.0,0.0,0.0,0.0,0.0,0.0,0.0
natural_gas_storage,energy,LT,0.0,0.0,0.0,0.0,0.0,0.0,0.0,0.0,0.0,0.0,0.0,0.0,0.0,0.0,0.0,0.0,0.0,0.0,0.0,0.0,0.0,0.0,0.0,0.0,0.0,0.0,0.0,0.0,0.0,0.0
natural_gas_storage,energy,LU,0.0,0.0,0.0,0.0,0.0,0.0,0.0,0.0,0.0,0.0,0.0,0.0,0.0,0.0,0.0,0.0,0.0,0.0,0.0,0.0,0.0,0.0,0.0,0.0,0.0,0.0,0.0,0.0,0.0,0.0
natural_gas_storage,energy,LV,0.0,0.0,0.0,0.0,0.0,0.0,0.0,0.0,0.0,0.0,0.0,0.0,0.0,0.0,0.0,0.0,0.0,0.0,0.0,0.0,0.0,0.0,0.0,0.0,0.0,0.0,0.0,0.0,0.0,0.0
natural_gas_storage,energy,NL,0.0,0.0,0.0,0.0,0.0,0.0,0.0,0.0,0.0,0.0,0.0,0.0,0.0,0.0,0.0,0.0,0.0,0.0,0.0,0.0,0.0,0.0,0.0,0.0,0.0,0.0,0.0,0.0,0.0,0.0
natural_gas_storage,energy,NO,0.0,0.0,0.0,0.0,0.0,0.0,0.0,0.0,0.0,0.0,0.0,0.0,0.0,0.0,0.0,0.0,0.0,0.0,0.0,0.0,0.0,0.0,0.0,0.0,0.0,0.0,0.0,0.0,0.0,0.0
natural_gas_storage,energy,PL,0.0,0.0,0.0,0.0,0.0,0.0,0.0,0.0,0.0,0.0,0.0,0.0,0.0,0.0,0.0,0.0,0.0,0.0,0.0,0.0,0.0,0.0,0.0,0.0,0.0,0.0,0.0,0.0,0.0,0.0
natural_gas_storage,energy,PT,0.0,0.0,0.0,0.0,0.0,0.0,0.0,0.0,0.0,0.0,0.0,0.0,0.0,0.0,0.0,0.0,0.0,0.0,0.0,0.0,0.0,0.0,0.0,0.0,0.0,0.0,0.0,0.0,0.0,0.0
natural_gas_storage,energy,RO,0.0,0.0,0.0,0.0,0.0,0.0,0.0,0.0,0.0,0.0,0.0,0.0,0.0,0.0,0.0,0.0,0.0,0.0,0.0,0.0,0.0,0.0,0.0,0.0,0.0,0.0,0.0,0.0,0.0,0.0
natural_gas_storage,energy,SE,0.0,0.0,0.0,0.0,0.0,0.0,0.0,0.0,0.0,0.0,0.0,0.0,0.0,0.0,0.0,0.0,0.0,0.0,0.0,0.0,0.0,0.0,0.0,0.0,0.0,0.0,0.0,0.0,0.0,0.0
natural_gas_storage,energy,SI,0.0,0.0,0.0,0.0,0.0,0.0,0.0,0.0,0.0,0.0,0.0,0.0,0.0,0.0,0.0,0.0,0.0,0.0,0.0,0.0,0.0,0.0,0.0,0.0,0.0,0.0,0.0,0.0,0.0,0.0
natural_gas_storage,energy,SK,0.0,0.0,0.0,0.0,0.0,0.0,0.0,0.0,0.0,0.0,0.0,0.0,0.0,0.0,0.0,0.0,0.0,0.0,0.0,0.0,0.0,0.0,0.0,0.0,0.0,0.0,0.0,0.0,0.0,0.0
natural_gas_storage,energy,UK,0.0,0.0,0.0,0.0,0.0,0.0,0.0,0.0,0.0,0.0,0.0,0.0,0.0,0.0,0.0,0.0,0.0,0.0,0.0,0.0,0.0,0.0,0.0,0.0,0.0,0.0,0.0,0.0,0.0,0.0
natural_gas_storage,power,AT,0.0,0.0,0.0,0.0,0.0,0.0,0.0,0.0,0.0,0.0,0.0,0.0,0.0,0.0,0.0,0.0,0.0,0.0,0.0,0.0,0.0,0.0,0.0,0.0,0.0,0.0,0.0,0.0,0.0,0.0
natural_gas_storage,power,BE,0.0,0.0,0.0,0.0,0.0,0.0,0.0,0.0,0.0,0.0,0.0,0.0,0.0,0.0,0.0,0.0,0.0,0.0,0.0,0.0,0.0,0.0,0.0,0.0,0.0,0.0,0.0,0.0,0.0,0.0
natural_gas_storage,power,BG,0.0,0.0,0.0,0.0,0.0,0.0,0.0,0.0,0.0,0.0,0.0,0.0,0.0,0.0,0.0,0.0,0.0,0.0,0.0,0.0,0.0,0.0,0.0,0.0,0.0,0.0,0.0,0.0,0.0,0.0
natural_gas_storage,power,CH,0.0,0.0,0.0,0.0,0.0,0.0,0.0,0.0,0.0,0.0,0.0,0.0,0.0,0.0,0.0,0.0,0.0,0.0,0.0,0.0,0.0,0.0,0.0,0.0,0.0,0.0,0.0,0.0,0.0,0.0
natural_gas_storage,power,CZ,0.0,0.0,0.0,0.0,0.0,0.0,0.0,0.0,0.0,0.0,0.0,0.0,0.0,0.0,0.0,0.0,0.0,0.0,0.0,0.0,0.0,0.0,0.0,0.0,0.0,0.0,0.0,0.0,0.0,0.0
natural_gas_storage,power,DE,0.0,0.0,0.0,0.0,0.0,0.0,0.0,0.0,0.0,0.0,0.0,0.0,0.0,0.0,0.0,0.0,0.0,0.0,0.0,0.0,0.0,0.0,0.0,0.0,0.0,0.0,0.0,0.0,0.0,0.0
natural_gas_storage,power,DK,0.0,0.0,0.0,0.0,0.0,0.0,0.0,0.0,0.0,0.0,0.0,0.0,0.0,0.0,0.0,0.0,0.0,0.0,0.0,0.0,0.0,0.0,0.0,0.0,0.0,0.0,0.0,0.0,0.0,0.0
natural_gas_storage,power,EE,0.0,0.0,0.0,0.0,0.0,0.0,0.0,0.0,0.0,0.0,0.0,0.0,0.0,0.0,0.0,0.0,0.0,0.0,0.0,0.0,0.0,0.0,0.0,0.0,0.0,0.0,0.0,0.0,0.0,0.0
natural_gas_storage,power,EL,0.0,0.0,0.0,0.0,0.0,0.0,0.0,0.0,0.0,0.0,0.0,0.0,0.0,0.0,0.0,0.0,0.0,0.0,0.0,0.0,0.0,0.0,0.0,0.0,0.0,0.0,0.0,0.0,0.0,0.0
natural_gas_storage,power,ES,0.0,0.0,0.0,0.0,0.0,0.0,0.0,0.0,0.0,0.0,0.0,0.0,0.0,0.0,0.0,0.0,0.0,0.0,0.0,0.0,0.0,0.0,0.0,0.0,0.0,0.0,0.0,0.0,0.0,0.0
natural_gas_storage,power,FI,0.0,0.0,0.0,0.0,0.0,0.0,0.0,0.0,0.0,0.0,0.0,0.0,0.0,0.0,0.0,0.0,0.0,0.0,0.0,0.0,0.0,0.0,0.0,0.0,0.0,0.0,0.0,0.0,0.0,0.0
natural_gas_storage,power,FR,0.0,0.0,0.0,0.0,0.0,0.0,0.0,0.0,0.0,0.0,0.0,0.0,0.0,0.0,0.0,0.0,0.0,0.0,0.0,0.0,0.0,0.0,0.0,0.0,0.0,0.0,0.0,0.0,0.0,0.0
natural_gas_storage,power,HR,0.0,0.0,0.0,0.0,0.0,0.0,0.0,0.0,0.0,0.0,0.0,0.0,0.0,0.0,0.0,0.0,0.0,0.0,0.0,0.0,0.0,0.0,0.0,0.0,0.0,0.0,0.0,0.0,0.0,0.0
natural_gas_storage,power,HU,0.0,0.0,0.0,0.0,0.0,0.0,0.0,0.0,0.0,0.0,0.0,0.0,0.0,0.0,0.0,0.0,0.0,0.0,0.0,0.0,0.0,0.0,0.0,0.0,0.0,0.0,0.0,0.0,0.0,0.0
natural_gas_storage,power,IE,0.0,0.0,0.0,0.0,0.0,0.0,0.0,0.0,0.0,0.0,0.0,0.0,0.0,0.0,0.0,0.0,0.0,0.0,0.0,0.0,0.0,0.0,0.0,0.0,0.0,0.0,0.0,0.0,0.0,0.0
natural_gas_storage,power,IT,0.0,0.0,0.0,0.0,0.0,0.0,0.0,0.0,0.0,0.0,0.0,0.0,0.0,0.0,0.0,0.0,0.0,0.0,0.0,0.0,0.0,0.0,0.0,0.0,0.0,0.0,0.0,0.0,0.0,0.0
natural_gas_storage,power,LT,0.0,0.0,0.0,0.0,0.0,0.0,0.0,0.0,0.0,0.0,0.0,0.0,0.0,0.0,0.0,0.0,0.0,0.0,0.0,0.0,0.0,0.0,0.0,0.0,0.0,0.0,0.0,0.0,0.0,0.0
natural_gas_storage,power,LU,0.0,0.0,0.0,0.0,0.0,0.0,0.0,0.0,0.0,0.0,0.0,0.0,0.0,0.0,0.0,0.0,0.0,0.0,0.0,0.0,0.0,0.0,0.0,0.0,0.0,0.0,0.0,0.0,0.0,0.0
natural_gas_storage,power,LV,0.0,0.0,0.0,0.0,0.0,0.0,0.0,0.0,0.0,0.0,0.0,0.0,0.0,0.0,0.0,0.0,0.0,0.0,0.0,0.0,0.0,0.0,0.0,0.0,0.0,0.0,0.0,0.0,0.0,0.0
natural_gas_storage,power,NL,0.0,0.0,0.0,0.0,0.0,0.0,0.0,0.0,0.0,0.0,0.0,0.0,0.0,0.0,0.0,0.0,0.0,0.0,0.0,0.0,0.0,0.0,0.0,0.0,0.0,0.0,0.0,0.0,0.0,0.0
natural_gas_storage,power,NO,0.0,0.0,0.0,0.0,0.0,0.0,0.0,0.0,0.0,0.0,0.0,0.0,0.0,0.0,0.0,0.0,0.0,0.0,0.0,0.0,0.0,0.0,0.0,0.0,0.0,0.0,0.0,0.0,0.0,0.0
natural_gas_storage,power,PL,0.0,0.0,0.0,0.0,0.0,0.0,0.0,0.0,0.0,0.0,0.0,0.0,0.0,0.0,0.0,0.0,0.0,0.0,0.0,0.0,0.0,0.0,0.0,0.0,0.0,0.0,0.0,0.0,0.0,0.0
natural_gas_storage,power,PT,0.0,0.0,0.0,0.0,0.0,0.0,0.0,0.0,0.0,0.0,0.0,0.0,0.0,0.0,0.0,0.0,0.0,0.0,0.0,0.0,0.0,0.0,0.0,0.0,0.0,0.0,0.0,0.0,0.0,0.0
natural_gas_storage,power,RO,0.0,0.0,0.0,0.0,0.0,0.0,0.0,0.0,0.0,0.0,0.0,0.0,0.0,0.0,0.0,0.0,0.0,0.0,0.0,0.0,0.0,0.0,0.0,0.0,0.0,0.0,0.0,0.0,0.0,0.0
natural_gas_storage,power,SE,0.0,0.0,0.0,0.0,0.0,0.0,0.0,0.0,0.0,0.0,0.0,0.0,0.0,0.0,0.0,0.0,0.0,0.0,0.0,0.0,0.0,0.0,0.0,0.0,0.0,0.0,0.0,0.0,0.0,0.0
natural_gas_storage,power,SI,0.0,0.0,0.0,0.0,0.0,0.0,0.0,0.0,0.0,0.0,0.0,0.0,0.0,0.0,0.0,0.0,0.0,0.0,0.0,0.0,0.0,0.0,0.0,0.0,0.0,0.0,0.0,0.0,0.0,0.0
natural_gas_storage,power,SK,0.0,0.0,0.0,0.0,0.0,0.0,0.0,0.0,0.0,0.0,0.0,0.0,0.0,0.0,0.0,0.0,0.0,0.0,0.0,0.0,0.0,0.0,0.0,0.0,0.0,0.0,0.0,0.0,0.0,0.0
natural_gas_storage,power,UK,0.0,0.0,0.0,0.0,0.0,0.0,0.0,0.0,0.0,0.0,0.0,0.0,0.0,0.0,0.0,0.0,0.0,0.0,0.0,0.0,0.0,0.0,0.0,0.0,0.0,0.0,0.0,0.0,0.0,0.0
natural_gas_turbine,power,AT,1.4527058526496818e-09,1.9822160900579492e-10,2.2007636822458657e-10,1.2822850665418696e-09,4.226113823526118e-09,9.554862815447955e-09,4.995438834389878e-09,2.189372396905872e-09,2.6340488356977677e-09,3.1761404073735015e-09,1.1763116461057556e-08,2.0955622356021184e-08,1.832983981646915e-08,3.449403335328395e-08,6.565922292508857e-08,1.5544442817127069,1.4591175862387659e-06,3.5761887141277665e-07,1.573792198490957e-07,1.1630335402812548e-07,5.261722428420577e-08,0.5911360613596484,0.3026559927506981,3.090229534467519e-07,4.442247885847744e-08,3.522233106997484e-07,0.3266186895601401,0.3475480702092276,2.7853620335111495e-07,3.2346827321133605e-07
natural_gas_turbine,power,BE,1.7609286065386735e-09,3.37291842672451e-10,5.013156572242905e-10,1.0587151326391903e-09,2.227350309117612e-09,1.0069035954344984e-08,1.8943369948351433e-08,1.0634068438152433,0.5901681214921155,1.1746549949297946,2.6303665209449587,0.36038958718872555,2.986529258834468e-07,0.552219655608005,0.010641175673699908,0.05717596963801577,5.501060521639114e-07,0.5672904385711738,0.5514913938693098,9.862550291132132e-06,0.8196282470298438,3.1890067315578254,5.522180937857552e-08,3.701032721262332e-08,2.299628947122737e-08,2.7747802165360367e-08,4.884047623035926e-08,1.7845938061905935e-07,8.149549819939425e-07,0.3315291059218
natural_gas_turbine,power,BG,1.7659897082300744e-10,1.0619306672934549e-10,1.172076126976588e-10,1.9685685856045725e-10,5.871937075463644e-10,6.293107899131258e-10,3.605303431599081e-10,4.510917753856147e-10,1.176492179831097e-09,0.10749311784998072,0.006763692034193299,0.04405445193553459,0.09716816899374896,0.06059573383661986,1.3912357046642791e-08,5.700826923517294e-09,0.09745709569063904,0.22111152943657456,0.18707103718926765,6.5779364985218546e-09,6.7743564292076865e-09,2.6018452752736105e-08,3.076789009358361e-08,2.516834989099091e-09,1.9057042732254687e-09,2.0301210334636263e-09,3.1172822485233983e-09,4.300204782876454e-09,1.1266284729806824e-08,6.394104649578927e-08
natural_gas_turbine,power,CH,3.667894204818628e-10,2.085646060266689e-10,3.183458191985611e-10,6.373923581849289e-10,1.6092078469017774e-08,0.2477823376958832,0.542026219402018,1.2792113912214127,1.689716697004249e-08,5.38470977090283e-09,1.2181382115662922e-08,8.368636687299456e-09,3.515364652569459e-08,6.145511080847466e-08,0.6656403527245254,1.0043213784624921e-05,0.13206472258110682,0.5579551517060009,0.04461214858697885,0.6418036910415924,0.06834373093427143,3.0643880827285384,0.028741700498463717,2.7341878778896806e-07,3.62413418116528e-08,1.7673406884519548e-07,0.1714168254254984,0.28885572291284756,0.3471507146304214,3.3028910174130947e-07
natural_gas_turbine,power,CZ,2.5604276332183017e-09,2.094047703316697e-10,2.593557332014435e-10,7.193282422367704e-10,2.3247098419836883e-09,3.664310292306842e-09,7.598402393729068e-09,0.2594585321058831,0.1637568305759964,5.646635967622482e-07,0.056776595598085296,1.3410889230578655e-07,6.727303304817136e-08,1.1014460545711873e-07,1.0212283102160477e-06,0.39601968297669626,0.7653647741627846,1.0642385484171926,0.5435379213632271,6.268311910875235e-07,1.25022404144271e-07,3.3171667690223727,1.2385649545799732e-07,6.806260800946357e-08,3.40805610396306e-08,1.4694470943213323e-07,0.0002256904174745082,1.0935840244292937e-06,6.507776160928282e-07,3.335838592107308e-07
natural_gas_turbine,power,DE,3.4895337913087983,3.192832495255066e-10,4.1612535214736837e-10,3.9220344998789686e-10,2.1863909233577212,4.610437218229687,3.893176928640151,5.315641433306446,1.1179216053135865,5.774652031846466e-07,0.33411253104803873,2.2989325562084897,2.3300404527499707,2.977470179038508,3.3457369861692263,1.5678687154477864,2.886397066424585,7.027425579685629,4.108391417235201,5.0030520243818355,2.1367530173597413,39.9081512285803,1.6758846449389342e-07,7.765565361451276e-08,5.8205166520303386e-08,0.954192901577471,3.2717715015517242e-06,1.5061711591565818,2.8569055337472586,5.663971800909662
natural_gas_turbine,power,DK,2.531117717065329e-08,3.041911959290494e-10,4.219250093757452e-10,8.431248146816229e-10,1.0894135126676361e-08,0.7290940946248387,4.3345783349457025e-08,0.9755219933367,0.15507750163455283,0.48812650940270963,0.05846833347647882,2.4730677967163934e-07,0.2195685999720734,0.11807099875763997,0.12323876997133376,1.1204548757203538e-07,5.115562687488311e-08,1.1104529658723653e-07,4.858477190999376e-07,9.620117347161616e-07,0.01369872010983607,2.2192659556344085,8.279610469205153e-08,1.094912589980108e-07,1.0523657294114706e-07,2.291582873462671e-07,0.33845288053412714,0.364617952891036,8.429140869853286e-08,1.5729971369211722e-07
natural_gas_turbine,power,EE,0.23633435905122166,2.559735441687771e-10,3.0551097917805904e-10,4.772216354439705e-10,1.3040862319984948e-09,1.998840881513227e-09,2.3968981711654183e-09,2.016918447492776e-09,1.8314226848290703e-09,1.210906812160262e-09,1.3584873396456893e-09,1.5544770836853643e-09,2.827727931583029e-09,4.2336030395375145e-09,5.020864673701981e-09,4.739485892346289e-09,5.8109320751885775e-09,7.025890919069847e-09,1.37151250677347e-09,1.1307265872044893e-09,8.508717076406357e-10,5.2042888591975963e-08,1.736811314983633e-08,7.734660762968161e-08,7.274361815707739e-08,1.3108954150579068e-07,1.5116941892562625e-07,1.6790304673279157e-07,1.4479614216543314e-07,1.5606985418024707e-07
natural_gas_turbine,power,EL,9.527480713881317e-11,8.972626824332286e-11,9.966529822931905e-11,1.183382140390058e-10,1.1280463246660315e-10,1.1106541819313681e-10,1.2161773942080142e-10,1.3692793661265989e-10,1.5016129682328813e-10,1.5719200298572922e-10,1.9643432297884357e-10,2.3469637429880516e-10,3.799486196353704e-10,4.749012977959894e-10,6.323575835605944e-10,9.119207180093332e-10,2.5800106955694026e-09,1.179398521779113e-08,2.7005982366335153e-08,1.2760104886445501e-08,0.5106412652494479,0.5464585576781109,0.19151831205381628,2.9885880994038788e-09,1.992984766533804e-09,2.1203289857495094e-09,3.5112925843962144e-09,4.845451880706193e-09,1.8536041642994034e-08,0.03727355503050399
natural_gas_turbine,power,ES,7.972059432152826e-11,7.43681373065738e-11,7.772480976373476e-11,6.489680498881007e-11,4.804586891849967e-11,5.345681069603568e-11,8.098643868234123e-11,1.1573897817511951e-10,1.467617717900986e-10,1.730910687156381e-10,1.9962741331919503e-10,1.79643074520635e-10,9.610696795377837e-11,2.965617914463682e-10,2.77641889986797e-10,4.75157251589031e-10,1.1584229283474402e-09,3.385423093085569e-09,1.3533965014943772,2.6601382452626434,1.7752193628149386,3.502715326044552e-08,5.363331930190031e-08,0.6677743243075374,1.461070782915571e-07,0.06182516687133039,0.013291090929516022,0.02330379947920708,3.137065214974383e-07,0.06825476127247618
natural_gas_turbine,power,FI,3.6745680606918604e-06,2.7713651192083513e-10,3.5978243677784715e-10,6.838016063530157e-10,4.622804560681658e-09,2.487743237998246e-08,0.01179033834969059,3.836533032919688e-08,6.250600437581794e-09,3.01545925035571e-09,2.6582756877422383e-09,3.5382940519426802e-09,1.0986574099354992e-08,5.792764389250159e-05,1.0674330028291416e-07,0.006737761377364221,0.7515827571135939,0.055234733398648,1.2354187671513988e-09,1.0465882071410126e-09,9.72535720475994e-10,7.050063616434107,7.524331117303914e-08,4.999599960764357e-08,5.95947607216481e-08,1.9825611069166238e-07,0.40798952728408155,4.099125300845079e-06,8.197948334434148e-07,6.842023625909063e-07
natural_gas_turbine,power,FR,2.496679401203965e-10,2.594432089319982e-10,2.89777737777294e-10,3.579189122958279e-10,9.021737371109038e-10,1.9477263017024588e-09,4.31920511133971e-09,1.9118900326283347e-08,2.8864094496945816,4.7138414865978905e-06,2.251344993231305,2.065929226483157,3.197219169214912,1.7691784193760738,2.344801708848108,6.751547929004353,2.31509384800613,0.5028993108493536,2.5228420648836205,3.2609289048633894,2.1911323839413965,2.7192855610166418,1.8715042727470053,1.1413918760849435,3.264388977334103e-07,0.5910772382512792,1.485724854077684,0.053069871549966265,0.4074976662771849,0.05435356296889432
natural_gas_turbine,power,HR,0.2576638849238728,2.2875763938359713e-10,2.5076259763068023e-10,4.146966179394379e-10,6.425760566822237e-10,1.9082014118364116e-09,0.013120976898497323,0.029160486596643127,0.02562522361713132,0.062958378683297,0.04563371571235854,0.4034068832701256,0.16867221864726376,0.8177993096187786,0.10526366704804939,0.055405231377433264,7.255911807007132e-08,3.218651962496755e-08,3.771588432328905e-08,1.468379700390089e-07,2.294207206014899e-07,0.36752776750969796,8.98723553952594e-08,3.384584108343589e-08,2.197597652379658e-08,3.7032511539609504e-08,6.255325278573929e-08,1.3580801167560834e-07,7.935384212580637e-08,9.917197767776055e-08
natural_gas_turbine,power,HU,1.4733739842660583e-10,1.2623316593867768e-10,1.1840574450179744e-10,1.5020554734963202e-10,1.9424370599237174e-10,2.1639741443930166e-10,2.3660790897253236e-10,2.8519986715257606e-10,4.2374627425417696e-10,5.895463378207818e-10,1.996544271046679e-09,3.4499975255956527e-09,1.4383495718299425e-08,7.428145819037651e-08,1.4722784446334424e-07,0.7287309612683656,0.26129354632824825,0.43496668179182674,1.385568072460401,0.3026957987445593,5.335245713819594e-07,3.0974933111997784,2.236811493695056e-05,4.374613543140811e-08,2.217656081789635e-08,3.634987243846612e-08,5.3358271494953496e-08,1.0500691570299577e-07,1.1106609743794717e-07,1.2857197353766846e-07
natural_gas_turbine,power,IE,1.844424359951136e-10,2.151717106815938e-10,2.3396428640957496e-10,3.1261185821082424e-10,3.6960528462787157e-10,6.866688921621714e-10,9.782740886532565e-10,1.2274161825283576e-09,1.4846063977872368e-09,1.6526062750564865e-09,1.9494091014054666e-09,2.3693688064158842e-09,6.681377478425696e-09,8.226234395694808e-09,2.185488278574358e-08,4.8981460495314965e-08,0.26058289056783385,0.35805419094050195,6.23018732389109e-08,0.006724621153638075,0.45952018017317353,2.4652183397959088e-08,1.492296053768714e-08,1.6979275478958702e-08,1.976161257126226e-08,7.431691964454542e-08,1.637634604748479e-08,2.7068745618528784e-08,3.162379107419061e-08,4.319326971721189e-08
natural_gas_turbine,power,IT,1.0350128007224702e-10,1.0919840167596877e-10,8.667190575868966e-11,1.0783840996550665e-10,1.4012966143384467e-10,1.5770705833487615e-10,1.211047399275888e-10,8.470620062490399e-11,2.6623429710750945e-10,2.3089649141700863e-10,2.493688267093309e-10,4.969643220318084e-10,9.362837757061008e-10,1.240123380889934e-09,1.2605496926981178e-09,8.139560014182252e-09,1.7064714467270181,4.115650077738537,3.7857668857609177,1.3741474525559987,3.3229833605880295,7.885565859237146,1.0912804884863136,0.20007406990386575,6.686052565660954e-08,1.1027667637135749e-07,3.6777274334840267e-07,0.20166205997452605,1.1808172014764919e-07,2.6179478437043357e-08
natural_gas_turbine,power,LT,0.473645119759755,2.4919255213251063e-10,2.9670022381645e-10,4.838896809839196e-10,1.6185830565568681e-09,3.649828046218627e-09,6.040633856690478e-09,5.270412477850087e-09,2.7884068993127193e-09,2.0613539885506947e-09,2.0706945931758247e-09,2.3666925149950025e-09,3.6244211351545334e-09,6.111196734581278e-09,8.205149265690476e-09,1.036273767930908e-08,1.5829387673005568e-08,1.7236278830492944e-08,1.4586769912671437e-09,1.2295067347055974e-09,9.13385954337085e-10,4.752477801524695e-08,1.937191289597585e-08,3.249411645827517e-08,2.396058872232439e-08,6.317958678804393e-08,9.852151086483825e-08,9.97611964618985e-08,7.66515116462935e-08,1.0546486894325804e-07
natural_gas_turbine,power,LU,2.77855961256617e-10,3.0015365139022247e-10,4.711943043205005e-10,8.474815521879176e-10,1.4102187921462542e-09,2.1939166738236884e-09,3.5846747202918944e-09,2.1835160937609808e-08,5.576992446261367e-08,1.1389333389132898e-07,9.095876339863362e-07,0.1959155795280533,0.1583748927253528,0.2841318278804547,1.5984663169993784e-06,2.6256310497558077e-06,0.010991187720334451,1.3100980944335595e-05,1.7316032957555312e-06,1.0865076570048415e-06,6.314467069619682e-06,0.5221686106203453,1.4682071758530442e-07,1.0674463923648854e-07,6.677216530095165e-08,7.646864342026793e-08,1.0260222723575983e-07,1.6661022282788745e-07,3.87320107265623e-07,0.0013591967541469374
natural_gas_turbine,power,LV,0.6231766432909264,2.519317946803405e-10,3.1499700471113834e-10,5.027166177185987e-10,1.6354361210645186e-09,3.4408927208151015e-09,6.364246785663752e-09,8.927983818050782e-09,3.8673656688769125e-09,2.2450069324464517e-09,2.5822506706214117e-09,3.1668699949596244e-09,5.728599988668263e-09,9.157024902758939e-09,1.0688701356861447e-08,9.134402878202195e-09,1.1329300613681577e-08,1.5316441260163306e-08,1.6593512404288603e-09,1.3182329458671836e-09,9.34426360697299e-10,0.7354549835871285,3.2114340532679796e-07,0.11870106194957888,2.4132597809169383e-07,0.327132187138626,0.07712939020518733,4.79675804681991e-07,1.6978575196028168e-07,1.704924360622076e-07
natural_gas_turbine,power,NL,1.9490593058429543e-10,2.1060198346013523e-10,1.7263088985741106e-10,2.006966420780953e-10,3.4869823232928577e-10,1.3060037332998273e-09,2.5958150508582064e-09,7.343882486549808e-09,2.235918120502353e-08,0.34945100858036315,0.8645740788567763,0.462688522126171,1.4294591515042046,1.451293663878554,1.0901686882499684,1.19260485559188e-07,1.430872139577275e-07,7.778379428090053e-07,0.06954062953793101,0.20064384801800547,1.9671122701787513,4.8084670725227,0.5776842856209381,2.5698937471394867,1.2156848324588562e-07,0.5754208972987531,1.3510742819048955,1.555636334530342,0.37202120308804365,0.439267251486864
natural_gas_turbine,power,NO,0.8745951622672852,3.0516251478036147e-10,4.248600178875241e-10,8.403828656867637e-10,1.4630126176502052e-08,0.8633799488270184,0.37017666700531976,0.5904557951513816,1.6003988167203674e-08,4.5359095045418234e-08,1.7576753523410992e-07,6.629217985561435e-07,0.09606025600617288,0.017365599808728226,0.5710393788058169,0.022159914214327496,0.17158090117092825,0.3467500161024781,7.146656579666482e-06,3.6906408974080253e-07,1.4442151571839623e-06,0.417998564551089,8.087437450129023e-08,9.469778851683326e-08,1.0108448440955605e-07,1.6571516509770106e-07,0.07379103185321136,0.09486195577162156,1.1626406753657343e-07,2.0874466521056075e-07
natural_gas_turbine,power,PL,1.8385284927448045,1.689709714947974e-10,2.1401600917920609e-10,3.5492792956903607e-10,1.3696623593019768e-09,6.377673910409478e-09,0.2896609310468174,3.987909616453041,4.83853342885062e-08,3.420386555068786e-09,9.326548855353548e-09,1.80450712344756e-08,5.4284876487445484e-08,0.29851814717668573,0.3820402832594171,0.05448845162417815,0.14004065260423892,1.2020733014592626,0.5602779152042969,0.47891295294638137,2.3872729863334537e-08,21.23723207279953,1.8691839471025092e-07,1.2776394187614666e-07,7.497563083056684e-08,0.03595848335939217,0.01487692914871635,1.0251821736607925,2.777682142655339e-07,1.3885224705198956e-07
natural_gas_turbine,power,PT,8.109515055741415e-11,8.110106643148291e-11,6.698935693989516e-11,6.652238291401898e-11,6.622562587622875e-11,6.939088348644806e-11,7.67186949759512e-11,1.0254689960588917e-10,1.762899461655398e-10,1.6821284532239934e-10,1.515148973110419e-10,1.43239044388237e-10,1.8192899799456035e-10,2.4119887913516946e-10,5.922580032300206e-10,7.343268032417415e-10,1.1773077702957044e-09,3.3953151832803074e-09,6.742108636656293e-08,7.701876194448042e-08,0.28269815937784626,2.7805426966635508e-08,3.960794287018432e-08,0.0019125415283057256,0.2063968624732992,1.407858438589286e-07,1.1680533778768477e-07,8.935837660829674e-08,7.044297639149058e-08,1.7156364449762063e-07
natural_gas_turbine,power,RO,1.7714020549788604e-10,2.086780429754949e-10,2.6251092172078695e-10,3.4491613316756373e-10,4.3815165368024854e-10,5.180522881102142e-10,6.148905328275743e-10,8.575783955483333e-10,1.3275312763056685e-09,2.3818357077541747e-09,1.1046448361979873e-08,3.1753959818543636e-07,0.018310590629890353,0.036850689294884886,6.582079305257143e-09,2.639472555961038e-09,4.8088556651380055e-09,4.471800583388778e-08,7.416598718278529e-08,8.391985084513647e-08,1.6941026600762525e-07,0.2125776931188554,0.6373915463149206,1.832627274429103e-08,8.912949294415074e-09,7.299687941668328e-09,6.787087378295691e-09,1.1433386636325205e-08,1.4773014165677888e-08,2.7548485610255252e-08
natural_gas_turbine,power,SE,1.1052944062211,2.7431647661241914e-10,3.7364114335077406e-10,6.839772331646646e-10,4.915379900167227e-09,1.8828080705851323e-08,1.2685664355569119e-08,0.6693406838645719,1.37607024792944,0.6390204330917324,0.8458609863310133,0.5090290157289352,0.9462865711228569,2.7960485227432603e-07,1.7152182463354636e-07,4.6336392893090494e-08,0.6877884461870178,8.173342832664511e-08,0.05052176975428842,0.36755500156634285,0.9271988042879491,1.219471260450332,4.139876049019124e-08,3.11522111285666e-08,2.3178455327385947e-08,5.8891717763145115e-08,0.13353194108509395,0.34077814410962726,0.2653938269215531,9.294998260776045e-06
natural_gas_turbine,power,SI,5.066709933530497e-08,2.2061155897896552e-09,2.7809290249757276e-09,7.333947803331789e-09,1.3867855020623825e-08,1.8108826278586914e-08,4.567704708759413e-09,3.1022948484406847e-09,6.2233368422298164e-09,7.496066522155402e-09,9.089981268712502e-08,3.125356742863862e-07,2.2037307665406698e-06,2.2227396412586987e-06,1.3507390336737476e-07,0.07961678714009959,3.9581263648440986e-07,5.171889906478854e-07,0.24875081703664334,3.948246411049396e-06,0.038186258888307394,1.584269464079182,5.686169606433768e-07,1.0879541066637053e-07,3.4908296574929257e-08,8.107522030303691e-08,2.5288003953235916e-07,1.5878579149902348e-05,1.2525872263062952e-07,1.1704670202073568e-07
natural_gas_turbine,power,SK,1.2400586506152711e-09,2.7277602370067993e-10,3.361351272640918e-10,6.471695219749419e-10,1.494108458877303e-09,2.503745630696839e-09,4.5841289305809e-09,0.11219560296860817,0.22167427396217051,5.9195892309592714e-08,0.00030448997650156853,0.19830056178914302,0.004741507428637016,0.27521193681194284,0.3418704467260492,0.8414346118395792,0.19183655054679827,2.216027935130857e-06,9.957311720233096e-07,0.015252593116071257,1.346974582158613e-06,1.9946097178256053,1.6603828811235022e-07,5.143821904272377e-08,2.9929053687834504e-08,8.425292558325618e-08,4.1264743496908467e-07,0.4063657498729376,0.14185952198092894,2.890428824549924e-07
natural_gas_turbine,power,UK,1.954384924464554e-10,2.137070530663195e-10,2.3963016294967454e-10,3.4838714357431774e-10,5.873916891632739e-10,6.772646812392157e-10,1.5078101484348837e-09,1.0674067491282008e-08,7.439286433541402e-08,5.046771970655085,4.478756716329089,3.028241539717734,1.4614969208610864,1.7552285210727239,2.2145111310228125,0.12708678696950354,0.3252241540770883,0.6187844176434554,2.512538607205934,1.3433812792454747e-06,2.6726556813542883,0.9189597850415172,3.164659028321974,0.565144474334697,0.27435308386485313,6.856599183811409e-07,5.377037504813587e-06,3.1261781532042727e-06,1.0895444475951617,1.2079376019426338
natural_gas_turbine_CCS,power,AT,3.484341502370376e-08,2.8247103810501187e-10,3.022439004177299e-10,8.851718886057907e-10,2.7873484794563408e-08,1.276108664637889e-08,1.0411783872793217e-08,5.247606226960693e-09,1.2610137197197834e-08,2.3031711973374037e-08,9.125678548157126e-08,2.2294977285583594e-07,3.235119637929852e-08,1.5926621406424805e-09,7.701930899162079e-10,5.641452491451318e-10,4.4345956147441753e-10,3.5679745964694355e-10,3.070752394785527e-10,2.8587028456007557e-10,2.779287188760311e-10,2.7507815677928995e-10,2.612774061693652e-10,2.7137048224935806e-10,3.0712003338427144e-10,3.529869643552312e-10,4.430204464552218e-10,5.982849788522968e-10,9.113197852321176e-10,2.0804808078930303e-09
natural_gas_turbine_CCS,power,BE,2.1407315518454023e-08,2.0937695189374652e-09,1.998877221545583e-09,1.2072023888748368e-08,4.3769250498326655e-08,3.830643096091291e-08,1.0532767633289868e-07,1.7996830440305952e-07,6.763444307781888e-07,3.581691074558986e-06,2.96403635139402,2.8670847464729785e-08,3.2973166493835007e-09,1.4119959494523192e-09,8.40186523881722e-10,5.949889382139941e-10,4.68415940773256e-10,4.507975511952325e-10,3.0189866685212337e-10,2.6416596627949915e-10,2.758710854894718e-10,2.995304242353227e-10,2.8599674010324584e-10,2.834366159430876e-10,2.969965786443721e-10,3.412734946808693e-10,4.071263368884965e-10,5.162652104474752e-10,7.288282304840181e-10,1.4947977487456347e-09
natural_gas_turbine_CCS,power,BG,1.644130991718522e-08,2.1961586691130792e-09,1.686428212236573e-09,9.740614362492535e-09,1.993234808692818e-08,7.856555217043983e-09,3.061820605074839e-09,2.418729310600507e-09,6.1436791582455164e-09,1.1560701489480434e-07,9.782037401805071e-08,1.0690471699564707e-07,2.439609690411573e-08,6.073428556093409e-09,1.703399662632896e-09,8.356328142138571e-10,5.816608526490886e-10,4.4331920463143174e-10,3.7008180035482945e-10,3.237729380468092e-10,3.1116017099704507e-10,2.8825267581486574e-10,2.8477087661594836e-10,2.868866788354751e-10,3.1146234168590784e-10,3.604495314182893e-10,4.775158938280602e-10,6.519862453327508e-10,1.1209660648387652e-09,2.966047268145286e-09
natural_gas_turbine_CCS,power,CH,2.1064999008872243e-08,1.3670092115027148e-09,1.5569280732672596e-09,7.8609383387088e-09,3.9514564491776424e-08,1.3604492313701018e-08,1.5013456844796473e-08,2.0782715767706234e-08,1.518648980814404e-08,4.200151626943451e-08,1.6645858533062e-08,9.001502240011399e-08,2.0192680929800848e-07,4.087344273282971e-09,1.3079443561085525e-09,7.518138944604429e-10,5.491648160418691e-10,4.2954389228383906e-10,3.515106980250613e-10,3.209922622674013e-10,3.141076113405536e-10,3.076625049578629e-10,2.7903080405129527e-10,2.798655650329635e-10,3.0520832809108803e-10,3.4887242608655034e-10,4.264904840937544e-10,5.43087731592712e-10,7.826757084375362e-10,1.6848633473004381e-09
natural_gas_turbine_CCS,power,CZ,3.466161815963741e-08,2.5879163170672033e-10,3.2961706250170207e-10,9.271166046991317e-10,2.1488924683801695e-08,1.0095012708579785e-08,1.1596071997248205e-08,1.9066519670417413e-08,2.2547831873387898e-08,3.167168492940344e-08,3.224667692698654e-08,1.3743829348284336e-08,3.999181687302046e-09,1.6478001804319575e-09,1.0092691034933987e-09,7.900140436633055e-10,6.607669337929247e-10,6.144686567106586e-10,5.602871968391675e-10,5.425800640777608e-10,5.342635094864973e-10,4.9738799061525e-10,4.6223575934069097e-10,4.734496016033011e-10,5.365063899740565e-10,6.124336314924931e-10,7.425431429220288e-10,9.813832092403601e-10,1.3849969790964266e-09,3.2110522609480637e-09
natural_gas_turbine_CCS,power,DE,4.001924812763594e-08,2.901895063177504e-10,4.151417885755428e-10,1.4670091270409575e-09,5.560031768014871e-08,3.236296080508517e-08,6.667538509105648e-08,7.66667798593123e-08,3.050423763200646e-07,7.216228922256406e-07,1.7035406584206343e-08,2.524740086638285e-09,1.1375060996034659e-09,7.11745590556393e-10,5.566388788756643e-10,5.010299880267314e-10,4.3930611019025293e-10,3.822965665140587e-10,3.5761473148529574e-10,3.4529607969385285e-10,3.402757195507874e-10,3.592648800421074e-10,3.072034484141467e-10,3.0116696109550566e-10,3.11962416593717e-10,3.463135113459013e-10,4.0503830910034513e-10,5.208008049874394e-10,7.536657568308688e-10,1.5391198350491072e-09
natural_gas_turbine_CCS,power,DK,3.214050874673772e-08,3.025404008942299e-10,3.7995269408284755e-10,1.3636511393360548e-09,2.560131412537452e-08,4.3113626991551894e-08,2.6439632909013414e-08,4.293791943885437e-08,5.5920440004031124e-08,9.415143621151562e-08,1.0066946151875055e-08,1.995210231971931e-09,9.429588623550013e-10,5.776566594664727e-10,4.654639284268586e-10,3.5451343350995944e-10,3.0564054612738735e-10,3.0808252713921553e-10,2.771735571599494e-10,2.558152292977151e-10,2.667725529457785e-10,2.5769630694302894e-10,2.5796217677127967e-10,2.766069553514871e-10,3.103676301295797e-10,3.6764284460355853e-10,4.521115093064193e-10,5.722395142696058e-10,7.757503390230647e-10,1.6476184639263347e-09
natural_gas_turbine_CCS,power,EE,3.2686448747765956e-08,2.474621378846947e-10,3.2144951106524107e-10,7.651178552086182e-10,8.988975435281007e-09,1.1840373209171106e-08,9.3499195830563e-09,5.960932394081069e-09,4.5440077554663395e-09,5.606389954313354e-09,8.369077020398084e-09,7.964581804779985e-09,8.220290190472161e-09,1.3309080865960811e-08,5.569414053083156e-09,2.6799644834171377e-09,1.7032151817372518e-09,1.369557059661083e-09,7.2046694866132e-10,6.981209245519168e-10,5.788021269359645e-10,1.0776475661188409e-09,9.453912900168775e-10,9.542679630978971e-10,1.0921070415521909e-09,1.284472010597769e-09,1.6397773448561284e-09,2.044224277696425e-09,2.8365949454590476e-09,7.019450854486622e-09
natural_gas_turbine_CCS,power,EL,1.7403491918423605e-08,1.9630148667392542e-09,1.3046054699195712e-09,6.190600040241275e-09,8.596571250868684e-09,4.947433099452534e-09,5.2452864259129335e-09,4.742775404331882e-09,4.874596452895002e-09,7.093921839510472e-09,2.3242922588787478e-08,1.820114777577255e-08,6.975024545643874e-08,1.2241316382198675e-07,5.699307123538459e-08,8.087063439066763e-09,1.1923888611828348e-08,1.9249657380097826e-09,9.84658521592629e-10,6.017561261854624e-10,4.950090268465919e-10,4.5104447129255437e-10,4.125528643771092e-10,3.981945522629708e-10,4.243732278499265e-10,4.913506247601722e-10,6.685586590289456e-10,9.207609882820364e-10,1.6280190990915243e-09,4.929723058895918e-09
natural_gas_turbine_CCS,power,ES,1.6709683185469918e-08,1.9829759461346115e-09,1.545314226749109e-09,4.226064771442607e-09,2.864929870330912e-09,2.239482393484928e-09,2.2808811192653124e-09,2.2589393150189197e-09,2.1869838259576996e-09,2.15208182529778e-09,2.3086778119040836e-09,3.073479266142026e-09,3.047269811091209e-09,3.397997490422819e-09,3.733907274136815e-09,4.473784743456859e-09,7.231941020928866e-09,3.868071534165298e-08,2.4185529945762417e-08,3.1107509570699707e-09,2.465722396432129e-09,2.284346797664541e-09,2.0349112579596864e-09,2.1732066771145954e-09,2.8246560193586415e-09,3.675225513354802e-09,6.4061793646278956e-09,8.150437112821914e-09,9.217011141413353e-09,1.6559554146234237e-08
natural_gas_turbine_CCS,power,FI,3.0495123573254375e-08,3.09917644749253e-10,3.598864763617784e-10,1.1465165018380783e-09,1.0329525783138512e-08,6.547920616986557e-09,5.726959316369075e-09,1.22007427254509e-08,5.00591855957271e-09,4.962202355544461e-09,8.398035301563892e-09,7.138171422334628e-09,1.1799436782121585e-08,5.0938597094707446e-08,2.4408999655139638e-08,2.2407780506775697e-08,7.116522195701694e-09,1.8412285770928733e-09,6.950717520484783e-10,6.814928053552496e-10,6.436090633844885e-10,1.636168862795781e-09,9.204176202255909e-10,7.585524184513855e-10,7.590717893266288e-10,7.947515594958943e-10,9.494020326499118e-10,1.3230300746866559e-09,2.202548337248798e-09,5.396844228853562e-09
natural_gas_turbine_CCS,power,FR,1.7192629930272766e-08,2.0221017487479195e-09,1.965999916939649e-09,6.4225621308491096e-09,1.5566647333526432e-08,7.82946956640677e-09,5.450975699033431e-09,5.2991402293493384e-09,5.096786379872011e-09,4.856811541948438e-09,7.469980057355051e-09,9.171572712340677e-09,1.0537419292876992e-08,1.3885797287695112e-08,1.2446919544974518e-08,1.146385488042581e-08,5.733366297632219e-09,2.8351912015315534e-09,1.27384661171777e-09,8.797705781150026e-10,7.281621441743338e-10,6.853774525299993e-10,5.901548816260279e-10,5.686232067529122e-10,6.208655841927098e-10,7.078981943275438e-10,8.786513449018084e-10,1.120393481624362e-09,1.518950650416304e-09,3.26182079768199e-09
natural_gas_turbine_CCS,power,HR,4.019627307478845e-08,2.3128433435278892e-10,3.0407938690252916e-10,9.603170208846269e-10,8.010121959972311e-09,2.2244416835829842e-08,5.459438902164798e-08,3.199828080341643e-08,6.116387107530464e-08,1.3143943201321098e-07,8.801459044093931e-08,1.3366813355043725e-08,1.907812817017184e-09,8.905403958207391e-10,5.926845760329163e-10,4.3300403766519205e-10,3.507468443835338e-10,2.9976655407906575e-10,2.622957887235397e-10,2.5946082337494693e-10,2.585654192708721e-10,2.574131298434791e-10,2.49146593777299e-10,2.586721884251289e-10,2.8408779553014605e-10,3.167369694865845e-10,3.8569016154259085e-10,5.106674998805721e-10,7.585198061213996e-10,1.7642688856447046e-09
natural_gas_turbine_CCS,power,HU,1.805373807433115e-08,1.635836447434509e-09,1.3340027090376546e-09,6.146548248680753e-09,7.257251963939667e-09,5.903909739921209e-09,3.6130256083645626e-09,2.812712805624472e-09,5.395979406875112e-09,5.448331480042953e-09,2.213965611084665e-08,3.094653460633855e-08,2.6931071976496117e-08,8.333976135395169e-09,3.844219064223239e-09,2.5053168315851894e-09,1.6102305075127425e-09,1.109666733863678e-09,7.945933820404899e-10,7.060619368890898e-10,6.079269007214963e-10,5.432263304116224e-10,4.791953776134299e-10,5.099570568872566e-10,5.962485735504373e-10,7.277514573197388e-10,9.654896402965788e-10,1.2582665129299364e-09,1.7829188471916607e-09,4.633671660315171e-09
natural_gas_turbine_CCS,power,IE,1.8108764906352035e-08,2.1405686296123427e-09,1.6811872512899621e-09,7.59662171979322e-09,6.773555562912614e-09,2.0878454510338667e-08,8.246004882919036e-09,1.1594627897492309e-08,1.4959514303416834e-08,1.4179758752925693e-08,2.4285089795468576e-08,2.1952578940551495e-08,2.726379420779091e-08,1.5097463570226813e-08,5.860400279439687e-09,2.667160220021609e-09,2.1057176665119988e-09,1.3782594129252024e-09,1.0825337072868244e-09,8.8940697069415e-10,6.817294106859464e-10,5.28494778532227e-10,4.472785679228658e-10,4.309062686001018e-10,4.763471615682186e-10,5.601093245609086e-10,6.835474679542626e-10,8.777680890612101e-10,1.199594120385697e-09,2.681013745299941e-09
natural_gas_turbine_CCS,power,IT,2.063188582163827e-08,2.5157974263274387e-09,1.6528586730572296e-09,5.711619156152512e-09,8.084508572858966e-09,5.560222532709113e-09,5.559423448174825e-09,1.236885952874913e-08,1.550365053612528e-08,1.1152768545229996e-08,2.5596348787731226e-08,3.73712432040142e-08,1.1838763620085253e-07,1.0474537437706819e-08,2.002053276110655e-09,8.825982342640619e-10,4.976333624793663e-10,3.973379310395581e-10,3.15894011344201e-10,2.972190069207117e-10,2.941013167435156e-10,3.028524445305505e-10,2.935086395143923e-10,3.105726544224777e-10,3.562676402403892e-10,4.145369886249161e-10,5.091534340133243e-10,6.453959947907591e-10,8.942141281221027e-10,2.015407769993359e-09
natural_gas_turbine_CCS,power,LT,3.14925436513391e-08,2.370269846174339e-10,2.9044059565467395e-10,6.627542299758899e-10,7.478557896775911e-09,1.0543509421046564e-08,8.659940211449834e-09,5.254841768832089e-09,4.370135194503673e-09,5.021438366359546e-09,7.71173900182092e-09,6.459421994028608e-09,6.881153508019406e-09,8.519443443861251e-09,4.7678819388702705e-09,2.6164618513420613e-09,2.2990561192305324e-09,2.3005916775195056e-09,8.977579752503708e-10,8.821621595349921e-10,7.057672064711827e-10,1.6822352913106297e-09,1.2506641161951103e-09,1.185572111109689e-09,1.3025660790730381e-09,1.4656127671780006e-09,1.8325357577007147e-09,2.250347445117718e-09,2.8088958450358034e-09,6.7507095824990706e-09
natural_gas_turbine_CCS,power,LU,1.7558742195992766e-08,1.897811291523384e-09,1.9402150436457282e-09,6.767538586802347e-09,1.813536640563271e-08,9.5305493604921e-09,5.870153290801255e-09,5.283882012135647e-09,4.211388100497392e-09,4.347832286674086e-09,6.635720526652191e-09,1.1678790632657924e-08,1.3135427380699456e-08,1.5061031084012822e-08,1.1136584793390761e-08,8.806112373257865e-09,4.314955427616042e-09,2.2260897957616594e-09,1.6738596767197064e-09,1.435332921284723e-09,1.2822119428368864e-09,1.1174465949559786e-09,8.166429628962804e-10,7.49197769600015e-10,7.804078547171998e-10,8.581842320066994e-10,1.0388101068732953e-09,1.2616006191822827e-09,1.6679178388546097e-09,3.787793574697862e-09
natural_gas_turbine_CCS,power,LV,3.129120790976271e-08,2.334256173903495e-10,2.8786256126312093e-10,6.483420983611252e-10,7.73003563368984e-09,1.1545091766584088e-08,8.475113578642807e-09,5.554970894347307e-09,4.764206701247259e-09,5.578643893857183e-09,7.969780862357089e-09,6.958173425643401e-09,7.723218820600842e-09,1.0907787308965315e-08,5.229401612663718e-09,2.586480069507106e-09,2.230139589696899e-09,2.38067979239372e-09,9.930134122359244e-10,9.68491329590381e-10,7.447077459873052e-10,1.9277863993131284e-09,1.38052531440454e-09,1.2973256949344179e-09,1.4077983098470983e-09,1.5721843984019785e-09,1.9399029351213977e-09,2.2601276729411762e-09,2.974977872614396e-09,7.421514226038965e-09
natural_gas_turbine_CCS,power,NL,1.9960177578640488e-08,2.040201390951796e-09,1.4925250321643681e-09,7.59839755348834e-09,5.842682362586008e-09,3.7069549371215086e-08,4.352936421340298e-08,9.855074962333112e-08,1.4987522533764388e-07,6.751319877417698e-08,5.991458875871474e-09,2.4387910200695762e-09,9.355487540160774e-10,5.789169961518734e-10,5.023026995582159e-10,4.715862711863753e-10,4.1866661318266256e-10,3.9813632498331427e-10,3.159227755543953e-10,2.835021330771358e-10,2.7460882331150257e-10,2.6214988195830145e-10,2.4840819005472325e-10,2.490607121927024e-10,2.6148433523663377e-10,3.043260531684573e-10,3.6751460792453634e-10,4.653465260661306e-10,6.566684401069381e-10,1.4031472175508382e-09
natural_gas_turbine_CCS,power,NO,3.19022425930563e-08,3.2650557844061317e-10,4.058183804359141e-10,1.2180296229669057e-09,1.63726396112695e-08,7.937675460240668e-09,6.248285807969411e-09,1.7621439234734578e-08,6.934461774202953e-09,9.916626670902668e-09,3.1639158568298876e-08,2.204194495713493e-08,4.387545116925458e-08,9.393834791292102e-08,6.395051325523795e-09,2.362397709982505e-09,1.0458204169937934e-09,6.635813869593537e-10,5.890707528998875e-10,5.626400480493209e-10,5.195392448419978e-10,4.1026566038242744e-10,3.7075865951363067e-10,3.6872324504948275e-10,3.9611243099047264e-10,4.4029097881218757e-10,5.236528646502874e-10,7.415854693477277e-10,1.2111190049277638e-09,2.9880316393313133e-09
natural_gas_turbine_CCS,power,PL,3.270846034635719e-08,2.138925202153204e-10,2.882051687358146e-10,7.277968929646842e-10,1.2472628031782697e-08,9.78726057870705e-09,1.1688647393032042e-08,1.1527336197536854e-08,1.4718965429226769e-08,8.257318620487308e-09,1.5512375651645777e-08,1.336395296882082e-08,1.9569347718608495e-08,7.861093754297631e-09,3.4950048521567352e-09,2.2060338856487184e-09,1.9653002542637127e-09,1.5525862477972533e-09,1.184232040266232e-09,1.1768830427916385e-09,9.59694679014152e-10,9.132050851330708e-10,6.994606024461297e-10,6.640808619180462e-10,7.350752394586296e-10,8.119249704386181e-10,9.591902352619319e-10,1.302825754800093e-09,1.865979810127555e-09,4.756138638839572e-09
natural_gas_turbine_CCS,power,PT,1.5848247265732847e-08,1.8278705488265525e-09,1.3323455336008272e-09,3.472207560748807e-09,2.382242777528011e-09,1.954448415777248e-09,1.9801549700182456e-09,1.9440877722169402e-09,2.0155536744706636e-09,2.1891681218497852e-09,2.709176655155083e-09,2.605477149656208e-09,2.682296003449705e-09,3.2101697309325863e-09,3.656698725939839e-09,5.008205697290189e-09,6.382455621438512e-09,2.7322704405388424e-08,1.8666158564333015e-08,3.461555390269281e-09,3.10714613571742e-09,2.582520603904524e-09,2.2947970206807286e-09,2.6890707311322637e-09,3.5018388152205158e-09,3.9331839022487925e-09,6.1616819757541984e-09,7.1515900079870055e-09,7.906622372720346e-09,1.4166762693868698e-08
natural_gas_turbine_CCS,power,RO,1.6571887745989833e-08,2.479261878392812e-09,2.2562455759232285e-09,8.636163280107239e-09,1.2534350406639043e-08,8.996781484183093e-09,5.542554754027812e-09,5.3164276257953214e-09,8.018403847304237e-09,5.372020663542803e-09,4.425329575623788e-08,5.531642243908099e-08,1.2231221168603231e-08,4.328125785951432e-09,1.3560185206962702e-09,7.384270058885363e-10,5.938423656487262e-10,5.333411431229926e-10,4.384446551113901e-10,3.6979263414412436e-10,3.3883153651360535e-10,3.195756636460653e-10,2.9809658294685156e-10,3.264091836486783e-10,3.7086313434253747e-10,4.140816209491613e-10,5.373129484786116e-10,7.585409509658202e-10,1.1426356826182236e-09,2.7038106048139515e-09
natural_gas_turbine_CCS,power,SE,3.150689623000734e-08,3.035863909911799e-10,3.575673394033525e-10,1.100382697238103e-09,1.217773337898622e-08,7.486840982516014e-09,4.965769937150934e-09,1.487916379751149e-08,8.066724090498463e-09,9.354973104072628e-09,2.658903871086455e-08,1.7732266467485777e-08,2.9480982695378003e-08,1.0271305402438178e-07,3.461900255395551e-08,1.0844410135533738e-08,3.0422495575412363e-09,1.19565408850322e-09,1.217728811001345e-09,1.2418840641112876e-09,1.0761400556294072e-09,7.019750947857269e-10,5.243754009187676e-10,4.761688971295365e-10,4.831588076297387e-10,5.229974128440879e-10,6.424995235067018e-10,8.835278758894781e-10,1.4285453638583056e-09,3.2944496215365412e-09
natural_gas_turbine_CCS,power,SI,2.003768958483474e-08,1.5293950768016937e-09,1.248119306162595e-09,6.199589275548445e-09,7.739399652028397e-09,7.896292898478644e-09,4.0489617269847225e-09,3.5035535584644435e-09,5.616130064056494e-09,6.714515304627827e-09,5.8438097200873054e-08,1.1812392740766773e-07,8.383977118322401e-09,1.3686152232251875e-09,6.410061950408122e-10,4.80388717339107e-10,3.775684477201775e-10,3.3142944309926936e-10,2.980004310120185e-10,3.01459514957318e-10,3.004358808752072e-10,3.018622749223253e-10,2.8782756275316227e-10,3.0010702844404826e-10,3.3482937158641915e-10,3.7395784675830953e-10,4.576629971682102e-10,6.169853756282001e-10,9.158039176051944e-10,2.2096705713533917e-09
natural_gas_turbine_CCS,power,SK,3.0430942718154956e-08,2.0608091031172658e-10,2.7899477124938144e-10,9.627463373635835e-10,1.2064007166286147e-08,9.346909788191079e-09,8.153866808259212e-09,2.8234394116172488e-08,2.9873466799706876e-08,2.635968852135374e-08,2.9813966462161274e-08,2.5736215592958578e-08,8.366777498583203e-09,4.056171185356008e-09,2.8080578596573184e-09,1.9693887393115576e-09,1.4389914443615555e-09,1.037743315473562e-09,7.715229358544251e-10,6.838301858730221e-10,6.287889753369032e-10,5.53713187399026e-10,4.6346015078799414e-10,4.456723249088082e-10,4.875015783175461e-10,5.429320807752098e-10,6.675162461652972e-10,8.943934334455976e-10,1.3215783129628443e-09,3.220039701205391e-09
natural_gas_turbine_CCS,power,UK,1.7811869795876567e-08,2.0096940783158606e-09,1.6782650246345544e-09,6.133038531913542e-09,6.944857054932349e-09,2.573232908396542e-08,1.0833968472258461e-08,1.088419519875141e-08,1.5961860408041184e-08,1.8337566501985724e-08,4.398798864114141e-08,3.5112214610498354e-08,1.3907626303067648e-08,4.372505878657949e-09,1.9093990305357538e-09,1.1264546354467413e-09,8.004042820356599e-10,5.856350953237605e-10,4.849645079515596e-10,4.3251874429596245e-10,4.044230750305935e-10,3.6538208057373143e-10,3.4141918217201986e-10,3.449076944255768e-10,3.781954814657819e-10,4.429810867074355e-10,5.470190847216201e-10,6.945900891875252e-10,9.747796720716672e-10,2.094914622611971e-09
nuclear,power,AT,0.0,0.0,0.0,0.0,0.0,0.0,0.0,0.0,0.0,0.0,0.0,0.0,0.0,0.0,0.0,0.0,0.0,0.0,0.0,0.0,0.0,0.0,0.0,0.0,0.0,0.0,0.0,0.0,0.0,0.0
nuclear,power,BE,0.0,0.0,0.0,0.0,0.0,0.0,0.0,0.0,0.0,0.0,6.16953120607396e-08,1.1584497764485705e-08,9.836488145028572e-09,8.44205150214966e-09,1.0630015951312672e-08,1.0491240386505895e-08,2.0182538645260823e-08,2.170038853153657e-08,5.2346628082451225e-08,1.224186875926711e-07,5.013427567809897e-06,2.7055549193820347,0.8868613733350759,0.008707042905973862,0.7726301451779358,1.5692410286248388,7.740047607677254e-08,3.830401590965126e-08,1.6289518999327245e-08,7.976961437161116e-09
nuclear,power,BG,0.0,0.0,0.0,0.0,0.0,0.0,0.0,0.0,0.0,3.4071572533319735e-08,4.855494214176041e-09,3.241297741393041e-09,2.937583547162943e-09,3.038352922434788e-09,3.1441026032508487e-09,3.0352164416810267e-09,4.02434700922308e-09,4.4092921887732116e-09,5.499773956368252e-09,6.358673599735725e-09,8.128777363971045e-09,7.3779574327207666e-09,6.252923702875573e-09,5.215675923590651e-09,5.658134489716697e-09,6.527661459909923e-09,8.37510441355695e-09,8.86568428134626e-09,1.550725279122043e-08,2.700331598822336e-08
nuclear,power,CH,0.0,0.0,0.0,0.0,7.417271329663986e-11,8.169589902260133e-11,9.01090823600022e-11,1.0388346885948382e-10,1.2238575426044562e-10,1.456067449280167e-10,1.6828617259563514e-10,2.0109582338513248e-10,2.510513419239722e-10,3.2356995463131367e-10,4.1452274556017794e-10,5.303485306830476e-10,7.572325133554415e-10,1.1993893725905705e-09,2.5540208901015334e-09,1.325333962864678e-07,5.918744180752626e-08,3.0009170221714105e-08,3.024181586718691e-08,3.4792256178414785e-08,3.783519955350614e-08,4.0884713471669856e-08,2.1661931731993293e-08,1.6237501337877475e-08,7.153696451901461e-08,5.305995825219009e-08
nuclear,power,CZ,0.0,0.0,0.0,0.0,0.0,0.0,0.0,0.0,0.0,0.0,0.0,0.0,0.0,0.0,0.0,0.0,0.0,0.0,0.0,0.0,0.0,0.0,0.0,0.0,0.0,0.0,0.0,0.0,0.0,0.0
nuclear,power,DE,0.0,0.0,0.0,0.0,0.0,0.0,0.0,0.0,0.0,0.0,0.0,2.780628601121747e-10,3.379834981515149e-10,4.150762634750197e-10,5.021805606383304e-10,6.195999581373469e-10,8.488022362216342e-10,1.1965157919833487e-09,1.8262339966683372e-09,3.3189398936733067e-09,9.549664680793452e-09,0.17954849344299872,2.694088910476505,3.7413620065329356,2.648461857667579e-07,2.401826928588792e-07,1.6180495768699505e-08,1.4128911827275115e-08,1.1682089743851826e-08,1.1388736082460005e-08
nuclear,power,DK,0.0,0.0,0.0,0.0,0.0,0.0,0.0,0.0,0.0,0.0,0.0,0.0,0.0,0.0,0.0,0.0,0.0,0.0,0.0,0.0,0.0,0.0,0.0,0.0,0.0,0.0,0.0,0.0,0.0,0.0
nuclear,power,EE,0.0,0.0,0.0,0.0,0.0,0.0,0.0,0.0,0.0,0.0,0.0,0.0,0.0,0.0,0.0,0.0,0.0,0.0,0.0,0.0,0.0,0.0,0.0,0.0,0.0,0.0,0.0,0.0,0.0,0.0
nuclear,power,EL,0.0,0.0,0.0,0.0,0.0,0.0,0.0,0.0,0.0,0.0,0.0,0.0,0.0,0.0,0.0,0.0,0.0,0.0,0.0,0.0,0.0,0.0,0.0,0.0,0.0,0.0,0.0,0.0,0.0,0.0
nuclear,power,ES,0.0,0.0,0.0,0.0,0.0,0.0,0.0,0.0,0.0,0.0,0.0,0.0,0.0,0.0,0.0,0.0,0.0,0.0,2.2221234098611782e-10,3.036285363489347e-10,4.146276983507921e-10,6.292831298054493e-10,1.3140653860868529e-09,6.921607209693375e-08,1.1367685978401162e-08,9.394294757848058e-09,8.63931105289206e-09,9.77083310602484e-09,1.2067881615595253e-08,1.620635287519171e-08
nuclear,power,FI,0.0,0.0,0.0,0.0,0.0,0.0,0.0,0.0,0.0,0.0,0.0,0.0,1.6409709908303122e-10,2.0493314417654316e-10,3.6014856913046105e-10,6.980337791376191e-10,4.36851493366965e-08,7.282048568214022e-09,4.247394536330036e-09,3.5769276634138454e-09,6.102159668961263e-09,9.741103029027893e-09,8.563919861262676e-09,7.950285923341538e-09,7.779099708011044e-09,8.456975989419776e-09,9.59810343257689e-09,1.082816040849929e-08,1.3192389209159318e-08,1.8302968089706895e-08
nuclear,power,FR,0.0,0.0,1.269739868803299e-11,1.7703652031346386e-11,2.2010023399998873e-11,2.522348286184002e-11,2.748620868492389e-11,2.2840707648268377e-11,2.827030197487655e-11,3.61018914982687e-11,4.809919585741352e-11,5.900834055423536e-11,6.669234667294907e-11,7.51298835560795e-11,8.485660197072084e-11,9.593900849749452e-11,1.0269383494566643e-10,1.255263675645054e-10,1.4498833662556586e-10,1.6150350598608825e-10,1.9583345764985972e-10,2.334954649056159e-10,2.734734441179971e-10,3.323539277179192e-10,4.0461751823194886e-10,4.970398249870378e-10,6.425144992762919e-10,8.768401672032178e-10,1.3640426484353912e-09,2.807414764107434e-09
nuclear,power,HR,0.0,0.0,0.0,0.0,0.0,0.0,0.0,0.0,0.0,0.0,0.0,0.0,0.0,0.0,0.0,0.0,0.0,0.0,0.0,0.0,0.0,0.0,0.0,0.0,0.0,0.0,0.0,0.0,0.0,0.0
nuclear,power,HU,0.0,0.0,0.0,0.0,0.0,0.0,0.0,0.0,0.0,0.0,0.0,0.0,0.0,0.0,0.0,0.0,0.0,0.0,6.072938048794342e-08,1.0433889837770765e-08,8.724450366962339e-09,6.542745451574342e-09,5.3509132455839986e-09,4.832377234855726e-09,4.859415867998203e-09,5.060136538861438e-09,5.311944027021956e-09,5.690600280888396e-09,7.387648345715574e-09,1.060892437635011e-08
nuclear,power,IE,0.0,0.0,0.0,0.0,0.0,0.0,0.0,0.0,0.0,0.0,0.0,0.0,0.0,0.0,0.0,0.0,0.0,0.0,0.0,0.0,0.0,0.0,0.0,0.0,0.0,0.0,0.0,0.0,0.0,0.0
nuclear,power,IT,0.0,0.0,0.0,0.0,0.0,0.0,0.0,0.0,0.0,0.0,0.0,0.0,0.0,0.0,0.0,0.0,0.0,0.0,0.0,0.0,0.0,0.0,0.0,0.0,0.0,0.0,0.0,0.0,0.0,0.0
nuclear,power,LT,0.0,0.0,0.0,0.0,0.0,0.0,0.0,0.0,0.0,0.0,0.0,0.0,0.0,0.0,0.0,0.0,0.0,0.0,0.0,0.0,0.0,0.0,0.0,0.0,0.0,0.0,0.0,0.0,0.0,0.0
nuclear,power,LU,0.0,0.0,0.0,0.0,0.0,0.0,0.0,0.0,0.0,0.0,0.0,0.0,0.0,0.0,0.0,0.0,0.0,0.0,0.0,0.0,0.0,0.0,0.0,0.0,0.0,0.0,0.0,0.0,0.0,0.0
nuclear,power,LV,0.0,0.0,0.0,0.0,0.0,0.0,0.0,0.0,0.0,0.0,0.0,0.0,0.0,0.0,0.0,0.0,0.0,0.0,0.0,0.0,0.0,0.0,0.0,0.0,0.0,0.0,0.0,0.0,0.0,0.0
nuclear,power,NL,0.0,0.0,0.0,0.0,0.0,0.0,0.0,0.0,3.424575174208497e-08,4.404660212196936e-09,4.856381671008825e-09,2.9862853649558045e-09,2.6923863297811806e-09,2.266465256766321e-09,2.657618077760163e-09,2.5618474794080155e-09,4.232897978530417e-09,4.163603361569422e-09,6.839422990454624e-09,8.41975854371187e-09,1.071920193103291e-08,8.793920131292858e-09,1.0574624275280859e-08,1.3368910951008812e-08,2.0535906004697263e-08,4.292153882929323e-08,2.8670921851391283e-08,4.339602448180264e-08,8.226727287182669e-08,7.072967635068706e-08
nuclear,power,NO,0.0,0.0,0.0,0.0,0.0,0.0,0.0,0.0,0.0,0.0,0.0,0.0,0.0,0.0,0.0,0.0,0.0,0.0,0.0,0.0,0.0,0.0,0.0,0.0,0.0,0.0,0.0,0.0,0.0,0.0
nuclear,power,PL,0.0,0.0,0.0,0.0,0.0,0.0,0.0,0.0,0.0,0.0,0.0,0.0,0.0,0.0,0.0,0.0,0.0,0.0,0.0,0.0,0.0,0.0,0.0,0.0,0.0,0.0,0.0,0.0,0.0,0.0
nuclear,power,PT,0.0,0.0,0.0,0.0,0.0,0.0,0.0,0.0,0.0,0.0,0.0,0.0,0.0,0.0,0.0,0.0,0.0,0.0,0.0,0.0,0.0,0.0,0.0,0.0,0.0,0.0,0.0,0.0,0.0,0.0
nuclear,power,RO,0.0,0.0,0.0,0.0,0.0,0.0,0.0,0.0,0.0,0.0,0.0,0.0,0.0,0.0,0.0,0.0,0.0,0.0,0.0,0.0,0.0,0.0,0.0,0.0,0.0,0.0,0.0,0.0,0.0,0.0
nuclear,power,SE,0.0,0.0,0.0,0.0,0.0,0.0,0.0,4.9229579778833143e-11,5.701441562955356e-11,6.495937955943738e-11,7.847717892992025e-11,8.593839932199294e-11,1.0064695542275848e-10,1.198277638518674e-10,1.4566578756073881e-10,1.7613338818475866e-10,2.384246001011659e-10,3.2650488796152363e-10,5.208659909463068e-10,1.08007079826027e-09,6.205625969000994e-08,1.1034474028969793e-08,8.957474333974069e-09,8.503389779806148e-09,7.896799309937402e-09,8.099953218171106e-09,8.971331489850662e-09,9.882502126131203e-09,1.3141995389440285e-08,1.965771615771881e-08
nuclear,power,SI,0.0,0.0,0.0,0.0,0.0,0.0,0.0,0.0,0.0,0.0,0.0,0.0,0.0,0.0,0.0,0.0,0.0,0.0,7.87611750006115e-08,1.3696914668929157e-08,1.2184036494649141e-08,8.59329440567356e-09,7.698404881733632e-09,6.6862845422642565e-09,5.366886605622937e-09,4.1986848492288606e-09,3.270949311063598e-09,4.622666928775183e-09,7.596794286312117e-09,1.3736322931289587e-08
nuclear,power,SK,0.0,0.0,0.0,0.0,0.0,0.0,0.0,6.833273483251933e-11,7.538640195428969e-11,8.356499785519965e-11,9.259520319989413e-11,9.959976050028615e-11,1.0962055821920893e-10,1.2166355963766246e-10,1.3652235004515244e-10,1.5455647644627277e-10,1.7949360233368762e-10,2.1152990828045405e-10,2.521140583556044e-10,3.015407208841178e-10,3.6104140271443393e-10,4.287920682748666e-10,5.093119424522733e-10,6.141856949420316e-10,7.54773881200395e-10,9.476809887424562e-10,1.2088643698815983e-09,1.7169278092706022e-09,2.6753751842133325e-09,5.445069741338428e-09
nuclear,power,UK,0.0,0.0,0.0,0.0,0.0,0.0,0.0,0.0,0.0,0.0,0.0,4.2713439743028325e-11,5.630356500123835e-11,6.294817800908977e-11,6.966260272907973e-11,7.71495048037811e-11,8.62772641645615e-11,9.802609925225948e-11,1.1271526791871424e-10,1.3010647047771443e-10,1.5075104021002245e-10,1.7461145117504493e-10,2.0506248156103798e-10,2.554684117344825e-10,3.3037585441383453e-10,3.971659941740732e-10,5.055086868223183e-10,6.875578639051755e-10,1.0461943446288131e-09,2.126163233266363e-09
photovoltaics,power,AT,23.70426695129027,1.4225054104476113e-09,1.467277776671661e-09,2.1299676157152768e-09,5.8303219162937756e-09,1.7056213340502294e-08,7.194491151134441e-08,6.970206822390719,4.214992842499704,4.78494108506008e-07,1.6044620728771255,5.6145326003268074e-08,3.051790682761082e-08,2.0412009812564123e-08,2.8378483366465343e-08,7.708617030675032e-08,1.0356722810202031e-07,4.923913607117405e-07,3.4746805155543434,1.9670062497111922,0.10321749275098899,6.209579729425759,0.17570308333100887,0.24126751217039508,0.1592774696602517,1.9546121448932667,1.4157000841256246,3.07642921380765,2.9275410566300866,1.465125421480167
photovoltaics,power,BE,4.563906291686485e-09,1.1975937145246686e-09,1.0895262718993965e-09,1.4356291945248676e-09,3.0063735606311735e-09,6.76446459329998e-09,1.40981406748779e-08,3.2627940120808895e-08,7.477339181244403e-08,2.1944640098438785e-07,11.423065879250093,1.276864581061611,1.719600732935751e-07,3.4905729767753944e-08,2.4033110635423884e-07,1.1118962431285613,0.8742890179859667,0.4227787955398514,1.0372370340944812,3.4797850730235704,1.860037066694804,1.518218957697709e-07,3.020352502717339e-07,3.7485775375152577,0.22440135894596647,0.5914665507947605,3.095459375399771,1.7329642527154236,1.8073457669417474,3.14267429591865
photovoltaics,power,BG,3.4569982322794996,7.801462366030614e-09,4.838943183824891e-09,7.148195504350983e-09,4.683222796808405e-08,0.9559856155386933,8.993361202349701e-08,0.11600608020890858,2.1507152960882907e-07,0.9274665279625873,2.1862056306227705e-07,1.280362852883408e-07,1.1367713313486428e-07,1.0402475730687822e-07,7.647795362473825e-08,0.30416480553749237,8.07588004436188e-08,4.008863274641716e-08,3.295334662404669e-08,7.857078561229551e-08,1.6317794522278848e-07,1.211391747700759,2.3130532493187026,0.5290217524011843,0.6966971050817213,0.18539463974513334,1.5803695634561907e-06,4.5405141225720344e-05,0.2305233647477528,0.00048762098787156593
photovoltaics,power,CH,20.157670034079864,3.883087663441662e-09,2.999014414272791e-09,3.5272009878834264e-09,2.8331720395164526e-08,7.849263882188367,6.054518897847302,1.0153609173893818,0.30052636668484517,3.753257158763674e-07,2.0052064322340044,7.20517474158151e-08,3.124278970687936e-08,4.649882026442397e-08,3.3283331550788915e-08,4.6501330870112286e-08,2.0323146494518904e-08,4.131039397605163e-08,1.0935260293305643e-07,0.4724479782633419,2.756336120067011,6.542743564605835,1.2256587455619825,0.2393341304827635,0.29187609649563206,4.316104079291742,1.941103168562855,1.084562137757961,0.7475435327548292,3.8044379726103144e-06
photovoltaics,power,CZ,5.548603089476749,1.430223191679962e-09,1.4068532537232489e-09,2.277882638192054e-09,5.637773685706156e-09,2.401624167225963e-08,1.7883713185299476e-07,1.0772623614575394,1.2439684714361692e-07,4.483426045422141e-08,3.3863125499127155e-08,9.268901261375981e-09,6.65361673452629e-09,4.94827576787318e-09,6.9068770179634445e-09,1.1417480098059781e-08,1.0123598449484306e-08,9.005948162569147e-09,9.100518048942535e-09,8.998333678429402e-09,8.181083166412702e-09,9.277085409153978e-09,1.3478518407030621e-08,2.071064498618083e-08,3.0496127454353484e-08,3.856594513702687e-08,4.27119179081987e-08,5.658104667522488e-08,7.106906119506959e-08,1.1339485562352641e-07
photovoltaics,power,DE,1.053203525479734e-08,1.5735335449679098e-09,1.5081507791466254e-09,2.056594494243471e-09,4.883668129918074e-09,8.088976575585496e-07,1.6577649190347715e-07,5.461995592431208e-07,6.128375251042461e-06,2.652166831053768,4.01156075746194,3.3755561893392826e-07,1.680759855511977e-07,5.703689879942223e-08,6.508786837904299e-07,4.30012982445184e-05,3.4591638181481006,2.360808310864879e-06,3.5112410451837213,6.270739193708033,8.39485689520878,38.01410970513698,6.370995184999336,0.754854567424607,6.074279711099982,2.517454182930921e-06,6.647716357981288,2.135131045125825,2.982145022078234,4.857816866144328
photovoltaics,power,DK,4.434865546761796e-10,3.8575408397784055e-10,3.9923698502709334e-10,4.677333608452567e-10,5.641471506203701e-10,6.79727300591483e-10,7.687095139269827e-10,8.647051690148368e-10,9.824283398635036e-10,1.124942595532606e-09,1.3461528622573712e-09,1.0401724331341878e-09,1.1079520893595348e-09,1.1973533443976993e-09,1.375442185348554e-09,1.5742761342472711e-09,1.638458015651483e-09,1.7542554204402813e-09,1.9591302259323493e-09,2.2365382140339385e-09,2.610863058988848e-09,2.9036037464809244e-09,3.819302197780006e-09,5.1059822314148924e-09,6.51382268451792e-09,8.582380659775895e-09,1.037332351685346e-08,1.4326314696011679e-08,2.082562421029289e-08,3.8937216895837724e-08
photovoltaics,power,EE,4.150024953514849e-10,3.0749971780161306e-10,2.9942257984358206e-10,3.4845170510438147e-10,4.2037152623588036e-10,5.610954785572755e-10,6.530596912633765e-10,6.772185204447674e-10,7.12880313093874e-10,9.49924399272485e-10,1.3483941896894398e-09,1.4169443071037708e-09,1.5437656880490107e-09,1.6512571684070325e-09,1.7410109648464846e-09,1.818955534467745e-09,1.5837871699248545e-09,1.5366207729511186e-09,1.4937037203304445e-09,1.5670603329382001e-09,1.6527399994657387e-09,1.8312261347366322e-09,2.1784817740277284e-09,2.7055869275142273e-09,3.464115656366582e-09,4.569116420054288e-09,5.9454783803701305e-09,8.239745778200321e-09,1.3584356818451606e-08,3.227544321323513e-08
photovoltaics,power,EL,7.889771043426063e-10,6.40075395475103e-10,6.41613902364364e-10,7.788195160306488e-10,1.0812778310486879e-09,1.459281108837174e-09,1.6806779613611166e-09,1.900149831521623e-09,2.0954393572865453e-09,2.5883455839897645e-09,3.1405933275973922e-09,2.373278557470749e-09,3.1456243619093125e-09,4.512164324035483e-09,5.3334635616176005e-09,6.765069806929013e-09,7.068830203947004e-09,7.523772762388694e-09,8.09267473136792e-09,1.1061147281091129e-08,1.7423031151878563e-08,3.53274608333549e-08,1.6986771590612225e-07,0.5196734295388312,0.036484014719257295,0.09259568276615034,0.013747205088025346,0.020625484914642573,6.0480754889821506e-06,4.4341024913724364e-06
photovoltaics,power,ES,15.800659076448778,2.8959665681087956e-09,2.045644492021154e-09,2.492510783079912e-09,4.668662399578917e-09,1.6725392955206273e-08,5.679520178926725e-08,1.4158456683357499,1.8656084110198282e-07,4.1233639315539696e-08,2.8139790266607394e-08,1.74454964099582e-08,2.4578132680023328e-08,4.685778980222899e-08,1.3195773730940252e-07,6.281437438909073,2.4917018311134926,5.986145623413647,5.487246300539637,1.0167341834656978e-06,6.034243118066538,0.7537072472573136,4.461304037019944e-07,0.9942086553593298,1.5403819222810308e-05,0.6230388073201734,0.5888795747786802,0.5215955461783892,0.12036046730185514,7.422834931169119
photovoltaics,power,FI,2.1766779085441276e-10,1.3746804780029342e-10,1.5022791739921433e-10,1.8128743432186831e-10,2.2968187482713743e-10,3.2756563944212127e-10,3.572067685215846e-10,3.825827377406662e-10,4.4575357294796114e-10,5.360683257972414e-10,6.305754640079026e-10,6.31903709853827e-10,6.129973702061974e-10,7.848760261416594e-10,9.760078050966694e-10,1.1259185677517277e-09,1.2644000477250297e-09,1.394398126245531e-09,1.530581087526138e-09,1.593541759210381e-09,1.701667854893753e-09,1.8298423134063892e-09,2.1444748191998373e-09,2.487396096599541e-09,2.9541566854394907e-09,3.732962056374384e-09,4.701418729248463e-09,6.774070862767937e-09,1.2216388360317747e-08,2.7322442343826247e-08
photovoltaics,power,FR,1.5322738129521062e-09,1.3612512607264146e-09,1.4410403627551339e-09,1.8053065169649075e-09,3.1965766387695135e-09,5.9484730440330565e-09,8.154262504473051e-09,1.2152433172884038e-08,1.479236251251e-08,1.753732936543271e-08,4.452342482017611e-08,3.957678930411038e-08,3.469464054978232e-08,3.998396726628439e-08,5.5201876771051015e-08,5.898432425025532,0.9451294416908844,6.300004528651627e-08,1.6535106292189446e-07,3.2113175554889813e-07,0.0697562921918465,6.8981663862966185,2.4375960912273342,2.5638010014067314,1.2542114832056936,4.215548754369809,0.6171236351592356,7.060418252010518e-07,0.23834772503588353,1.0107786640341998
photovoltaics,power,HR,2.529645276098223,2.5052024600364503e-09,1.9344168617140283e-09,2.338917225896522e-09,4.386424011141087e-09,1.1244732063950001e-08,2.0608273077631042e-08,2.1369203354861296e-08,1.8343854666534235e-08,1.2772966686508437e-08,1.0345251899201839e-08,6.684809078659941e-09,1.056266820432909e-08,2.095835240317271e-08,3.0257555192156735e-08,1.468126488673736e-07,1.203699602434706e-07,6.73532152666687e-08,3.8134646966363376e-08,7.224735154334666e-08,6.355425669565711e-08,4.0112294260318487e-08,7.455373069174286e-08,1.5892453805561488e-07,2.066083983528453e-07,1.4069382272848594e-07,8.439539852008848e-08,1.076629411749773e-07,1.2578663586316158e-07,2.3091439912152362e-07
photovoltaics,power,HU,8.210226799826342e-10,7.323028694830967e-10,7.135587530164526e-10,8.264236907400351e-10,1.0769720315644982e-09,1.4659155789758472e-09,1.5864965212441432e-09,1.7266657927165292e-09,1.9508326915241466e-09,2.1430345587380858e-09,6.879506049444525e-09,2.3164804107380484e-09,2.6421979261068586e-09,3.0933217014200982e-09,3.412914771838329e-09,4.068651198169212e-09,4.317366430814817e-09,4.578786262507533e-09,4.837893015537622e-09,5.24274995600359e-09,5.008145794042522e-09,5.2553691920057675e-09,6.272442146160412e-09,7.65287104422966e-09,1.0047148154377965e-08,1.425818159731663e-08,1.6067217336170407e-08,1.9886207650200665e-08,2.9207357745465484e-08,6.630677711561855e-08
photovoltaics,power,IE,5.139627808602727e-10,3.4611560138107407e-10,3.602477617379272e-10,4.0698243061540407e-10,4.810597214113327e-10,6.010887892575846e-10,6.244105006192915e-10,7.335025653873815e-10,8.716660415730161e-10,1.0767179838833657e-09,1.5960020877044424e-09,1.510663501214729e-09,1.8186728869012914e-09,2.3751097164486064e-09,2.950793892669512e-09,3.586936064315442e-09,3.990423359311179e-09,4.436020158070583e-09,4.96952318171723e-09,5.621214838079664e-09,6.5293874077673065e-09,7.198149975045775e-09,9.070412110252551e-09,1.1785250436472171e-08,1.4977768282549782e-08,1.9201816790743376e-08,2.3348810786794176e-08,2.490103377574029e-08,4.029942456591686e-08,8.394429621288268e-08
photovoltaics,power,IT,35.10870377132316,4.377450124447136e-09,2.78494476496023e-09,2.7450727686182982e-09,6.104161870646553e-09,9.952725120857747e-08,2.6320171103287444e-08,1.314023578983311e-08,3.411609653548486e-08,1.5559001304260413e-08,2.3868014198885593e-08,4.0941159751104976e-09,4.439858329409189e-09,5.0303606937228094e-09,6.119482165574079e-09,8.741961286042375e-09,1.0649744047950547e-08,1.3464035150258427e-08,1.863111736929271e-08,3.5582431985537104e-08,1.0661374761579622e-07,6.096576328432576,0.5803980284900995,4.111301550884363e-07,1.681888187411995e-07,8.801386330652554e-08,7.288395167926427e-08,7.849755034020251e-08,9.307913122914922e-08,1.5572119595345527e-07
photovoltaics,power,LT,6.477255341408022e-10,4.285816437516543e-10,4.5820344229350564e-10,5.539138455353929e-10,6.81387805639245e-10,8.537231672188306e-10,1.096131586748115e-09,1.3141221469940338e-09,1.6283033836487375e-09,2.0784088546148838e-09,2.5677628363712005e-09,2.6170408925446213e-09,2.711212758136322e-09,2.747349763628639e-09,2.727532103043686e-09,2.623523187590823e-09,2.321607605133578e-09,2.253776982447499e-09,2.0261502604359267e-09,2.161761435603718e-09,2.3695903911141326e-09,2.648648081757378e-09,3.138010641217315e-09,3.807752571761167e-09,4.8857798151753025e-09,6.934819200240888e-09,8.490113872074426e-09,1.0989651003808473e-08,1.6497280095977673e-08,3.217973211715921e-08
photovoltaics,power,LU,3.1347754538735263e-07,3.3311852010914794e-09,2.379251952584035e-09,2.613674752002474e-09,9.655202730801087e-09,1.8709992530745077e-07,8.059558153466078e-08,2.6358152571190267e-07,5.8821606727711365e-08,3.357721623255628e-08,8.748903469410546e-08,1.583079959288941e-08,2.14380334939824e-08,4.111649801255541e-08,4.462386475030109e-08,6.05951408444478e-07,2.3786065776859753e-07,2.131355014307897e-08,5.45088384442534e-08,9.940211930516613e-08,1.8408229466755948e-07,1.5640424405073374e-07,1.941281862016287e-07,5.282036873664039e-07,5.973184378078642e-07,2.0443395364021678e-07,2.0839080672879844e-07,1.4573238705366695e-07,3.7797521184730314e-07,5.887088619686699e-07
photovoltaics,power,LV,2.16206266660284e-07,2.4711429604835046e-09,2.106446185373969e-09,3.0702917046452568e-09,6.688272635891779e-09,2.5041784792626156e-08,4.234246752437895e-08,5.092727036887972e-08,6.52289495549217e-08,1.0187554971169235e-07,3.15417768118161e-07,2.1365046793863486e-07,2.4110622246194813e-07,1.8815514573263115e-07,7.365213412123943e-08,3.4256088661858887e-08,2.1337972433651474e-08,1.9198208269634272e-08,1.4356906367441065e-08,1.56169038075444e-08,1.8766032500367344e-08,2.282133814002663e-08,3.61851626378948e-08,5.353798183757709e-08,6.567140897353584e-08,6.454381122720034e-08,5.429135743937301e-08,6.299728673289749e-08,8.879565622547948e-08,1.9536609561988757e-07
photovoltaics,power,NL,1.0522977797493357e-09,8.79193461482657e-10,8.695075818287279e-10,1.0828591586752143e-09,1.6042719520346878e-09,2.7392192155986086e-09,3.7108715371545424e-09,4.748813423148476e-09,5.746683321792823e-09,6.867421224186702e-09,8.240534506648315e-09,8.522481577265816e-09,9.252750105980339e-09,9.407631346857185e-09,1.2424379609913815e-08,1.4103833531885528e-08,1.4269295503848345e-08,1.3209302253465408e-08,1.461833926695204e-08,1.568657871323318e-08,1.653292795539761e-08,1.87651592281918e-08,2.493746647736928e-08,3.1258528314722414e-08,4.091621428379343e-08,8.55715409248873e-08,1.0976458228679466e-07,1.1486326433531478e-07,3.1944142957975874e-07,1.3257218805898998e-06
photovoltaics,power,NO,2.577729488133321e-10,1.2807637531917616e-10,9.73157230081922e-11,1.304013803999423e-10,2.387935298673036e-10,3.629192303026217e-10,4.1210664501014385e-10,5.057248366852611e-10,5.704951740616e-10,6.349632472779206e-10,7.624601178147235e-10,8.115752031847194e-10,8.382089970588682e-10,9.30652881960538e-10,1.1385818140284047e-09,1.36825198133307e-09,1.5351610275325735e-09,1.6947898303137585e-09,1.936122878131934e-09,2.082272899732318e-09,1.7277660573203165e-09,1.2494037414284832e-09,1.6089307766686648e-09,1.9184092661616756e-09,2.8565792153086674e-09,5.56992205457716e-09,5.125930669847571e-09,6.3600915584612915e-09,1.1197020284103985e-08,3.432800042664718e-08
photovoltaics,power,PL,2.7053462848966937e-09,1.0600016208310643e-09,1.1276881307555362e-09,1.5720204687683948e-09,3.3158295978396673e-09,6.779431652743745e-08,7.518419593045927e-08,1.319667741148514e-07,4.284223619298594e-07,2.6462170153209753e-06,0.5629692308842872,5.712156374117969e-08,2.3158931935387867e-08,1.3687790388996062e-08,9.897288695309896e-09,8.847759260975909e-09,7.760676835163354e-09,7.511370760234033e-09,7.444336257782394e-09,8.148908111659626e-09,9.420357064432599e-09,1.138893864824193e-08,1.3905904400047955e-08,1.6935614053533617e-08,2.043259849382343e-08,2.505385545951699e-08,3.2561567933707825e-08,4.964443555002701e-08,1.0179733401935576e-07,0.6923433160253774
photovoltaics,power,PT,9.017899181537212,3.874297782157261e-09,2.4421139661306373e-09,2.501999067996876e-09,4.6551408069157274e-09,1.402067212685044e-08,5.303018161797314e-08,1.0900560138943933,0.07098001413870494,7.760692520332541e-08,4.612240787966877e-08,1.2480578415632598e-08,1.8070059193359197e-08,4.4672496819308345e-08,2.1076942710089675e-07,1.3551203495633348,1.4588301042906718e-07,0.9125494763933247,2.490025128978544e-06,0.8068445142545257,1.6987835897421342,2.3231154345065134e-07,8.786552560398543e-08,1.1195136745346812e-07,7.84680400605139e-08,2.573348529257824e-07,8.874503269481202e-07,5.249576785504965e-07,3.723264693993822e-07,3.0185100563422927e-07
photovoltaics,power,RO,2.4394460022342424e-09,1.6097865096550366e-09,1.5464973846174747e-09,2.0085897131067085e-09,3.5824843912969358e-09,6.436707794125432e-09,7.800517986113757e-09,8.429282144077468e-09,9.77142599406699e-09,8.98928922663696e-09,1.1643710633024602e-08,7.262046678042219e-09,8.699062549366841e-09,1.1257103520681019e-08,1.2429772291475214e-08,1.9088306417773713e-08,1.7596250784489607e-08,1.6876871823992395e-08,1.72221191245888e-08,2.0380358657826304e-08,2.1835651239296127e-08,2.5034212688063093e-08,3.62810965403581e-08,6.544162640000141e-08,1.3325338380740183e-07,1.8151246954306805e-07,4.0822729364360954e-07,1.5163261394425927e-07,1.5862174344321237e-07,2.384223954897167e-07
photovoltaics,power,SE,2.620791560359829e-10,2.4842644280164673e-10,2.626926028588703e-10,3.000425149143567e-10,3.480045084598238e-10,4.040411581199731e-10,4.570197564151658e-10,5.221378048648033e-10,5.879773378762895e-10,6.629736875713288e-10,7.944851298740494e-10,8.241700799161427e-10,9.180139734491189e-10,1.0041283122383514e-09,1.077116177215758e-09,1.1962281063599464e-09,1.1824391941814673e-09,1.2417768431166871e-09,1.4098401749566146e-09,1.671166465571935e-09,1.9952989069267947e-09,2.2106526716863116e-09,2.598241719080938e-09,3.2595134446185233e-09,4.297792871599451e-09,5.647307261757766e-09,6.458852732805469e-09,7.960875605130119e-09,1.3037714157442662e-08,3.063960039497601e-08
photovoltaics,power,SI,6.872598653119965e-10,4.0210603353504043e-10,3.8449854952244306e-10,4.887136058925388e-10,6.208699454265121e-10,9.498065021934152e-10,1.0757458159181436e-09,1.118105478109798e-09,1.1360410214002422e-09,1.1834527959422373e-09,1.4917982175449808e-09,1.085764968074206e-09,1.175743837277765e-09,1.3940816647788426e-09,1.6494878230110763e-09,2.307862658657995e-09,2.312990835648854e-09,2.4367458718248596e-09,2.849668567790401e-09,3.455206571505721e-09,4.8325048291663846e-09,5.590925854098522e-09,6.6361640932689386e-09,7.735032326717143e-09,9.014783178237079e-09,8.761991539700164e-09,7.882547038399008e-09,8.584649013398142e-09,1.5539770005284107e-08,3.769011179251751e-08
photovoltaics,power,SK,0.5738447697347985,1.2458693137156527e-09,1.3351895326376147e-09,2.373849809244909e-09,6.34941882861474e-09,3.6740328168034167e-08,0.29757768320476014,6.078006647112583,7.156157519327515e-08,2.6837123243077095e-08,1.3992691233019016e-08,6.963531485132615e-09,9.431234938591105e-09,1.7074521619145137e-08,2.8336804275394784e-08,0.018599611143380313,0.0067630365172548,0.5950521280265267,0.37788823823262296,0.5848124574191085,2.7662691119030107e-07,1.4218188380875356e-07,1.5551855193111027e-06,3.2791982472221095,0.7057033522646236,0.7657977856928865,0.004992678183888256,0.007437072172370879,0.0010276156269311046,1.4844482852791902e-06
photovoltaics,power,UK,4.529936598988825e-10,4.465252511733113e-10,4.663971752095518e-10,5.4156171065393e-10,6.790609615608385e-10,8.967428193284545e-10,1.0579623955863633e-09,1.3049933460882307e-09,1.5486049631412312e-09,1.8215772279108411e-09,8.057227723629061e-09,2.122141537367462e-09,2.450194137947987e-09,2.819313260727068e-09,3.2554382097135504e-09,3.732956441146986e-09,4.01590702835103e-09,4.2790645583560045e-09,4.5900837475014855e-09,4.945317251205834e-09,5.4310831816763315e-09,6.079839456791062e-09,7.123751435544567e-09,8.535265820031349e-09,1.0366050326458731e-08,1.2953152153747593e-08,1.3250425179467747e-08,2.0779344181176335e-08,3.2984453504286883e-08,7.292430439814918e-08
power_line,power,AT-CH,1.177242764729376e-09,6.546637678235948e-10,5.765494776727749e-10,5.421532731711359e-10,5.583080830519366e-10,5.258489076235545e-10,5.147422347850703e-10,5.078805183219107e-10,4.3724456792627353e-10,4.130204836604985e-10,3.7154820617300755e-10,3.983779564851028e-10,4.507072114784151e-10,5.269260371293488e-10,6.312620471695946e-10,6.943067297917421e-10,8.111144420538292e-10,9.436380347764775e-10,1.0855873394407274e-09,1.2959597945360434e-09,1.5070526121252424e-09,1.6982061882692533e-09,2.3659850667366105e-09,3.3373685954318785e-09,5.192803834679654e-09,1.3556059560585788e-08,0.025241738096007535,3.4711474007715965e-07,0.10567611747996175,0.01581741104601346
power_line,power,AT-CZ,1.4999999030192428,6.844082993001582e-09,3.1398690069553498e-09,4.223535278479873e-09,5.788170346363334e-09,1.2381586998945004e-08,8.02906420664071e-09,5.4535076282869934e-09,3.6026650669384007e-09,2.498438845108395e-09,1.626983126573745e-09,1.25595702853974e-09,1.0567678755021392e-09,9.343573788980064e-10,9.998360478274539e-10,9.349318052482177e-10,9.48420180841827e-10,9.553077173064498e-10,1.0507042675666035e-09,1.1460001069348951e-09,1.221567898850475e-09,1.3705200894705295e-09,1.569719750144144e-09,1.7380916358791006e-09,2.0669342461940466e-09,2.381262740488445e-09,2.7379720561132995e-09,3.3372767379222946e-09,4.238755715561996e-09,6.348007646520174e-09
power_line,power,AT-DE,1.2223660740609674,3.4191778895740898e-09,3.0533481891377325e-09,3.6192305997914735e-09,4.3954254574040215e-09,2.7601603685152914e-08,0.011762041073364898,2.875708941808346,2.136735044938102,1.0617516136844277e-07,1.8693821349048878e-08,1.5847001782601153e-08,1.486875919253064e-08,1.1237169260709769e-08,0.19032052909338143,1.0601497084654004e-08,1.182302355021234e-08,1.0672788242644922e-08,1.2952359969021164e-08,1.879464342466799e-08,3.183089471619988e-08,7.993749998146341e-08,5.870932984609268e-08,6.182536157677312e-08,8.82729564698989e-08,1.989074953342938e-07,0.4509588717368213,0.21214325204722947,3.6372099377285284e-06,6.593576339213812e-07
power_line,power,AT-HU,4.724075626636466e-09,1.2219401302496966e-09,1.3628782950335915e-09,1.6069068041294939e-09,2.281211247747396e-09,5.672780514195517e-09,8.110257703283573e-09,5.7276787215137975e-09,8.690574063027076e-09,1.0400336513300265e-08,7.192124666683384e-09,4.092143168226491e-09,8.893932065179164e-09,4.472700252764932e-08,0.13841421058554645,1.0930266804095171e-07,4.18595084642267e-08,1.7452590240859965e-08,1.7655838402752683e-08,3.2183837284076444e-08,2.6313106314531933e-08,1.3728880966093316e-08,2.4444893086307883e-08,5.65113210512362e-08,2.3828709445306426e-07,0.3299011458368689,0.1483488227997014,0.10021335606409672,0.09902770702372916,0.33115278088513656
power_line,power,AT-IT,1.4999999620383748,2.7474448350780134e-09,1.5762562468426904e-09,9.039760242079888e-10,9.938225402601987e-10,9.392747364938496e-10,6.897284080936106e-10,5.500397395254964e-10,4.4604790553125897e-10,4.200483809559065e-10,4.003325398668088e-10,3.617081893155269e-10,3.9594049948863114e-10,4.4263846364727894e-10,4.962215918652806e-10,5.382818708578816e-10,5.75923809796673e-10,6.100705778649865e-10,7.069510515537336e-10,7.772492116020299e-10,8.98087399543488e-10,9.536969652967911e-10,1.1284488883035694e-09,1.3391281167682407e-09,1.523550716129836e-09,1.783461433814567e-09,2.250304326696573e-09,2.355237921194289e-09,2.8098550142471476e-09,3.980035600590288e-09
power_line,power,AT-SI,6.245929497675657e-09,4.547115682287388e-09,4.7603639414801236e-09,4.684266489616725e-09,7.757498510123584e-09,5.212465170093119e-08,5.0028578530519104e-08,0.09065319771773936,3.536489501781247e-08,5.635374589837998e-08,4.274759700032543e-08,4.570287453257774e-08,4.2579427309510836e-08,9.14886076049978e-08,0.8072462774754989,0.007388377072844719,0.017268908918747487,0.02680347666378449,0.02863768581008091,0.14753263793061164,1.0238416757106784e-07,1.0893202744759063e-08,2.2960452467093758e-08,7.668496831573773e-08,1.1847291823472883e-07,1.3149050553669286e-07,2.5447260373195187e-07,0.15121358997173753,0.020120374781726506,1.1690098009468587e-06
power_line,power,AT-SK,0.0,0.0,0.0,0.0,0.0,0.0,0.0,0.0,0.0,0.0,0.0,0.0,0.0,0.0,0.0,0.0,0.0,0.0,0.0,0.0,0.0,0.0,0.0,0.0,0.0,0.0,0.0,0.0,0.0,0.0
power_line,power,BE-DE,2.9999999773599115,3.3137826669578185e-10,3.30126672226782e-10,3.4551960671862123e-10,3.430591033369191e-10,3.4101179861293423e-10,3.4658222109716484e-10,3.4547335009148853e-10,3.4399574911588996e-10,3.4466698107283614e-10,3.506523294155319e-10,3.346970711921713e-10,3.460566438210593e-10,3.596716914062088e-10,3.7812975023299593e-10,4.0553505761665416e-10,4.3314990835911924e-10,4.640192364799577e-10,5.0744712171914e-10,5.56967007170616e-10,6.086956948228808e-10,6.804422905797673e-10,7.715861258396918e-10,8.674224983925278e-10,9.526155392680173e-10,9.993793326934374e-10,1.0857058329875638e-09,1.3033718122946129e-09,1.703825321265165e-09,2.6746863129011564e-09
power_line,power,BE-FR,4.334336009510674e-10,3.226766434723349e-10,3.0621590653171434e-10,2.3158805360971998e-10,2.4019194073878187e-10,2.536636942504355e-10,2.7142803053718456e-10,3.066749856881433e-10,3.5350103661328207e-10,4.180724679396691e-10,5.224110049657453e-10,6.710338691206068e-10,8.145710419994438e-10,1.0027241469125905e-09,1.1237146007459567e-09,1.1004251323269096e-09,1.0263217387312223e-09,1.0005383916436325e-09,1.0406940110164411e-09,1.104448419237589e-09,1.0030671307045111e-09,1.0284485550850422e-09,1.5357489246072074e-09,2.57635646496447e-09,1.9389328357960066e-09,4.485749193273273e-09,5.413042675354541e-09,4.267898002619071e-09,6.260841081927358e-09,9.84853894081094e-09
power_line,power,BE-LU,7.685786996156424e-09,3.34708962659237e-09,3.552964696071648e-09,1.886768569844058e-09,2.259788031158147e-09,2.849592373385752e-09,3.747490401930567e-09,5.699062427341085e-09,1.0292786824414601e-08,2.9855679311515676e-08,0.36869777008189253,6.146043460158449e-08,2.07369135959775e-08,1.1996053539743078e-08,8.79110409663244e-09,7.012707852921543e-09,6.094821469839245e-09,4.9705458857356826e-09,3.941320473659676e-09,3.2665902961997462e-09,3.5353492934338527e-09,4.051500438280853e-09,5.109212423641831e-09,6.861365148485597e-09,9.884704783440975e-09,1.292215651736255e-08,1.6423393487735885e-08,2.0582337734931535e-08,3.6329281078613096e-08,6.133865030398757e-08
power_line,power,BE-NL,1.2469845380553362e-09,7.113850870775734e-10,7.321186209674093e-10,7.628947404023056e-10,8.389525715375386e-10,9.611104292741203e-10,1.1547609782733395e-09,1.4228086884240724e-09,1.563740568796676e-09,1.6338430794691863e-09,1.6880669104822333e-09,2.005595549703223e-09,2.0522767614283977e-09,2.3463654684127326e-09,3.538695994790562e-09,5.9556127798382455e-09,6.13382699283459e-09,5.226278302999038e-09,8.211572437531651e-09,9.283981886385876e-09,8.655353163303999e-09,1.1749685104305564e-08,1.95444072695519e-08,3.373704441972505e-08,8.834411105236914e-08,1.2255627228070833,0.2193477075483389,0.271070467415056,0.5335613641151953,1.1315661538802333
power_line,power,BE-NO,0.0,0.0,0.0,0.0,0.0,0.0,0.0,0.0,0.0,0.0,0.0,0.0,0.0,0.0,0.0,0.0,0.0,0.0,0.0,0.0,0.0,0.0,0.0,0.0,0.0,0.0,0.0,0.0,0.0,0.0
power_line,power,BE-UK,6.908315118909052e-10,6.46433858938702e-10,4.5461603596609355e-10,4.5033452558638635e-10,4.690306452055624e-10,5.210150158626476e-10,6.132089661570097e-10,7.638280184622053e-10,9.966036064124629e-10,1.3002170533448258e-09,2.1442739604212934e-09,2.8321993616427557e-09,3.3092045724259292e-09,3.126959325809679e-09,4.273132118533769e-09,5.538442407857769e-09,3.1501668636860005e-09,3.742259861643748e-09,2.902325244448658e-09,3.206487314831924e-09,3.437201579625052e-09,3.723478652060783e-09,6.73170808310414e-09,6.693985365583636e-09,3.424215125570591e-08,4.416789894110013e-08,9.692892735194589e-08,2.2815364844106815e-07,8.352983358326837e-08,1.1722571109368774e-07
power_line,power,BG-EL,0.9999999523043579,1.2917435862800362e-09,7.449037747625841e-10,6.855086058498024e-10,7.691802769971863e-10,9.463222810658012e-10,1.1951186668935703e-09,1.252333340384451e-09,1.1145090593197315e-09,8.652424664792934e-10,9.33900122074609e-10,8.442391561671048e-10,7.689375428502435e-10,7.184802128426054e-10,7.534758863102899e-10,8.592888325001377e-10,1.0933281825476658e-09,1.4239089740157616e-09,1.8385580383491345e-09,2.0401819525271353e-09,2.4619047726684275e-09,2.288850678927778e-09,3.219906173089015e-09,2.830863942141613e-09,2.4303808988729477e-09,2.229746450435718e-09,2.1228931539302028e-09,2.0837783654865163e-09,2.249008976262475e-09,2.8736053746242922e-09
power_line,power,BG-RO,0.3706464880080268,0.14898537267403142,0.2975883168488408,2.984660393087937e-09,5.538481031308636e-09,0.08793418900666806,0.08912917559307933,2.654592372464085e-08,0.0057162635858282905,1.4575838514702046e-07,3.0218602459048904e-09,1.4274928035471404e-09,8.382722393831043e-10,7.988183138043572e-10,6.375932914853619e-10,5.184290676212967e-10,4.5017270375413857e-10,4.1357362454335837e-10,4.0475252062289014e-10,4.0214168653927665e-10,3.8095304316115396e-10,3.773215760491629e-10,3.8224039378383757e-10,3.870518428617976e-10,3.843045650554954e-10,3.881098775601794e-10,4.085780058628419e-10,4.552316066811691e-10,4.978099103038162e-10,7.158833393071947e-10
power_line,power,CH-AT,0.0,0.0,0.0,0.0,0.0,0.0,0.0,0.0,0.0,0.0,0.0,0.0,0.0,0.0,0.0,0.0,0.0,0.0,0.0,0.0,0.0,0.0,0.0,0.0,0.0,0.0,0.0,0.0,0.0,0.0
power_line,power,CH-DE,4.199999988736756,3.0387627756224405e-10,3.0332149964155633e-10,3.187185657973021e-10,3.371741738535289e-10,3.6400926209785187e-10,3.6127345155110954e-10,3.45083770792584e-10,3.287516722082413e-10,3.152637871171472e-10,3.057933759526804e-10,2.8075207156793047e-10,2.7568175364788585e-10,2.6615204505107056e-10,2.7086322427935625e-10,2.74793320224322e-10,2.8430451064335587e-10,2.9345528178384467e-10,3.0332151775687487e-10,3.1526023512159645e-10,3.309796214602789e-10,3.506194829967818e-10,3.625842525243212e-10,3.7983690146202503e-10,4.0304848860623915e-10,4.3260354540074735e-10,4.734009235955305e-10,5.283544078737084e-10,5.914916709257635e-10,7.840007129890138e-10
power_line,power,CH-FR,1.9198193829112926e-09,2.365352106522156e-09,3.2030861781644667e-09,4.041882793212089e-09,6.069379576709005e-09,4.528703991915342e-08,2.5863403136735434,0.013659577874695707,6.5092640332198525e-09,2.3136387654457776e-09,1.7565750428479065e-09,1.4427626851899543e-09,1.454432775491799e-09,1.4278812466086532e-09,1.4725115133891869e-09,1.4934184080948864e-09,1.4596659353092801e-09,1.2317872629626846e-09,1.2691106000667958e-09,1.235586569543671e-09,1.3202497067030455e-09,1.4088105378291364e-09,1.4599763437927346e-09,1.5228665299894878e-09,1.6069074195689763e-09,1.7280484471905466e-09,1.9076411728870575e-09,2.1228439601873084e-09,2.622065638816046e-09,3.7029248661421296e-09
power_line,power,CH-IT,0.8920796753740425,7.323941385877717e-09,3.3574068059302664e-09,2.3933431176824945e-09,4.1515721703608504e-09,0.6591911690080494,5.085148853369478e-09,2.1879164918512826e-09,1.328474632352949e-09,1.2060487095735388e-09,1.148718767112231e-09,1.0237396665140715e-09,1.1437646671143975e-09,1.3383043956042141e-09,1.7165615909626089e-09,2.25919606191942e-09,2.810987496231425e-09,3.273890915511348e-09,4.294400317323249e-09,6.236050709168852e-09,1.2398666399480792e-08,1.3693605960183336e-08,4.4881523700400944e-08,2.464340261252127e-07,6.670252060386295e-07,1.4581498040903333,0.3796372614574845,0.03278036470100655,0.520646782251923,0.10571222711745239
power_line,power,CZ-AT,0.0,0.0,0.0,0.0,0.0,0.0,0.0,0.0,0.0,0.0,0.0,0.0,0.0,0.0,0.0,0.0,0.0,0.0,0.0,0.0,0.0,0.0,0.0,0.0,0.0,0.0,0.0,0.0,0.0,0.0
power_line,power,CZ-DE,1.4999999881902657,1.7815915995281966e-09,1.1330060166380163e-09,7.717548288688183e-10,6.231235591703909e-10,5.398040668208292e-10,4.652030855325685e-10,4.0809131442082814e-10,3.7383401576133087e-10,3.483081085633227e-10,3.342874391197946e-10,3.0527049435080395e-10,2.8185569383137417e-10,2.6333052342981874e-10,2.5143225284882856e-10,2.427408876166211e-10,2.325675248976802e-10,2.2322805230621177e-10,2.1720210675171695e-10,2.147908660031675e-10,2.128403361194869e-10,2.129548935168003e-10,2.0623265127888568e-10,2.049963986367918e-10,2.078218088098321e-10,2.149384410758965e-10,2.286112566648571e-10,2.5028910478200696e-10,2.9288608084225843e-10,3.885621739306104e-10
power_line,power,CZ-PL,0.970765494592723,9.144522341464645e-10,1.1283091105224359e-09,1.644238296994293e-09,3.194465694643486e-09,6.199980103051302e-09,1.6873495092775466e-08,0.5292344032394324,1.2060034537410311e-08,8.187296677366644e-09,1.3450623928812056e-08,4.850213924094994e-09,3.2673410542328142e-09,2.3285559436790485e-09,1.4191063955831818e-09,1.1120142300167866e-09,1.0306842239282265e-09,1.0323890246683844e-09,1.0904052922580429e-09,9.940512189237342e-10,1.2413231143115164e-09,1.4357500343302014e-09,1.7200498019047573e-09,1.903009137161079e-09,2.125043851082165e-09,2.1946623114778397e-09,2.1545096340165604e-09,2.153240933601859e-09,2.248459947024232e-09,2.791708654341255e-09
power_line,power,CZ-SK,1.6217440187499377e-09,1.2595390557995846e-09,1.1716477273067452e-09,1.2933097060857279e-09,1.6452590027136676e-09,2.290485502882625e-09,3.928717021295029e-09,5.4199200336510274e-08,6.63543600183889e-08,3.205375750636193e-08,5.2554475921434486e-08,8.003923262558948e-08,0.21648999665524152,0.18633625931669856,0.0742720073381528,2.2864739487763897e-07,2.4226793563511884e-07,1.5215964780800468e-07,1.0880700763704559e-07,0.02816613388645655,0.5426554622872114,0.2635531071191451,0.0011603032026982069,0.18736556231825657,8.668206694177668e-08,2.1992030136742986e-08,9.138822957205546e-09,7.0247495278508896e-09,5.221299296641149e-09,5.024842562548896e-09
power_line,power,DE-AT,0.0,0.0,0.0,0.0,0.0,0.0,0.0,0.0,0.0,0.0,0.0,0.0,0.0,0.0,0.0,0.0,0.0,0.0,0.0,0.0,0.0,0.0,0.0,0.0,0.0,0.0,0.0,0.0,0.0,0.0
power_line,power,DE-BE,0.0,0.0,0.0,0.0,0.0,0.0,0.0,0.0,0.0,0.0,0.0,0.0,0.0,0.0,0.0,0.0,0.0,0.0,0.0,0.0,0.0,0.0,0.0,0.0,0.0,0.0,0.0,0.0,0.0,0.0
power_line,power,DE-CH,0.0,0.0,0.0,0.0,0.0,0.0,0.0,0.0,0.0,0.0,0.0,0.0,0.0,0.0,0.0,0.0,0.0,0.0,0.0,0.0,0.0,0.0,0.0,0.0,0.0,0.0,0.0,0.0,0.0,0.0
power_line,power,DE-CZ,0.0,0.0,0.0,0.0,0.0,0.0,0.0,0.0,0.0,0.0,0.0,0.0,0.0,0.0,0.0,0.0,0.0,0.0,0.0,0.0,0.0,0.0,0.0,0.0,0.0,0.0,0.0,0.0,0.0,0.0
power_line,power,DE-DK,3.38954157074149e-10,3.4551015233802096e-10,3.6657657961020174e-10,3.87193107927934e-10,4.1174655500133223e-10,4.458797507880365e-10,4.804617365491501e-10,5.221004439483421e-10,5.65938859120156e-10,6.150725205466367e-10,6.747072308231783e-10,6.259433412032465e-10,5.839477338665874e-10,5.705494629670244e-10,6.11302455095914e-10,8.245980954028513e-10,5.945810414384161e-10,5.844647561831671e-10,6.480673938903966e-10,8.081835696378765e-10,1.2032474872744907e-09,3.0070051974983693e-09,3.6262634377333724e-09,4.7222826445403854e-09,5.837686760558993e-09,6.9257364728291e-09,9.815123409990698e-09,1.4243056492426475e-08,2.115297718241957e-08,1.8877886316402757e-08
power_line,power,DE-FR,2.748929603220123e-10,2.8469408384177517e-10,3.0285535563387245e-10,3.1669112830739613e-10,3.423021389367894e-10,3.7261460708238853e-10,4.036321661989464e-10,4.4007726944934073e-10,4.817799988815051e-10,5.321913553365343e-10,5.879190997924373e-10,6.344485699771719e-10,6.802036065497536e-10,7.243554289176078e-10,7.691494325489363e-10,8.309220365700145e-10,7.901025591468061e-10,7.256218172331402e-10,6.944172595106216e-10,6.511808620484698e-10,6.394477857971314e-10,6.482089187526102e-10,7.675631594902305e-10,1.023135778598517e-09,1.0753728360197415e-09,1.3741786428179664e-09,1.829546131880372e-09,2.0824789373306045e-09,3.24461176087385e-09,7.030256384599333e-09
power_line,power,DE-LU,4.4137128745220384e-07,2.5873569934279957e-08,1.539517390816925e-08,4.00074326466976e-09,4.579217748809492e-09,5.9473997726770095e-09,8.695823626966047e-09,2.0464779236379603e-08,6.497053600286353e-08,1.9811123132553883e-07,2.4224343393922614e-06,5.5631052309571524e-08,3.312911250608748e-08,4.02777620613923e-08,9.91278496785585e-08,7.796655112392537e-08,2.4935136941761874e-08,5.949518181679089e-09,5.605591095953275e-09,3.580299017661736e-09,4.335188557567972e-09,4.057837497862667e-09,6.089989207462074e-09,1.3350264711069361e-08,2.4919093043002016e-08,2.4538608207663084e-08,4.9630958018496026e-08,5.3967467972091005e-08,8.90464230841359e-08,2.5913000749302245e-07
power_line,power,DE-NL,5.809488240317573e-10,5.621382086500664e-10,5.508967563364417e-10,5.140300222033588e-10,5.232131701908125e-10,5.703137632541455e-10,5.909512605064824e-10,5.888813589636885e-10,5.675942946024042e-10,6.540516535771836e-10,7.533697532023541e-10,6.221359140820595e-10,6.085989469316237e-10,6.977839528915196e-10,8.042004834222168e-10,9.444902834925546e-10,8.322436307673632e-10,8.204936407460095e-10,9.259077415339682e-10,1.1613101947411828e-09,1.5227699819887447e-09,2.371807738767502e-09,2.1045908391213465e-09,4.194703986620428e-09,5.908870747739374e-09,8.030198644710866e-09,1.475946357091e-08,1.908185281826523e-08,2.7808062591293593e-08,6.114868586407447e-08
power_line,power,DE-NO,1.1283431952285595e-10,1.1753045465406024e-10,1.2435996321199262e-10,1.325819080980868e-10,1.4167076283537391e-10,1.5199998308362774e-10,1.6319251096941612e-10,1.7607310528352212e-10,1.9056392610721738e-10,2.067234656001569e-10,2.259157508942134e-10,2.4853951880040886e-10,2.7309260013076437e-10,3.015437875266001e-10,3.3333796598772375e-10,3.6980454296059363e-10,4.0698360698684426e-10,4.5119762282313134e-10,5.058855068976986e-10,5.763630706078717e-10,6.644444528958535e-10,7.778453972092172e-10,8.928236382494942e-10,1.052541893971564e-09,1.2297797514458342e-09,1.480955156065539e-09,1.7613611061578881e-09,2.1777040443382896e-09,3.2623097862639173e-09,7.488859004873468e-09
power_line,power,DE-PL,4.115022154880112e-09,4.951411764711351e-10,5.542031083367259e-10,6.315982452517747e-10,7.289371137140354e-10,8.174291395156762e-10,9.24802712264123e-10,1.04929400878218e-09,9.894780516107529e-10,9.878606518068188e-10,1.0801246194080444e-09,1.0654795143660162e-09,1.0714196468751256e-09,1.0760044478789435e-09,1.0579927136620221e-09,1.0981073994993928e-09,1.1001027668907096e-09,1.1300516282395593e-09,1.213732257787997e-09,1.22329323822934e-09,1.3644454187176792e-09,1.4912734283813599e-09,1.327111653903771e-09,1.4759924510526805e-09,1.647664266934971e-09,1.927074394706021e-09,2.3610519170269753e-09,2.9696223795977803e-09,4.484628531548725e-09,1.123294167084779e-08
power_line,power,DE-SE,1.4386583317076284e-10,1.4888394336346866e-10,1.5860641179768246e-10,1.699364186594078e-10,1.8203038197342937e-10,1.9550602074709524e-10,2.0921173542494966e-10,2.2627112871532877e-10,2.4340257228290995e-10,2.6385460899432295e-10,2.8968180251103985e-10,3.2142957522716335e-10,3.350320766295659e-10,3.5560180713991916e-10,3.732388251533194e-10,3.953107991263125e-10,3.552461528416266e-10,3.437186367008328e-10,3.5702821531588003e-10,4.0610286548035367e-10,5.001378105042488e-10,9.94338101478345e-10,9.087100877935721e-10,1.1969248672143837e-09,1.4755079144564544e-09,1.7446812981916089e-09,1.9557460044121354e-09,2.3679523441696578e-09,3.5359773117625166e-09,6.334434891102145e-09
power_line,power,DE-UK,1.3957670436972614e-07,1.634873231824457e-08,8.986576373038258e-09,6.97383589147261e-09,7.92891833804113e-09,9.852470573881369e-09,1.0623487700887593e-08,1.2017065396250538e-08,2.214598098158109e-08,2.354797863150687e-08,6.396758396114294e-08,5.718685964633253e-08,2.2553921237306014e-08,1.6920535174117552e-08,2.9809466091139715e-08,5.967958603412844e-08,2.4225535776126375e-08,1.1568741650253578e-08,1.409957695109426e-08,1.3161008627532764e-08,1.3702722694221792e-08,2.4215736396766387e-08,3.1392143603347865e-08,4.328606520485384e-08,6.779402653041416e-08,6.155452464851953e-08,7.555823178201523e-08,4.7976102905261604e-08,1.1978173651322968e-07,1.9638437295553167e-07
power_line,power,DK-DE,0.0,0.0,0.0,0.0,0.0,0.0,0.0,0.0,0.0,0.0,0.0,0.0,0.0,0.0,0.0,0.0,0.0,0.0,0.0,0.0,0.0,0.0,0.0,0.0,0.0,0.0,0.0,0.0,0.0,0.0
power_line,power,DK-NL,1.9999999919537204,1.3705929727809991e-09,4.606109655029553e-10,2.8107584762149146e-10,2.374112682812665e-10,2.1081973956613964e-10,1.9793789790364329e-10,1.8676077330801118e-10,1.7329321943619742e-10,1.6432260395519389e-10,1.610530634756369e-10,1.6725364089012513e-10,1.6584906729308256e-10,1.6406993392882138e-10,1.6370678550621165e-10,1.6741494907813106e-10,1.7678636948099874e-10,1.7934045956254861e-10,1.831157148094922e-10,1.913069014807236e-10,2.023614769924153e-10,2.1213797794808484e-10,2.1396021991079385e-10,2.168844129357964e-10,2.274122424286016e-10,2.404213743071607e-10,2.566556191440146e-10,2.836328311793595e-10,3.277123818715875e-10,4.3768917550737394e-10
power_line,power,DK-NO,1.6832386340317236e-10,1.7189115236155238e-10,1.819097515832892e-10,1.9397762743858568e-10,2.0744225148692793e-10,2.2255895453983754e-10,2.393794797723981e-10,2.5831969142937436e-10,2.7908283902640766e-10,3.019814603834071e-10,3.2710817879207227e-10,3.5518636385058175e-10,3.855414597622417e-10,4.195570656939584e-10,4.5738701377466096e-10,4.986779990671296e-10,5.423936618529053e-10,5.928351127998598e-10,6.486714234233879e-10,7.16266638977505e-10,7.77666544425506e-10,8.53538676489244e-10,8.402037107711824e-10,8.797131714826154e-10,9.502428530074233e-10,1.0873195068250087e-09,1.1834795596407108e-09,1.4277994529321425e-09,2.1769464577449695e-09,5.954691646018106e-09
power_line,power,DK-SE,2.3557694345178157e-10,2.401300252529284e-10,2.573477783261476e-10,2.76203796530931e-10,2.9796591101586897e-10,3.2295723250685254e-10,3.516908780989017e-10,3.85577008765466e-10,4.243495775419695e-10,4.693435594709427e-10,5.210133668094613e-10,5.815491325661558e-10,6.503241434084345e-10,7.327202522209743e-10,8.337717281357761e-10,9.664082099324972e-10,1.1379106287119364e-09,1.3384111396751544e-09,1.637400291912818e-09,2.003491561612904e-09,2.523697204357021e-09,3.3387265634057306e-09,3.5785900484253556e-09,4.206623566565635e-09,4.3894336656631154e-09,4.455996304297968e-09,4.3606916999403895e-09,4.418210444628051e-09,6.2824871945883266e-09,1.4460387457890852e-08
power_line,power,DK-UK,0.299499144332763,0.2659049908425088,2.598099971891265e-09,9.565422098819243e-10,7.974178663833399e-10,8.51867510004224e-10,9.820365374941675e-10,1.156826744687609e-09,1.8922051708371765e-09,3.6749399140351578e-09,1.355767262095335e-08,1.9974649801514104e-08,1.5293475263534485e-08,8.776905924931523e-09,1.1508522761833752e-08,1.546365239547196e-08,1.525358114435435e-08,8.636678517395813e-09,9.278143745487707e-09,1.44197266554938e-08,4.5689267215725205e-08,0.1785751943484409,0.05864951328485478,0.0432908780306645,0.5540759617539731,4.038519391179424e-06,5.996285717832614e-08,1.2511909651253256e-08,5.505560625602474e-09,5.6192159871191955e-09
power_line,power,EE-FI,2.7870466287665133e-10,2.9161725045606073e-10,3.1172009597856836e-10,3.37393761061404e-10,3.651698240908789e-10,3.9714593787893833e-10,4.3406129445819145e-10,4.77150092394614e-10,5.254975877226317e-10,5.843197714126372e-10,6.531401847745416e-10,7.27867183976581e-10,8.133767995154402e-10,9.11682676441543e-10,1.052220564458832e-09,1.1527016951174644e-09,1.221813693250777e-09,1.2208418304501124e-09,1.4720780940031628e-09,1.9816940141178994e-09,3.834675250237781e-09,1.6505495707126008e-08,5.6581754580298696e-08,0.014205297573663643,0.24291635717912466,0.06719272538301194,0.12716616006284875,0.1519353853876544,0.1192866620520909,0.13032721554928434
power_line,power,EE-LV,9.3647405840546e-10,5.666313089453587e-10,5.181276848718952e-10,5.861949822958495e-10,6.957047685678562e-10,8.544858317172168e-10,9.68495051591387e-10,1.0790118519226498e-09,1.1055737904824608e-09,1.1509319752346946e-09,1.2515067251349129e-09,1.5369337253589773e-09,1.7809228517528993e-09,2.065337555726548e-09,2.5805345549919674e-09,3.518474885580746e-09,5.462880792809251e-09,9.976935768404794e-09,1.4497284942742127e-08,1.712906513505274e-08,7.117482587899194e-08,0.5822835982599358,3.25346425574287e-07,1.3451029106099942e-07,4.7659788013013467e-08,2.8471846098702098e-08,1.9732931358235313e-08,1.568319135034977e-08,2.6620458441058274e-08,4.2240960116624725e-08
power_line,power,EL-BG,0.0,0.0,0.0,0.0,0.0,0.0,0.0,0.0,0.0,0.0,0.0,0.0,0.0,0.0,0.0,0.0,0.0,0.0,0.0,0.0,0.0,0.0,0.0,0.0,0.0,0.0,0.0,0.0,0.0,0.0
power_line,power,EL-IT,1.999999992959539,9.882086152504889e-10,4.782508796099663e-10,2.972477062956358e-10,2.7687165294412414e-10,2.546302827522731e-10,2.396471343328491e-10,2.336269605294768e-10,2.2453932405494574e-10,2.0870962091462535e-10,1.9690376168083484e-10,1.960866258174696e-10,1.9273910541205766e-10,1.8736463697274501e-10,1.8782994254422918e-10,1.8433248599947957e-10,1.7196519783469101e-10,1.6011216554508662e-10,1.5882596963332298e-10,1.5687550792087888e-10,1.5480343503003754e-10,1.5232859730790084e-10,1.5241616944158332e-10,1.5152636516478188e-10,1.518377229684109e-10,1.5534367416463662e-10,1.6401434941120196e-10,1.8024785096467368e-10,2.0749142821357162e-10,2.86496059591487e-10
power_line,power,ES-FR,5.999999993016725,1.281627812911185e-09,7.97157435120603e-10,5.182003139881063e-10,4.67973417095151e-10,3.55293709246355e-10,2.7749839898918274e-10,2.2864970085415406e-10,2.01128151590469e-10,1.8046214775814683e-10,1.644553381022185e-10,1.533033820650795e-10,1.4464989558925192e-10,1.3704012556517468e-10,1.3044550000178044e-10,1.2551287182072434e-10,1.2050297921935394e-10,1.163502902085388e-10,1.1297983402736482e-10,1.1018650632131998e-10,1.0782053025497672e-10,1.0609321248221831e-10,1.0575332038871107e-10,1.0599121980712624e-10,1.0680702398833165e-10,1.0910188965074097e-10,1.1400951383652801e-10,1.2216706647051685e-10,1.376352590640472e-10,1.7917177345037846e-10
power_line,power,ES-PT,4.540723436596696e-10,4.763452908937469e-10,5.055515117976245e-10,5.37561966160274e-10,5.688603882733314e-10,6.015483548021025e-10,6.323572988235626e-10,6.616074583041071e-10,6.9461896741157e-10,7.389368990390379e-10,7.958029085417777e-10,9.129058028244072e-10,1.0035317028251333e-09,1.0997810125450013e-09,1.1969276576377718e-09,1.2527226222581235e-09,1.3203036374576637e-09,1.3174092534211674e-09,1.4949426278431372e-09,1.7542227022601232e-09,2.2089542598152346e-09,2.5102570598508268e-09,2.69359628946786e-09,3.022706758965693e-09,3.061301904490964e-09,3.200643785316291e-09,3.2154130477769127e-09,3.6586194596051185e-09,4.802023358755539e-09,9.914597800377238e-09
power_line,power,FI-EE,0.0,0.0,0.0,0.0,0.0,0.0,0.0,0.0,0.0,0.0,0.0,0.0,0.0,0.0,0.0,0.0,0.0,0.0,0.0,0.0,0.0,0.0,0.0,0.0,0.0,0.0,0.0,0.0,0.0,0.0
power_line,power,FI-NO,0.5040457258215602,0.021683938562298864,3.7977452166229893e-08,6.901940174367127e-09,7.848177194261099e-09,8.18441500504488e-09,8.533252639387527e-09,8.05927782175372e-09,6.881346202219187e-09,4.968162391685602e-09,4.579251274560977e-09,3.9040671990040444e-09,3.7810907212399865e-09,3.4988550173971267e-09,3.2137703943969716e-09,2.683300308724827e-09,2.1395308588662915e-09,2.4181208215444854e-09,2.7044058375656627e-09,2.428831246031464e-09,1.9411073515120536e-09,1.4540171701910162e-09,1.642591400621252e-09,1.870875367868029e-09,2.1525360515010293e-09,2.568486422600945e-09,3.2706069345924136e-09,4.844578649071096e-09,8.500519842295234e-09,2.2197422148475974e-08
power_line,power,FI-SE,7.753202983178644e-09,1.0009408447164174e-08,8.102779432385106e-09,6.624015057030741e-09,8.79814253112558e-09,1.3694273593100665e-08,2.5002230379252694e-08,8.797445885118003e-08,0.38472349391787464,7.540156257607431e-08,1.7199852123688142,0.5660949844246235,0.25699148763288565,0.41966689268489793,0.27648390697852276,6.23873759389173e-08,6.115052182248176e-09,1.1470931046284514e-08,2.1163270753603406e-08,3.135957720435815e-08,5.0876237394761e-09,2.054882738313878e-09,2.4447076145213794e-09,3.1212643402462735e-09,3.730971648416713e-09,4.057117620791755e-09,4.247720920280788e-09,4.770834064639082e-09,7.877789602940879e-09,2.0601883768266196e-08
power_line,power,FR-BE,0.0,0.0,0.0,0.0,0.0,0.0,0.0,0.0,0.0,0.0,0.0,0.0,0.0,0.0,0.0,0.0,0.0,0.0,0.0,0.0,0.0,0.0,0.0,0.0,0.0,0.0,0.0,0.0,0.0,0.0
power_line,power,FR-CH,0.0,0.0,0.0,0.0,0.0,0.0,0.0,0.0,0.0,0.0,0.0,0.0,0.0,0.0,0.0,0.0,0.0,0.0,0.0,0.0,0.0,0.0,0.0,0.0,0.0,0.0,0.0,0.0,0.0,0.0
power_line,power,FR-DE,0.0,0.0,0.0,0.0,0.0,0.0,0.0,0.0,0.0,0.0,0.0,0.0,0.0,0.0,0.0,0.0,0.0,0.0,0.0,0.0,0.0,0.0,0.0,0.0,0.0,0.0,0.0,0.0,0.0,0.0
power_line,power,FR-ES,0.0,0.0,0.0,0.0,0.0,0.0,0.0,0.0,0.0,0.0,0.0,0.0,0.0,0.0,0.0,0.0,0.0,0.0,0.0,0.0,0.0,0.0,0.0,0.0,0.0,0.0,0.0,0.0,0.0,0.0
power_line,power,FR-IT,2.0999999959235516,5.172278887059012e-10,2.578726216770873e-10,1.943464065161212e-10,1.8282837222659273e-10,1.7251783727184815e-10,1.5758775178593937e-10,1.402671029936526e-10,1.2565068548462468e-10,1.119146957106253e-10,1.0126697585132039e-10,9.287863123697725e-11,8.695316578437653e-11,8.320557276242517e-11,8.01781037272795e-11,7.769351231270387e-11,7.720392687711829e-11,7.750860004781782e-11,7.727312615127397e-11,7.804635302398848e-11,7.98720612532515e-11,8.189178251075997e-11,8.475948241202643e-11,8.8406342158651e-11,9.372615424430366e-11,1.0055652322365995e-10,1.1017828909410764e-10,1.2522069440374583e-10,1.5324400444231551e-10,2.2067079904079583e-10
power_line,power,FR-LU,0.0,0.0,0.0,0.0,0.0,0.0,0.0,0.0,0.0,0.0,0.0,0.0,0.0,0.0,0.0,0.0,0.0,0.0,0.0,0.0,0.0,0.0,0.0,0.0,0.0,0.0,0.0,0.0,0.0,0.0
power_line,power,FR-NO,0.0,0.0,0.0,0.0,0.0,0.0,0.0,0.0,0.0,0.0,0.0,0.0,0.0,0.0,0.0,0.0,0.0,0.0,0.0,0.0,0.0,0.0,0.0,0.0,0.0,0.0,0.0,0.0,0.0,0.0
power_line,power,FR-UK,7.220420114839549,2.443375911657818e-09,1.7976340927187166e-09,1.6375823837272067e-09,2.0721615664804674e-09,2.587250069109802e-09,4.020409937185442e-09,8.507589946807266e-09,2.8755430057562714e-08,0.3795781543424053,1.6507768139044783e-06,7.259716041727778e-09,3.256993934105638e-09,1.9711473270262394e-09,1.5018108227006861e-09,1.1400514888076986e-09,9.303132522331127e-10,9.165871637296971e-10,8.132290003285324e-10,7.757926238785713e-10,7.841128677384938e-10,7.952517018535169e-10,7.941376412327499e-10,7.924844757893189e-10,8.096507902471955e-10,8.276090958967279e-10,8.665427617694434e-10,9.201399958720732e-10,1.0032583352135834e-09,1.2552098919939319e-09
power_line,power,HR-HU,7.222815071890265e-10,3.549245538583331e-10,3.9876435409745226e-10,4.926995755508512e-10,4.486405115050375e-10,4.872144675032987e-10,5.431404010806898e-10,6.060685925513907e-10,7.51602264980015e-10,9.132178634954741e-10,9.457258901058329e-10,1.0026160481211657e-09,1.0537003800953504e-09,1.2834607701304046e-09,1.6313613323275388e-09,2.25902419788814e-09,3.042863554993524e-09,4.337978734165679e-09,6.425952202750648e-09,8.470306305021735e-09,9.865899522829963e-09,1.1796861400336873e-08,1.3428110003778154e-08,1.5836857432092132e-08,1.8713159222909344e-08,2.3103829979993302e-08,2.8946753925155995e-08,3.477109243802478e-08,5.321493805181104e-08,1.204834416912009e-07
power_line,power,HR-SI,1.3884434502399925e-09,8.485421206387025e-10,6.304789432390749e-10,6.42472541414238e-10,6.990395474103203e-10,6.892104651051581e-10,7.086698182997625e-10,7.391125791857937e-10,7.797489491128499e-10,8.623245150176774e-10,9.650648502519229e-10,1.0125626633294488e-09,1.1299582335976342e-09,1.3730462532328472e-09,1.7330326271528215e-09,2.287284655031919e-09,3.1864003742735123e-09,4.6972220520221715e-09,1.0504131153063801e-08,9.744553625558846e-09,1.3668137100672818e-08,1.3974800074206528e-08,0.11846503344002542,0.1509734318837859,0.08363810108661844,0.10587133689237957,0.020214083939875137,0.041037795144175625,0.059450792570687194,0.1638390452099273
power_line,power,HU-AT,0.0,0.0,0.0,0.0,0.0,0.0,0.0,0.0,0.0,0.0,0.0,0.0,0.0,0.0,0.0,0.0,0.0,0.0,0.0,0.0,0.0,0.0,0.0,0.0,0.0,0.0,0.0,0.0,0.0,0.0
power_line,power,HU-HR,0.0,0.0,0.0,0.0,0.0,0.0,0.0,0.0,0.0,0.0,0.0,0.0,0.0,0.0,0.0,0.0,0.0,0.0,0.0,0.0,0.0,0.0,0.0,0.0,0.0,0.0,0.0,0.0,0.0,0.0
power_line,power,HU-RO,2.8214604636845513,8.835795799891366e-09,4.507132355461154e-09,2.792041189427174e-09,2.2628089383965375e-09,1.8998979975734973e-09,1.6640798522081494e-09,1.6098738019749668e-09,1.5314019053624193e-09,1.439044671918183e-09,1.5494615269817552e-09,2.029448949436273e-09,2.4760256464861666e-09,3.073442177157406e-09,5.740745908286315e-09,1.7807035011131866e-08,2.9733911921740497e-08,6.996959601601516e-08,0.20553846643542256,3.407435277840003e-07,6.883815956955626e-08,1.0523759123761416e-07,7.663071698177701e-08,7.997459137843284e-08,1.0558000454869348e-07,5.662288315998676e-08,3.639724540127911e-08,1.3850268995904827e-08,9.776226144220348e-09,8.896443464728774e-09
power_line,power,HU-SI,0.9999999948765351,5.851600984430358e-10,3.207620455316125e-10,2.344009636176656e-10,2.1412878830565677e-10,2.0111035753017388e-10,1.9176983531788123e-10,1.8680304338511588e-10,1.8203108156968344e-10,1.6971595816425622e-10,1.5437427173179216e-10,1.425342810086317e-10,1.219560957377723e-10,1.1148882383377785e-10,1.0021346489765732e-10,9.337688054940796e-11,9.414061533159919e-11,9.65104717554534e-11,9.350534930227734e-11,9.054299314649097e-11,9.086763729660654e-11,9.270635079033738e-11,9.692238835727329e-11,1.0166469896672364e-10,1.0776882230977733e-10,1.1539537061302605e-10,1.270727934903325e-10,1.501840781378869e-10,1.9333843563001677e-10,3.04635413244229e-10
power_line,power,HU-SK,0.9999999958863017,2.052752159713265e-10,1.9466722160008237e-10,1.9591495697797537e-10,1.9774966678243197e-10,1.7702569286599777e-10,1.6230215719193896e-10,1.5083496617034275e-10,1.3723248271824408e-10,1.2297965339686533e-10,1.0282721906991805e-10,1.1575783050057167e-10,1.020803225787703e-10,9.728282832549905e-11,9.540895062161476e-11,9.552391023816208e-11,9.690132635743915e-11,9.745129612466956e-11,1.0125288051975705e-10,1.002286024164469e-10,1.0039832802611492e-10,1.0126469074052285e-10,1.0437370159645942e-10,1.0804230589094428e-10,1.1267776816526021e-10,1.1872491373395233e-10,1.2732690207095596e-10,1.4361063337997997e-10,1.7136282775576362e-10,2.4115287230315605e-10
power_line,power,IE-UK,0.9793410358852855,4.4072142026279625e-09,3.2158970151925805e-09,3.717666568889359e-09,9.64144026562881e-09,0.27465887875977213,1.8233071632417822e-08,6.115872288148008e-09,3.771844466991097e-09,3.396543245800392e-09,2.8963118554704366e-09,2.07255116709178e-09,1.8212293660895541e-09,1.6832003211980703e-09,1.5664242778702404e-09,1.5070416264625896e-09,1.4547966167561045e-09,1.4048111058454999e-09,1.3785381851913194e-09,1.3688341335336985e-09,1.3404848747065405e-09,1.3011179719026962e-09,1.2532240035047779e-09,1.2467533515846527e-09,1.2563195784318083e-09,1.2964325351806226e-09,1.3881376835324638e-09,1.456089570769411e-09,1.7014200062483322e-09,2.3378642689835454e-09
power_line,power,IT-AT,0.0,0.0,0.0,0.0,0.0,0.0,0.0,0.0,0.0,0.0,0.0,0.0,0.0,0.0,0.0,0.0,0.0,0.0,0.0,0.0,0.0,0.0,0.0,0.0,0.0,0.0,0.0,0.0,0.0,0.0
power_line,power,IT-CH,0.0,0.0,0.0,0.0,0.0,0.0,0.0,0.0,0.0,0.0,0.0,0.0,0.0,0.0,0.0,0.0,0.0,0.0,0.0,0.0,0.0,0.0,0.0,0.0,0.0,0.0,0.0,0.0,0.0,0.0
power_line,power,IT-EL,0.0,0.0,0.0,0.0,0.0,0.0,0.0,0.0,0.0,0.0,0.0,0.0,0.0,0.0,0.0,0.0,0.0,0.0,0.0,0.0,0.0,0.0,0.0,0.0,0.0,0.0,0.0,0.0,0.0,0.0
power_line,power,IT-FR,0.0,0.0,0.0,0.0,0.0,0.0,0.0,0.0,0.0,0.0,0.0,0.0,0.0,0.0,0.0,0.0,0.0,0.0,0.0,0.0,0.0,0.0,0.0,0.0,0.0,0.0,0.0,0.0,0.0,0.0
power_line,power,IT-SI,1.3307581717283867,2.9457968048601904e-09,5.912752691301127e-09,2.1301440393218977e-08,0.8142417701378685,7.772175883538408e-09,1.7339334041466929e-09,1.0723399611648978e-09,1.0234003636575341e-09,1.0635349255955267e-09,1.1913953354494552e-09,8.485871368690123e-10,7.52493100075833e-10,1.35697962818765e-09,6.115837649927912e-10,4.722961123566417e-10,4.0593094828488004e-10,3.3455734838091773e-10,3.675341955276607e-10,3.8954405249778154e-10,4.4093754978903195e-10,4.710838559499604e-10,4.961924178470576e-10,5.346709078248747e-10,5.624297263237968e-10,6.02227155971182e-10,6.77020775112208e-10,8.152774407716634e-10,1.0579149065712384e-09,1.612693230577558e-09
power_line,power,LT-LV,0.5655878979055113,0.001868067107717199,3.888628176592903e-08,5.0942608322800665e-08,0.02991805559271817,0.06818928850771626,5.982091648330021e-08,0.041898337418794895,0.013584479151467547,0.010619738880464141,1.172716248060706e-07,0.036568660983650976,7.720610742145265e-08,0.019007957933852012,0.022183300921961014,2.7967688208582283e-08,3.623459647843619e-08,0.008512406889022751,1.1896298907371281e-07,1.8987739663562166e-07,0.04866476944541143,0.13339628739350226,9.92516678838718e-09,5.33562646680334e-09,3.64068512841474e-09,2.8351703378751646e-09,2.4858447001258353e-09,2.229196410308246e-09,2.544009990546286e-09,3.345836403698385e-09
power_line,power,LT-PL,0.6999999929434823,1.201850119581211e-09,5.515959994026348e-10,3.465479279571855e-10,2.682114979703962e-10,2.2226246571157813e-10,2.121167568622989e-10,2.061373662460832e-10,1.9551152249276508e-10,1.875802859721602e-10,1.7468164356592555e-10,1.640723385139745e-10,1.5391595194797712e-10,1.512960334991507e-10,1.4859646204592713e-10,1.472010695264919e-10,1.4841089860316105e-10,1.4670924984651325e-10,1.40407378418486e-10,1.3448222890825458e-10,1.3246681839826453e-10,1.3099253412141647e-10,1.3283239362657476e-10,1.3704754555561784e-10,1.4515376842218607e-10,1.5472848379156152e-10,1.6793319953656833e-10,1.9204585272072475e-10,2.3652586896040485e-10,3.4971718387878535e-10
power_line,power,LT-SE,5.0898795795276e-10,5.267172924975623e-10,5.531315221156283e-10,5.677313234861604e-10,5.86950150621413e-10,6.031183902256388e-10,6.762775324120175e-10,8.001816595615988e-10,7.532701059919692e-10,8.591320723883694e-10,1.1741153627540438e-09,1.2217799935097991e-09,1.1956137775674496e-09,1.510933397014016e-09,2.31859598229769e-09,4.414004867664573e-09,6.364514452424454e-09,6.016787344909991e-09,6.556336444126502e-09,1.0926019500573659e-08,1.1243502533069852e-07,1.599999730267827,7.007839982778009e-08,1.439430254721665e-08,5.67814145412475e-09,3.7070997437209436e-09,3.054589485586945e-09,2.612264096763659e-09,2.9394559921154096e-09,3.7801315497273385e-09
power_line,power,LU-BE,0.0,0.0,0.0,0.0,0.0,0.0,0.0,0.0,0.0,0.0,0.0,0.0,0.0,0.0,0.0,0.0,0.0,0.0,0.0,0.0,0.0,0.0,0.0,0.0,0.0,0.0,0.0,0.0,0.0,0.0
power_line,power,LU-DE,0.0,0.0,0.0,0.0,0.0,0.0,0.0,0.0,0.0,0.0,0.0,0.0,0.0,0.0,0.0,0.0,0.0,0.0,0.0,0.0,0.0,0.0,0.0,0.0,0.0,0.0,0.0,0.0,0.0,0.0
power_line,power,LU-FR,0.0,0.0,0.0,0.0,0.0,0.0,0.0,0.0,0.0,0.0,0.0,0.0,0.0,0.0,0.0,0.0,0.0,0.0,0.0,0.0,0.0,0.0,0.0,0.0,0.0,0.0,0.0,0.0,0.0,0.0
power_line,power,LV-EE,0.0,0.0,0.0,0.0,0.0,0.0,0.0,0.0,0.0,0.0,0.0,0.0,0.0,0.0,0.0,0.0,0.0,0.0,0.0,0.0,0.0,0.0,0.0,0.0,0.0,0.0,0.0,0.0,0.0,0.0
power_line,power,LV-LT,0.0,0.0,0.0,0.0,0.0,0.0,0.0,0.0,0.0,0.0,0.0,0.0,0.0,0.0,0.0,0.0,0.0,0.0,0.0,0.0,0.0,0.0,0.0,0.0,0.0,0.0,0.0,0.0,0.0,0.0
power_line,power,NL-BE,0.0,0.0,0.0,0.0,0.0,0.0,0.0,0.0,0.0,0.0,0.0,0.0,0.0,0.0,0.0,0.0,0.0,0.0,0.0,0.0,0.0,0.0,0.0,0.0,0.0,0.0,0.0,0.0,0.0,0.0
power_line,power,NL-DE,0.0,0.0,0.0,0.0,0.0,0.0,0.0,0.0,0.0,0.0,0.0,0.0,0.0,0.0,0.0,0.0,0.0,0.0,0.0,0.0,0.0,0.0,0.0,0.0,0.0,0.0,0.0,0.0,0.0,0.0
power_line,power,NL-DK,0.0,0.0,0.0,0.0,0.0,0.0,0.0,0.0,0.0,0.0,0.0,0.0,0.0,0.0,0.0,0.0,0.0,0.0,0.0,0.0,0.0,0.0,0.0,0.0,0.0,0.0,0.0,0.0,0.0,0.0
power_line,power,NL-NO,1.597233389769588e-09,9.079012404697759e-11,8.719379738419825e-11,8.819163540027912e-11,1.0254758405150904e-10,1.0411866735557793e-10,1.0573604098745601e-10,1.0822245324018001e-10,1.0988903628179662e-10,1.1186025344313002e-10,1.147747334506639e-10,1.1253500134612757e-10,1.1469158908231936e-10,1.1574100708915802e-10,1.1818111186514769e-10,1.222596630957413e-10,1.2762140665692352e-10,1.3499201976260084e-10,1.4413476269125035e-10,1.5246985581205524e-10,1.5324417736425364e-10,1.417572265750163e-10,1.7818820493874753e-10,2.251574750902908e-10,3.2906277899771226e-10,4.941470257987222e-10,6.925427808964899e-10,9.914416963054197e-10,1.5578059688038907e-09,3.5924936283662427e-09
power_line,power,NL-UK,1.0952013715261799e-09,1.1968440690386146e-09,7.738714216736423e-10,7.784216299895e-10,8.659756698511966e-10,9.596890627183314e-10,1.0839342069837377e-09,1.2969525900871823e-09,1.8472035409311781e-09,2.6152828199398018e-09,7.622033655964939e-09,1.2760744949856898e-08,1.3384311787853214e-08,5.2081511194697335e-09,6.265786286217551e-09,9.878549786555045e-09,8.082805557757194e-09,8.49164733518769e-09,8.231743523931908e-09,8.672819775926506e-09,2.001162109493211e-08,3.538768835977154e-08,4.203555385349257e-08,2.293178234301899e-08,3.304193205171372e-08,4.618751902444301e-08,1.1201871747396835e-07,6.359076846041609e-07,0.07384305363796136,0.9834349267132246
power_line,power,NO-BE,0.0,0.0,0.0,0.0,0.0,0.0,0.0,0.0,0.0,0.0,0.0,0.0,0.0,0.0,0.0,0.0,0.0,0.0,0.0,0.0,0.0,0.0,0.0,0.0,0.0,0.0,0.0,0.0,0.0,0.0
power_line,power,NO-DE,0.0,0.0,0.0,0.0,0.0,0.0,0.0,0.0,0.0,0.0,0.0,0.0,0.0,0.0,0.0,0.0,0.0,0.0,0.0,0.0,0.0,0.0,0.0,0.0,0.0,0.0,0.0,0.0,0.0,0.0
power_line,power,NO-DK,0.0,0.0,0.0,0.0,0.0,0.0,0.0,0.0,0.0,0.0,0.0,0.0,0.0,0.0,0.0,0.0,0.0,0.0,0.0,0.0,0.0,0.0,0.0,0.0,0.0,0.0,0.0,0.0,0.0,0.0
power_line,power,NO-FI,0.0,0.0,0.0,0.0,0.0,0.0,0.0,0.0,0.0,0.0,0.0,0.0,0.0,0.0,0.0,0.0,0.0,0.0,0.0,0.0,0.0,0.0,0.0,0.0,0.0,0.0,0.0,0.0,0.0,0.0
power_line,power,NO-FR,0.0,0.0,0.0,0.0,0.0,0.0,0.0,0.0,0.0,0.0,0.0,0.0,0.0,0.0,0.0,0.0,0.0,0.0,0.0,0.0,0.0,0.0,0.0,0.0,0.0,0.0,0.0,0.0,0.0,0.0
power_line,power,NO-NL,0.0,0.0,0.0,0.0,0.0,0.0,0.0,0.0,0.0,0.0,0.0,0.0,0.0,0.0,0.0,0.0,0.0,0.0,0.0,0.0,0.0,0.0,0.0,0.0,0.0,0.0,0.0,0.0,0.0,0.0
power_line,power,NO-SE,0.9977348911537761,5.0392393550607496e-09,9.80213189196152e-09,3.75056702569483e-09,2.431791717156188e-09,3.3414642777439602e-09,4.305618075948469e-09,8.590930083978865e-09,2.1208449025867497e-08,3.1529435681586945e-08,0.0022642705044038144,7.769599623524802e-08,3.657623473957671e-08,5.081681182332916e-08,8.519037931955356e-08,4.296825537295259e-07,3.312784564024304e-08,7.941612996887245e-09,6.933467636844348e-09,5.12144684317267e-09,4.186250151939651e-09,2.686288756256735e-09,1.5501153359448152e-09,1.132146943943894e-09,9.050202552877805e-10,7.963982461040929e-10,7.4572176902491e-10,7.288875224788954e-10,7.770477756878974e-10,9.537429813060786e-10
power_line,power,NO-UK,2.399999793489462,1.909782839069002e-09,1.0898511739859195e-09,6.913300890688933e-10,6.240360139248554e-10,5.556730273896115e-10,4.992940189653408e-10,4.703711064373011e-10,4.776534882237061e-10,5.258835228331598e-10,5.712470131928177e-10,6.162568189265505e-10,6.446305600616805e-10,6.826297522035401e-10,8.13753957922185e-10,9.84670529813235e-10,1.187546317803253e-09,1.4039902159222045e-09,1.8386433373316588e-09,3.0945415477483594e-09,7.489070243041342e-09,1.312710864069785e-07,1.4288682428198878e-08,7.286029516116027e-09,5.0239577758059934e-09,4.159029665123006e-09,3.499022930755596e-09,3.1199834258174626e-09,3.0667342018784324e-09,4.3423185044837465e-09
power_line,power,PL-CZ,0.0,0.0,0.0,0.0,0.0,0.0,0.0,0.0,0.0,0.0,0.0,0.0,0.0,0.0,0.0,0.0,0.0,0.0,0.0,0.0,0.0,0.0,0.0,0.0,0.0,0.0,0.0,0.0,0.0,0.0
power_line,power,PL-DE,0.0,0.0,0.0,0.0,0.0,0.0,0.0,0.0,0.0,0.0,0.0,0.0,0.0,0.0,0.0,0.0,0.0,0.0,0.0,0.0,0.0,0.0,0.0,0.0,0.0,0.0,0.0,0.0,0.0,0.0
power_line,power,PL-LT,0.0,0.0,0.0,0.0,0.0,0.0,0.0,0.0,0.0,0.0,0.0,0.0,0.0,0.0,0.0,0.0,0.0,0.0,0.0,0.0,0.0,0.0,0.0,0.0,0.0,0.0,0.0,0.0,0.0,0.0
power_line,power,PL-SE,5.738426033136634e-10,3.245298514120771e-10,3.2874166044938877e-10,3.24126459518242e-10,3.649346203519515e-10,4.312722721688254e-10,5.610163997923049e-10,7.853293066311097e-10,8.584554688628026e-10,1.1086530846366784e-09,2.3554111411168038e-09,2.779974179710882e-09,6.157874341800503e-09,2.7727342082855976e-08,0.3799371312683325,0.027278234053761365,0.2848718347456718,1.1737218171322113e-08,7.844311804534803e-09,1.0677191815613861e-08,0.13616816568847614,0.17174444872716388,6.647632869051803e-08,1.0829584079403519e-08,5.984984233714936e-09,4.342810922617301e-09,3.6228084663433797e-09,3.190805561512154e-09,3.5579125129300805e-09,5.047759604242825e-09
power_line,power,PL-SK,0.9999999871011419,2.4553328269587204e-09,1.158997581430694e-09,7.67312912771525e-10,6.187078472466531e-10,5.221246913452084e-10,4.5496360938146107e-10,4.618235545709626e-10,3.798226930470975e-10,3.160724358464507e-10,2.527928312750358e-10,2.6667556100303474e-10,2.2195889202960354e-10,1.9551429484723534e-10,1.922176621758725e-10,1.9314320082498352e-10,2.0169884031425017e-10,2.1813713973703128e-10,2.365156114205388e-10,2.403952842741575e-10,2.402553602933129e-10,2.446333029030859e-10,2.419928807677366e-10,2.433394025526284e-10,2.483066803786545e-10,2.584002996000391e-10,2.7748164458572065e-10,3.0806342637158217e-10,3.6559976528783507e-10,5.276745098004962e-10
power_line,power,PT-ES,0.0,0.0,0.0,0.0,0.0,0.0,0.0,0.0,0.0,0.0,0.0,0.0,0.0,0.0,0.0,0.0,0.0,0.0,0.0,0.0,0.0,0.0,0.0,0.0,0.0,0.0,0.0,0.0,0.0,0.0
power_line,power,RO-BG,0.0,0.0,0.0,0.0,0.0,0.0,0.0,0.0,0.0,0.0,0.0,0.0,0.0,0.0,0.0,0.0,0.0,0.0,0.0,0.0,0.0,0.0,0.0,0.0,0.0,0.0,0.0,0.0,0.0,0.0
power_line,power,RO-HU,0.0,0.0,0.0,0.0,0.0,0.0,0.0,0.0,0.0,0.0,0.0,0.0,0.0,0.0,0.0,0.0,0.0,0.0,0.0,0.0,0.0,0.0,0.0,0.0,0.0,0.0,0.0,0.0,0.0,0.0
power_line,power,SE-DE,0.0,0.0,0.0,0.0,0.0,0.0,0.0,0.0,0.0,0.0,0.0,0.0,0.0,0.0,0.0,0.0,0.0,0.0,0.0,0.0,0.0,0.0,0.0,0.0,0.0,0.0,0.0,0.0,0.0,0.0
power_line,power,SE-DK,0.0,0.0,0.0,0.0,0.0,0.0,0.0,0.0,0.0,0.0,0.0,0.0,0.0,0.0,0.0,0.0,0.0,0.0,0.0,0.0,0.0,0.0,0.0,0.0,0.0,0.0,0.0,0.0,0.0,0.0
power_line,power,SE-FI,0.0,0.0,0.0,0.0,0.0,0.0,0.0,0.0,0.0,0.0,0.0,0.0,0.0,0.0,0.0,0.0,0.0,0.0,0.0,0.0,0.0,0.0,0.0,0.0,0.0,0.0,0.0,0.0,0.0,0.0
power_line,power,SE-LT,0.0,0.0,0.0,0.0,0.0,0.0,0.0,0.0,0.0,0.0,0.0,0.0,0.0,0.0,0.0,0.0,0.0,0.0,0.0,0.0,0.0,0.0,0.0,0.0,0.0,0.0,0.0,0.0,0.0,0.0
power_line,power,SE-NO,0.0,0.0,0.0,0.0,0.0,0.0,0.0,0.0,0.0,0.0,0.0,0.0,0.0,0.0,0.0,0.0,0.0,0.0,0.0,0.0,0.0,0.0,0.0,0.0,0.0,0.0,0.0,0.0,0.0,0.0
power_line,power,SE-PL,0.0,0.0,0.0,0.0,0.0,0.0,0.0,0.0,0.0,0.0,0.0,0.0,0.0,0.0,0.0,0.0,0.0,0.0,0.0,0.0,0.0,0.0,0.0,0.0,0.0,0.0,0.0,0.0,0.0,0.0
power_line,power,SI-AT,0.0,0.0,0.0,0.0,0.0,0.0,0.0,0.0,0.0,0.0,0.0,0.0,0.0,0.0,0.0,0.0,0.0,0.0,0.0,0.0,0.0,0.0,0.0,0.0,0.0,0.0,0.0,0.0,0.0,0.0
power_line,power,SI-HR,0.0,0.0,0.0,0.0,0.0,0.0,0.0,0.0,0.0,0.0,0.0,0.0,0.0,0.0,0.0,0.0,0.0,0.0,0.0,0.0,0.0,0.0,0.0,0.0,0.0,0.0,0.0,0.0,0.0,0.0
power_line,power,SI-HU,0.0,0.0,0.0,0.0,0.0,0.0,0.0,0.0,0.0,0.0,0.0,0.0,0.0,0.0,0.0,0.0,0.0,0.0,0.0,0.0,0.0,0.0,0.0,0.0,0.0,0.0,0.0,0.0,0.0,0.0
power_line,power,SI-IT,0.0,0.0,0.0,0.0,0.0,0.0,0.0,0.0,0.0,0.0,0.0,0.0,0.0,0.0,0.0,0.0,0.0,0.0,0.0,0.0,0.0,0.0,0.0,0.0,0.0,0.0,0.0,0.0,0.0,0.0
power_line,power,SK-AT,0.0,0.0,0.0,0.0,0.0,0.0,0.0,0.0,0.0,0.0,0.0,0.0,0.0,0.0,0.0,0.0,0.0,0.0,0.0,0.0,0.0,0.0,0.0,0.0,0.0,0.0,0.0,0.0,0.0,0.0
power_line,power,SK-CZ,0.0,0.0,0.0,0.0,0.0,0.0,0.0,0.0,0.0,0.0,0.0,0.0,0.0,0.0,0.0,0.0,0.0,0.0,0.0,0.0,0.0,0.0,0.0,0.0,0.0,0.0,0.0,0.0,0.0,0.0
power_line,power,SK-HU,0.0,0.0,0.0,0.0,0.0,0.0,0.0,0.0,0.0,0.0,0.0,0.0,0.0,0.0,0.0,0.0,0.0,0.0,0.0,0.0,0.0,0.0,0.0,0.0,0.0,0.0,0.0,0.0,0.0,0.0
power_line,power,SK-PL,0.0,0.0,0.0,0.0,0.0,0.0,0.0,0.0,0.0,0.0,0.0,0.0,0.0,0.0,0.0,0.0,0.0,0.0,0.0,0.0,0.0,0.0,0.0,0.0,0.0,0.0,0.0,0.0,0.0,0.0
power_line,power,UK-BE,0.0,0.0,0.0,0.0,0.0,0.0,0.0,0.0,0.0,0.0,0.0,0.0,0.0,0.0,0.0,0.0,0.0,0.0,0.0,0.0,0.0,0.0,0.0,0.0,0.0,0.0,0.0,0.0,0.0,0.0
power_line,power,UK-DE,0.0,0.0,0.0,0.0,0.0,0.0,0.0,0.0,0.0,0.0,0.0,0.0,0.0,0.0,0.0,0.0,0.0,0.0,0.0,0.0,0.0,0.0,0.0,0.0,0.0,0.0,0.0,0.0,0.0,0.0
power_line,power,UK-DK,0.0,0.0,0.0,0.0,0.0,0.0,0.0,0.0,0.0,0.0,0.0,0.0,0.0,0.0,0.0,0.0,0.0,0.0,0.0,0.0,0.0,0.0,0.0,0.0,0.0,0.0,0.0,0.0,0.0,0.0
power_line,power,UK-FR,0.0,0.0,0.0,0.0,0.0,0.0,0.0,0.0,0.0,0.0,0.0,0.0,0.0,0.0,0.0,0.0,0.0,0.0,0.0,0.0,0.0,0.0,0.0,0.0,0.0,0.0,0.0,0.0,0.0,0.0
power_line,power,UK-IE,0.0,0.0,0.0,0.0,0.0,0.0,0.0,0.0,0.0,0.0,0.0,0.0,0.0,0.0,0.0,0.0,0.0,0.0,0.0,0.0,0.0,0.0,0.0,0.0,0.0,0.0,0.0,0.0,0.0,0.0
power_line,power,UK-NL,0.0,0.0,0.0,0.0,0.0,0.0,0.0,0.0,0.0,0.0,0.0,0.0,0.0,0.0,0.0,0.0,0.0,0.0,0.0,0.0,0.0,0.0,0.0,0.0,0.0,0.0,0.0,0.0,0.0,0.0
power_line,power,UK-NO,0.0,0.0,0.0,0.0,0.0,0.0,0.0,0.0,0.0,0.0,0.0,0.0,0.0,0.0,0.0,0.0,0.0,0.0,0.0,0.0,0.0,0.0,0.0,0.0,0.0,0.0,0.0,0.0,0.0,0.0
pumped_hydro,energy,AT,4.585913870869263e-09,4.60594952736501e-09,7.54410815109389e-09,8.521177901192165e-09,1.0614339270232842e-08,1.3516039461026445e-08,1.5571218796709106e-08,2.01065289375128e-08,2.5646817806737002e-08,3.0603752429813734e-08,4.500974064942268e-08,4.949715396923587e-08,8.591995520556955e-08,9.556723026085522e-08,2.541743893890842e-07,8.12075268781586e-07,8.353909783438631e-06,2.4632311760002876,50.39936839969135,3.4384802146044375,2.5193434012533946,6.52191545468504,3.5474964418532096e-07,6.52191424774558,3.705732463960842e-07,2.8258229934792917e-07,2.3776982264144932e-07,3.4576950762056124e-07,1.6202239405506452e-07,1.2236025794368544e-07
pumped_hydro,energy,BE,0.0,0.0,0.0,0.0,3.331329367917135e-07,2.3128650751213717e-08,3.6173923516452534e-08,4.7754774470938004e-08,8.058399079662036e-08,1.388248570145423e-07,3.0119677970709446e-06,4.16017009276825e-07,7.391543011297914e-07,0.0006470134697560546,1.7450366529502268e-06,2.3212023526918804e-05,1.681034718894871e-05,6.1981522126051645e-06,0.0002263393069499506,3.072448936958335,2.6305741397005633,0.006049049020955362,3.0691830876525615e-07,2.1221786663754684e-07,1.659432672633358e-07,1.4271561008867155e-07,1.4487685553459207e-07,2.3449170545948646e-07,2.697403629941702e-07,2.683360812049185e-07
pumped_hydro,energy,BG,0.0,0.0,0.0,0.0,0.0,0.0,0.0,0.0,0.0,0.0,0.0,0.0,0.0,0.0,0.0,0.0,0.0,0.0,0.0,0.0,0.0,0.0,0.0,0.0,0.0,0.0,0.0,0.0,0.0,0.0
pumped_hydro,energy,CH,5.238973699306371e-09,7.041923016715138e-09,8.257276114094404e-09,8.898122914565376e-09,9.985903724681777e-09,6.540756178157721e-09,1.552563033053197e-08,1.4682366365416268e-08,2.0668952116691182e-08,3.060992274824116e-08,6.226103933869735e-08,7.185263591996103e-08,1.5331864031745576e-07,2.863118798381518e-07,8.895490939940631e-07,0.39175261056851496,26.080775840361575,1.7519336500270925e-05,2.2967813214134297e-06,8.033126156654552e-07,4.095627834470371e-07,1.9747940145843947e-07,1.1081811792242487e-07,8.332762146266753e-08,7.927423539383446e-08,0.056750654073321034,3.367616203351539e-07,3.2601663562281393,0.12074652056308885,4.4180617494921006e-07
pumped_hydro,energy,CZ,0.0,0.0,0.0,0.0,0.0,0.0,0.0,0.0,0.0,0.0,0.0,0.0,0.0,0.9780158637482703,6.519978344296369e-07,2.693023065051473e-07,2.0722288740249213e-07,1.6376558806133622e-07,1.312649387453716e-07,1.0827677661153163e-07,1.0673160103330078e-07,1.0829971282031214e-07,8.622050723701213e-08,6.503223488059304e-08,4.933739086147461e-08,3.6865659093420105e-08,3.291334802125863e-08,3.414034857945627e-08,3.362208930655343e-08,4.227158598950598e-08
pumped_hydro,energy,DE,4.439064227312883e-08,6.724689816701034e-09,4.004333433247921e-09,7.646029894386803e-09,8.325913742353725e-09,2.2763539689605336e-08,3.127140228409793e-08,4.444464197742776e-08,7.03900267074051e-08,1.0500156261666674e-07,2.6856062049673913e-07,4.621468547468814e-07,1.0852502880276335e-06,1.587400939337788,0.04931670326652504,0.21361890263173358,16.631178614550684,9.938876223193551,4.333394726108046,2.946410316258692e-06,7.745674851416643e-07,2.513506121938118e-07,1.4892483216338749e-07,1.3097878720280514e-07,0.9658940735609985,3.675238514329721e-07,1.817484047931943e-07,1.4506684910187728e-07,1.218710074428218e-07,1.2061331825659242e-07
pumped_hydro,energy,DK,0.0,0.0,0.0,0.0,0.0,0.0,0.0,0.0,0.0,0.0,0.0,0.0,0.0,0.0,0.0,0.0,0.0,0.0,0.0,0.0,0.0,0.0,0.0,0.0,0.0,0.0,0.0,0.0,0.0,0.0
pumped_hydro,energy,EE,0.0,0.0,0.0,0.0,0.0,0.0,0.0,0.0,0.0,0.0,0.0,0.0,0.0,0.0,0.0,0.0,0.0,0.0,0.0,0.0,0.0,0.0,0.0,0.0,0.0,0.0,0.0,0.0,0.0,0.0
pumped_hydro,energy,EL,0.0,0.0,0.0,0.0,0.0,0.0,0.0,0.0,0.0,0.0,0.0,0.0,0.0,0.0,0.0,0.0,0.0,0.0,0.0,0.0,2.316308433319394,1.1582086667516478e-07,5.122531021584109e-08,6.006541937299633e-08,4.984860513230591e-08,4.528852467555596e-08,4.2848763924217265e-08,4.446276885181591e-08,5.601373264115635e-08,7.503606656389462e-08
pumped_hydro,energy,ES,7.022151748969918e-10,3.483150239057166e-09,7.784664896827285e-09,3.884682048443935e-09,5.0166215437757484e-09,5.339826495191179e-09,6.37238493819182e-09,7.077426119665542e-09,7.910536624199472e-09,9.121242469956639e-09,1.0748571318362743e-08,1.2483341670813819e-08,1.4278790518650477e-08,1.5064884799370144e-08,1.0503936582312727e-08,1.4963685193725044e-08,2.8668004184632702e-08,2.808710549944972e-08,4.6619873210982585e-08,5.936637906337183e-08,7.293102108567589e-08,9.708864434564575e-08,9.801300347814523e-08,2.1959257711855833e-07,1.1624422406025144e-05,6.164311312684962e-07,5.544259067389741e-07,8.282187898483203e-07,1.8171154218444892e-06,0.0004583021838829889
pumped_hydro,energy,FI,0.0,0.0,0.0,0.0,0.0,0.0,0.0,0.0,0.0,0.0,0.0,0.0,0.0,0.0,0.0,0.0,0.0,0.0,0.0,0.0,0.0,0.0,0.0,0.0,0.0,0.0,0.0,0.0,0.0,0.0
pumped_hydro,energy,FR,0.0,0.0,0.0,0.0,0.0,0.0,0.0,0.0,0.0,0.0,0.0,1.0853938192667556e-08,1.978910626654993e-08,2.3513241820162012e-08,3.13312246462822e-08,4.1769109057605037e-08,5.650638029353765e-08,8.34262264044339e-08,1.3462140841442646e-07,2.7751222997762816e-07,7.241568091692971e-07,9.909731467519795e-06,19.745186539463266,18.162452491505835,10.513790287468542,7.606459593092813e-06,3.1752785692696237e-06,1.6574420265952807e-05,3.8708458877646645e-06,2.6713387691962623e-06
pumped_hydro,energy,HR,0.0,0.0,0.0,0.0,0.0,0.0,0.0,0.0,0.0,0.0,0.0,0.0,0.0,0.0,0.001027783861865042,0.00069217497568962,2.6421198559426555,6.4577456677331115,0.18678696719573182,1.1640220110562975e-06,0.10861894922184859,2.477774262214859e-07,1.153046053072054e-07,9.30803364692071e-08,8.87262229890263e-08,7.202007317485319e-08,6.890659614151623e-08,7.138549353733307e-08,8.791023899565134e-08,1.3023012997216577e-07
pumped_hydro,energy,HU,0.0,0.0,0.0,0.0,0.0,0.0,0.0,0.0,0.0,0.0,0.0,0.0,0.0,0.0,0.0,0.0,0.0,0.0,0.0,0.0,0.0,0.0,0.0,0.0,0.0,0.0,0.0,0.0,0.0,0.0
pumped_hydro,energy,IE,0.0,0.0,0.0,0.0,0.0,0.0,0.0,0.0,0.0,6.035037991845628e-05,5.44646363645709e-06,2.818430018546531e-06,1.2753279519538425e-06,3.2456531211831537e-06,4.435126625958673e-06,6.0163577107472675e-06,9.937571352375915e-06,6.67966886851183e-06,9.705176971623954e-06,2.2091648916477728e-05,3.7419415592324655e-05,3.874630270941134e-05,1.4861310269294012e-05,1.0999961985992842e-05,6.968485358008679e-06,4.259388711258503e-06,1.7408488009124848e-06,1.4644478592363112e-05,8.844631179530471e-06,1.0317408340076643e-05
pumped_hydro,energy,IT,0.0,0.0,0.0,0.0,0.0,0.0,0.0,0.0,1.6830384197419335e-08,3.2929935213043206e-08,5.03983762474352e-08,7.904325581471231e-08,1.4153307435407915e-07,2.897914502878419e-07,1.6328181235255946e-06,24.059293459498694,7.003129788411112,36.49621008669842,0.43701459318975205,27.537977051853844,1.971326194688754,1.0210149975894048e-06,1.6149793742103966e-07,1.9664591209393878e-07,15.531212331537278,5.874716517643061e-07,31.217736651707774,7.605430902692149e-07,2.747957024380729e-07,3.536438837693642e-07
pumped_hydro,energy,LT,0.0,0.0,0.0,0.0,0.0,0.0,0.0,0.0,0.0,0.0,0.0,0.0,0.0,0.0,0.0,0.0,0.0,0.0,0.0,0.0,0.0,0.0,0.0,0.0,0.0,0.0,0.0,0.000768962857902125,9.6316118470708e-06,5.566459337478461e-06
pumped_hydro,energy,LU,1.565592356311818e-07,6.350192847686513e-09,7.602329650050313e-09,8.162276964257479e-09,4.7157422820518466e-08,1.7082601244598756e-07,6.710864197319725e-08,1.0681867572849426e-07,8.504548464922743e-08,1.393860508881149e-07,7.175531846551255e-07,7.228178110331708e-07,4.722631931331781e-07,8.964182150539597e-07,1.3104645971935839e-06,1.2017092468552106e-07,3.540049038492919e-07,2.2112813230967934e-07,4.106761589084913e-06,4.268663426893743e-06,2.6332308233274494e-05,1.0959569450212847,1.3851773048932199e-06,3.2977794708380914e-07,3.6677795008010696e-07,1.4600930650995986e-07,1.1159752245708521e-07,1.4437080769736006e-07,9.506598261143967e-08,1.0877592179156277e-07
pumped_hydro,energy,LV,0.0,0.0,0.0,0.0,0.0,0.0,0.0,0.0,0.0,0.0,0.0,0.0,0.0,0.0,0.0,0.0,0.0,0.0,0.0,0.0,0.0,0.0,0.0,0.0,0.0,0.0,0.0,0.0,0.0,0.0
pumped_hydro,energy,NL,0.0,0.0,0.0,0.0,0.0,0.0,0.0,0.0,0.0,0.0,0.0,0.0,0.0,0.0,0.0,0.0,0.0,0.0,0.0,0.0,0.0,0.0,0.0,0.0,0.0,0.0,0.0,0.0,0.0,0.0
pumped_hydro,energy,NO,2.3139641314173787e-09,1.880988751617226e-09,2.268459689009712e-09,2.694136952499199e-09,3.197398576904055e-09,4.250299437944596e-09,5.744766331635622e-09,7.71316691015739e-09,7.07493662649542e-09,1.060490908160208e-08,1.3073038710872485e-08,1.7875403100225282e-08,2.1569015373314784e-08,2.613332135907623e-08,3.206256524902451e-08,4.1950674145820916e-08,5.0201348042195064e-08,6.411191267340931e-08,8.509975226955794e-08,1.230852683978559e-07,6.448616046862844e-07,8.016450903470295e-06,1.9162846137706712e-07,4.142566574410647e-06,3.4262182166342566e-07,3.9267295554887286e-07,4.6589696542111483e-07,1.0155525168603413e-06,8.658543748533384e-07,5.089023089807477e-05
pumped_hydro,energy,PL,6.649660377888722e-09,4.034136456120539e-09,6.276700603276884e-09,1.2303553219828014e-08,1.49609361500907e-08,1.9030040403945786e-08,1.6897200310510254e-08,3.3028761891230105e-08,4.198483973932516e-08,5.554258503492705e-08,1.3595672881146378e-07,1.132708801730887e-07,1.6381071568496707e-07,3.001246036699266e-07,1.0367320763001644e-06,0.004611146354559272,4.87549195421874,3.190633729843025,6.949590788859771,0.3729186400688377,0.04501072337935194,0.2517399681956458,2.5829054787913983e-07,1.6181263114067627e-07,1.3041620439906226e-07,1.146988646276992e-07,1.0144485642716684e-07,9.760397073922745e-08,9.838297398519884e-08,1.1285558486306641e-07
pumped_hydro,energy,PT,1.6368701949431852e-09,3.817360013097726e-09,3.858740312367474e-09,4.064156492985743e-09,4.451971980247041e-09,5.021920313210317e-09,5.529386173737624e-09,6.394507137321303e-09,1.7259443980530438e-09,8.261520815327391e-09,9.629563967488228e-09,1.0893460679260368e-08,1.2334813100658139e-08,1.3896838999436727e-08,1.5454165082463148e-08,1.9155819123960663e-08,2.2382256807838546e-08,2.6802500695856166e-08,3.571950869840995e-08,3.875388859005029e-08,4.56669117060404e-08,5.3080974405011354e-08,6.416554833889827e-08,8.242945405433418e-08,1.0570168274902844e-07,1.352833012830357e-07,1.7334910898974913e-07,2.4060874094694966e-07,3.745195258143202e-07,7.06375115676855e-07
pumped_hydro,energy,RO,0.0,0.0,0.0,0.0,0.0,0.0,0.0,0.0,0.0,0.0,0.0,0.0,0.0,0.0,0.0,0.0,0.0,0.0,0.0,0.0,0.0,0.0,0.0,0.0,0.0,0.0,0.0,0.0,0.0,0.0
pumped_hydro,energy,SE,0.0,0.0,0.0,0.0,0.0,0.0,0.0,0.0,0.0,0.0,0.0,0.0,0.0,0.0,0.0001006845636763707,2.336157376376584e-05,2.430317292315444e-05,4.095509631561881e-06,2.5359492404868774e-05,3.580748250349388e-05,0.00015200315183587767,0.04405205292195302,1.0868627580389952e-05,2.314059467053342e-06,1.4748116521777767e-06,4.611601284181808e-06,0.0007941408065372602,0.0015668653823004105,0.0006746559979712246,0.01348402320219276
pumped_hydro,energy,SI,0.0,0.0,0.0,0.0,0.0,0.0,0.0,0.0,0.0,0.0,0.0,0.0,0.0,0.0,0.0,0.0,0.0,0.0,0.0,0.0,0.0,0.0,0.0,0.0,0.0,0.0,0.0,0.0,0.0,0.0
pumped_hydro,energy,SK,0.0,0.0,0.0,0.0,0.0,0.0,0.0,0.0,0.0,0.0,0.0,0.0,0.0,0.0,0.0,0.0,0.0,0.0,0.0,0.0,0.0,0.0,0.0,0.0,0.0,0.0,0.0,0.0,0.0,0.0
pumped_hydro,energy,UK,2.5325093133687915e-09,2.361622451754667e-09,3.0602146528426074e-09,3.327171984215836e-09,4.381046498985883e-09,7.443612344894687e-09,9.439975870113592e-09,1.1496750875059519e-08,1.3557930436171848e-08,1.6154918766793974e-08,1.8261521399612682e-08,2.1562657655448043e-08,2.5636487737503893e-08,3.182394976129864e-08,4.1367245881807016e-08,5.6605394970405006e-08,8.294187895275091e-08,1.3328748856160107e-07,3.0535512380845877e-07,0.00013452499408315015,5.976202638351091e-05,8.58552566139034e-05,4.1257297465709916e-05,2.9209095472023487e-05,9.107556913187263e-06,5.633274783448729e-06,4.523932258453582e-06,2.478878822143449e-05,8.89302058224873e-06,1.5350144452439133e-05
pumped_hydro,power,AT,3.1419234739398325e-10,3.3410019132568993e-10,4.903829944625624e-10,5.55747305569051e-10,6.641477833506144e-10,8.298741183243865e-10,9.831947961759451e-10,1.2443314398292428e-09,1.5529264223260552e-09,1.8613844458700992e-09,2.5862699488147846e-09,2.88186322771215e-09,4.5366454611989856e-09,5.1004025328565415e-09,1.1940829923059674e-08,3.533168333671816e-08,3.500171751241833e-07,0.10263463513421439,2.0999736890939964,0.14327002305090272,0.4198904970641894,0.27175016372748717,3.5843422938922424e-08,0.349614561150103,4.285391916609128e-08,3.9243837039631416e-08,3.4827780280448204e-08,5.3960096728236106e-08,2.317479206744969e-08,1.5948948236627888e-08
pumped_hydro,power,BE,0.0,0.0,0.0,0.0,1.4359079245093662e-08,1.0524074528803071e-09,1.5825814282216313e-09,2.07208001478469e-09,3.4473222661277298e-09,5.890212206221057e-09,1.256342538444295e-07,1.7582734065308104e-08,3.134315489811285e-08,2.6960374401078807e-05,7.382481740343175e-08,9.691320279710168e-07,1.938734610724579e-06,3.963606563344027e-07,1.2495554504067533e-05,0.1466322591041348,0.14047276680177206,0.0010081428402554339,1.7394131038927863e-08,1.2125220884646797e-08,1.0203848218494023e-08,1.0474130895710015e-08,1.4628375578335337e-08,3.1295185326896795e-08,3.6754182975677953e-08,3.175429559285024e-08
pumped_hydro,power,BG,0.0,0.0,0.0,0.0,0.0,0.0,0.0,0.0,0.0,0.0,0.0,0.0,0.0,0.0,0.0,0.0,0.0,0.0,0.0,0.0,0.0,0.0,0.0,0.0,0.0,0.0,0.0,0.0,0.0,0.0
pumped_hydro,power,CH,3.334875244857764e-10,4.1449169873629406e-10,4.739099330046612e-10,5.147245311675431e-10,5.810619683542999e-10,4.675066108921681e-10,8.726968326114961e-10,8.611598057928111e-10,1.1478638823204843e-09,1.603779931717753e-09,2.9807125275849747e-09,3.464459849079028e-09,6.877965106535908e-09,1.2501321929872085e-08,3.76731216972347e-08,0.01632302609388721,1.086698994087425,7.307821232593899e-07,9.643870943936066e-08,3.4208642314246905e-08,1.7851811829045434e-08,9.101412569223588e-09,5.587035564501892e-09,4.606276533756107e-09,4.630364580560562e-09,0.0023646118804361285,1.5715572376410515e-08,0.1358402678972031,0.005031108336592639,2.4784612934989737e-08
pumped_hydro,power,CZ,0.0,0.0,0.0,0.0,0.0,0.0,0.0,0.0,0.0,0.0,0.0,0.0,0.0,0.04075066122052272,2.7222657933815587e-08,1.1278581004167048e-08,8.695546212322222e-09,6.8959725484386475e-09,5.551308508946468e-09,4.605506764973903e-09,4.558185437692327e-09,4.641956552661875e-09,3.739653723021493e-09,2.886517623252962e-09,2.2709057577116087e-09,1.816346980674366e-09,1.755980599416305e-09,1.9459357776730977e-09,2.236697371629682e-09,3.354680725361691e-09
pumped_hydro,power,DE,1.9197041763432284e-09,3.581877880582004e-10,2.194462738448509e-10,3.904031874654289e-10,4.470881745188221e-10,1.0308368575574411e-09,1.3837134552626403e-09,1.9334247977638045e-09,3.01908291460361e-09,4.5250341478568165e-09,1.1388928624461505e-08,1.9444896723250106e-08,4.535375269490476e-08,0.06614170595482338,0.0020548639992402167,0.008900787814101373,0.6929657757978147,0.41411984283016684,0.1805581137705234,1.2297357992780395e-07,3.249179748482463e-08,1.0713342055673061e-08,6.482584604203241e-09,5.7944774870846555e-09,0.04024558721275261,1.5928110498095588e-08,8.285782150896905e-09,7.0262656437177285e-09,6.6517654530123456e-09,8.312701990962239e-09
pumped_hydro,power,DK,0.0,0.0,0.0,0.0,0.0,0.0,0.0,0.0,0.0,0.0,0.0,0.0,0.0,0.0,0.0,0.0,0.0,0.0,0.0,0.0,0.0,0.0,0.0,0.0,0.0,0.0,0.0,0.0,0.0,0.0
pumped_hydro,power,EE,0.0,0.0,0.0,0.0,0.0,0.0,0.0,0.0,0.0,0.0,0.0,0.0,0.0,0.0,0.0,0.0,0.0,0.0,0.0,0.0,0.0,0.0,0.0,0.0,0.0,0.0,0.0,0.0,0.0,0.0
pumped_hydro,power,EL,0.0,0.0,0.0,0.0,0.0,0.0,0.0,0.0,0.0,0.0,0.0,0.0,0.0,0.0,0.0,0.0,0.0,0.0,0.0,0.0,0.09651285187377619,4.986676644095334e-09,2.3487613112704426e-09,2.830613845844626e-09,2.528813896184502e-09,2.503020068297111e-09,2.65644744401204e-09,3.1760560837219705e-09,4.559520044857172e-09,7.317358081610788e-09
pumped_hydro,power,ES,8.12572324525845e-11,2.333321363016101e-10,4.206038210825496e-10,2.6966449489602106e-10,3.26921672559838e-10,3.45092750663005e-10,4.2274689368734847e-10,4.682250578695678e-10,5.130603025349204e-10,5.949374972504427e-10,6.906326410996971e-10,7.944600337382536e-10,8.966785938130645e-10,9.76175444045719e-10,7.827400849423679e-10,1.0135466039764793e-09,1.652192313472919e-09,1.7070008798234102e-09,2.5619234246508794e-09,3.1723079871337717e-09,3.877872615722681e-09,5.027025807372838e-09,5.176182695475336e-09,1.045826592493497e-08,4.861155603779664e-07,2.771220602805984e-08,2.557469422482128e-08,3.774547846001822e-08,8.115618500770219e-08,1.913690151061494e-05
pumped_hydro,power,FI,0.0,0.0,0.0,0.0,0.0,0.0,0.0,0.0,0.0,0.0,0.0,0.0,0.0,0.0,0.0,0.0,0.0,0.0,0.0,0.0,0.0,0.0,0.0,0.0,0.0,0.0,0.0,0.0,0.0,0.0
pumped_hydro,power,FR,0.0,0.0,0.0,0.0,0.0,0.0,0.0,0.0,0.0,0.0,0.0,6.639698261499422e-10,1.0441523756996396e-09,1.2026543724747395e-09,1.5692660042124463e-09,2.0034239607600664e-09,2.6229231319665023e-09,3.762460416205025e-09,5.993373092719377e-09,1.193927496123806e-08,3.055461110430293e-08,4.1356336535408395e-07,0.8227161063665557,0.756768854345672,0.43807459588474545,3.1756754432996797e-07,1.330560296189981e-07,6.916172406705882e-07,1.6286984532391746e-07,1.1504200421972121e-07
pumped_hydro,power,HR,0.0,0.0,0.0,0.0,0.0,0.0,0.0,0.0,0.0,0.0,0.0,0.0,0.0,0.0,5.561837299407239e-05,2.8865464745263594e-05,0.12055450560203779,0.3090981923468738,0.03113111268480608,1.8061101992168214e-07,0.018103152126489882,3.572882409499871e-08,1.4294296219239595e-08,1.150579505828605e-08,1.1364549622980847e-08,8.315275961993277e-09,7.562802655106049e-09,6.2997424519402125e-09,6.272974615915017e-09,9.935111923374766e-09
pumped_hydro,power,HU,0.0,0.0,0.0,0.0,0.0,0.0,0.0,0.0,0.0,0.0,0.0,0.0,0.0,0.0,0.0,0.0,0.0,0.0,0.0,0.0,0.0,0.0,0.0,0.0,0.0,0.0,0.0,0.0,0.0,0.0
pumped_hydro,power,IE,0.0,0.0,0.0,0.0,0.0,0.0,0.0,0.0,0.0,2.515049560116889e-06,2.271176745895116e-07,1.1764808208389327e-07,5.342526981969659e-08,1.3560493882973986e-07,1.8527725684444494e-07,2.5136232574937054e-07,4.1516210380110536e-07,2.8029741116239784e-07,4.085275695229832e-07,9.315019322476678e-07,1.7134601967975603e-06,2.3852903271813748e-06,6.787706430843995e-07,4.828500638800713e-07,3.057703486283919e-07,1.9050940512745767e-07,8.66238235906596e-08,6.355901125579865e-07,3.9552636883225985e-07,4.692882362848647e-07
pumped_hydro,power,IT,0.0,0.0,0.0,0.0,0.0,0.0,0.0,0.0,1.1677862990416126e-09,1.957948121414403e-09,2.807331555436086e-09,4.140592776843859e-09,6.969520892661214e-09,1.35526892148322e-08,7.036404084812302e-08,1.0024705643917837,0.2917970815794101,1.5206754462376497,0.07283574451693185,1.578838646196376,0.3285543476022083,1.5541084785394012e-07,1.7056345444818804e-08,2.8101654665605986e-08,0.8558306135878075,7.90401881675005e-08,1.7056952988843785,1.0605354000832354e-07,2.911959447099478e-08,4.982220596527677e-08
pumped_hydro,power,LT,0.0,0.0,0.0,0.0,0.0,0.0,0.0,0.0,0.0,0.0,0.0,0.0,0.0,0.0,0.0,0.0,0.0,0.0,0.0,0.0,0.0,0.0,0.0,0.0,0.0,0.0,0.0,3.856657108565507e-05,4.7203366589146155e-07,2.872996620689885e-07
pumped_hydro,power,LU,6.856444604791806e-09,2.866892464526789e-10,3.4833792984656724e-10,3.867227081275224e-10,1.9906680332871358e-09,7.1445931046719324e-09,2.8465319425193788e-09,4.495081019418595e-09,3.570509614811422e-09,5.835962131780878e-09,2.9953280750955754e-08,3.015424953042274e-08,1.9756352712674366e-08,3.742847944254408e-08,5.465450427908831e-08,5.1156259141875644e-09,1.4845621747556074e-08,9.287276009618909e-09,1.712187548141463e-07,1.7801021442110555e-07,1.0973472447824623e-06,0.04566487281911581,5.805336406858462e-08,1.399426827707528e-08,1.567844797103714e-08,6.456451835166797e-09,4.98884641724891e-09,6.58360146289381e-09,5.2542496445994615e-09,7.286502837597847e-09
pumped_hydro,power,LV,0.0,0.0,0.0,0.0,0.0,0.0,0.0,0.0,0.0,0.0,0.0,0.0,0.0,0.0,0.0,0.0,0.0,0.0,0.0,0.0,0.0,0.0,0.0,0.0,0.0,0.0,0.0,0.0,0.0,0.0
pumped_hydro,power,NL,0.0,0.0,0.0,0.0,0.0,0.0,0.0,0.0,0.0,0.0,0.0,0.0,0.0,0.0,0.0,0.0,0.0,0.0,0.0,0.0,0.0,0.0,0.0,0.0,0.0,0.0,0.0,0.0,0.0,0.0
pumped_hydro,power,NO,1.6674002926536442e-10,1.4339303295098626e-10,1.6738137094557027e-10,1.9330104268323238e-10,2.2362294795615968e-10,2.76686192518737e-10,3.4922397473771926e-10,4.450983962995838e-10,4.416034610079251e-10,6.064347510214577e-10,7.217141969838903e-10,9.347319648821618e-10,1.0964016416641727e-09,1.3001328180913619e-09,1.6147171085073848e-09,2.0298086267673094e-09,2.391127589871485e-09,2.9895062401024407e-09,3.881760659416606e-09,5.496084974884696e-09,2.7477200104456357e-08,3.346589799831564e-07,8.531122616380633e-09,1.7330680441662105e-07,1.5053016013292066e-08,1.74669765427467e-08,2.1025446902239e-08,4.507156532761959e-08,3.983597882808633e-08,2.139416086790765e-06
pumped_hydro,power,PL,4.0352323806159935e-10,2.980874583508057e-10,4.035945223915977e-10,6.863200328431201e-10,8.009982484778859e-10,9.728324969154861e-10,9.715160383216447e-10,1.5901563938015915e-09,1.9401632072231275e-09,2.5021306307588216e-09,5.869826769241918e-09,4.938803907091412e-09,7.090763605760138e-09,1.284761009410101e-08,4.408024752202061e-08,0.00019213173488918754,0.20314549906267115,0.1329430742802634,0.3407660137726867,0.062152989529657185,0.007501755950246477,0.04195665109334485,3.297710890594115e-08,1.846076792357385e-08,1.4689037370368626e-08,1.3095152801110576e-08,1.152753755707428e-08,1.1028702924426521e-08,1.1135805145650308e-08,1.269763584195412e-08
pumped_hydro,power,PT,1.4577435203832298e-10,2.5435270390909886e-10,2.62794590741328e-10,2.784375246231608e-10,3.0443220157730587e-10,3.399434132718389e-10,3.757097900554819e-10,4.317826835903337e-10,2.0169980314375262e-10,5.423135740868899e-10,6.172677631146858e-10,6.872172799572259e-10,7.614328589817435e-10,8.456126263611985e-10,9.394176406076676e-10,1.1293105129487906e-09,1.368489128878322e-09,1.5606782594427513e-09,1.946882281973529e-09,2.070997439185714e-09,2.3710059849657695e-09,2.6965899994232985e-09,3.186096347622429e-09,3.985263776392084e-09,5.024937153544102e-09,6.377034272203286e-09,8.140191166671016e-09,1.1277107818660983e-08,1.7620962431061033e-08,3.4018687817943054e-08
pumped_hydro,power,RO,0.0,0.0,0.0,0.0,0.0,0.0,0.0,0.0,0.0,0.0,0.0,0.0,0.0,0.0,0.0,0.0,0.0,0.0,0.0,0.0,0.0,0.0,0.0,0.0,0.0,0.0,0.0,0.0,0.0,0.0
pumped_hydro,power,SE,0.0,0.0,0.0,0.0,0.0,0.0,0.0,0.0,0.0,0.0,0.0,0.0,0.0,0.0,4.197144682739062e-06,9.749223952218987e-07,1.0157630386106697e-06,1.8273992463465373e-07,1.1393338441278831e-06,1.8521741218513326e-06,8.128795097109904e-06,0.0019426656313229831,1.6358302418733265e-06,1.0982825744056522e-07,7.383445534830766e-08,3.804493253060067e-07,0.0001322440614502106,0.00026053227020480905,2.865335011042337e-05,0.0005618504165043125
pumped_hydro,power,SI,0.0,0.0,0.0,0.0,0.0,0.0,0.0,0.0,0.0,0.0,0.0,0.0,0.0,0.0,0.0,0.0,0.0,0.0,0.0,0.0,0.0,0.0,0.0,0.0,0.0,0.0,0.0,0.0,0.0,0.0
pumped_hydro,power,SK,0.0,0.0,0.0,0.0,0.0,0.0,0.0,0.0,0.0,0.0,0.0,0.0,0.0,0.0,0.0,0.0,0.0,0.0,0.0,0.0,0.0,0.0,0.0,0.0,0.0,0.0,0.0,0.0,0.0,0.0
pumped_hydro,power,UK,1.9894661094235894e-10,2.0152104629901105e-10,2.3567328205344517e-10,2.5529732248564413e-10,3.112648474122616e-10,4.577826284933378e-10,5.537018977119358e-10,6.554108966859644e-10,7.69171435179711e-10,1.0099791070353812e-09,1.069804291997515e-09,1.2160571937736088e-09,1.4054962090166653e-09,1.6940366777360147e-09,2.138759285949793e-09,2.8521568390284774e-09,4.113695934025456e-09,6.553340178484808e-09,1.4755114407144854e-08,5.976170539177667e-06,2.996520058828145e-06,4.386738707769813e-06,1.9822397807854843e-06,1.369873541461583e-06,4.3745620847752e-07,2.8461451339903147e-07,2.2534760365219576e-07,1.118525663465741e-06,4.478358835836197e-07,7.554108314668282e-07
reservoir_hydro,power,AT,3.1275321842020114,9.820146341033226e-10,0.15644562601804973,1.1364481567733765e-09,1.548173757553421e-09,0.02300670086862501,4.601799227916312e-09,2.1935302753947617e-09,1.5629618202157976e-09,1.4747414497750384e-09,1.6334764093894447,4.902314826443733e-09,2.529615253836127e-09,1.7126131397793389e-09,1.378570765835313e-09,1.3445069275919897e-09,1.3610922435438166e-09,1.686636832602523e-09,0.14034092037133464,5.650716821369172e-09,3.01311022872481e-09,2.474209527593393e-09,0.06211809553107682,7.463684256872113e-09,3.625273726308614e-09,2.312236060420044e-09,1.737005912308305e-09,1.6394790678198615e-09,1.733348149158902e-09,2.310169590607702e-09
reservoir_hydro,power,BE,0.0,0.0,0.0,0.0,0.0,0.012735666569214843,4.4390712575724165e-10,2.176157625292548e-10,1.4337912942866953e-10,1.0838679163821215e-10,8.810725952211284e-11,7.423481436763361e-11,6.475716571354071e-11,5.820912589562777e-11,5.3623173006723945e-11,5.010874646769756e-11,4.741644814930116e-11,4.494309775976676e-11,4.588762063127748e-11,4.452039922496717e-11,4.396644591569508e-11,4.385475683109406e-11,4.417568487182342e-11,4.5071490916368725e-11,4.6782692543452895e-11,4.8920989471480664e-11,5.355754266772889e-11,6.023595146074072e-11,7.652875211998309e-11,1.1495953041390923e-10
reservoir_hydro,power,BG,1.2310309344315047e-10,1.3143006829771315e-10,1.4931593457137777e-10,1.7117467247674906e-10,1.965596115551466e-10,2.0964464996166304e-10,2.2000203436713175e-10,2.4820316291820086e-10,2.9439786239235767e-10,3.730151857248982e-10,3.546220092934495e-10,2.8078772591845924e-10,3.9078051147967424e-10,6.81190398658124e-10,1.4921474738939583e-09,1.1593492057774095e-07,7.0616281324557875e-09,4.25339058424305e-09,4.004248029545425e-09,4.504383231028293e-09,4.540082358919689e-09,5.123780818839472e-09,5.271025659589862e-09,6.215848433948718e-09,7.678072998643097e-09,8.642346098917551e-09,9.538229545672492e-09,1.0131973182172404e-08,1.3464557616360648e-08,2.0156206297836406e-08
reservoir_hydro,power,CH,8.371870127215585e-11,8.53820859387421e-11,8.906759081335487e-11,9.343238831087333e-11,1.0145448119750835e-10,1.0908955801813681e-10,1.1823631112094414e-10,1.283268319441421e-10,1.3920498054858303e-10,1.5058924563626724e-10,1.6267078355390602e-10,1.721404494662007e-10,1.8594562771439568e-10,2.0334524536971852e-10,2.2420472306766963e-10,2.518177092175932e-10,2.790217785925403e-10,3.081328781327712e-10,3.395004017687644e-10,3.8264884931988684e-10,4.2163944635203805e-10,4.798631300948269e-10,5.500273542454106e-10,6.406898402734669e-10,7.581799400633079e-10,9.146157122194943e-10,1.1314984527794919e-09,1.5093575213789874e-09,2.2874533101009947e-09,4.42778755456968e-09
reservoir_hydro,power,CZ,0.0,0.0,0.0,0.0,0.0,9.02392311607565e-08,1.6427565111835537e-08,1.388791779347472e-08,1.3770698444216261e-08,1.4402076080412798e-08,1.0463318928365287e-08,9.385586316569565e-09,9.707729221808087e-09,7.081744020280024e-09,7.3162106890729906e-09,6.77261923934977e-09,4.544823013345573e-09,3.6796097710084695e-09,4.1199052451469e-09,3.972373566129209e-09,3.5546378943334246e-09,3.3465611094627378e-09,4.40382849597262e-09,5.384509331839225e-09,6.109540181809567e-09,5.650738103866963e-09,5.0348818398971134e-09,6.723695422941822e-09,9.530058652310383e-09,1.5802467291564706e-08
reservoir_hydro,power,DE,0.18949999911135487,9.137873811419057e-11,5.474730512899957e-11,3.9299748160673927e-11,3.463081128839585e-11,3.088215043880476e-11,2.785292560275403e-11,2.527709413411977e-11,2.3154441178097666e-11,2.166955361702173e-11,2.01803568782822e-11,1.9753362766422525e-11,1.8708878518015924e-11,1.803464039413664e-11,1.759882016724231e-11,1.7239384420305904e-11,1.6823858360633613e-11,1.6212738108085928e-11,1.7860609400481697e-11,1.7266752834810492e-11,1.7491703765621647e-11,1.7966834696567115e-11,1.8675071837578107e-11,1.9582080431507866e-11,2.088596275230908e-11,2.2043685577079827e-11,2.471865001200983e-11,2.8393316273428997e-11,3.749809617248579e-11,5.948133283974129e-11
reservoir_hydro,power,DK,0.0,0.0,0.0,0.0,0.0,0.0,0.0,0.0,0.0,0.0,0.0,0.0,0.0,0.0,0.0,0.0,0.0,0.0,0.0,0.0,0.0,0.0,0.0,0.0,0.0,0.0,0.0,0.0,0.0,0.0
reservoir_hydro,power,EE,0.0,0.0,0.0,0.0,0.0,0.0,0.0,0.0,0.0,0.0,0.0,0.0,0.0,0.0,0.0,0.0,0.0,0.0,0.0,0.0,0.0,0.0,0.0,0.0,0.0,0.0,0.0,0.0,0.0,0.0
reservoir_hydro,power,EL,4.472311865739458e-11,4.9762599242890955e-11,5.146321282621003e-11,5.2684348936582876e-11,5.627667499978613e-11,6.490186902159967e-11,7.615903993352565e-11,7.912309828902797e-11,8.374883805262348e-11,9.188556925813003e-11,9.496112845860159e-11,9.825701026889548e-11,1.0355258899001931e-10,1.1245508531986917e-10,1.2797339420062253e-10,1.336676095320352e-10,1.4386289692297947e-10,1.5659210271568203e-10,1.7295010822970278e-10,1.9343827627115037e-10,2.1954873720801558e-10,2.555903787770675e-10,2.9286751038478226e-10,3.4095664066046593e-10,4.0559740446264475e-10,5.067748770287299e-10,6.267821611037066e-10,7.421523788008939e-10,1.2750988368045178e-09,1.5075479458572832e-09
reservoir_hydro,power,ES,3.764411985495225e-10,4.002403497653539e-10,4.851868239820899e-10,4.3838361588796517e-10,5.63036362855851e-10,7.209363549891289e-10,8.966603700304625e-10,1.1432553403002055e-09,1.2830756508221856e-09,1.3872688377251664e-09,1.4492657021710937e-09,1.582660310771903e-09,1.7572681886334994e-09,1.7205081941267045e-09,2.106241120010422e-09,2.277808609031951e-09,2.1783605964053966e-09,1.1694589518416645e-07,5.987107577956556e-09,1.611216745012744e-09,1.5446683359764525e-09,2.1916660997727947e-09,2.2423469768294155e-09,2.2134341813379716e-09,2.867783190204312e-09,4.3585345541450195e-09,4.91179152101133e-09,9.472646361912306e-09,2.6446612158308963e-08,1.6256515042901974e-07
reservoir_hydro,power,FI,0.0,0.0,0.0,0.0,0.0,1.344999994726604,1.3999107036082309e-09,7.097940761760494e-10,3.8798535547004927e-10,2.507962366009795e-10,1.8377449226228407e-10,1.585089727837694e-10,1.3476008359697212e-10,1.1946365684564084e-10,1.0912570441499502e-10,1.0064227837891315e-10,9.43652908034198e-11,8.834910631587706e-11,8.358315094187466e-11,7.989479931143736e-11,7.870850812735493e-11,7.87939098247626e-11,8.0217015456539e-11,8.254580947979573e-11,8.628314985305888e-11,9.237451582963751e-11,1.0123249999266373e-10,1.1696679299109733e-10,1.471384975017774e-10,2.3275751403348128e-10
reservoir_hydro,power,FR,3.817762755458973,8.101436001579042e-09,0.3058660459986935,5.4138463290716e-09,0.47957457994293246,0.7887057032147794,0.22735500262101768,1.7336972759555602e-08,1.05008509516735,1.3364862146997132e-08,7.938957562423877e-09,7.857006005820917e-09,9.028382451810922e-09,1.3173836079979256e-08,4.1893830347682386e-07,0.8804680037087496,7.212400937736354e-08,1.1993348710713626e-08,1.6382753620859125e-08,1.108755799554776e-08,7.68928851219507e-09,7.048098805275959e-09,7.013599988847603e-09,7.07479369263778e-09,6.0994639601971265e-09,4.89867626830877e-09,4.284531518908536e-09,4.297337765690441e-09,5.090659956039705e-09,8.462806803184757e-09
reservoir_hydro,power,HR,0.0,0.0,0.0,0.0,0.0,1.3276244509173063,2.0239525757631566e-09,8.248126934963069e-10,4.907468040108724e-10,3.2982476530567176e-10,2.417499626009676e-10,2.1092866370187133e-10,1.767380039921325e-10,1.5883956135222846e-10,1.4444904851298285e-10,1.3429089757366765e-10,1.2655300891689892e-10,1.2187573817306723e-10,1.229040741560073e-10,1.21866787009183e-10,1.2106076391951793e-10,1.233329024841573e-10,1.280738013481423e-10,1.3447298959104383e-10,1.42612537106667e-10,1.5460059876997796e-10,1.7147809468250355e-10,2.0245424578278226e-10,2.6513442422242356e-10,4.3505681978827717e-10
reservoir_hydro,power,HU,0.0,0.0,0.0,0.0,0.0,0.02799999713133397,4.359183748389853e-10,2.132947791637618e-10,1.4388592079632083e-10,1.1353664411653211e-10,9.344603085801168e-11,8.297064592318122e-11,7.534620676607533e-11,6.980884202796183e-11,6.627739360161114e-11,6.365675411397812e-11,6.146787054417959e-11,5.969607378186037e-11,6.124230422444084e-11,6.045913040228446e-11,6.069233973771207e-11,6.177399665815328e-11,6.375580338177991e-11,6.68416167446616e-11,7.157412323283596e-11,7.742610150503519e-11,8.707554066655339e-11,1.0107636476627213e-10,1.3115850305864528e-10,2.0674761578711099e-10
reservoir_hydro,power,IE,0.0,0.0,0.0,0.0,0.0,7.507691598352407e-07,0.0009992022930763523,1.0397154111384879e-08,4.727307403643157e-09,2.580406881510471e-09,1.9162364433668987e-09,1.5974240832185916e-09,1.3617597959430168e-09,1.1700981002298951e-09,1.1024662712925085e-09,1.0279718527145428e-09,1.0048371483454168e-09,9.737756378248208e-10,1.0061964169093524e-09,9.95231808109513e-10,1.0001374561389745e-09,1.0124800857803482e-09,1.0299874253596868e-09,1.0803762779086617e-09,1.1241412413579243e-09,1.195066823252887e-09,1.2613633577854073e-09,1.4273165980067509e-09,1.8046201592333514e-09,2.644470768157646e-09
reservoir_hydro,power,IT,0.0,0.0,0.0,0.0,0.0,6.750845483910367e-06,4.99068009576014e-09,2.0025828036476597e-09,1.0855218893687401e-09,7.582711420680762e-10,6.266283078985786e-10,5.208352989583083e-10,4.86657205662901e-10,4.620119476315658e-10,4.453916323269032e-10,4.558740947489138e-10,4.705514553653809e-10,5.004038773935044e-10,5.133578900064567e-10,5.517575151930799e-10,5.90652896925744e-10,6.276463574669934e-10,6.96903495437789e-10,7.693851016620814e-10,8.58593456179028e-10,9.496527347205538e-10,1.0755814922301302e-09,1.3527997095532576e-09,1.9715420185814774e-09,3.768304053336277e-09
reservoir_hydro,power,LT,0.0,0.0,0.0,0.0,0.0,0.1009999701396583,2.4995186689069753e-09,1.0276562170704599e-09,6.422841187938537e-10,4.664749395744037e-10,3.75862581293343e-10,3.0929939185221376e-10,2.635682003168773e-10,2.2964700522162635e-10,2.0376856113844282e-10,1.8616228223456037e-10,1.7460088003975403e-10,1.6618120637927056e-10,1.8001828056941806e-10,1.7916025417593652e-10,1.8442567259837668e-10,1.9400496374059903e-10,2.2270815632002366e-10,2.599000557974108e-10,3.0925797593059484e-10,3.712304848041134e-10,4.736722296512991e-10,6.322983363663412e-10,9.715513663715486e-10,1.9265539037054707e-09
reservoir_hydro,power,LU,0.0,0.0,0.0,0.0,0.0,0.0,0.0,0.0,0.0,0.0,0.0,0.0,0.0,0.0,0.0,0.0,0.0,0.0,0.0,0.0,0.0,0.0,0.0,0.0,0.0,0.0,0.0,0.0,0.0,0.0
reservoir_hydro,power,LV,0.0,0.0,0.0,0.0,0.0,5.3398857935366875e-08,5.613164456056464e-09,3.6105647864669536e-09,3.1999854063000338e-09,3.2136312046686836e-09,3.498769338934559e-09,2.652449452425956e-09,2.8088149680606254e-09,2.834422789277174e-09,2.658762563682043e-09,2.4313929014649864e-09,2.3069898314555686e-09,2.2857591031170414e-09,2.6936181381904225e-09,2.6711164191460605e-09,2.6420647010847867e-09,2.6115703786872966e-09,3.152989199158835e-09,3.729824438441147e-09,4.219069601246445e-09,4.744024184842687e-09,5.318947210426791e-09,6.127279042357017e-09,7.97392483317654e-09,1.239083791405448e-08
reservoir_hydro,power,NL,0.0,0.0,0.0,0.0,0.0,0.0,0.0,0.0,0.0,0.0,0.0,0.0,0.0,0.0,0.0,0.0,0.0,0.0,0.0,0.0,0.0,0.0,0.0,0.0,0.0,0.0,0.0,0.0,0.0,0.0
reservoir_hydro,power,NO,1.1230416169916647e-09,5.03400713144079e-10,6.9735085500498e-10,7.788492098890782e-10,1.1820902653908762e-09,1.564164316245172e-09,2.345156716208632e-09,4.460122980417474e-09,3.8581537479685725e-09,3.2626428335520275e-09,2.9831852130310994e-09,2.8777013930911383e-09,2.8387708573569716e-09,2.4741861613879482e-09,2.222084448644788e-09,2.197491710681305e-09,2.0158263279305294e-09,1.7390593860007556e-09,1.584570058986216e-09,1.492352259261837e-09,1.4514104371797026e-09,1.4179235433544158e-09,1.7555467827296252e-09,2.0566456422538496e-09,2.4623911195366856e-09,3.0034868548321048e-09,3.6710428829266504e-09,4.764264691070366e-09,6.879791896413063e-09,1.0806202768217662e-08
reservoir_hydro,power,PL,0.0,0.0,0.0,0.0,0.0,0.0,0.0,9.199182431077967e-11,1.2479100550891335e-10,1.0182510299877753e-10,9.640930529073841e-11,9.650551348728664e-11,9.888491145799508e-11,1.0282300780045581e-10,1.080815383811039e-10,1.1463519512987802e-10,1.2253699450867056e-10,1.3191426032963198e-10,1.4299460303682483e-10,1.5614099503912596e-10,1.7189748634488926e-10,1.910576482319576e-10,2.147550974749086e-10,2.447232962510275e-10,2.83799341636096e-10,3.3697343827903713e-10,4.142401750148591e-10,5.382162737028807e-10,7.800080749741456e-10,1.4916688175399653e-09
reservoir_hydro,power,PT,1.6706938902558241e-09,9.838441267548865e-10,2.6244832001478343e-09,8.449050078628984e-10,1.2705650633742879e-09,2.8861004817932604e-09,5.5114575984175775e-08,0.39600525783122364,8.50421299714787e-09,3.1061195479233303e-09,2.051058350768065e-09,1.5349714002839874e-09,1.2308559162586772e-09,1.0863808832994604e-09,9.279343870497875e-10,7.866104111295909e-10,6.78649384353893e-10,5.98186080239296e-10,5.338526296649979e-10,4.515254787754742e-10,4.0023800356388863e-10,3.7579958676018135e-10,3.548052762028324e-10,3.5854639780827336e-10,3.7572392257083925e-10,4.269388054578313e-10,5.173818964077899e-10,6.272114393178488e-10,8.377232083756652e-10,1.3919351894180378e-09
reservoir_hydro,power,RO,1.3122722924443173e-10,1.3964687863615134e-10,1.5187821554077137e-10,1.5349613321992625e-10,1.6653516541698565e-10,1.795552585408408e-10,1.855732227518404e-10,2.035396488452512e-10,2.173041556395859e-10,2.3304608722871695e-10,2.4931868461731457e-10,2.6689193344693204e-10,2.9053443780114513e-10,3.155348554838921e-10,3.480029379560553e-10,3.847156511996524e-10,4.2623531353054387e-10,4.782775888212262e-10,5.405412613861119e-10,6.229600641837118e-10,7.249740966258556e-10,8.758766031831021e-10,1.087101753991548e-09,1.4607509998938777e-09,2.1920219942036934e-09,4.479491016763792e-09,2.3049451224329185e-07,2.1669206448399317e-08,1.721825674733366e-08,1.667413565184057e-08
reservoir_hydro,power,SE,5.5436723315397245,2.2687006199953356e-09,0.4183848269623353,1.884165167747285e-09,2.178174691133697,4.5415047428375616e-08,1.0221511066505035e-08,1.162638617654765,4.989193221290985e-09,2.7514704275011894e-09,2.577005322276032e-09,0.5813193076386832,0.1761573575994122,4.417894522916178e-09,2.59011432257208e-09,1.954257089830734e-09,1.6572777294152194e-09,1.5636503464889796e-09,1.3652195764951733,4.249772360571986e-09,2.4337354717586792e-09,1.6749224386272733e-09,1.436423760995034e-09,1.2872350512753405e-09,1.1929835629212678e-09,1.166314432932155e-09,1.1830869188615013e-09,1.3546682033441821e-09,0.22019669953078777,7.188810321184943e-09
reservoir_hydro,power,SI,0.13196606732973162,4.584207706844103e-10,2.6999969932015205e-10,1.6086134579916061e-10,1.53902317933577e-10,1.50711688132573e-10,1.4428519551123363e-10,1.3810795430078254e-10,1.325401872103916e-10,1.2983318745333958e-10,1.2958413886447879e-10,1.314347566229564e-10,1.334487336190601e-10,1.4059881525903148e-10,1.555885967539842e-10,1.8925265396219093e-10,2.9612265229655455e-10,0.10617958570679055,4.026283786144944e-09,1.4461001594868263e-09,8.640896775309607e-10,6.815665725320869e-10,6.243632655522358e-10,6.024865291720045e-10,6.411428470885727e-10,8.20740024621382e-10,0.1921344205047753,2.2002812377090427e-08,1.9938092730439844e-08,1.467317015568998e-07
reservoir_hydro,power,SK,0.0,0.0,0.0,0.0,0.0,0.0,0.0,0.0,0.0,0.0,0.0,0.0,0.0,0.0,0.0,0.0,0.0,0.0,0.0,0.0,0.0,0.0,0.0,0.0,0.0,0.0,0.0,0.0,0.0,0.0
reservoir_hydro,power,UK,0.0,0.0,0.0,0.0,0.0,8.102350736149739e-11,1.0966000399165597e-10,8.904925282909925e-11,8.388894530405417e-11,8.346463949037654e-11,8.529256349342567e-11,8.8385683131912e-11,9.249175258494158e-11,9.757764232810771e-11,1.0365824806235624e-10,1.1080360745399528e-10,1.1913438611123025e-10,1.2882640646121964e-10,1.4014739911203146e-10,1.534886745319628e-10,1.6940530253942043e-10,1.8868706952392925e-10,2.1245859357649204e-10,2.424492764722151e-10,2.815070471143413e-10,3.3467472102335857e-10,4.118460244227519e-10,5.372122425821578e-10,7.815141437213436e-10,1.4999725042423628e-09
run-of-river_hydro,power,AT,2.5158999982789587,1.0422005327916585e-09,0.02999999766803393,1.4906802904534636e-09,0.2739999900680416,0.2739999995686713,0.6559999973267404,1.1267025897450543e-08,0.0129999990214108,0.3769999901054818,9.734777411324355e-09,0.0899999975793661,0.4119999957681707,6.272642887120417e-09,0.024999998349418573,0.6409999994788623,0.03400000056897968,0.014999994083054967,0.024000005741702655,0.08200000061781507,0.012999999903632108,0.01699999898271815,0.004999991751472412,1.1899982819056983e-08,0.02199999649348918,0.009999999851059125,0.017999995954622455,0.17200000049633882,0.18399998397908687,1.6809824393469465e-08
run-of-river_hydro,power,BE,0.05901533757185207,2.2772731442133904e-10,1.3273451756403283e-10,8.899060264591501e-11,8.583908059003743e-11,8.067138971259406e-11,7.429284368587837e-11,6.801027727687625e-11,6.234388006289967e-11,5.7888380089808804e-11,5.4098439784314565e-11,5.0770561831335564e-11,4.795790927428167e-11,4.573332782134579e-11,4.4189660289572e-11,4.286462220149694e-11,4.179126573145238e-11,4.0287997566112315e-11,4.2767395292129755e-11,4.1793510127653274e-11,4.2030588301067357e-11,4.2612835243292013e-11,4.372417531940586e-11,4.5366711888379475e-11,4.7936892430203305e-11,5.082883412341353e-11,5.682972001533419e-11,6.525054246970695e-11,8.590722463249707e-11,1.3472903533982798e-10
run-of-river_hydro,power,BG,2.7196190049964675e-08,3.887275229719064e-09,5.5334345002984445e-09,2.3444252877280817e-09,4.296506342877596e-09,3.871934057832109e-09,3.052905243706391e-09,2.7689788739395757e-09,2.8031148588392423e-09,4.022333997934207e-09,3.4129526536480674e-09,3.0483357556289688e-09,3.3691459296581374e-09,3.571288946922981e-09,3.838452794918693e-09,4.060810391457831e-09,4.104657103654168e-09,4.232480059708433e-09,4.7968032657528044e-09,5.1850287421380675e-09,5.326297492102619e-09,5.8776241417250554e-09,6.192080224985118e-09,6.809719205366095e-09,7.996060237393517e-09,8.8181957208228e-09,1.0225321597152708e-08,1.1115724918126968e-08,1.5262437094417348e-08,2.2509368433234104e-08
run-of-river_hydro,power,CH,6.406428907556039e-11,6.595999584402217e-11,6.87359405155677e-11,7.033804981255516e-11,7.620472167237464e-11,8.25001486437362e-11,8.753333866717184e-11,9.391485212590724e-11,1.0163841254886357e-10,1.0954555299451664e-10,1.1816379520065076e-10,1.3280035404571003e-10,1.4696410593222757e-10,1.644632649642832e-10,1.8126332848253158e-10,2.002575169721008e-10,2.2059173432580862e-10,2.4415225734986274e-10,2.721696555360557e-10,3.051406545191564e-10,3.423684825496155e-10,3.867950149287577e-10,4.444334027814109e-10,5.177061395342928e-10,6.114215491472584e-10,7.381807991971875e-10,9.128709436123921e-10,1.214415112367344e-09,1.837360679693549e-09,3.613039695377887e-09
run-of-river_hydro,power,CZ,5.055468587388718e-08,7.28887883023228e-10,7.058249988854137e-10,5.343647929405819e-10,9.278466013768535e-10,1.6519942770915557e-09,2.961585970652971e-09,4.360529873006692e-09,5.283035489315024e-09,5.977587432446125e-09,5.870351091000895e-09,4.711146567946232e-09,5.09964910770499e-09,4.998685385963769e-09,5.404403786626265e-09,5.527580590427853e-09,4.699076162781335e-09,4.26376040860503e-09,4.693285728256296e-09,4.648577722078892e-09,4.342114529442522e-09,4.3052898901893436e-09,5.23279036043157e-09,5.991791889472659e-09,6.618699730423735e-09,6.474977947831792e-09,6.305801357881205e-09,8.088529515383163e-09,1.127825899774481e-08,1.8471827694627086e-08
run-of-river_hydro,power,DE,1.8992839474859664,0.04470116925194757,4.4014367429702663e-10,2.379238930199482e-10,2.644492500041091e-10,0.019141269452216576,7.341356028905672e-10,0.022235966557756455,0.18338941497960204,9.56993473305457e-10,0.013983442776211488,0.013754206314983398,0.06647866311919465,0.014098061346646583,0.028310741031554884,0.04252341965178316,8.171844090916767e-10,5.581668775751901e-10,0.014441914933784208,7.606140386417088e-10,4.882005896401395e-10,4.5906287170565514e-10,0.09547711289504175,1.3561864041857326e-09,0.039084866831000493,9.538361169639065e-10,5.565874063775838e-10,4.385657291177862e-10,4.024920345916123e-10,4.6394891747713003e-10
run-of-river_hydro,power,DK,0.0,0.0,0.0,0.0,0.0,0.0,0.0,0.0,0.0,0.0,0.0,0.0,0.0,0.0,0.0,0.0,0.0,0.0,0.0,0.0,0.0,0.0,0.0,0.0,0.0,0.0,0.0,0.0,0.0,0.0
run-of-river_hydro,power,EE,0.0,0.0,0.0,0.0,0.0,0.0,0.0,0.0,0.0,0.0,0.0,0.0,0.0,0.0,0.0,0.0,0.0,0.0,0.0,0.0,0.0,0.0,0.0,0.0,0.0,0.0,0.0,0.0,0.0,0.0
run-of-river_hydro,power,EL,2.382872914794466e-08,1.4068495080962341e-09,1.214848197624558e-09,8.311347614599132e-10,1.220156189112853e-09,1.695215620494255e-09,2.0318441969710863e-09,2.0353328136450265e-09,1.9201882813744954e-09,2.0472132826871902e-09,2.056636420811591e-09,1.6665886582880192e-09,1.818055845381135e-09,1.9170491045641496e-09,2.139063146132848e-09,2.2449080271916717e-09,2.457066118244075e-09,2.6517124626744544e-09,3.334922005061653e-09,3.379823342612048e-09,3.568781638540651e-09,4.032074989824251e-09,4.466978649111951e-09,4.8832652020508925e-09,5.378695272650504e-09,5.704648884575658e-09,6.262851571207735e-09,6.901954704235673e-09,9.743709459959695e-09,1.5828515259889117e-08
run-of-river_hydro,power,ES,1.3142627133572152e-10,9.49083782724531e-11,7.340848453306385e-11,4.777833938809133e-11,5.2206093874275016e-11,6.912793205692037e-11,1.1470347143685265e-10,1.7420295555605804e-10,1.3507565418321632e-10,1.0272486558843887e-10,9.66499213971259e-11,1.1124088336440376e-10,1.0388211093370935e-10,9.716219630060424e-11,9.737645562970933e-11,1.0528077556199636e-10,1.2951744071234928e-10,2.0110815699214063e-10,3.208870881582132e-10,2.975782211093774e-10,2.2687160273421295e-10,2.212788290993859e-10,2.506632401567022e-10,3.4440592440285366e-10,4.094065222415187e-10,5.948547894924504e-10,8.12770727622862e-10,9.734703758215054e-10,1.3829958776042386e-09,2.7370408463625677e-09
run-of-river_hydro,power,FI,1.2895999953808712,3.1010470711892195e-10,2.926491269243155e-10,2.424569384921649e-10,2.5667436511314963e-10,2.3543828779726755e-10,2.0938427194804788e-10,1.912795815626954e-10,1.6333553017394067e-10,1.388938427999447e-10,1.2352382583543945e-10,1.2030690905879475e-10,1.0851594195473233e-10,1.0247146728764336e-10,9.797683516797383e-11,9.457746274605793e-11,9.287533069407996e-11,8.995005351109373e-11,8.51467703992385e-11,8.30277239587266e-11,8.494584731147968e-11,8.779028690089504e-11,9.078570162238809e-11,9.484709572969863e-11,1.0017100935182757e-10,1.0924525979899054e-10,1.204679650135686e-10,1.4029255592570537e-10,1.752821432385221e-10,2.692413784745143e-10
run-of-river_hydro,power,FR,1.2813860963682345e-10,1.2907515998028036e-10,1.4190267475987634e-10,1.3739337347847338e-10,1.5261779146342609e-10,1.632132604297046e-10,1.729090200260255e-10,1.8421909932372451e-10,1.9525798924301096e-10,2.0867844233392076e-10,2.2539976344480683e-10,2.4804301869563364e-10,2.767200987446322e-10,3.080647556036994e-10,3.524673691082457e-10,4.017272446124291e-10,4.5002213916192064e-10,4.941054310620759e-10,5.737391293561298e-10,6.545820493338374e-10,7.3565493307211e-10,8.414385492612123e-10,9.894199534971522e-10,1.1799176000289268e-09,1.3829219298263834e-09,1.6287914188680567e-09,1.906818032749484e-09,2.33856183324187e-09,2.948824214008925e-09,4.560851619521297e-09
run-of-river_hydro,power,HR,0.2786677255051332,2.3511827104027967e-10,1.858366821814093e-10,1.4366871503962257e-10,1.5502356791964102e-10,1.6307590617748142e-10,1.612946670311434e-10,1.5109357473872148e-10,1.3900128636409685e-10,1.2883736416395583e-10,1.19086129269357e-10,1.1246555768418554e-10,1.0461227251340409e-10,9.870927564156497e-11,9.34058857115737e-11,8.951308754097373e-11,8.680481109889216e-11,8.43930310564694e-11,9.600462840487362e-11,9.221404945586632e-11,9.318362258026189e-11,9.731119691964082e-11,1.0318202986796431e-10,1.1046437471352008e-10,1.2011867245668484e-10,1.293635931973706e-10,1.4729048692544134e-10,1.7430532966855353e-10,2.3724762874144415e-10,3.9334931493249094e-10
run-of-river_hydro,power,HU,0.019699995405071023,5.426007894626598e-10,3.1433442917669894e-10,1.7342528261966803e-10,1.6249765275864045e-10,1.4894121435888874e-10,1.3158678890245406e-10,1.1592505918764472e-10,1.0450783645789528e-10,9.812902092938311e-11,9.204506139854525e-11,8.902457493795686e-11,8.5972689213312e-11,8.374978829221842e-11,8.253469724253396e-11,8.21533236190875e-11,8.151465893781794e-11,8.09135380173703e-11,8.462936573445894e-11,8.525023815043327e-11,8.686002762006346e-11,8.964566092873922e-11,9.348959784905657e-11,9.879749743852304e-11,1.0653240879858078e-10,1.1630166769026489e-10,1.3196968663402727e-10,1.5472305431628458e-10,2.0305847839782508e-10,3.2450302255153406e-10
run-of-river_hydro,power,IE,4.312605130038634e-08,2.3511470169093328e-09,2.5191580007174464e-09,8.359112353018889e-10,2.4436290863014352e-09,5.73665411489713e-08,4.9559739735880514e-08,4.0180322392738085e-08,3.8595343518782636e-08,1.5536893688913655e-08,1.2981644683092156e-08,1.5474149467507267e-08,1.7589211962324743e-08,1.1592912322239294e-08,1.2790994190615308e-08,1.1497437813760978e-08,1.8987280667210708e-08,2.3035434302693557e-08,2.0169158790003825e-08,2.3921975716911593e-08,2.762890019987463e-08,2.7768882449098894e-08,2.7161627788314118e-08,3.986237510796443e-08,3.8027094115930736e-08,6.044182618416819e-08,2.6867349197199283e-08,3.113298171025386e-08,4.605225003149963e-08,5.7547938546048326e-08
run-of-river_hydro,power,IT,6.893763492779181e-07,1.6870570535661905e-09,8.709119809525405e-10,4.604638469895072e-10,5.174128946365895e-10,5.981103647613917e-10,6.032902965348162e-10,5.785057869516303e-10,5.249630330289739e-10,4.703671184252476e-10,4.462038500548492e-10,4.0570273278604384e-10,4.066552956471238e-10,4.2155643297799006e-10,4.4386604255040936e-10,4.787535132043688e-10,5.25491136285218e-10,5.897026721229722e-10,6.325634120422351e-10,7.091426757153158e-10,7.883905065212197e-10,8.606818464392867e-10,9.827719073292759e-10,1.1001129643261951e-09,1.243452826078803e-09,1.364125697502835e-09,1.5167384272306807e-09,1.8605331277310596e-09,2.5961788936623197e-09,4.666811038960718e-09
run-of-river_hydro,power,LT,5.396102418960966e-11,7.139166858127848e-11,5.758757263872863e-11,5.388930087237525e-11,5.292690348471388e-11,5.322360605762899e-11,5.4287815808689584e-11,5.589627337064249e-11,5.795717458206408e-11,6.043918242705248e-11,6.334573586339243e-11,6.670267369612223e-11,7.054925401279704e-11,7.493753037094777e-11,7.99342234568963e-11,8.56270893083582e-11,9.215136680583694e-11,9.965459770869147e-11,1.0835554690441603e-10,1.1854562700254716e-10,1.3061615749227636e-10,1.4512101120876008e-10,1.6283162030316994e-10,1.849532081080622e-10,2.1347599548075754e-10,2.5195013200725204e-10,3.0735273617860686e-10,3.956557276584888e-10,5.640118691049175e-10,1.050382355801425e-09
run-of-river_hydro,power,LU,0.0,0.0,0.0,0.0,0.0,0.0,0.0,0.0,0.0,0.0,0.0,0.0,0.0,0.0,0.0,0.0,0.0,0.0,0.0,0.0,0.0,0.0,0.0,0.0,0.0,0.0,0.0,0.0,0.0,0.0
run-of-river_hydro,power,LV,1.6729498384736324e-10,2.0006835352611958e-10,2.875082170454929e-10,4.6033717820444973e-10,3.836571887369709e-08,4.894817893444719e-09,3.0895605522353402e-09,2.6474105275869025e-09,2.4809920561687755e-09,2.5385813501702513e-09,2.7657918453599076e-09,2.1281456366816996e-09,2.2799921764418895e-09,2.350594208862857e-09,2.254730437673964e-09,2.127928290078484e-09,2.069660307923348e-09,2.0622184699902272e-09,2.4886330834604745e-09,2.4579851799096505e-09,2.448213602889994e-09,2.4408355971219908e-09,2.8903029630543477e-09,3.344946629091684e-09,3.73987549571069e-09,4.1481075142087755e-09,4.6648131885902296e-09,5.275510451370695e-09,6.803096225935845e-09,1.0444105626955711e-08
run-of-river_hydro,power,NL,0.0,0.0,0.0,0.0,0.0,0.0,0.0,0.0,0.0,0.0,0.0,0.0,0.0,0.0,0.0,0.0,0.0,0.0,0.0,0.0,0.0,0.0,0.0,0.0,0.0,0.0,0.0,0.0,0.0,0.0
run-of-river_hydro,power,NO,0.0,0.0,0.0,0.0,0.0,0.0,0.0,0.0,0.0,0.0,0.0,0.0,0.0,0.0,0.0,0.0,0.0,0.0,0.0,0.0,0.0,0.0,0.0,0.0,0.0,0.0,0.0,0.0,0.0,0.0
run-of-river_hydro,power,PL,5.324513011348082e-11,7.10521322141982e-11,5.749987367017886e-11,5.422780020228111e-11,5.36189757979561e-11,5.4224972502725184e-11,5.55948618080842e-11,5.7510782011225373e-11,5.98840381195301e-11,6.268829303580399e-11,6.59335396170223e-11,6.965296886402022e-11,7.389319296234451e-11,7.871342572997218e-11,8.418777365991413e-11,9.041290431920133e-11,9.753723072329025e-11,1.0572527825486931e-10,1.1522042794740539e-10,1.263471002354793e-10,1.3954023248913384e-10,1.5541373182374892e-10,1.74823330206395e-10,1.9905266163948664e-10,2.302822902972026e-10,2.724473256909057e-10,3.3322832972524007e-10,4.3016349430310416e-10,6.147567550054637e-10,1.146889113721209e-09
run-of-river_hydro,power,PT,8.850991214396122e-10,6.286153506808115e-10,5.378645280150532e-10,6.607982222804602e-10,7.826788853348179e-10,8.383000562270952e-10,7.519885372191509e-10,1.1582325045207309e-09,1.7986612106293983e-09,1.7946214804870542e-09,2.686762442271341e-09,3.4285892661427405e-09,9.518796955833858e-09,3.4106572779464796e-08,2.5284020710918974e-07,0.306210421088753,0.7936435015218452,0.06593661829590543,0.45020879675936887,6.407913925338897e-08,2.1519140942674452e-08,1.713022136997766e-08,1.2732543140602697e-08,1.2151720036980506e-08,1.0867054979368014e-08,6.224490042554359e-08,0.1889995746563455,4.2736094677888806e-07,4.8321916675366905e-08,5.984616067608771e-08
run-of-river_hydro,power,RO,0.0,0.0,7.193890170162822e-08,2.2723271169173863e-09,3.291549627905703e-09,5.354170155073282e-09,5.135294154414656e-09,4.040276386994051e-09,3.84301381610681e-09,4.229471448134183e-09,3.7451508020833345e-09,3.3514808149208348e-09,3.4968191230368986e-09,3.826940095205681e-09,3.893649112366989e-09,3.98812538753042e-09,4.136838479315108e-09,4.260816913684654e-09,5.120784027383829e-09,5.003253714171465e-09,4.642304948859226e-09,4.374232859928365e-09,4.219539145346562e-09,4.344780521316255e-09,4.9121286828780645e-09,5.475495605314044e-09,5.708122846449513e-09,6.075638382220726e-09,7.776632895335601e-09,1.1360412224753025e-08
run-of-river_hydro,power,SE,1.9949999700964398,3.7019262951702343e-10,4.794220154073176e-10,4.959131827936638e-10,8.825878708337726e-10,1.2885974449606067e-09,1.8395493562416742e-09,5.590022597207172e-09,3.325843298424928e-09,1.8690613648597548e-09,1.5520752350576231e-09,1.146993318127586e-09,9.90737930226123e-10,8.770585259771731e-10,7.605292589895225e-10,6.76201609571588e-10,6.077779137836388e-10,5.631356558736396e-10,4.860013219811446e-10,4.499947857524467e-10,4.292949662795946e-10,3.9629748583514004e-10,3.8981628322246274e-10,3.8882614621085565e-10,3.884461973186517e-10,4.0179582441085313e-10,4.277578024102858e-10,4.785973020882213e-10,5.850207946276007e-10,8.740505456407568e-10
run-of-river_hydro,power,SI,0.516829995807356,9.856703804941635e-10,5.288897682139813e-10,2.897709806020575e-10,3.3101150257693814e-10,4.1184095812790104e-10,5.227403531991995e-10,8.038117217784359e-10,0.11599997664351239,9.178949729770415e-09,5.322981532046242e-09,2.8733790303656422e-09,2.0910713347979555e-09,2.420009216124453e-09,0.03197995829460744,6.186697066258375e-09,3.3341794421526347e-09,2.5013743550030664e-09,2.174818819777912e-09,1.703390422003685e-09,1.3919989777609955e-09,1.26577246902922e-09,1.2576122453623218e-09,1.2505426355439763e-09,1.2965242890456744e-09,1.3461748253265643e-09,1.3753473772311266e-09,1.7272943435811914e-09,2.4158300982735e-09,4.158243398268419e-09
run-of-river_hydro,power,SK,1.161170710790464e-10,4.3545950522325404e-11,3.92169232381651e-11,3.7685954347631705e-11,4.3339487998848174e-11,5.0996413755639114e-11,7.178064749337861e-11,1.9782678920351412e-10,1.3527783771991996e-10,1.6621534101018137e-10,1.0715215873166076e-10,9.292870658079482e-11,9.811345634916951e-11,1.0293651445601029e-10,1.1917918373138834e-10,4.436891743101869e-10,3.4277601253855597e-10,2.920702314691522e-10,7.454228885327239e-10,6.881039979554077e-10,7.663297195342205e-10,1.0391714858237726e-09,1.3988008112328063e-09,2.69542266442127e-09,2.0568972255488354e-07,1.6888600985727867e-08,9.570612325098958e-09,1.1444377142537517e-08,1.341519582634038e-08,1.9349608545413695e-08
run-of-river_hydro,power,UK,1.3670798231228092e-11,1.525621023045396e-11,1.6978288900608582e-11,1.8808448373964755e-11,2.0741361312734357e-11,2.2899375476596244e-11,2.518034926453399e-11,2.7606073554645914e-11,3.0229752295897945e-11,3.307956595373151e-11,3.6206943325208426e-11,3.9661528927251526e-11,4.350139926512312e-11,4.780634247863848e-11,5.2659845063131746e-11,5.816513076223746e-11,6.445400400602682e-11,7.170553904890597e-11,8.016087972005587e-11,9.013587446332407e-11,1.020665837909366e-10,1.1658784963978065e-10,1.3459962161684372e-10,1.5750964140811473e-10,1.8759576870624822e-10,2.2902763704043392e-10,2.902040740242316e-10,3.9156131965811703e-10,5.915512259861587e-10,1.1917003624160555e-09
waste_plant,power,AT,1.2032879677665317e-08,2.169291840857368e-10,1.8578745729964004e-10,1.8301514932566007e-10,2.9709241737273146e-10,3.7587797360494793e-10,4.510475836451151e-10,5.381573137593698e-10,6.9777089241933e-10,8.767694462220954e-10,1.4014908584998957e-09,3.395626911089781e-10,4.500615658690431e-10,5.824528061138514e-10,7.256546194605474e-10,9.196036709333351e-10,1.1242306541927061e-09,1.3599988945302598e-09,1.0245537613580245e-09,1.2024401078603868e-09,1.349940344654207e-09,1.565653465714142e-09,1.5704912390308162e-09,1.643151844814086e-09,1.7189621333446484e-09,2.090430654517843e-09,2.2639684633984874e-09,2.6738820622536684e-09,3.048659547022843e-09,4.7629139928204256e-09
waste_plant,power,BE,1.885676836528906e-11,1.791149823330047e-11,1.4754939000769477e-11,1.204625152891762e-11,1.232658469875273e-11,1.2720777141597445e-11,2.5635207356991986e-11,2.4423160141251067e-11,2.4193233342273687e-11,2.5387491973268245e-11,4.1725435028050156e-11,1.4960240360057182e-11,1.8456103673485614e-11,2.289003998915641e-11,2.830298772672389e-11,3.529300558887795e-11,4.407269518144284e-11,5.2882793364614467e-11,4.725828718139184e-11,6.518362494184457e-11,9.31572267221439e-11,1.3132391680922175e-10,1.7011799234109812e-10,2.535671147244723e-10,4.4266359928150984e-10,3.1154606401149996e-08,3.761409713710266e-09,3.307499918385584e-09,3.382483463741646e-09,5.052322573906106e-09
waste_plant,power,BG,8.811675057506128e-09,9.163102432947418e-10,5.583961332993643e-10,4.2155133416554744e-10,5.0895533871733e-10,5.252072109162011e-10,5.101440765372045e-10,5.721302938432418e-10,7.936871918492814e-10,1.0778585148087175e-09,1.2225727340968142e-09,3.9291577888084396e-10,4.870983757488127e-10,5.88761897843077e-10,6.879951019282501e-10,8.051454882823397e-10,1.101657619145441e-09,1.4549052621061537e-09,1.0929062585322118e-09,1.1083879996971557e-09,1.2628786564261485e-09,1.3560556759673133e-09,1.4969509662514099e-09,1.2082910399762569e-09,1.1737018480002906e-09,1.359709312201251e-09,1.5853285813900407e-09,1.8229483872283463e-09,2.5239880461341403e-09,4.721434336030106e-09
waste_plant,power,CH,2.3949114873994422e-11,1.419227350823911e-11,1.0700206046693236e-11,9.575516382755337e-12,1.1040524734948343e-11,1.2280176863145114e-11,1.3255904330597815e-11,1.5465665497489935e-11,1.9896588051985363e-11,3.141901747209665e-11,5.932548763702614e-11,2.3342398731018092e-11,3.0706310515755363e-11,4.382874109316644e-11,1.677342300389276e-10,1.8744343551107838e-10,1.9397323462543267e-08,2.3265053441743487e-09,1.2591608398356938e-09,1.3745033421272603e-09,1.4747717229396395e-09,1.5850967654654959e-09,1.575915772213047e-09,1.6303383441670853e-09,1.6800243565201001e-09,2.007032507972816e-09,2.1973112935217792e-09,2.5705145924886155e-09,3.0339858623366123e-09,4.686608289226676e-09
waste_plant,power,CZ,4.3813174174097775e-11,2.1718171500688768e-11,1.944529857032407e-11,2.0429914907048752e-11,2.6142010764279773e-11,3.4383340039900386e-11,5.110990539507823e-11,1.0519922453521721e-10,1.3504330987277447e-08,1.4507687693141534e-09,1.4815173156390932e-09,4.0617409716440244e-10,5.109770429918017e-10,6.289340181401187e-10,7.653422079222183e-10,9.14165767950901e-10,1.0999670089110823e-09,1.2973355272144469e-09,1.055272000557042e-09,1.2119473069009436e-09,1.3211684229199725e-09,1.4999354243449504e-09,1.5136705572406314e-09,1.5822343242879211e-09,1.6614362413018402e-09,1.986962006968757e-09,2.1839708170380546e-09,2.5866889853260314e-09,3.0762563531764054e-09,4.816868701766138e-09
waste_plant,power,DE,1.9330374912521814e-11,1.8378604672336713e-11,1.3957563195530493e-11,1.2126104139808322e-11,1.1815147918264542e-11,1.183305394835281e-11,1.3641179863857219e-11,1.7314891092654503e-11,2.978971949793219e-11,3.231578913069186e-11,3.616357267374047e-11,2.3188283485754128e-11,2.7787950657282604e-11,3.85436943351585e-11,4.414555998608975e-11,7.206860888366738e-11,9.245138639760319e-11,1.055142048842324e-10,7.674609462445211e-11,1.3795453853106603e-10,1.0108603994233504e-10,2.3417699874004096e-10,2.921609915892151e-10,2.8990922659452084e-08,2.818012043931676e-09,2.5313724995208446e-09,2.421949948934408e-09,2.713054994118098e-09,3.0592150013678864e-09,4.647014063637373e-09
waste_plant,power,DK,1.797783948764427e-11,1.7753776111676183e-11,1.8695543630551383e-11,2.0110183469606003e-11,2.0860814147158094e-11,2.085466536387043e-11,2.611605061892638e-11,2.560658207072291e-11,2.5576326079214812e-11,2.9139204956854035e-11,3.7385757297826734e-11,1.7274418100861667e-11,2.142319735123137e-11,3.560850852542378e-11,3.108891970434612e-11,3.545877368210861e-11,6.624216751636288e-11,5.547508174190276e-11,3.3959186915071926e-11,3.955766606612988e-11,4.611514614632808e-11,5.175722406546865e-11,5.613623771419119e-11,6.820452280265223e-11,9.374606008478338e-11,1.5995171608610574e-10,3.3609230071973893e-10,3.5115340151389646e-08,4.417451904522131e-09,5.503252638880036e-09
waste_plant,power,EE,2.0028278287268536e-11,1.0655156227560536e-11,9.246119032397704e-12,9.320613891305096e-12,1.0454371644439749e-11,1.1493285302211938e-11,1.3113386967596574e-11,1.6609085527488598e-11,2.262552851825392e-11,2.9900670028689616e-11,4.610197305419636e-11,1.639408505345383e-11,1.973646683724978e-11,2.333376009965665e-11,2.7192488147614914e-11,3.1984350247238165e-11,4.234325322457021e-11,6.083635284787062e-11,6.264665454439141e-11,7.79812391853136e-11,9.880112140875567e-11,1.4370462506857387e-10,2.7196710942314863e-10,2.7758164802569156e-08,2.7149642308248318e-09,2.3954086732119818e-09,2.3579325968023062e-09,2.657314959651605e-09,3.1240152297784262e-09,4.795210434307145e-09
waste_plant,power,EL,9.233566741168414e-09,7.63731203747268e-10,4.2553047041729846e-10,3.162937271511586e-10,3.6118245402312856e-10,3.9740546455536776e-10,4.514717954892405e-10,5.375223726691078e-10,6.728804669215881e-10,7.914962690248082e-10,1.1376283108049258e-09,4.4033796697300736e-10,5.795939181468815e-10,7.247528523056337e-10,8.4503352378246e-10,9.824561728098588e-10,1.3612487599446536e-09,1.7336203556293904e-09,1.1980823072506473e-09,1.1449444890447052e-09,1.2624586695128858e-09,1.3788885815833056e-09,1.5475080537240165e-09,1.2464972784346896e-09,1.2045961250312885e-09,1.3946990047406296e-09,1.6214787050444791e-09,1.8502416868225696e-09,2.5719680491969453e-09,4.8920890083120546e-09
waste_plant,power,ES,1.5217606070407986e-11,1.5179028365372967e-11,1.53370322899051e-11,1.5366894649677613e-11,1.6129496944499936e-11,1.6651422983696518e-11,1.7440212732724864e-11,1.8788266738460423e-11,2.076290092976913e-11,2.177879470576147e-11,2.631049859383666e-11,1.2142356923337001e-11,1.3624418787282538e-11,1.5169860804109978e-11,3.874335686632422e-11,2.330703102327735e-11,4.083495163929325e-11,5.328977910806243e-11,5.802374002659262e-11,4.688405348500395e-11,5.028221966220701e-11,4.385838482644887e-11,4.910032298679395e-11,7.024528600015732e-11,8.751760583373847e-11,1.0698125855396256e-10,1.2472302254185904e-10,1.6290341488572486e-10,2.3518831906360513e-10,4.976362968414515e-10
waste_plant,power,FI,1.832816845919404e-11,1.7391304025429278e-11,1.610485322785217e-11,1.5880516543663115e-11,1.711201359641928e-11,1.8369409268657983e-11,2.058442062730436e-11,2.5298063767782633e-11,3.19650158508563e-11,3.798953658950561e-11,4.2717617677436e-11,2.8810974673267664e-11,4.4622506938076144e-11,5.0254218500798097e-11,5.323190040395155e-11,5.872030903492722e-11,7.721391939159858e-11,1.074775915856824e-10,8.311104135911066e-11,9.566617810413759e-11,1.0102572227381113e-10,1.1873037912491537e-10,3.2047851900120556e-10,2.763883382119917e-10,2.848350920272162e-08,3.4862452949819996e-09,2.872557590237885e-09,2.935892972359033e-09,3.3043410122888298e-09,5.1646336895383615e-09
waste_plant,power,FR,1.6029556183079353e-11,1.623144355019496e-11,1.1850956494972384e-11,1.0407288700280416e-11,1.0720129030329443e-11,1.0641955210707776e-11,1.1156851874995133e-11,1.3850680374407655e-11,1.862829962661723e-11,2.5180026506859637e-11,3.495515156623096e-11,2.0204407674987025e-11,2.583568907998885e-11,4.311066766175722e-11,4.091398155179251e-11,4.0628031760893654e-11,3.109198641983447e-11,7.050595805664966e-11,3.768157673031539e-11,5.7546154032265654e-11,4.61500802207105e-11,4.0474160074681124e-11,4.529297918860408e-11,6.09404238194398e-11,1.1223606041541303e-10,9.403766601991554e-11,1.3106302609176079e-10,3.493712424079204e-10,4.533801882026079e-10,4.301212351312097e-08
waste_plant,power,HR,1.1909170287636185e-08,2.0105615111556314e-10,1.7813360761401403e-10,1.6473610895742722e-10,2.2277605251096353e-10,3.103564431769105e-10,4.1661839799105076e-10,5.316741768042426e-10,7.071455533459117e-10,9.154157085133243e-10,1.5967620110961283e-09,3.795290805857178e-10,5.165606006211938e-10,6.598449650604498e-10,7.991721665664508e-10,9.548222509531115e-10,1.108665202797249e-09,1.290002367584673e-09,1.0391978693966196e-09,1.2478896367185215e-09,1.4068321865403246e-09,1.649841185160446e-09,1.598860340908986e-09,1.6112193758219042e-09,1.6537633200393773e-09,1.936585108853953e-09,2.0840969652406056e-09,2.4661939865202107e-09,2.9185595458425387e-09,4.6639013384192965e-09
waste_plant,power,HU,9.177655260173484e-09,7.302300129475932e-10,4.5657745669021374e-10,3.3775474005845186e-10,4.1496394556119193e-10,4.701502606009237e-10,4.903948452462087e-10,5.479787941602174e-10,7.346168586171675e-10,9.035498111428066e-10,1.8414580684348656e-09,5.078342127608306e-10,6.64428440613864e-10,7.922097578806137e-10,8.74591670653342e-10,9.866794217764558e-10,1.119449450310883e-09,1.2902203243450306e-09,1.0715645210880927e-09,1.2398094043192583e-09,1.3849878694069998e-09,1.6041931956171014e-09,1.6115673924601503e-09,1.619527199274561e-09,1.646229085056175e-09,1.9185828806365533e-09,2.079650389286551e-09,2.4470376055475665e-09,2.919710893480017e-09,4.660681207304711e-09
waste_plant,power,IE,1.7388383133398743e-11,1.767363002384506e-11,1.8386606757234607e-11,1.7888899714384755e-11,1.891444258598468e-11,1.9293392221729927e-11,1.971974887863061e-11,2.1680491124133333e-11,2.577808520516121e-11,3.0610756972694486e-11,3.675461050866721e-11,1.7519634401385605e-11,2.2449645858800166e-11,2.5641555631377107e-11,2.9249644120460765e-11,3.40589013213074e-11,3.9973541606486053e-11,4.5803034572570594e-11,3.385457594492148e-11,4.03545077094046e-11,4.717351018302174e-11,5.203013177609123e-11,5.8099248648418045e-11,6.889779793768844e-11,9.389648922661389e-11,1.601591710772044e-10,3.351364266475042e-10,3.4320129621235567e-08,4.464698353941647e-09,5.220432644964292e-09
waste_plant,power,IT,1.7477217406218528e-11,1.7971978906235946e-11,1.8012211979668267e-11,1.761193351433093e-11,2.0287995438195683e-11,2.1428725961941525e-11,2.3637961537355394e-11,2.8509805155110066e-11,2.967889132698626e-11,2.922159332435358e-11,4.16101840116287e-11,2.7706584813948947e-11,3.822732733966522e-11,5.356517728127257e-11,5.851603842867911e-11,8.299806619953056e-11,9.530195548539627e-11,1.148359574588424e-10,8.865564672207117e-11,1.087583941831527e-10,1.2741419889274957e-10,1.7595091030098832e-10,3.121241508547133e-10,2.804346109226683e-08,2.837281336641782e-09,2.4600112849545087e-09,2.429124099265847e-09,2.7275228202742264e-09,2.9579250606028098e-09,4.576880056124824e-09
waste_plant,power,LT,1.878953786216788e-11,1.6902264792816447e-11,1.5609242235291903e-11,1.4933819662574703e-11,1.5831199285114923e-11,1.6900692490503372e-11,1.8557354465718498e-11,2.1749614803861628e-11,2.610313923864241e-11,2.980939091013689e-11,3.5008342312218227e-11,1.5781276121066613e-11,1.8696675784688487e-11,2.191101699801827e-11,2.513785660428071e-11,2.8932265975596595e-11,3.301475538818674e-11,3.6355605978163835e-11,2.6511443675902093e-11,2.8929591840520273e-11,3.15477320074074e-11,3.480787918257043e-11,3.8883169840124897e-11,9.804589262643408e-11,6.987774599829059e-11,9.230865070680236e-11,1.1226513510047678e-10,1.5886622839213434e-10,2.5174156351946974e-10,5.207416940806518e-10
waste_plant,power,LU,9.22867978436107e-09,8.263906986692763e-10,5.585696606328743e-10,4.087927330412302e-10,6.751789733248584e-10,6.611753305023555e-10,6.517038606445141e-10,7.230874727226662e-10,8.702033064614362e-10,1.0193688876950124e-09,1.6093006853199699e-09,3.6444932924043265e-10,4.724819730579076e-10,6.157288728267348e-10,7.931373620832875e-10,1.0025877367171265e-09,1.2378240130668086e-09,1.4069155641727157e-09,1.1566834215453017e-09,1.357087198968238e-09,1.5054518728337604e-09,1.7293878114301478e-09,1.6608122301567673e-09,1.6827823705981923e-09,1.7019225417932395e-09,1.917200204397328e-09,2.039958705143684e-09,2.461829778591215e-09,3.0494920826139335e-09,4.935745559990833e-09
waste_plant,power,LV,1.1443571364110362e-08,2.0051203026542924e-10,1.9931653135847607e-10,2.2709798974073457e-10,4.0345543993527154e-10,5.268429262292582e-10,6.1688874297209e-10,7.594434075012132e-10,7.865107428784786e-10,8.404324845972917e-10,1.1311191263028883e-09,4.411805418570728e-10,5.539672064387927e-10,6.831097155466171e-10,8.544315138540019e-10,1.0470702776928648e-09,1.3825051571411891e-09,1.778034682839002e-09,1.0483111446386473e-09,9.986956708478364e-10,1.1430567506472527e-09,1.3261547159525928e-09,1.3962487518291174e-09,1.5100115896293324e-09,1.5845512817578806e-09,1.8298559569552333e-09,2.0683684023560766e-09,2.467283174329996e-09,3.0089091215874038e-09,4.7279143057047654e-09
waste_plant,power,NL,1.9019020970288632e-11,1.9731369900363315e-11,2.00753794346509e-11,2.0350180267915958e-11,2.254300079694247e-11,2.601686410868992e-11,3.1728690719605577e-11,3.462506196127369e-11,3.825743663702142e-11,4.2157072786287856e-11,4.918012054538367e-11,2.989558655442176e-11,3.763398650914115e-11,4.6352069122345834e-11,5.646778322143748e-11,6.68610223370883e-11,7.611149596279999e-11,1.3130572556635435e-10,1.418465000147896e-10,1.5202830459536598e-10,2.313716009887124e-10,2.494974601047769e-08,2.5243216023650846e-09,2.0240651313469735e-09,1.9252781465276253e-09,2.133484371199389e-09,2.222322775145982e-09,2.5966190701086575e-09,3.045945032976925e-09,4.7855199682156e-09
waste_plant,power,NO,2.080513637866946e-11,2.05406365499297e-11,2.1742844349035707e-11,2.2493977371902032e-11,2.4543159199189154e-11,2.5784070730245133e-11,2.773373445232922e-11,3.1857801443435446e-11,3.7402508719137714e-11,4.2323835284154815e-11,5.280415235371664e-11,2.5719511523594288e-11,3.592166592755535e-11,4.281893643353223e-11,4.948735586305758e-11,5.811168941650208e-11,7.022767462054128e-11,9.272740202727744e-11,1.1043468101313583e-10,1.6919538715963433e-10,2.3150898911063252e-08,2.717585043721591e-09,1.852366517345755e-09,1.7902106725729201e-09,1.848057150315202e-09,2.0551805025184793e-09,2.2241304902935426e-09,2.6271479399510767e-09,2.9542887508233542e-09,4.806558707650743e-09
waste_plant,power,PL,1.906096385709042e-11,1.6252768064413747e-11,1.3071254507647547e-11,1.1521206627666504e-11,1.2493023678410304e-11,1.3201799955792171e-11,1.4473072215780532e-11,1.737417460357958e-11,2.0432795522349256e-11,2.1988315665277116e-11,3.108014659500811e-11,1.1465044710243528e-11,1.3651556977799815e-11,1.6293596531496506e-11,1.964271695495546e-11,2.3234575388391636e-11,2.649817008595614e-11,2.7678713531559893e-11,2.6034682954539745e-11,3.2132145102440264e-11,4.738579585987824e-11,6.031303181019049e-11,5.263982809375819e-11,5.546709736014636e-11,6.934220633416071e-11,1.5944300595918555e-10,3.6909280053098494e-10,5.268386469279297e-10,3.771555202822829e-08,7.0254595188449785e-09
waste_plant,power,PT,9.161496675974752e-09,6.811268030668388e-10,3.790198118253599e-10,2.6238309322729033e-10,2.9941507767791097e-10,3.3675534249691293e-10,3.957932444638104e-10,4.88270910295508e-10,6.061634092869354e-10,7.18633673403902e-10,9.979357522793142e-10,3.614538149798452e-10,4.710069685157591e-10,5.959789492240516e-10,7.321328961377982e-10,9.141367503468684e-10,1.2003685012959199e-09,2.0073759796439616e-09,1.6271190053025238e-09,1.1742579623338087e-09,1.1747764259677528e-09,1.2881816951586675e-09,1.4133375610929578e-09,1.663085227465849e-09,1.8523972218399745e-09,1.991762429157767e-09,2.0809164143300215e-09,2.3553590332986077e-09,2.794482063304137e-09,4.403041801750438e-09
waste_plant,power,RO,9.147292734644723e-09,9.878830596464712e-10,6.002869763628332e-10,3.944881939067007e-10,4.709925690974936e-10,5.015222766576621e-10,4.995500290782891e-10,5.691274287155823e-10,7.882691200309448e-10,8.975833148246101e-10,1.6301832961243377e-09,5.88887922062324e-10,7.040576943002003e-10,8.145585705238202e-10,8.192262405415626e-10,8.131381594237625e-10,1.0458468382296913e-09,1.3593551588620715e-09,1.1063361084851822e-09,1.2851951923218463e-09,1.429592855773673e-09,1.6634043185809854e-09,1.6470337530445729e-09,1.588071840348159e-09,1.570910275204024e-09,1.6828139849738338e-09,1.8017816002344464e-09,2.2691602950104256e-09,2.6770133039428216e-09,4.370448971488888e-09
waste_plant,power,SE,1.7794829859815508e-11,1.6292351045786728e-11,1.4263063641122613e-11,1.6357572400475325e-11,2.387966175414441e-11,2.5174915461508397e-11,2.7150142055289714e-11,2.9957634426326306e-11,3.2912721569518924e-11,3.538020596727294e-11,4.028298720109414e-11,2.956592860666941e-11,3.630502614934778e-11,4.367523453001761e-11,5.1987767847428226e-11,6.221058780628937e-11,7.429179318136062e-11,8.728087307085105e-11,8.271590927849252e-11,9.61057996230426e-11,1.1025337372020663e-10,1.3207886324980634e-10,1.5958752527992206e-10,2.5378158421088676e-10,4.047718582849068e-10,3.022292315075345e-08,3.6865800238651424e-09,3.1735954959959525e-09,3.3744966516078617e-09,5.140686409365947e-09
waste_plant,power,SI,9.872105443624532e-09,6.502657815296688e-10,3.757831848405798e-10,2.701441372396639e-10,3.449439960144017e-10,4.2429250983699036e-10,4.595151448349594e-10,5.43109889990833e-10,7.685748805550642e-10,9.836342141880617e-10,2.4306374045863747e-09,4.543783201080552e-10,6.104437124191954e-10,7.3627430485793e-10,8.388999118735056e-10,9.733710113053448e-10,1.1244203947333835e-09,1.2951926678972364e-09,1.1244921790425336e-09,1.30345410378961e-09,1.4425122877894807e-09,1.6607219532465938e-09,1.6368864574002982e-09,1.6686536050857847e-09,1.6990677443911446e-09,1.931874662807793e-09,2.0833907533707238e-09,2.460144676149995e-09,2.9437333251346807e-09,4.693912709628296e-09
waste_plant,power,SK,1.1358122449074e-08,1.929460201749788e-10,2.0134136682250875e-10,2.2857632092762386e-10,3.7507836480345203e-10,4.698661967781772e-10,5.54592172424809e-10,7.145323107366772e-10,8.47630407979578e-10,9.560457260973669e-10,1.3341855181122262e-09,4.072779013567979e-10,5.138079853381808e-10,6.407153612462491e-10,7.815632510544795e-10,9.482648227548363e-10,1.1383156186201637e-09,1.3179205540190496e-09,1.0965069381860177e-09,1.2735546351816607e-09,1.4137479984024774e-09,1.6073135682226334e-09,1.5859950234578297e-09,1.6016761428853379e-09,1.646943890590685e-09,1.9282774872913723e-09,2.108385505200579e-09,2.4712246148973085e-09,2.970686448239302e-09,4.717034325327914e-09
waste_plant,power,UK,1.5048454319724104e-11,1.6459813168845224e-11,1.5860082363724786e-11,1.4786665504344248e-11,1.5263623081350585e-11,1.4276354651419325e-11,1.4769480096976453e-11,1.5949217051260358e-11,1.8634275328576884e-11,1.918042857390807e-11,1.957072033031662e-11,2.284524930790726e-11,2.64373332982746e-11,2.9853272262079486e-11,2.8773558053221386e-11,3.21679726453653e-11,3.689130737121117e-11,3.815196036046381e-11,3.4397201520933766e-11,3.927116338725734e-11,5.1302945211976665e-11,7.117276417177479e-11,8.131591409189543e-11,1.0191841605767478e-10,1.6398759073865477e-10,2.157004627197341e-10,2.5106584524784253e-10,3.4343159809363966e-10,4.755518014530675e-10,5.287609596974477e-10
wind_offshore,power,AT,0.0,0.0,0.0,0.0,0.0,0.0,0.0,0.0,0.0,0.0,0.0,0.0,0.0,0.0,0.0,0.0,0.0,0.0,0.0,0.0,0.0,0.0,0.0,0.0,0.0,0.0,0.0,0.0,0.0,0.0
wind_offshore,power,BE,0.0,0.0,0.0,0.0,0.0,0.0,0.0,0.0,0.0,0.0,0.0,0.0,0.0,0.0,0.0,0.0,0.0,0.0,1.1584936081336015e-09,1.937228184282311e-09,1.672311891180102e-09,3.4586261407106956e-09,5.008299612841321e-09,5.2719066392831464e-09,1.3110843860159202e-08,2.212598932740169e-08,6.120749141913671e-08,0.576344058269589,0.5679556358263875,1.5139864404285714e-07
wind_offshore,power,BG,4.925904136009424e-11,6.584331870428902e-11,5.300326593734623e-11,5.052181862539699e-11,5.066978406806199e-11,5.038623888753141e-11,5.311005633132679e-11,5.5971328142242204e-11,5.922053489658768e-11,6.289629156794546e-11,6.704685547843951e-11,7.179505779108797e-11,7.716829341045407e-11,8.325170710721913e-11,9.01462582624977e-11,9.797804890750544e-11,1.0670658622018239e-10,1.167270438258398e-10,1.2830125606625007e-10,1.4181160703753167e-10,1.5776156129082207e-10,1.760112517880913e-10,1.9820228919897814e-10,2.2528533728912875e-10,2.6087453895505505e-10,3.074448035370677e-10,3.8602824102644814e-10,5.03322841655243e-10,7.356312886738595e-10,1.4269940959525398e-09
wind_offshore,power,CH,0.0,0.0,0.0,0.0,0.0,0.0,0.0,0.0,0.0,0.0,0.0,0.0,0.0,0.0,0.0,0.0,0.0,0.0,0.0,0.0,0.0,0.0,0.0,0.0,0.0,0.0,0.0,0.0,0.0,0.0
wind_offshore,power,CZ,0.0,0.0,0.0,0.0,0.0,0.0,0.0,0.0,0.0,0.0,0.0,0.0,0.0,0.0,0.0,0.0,0.0,0.0,0.0,0.0,0.0,0.0,0.0,0.0,0.0,0.0,0.0,0.0,0.0,0.0
wind_offshore,power,DE,4.997036774829332e-09,1.4164547233863662e-10,1.4094217544942848e-10,1.4546800149855902e-10,1.796535904318361e-10,2.1200085954183334e-10,2.5851739958632527e-10,3.1464353255562875e-10,3.805016589782973e-10,4.585281488903896e-10,5.634364391840095e-10,6.507678325679612e-10,8.055145893735962e-10,1.1723554702924604e-09,1.3247137342005972e-09,1.41082543100239e-09,1.876364319806559e-09,2.562576993101457e-09,3.4204515307344443e-09,5.511944647018296e-09,1.2519219255821456e-08,12.877955120875006,1.1334804762240702e-06,1.475801991299772e-07,1.0211000912341874,3.1336022614174923,8.699076333496356,1.7890618165470875,2.9874582351393827e-06,4.339073316345027e-08
wind_offshore,power,DK,7.318734198153624e-11,6.278588921117604e-11,6.931575170134576e-11,7.685426404426749e-11,8.650553399443008e-11,9.534404751702456e-11,1.0649092628570362e-10,1.1872059462675209e-10,1.3434028338535076e-10,1.4940963888626805e-10,1.661579168407928e-10,1.7420414943274806e-10,1.9316442777868827e-10,2.1417299466866727e-10,2.394168851291641e-10,2.6696668965635366e-10,2.9464628706598957e-10,3.307070131169064e-10,3.7790463435578737e-10,4.271175064865539e-10,4.898809674440016e-10,5.609011522256101e-10,6.486540973135294e-10,7.60935613388447e-10,9.23255499249965e-10,6.995626340046016e-10,9.51030817218406e-10,1.3548772185449473e-09,1.9574834714403693e-09,4.236146675095409e-09
wind_offshore,power,EE,4.493387203674244e-11,6.123230566900808e-11,4.929350718316383e-11,4.710147256673862e-11,4.716932003298614e-11,4.732809427012595e-11,5.004815896186262e-11,5.2914070977719715e-11,5.6207247843389675e-11,5.994061020636213e-11,6.415580801578466e-11,6.897246722480116e-11,7.442596679209014e-11,8.061081117649201e-11,8.763736163862271e-11,9.564071611125606e-11,1.0458560522947636e-10,1.1487793521228655e-10,1.2681080893184683e-10,1.4077415634637213e-10,1.5728790483913512e-10,1.7618350187570228e-10,1.9906823149495764e-10,2.2781393010191733e-10,2.652190249367218e-10,3.123359501196487e-10,3.9292918280300643e-10,5.146226908195729e-10,7.563126056815371e-10,1.4834476518170794e-09
wind_offshore,power,EL,6.226659118831953e-11,7.388886803459978e-11,5.428601274948707e-11,4.7470412306180055e-11,4.442556691993602e-11,4.313797529612232e-11,4.345106645348695e-11,4.401955523203489e-11,4.501242189610738e-11,4.6456303778509395e-11,4.836648167080455e-11,5.081382226178291e-11,5.380340545677297e-11,5.7396567815791957e-11,6.167659670640126e-11,6.675206176892641e-11,7.261399124024137e-11,7.956706745662878e-11,8.783148471861641e-11,9.759798113783103e-11,1.09247952119719e-10,1.2270637615581545e-10,1.3922476554698028e-10,1.5984415569808707e-10,1.8587887304919532e-10,2.1760563737062028e-10,2.7579544775059396e-10,3.666041960551706e-10,5.378300922657893e-10,1.02312308857119e-09
wind_offshore,power,ES,1.586561035080121e-11,1.7968107885440743e-11,1.9219654979654517e-11,2.043442167954885e-11,2.1861141690947306e-11,2.3322123074800102e-11,2.492456626980937e-11,2.7269140479847613e-11,2.980587584025491e-11,3.2619727352163445e-11,3.5792005155484546e-11,3.9408105929200896e-11,4.351924061985439e-11,4.821184819456571e-11,5.360143063214376e-11,5.984172669495804e-11,6.703573214839681e-11,7.551363843920802e-11,8.594277554231365e-11,9.9214698424439e-11,1.1610226019401922e-10,1.376976548106832e-10,1.670492394315526e-10,2.0869086141605112e-10,2.7214110108629317e-10,3.352777681120656e-10,4.078084771040408e-10,5.213300926147442e-10,7.481925521673887e-10,1.4491181373363807e-09
wind_offshore,power,FI,5.5505358846925174e-11,5.4587810242605784e-11,5.579012525614348e-11,6.185693619829666e-11,7.216453263102025e-11,7.88746908522321e-11,8.938965505738309e-11,1.0217016975684247e-10,1.1443216119032055e-10,1.2875525579100874e-10,1.459335977537846e-10,1.50606357605488e-10,1.749159959068676e-10,2.0642596546846857e-10,2.4554565296090764e-10,2.9900638070770206e-10,3.640001692924403e-10,4.283961297188276e-10,5.187223754638264e-10,7.014546727572109e-10,1.1829238357414676e-09,3.2298171774077712e-09,1.7236846164733932e-07,2.479579102898089e-08,1.8608605491366755e-08,1.4412056719600713e-08,2.1223771013212346e-08,2.7615531952713e-08,3.556809117245001e-08,5.59011868661542e-08
wind_offshore,power,FR,1.7848109042360951e-10,1.654135044956526e-10,1.900213210890925e-10,1.9407260539518888e-10,2.623867130466075e-10,3.012686828692345e-10,3.39263751395953e-10,3.834168656391942e-10,4.317975773683332e-10,4.909014557302422e-10,5.661742280252931e-10,6.680061738856873e-10,7.986033056992507e-10,9.649134169110734e-10,1.1833299002334075e-09,1.512116508314427e-09,1.8525165697399164e-09,1.9883522614837182e-09,2.9971854664954756e-09,4.181192064216885e-09,5.975437604639598e-09,8.632032132164195e-09,1.717485127921409e-08,8.127552518979905e-07,1.5806383883594552e-07,1.2952741169513252e-07,8.137787900375499e-08,7.936262385004464e-08,8.742171351392143e-08,1.1905993162791343e-07
wind_offshore,power,HR,4.012763378632968e-11,5.400143534691748e-11,4.2142889732061275e-11,3.9074991840200984e-11,3.818704555623212e-11,3.819759964377702e-11,3.9477730472141126e-11,4.177948589234024e-11,4.440445888836811e-11,4.748540620428754e-11,5.1066135693229184e-11,5.522565229274467e-11,5.996709289207938e-11,6.535800231411494e-11,7.149514480745459e-11,7.850804847216136e-11,8.637610986830878e-11,9.545893546915959e-11,1.059692734035692e-10,1.1905654114214687e-10,1.3492871175018884e-10,1.5359020657745715e-10,1.7687784825770705e-10,2.061037315580373e-10,2.419432099730278e-10,2.9903747734157766e-10,3.735161870072197e-10,4.914231274235297e-10,7.319089495278844e-10,1.493869903440399e-09
wind_offshore,power,HU,0.0,0.0,0.0,0.0,0.0,0.0,0.0,0.0,0.0,0.0,0.0,0.0,0.0,0.0,0.0,0.0,0.0,0.0,0.0,0.0,0.0,0.0,0.0,0.0,0.0,0.0,0.0,0.0,0.0,0.0
wind_offshore,power,IE,0.0,0.0,0.0,0.0,0.0,0.0,0.0,0.0,0.0,0.0,0.0,0.0,0.0,0.0,0.0,0.0,0.0,0.0,0.0,0.0,0.0,0.0,0.0,0.0,0.0,0.0,0.0,0.0,0.0,0.0
wind_offshore,power,IT,4.020997254426963e-11,5.409895492833992e-11,4.2227727831471184e-11,3.91917361866391e-11,3.831322615453969e-11,3.8311110953904426e-11,3.964590110929558e-11,4.195400032032788e-11,4.4591680908125636e-11,4.7690370191058196e-11,5.129108555741766e-11,5.5471179039932557e-11,6.023306164729154e-11,6.564438637648727e-11,7.180224549621652e-11,7.883660056374763e-11,8.672710260698466e-11,9.58355719795743e-11,1.0637854314006168e-10,1.194224268170864e-10,1.3531380368974667e-10,1.539899251365242e-10,1.77296988274944e-10,2.0656151688807644e-10,2.424631014081034e-10,2.9945679901433684e-10,3.739018645616611e-10,4.916263922008384e-10,7.319111831863859e-10,1.4924070376949978e-09
wind_offshore,power,LT,4.2316567749930885e-11,5.678201939764623e-11,4.510160880087644e-11,4.283454475405675e-11,4.229853382712169e-11,4.205488425776254e-11,4.4536903836358574e-11,4.7103467223859084e-11,5.014579724716609e-11,5.370544099061193e-11,5.77609587238769e-11,6.238155679101094e-11,6.755957489603373e-11,7.339063325645706e-11,7.998656157313513e-11,8.748087769870817e-11,9.584832119531495e-11,1.0548207889192022e-10,1.166653912271591e-10,1.2975475287031637e-10,1.4516084176633766e-10,1.634651492717583e-10,1.864732905574733e-10,2.1571617126628128e-10,2.5325248485945083e-10,3.0464229567443937e-10,3.791379485599873e-10,4.951150508991763e-10,7.345685634032438e-10,1.475834598175887e-09
wind_offshore,power,LU,0.0,0.0,0.0,0.0,0.0,0.0,0.0,0.0,0.0,0.0,0.0,0.0,0.0,0.0,0.0,0.0,0.0,0.0,0.0,0.0,0.0,0.0,0.0,0.0,0.0,0.0,0.0,0.0,0.0,0.0
wind_offshore,power,LV,3.385887424023117e-11,4.6889197792664874e-11,3.655834381473656e-11,3.351956495522314e-11,3.2030266561262244e-11,3.2338474451877336e-11,3.356389112940714e-11,3.4954675759081505e-11,3.6666197380184116e-11,3.878502859342032e-11,4.136183125351463e-11,4.448360019525307e-11,4.816754614202798e-11,5.248526269290147e-11,5.753298587839894e-11,6.34396131037755e-11,7.021945732082591e-11,7.82250595837514e-11,8.773740301617892e-11,9.911566807123534e-11,1.1281239903940385e-10,1.2867009720086678e-10,1.479244279505187e-10,1.7508189631136706e-10,2.1159792999537015e-10,2.6389954199198e-10,3.2789786141496255e-10,4.347610950122515e-10,6.528261445397316e-10,1.3544210800326555e-09
wind_offshore,power,NL,6.21421626828432e-11,6.579305043439015e-11,6.773622721988321e-11,7.242114739660364e-11,8.086569326253451e-11,8.889995179264898e-11,9.873700885941831e-11,1.0978955666966754e-10,1.2487056105533108e-10,1.5168588674171844e-10,1.1955374546256562e-09,1.6016922085774394e-10,1.7809628610638936e-10,1.9936339842062174e-10,2.2500230067300002e-10,2.5521410232818736e-10,2.895208472421231e-10,3.307769981238339e-10,3.7684673655873323e-10,4.3481121102138213e-10,5.074015550181413e-10,5.959588028009071e-10,7.208902751562763e-10,8.918992976676257e-10,1.1432452780602735e-09,1.4482254385252582e-09,1.9717154751617536e-09,2.839308951099428e-09,4.5661436524270294e-09,9.407668527152621e-09
wind_offshore,power,NO,2.269332701008813e-10,1.3143417991693247e-10,1.6508756519756943e-10,1.8674446840206105e-10,1.052761683214272e-10,4.7556685421884e-09,1.1299589756445416e-08,8.751874781281167e-09,1.9874998786583903e-09,6.048690610217784e-10,6.745500128841046e-10,7.354616569085331e-10,8.214060141460608e-10,9.34190481952819e-10,1.0668093250777349e-09,1.243234647743202e-09,6.307884235734638e-09,1.2962731562680551e-08,1.2087886059988515e-08,1.651472233680688e-08,1.781647924527256e-08,1.0464840293500751e-08,5.977419149253969e-09,3.831260289688608e-09,3.755806943913264e-09,3.869117072902398e-09,4.598266148631168e-09,7.3211324727884825e-09,9.582113254968358e-09,6.329246886418001e-07
wind_offshore,power,PL,3.5240150069486863e-11,4.881393820252316e-11,3.7956130340393546e-11,3.474519812292134e-11,3.3265668712905054e-11,3.354462723690209e-11,3.470082111182857e-11,3.605022444855585e-11,3.777354662869237e-11,3.9943178393883755e-11,4.297320011475798e-11,4.643664114809218e-11,5.035268601387431e-11,5.47975614979635e-11,5.984468886721402e-11,6.570893781290031e-11,7.276901115809523e-11,8.106528585696414e-11,9.090870843615452e-11,1.0269686561969647e-10,1.1693368733713487e-10,1.335024966326164e-10,1.5371202978807227e-10,1.7981730031657045e-10,2.174056932982931e-10,2.698898399801843e-10,3.354315139254287e-10,4.4560041952260636e-10,6.7225056041759e-10,1.4093671480345068e-09
wind_offshore,power,PT,0.0,0.0,0.0,0.0,0.0,0.0,0.0,0.0,0.0,0.0,0.0,0.0,0.0,0.0,0.0,0.0,0.0,0.0,0.0,0.0,0.0,0.0,0.0,0.0,0.0,0.0,0.0,0.0,0.0,0.0
wind_offshore,power,RO,3.7587977286885215e-11,5.151826475781952e-11,3.995840481498445e-11,3.6604318741942e-11,3.532624800187494e-11,3.552391829981328e-11,3.655293535635684e-11,3.786950800996813e-11,4.020844482842364e-11,4.299412397648458e-11,4.617195406709181e-11,4.986056284040883e-11,5.4096015249781965e-11,5.895561141885706e-11,6.45183002433761e-11,7.087757299987876e-11,7.796450755458017e-11,8.660215715227008e-11,9.701758155922142e-11,1.0948238123809227e-10,1.2459836625401715e-10,1.4234089802893755e-10,1.6423032913973793e-10,1.911337389728734e-10,2.2871895196398515e-10,2.8354911403958324e-10,3.5378066952343776e-10,4.710940158493581e-10,7.10490179942247e-10,1.4850053290961181e-09
wind_offshore,power,SE,1.1585458174858555e-10,5.969579127855026e-11,6.455866841053982e-11,7.855444958982538e-11,9.45866629444035e-11,1.0941734657380419e-10,1.3437557277357583e-10,1.83987823451553e-10,2.3050720993529676e-10,2.5353481923830207e-10,3.27057441429069e-10,2.873011592253357e-10,3.5872093759568553e-10,6.587777367906518e-10,6.210489044017665e-10,1.0118629380071717e-09,1.2860307284229927e-09,1.5359887826247125e-09,2.522583629415811e-09,3.960171876941854e-09,8.439131763599033e-09,2.4998056688290186e-08,7.000503116820161e-08,0.9710949213382838,2.786894171777141,0.09812969197644615,1.0651214894893296e-06,1.6467819004721916e-07,0.03316568611870657,0.17112182893199765
wind_offshore,power,SI,0.0,0.0,0.0,0.0,0.0,0.0,0.0,0.0,0.0,0.0,0.0,0.0,0.0,0.0,0.0,0.0,0.0,0.0,0.0,0.0,0.0,0.0,0.0,0.0,0.0,0.0,0.0,0.0,0.0,0.0
wind_offshore,power,SK,0.0,0.0,0.0,0.0,0.0,0.0,0.0,0.0,0.0,0.0,0.0,0.0,0.0,0.0,0.0,0.0,0.0,0.0,0.0,0.0,0.0,0.0,0.0,0.0,0.0,0.0,0.0,0.0,0.0,0.0
wind_offshore,power,UK,5.6156853801078213e-11,5.823387748553969e-11,6.229622114127728e-11,6.679633118766362e-11,7.37200784261713e-11,7.99742324446956e-11,8.785722918100995e-11,9.756017024015975e-11,1.0857758286292774e-10,1.1973108797618412e-10,1.3262580969465153e-10,1.3740905710076976e-10,1.5194167688585546e-10,1.6698915358146633e-10,1.8237738648252407e-10,2.0055616525331993e-10,2.227637009969468e-10,2.460912173413933e-10,2.79946008280621e-10,3.2731476040054974e-10,3.8643294724443777e-10,4.3189499104049487e-10,4.280359521516033e-10,5.893461585628369e-10,7.423267849912007e-10,9.075807863308714e-10,1.035837924474761e-09,1.225992929212086e-09,2.5266197750484166e-09,5.301527437174063e-09
wind_onshore,power,AT,8.177030502957228,6.354559627377846e-10,0.0067999991278616025,0.001199996911968889,0.0007500017795812668,0.022590001002309113,0.007620000160037037,0.0453000000713814,0.10714999992322409,0.2026999999168853,0.20774999948031508,0.1403000001779639,0.019500000095147903,0.013999997959850546,2.7083469660390924e-09,0.017499997588670536,2.6623775367004657e-09,0.14364999858381333,0.24410000038551216,0.3912999998319916,0.3235499998695868,0.2467700001056947,0.19279999986615798,0.11740000007864225,0.211499999994195,8.177030499675412,4.851106077532148e-09,0.006799997186831128,0.0011999970673781312,0.0007500016091601735
wind_onshore,power,BE,5.730189380409572,2.018983850930073e-09,1.4016559761460987e-09,1.012536502533717e-09,1.4269612675020472e-09,0.005999995713688103,0.006000001808324606,0.017760000813423618,0.020400000055821897,0.028200000057887798,0.07109999980854868,0.04130000046197405,0.09705999985235066,0.08099999998280807,0.1448999998557769,0.17402999989014545,0.15659999967372573,0.04899999952106559,0.07325000076332168,0.09930000014452474,0.2740999998877595,0.15524999998569153,0.2494499996947771,0.15209999987658707,0.13165000005405783,5.730189373657332,5.3583434002246955e-09,3.1063902807613264e-09,2.5975101608325386e-09,2.85060495702126e-09
wind_onshore,power,BG,4.429833155848257e-09,5.846242133822968e-09,1.053712181472313e-08,6.282992774926771e-09,1.4758060375818548e-07,0.21384215691765876,0.43051187073807606,0.058793175596766875,0.4045638366509378,11.677753493118589,4.7767295326174645e-08,6.872686547224537e-08,0.0603550317405299,0.007052095797914937,1.2417791028212006,0.37985477435628384,0.4265397652723647,9.439013913473482e-08,7.796865201127767e-08,9.124926432357374e-08,0.18428447014679608,1.0040017955441927,4.5023089102698703e-07,3.04200612859193e-08,3.979515472491316e-08,5.7458112214841715e-08,9.890957221707836e-08,9.709137089336014e-08,0.20940282413218367,0.5696888178582521
wind_onshore,power,CH,1.423462114065639e-07,3.7001597006376227e-09,2.7993605598384518e-09,1.903446245930528e-09,4.998015201210549e-09,7.357214335554012e-09,1.8829817444492697e-08,1.0067650629407568e-07,0.8203373210502604,3.1484260837778936e-07,2.77608923792039e-08,1.8992411825873076e-08,3.075386728507738e-08,1.0280437166842453e-07,1.5368838284310202,0.8824738009247973,2.3676625847964528,0.7117452392081024,0.9649618662567464,3.428041201719914,1.5564673863971157,7.7352013507871815,0.05195204910722397,0.038121686937006835,3.0863288402144136,2.984452272770706,0.23627909691025303,4.10174979821293e-07,0.10587952050131386,0.29281103153455557
wind_onshore,power,CZ,18.49422093467704,1.2362456026710642e-09,1.1634100537088099e-09,1.1741647362301484e-09,1.926949459096666e-09,2.7062346867962733e-09,5.193676469673623e-09,1.233780678306951e-08,3.48618028428278e-08,0.19947712463904196,2.560189625058448e-07,0.8897641082393234,0.815832250456761,1.911047880585183,3.7003624205180876,1.1533609502051838,2.1446724019536245,0.5185933308274921,1.7823034500743766,0.5300182870465364,5.187598948279486,10.032581204496346,0.031382607505571584,0.9081935853930527,4.152841834559322,18.51491514502071,0.0001063039322667632,2.04271776992667,0.19385518663427578,0.10603474165851133
wind_onshore,power,DE,4.043680955045072e-09,1.0918703429306268e-09,1.3417005970131528e-09,1.163858559590908e-09,1.766326500619375e-09,1.6247970068496116e-09,7.11422083124553e-10,5.125167611746912e-09,9.827021331163308e-09,1.4871191916404852e-08,2.415690197767298,7.403517041588466,5.874259230239587,15.243454242460178,10.451132596778438,3.950706195846612,3.6092038584538835,4.864884655250004,5.943026950266577,8.483155151518272,16.672207667131197,9.977556994916165,5.078109999024921,2.66792999756197,1.0256999420066883,3.120095444566589e-08,1.4502332848241517e-08,1.0496559037456316e-08,9.745218969514996e-09,4.31246761684609e-09
wind_onshore,power,DK,10.886055457828856,8.988678771789727e-10,1.0610960402999875e-09,1.2765328945005162e-09,2.483141642788776e-09,4.015869820851874e-09,7.575883054322276e-09,1.6079428098564753e-08,3.4083375022735614e-08,9.674798176180518e-08,2.038932372314907e-07,0.7960086335541943,0.06415858511125413,1.3529354096071678e-07,1.2850497138557574e-06,5.452810059510582e-08,1.7170759932418667e-08,1.535819131961935e-08,1.1718977074058733e-07,0.7339759084231554,5.637294834141036,1.1439286821160273,0.5735154938755931,0.6260263733359249,0.9944525997659213,13.442757560444228,0.004567065411630235,0.005084907916316368,1.9756571770934535,2.295457280297246
wind_onshore,power,EE,0.42468818863137786,1.1598853653086483e-09,1.2883488814242892e-09,1.5959031191486747e-09,3.5251174022610808e-09,7.054823746843987e-09,2.1693867872204754e-08,0.2240132091143616,0.17102013929107218,8.61249188351794e-05,0.10993259994183818,2.456721463585218e-07,6.311094562730855e-08,7.8733849067098e-08,8.941211992411164e-08,0.06637618089834225,0.7493817041952513,0.15067144307336813,1.0367288719832712e-07,9.47078454604017e-08,0.048462660490615164,4.899094497059009,1.0472613568954353e-06,0.09618552226149123,0.6527469430081908,0.6697069893797892,0.3431610688473235,0.5618987541547367,0.16148744711014262,3.0848357242401216e-06
wind_onshore,power,EL,14.88698216626785,3.5507574880276483e-09,2.828248987429985e-09,2.0913428827509553e-09,3.386699539984485e-09,6.334610792365701e-09,2.402522953303854e-08,0.2413790707853269,0.2915310846857093,0.9153018640487423,0.3927614653220253,0.7414608484152619,0.30163708991645605,0.9203357350236091,1.665000868111752,0.37858759513872037,0.6787810069074226,1.1036357595809687,0.4222733591167717,0.5771291619653414,1.4744670553421177,0.4059294355531876,1.0582979786854585,0.33143897202698186,0.3453459107364206,14.904835213364455,3.612812939533408e-07,1.0898768760851907e-07,0.036948728847629016,0.5992101537520936
wind_onshore,power,ES,26.73720797763796,3.9600766545634785e-09,2.5617816227920774e-09,1.526195645893929e-09,2.1209115831301175e-09,3.0834057941712256e-09,6.5382032025253996e-09,3.101605747196488e-08,2.5792973477958006,5.846174541011284,8.288974349155742,4.005341298963721,4.678039824348014,4.007452955291985,4.113920433081293,0.2236482332629913,1.802990900858744,5.483280603565751,11.069076917140428,5.4277962669818445,2.705077692633115,0.7473452011642633,0.0883865741067042,6.1365517641048495,4.76963234257034,26.508706869739985,1.5498723595539473e-07,2.226206788132928e-07,1.1154259863184497,1.1891285700065852
wind_onshore,power,FI,15.536324409531781,1.3253006671453888e-09,1.8806037895937447e-09,2.0252402484508863e-09,3.722892800808925e-09,3.40174005906609e-09,6.56345333314463e-09,0.14261356072430711,0.9216538974688676,0.0032252087641922666,3.673513493691626,1.1811456497534636,1.4013804427809937,0.9580427649873499,3.395667333113917,0.2573373471091282,0.2802311625917364,0.11209999895898327,0.18870000030986175,0.060196196566442234,0.37285622719219014,0.7759975765993994,0.36680000081357994,0.12610000032410837,0.10290000014808177,15.536324390065335,1.1347948702560017e-08,6.675669707263586e-09,5.618553224828937e-09,6.156746325349925e-09
wind_onshore,power,FR,5.935882687073597,1.5617880415389572e-08,8.130469859661662e-08,5.054770232642065e-09,1.4638625686832762e-07,2.2197137184215685,1.0700138761514477,14.075076709170357,3.047437625528849,2.7891095661976446,5.1032669826520385,5.242279725647057,3.276285029757563,5.721741784543756,4.529840364818529,27.093996257419896,12.156069250628711,5.221148156904994e-08,7.35345390945224,28.011876261395372,16.12896152144575,25.805099840391794,18.766490419623505,14.631007993853684,9.580750919630919e-07,19.691364912343655,8.934298182464493,0.1416436850967103,0.35958853089671144,0.31827918080279205
wind_onshore,power,HR,7.246206536447791e-10,3.4269866298201324e-10,3.844397423787571e-10,4.3618338905632666e-10,5.436263609070166e-10,6.65309294491524e-10,9.12840959372721e-10,1.2412294893096384e-09,1.6276036771713129e-09,2.1822705430403355e-09,3.3067011702244813e-09,4.784069521231211e-09,8.367696890059847e-09,1.998974574935981e-08,6.137845509544184e-08,1.6504758021419753e-07,0.35900289158231125,0.7977250554408415,0.4331150288867534,0.23546854647308083,0.4070477643857221,1.5591122955092087,0.7782861247742222,0.5651366698670888,0.6784725226096253,0.27881587742886405,2.203183823974913e-07,0.10024589303248477,0.19601432504180996,0.6005478982483631
wind_onshore,power,HU,25.519231422195343,8.881987858701806e-09,6.216900677148692e-09,2.7188052034195805e-09,4.801647857527642e-09,9.555074878113866e-09,2.5259325065735374e-08,3.192247768567121e-08,3.620246199386052e-08,0.19494396362610703,1.9386027136793145,0.8505403099046686,1.436809623447561,4.0330857420752995e-07,0.17543242380812687,2.5394318731904546,0.7073477600221394,0.8077245233736778,6.317325969130076,0.8610222544003906,1.5330776699814181,6.227427607546364e-07,0.17199412088953767,1.109920204961498e-06,6.172122983727983e-07,25.54495005344881,0.4401290473640363,4.764304902830842e-07,0.32780861387989363,0.07784763176432226
wind_onshore,power,IE,8.691483786016306,7.268649409128222e-09,8.671848668573929e-09,3.6058338674235617e-09,9.487411014287419e-09,0.6665968553257674,0.012215265493595093,0.12407177444608586,0.32348155981401133,1.8657151836647612e-07,1.979448824178609e-07,0.27187813983489567,1.5073908689197975,0.7393536521693823,0.4965651905963294,0.26504673642376203,0.2670433647424352,0.14066625670999144,0.06620131719515604,0.45174921232528875,0.4453016199965839,0.5843394183833941,0.70605260399746,0.35665824642258637,1.6300381863951743,10.160708512073521,8.632103705898487e-07,0.1811139452978875,1.3153028790336093e-06,5.471155377830822e-07
wind_onshore,power,IT,57.30757451683076,3.6232152299853923e-09,1.9713092946142854e-09,1.2929978972189472e-09,1.8808459193888246e-09,2.8905153094141262e-09,1.7079577810140002e-09,5.3095582026837366e-08,7.667006931421266,8.002781982089141,11.212530831348275,9.410435876429482,17.731403849666634,14.003214702463838,9.393064646697978,16.04684898194964,8.131141542038469,1.30167511920241,4.455267965679904,0.00011049137715778348,4.667957078268586,4.500536980978943,0.2704753564003212,4.917664184940169e-07,0.6618778283707973,57.49942080470393,0.0694507355717325,1.3239075518911672,0.07988871859176075,0.46915088589942466
wind_onshore,power,LT,7.939361693989318,1.4640535311440271e-09,1.7390528807968528e-09,1.9200959940349533e-09,4.179171096349085e-09,1.0798048219829034e-08,5.1181659274080144e-08,0.1618521124526372,0.15518837391967955,0.03894514283826247,2.476070667970111e-07,0.1118930771416413,0.209498610109527,1.3883995522955803,0.22648787885163826,1.076511076870559,0.21682536153564458,0.3616917560780019,0.292602633241545,0.08475866363559624,0.3050184079152525,5.587655173420359,0.30398659769800046,0.27787483155282083,0.02809962137057951,7.888382450937307,8.197227188213083e-07,1.4395135866914954,0.16806093366590708,0.4691367813765032
wind_onshore,power,LU,1.0051853466308303e-08,1.2143397980688889e-09,1.4851943994174122e-09,8.028271526933031e-10,1.6040608283379622e-09,1.5410237979904887e-09,1.6177792126813642e-09,1.714662195939648e-09,1.7661281178021194e-09,1.965049709859893e-09,2.3123934894164805e-09,2.172143748727836e-09,2.4249030689018234e-09,3.216250257088292e-09,3.2420100355336567e-09,3.2688594767666862e-09,3.957870897390547e-09,5.219356428088209e-09,8.148096815175135e-09,1.0635571857793509e-08,2.5946367384424484e-08,0.11607421233931674,0.02016950712251528,0.42655996458699086,0.00023945678489343815,3.806765750882048e-07,2.0288633236267444e-07,1.8454649091921378e-06,1.0889016494018428e-06,0.0031748596866122566
wind_onshore,power,LV,1.108145162079743e-09,6.131086089953902e-10,7.105058721448197e-10,7.873953136969605e-10,1.119564530856889e-09,1.452036407644147e-09,1.8185263570065738e-09,2.2204261050805416e-09,2.6024832586928693e-09,2.8460604637461124e-09,3.1388100952942703e-09,3.2046821050333084e-09,3.731561429242491e-09,4.8401387048762465e-09,6.689817127720608e-09,9.334215347289084e-09,1.8585191951337533e-08,8.806749405243352e-07,1.4551021434061547e-07,1.3483129589012888e-07,2.2162737113503516e-07,1.8603578364868616e-05,8.200666256496867e-07,4.373582185621313e-05,1.470824828333274e-06,1.0679469259316544e-07,1.1707641482151676e-07,8.086218696330491e-08,1.2348107405319557e-07,1.3440413674069154e-07
wind_onshore,power,NL,20.540183232598753,2.8732468026583054e-09,2.079017646957067e-09,1.6192940836084465e-09,2.9617668684662046e-09,5.2243642204654456e-09,1.490700013783811e-08,0.6668873708143366,5.808332416741456,1.3986520819838872,0.5553374520687676,6.332962812431604,1.4893813988688451,0.9382207249297307,0.2937521787407805,5.172394733702784e-07,0.5342518621782217,2.1078523456241372e-07,0.5309323884487024,1.5131027361248848,0.23646419455655193,3.3142264455499046,2.9277118407001463,0.04810005218651169,0.35945003045420487,20.54018321893331,1.6225167290178646e-08,9.952831534576784e-09,7.866725495223208e-09,7.737176636489246e-09
wind_onshore,power,NO,24.145849576165162,9.653266158237488e-10,1.270687886922049e-09,1.5604302278847647e-09,3.202277925091508e-09,4.715124829739965e-09,1.0303645466173122e-08,1.2153953958988777,2.90206932639784,1.866613662264469,2.7906879871414554,0.7995823834968288,0.2586711275713717,1.6437328570766294,1.0777672172953476,1.1432435954447775,1.4059996588623518,1.4556835367394955e-07,0.4523668680654905,1.155222592181003,1.4255766815360151,9.184409909674182,3.3541759907613993,1.7195649312581263,0.29276108415953755,25.327216923631894,0.3977779629615513,1.7379088486929608,0.14661066436551756,0.9858748247494429
wind_onshore,power,PL,66.69549967049346,9.068528280553176e-10,1.1094227250392416e-09,1.279483511141798e-09,2.527804383768202e-09,3.539997717062518e-09,8.559235552870668e-09,8.938392016516424e-08,0.8885455361741602,2.591149634940495,1.0089132801970802,1.3035367095585233,1.4411769828005951,0.3283117252781689,2.673483744848158,0.39898399141621077,1.7325162736453863,1.6041163843123132,7.210957969676855,1.5357223823089745,10.569208150629782,0.2171999394401122,9.05037003512737e-08,6.746660299626336e-08,0.03539998594303607,66.69549948211144,3.299936400945004e-08,2.6893854478058314e-08,2.134035461262736e-08,1.8815607562947436e-08
wind_onshore,power,PT,6.2282817315869075,3.2855040670066824e-09,2.0634390777901552e-09,1.420053295493392e-09,1.9805911507600603e-09,2.770992599875511e-09,5.422909123890406e-09,1.5748944517731326e-08,6.096377724305923e-08,1.9965288935798271e-07,0.2168525377611935,0.5189560387548828,0.7616771932608507,3.316657203531892e-07,5.056501605690781e-08,2.4904677651239746e-08,2.2349190922892118e-08,2.0298244180602783e-08,2.3837489609725636e-08,5.7532506056874885e-08,4.2431358589544496e-07,0.647598082200076,0.868464497529834,0.5149026961964724,3.4040851769785407e-07,6.45551185338987,0.1448069361601503,0.00658059949350082,2.0044949662494618e-05,3.5902054483155105e-07
wind_onshore,power,RO,1.2201076015441616e-08,6.45088482419875e-08,0.2434547611771086,5.530469588655372e-09,1.3611311863887151e-08,3.227718408796035e-08,0.43824755164798246,2.7545130549571892,1.364388544041205,1.0699251859716323e-07,0.8558201030371623,0.44386010682315274,1.075791775983273,2.653097407248907,0.12292300839422766,0.43853970258076636,2.1621320452400448,1.9502922631720148,0.8694513802180918,1.116814367722535,2.3977084325469535,2.0729974481609883,0.29398528469034263,0.14751054630741345,1.0155535350302893,0.756220942615743,0.6417677231643358,0.24368942620356604,0.00011598869575063797,0.046516822030434925
wind_onshore,power,SE,3.0901353535641127e-10,2.386396066406213e-10,2.632051058887269e-10,2.8568578298856844e-10,3.2738520704622293e-10,3.627497988912164e-10,4.236646536374968e-10,5.007472563934811e-10,5.685132328728988e-10,6.272285180713782e-10,7.163393325905375e-10,7.985009901938907e-10,9.3150719562226e-10,1.1186713838217791e-09,1.4190092019487627e-09,2.028208016729122e-09,2.1048080595590663e-09,2.382565658763187e-09,2.9836298867318314e-09,3.9569455552965304e-09,5.51852475976843e-09,6.08426035604044e-09,7.171618628247329e-09,8.760770321991426e-09,9.113548470986524e-09,1.0139909814441592e-08,1.3160127712246756e-08,1.5449695590175237e-08,3.314430259087831e-08,6.896549207566205e-08
wind_onshore,power,SI,1.0776133822111043e-10,1.0476158520943554e-10,1.0968858072937162e-10,8.568478809732513e-11,9.93380625133038e-11,1.0213856852353128e-10,1.5301622175749893e-10,1.7259951562923488e-10,1.784116311530223e-10,2.1104912904068746e-10,2.5039167450864114e-10,2.7367170536665183e-10,3.143169023330826e-10,3.5520976954861066e-10,4.018732204962623e-10,4.5618001589148246e-10,5.171636249600492e-10,5.576581779496382e-10,7.288247512839037e-10,7.885933712639098e-10,9.571727197779473e-10,1.2286582769081192e-09,1.7621867314556493e-09,3.615464883554565e-09,2.5382573667234906e-07,3.656146355626404e-08,1.6757803861605924e-08,1.8366953147499766e-08,2.3877212751244874e-08,3.5785259650944356e-08
wind_onshore,power,SK,3.597376250461137e-10,2.0879897645367129e-10,2.5319722095847174e-10,3.065106261648869e-10,4.2017382915343106e-10,5.20200342536729e-10,7.20266600874158e-10,1.2474910109837088e-09,2.2790966832120666e-09,4.82782307420192e-09,1.814796717336561e-07,2.184090119701463e-08,1.5611767162946282e-08,1.3686591391732984e-08,1.4183097937602155e-08,1.4513380443302165e-08,1.5956898246942105e-08,2.046448214392839e-08,2.7627409165087636e-08,3.583078828701434e-08,4.3561313553711075e-08,4.849829553225772e-08,4.83367433225685e-08,5.53466786558745e-08,7.433390514176688e-08,6.470641073651705e-08,7.504919792406277e-08,1.1245616580825631e-07,1.365544576231021e-07,1.797503944513056e-07
wind_onshore,power,UK,61.76933558194958,3.9857545895698005e-09,4.512640298404774e-09,2.735697294130202e-09,8.167261938322777e-09,1.3559785537552127,3.446039986569767,6.730565168450822,4.7262050607457144,2.4395919582103214,2.362005901956326,6.6472907818561335,4.382403103380645,6.260233259285673,2.907140204093628,1.959445252302671,3.566668024769293,2.7202778580729503,5.341475617595631,3.3512244164927285,11.406088548767881,1.6417583643481128,6.846285953991926,8.434651334133624,11.39538791130399,66.9065021839453,0.919647933140887,0.8369941768848574,0.8574300903796352,0.013925481615873283
