technology,location,0,1,2,3,4,5,6,7,8,9,10,11,12,13,14,15,16,17,18,19,20,21,22,23,24,25,26,27,28,29
DAC,AT,1.3967895559437133e-06,1.6051089739083087e-06,1.750346346768766e-06,1.9506758200295676e-06,2.1036882717027305e-06,2.229969282594764e-06,2.3273410039030416e-06,2.434479174522017e-06,2.5516133719227888e-06,2.6712534018998615e-06,2.7798755121676223e-06,2.898216622338696e-06,3.02109782167075e-06,3.1697435473964783e-06,3.343939236023663e-06,3.5307533657395477e-06,3.739438788899788e-06,3.977487025480158e-06,4.245937567732898e-06,4.6243549946471435e-06,4.352992690536054e-06,4.644392561320942e-06,5.097939307305379e-06,5.478790034843222e-06,5.854974746949169e-06,6.2422664515137e-06,6.726877556917376e-06,7.129098936408213e-06,7.605721073149917e-06,8.143900278289832e-06
DAC,BE,1.5146615911798062e-06,1.6628834857831134e-06,1.8092393727048941e-06,2.0184114857283857e-06,2.1766501063413512e-06,2.2987946336858454e-06,2.4049705500270224e-06,2.5018743425938303e-06,2.5775615768069895e-06,2.6732242213440777e-06,2.7780254848964887e-06,2.902020839772758e-06,3.048155160669818e-06,3.219499583721535e-06,3.424017698780831e-06,3.652414259516268e-06,3.8918410370653065e-06,4.1616658118034955e-06,4.443271142099694e-06,4.8288174550126536e-06,4.588642351026306e-06,5.009402978241196e-06,5.3650295966710946e-06,5.739456758247317e-06,6.21272707277855e-06,6.768107291211187e-06,7.385778305242542e-06,7.973185100732313e-06,8.447629497597224e-06,9.055789042832307e-06
DAC,BG,1.4102200974067213e-06,1.6017943318280737e-06,1.752342315777213e-06,1.949834051661304e-06,2.1275386840412947e-06,2.284583283096727e-06,2.439836744500987e-06,2.6029480707298737e-06,2.786022818874876e-06,2.9773274946500494e-06,3.1848575787546977e-06,3.36999848799689e-06,3.5883011778414116e-06,3.809277395214262e-06,4.020726054184042e-06,4.207910297278433e-06,4.37345285768238e-06,4.5265951947482225e-06,4.796674829385268e-06,5.173527218691015e-06,5.013644852322875e-06,5.444266488072804e-06,5.851078109974428e-06,6.26155378377541e-06,6.710259347490078e-06,7.158173266469746e-06,7.628668534701625e-06,8.070901672828193e-06,8.480108388957262e-06,9.161961924459707e-06
DAC,CH,1.4101688898123558e-06,1.6123369034719603e-06,1.7672069116627454e-06,1.974391036439958e-06,2.1222740985122286e-06,2.2510990507679977e-06,2.36889280676871e-06,2.4692556997718174e-06,2.5863035860004665e-06,2.7071255899631864e-06,2.8148325596038068e-06,2.93157883099652e-06,3.0515861193762625e-06,3.1775908963492544e-06,3.3335286533784793e-06,3.516934135241632e-06,3.7418026857014866e-06,4.009528205802215e-06,4.2843666383822815e-06,4.664785374800363e-06,4.443906636613962e-06,4.816124453791216e-06,5.1627464555325705e-06,5.507313043090372e-06,5.944890717917282e-06,6.397633296427413e-06,6.936725492582287e-06,7.444402633301561e-06,7.928917412162306e-06,8.552215526350328e-06
DAC,CZ,1.4027609916303371e-06,1.6063731091963219e-06,1.7580733565296307e-06,1.9632710687881353e-06,2.1174305826633645e-06,2.2622253869614193e-06,2.408705840655117e-06,2.560597066173467e-06,2.7063657449751614e-06,2.828817608103053e-06,2.926735970240304e-06,3.0059267367550294e-06,3.1074788369398205e-06,3.2369745016222865e-06,3.3952248783462043e-06,3.5837171967352426e-06,3.794008148831189e-06,4.0351939598528696e-06,4.30201387835119e-06,4.692020762028383e-06,4.600618062422037e-06,5.076624119902166e-06,5.470251581480637e-06,5.8335889623304995e-06,6.2614428012328075e-06,6.680910180964883e-06,7.077250771069732e-06,7.4795542265815806e-06,7.916959381649331e-06,8.545890330488363e-06
DAC,DE,1.4164283231018877e-06,1.6258687898282296e-06,1.7800511495336958e-06,1.9796111663051967e-06,2.1190047141394126e-06,2.2340941972445024e-06,2.342508639622174e-06,2.4442805884556677e-06,2.556070457703703e-06,2.649063083054998e-06,2.737779348175162e-06,2.8287565893779896e-06,2.9408969057577504e-06,3.075643138192844e-06,3.232516492461251e-06,3.41667703536905e-06,3.6317749505116592e-06,3.879296789154215e-06,4.138157545070458e-06,4.482654971423059e-06,4.275180977762208e-06,4.5996538505125145e-06,4.883927256092178e-06,5.177053395494074e-06,5.564906644361949e-06,6.020088668779798e-06,6.513320768657068e-06,7.00261487297822e-06,7.395828246304155e-06,7.939490102912157e-06
DAC,DK,1.3796866945948358e-06,1.6846477640579927e-06,1.8613761037113818e-06,2.0491256907971844e-06,2.1468870430359945e-06,2.2677929379290522e-06,2.3931210110725476e-06,2.5246014386523376e-06,2.6785739371150197e-06,2.842723013244539e-06,3.0013866945318918e-06,3.1886957698103965e-06,3.380600577741595e-06,3.586223199865642e-06,3.805974730729778e-06,4.034000533157476e-06,4.334374292235293e-06,4.686150425993627e-06,5.004816972808543e-06,5.358638176751023e-06,5.3047542596879794e-06,5.7971191728250055e-06,6.164463442024903e-06,6.557379936443055e-06,7.107010260912948e-06,7.673280805780976e-06,8.291002918673267e-06,8.87281797523626e-06,9.310239968711378e-06,9.92956695291468e-06
DAC,EE,1.2962745486947284e-06,1.6334445169765576e-06,1.801710033696316e-06,1.9823501335260377e-06,2.0935765445856053e-06,2.1964418141392693e-06,2.282922957418894e-06,2.3639605543548704e-06,2.4523000039924477e-06,2.5542864407012283e-06,2.6717280664235907e-06,2.8158751105798365e-06,2.976465010967331e-06,3.1583102761739745e-06,3.3613669891632606e-06,3.579686897884328e-06,3.817326459263792e-06,4.082251254949889e-06,4.37420606998915e-06,4.8232937786404096e-06,4.8144778744831826e-06,5.075460834273575e-06,5.452860898220869e-06,6.226458066124893e-06,6.741066934933366e-06,7.20958698150133e-06,7.729593606721325e-06,8.2435155360183e-06,8.726390700543575e-06,9.351092358439451e-06
DAC,EL,1.4234800704175006e-06,1.626544156064913e-06,1.786239307931031e-06,1.99245529049828e-06,2.188736082202712e-06,2.3495877124600094e-06,2.5010946024229695e-06,2.6581857883419713e-06,2.8352542121862673e-06,3.0177323762415713e-06,3.1882988830308527e-06,3.3021377709270853e-06,3.3986651676714495e-06,3.4630997872790424e-06,3.560376857033775e-06,3.7014741800820804e-06,3.896779324457447e-06,4.1768794294900064e-06,4.504753131007993e-06,4.936856570052144e-06,4.809788706824204e-06,5.261948959805257e-06,5.602626184673945e-06,5.977498763749874e-06,6.415507362896176e-06,6.956231886192196e-06,7.5200326391599346e-06,8.04778220947672e-06,8.477279144927492e-06,9.145492888905688e-06
DAC,ES,1.3359423124085307e-06,1.5806343302852864e-06,1.7356846604540435e-06,1.9050453672552901e-06,2.009440956504094e-06,2.1219785576736913e-06,2.2390490515904894e-06,2.3630311425040513e-06,2.5074536438625123e-06,2.6813226354356508e-06,2.891664368984643e-06,3.016361887924447e-06,3.1723930397614718e-06,3.3575644067148527e-06,3.575680285070901e-06,3.831901709960108e-06,4.139778754905422e-06,4.526356191522668e-06,4.881220884736378e-06,5.315170482337562e-06,5.212078461183726e-06,5.632535167956178e-06,6.030376428380632e-06,6.486503744887155e-06,7.030697010281281e-06,7.591974928152749e-06,8.290289041513577e-06,8.97112632417126e-06,9.501416810338291e-06,1.0253292637486346e-05
DAC,FI,1.3934667743409173e-06,1.71733997300674e-06,1.896565357232261e-06,2.106251549826642e-06,2.232292515992548e-06,2.339989066168921e-06,2.440515782001399e-06,2.534789978711749e-06,2.6571395980553407e-06,2.800448841227888e-06,2.951249044613877e-06,3.1280708355659996e-06,3.316885230020827e-06,3.5293757090074445e-06,3.7747187672840127e-06,4.040530587921345e-06,4.3026842693833806e-06,4.606575737928973e-06,4.962496979514215e-06,5.572908659618654e-06,5.625295566973946e-06,5.824067448534074e-06,6.131092215491993e-06,6.512775655001298e-06,7.039574144859706e-06,7.5412737021283795e-06,7.95940458208368e-06,8.413796167375724e-06,8.840866334740513e-06,9.458553207230762e-06
DAC,FR,1.4280526809421086e-06,1.6282194663608075e-06,1.7854457968065276e-06,2.003206702659257e-06,2.158170146171843e-06,2.3058914836664865e-06,2.4462390637374213e-06,2.5820980424224023e-06,2.7126777555839345e-06,2.8078724819373566e-06,2.9411109623970906e-06,3.055512842222124e-06,3.201523512175806e-06,3.3811123448009823e-06,3.5951864141949484e-06,3.836779917806493e-06,4.11922909710261e-06,4.480864691961956e-06,4.802231033350811e-06,5.248411650436709e-06,5.123647119763244e-06,5.594755135424314e-06,5.985842510340238e-06,6.398917946279049e-06,6.929217977181296e-06,7.481104573236827e-06,8.188939714218243e-06,8.881804368601874e-06,9.369837631853242e-06,1.0092279617025471e-05
DAC,HR,1.4187327994783626e-06,1.637077748167221e-06,1.796165281988622e-06,2.0174687868822426e-06,2.1796074967970897e-06,2.3209902877540875e-06,2.454870436195462e-06,2.59557318670688e-06,2.7393092236582258e-06,2.8720505656598396e-06,2.9794665551670683e-06,3.0706560579264912e-06,3.1893470043832256e-06,3.332458916848272e-06,3.498911913542719e-06,3.6872805242611126e-06,3.901528806948605e-06,4.149256111922681e-06,4.430211736759156e-06,4.832450117441857e-06,4.774973488679971e-06,5.271874384301001e-06,5.652883043996363e-06,6.003384467211621e-06,6.442599903239511e-06,6.909107382863468e-06,7.490974623679476e-06,7.988424937774281e-06,8.455966868567898e-06,9.106813599603203e-06
DAC,HU,1.4340278776968396e-06,1.629600033549689e-06,1.7784398812819357e-06,1.980644160187751e-06,2.1372680490395318e-06,2.276725116705953e-06,2.4077812603772226e-06,2.5327139145316993e-06,2.6428772138607836e-06,2.7314684276284463e-06,2.8550918959291324e-06,2.9841372463052924e-06,3.143120825286184e-06,3.3218503611894175e-06,3.5214147858240077e-06,3.7341400069311544e-06,3.972214992399791e-06,4.253958774807233e-06,4.581818254438386e-06,5.032615142537417e-06,4.956857758409935e-06,5.443598779255524e-06,5.835779732987651e-06,6.214264704829352e-06,6.668287638768061e-06,7.121675057941553e-06,7.655354854290882e-06,8.149705106325686e-06,8.647718144056816e-06,9.337409894711374e-06
DAC,IE,1.297286992152078e-06,1.6906865090608687e-06,1.8916655166755618e-06,2.170349732012863e-06,2.302999973295022e-06,2.3718389697213355e-06,2.4586645560110297e-06,2.5685385445568735e-06,2.7162321163924926e-06,2.8878966163119723e-06,3.070445572199859e-06,3.23851908565329e-06,3.4259105181822615e-06,3.647209950416297e-06,3.905759290997704e-06,4.1993837884245685e-06,4.52696503292406e-06,4.9326060656071535e-06,5.42029990871687e-06,6.099393218193218e-06,6.362220737511726e-06,6.8703737566977675e-06,7.312517389976039e-06,7.675411901484973e-06,8.342766602979729e-06,9.155034950080266e-06,1.0133118141671528e-05,1.1067655393339225e-05,1.1582929784281888e-05,1.2341449183836706e-05
DAC,IT,1.4351893463342912e-06,1.6339458326205886e-06,1.785622956320635e-06,1.9787618008165782e-06,2.1180764259373335e-06,2.2247100969810173e-06,2.3142033326335472e-06,2.3858192119614527e-06,2.480942711387636e-06,2.6093073211494453e-06,2.7671225017978787e-06,2.8912228583969112e-06,3.040317600241118e-06,3.2142069412258014e-06,3.411429942321491e-06,3.6376882790197607e-06,3.888606523687455e-06,4.16227408460952e-06,4.46222621486866e-06,4.8759373494808005e-06,4.736270092518794e-06,5.207071087758741e-06,5.623898301070082e-06,6.0701179778371125e-06,6.5475622328982835e-06,7.0416560541158935e-06,7.594720684427664e-06,8.139803520557553e-06,8.601168772208478e-06,9.230143696129277e-06
DAC,LT,1.4435107219791926e-06,1.6550255109025132e-06,1.8165502171673884e-06,2.04883749365474e-06,2.2090069387959805e-06,2.3446565604126767e-06,2.4618164830384532e-06,2.5604005402857334e-06,2.6378726547907246e-06,2.7397097296381917e-06,2.8756095178431465e-06,3.023692013503361e-06,3.199024686771315e-06,3.407351163581023e-06,3.6433278064369692e-06,3.9063790440137425e-06,4.190254758710445e-06,4.5092731236800465e-06,4.859435616765097e-06,5.373293953790352e-06,5.417081968196241e-06,5.9451738720474435e-06,6.311102850025756e-06,6.671177760635823e-06,7.1723874366492566e-06,7.72325225319094e-06,8.325704847776805e-06,8.937793264691294e-06,9.521447227524742e-06,1.0268212339947245e-05
DAC,LU,1.2181723893072971e-06,1.6359591971051422e-06,1.83676825059403e-06,2.1329097331545856e-06,2.289832548617885e-06,2.430039943265398e-06,2.5608536910419063e-06,2.676456941354536e-06,2.7735813798990407e-06,2.8429218840146686e-06,2.924856016608878e-06,3.0351756947536394e-06,3.1581236766568836e-06,3.3098207020615327e-06,3.4906024315763827e-06,3.7027106945356426e-06,3.942181607775897e-06,4.2290684802535685e-06,4.515455097363804e-06,4.929111940201086e-06,4.9292821830866115e-06,5.2746445801544105e-06,5.679543660433331e-06,6.085477225883328e-06,6.620762665451238e-06,7.206896173768307e-06,7.867564010239053e-06,8.465748984639732e-06,8.895671437155367e-06,9.522496416634593e-06
DAC,LV,1.4535354047757727e-06,1.6813532804828167e-06,1.8447652636771999e-06,2.0832052869059133e-06,2.2459354766267933e-06,2.385070873680084e-06,2.5189139494369883e-06,2.643712884347339e-06,2.753572605784216e-06,2.8410617394432693e-06,2.942683191190621e-06,3.0575944981964578e-06,3.1964290307596607e-06,3.3691791472214124e-06,3.57494235427486e-06,3.8147302682363605e-06,4.071453656548751e-06,4.352017260280607e-06,4.673710173138488e-06,5.15852046597322e-06,5.169318106880652e-06,5.532653553685481e-06,5.922657764445052e-06,6.30424937880338e-06,6.792569440138312e-06,7.274590306442107e-06,7.763905759139392e-06,8.257414310387095e-06,8.74698775118388e-06,9.423433194200657e-06
DAC,NL,1.2763203520177924e-06,1.6810640407799031e-06,1.861826864607563e-06,2.0560242921825973e-06,2.155156827397192e-06,2.2792330671248267e-06,2.389860356932036e-06,2.4677183025044642e-06,2.575920893225437e-06,2.7039424522197867e-06,2.833968449778036e-06,2.975552783345653e-06,3.1280641845513255e-06,3.2916143108339814e-06,3.473360221162935e-06,3.682247968914296e-06,3.918163075636985e-06,4.185065722954774e-06,4.483028626273897e-06,4.886356779660555e-06,4.851316624726322e-06,5.1915416626511395e-06,5.55001044173199e-06,5.928608810032254e-06,6.414597304408191e-06,6.9099756135736195e-06,7.542866576087062e-06,8.176501183032224e-06,8.564291665037963e-06,9.125756577850979e-06
DAC,NO,1.54328724481725e-06,1.7625903674718915e-06,1.939712181325399e-06,2.1695278102476013e-06,2.344543442560059e-06,2.5236698343532417e-06,2.7066112888454222e-06,2.8806125343758827e-06,3.0706493795826307e-06,3.2747611218064858e-06,3.4693512243803503e-06,3.6036757381395455e-06,3.7300843668405937e-06,3.8374709235520255e-06,4.004748824639926e-06,4.236148190652203e-06,4.517056126903829e-06,4.848429224812043e-06,5.218408832028735e-06,5.812483101619842e-06,6.11117267599527e-06,6.667957636464325e-06,7.061098812369909e-06,7.499408026220359e-06,8.142285187380373e-06,8.840665546073653e-06,9.467428364669214e-06,1.0083899517061575e-05,1.0569549420013598e-05,1.1214942706719292e-05
DAC,PL,1.421684125577592e-06,1.6279139767267443e-06,1.782293312635896e-06,1.9946037453001727e-06,2.149176759851655e-06,2.2874620207822243e-06,2.4228096120798405e-06,2.5635967196953314e-06,2.7183367640961055e-06,2.8863939384098977e-06,3.0603135528152444e-06,3.1976703957048874e-06,3.3627983299949177e-06,3.555493066855561e-06,3.739133951711826e-06,3.9216806902740365e-06,4.1094519189220695e-06,4.305743606756031e-06,4.565983598217276e-06,4.981915591282933e-06,4.852143856563031e-06,5.265003228121959e-06,5.6348661118666465e-06,5.975642297809678e-06,6.398145299929872e-06,6.841128408633129e-06,7.319655576554902e-06,7.741559652760855e-06,8.114236520344502e-06,8.637296837677631e-06
DAC,PT,1.3354851869112728e-06,1.546167851116033e-06,1.7012880306655834e-06,1.8845861124870394e-06,2.000558588134231e-06,2.122715128245616e-06,2.247995972689593e-06,2.3782574810254474e-06,2.523377579659205e-06,2.685029686499198e-06,2.856590972231988e-06,3.01716535882003e-06,3.1988583092605874e-06,3.402963117212457e-06,3.6316432841968877e-06,3.8942113342806345e-06,4.201848011058094e-06,4.576455088273577e-06,4.936881459131454e-06,5.374876139487909e-06,5.187743324858076e-06,5.6211275959326295e-06,6.012887166223345e-06,6.434449629019749e-06,6.9454540756692985e-06,7.473082585250285e-06,8.118332659702757e-06,8.752447410931727e-06,9.28031184090816e-06,1.0051506246893746e-05
DAC,RO,1.264882247937801e-06,1.6055189517848344e-06,1.7632957087912336e-06,1.9138695722256027e-06,1.9965173405408895e-06,2.0902670977134394e-06,2.1910072132246277e-06,2.292446979190013e-06,2.4209527196421114e-06,2.585652361108552e-06,2.7888403741039373e-06,2.917331046194388e-06,3.076686977730266e-06,3.259402246476455e-06,3.4602177204580604e-06,3.667596526378477e-06,3.898026244393603e-06,4.176055162204654e-06,4.507476032086812e-06,4.943266827726939e-06,4.9148857203942905e-06,5.337900116573888e-06,5.749571894400071e-06,6.170473438495552e-06,6.67331699363407e-06,7.155267839269972e-06,7.662461012545217e-06,8.164000392624916e-06,8.64100420786044e-06,9.276124845999689e-06
DAC,SE,1.4969619453738017e-06,1.710091809567438e-06,1.876061235261169e-06,2.080537477316837e-06,2.238257155458189e-06,2.349694835360805e-06,2.450237482296949e-06,2.5635094283530107e-06,2.7118191899308346e-06,2.890030637639514e-06,3.077891818940727e-06,3.24502458624343e-06,3.436310676709081e-06,3.6614055806980264e-06,3.9243051601318525e-06,4.207203630119671e-06,4.512117836686751e-06,4.864382835864876e-06,5.234868426321006e-06,5.807063890682489e-06,5.8793011386131226e-06,6.316960335318565e-06,6.6658196800721986e-06,7.046517056614661e-06,7.556817443884243e-06,8.1191036590235e-06,8.618487203687864e-06,9.242328315861596e-06,9.710120243140792e-06,1.0251582302546656e-05
DAC,SI,1.4260863607841925e-06,1.6407722342196616e-06,1.8037936136297336e-06,2.0409934109395667e-06,2.2190213063732187e-06,2.377829564058954e-06,2.529078230154277e-06,2.684322911741083e-06,2.8319880732197923e-06,2.9664656987442076e-06,3.0760807997217237e-06,3.169276249117129e-06,3.2458447785482225e-06,3.356984230150329e-06,3.5105856194728963e-06,3.7117095234720518e-06,3.951080007667824e-06,4.2248028447898645e-06,4.504167891401268e-06,4.913020855255498e-06,4.7641718466990535e-06,5.1616071230460154e-06,5.52192086620164e-06,5.850775329240983e-06,6.262052418154051e-06,6.693806070709609e-06,7.245980558952568e-06,7.746476141947618e-06,8.223445218223668e-06,8.879557880200746e-06
DAC,SK,1.336217955641072e-06,1.6191945610829058e-06,1.7788324481323845e-06,1.976304483706283e-06,2.090257868836025e-06,2.2061159136842658e-06,2.319743548582664e-06,2.425727197607785e-06,2.5420669684933736e-06,2.6602489619576e-06,2.780943662219369e-06,2.899600335213151e-06,3.0420758218552385e-06,3.203081159349655e-06,3.3732873919326905e-06,3.566454997423042e-06,3.7857177878372534e-06,4.039128395957106e-06,4.305417417491451e-06,4.674354238239811e-06,4.553172354484162e-06,4.925825363143138e-06,5.295196889401051e-06,5.6522111487105235e-06,6.106525844901831e-06,6.580363792304458e-06,7.069484662495562e-06,7.489910861368164e-06,7.887248005592063e-06,8.449300468063274e-06
DAC,UK,1.4164774816197908e-06,1.6967398618362736e-06,1.861761836413025e-06,2.046495808001367e-06,2.1488740257367188e-06,2.2608692668107456e-06,2.390478199325817e-06,2.5354424833280757e-06,2.7141291946139488e-06,2.906190816597588e-06,3.1087151216166274e-06,3.269305884997957e-06,3.4580722311856554e-06,3.684767347022521e-06,3.955789998581996e-06,4.2559802878775276e-06,4.568561746863065e-06,4.867854433891815e-06,5.222062141332612e-06,5.6923573655190145e-06,5.680692670888764e-06,6.138689198474997e-06,6.520420885977815e-06,6.941839225327003e-06,7.572216890505689e-06,8.29694552666548e-06,9.180483409603825e-06,1.0002566706485716e-05,1.0455291600800774e-05,1.1140850439961737e-05
battery,AT,3.905070619527032e-06,3.908590306585369e-06,3.90984307773891e-06,3.5782229780383753e-06,3.2506361164285377e-06,3.5004832566214994e-06,3.6272342950295324e-06,4.022144252268615e-06,4.187968130174837e-06,4.287575528174172e-06,6.553768752720683e-06,6.68660440301845e-06,7.045741868259512e-06,7.549677236070159e-06,8.420425806376126e-06,1.0407857545566542e-05,1.0918080745269176e-05,1.0678285063917094e-05,1.1165581683480861e-05,1.2494635908086516e-05,1.8261216709444464e-05,2.1232177260255474e-05,2.3434888761470008e-05,2.6093917271467847e-05,2.940967755387506e-05,3.4917042863365904e-05,3.6667227291712964e-05,4.442182158312621e-05,5.3921403818798835e-05,6.359327212617966e-05
battery,BE,3.716295849394274e-06,3.7212592840530475e-06,3.7228536519447827e-06,3.407836808690494e-06,3.099689342222352e-06,3.527186051425826e-06,3.664272336029075e-06,3.9611461501260495e-06,4.137065743591509e-06,4.24462423326928e-06,6.473376118867502e-06,6.616043171387248e-06,6.849212571462761e-06,7.361648476740781e-06,7.792051441989966e-06,9.848741936291141e-06,1.0263926874798068e-05,1.0046707981293286e-05,1.080645257485817e-05,1.2160228501916458e-05,1.755593934113984e-05,1.990954219017374e-05,2.1775777643215996e-05,2.3851957533327824e-05,2.6127285248806067e-05,2.960236335948529e-05,3.07329232412816e-05,3.682955344187047e-05,4.462334909750097e-05,5.110553802235723e-05
battery,BG,3.700282850477045e-06,3.706233725243351e-06,3.707770804882286e-06,3.3940362109881324e-06,3.0864547743248173e-06,3.455208859456993e-06,3.5787997929503617e-06,3.775997058350024e-06,3.850029612777736e-06,4.023841796550001e-06,6.317020896301439e-06,6.289542858205141e-06,6.725248849121569e-06,7.154340620540249e-06,7.740935339610662e-06,9.51617855536983e-06,1.0274857635910032e-05,1.0281397697534905e-05,1.1825009739324637e-05,1.2672833547777263e-05,1.7654221637651494e-05,2.0123001958947605e-05,2.3712072566182683e-05,2.5566993632565657e-05,2.8590420418899898e-05,3.2654497569091956e-05,3.8599849180531395e-05,4.154086395507674e-05,5.190159144650598e-05,7.089262933831612e-05
battery,CH,3.783125176121149e-06,3.7875345100765686e-06,3.7889519166984025e-06,3.468015529594923e-06,3.1533196170281497e-06,3.497267053928735e-06,3.633848079927118e-06,3.9331355548013e-06,4.115272804298957e-06,4.1636885637070054e-06,6.731710032976994e-06,6.768797728958604e-06,7.2034137169284605e-06,7.697056837140274e-06,8.339953908991349e-06,1.0718249496933826e-05,1.122063054267099e-05,1.0975374513351379e-05,1.1595127928460031e-05,1.2953562666415641e-05,1.894745786986687e-05,2.244472104502314e-05,2.5032878274371575e-05,2.8294227950016383e-05,3.2030159626881154e-05,3.832465629905554e-05,4.165368472447727e-05,4.5714621621861715e-05,5.629036463782133e-05,6.493856702200653e-05
battery,CZ,3.93052351933764e-06,3.934076821192968e-06,3.93533276498161e-06,3.601560067646117e-06,3.272006694987384e-06,3.5777359065635476e-06,3.7189794026113476e-06,4.046413142635433e-06,4.17447555074603e-06,4.309710478710666e-06,6.654921807402577e-06,6.74857512520075e-06,7.044120209194975e-06,7.568569211635839e-06,8.271570327796653e-06,1.0529003416337998e-05,1.11663516957216e-05,1.0920813530067543e-05,1.1656140756427782e-05,1.293423330418869e-05,1.9073355862360374e-05,2.5540843423444874e-05,2.8567760563152374e-05,3.139108808077954e-05,3.5815386537757255e-05,4.297779263320627e-05,4.76155707074407e-05,5.697931591828585e-05,6.669147867827969e-05,7.737680881893307e-05
battery,DE,3.7437500840183974e-06,3.7469655426577584e-06,3.748323670000253e-06,3.4305202340487666e-06,3.1150944239969055e-06,3.4643282457856445e-06,3.6052549721854457e-06,3.868309586005202e-06,3.971147008259321e-06,4.0939651258323205e-06,6.4123991513737175e-06,6.481567342548462e-06,6.823418763632202e-06,7.3799388823934625e-06,7.953058362232029e-06,1.0015054890197098e-05,1.047058892093515e-05,1.0241866773215386e-05,1.0818194550991286e-05,1.2171590695552677e-05,1.7670176013122976e-05,1.982265220427845e-05,2.1698254988755376e-05,2.4222483936498123e-05,2.7520290899657123e-05,3.266145101137488e-05,3.339216960805069e-05,3.9638129556331004e-05,4.804382158123827e-05,5.564403454215351e-05
battery,DK,3.95819066539353e-06,3.960395629705584e-06,3.961561991545912e-06,3.625466440002638e-06,3.293987536369305e-06,3.6022100597862174e-06,3.7153931534126356e-06,3.972574661759444e-06,4.075603038608759e-06,4.267545023479397e-06,6.52458508329917e-06,6.6412673442930865e-06,7.025312502171727e-06,7.461213092109118e-06,7.813352769762667e-06,1.0110036507014649e-05,1.0555312135902426e-05,1.0316835477523462e-05,1.0569262470767847e-05,1.1736793352241807e-05,1.7296285983147298e-05,1.9524086210784545e-05,2.1083419421110027e-05,2.3402839786397215e-05,2.5717807045184812e-05,2.8516931043669864e-05,3.167354016449253e-05,3.789821784276902e-05,4.2385930483998216e-05,4.910347576612848e-05
battery,EE,4.0391452310000596e-06,4.042866875109921e-06,4.044073712357818e-06,3.700977623217849e-06,3.3616810124693254e-06,3.6711172234626102e-06,3.818191540031645e-06,4.177022272061058e-06,4.277814498938459e-06,4.324082556786428e-06,6.460257749932557e-06,6.637142216474147e-06,6.955306989424361e-06,7.331816319454057e-06,7.862341951851414e-06,9.94224936336691e-06,1.046217110328647e-05,1.0301583298140154e-05,1.1122827067949176e-05,1.1812706185360825e-05,1.602260033390295e-05,1.8917720674340807e-05,2.0846503894693247e-05,2.2815408736474274e-05,2.449623307396324e-05,2.6576331786488757e-05,2.8420620195520254e-05,3.378927341690142e-05,3.847772862550632e-05,4.203647953269295e-05
battery,EL,3.7940887113570803e-06,3.7991633939614066e-06,3.800740119721603e-06,3.4789996504332106e-06,3.162721998410413e-06,3.480368878273075e-06,3.5884626797671055e-06,3.812313218979918e-06,3.932342232783467e-06,3.974590725266724e-06,6.184115596111103e-06,6.287411175665522e-06,6.676281608981025e-06,6.997066001238965e-06,7.547344526002184e-06,9.15778639503677e-06,9.943334216005961e-06,1.0292748398802038e-05,1.2409003842435399e-05,1.3284632117999414e-05,2.038818941693924e-05,2.2959958201597665e-05,2.8679877602049294e-05,3.0268526907838262e-05,3.3411446934281667e-05,3.859412276236951e-05,4.554517318664286e-05,5.130131289713852e-05,6.672171872740168e-05,0.00011231128182980047
battery,ES,3.619905011296284e-06,3.6230954042502757e-06,3.624688939211247e-06,3.3180391585785385e-06,3.0159402911887337e-06,3.3640913420616558e-06,3.464236822194236e-06,3.6631161402593516e-06,3.721484432745591e-06,3.793297508496407e-06,5.394704526912838e-06,5.691457947685167e-06,5.994773179482033e-06,6.28046361067532e-06,6.551624102938597e-06,8.070307057317854e-06,8.676435659045882e-06,8.548163700334594e-06,9.568836504847543e-06,1.0653699470889913e-05,1.3744183521594218e-05,1.5071448599441277e-05,1.6645112158226805e-05,1.9177405286392387e-05,2.4196850335203377e-05,2.689536508812746e-05,2.949213281353796e-05,3.280450188135592e-05,3.668014207964991e-05,4.023014099088061e-05
battery,FI,3.914996420351777e-06,3.917982545810097e-06,3.919236727398456e-06,3.5868908644089477e-06,3.2589766886314277e-06,3.5913297426093385e-06,3.714220681326567e-06,3.994470048001943e-06,4.124027966533491e-06,4.1879603643965175e-06,6.186448397604528e-06,6.328403694761563e-06,6.605706204340469e-06,6.977290168586002e-06,7.411914277822054e-06,9.055066100296476e-06,1.0076129689661504e-05,9.9616240444847e-06,1.05536347460025e-05,1.091884015874991e-05,1.4501476668943839e-05,1.9494485376066688e-05,2.159000312389528e-05,2.362168008923606e-05,2.5519107379939058e-05,2.816922403437349e-05,3.081839761595894e-05,3.599535136437021e-05,4.109457496451377e-05,4.718478138371635e-05
battery,FR,3.5613667712233695e-06,3.5665251549535868e-06,3.568189011800743e-06,3.266493985549783e-06,2.9693474368276353e-06,3.447886966825241e-06,3.572542618592382e-06,3.815698969397377e-06,3.912155405625672e-06,3.9902738600142905e-06,5.765007480885976e-06,5.990758127350951e-06,6.29391217526974e-06,6.593847688944095e-06,7.053345862629816e-06,8.521010216150827e-06,8.873684377645474e-06,8.701652437319731e-06,9.516227003438447e-06,1.0699300040918918e-05,1.437155533459011e-05,1.674069229692949e-05,1.862364707741309e-05,2.0312601869279775e-05,2.30651668500445e-05,2.6236066898302626e-05,2.8040094462050357e-05,3.493103629321937e-05,3.874574196458681e-05,4.6239007627817054e-05
battery,HR,3.849803513963112e-06,3.855609938972794e-06,3.856971784279683e-06,3.5300357279528987e-06,3.2074101713357924e-06,3.4804739610929736e-06,3.5977063885833793e-06,3.865272635757064e-06,3.987677989441145e-06,4.043766604723077e-06,6.156573741078426e-06,6.4441822527577435e-06,7.363490294294797e-06,7.875325468151269e-06,9.13988543180604e-06,1.149428462954899e-05,1.1957490529547377e-05,1.170843120196182e-05,1.2641059278819871e-05,1.396354568048835e-05,1.9845436080141778e-05,2.382906811450471e-05,2.631023130407915e-05,2.8483759390960062e-05,3.1889740101488726e-05,3.6379358977527146e-05,3.665630043924777e-05,4.0906702753800225e-05,4.753595328410008e-05,5.362536585956669e-05
battery,HU,3.7307876193727386e-06,3.736483685889184e-06,3.7380174672587126e-06,3.421593801814158e-06,3.1104210104545243e-06,3.481123575740111e-06,3.618074838646112e-06,3.8361726193418105e-06,3.904010477035472e-06,3.95880900192178e-06,6.466809092013456e-06,6.919043562605555e-06,7.317161725963632e-06,7.591851298478023e-06,8.352624217567093e-06,1.0879061396458635e-05,1.177222734846388e-05,1.1523614456810834e-05,1.2792605627805405e-05,1.415896812971447e-05,2.0359154539982197e-05,2.377244349492058e-05,2.6230082013962005e-05,2.8643281698701136e-05,3.03710440358099e-05,3.515508181777879e-05,3.962305812684217e-05,4.443088637171634e-05,4.9937976290809846e-05,5.9563692405842066e-05
battery,IE,3.7273768694442166e-06,3.7339375988242488e-06,3.7354268761383204e-06,3.419152825845687e-06,3.1081181377277563e-06,3.5801607050864475e-06,3.7206825926712463e-06,3.982997136048333e-06,4.085889895818738e-06,4.182246379117014e-06,6.334640093798804e-06,6.311136327615352e-06,6.531340590919603e-06,6.8770939375649245e-06,7.246345623943777e-06,8.789533378088133e-06,9.129747023263205e-06,8.940049031834534e-06,9.570918321761644e-06,1.0581641704500805e-05,1.404914796513021e-05,1.5547703571346425e-05,1.707654376705431e-05,1.853269950067769e-05,2.0070007031657428e-05,2.262389060146847e-05,2.3580360560813842e-05,2.7090997030672497e-05,2.9695001666927605e-05,3.334361442757124e-05
battery,IT,3.664409856640398e-06,3.670704397404918e-06,3.6722684540118166e-06,3.361422013759403e-06,3.0521383520466852e-06,3.352788188728793e-06,3.461973512671987e-06,3.6863379504913087e-06,3.838623997664187e-06,3.940004904936811e-06,5.996182099900165e-06,6.214824351485864e-06,6.667236195707566e-06,7.061124128266018e-06,8.128620397197978e-06,1.0763412185250617e-05,1.156028755994158e-05,1.1304634429101102e-05,1.2225361875259293e-05,1.3189071413478101e-05,1.8513802066616445e-05,2.067171783005153e-05,2.3381625776285867e-05,2.5756521070797356e-05,2.9263274175768312e-05,3.423794241971299e-05,3.699577006342893e-05,4.271659968099019e-05,4.838892627440363e-05,5.3183430638132435e-05
battery,LT,4.0252057831532125e-06,4.029247582697984e-06,4.030365968787544e-06,3.6882949472976176e-06,3.3501086953999827e-06,3.6716861312501552e-06,3.8139066813406216e-06,4.1291244227746005e-06,4.1904554876485485e-06,4.243840809529509e-06,6.4564700886538695e-06,6.504455486508428e-06,6.8608552463374676e-06,7.210938062854975e-06,7.7557012683392e-06,9.823727878599315e-06,1.0305102335214245e-05,1.0153082673482639e-05,1.1115271533056205e-05,1.1849510807661836e-05,1.6137885447211098e-05,1.8502287855861557e-05,2.0344826984414413e-05,2.2495931580676356e-05,2.4134653988111952e-05,2.6589209755543744e-05,2.8691796409727385e-05,3.3241950905319827e-05,3.738256229982207e-05,4.146351136371951e-05
battery,LU,3.74555055214197e-06,3.7527586792371667e-06,3.754291052961843e-06,3.4368209571646013e-06,3.1260397092571945e-06,3.5681849027661143e-06,3.7015955856293665e-06,3.984994406196331e-06,4.1248872947683054e-06,4.203496459932719e-06,6.045106472567192e-06,6.237072563279336e-06,6.468692385064004e-06,6.7822305076628734e-06,7.300122071246572e-06,8.825181126289336e-06,9.223549818333235e-06,9.053740558242426e-06,9.813556972965516e-06,1.10579912881001e-05,1.4963817325568467e-05,1.747029468278971e-05,1.9573090123029215e-05,2.2015501640733447e-05,2.4913361943821126e-05,2.8307267607879174e-05,2.989979712582909e-05,3.7466876282266594e-05,4.295821804746247e-05,5.126283083888611e-05
battery,LV,4.0437145997706205e-06,4.0477381671872225e-06,4.048999679120547e-06,3.7055185233414008e-06,3.3661984641135337e-06,3.6950240456974343e-06,3.838754164737869e-06,4.160023948528528e-06,4.246984454169222e-06,4.366639428000194e-06,6.4645492879563886e-06,6.582258544912146e-06,6.917407003701116e-06,7.277753456404027e-06,7.904447009966724e-06,9.93931258449622e-06,1.037593632231283e-05,1.0246791233077424e-05,1.1212280856659014e-05,1.1912582651391202e-05,1.6201701533413337e-05,1.8907719204060277e-05,2.0811816080529994e-05,2.295863199158584e-05,2.4728645975142458e-05,2.7341528076107525e-05,2.970188009575585e-05,3.46084786873516e-05,3.968227051249346e-05,4.273650179123915e-05
battery,NL,3.7664096094307388e-06,3.7734694202927126e-06,3.775027428945738e-06,3.4553846599856566e-06,3.140391623556376e-06,3.5880871976501503e-06,3.7261780869250374e-06,3.972997760604577e-06,4.131181156895457e-06,4.3223702825764465e-06,6.624714619022333e-06,6.753513272655893e-06,7.073018772807232e-06,7.5957826978987515e-06,8.055552156929513e-06,1.0226656925168472e-05,1.0615810766663229e-05,1.0398463562101344e-05,1.1222247722122353e-05,1.2421918381702014e-05,1.7509377170849506e-05,1.9798459917708483e-05,2.2205359430767107e-05,2.4283378944131548e-05,2.771957562712946e-05,3.225892946573256e-05,3.449705697270574e-05,4.146990529706539e-05,4.983204104546862e-05,5.780613426993155e-05
battery,NO,3.901406682551107e-06,3.90490593335807e-06,3.906200259856983e-06,3.5750308061733214e-06,3.2492607854146848e-06,3.567080757768169e-06,3.6903879607941207e-06,3.92584352447936e-06,3.994035310148644e-06,4.08717064919125e-06,6.0393825088918814e-06,6.254688242560634e-06,6.612936933384199e-06,7.018984947815244e-06,7.449784909702625e-06,9.150696966774386e-06,9.54018301288554e-06,9.334248513307847e-06,9.976796387794982e-06,1.1030081499543646e-05,1.49451950979112e-05,1.7404514378612015e-05,1.8859095214930724e-05,2.0915419810903714e-05,2.2851885624003825e-05,2.5362229614054328e-05,2.7438082253799143e-05,3.071432065939457e-05,3.34477987328875e-05,3.929672178431876e-05
battery,PL,3.963905451494048e-06,3.968088954359735e-06,3.96935171704369e-06,3.632720581872997e-06,3.3006642829634964e-06,3.6476259613378146e-06,3.7909626886327107e-06,4.1552487493937375e-06,4.2356095704965345e-06,4.283231292206134e-06,6.686136897897877e-06,6.744256712905034e-06,7.147700007301808e-06,7.583433306212558e-06,8.374354521604422e-06,1.055858019871725e-05,1.1161799432843675e-05,1.0910136551635725e-05,1.252779224584865e-05,1.3562349415433097e-05,2.029517999620296e-05,2.166131754049394e-05,2.4130708833712915e-05,2.6804103672328138e-05,3.061293860880305e-05,3.6682750092180126e-05,4.051039027635037e-05,4.962884751786135e-05,5.9772142412371226e-05,6.228743122496811e-05
battery,PT,3.6613870744450338e-06,3.668680518621621e-06,3.670254889703961e-06,3.3596631032882405e-06,3.0561838463182944e-06,3.4085125822651605e-06,3.5071839870996997e-06,3.707631538462544e-06,3.765801999300131e-06,3.857684923783992e-06,5.641344142010612e-06,5.768871785272253e-06,6.055729751232004e-06,6.2751251484613835e-06,6.562699447935999e-06,8.052795449418024e-06,8.652384565389236e-06,8.50655158991347e-06,9.415442813812432e-06,1.0449630747325849e-05,1.3551116251006655e-05,1.4902106755844327e-05,1.642506475568073e-05,1.795510361975992e-05,2.0523522666389315e-05,2.3673060571185256e-05,2.611181061438985e-05,2.9245324833730388e-05,3.324812206943007e-05,3.583460407842596e-05
battery,RO,3.7616570633420896e-06,3.7661771256898473e-06,3.7677201295780873e-06,3.4488903903110002e-06,3.136432704587245e-06,3.543797553939924e-06,3.6494984859605297e-06,3.864124721820226e-06,3.938726892382822e-06,3.966668583652641e-06,6.3991557001794874e-06,6.9576349119094985e-06,7.316642025366123e-06,7.658226440437714e-06,8.411021845958344e-06,1.0382639035807414e-05,1.1235062930536763e-05,1.1016151681745924e-05,1.195375571281024e-05,1.3257758553377757e-05,1.9238238936954316e-05,2.2776951152678415e-05,2.7950904321339897e-05,3.146356266335794e-05,3.432730166161871e-05,3.9480109877434836e-05,4.422260017255774e-05,5.178024761910326e-05,5.839353480230615e-05,7.347630138154098e-05
battery,SE,3.905111556862422e-06,3.907447703647765e-06,3.908668423898364e-06,3.577146246621303e-06,3.2498031189739404e-06,3.5800688209836973e-06,3.695988255248222e-06,3.941685362394206e-06,4.025497661058368e-06,4.119830120627759e-06,6.294595016036345e-06,6.363750936954512e-06,6.713382251709034e-06,7.1183747635164414e-06,7.5440002261024265e-06,9.379009462956443e-06,9.832765495134501e-06,9.612670851957217e-06,1.031092844609629e-05,1.1470318343012192e-05,1.61435803268706e-05,1.9572979565089123e-05,2.1304098631339683e-05,2.359734032563231e-05,2.5643528756105874e-05,2.859451440836009e-05,3.211819873610755e-05,3.6575841196674994e-05,4.213872935528525e-05,4.887862200884033e-05
battery,SI,3.825314830261681e-06,3.8320011681097745e-06,3.83338959110201e-06,3.5085363142239337e-06,3.1882660249365152e-06,3.520268970037936e-06,3.6282710931747142e-06,3.864715882819155e-06,4.0137496156317615e-06,4.108905256915815e-06,6.5054057187027496e-06,6.870030141722952e-06,7.430483571038684e-06,7.972118959238655e-06,9.145805069402236e-06,1.1560665180084489e-05,1.2077774543785488e-05,1.181391204515504e-05,1.2812931610558305e-05,1.39955855636247e-05,2.003475978563034e-05,2.3992938921947376e-05,2.743395202569684e-05,3.111996416690212e-05,3.527804808400049e-05,4.0895353816038344e-05,4.1730959937577075e-05,4.7857633514007285e-05,5.767323897987784e-05,6.730215737496466e-05
battery,SK,3.944594426431133e-06,3.947295257932862e-06,3.948445333170453e-06,3.61344795075185e-06,3.2822113172841266e-06,3.5910605646514652e-06,3.7478779056804338e-06,4.0837643517220496e-06,4.250887862976716e-06,4.332577789312412e-06,6.749884464723634e-06,6.970049223987885e-06,7.35995124903453e-06,7.682330097139237e-06,8.516087814856379e-06,1.0909779597031108e-05,1.1608925640605666e-05,1.1349933075820382e-05,1.229188297818863e-05,1.442381901911927e-05,2.200138367403847e-05,2.6754445162270976e-05,2.9451206196068344e-05,3.260093630265016e-05,3.7098412824799684e-05,4.46268501363459e-05,4.901498311162137e-05,5.8859135459671813e-05,6.83836896327507e-05,7.931444614889946e-05
battery,UK,3.609616267169039e-06,3.6159999572339017e-06,3.6180632436618947e-06,3.3127433556865345e-06,3.0102742498615975e-06,3.467504980163171e-06,3.606940286643872e-06,3.85344162112235e-06,3.94864455200546e-06,4.0165804933373835e-06,5.96271326481781e-06,6.09168208892473e-06,6.462609034320961e-06,6.818883124848075e-06,7.267966718231325e-06,8.86869654133697e-06,9.185070928697617e-06,8.986358836926639e-06,9.543253018482691e-06,1.0662903667809909e-05,1.4715451099643702e-05,1.6492669359743486e-05,1.8221303745325232e-05,2.0150089518488703e-05,2.188756396240637e-05,2.460808166817326e-05,2.6353116634864883e-05,3.0492056392215644e-05,3.321639050745644e-05,3.825067332836062e-05
biomass_boiler,AT,60.23840032571741,60.23840032992551,60.23840033463783,60.057674373141964,56.31084094299458,51.297041585890135,43.894756295147566,46.52948319448141,49.66652258877732,51.295560878454715,51.638051438109926,51.444536438520984,51.25101897769108,49.59694566094514,49.40896616523145,48.66988159414719,48.484006728647444,46.80369120986829,46.62356779273301,46.44344442625053,47.3959328017755,49.860831305759184,50.59213700593938,51.572421274053035,52.307269995211016,53.04211871743965,53.77696442154549,49.8623471798099,50.5345486498689,53.4753995997881
biomass_boiler,BE,20.98386828337702,20.983868286302897,20.983868289755588,20.92091293818098,20.857957587480016,20.795002238912836,20.0499503648979,14.082581334873973,13.945783394955916,12.44370245269782,7.204264846991989,7.177266679399716,4.083128998993402,2.8036013943885973,2.792975281108878,1.9814287657602654,3.7142845231863778e-06,3.714263796455539e-06,3.7157208369990763e-06,3.7205175032425e-06,3.729077898543043e-06,3.8085154254127545e-06,3.891712832895137e-06,3.9827039561674325e-06,4.0842302645855965e-06,4.199908581003943e-06,4.361866277232714e-06,4.830210365408378e-06,8.297309013460406e-06,9.200832424103999e-06
biomass_boiler,BG,38.67014501832651,38.67014501944258,38.67014502045902,38.55412767684103,35.15067423451139,35.044579324830195,35.038577690799855,34.469824571680284,32.4632137033523,31.75881292065063,31.031262635419097,30.914971983118992,27.96216351161057,26.995950423247308,26.89363190836225,25.666794823060748,24.922728453946753,22.172251515726806,13.967027180277473,11.670055571772469,11.624795105995874,11.797832350548392,11.970869139258754,12.143905612069691,12.316942419851413,12.489979285443546,12.663016124950357,12.83605296835901,13.009089820796738,13.18212668637619
biomass_boiler,CH,81.61781889875819,81.61781890190359,81.61781890492385,81.37295086788643,76.2963158490555,69.50305163600207,59.47359220710693,44.917218735652256,49.044971521728066,51.12951432134263,51.47089659183805,51.27800823594428,51.08511900425739,49.90621053643665,49.71705914723889,48.781207799108664,48.594907832456954,46.38376990074619,46.20526251307024,46.0267551223994,45.84824773953569,46.530706162789855,47.21316393297419,47.89562211260584,48.57807986118598,49.62389694150546,50.31138924205685,50.998880050480274,51.68638777651751,52.373881397131946
biomass_boiler,CZ,72.47541235488742,72.48392859485034,72.48392859656755,72.26646386087768,68.83566172721822,64.34926477634373,62.065441931987806,56.401890684602186,55.42189368009267,50.276535458922645,49.87460427180229,49.448878034781984,49.262869214496284,49.076860363355095,44.56306029594398,44.39351735232723,42.67407475241625,40.12528101102921,34.02499212046647,28.525163195869915,28.414532949572255,28.837487594665564,29.26044223881058,29.683396916634177,30.106351533692447,30.529306189713857,30.95226085715246,31.375215535842035,31.798170242997912,32.22112503000564
biomass_boiler,DE,290.8243340837821,290.82433408881735,290.82433413510824,289.9518091276421,279.42380495540107,275.87914880211576,252.69745162205737,197.90546915932697,183.0717668388815,210.98993142869347,178.1186144352674,168.6133804916141,132.92404000879984,132.42214115593055,131.92024233940532,131.41834340425953,130.91644454605222,78.36530851782632,46.362614479731604,38.58529475987637,38.43564814125003,39.007758164733374,39.57988873767562,40.15200916051418,40.72412958409883,41.296249992942975,41.86837043790694,42.4404827860256,43.01260258240172,36.73599188859895
biomass_boiler,DK,34.64069322527939,36.06046491373831,36.06046491795762,35.95227708390728,33.88912095835352,29.4451745256052,25.775566932943285,19.008479316885506,18.89490450061496,18.778073567814722,18.657986520118698,17.849675169198377,16.647616021414507,15.181495153817457,12.172996166831972,8.901685760336306,7.463685557460037,5.746835653672828,5.724719028324473,5.035859260309915,5.016328484500002,5.090997296816784,5.165666108261383,5.240334919931739,5.315003729818832,5.389672542212625,5.464341358254626,5.539010185088585,5.613679025910553,5.688347893978437
biomass_boiler,EE,16.45985581024408,16.459855851011095,16.459855835436255,16.410473336486707,16.36109081211165,16.31170831928238,16.068417259732225,16.535506067339114,16.660312361538615,16.75930451135216,16.871203501929045,16.80797825007361,16.744752849958807,16.681526259095588,16.6183004965516,15.050823133987052,14.99334187349542,15.15046888996234,15.092163537562541,15.033854664708407,14.97554706945633,15.198460466999768,15.421374090969344,15.935140021044546,16.86457315698313,17.101498829748184,17.310151774692745,14.511240258028797,14.223805390936889,13.676208149045575
biomass_boiler,EL,37.3654377472377,37.36543774877934,37.3654377502856,37.253334762077344,37.14123177390697,37.02912878567368,37.283150142202736,37.53717149867706,37.79119285548739,38.045214212473894,34.868956869872314,29.949725801052974,14.708723520575802,3.0632164015937797,3.0516063843109604,3.0399963690585774,3.028386359241933,3.016776352841635,2.6947037542782538e-06,2.9366134944285237e-06,3.2125264272616273e-06,3.5373760266297464e-06,4.499530155504702e-06,4.74225269573109e-06,4.936444165404239e-06,5.120661578504241e-06,5.319122293928981e-06,5.532516830946215e-06,5.832333669817799e-06,6.371279699955669e-06
biomass_boiler,ES,48.33849792200406,48.33849792049866,48.33849792616887,48.193473795896324,46.209509659160595,44.23664642945583,42.69414497261135,37.657053810753354,33.25236191993419,20.772147959541243,19.014564827097267,13.260581575482597,11.368978616590313,6.435535734913786,2.7999922311123813,2.7893394864487053,2.7786867415259837,2.7680339966106877,2.7573812529549095,0.3663359642406556,0.36491517799139034,0.37034699947558114,0.3757788224654118,0.38121064708886676,0.3866424736694939,0.3920743024324781,0.3975061351107571,0.4029379741785374,0.40836982332743316,0.413801697989548
biomass_boiler,FI,32.275192535281086,33.37573868969443,33.37573869586503,33.27560552300575,29.147844425960567,29.022973601060674,31.531827397079734,35.789033369642276,32.137812798849204,32.35383259438892,28.70327977074124,28.595713324504928,26.58535196327328,24.635519152146554,24.424416358214298,24.142203016969432,22.880469437510186,21.62164926666216,21.538438604100033,20.281803520616304,20.20314376072188,20.50386874585867,20.80460121966625,21.105324318090922,21.406051160641077,18.75310780054766,13.38599563242352,7.058813867229226,5.041922396252803,2.4266004815555164
biomass_boiler,FR,203.1895218469357,203.18952185385209,203.1895218517341,202.57991698147802,191.2774856577376,177.30667805771665,167.7893249668738,143.61685681930135,133.14802867313045,119.7638925753391,83.14818999800377,58.73069358147664,41.90924493369606,25.63321801749905,25.536064477341824,20.23387954315479,8.194097802349532,8.162683862455191,5.6928838626153215,6.702853146092718e-06,7.101147236620585e-06,7.380388924698057e-06,7.579399764889988e-06,7.75945226765722e-06,7.934544036549921e-06,8.11837752455093e-06,8.324335825374679e-06,8.573890505884709e-06,8.912427771217275e-06,8.922059308418926e-06
biomass_boiler,HR,38.43356947417419,39.18807072619237,39.1880707278215,39.07049951500241,37.720780953394154,35.47250215025177,34.478989542911116,32.50551786941504,31.471779466846087,29.43522071355003,26.89534832860239,8.121800662734454,5.48040766659507,4.097658038209827,4.082127334523144,1.921295363156353,1.1231832635088508,1.118877284421363,1.1145713056961724,1.110265327817111,1.105959350066836,1.1224217307086792,1.1388841114921826,1.155346492539905,1.1718088739568004,1.1882712562565387,1.2047336410408003,1.2211960300731044,1.2376584287176775,1.2541208588354384
biomass_boiler,HU,48.39129881856291,48.391298820892644,48.39129882296115,48.2461162818889,48.10093374138557,47.95575120104514,47.41381423613595,40.793479842130424,41.06953727812124,26.75026237664186,23.41429665046785,14.309713394185364,2.388257013794636,1.2849049877003217e-05,1.2890688303305782e-05,1.2898473451584592e-05,1.2892145120031238e-05,1.2880077889985623e-05,1.28645350286851e-05,1.2850019501532705e-05,1.2843038429299843e-05,1.3075953470013247e-05,1.3307828421056302e-05,1.3539608552978289e-05,1.3772397994732604e-05,1.400945019112432e-05,1.4254756402848286e-05,1.451694404891346e-05,1.4815614783238794e-05,1.5228448279756737e-05
biomass_boiler,IE,1.3414853011044516,1.341485304113093,1.3414853071675101,1.337460614889259,1.3334359242003357,1.3294112507925064,1.3385310797470455,1.3476509052066101,1.3567707290974584,1.1068205190860652,1.1142105764685581,0.9847452218103635,0.6862152823829066,0.4419767635280636,0.22747413026287772,0.22660872350755026,2.67512073764811e-06,2.727621973438268e-06,2.750206993185495e-06,2.7685582991567495e-06,2.6556687254764757e-06,2.7662171652491007e-06,2.914288727760317e-06,3.533050117276511e-06,3.814852247172122e-06,4.03492773545893e-06,4.258322820709419e-06,4.523561009656172e-06,4.860162684046255e-06,5.319916685416949e-06
biomass_boiler,IT,235.8410217105948,235.84102171311775,235.84102171699385,235.13345651502743,234.42589131485295,219.5271505750321,188.54738665310876,133.41850237464902,106.03772362057657,106.7504782146473,107.46323282765991,107.06051091620014,37.93969358284031,37.34861740406713,37.20706080480791,29.67321633556534,29.559891570730745,23.669243170720126,23.57815236963153,16.10061255028816,16.038169092740304,16.276899983938954,16.515630070049955,16.754360645699634,16.993091223461917,17.231821800023628,17.47055236553886,0.128444664284136,0.13017619094660127,0.1319077546822548
biomass_boiler,LT,18.985324143073754,18.985324148623544,18.985324154682555,18.92836479566908,18.87140544107464,18.7448654882166,18.873456073530182,19.002046702198655,18.16565443848607,18.05394813417755,18.174491256252118,17.431874103533243,17.275656888724114,12.978862114251715,12.778149938239876,11.11760919048269,8.950038451255502,7.931768549946759,5.5462450872177325,3.004996456031006,2.9933422804518792,3.0378986460908823,3.0824550796806327,3.1270114384163796,3.171567793383935,3.2161241385201977,3.2606804735374544,3.3052367673190153,3.299273766407163,3.3431581719077874
biomass_boiler,LU,2.3890390690797174,2.3890390727247865,2.3890390635979157,2.381871533322927,2.3747039715821185,2.367536433885993,2.383777841423831,2.4000192497744006,2.4162606647233424,2.4325044462525978,2.448745964681422,2.439569373229135,2.430391657382414,2.421214683094707,2.4120319837302078,2.402855314043319,2.287594807823919,2.2788248096031927,2.1813813803961772,2.172954018697232,0.3361081842697797,0.34111121743505046,0.34611425383048616,0.3511172890878214,0.35612032442097125,0.3611233464373871,0.36612639563197147,0.37112943979310853,0.3761325376577705,0.3170690723432395
biomass_boiler,LV,16.653967337679383,16.653967340340674,16.653967343225972,16.60400246874814,15.965049849575072,15.916862722558863,16.026053079442374,16.006674051260724,16.11499440116613,16.074118757726556,16.18144295707717,16.120801628783013,16.0601603882201,15.18310331325251,15.125554960270481,15.068007247864298,15.0104607446805,14.952915021778873,14.895368223089546,13.379679600074864,13.3277888162394,13.526175064324189,13.724561272647675,13.922947468142544,14.121333654860985,14.319719829883258,14.518106004097973,14.716492166301268,14.914878317669064,13.35342474676215
biomass_boiler,NL,21.854906452935744,21.85490645671753,21.854906460319047,21.789337839756467,21.08849387637524,19.883227045882087,18.79291213561395,17.334182593261456,17.29325271316143,16.686705261550067,16.637758652020295,13.29514138614428,12.722538613187655,12.674500455858254,7.890478114569424,7.860458261599053,7.830438487232679,4.559756252137627,3.9149652324816686,1.911125158333183,1.9037131604033901,1.9320496539874779,1.960386753475746,1.9887243814302582,2.017061453149537,2.045398521085846,2.0737355936646695,2.102072683005937,2.1304495531927348,2.158794829934959
biomass_boiler,NO,15.104005715137392,15.104005716893548,15.104005718493411,15.058691003992598,15.013376289724686,13.47860864101268,13.571072455315282,13.66353626957122,12.681613224610771,12.766855324454468,10.770560052609767,10.730197034386956,10.689834016372723,8.799391728219996,6.795336173879922,6.283281223091995,6.259284789601522,3.48124521401273,2.7545111561418123,1.946428257544979,1.9388792424752244,1.9677400202724624,1.9966005699716303,2.02546096780401,2.0543218555246687,2.083181926157299,2.112042469127242,2.140903047402512,2.169763574732914,2.198624144317258
biomass_boiler,PL,173.9712148165558,173.9712148175571,173.97121481885443,173.44927008966835,172.9273253625389,172.405380633984,173.58808867716508,169.72686679209033,170.87544157422883,171.78182124849982,172.88237459514096,158.8667652162495,158.26916738270322,112.44812196351012,109.42038786553762,105.77425698529917,105.37029527256908,102.95621264406559,28.692127062444065,28.581279295480545,28.47043161041819,28.89421846223983,29.318005220504833,29.7417919696689,30.165578717394023,30.589365475768048,31.013152251671237,31.43693906655326,31.860725949852824,32.284513035944435
biomass_boiler,PT,7.936096480602767,7.936096481413539,7.936096482060644,7.912286775318691,7.625833913804883,7.340966518373269,5.637208717021632,5.190093188380554,3.8167978296099045,3.5734175894132627,3.3264447397866457,2.1886562606469617,1.0309172727812002,0.7105696425297431,0.7078764831488376,0.7051833238870974,0.5601280753048689,0.19183327793577593,0.11104122137932539,0.11061223389236516,0.110183246947967,0.11182334738625949,0.11346344770172401,0.1151035494190864,0.11674365266721201,0.11838375670171163,0.12002386150296536,0.1216639713365706,0.12330408872533007,0.12494422570863181
biomass_boiler,RO,54.038660937505064,54.038661059561115,54.038661048623844,53.87653531839525,53.71441053059786,53.55228526214765,53.91965637906261,48.348046754399476,36.8193566265413,36.86651348823969,35.42232097801549,35.289574696799946,34.115137294173394,33.98632426899585,31.20903032092381,31.09029360728196,22.348330303921554,15.009400530808238,14.951637037373962,11.513698694462477,5.7755009394352115,5.8614702617984396,5.947439392446336,6.033408637388847,1.0795394008406043,7.589737521428152e-06,7.984036890876633e-06,7.0215562812246034e-06,7.724025046232789e-06,8.667674242222206e-06
biomass_boiler,SE,51.00736956665637,51.007369501192706,51.0073695935328,50.85433836304863,48.97532460924974,48.82750298483704,49.16246166596411,48.83585750563004,46.908465626318126,47.22377062445466,47.53907562340934,36.36517602449355,36.22838373291576,36.09159143431252,35.84520673474125,35.70883138280561,35.57245604176206,34.021427150039,33.890496084764415,33.680781026107056,5.426355426166478,5.507127536329566,5.587899652617528,5.668671770935328,5.749444100806864,5.830215973393202,5.910988078750931,5.991760209293675,6.072532341076795,6.15330449997957
biomass_boiler,SI,15.306718142465245,15.811333550138638,15.81133355160525,15.763896727297116,15.716459903328316,12.427977002249845,12.513233441152563,8.545284728160022,8.603112338539095,8.660939949823552,8.71876756326432,7.408862415346765,7.049170552937355,6.1853591392259055,6.161915771484728,5.855366627838302,5.833004453787762,5.810642278649512,5.788280103022104,5.76591792756352,5.743555754072734,5.829049491947784,5.9145431796050785,6.000036883755552,6.085530593911966,6.171024304603099,6.256518019905519,6.342011741817258,6.427505476467991,6.512999250684029
biomass_boiler,SK,16.215561698474296,16.215561704274254,16.215561711827053,16.16691213694859,16.1182625713496,16.069613045518707,16.17985145272889,16.290091150708637,16.400330300843486,16.510567946609175,16.620806404517065,16.558518454039145,16.496231708351104,16.433945041478506,16.371656279210015,16.234085625357686,16.17208626616347,16.110086968517773,16.0480855079547,15.986084552757532,15.924082323480812,16.16111484856856,16.398147302657115,16.63517975006671,16.872212211917752,17.18856740818224,17.426699269731483,17.599672961230496,17.836926605498984,17.84069751877095
biomass_boiler,UK,73.55344817784837,73.55344818082092,73.55344817992196,73.33277469848909,73.11210121705237,71.00098952388821,70.1989608678672,69.1656200354722,54.27725435313079,50.94190331253152,45.665975335720134,42.56702534681285,37.362492515470336,22.754138062104403,10.917308444507185,10.875772863796827,10.07615663617508,5.532780270374214,2.1667174210827116,3.171670748166049e-06,3.826279197224979e-06,4.507812673562735e-06,4.772199630056689e-06,4.994760052099314e-06,5.185597872254768e-06,5.395071398749518e-06,5.616504579372281e-06,5.861847988925496e-06,6.206055263061469e-06,6.703469350154877e-06
biomass_plant,AT,12.16290333914277,11.985883194320504,12.08596462740035,9.61875719939233,9.541110858489969,9.463464279405638,9.422290930968888,9.337824892902518,9.229034660997632,9.134735756434083,9.052553803568369,9.005989745622887,8.959425360407646,8.85028843562291,8.803821820886684,8.762526864819886,8.545984599484914,8.406216446272293,8.036913296558778,7.9998365724738525,4.661128885378894,1.283417053921548,1.4766398867525576,0.8520587307064641,0.8588508091992809,0.72407919860764,0.7188808590827963,0.7136826477039726,0.3057359970776342,0.3034927686582633
biomass_plant,BE,26.880945168262027,26.019527479340535,26.151967064682253,20.57180169104255,20.440664614620673,20.14982867713538,19.809102241991003,19.805233475980504,19.63594205261733,19.50783588730786,19.363379784589707,19.263503765538193,19.163627729393237,19.06375171638934,18.96387584606189,18.651729247171275,18.527900071926112,18.404071526907067,18.28024314796311,15.913591818138675,15.805059787149146,15.339502491311878,14.832885826155078,14.714908081821685,12.553455914999892,11.376141147325589,0.7464301601766554,0.6049621426727563,0.6000335183218399,0.5951046454343016
biomass_plant,BG,0.544617576380528,0.5446178133796468,0.5790387269544962,0.5385755138882399,0.5385331426621329,0.5341685910092272,0.5295482327869239,0.524927946429878,0.5203109030590866,0.5480489108868973,0.5434052157042017,0.5407346902736963,0.5328573337621472,0.5259116313715131,0.5232558223971527,0.5206000763547762,0.5172635597701851,0.5015632694613785,0.49826329026897026,0.49496398405172515,0.4916646667648687,0.48751576242655054,0.48934941230524753,0.5024710973821849,4.380415497576695e-06,4.842418488233127e-06,5.3413745412368415e-06,5.842331530459067e-06,6.714264862672145e-06,8.517442115066074e-06
biomass_plant,CH,2.635835565001027,2.5686431232518085,2.7135080958705453,2.16651926503073,2.1663509195886643,2.148720942288341,2.1300611894810073,2.120705851238374,2.102039328106088,2.074082100072195,2.0554223520957375,2.044849891725553,2.034277228015013,2.015640400068481,2.0223587814884687,1.994521875716619,1.9813638160994813,1.9682044670881043,1.9721436713042366,1.9418890035008642,1.9287400266455166,0.8692735923815818,1.0341489959878816,0.8523338161225077,0.8461779440707351,5.276228848795201e-06,5.4419791117050184e-06,6.1532987410972364e-06,8.109017550825867e-06,9.93128243754759e-06
biomass_plant,CZ,11.945740968725932,11.485730697030936,11.58642616553043,9.142065048865357,9.141354878204469,9.066961434605767,8.91464247430269,8.835957682136282,8.757272713344038,8.678589510217144,8.673267434995402,8.628654384017905,8.510904265620775,8.466404570926688,8.460837759232117,8.416277921117189,8.36075219573905,8.064560271826188,8.010644979312813,8.223917774957645,5.7017844564069,5.060712080669965,6.07578416137361,1.5132011802646466,1.0767360184830255,0.9152106987236576,0.8543218612859369,0.8480334079208877,0.8282119712221908,0.8219846252819986
biomass_plant,DE,160.14288106985816,158.05446685609894,159.0296639709385,118.45906413960529,118.08742946754272,113.27069961470168,108.9164395139801,107.91896976487912,106.38221250061797,102.18782520002917,99.47161234726002,98.44294697899429,95.17903284035471,93.40075340702036,88.02280165049395,85.74242747847939,83.4146028304523,76.90392200938004,67.53580990780529,49.81552754324839,57.1191571241317,45.86700251248991,39.529516990632686,37.45988949452358,32.365668273728055,23.402934118061573,14.914336977959206,7.849479227184921,6.121013685496626,2.5341906392388953
biomass_plant,DK,60.16720548355847,58.23969343533335,58.802991483836706,49.78454528864172,49.18622447345432,48.10101760548425,47.7967645505505,46.94376060573659,46.450019820572734,46.03437117628464,45.618722529531134,44.96497860938627,44.73184722253042,43.20152266214969,42.295247447536646,42.07249335466125,41.79492021486379,39.325044152321965,32.9163284964414,32.694783950710175,33.6012379845402,33.331258434906474,35.50678047386509,38.36837564444642,33.07824281132745,33.44223795618671,33.19766831923156,31.254949873863378,31.02298252045355,30.31145057372805
biomass_plant,EE,6.166384843209063,6.003456295140656,6.077449136824656,5.119776527094903,5.078199651776385,5.036622690125901,4.995681919101325,4.948636043811536,4.904291414928947,4.860649383994388,4.816656151184503,4.7917658447418585,4.766875570199836,4.741985251051938,4.717095031488435,4.704893335781444,4.673853123543369,4.6409996761394225,4.22463699786558,4.197755620980468,4.420588362218523,4.275160344090744,4.34487872989931,3.824677121964004,2.62864384023295,2.7055466960270813,1.4769137692057983,1.1363461933460128,1.1355471490021667,1.1073176337509751
biomass_plant,EL,3.042413192044862,3.0220220131766395,3.0485326774822705,2.7593487555619034,2.73667387801402,2.713999043152556,2.690019449262905,2.666039883098361,2.642060683737591,2.6785249332243963,2.6818754654520314,2.668211158534605,2.654546591628195,2.6408820812413656,2.6272175993225613,2.613553175563195,1.4230708966914059,1.413713068686092,1.4043552591623278,1.3576747341646431,1.34842877703527,1.3378831628122756,4.206798578604538e-06,4.506916500994824e-06,4.753350018508035e-06,5.008241911726206e-06,5.4063190125426425e-06,5.860847124372594e-06,6.707594387844731e-06,8.532305728134816e-06
biomass_plant,ES,40.54362023778023,38.81895401136078,41.484039506556314,32.27482227603241,32.009604246984665,31.744386235875353,31.463906198254264,31.183426182632214,30.902946154512353,30.62246612521702,30.34198606981988,30.18374958449987,30.025513059520854,29.751877340583036,29.594252265161476,29.436627200701132,28.670896156938408,26.153740034345255,25.97927665373281,24.260395233236697,23.89876764099949,21.537132835444652,21.36888951507949,19.752505028184977,19.355690193129377,17.78562888880672,17.589094255052625,12.982197706711327,11.695183367000972,11.775310221897508
biomass_plant,FI,98.61435717558334,91.58810850666742,91.7280992325776,82.56088808709349,81.96152437046379,81.29236716940001,80.56348143878276,79.7418551514022,78.83681550286332,78.13112910222728,77.45351574270205,75.79364075337772,75.40067093910267,70.06838869571594,67.25946796634612,66.85586667617599,65.38487099055068,53.25834842518388,51.8006212272999,44.171051278856865,43.88906319565298,42.56510415597507,42.44758316277223,41.05540872721365,35.17200279145737,25.19111709932661,25.48673096567984,21.495098261326966,10.417874875799994,10.292206515851731
biomass_plant,FR,46.80296619602436,45.45716499958539,49.121814654240275,43.53204955320334,43.020884147560785,42.02756815753472,41.51592189199558,41.148096027101296,39.510049366216904,39.38277582157975,39.13166119536936,38.92982050917299,38.72797980490501,38.5261390702497,37.67909988130699,37.480657430462145,36.925385505374194,35.7364874371402,34.32357061892312,33.04229796292314,32.63029656710768,32.61787661478354,32.22037461585497,31.65313262383977,29.41702036180892,27.141827103700958,27.654820225870655,25.93606691624938,21.024142631775632,17.208237616439956
biomass_plant,HR,1.1940076103233859,1.1717951479344155,1.1717954739902763,1.0469795993516735,1.0427397603208783,1.0344405627140816,1.0292292647628205,1.0168545382588279,1.0080614972935888,0.9992684805979712,0.9904752428202863,0.9660470081039382,0.9529167653505922,0.9479505716710914,0.9429846268324042,0.9380187631514443,0.9318308071704228,0.9256421350156087,0.9194543582266946,0.8171349894863753,0.8116026479945403,0.7960133856243521,0.8222150651834542,1.0362874729707798,1.0466764459830575,0.9571631647548884,0.9439012540646196,0.8266617725020603,0.8204701974227655,0.8142778218304961
biomass_plant,HU,14.674139834178025,14.519359554736683,14.925967292844955,13.450564119257686,13.237125385669552,13.127875559993383,13.012318477488192,12.896761365727752,12.781204280391046,12.671367489751626,12.660255246703265,12.628913294626305,12.563435773787038,12.497958454698436,12.43248111561578,12.367003869132207,12.285412864395044,12.203821829067937,10.186546396093956,6.277478616626417,6.139460499372216,6.021557807539017,5.974076151848361,6.175208883883942,2.4686360498387105,2.223093587535072,1.999601689266541,1.9080062304085548,0.04704401477775367,0.04668266937437974
biomass_plant,IE,1.8358535410565746,1.8358526285471781,1.8358533861964765,1.4651083178959572,1.468588634217458,1.456544222531891,1.443800575433259,1.4310569439229464,1.4183133093491482,1.4055696727620661,1.3928260612485037,0.8938023767936333,0.6424663168531095,0.6391180008396086,0.6357697303183847,0.6324215215829213,0.42328212439539536,0.42048548455502416,0.4141611275049142,0.3275474618594156,0.14158420481836578,0.14047613952636331,0.13936934865065273,3.931006172992799e-06,4.4381508658383365e-06,4.816898061806119e-06,5.139372176923851e-06,5.597369230800259e-06,6.195265823684421e-06,7.030723779958114e-06
biomass_plant,IT,58.76497207393259,58.704657476443465,34.59552713540998,25.52397094356386,25.31422795992391,25.10448505093856,24.882672433083115,25.041531706884154,24.81944007539571,24.597348369565896,24.375256670829362,24.24952939221534,24.12380195570642,23.9980746444484,23.155865881658393,23.03456790532816,21.54879740345472,16.800996342220014,12.958234457540987,12.871392032351036,9.94568084174205,9.755825254328995,9.6791088657203,6.928512759812325,4.970458168252699,3.9411129140976366,3.8865547573278043,2.6189388291519564,2.6282915134691835,2.516239908047712
biomass_plant,LT,1.3746050709324282,1.335529031251155,1.3626596377714837,1.147611834643983,1.1382762931623625,1.1289407298115406,1.119063415428649,1.109186092608574,1.0993087677361686,1.0914426141552074,1.0815638638047014,1.078878279101372,1.0732846524193047,1.0676909505535335,1.0620974043602565,1.0565039070894982,1.0495339454864672,1.0425640478129707,1.0355949763658854,1.028646975552509,1.0741188799633063,1.0334499155540078,1.057464967264257,1.0657321026084305,1.0755795098956358,1.1177329818291113,1.1175476993706175,0.8556830842358698,0.8550581028460522,0.8339266535154086
biomass_plant,LU,1.0320802526465406e-06,1.0860065232142082e-06,1.1859898855808704e-06,1.1706767530543727e-06,1.25677202456391e-06,1.3613196281150631e-06,1.4509736925354312e-06,1.5458914885175358e-06,1.6461748461471189e-06,1.7282538970104356e-06,1.8117145640298054e-06,1.912257441830975e-06,2.0151856756989585e-06,2.1454375822475293e-06,2.3723560192422728e-06,2.5522166274898457e-06,2.777267530574256e-06,2.9521688263967355e-06,3.167463089500113e-06,3.4366199806649127e-06,3.7372341409209634e-06,4.03996456574581e-06,4.301917773529954e-06,4.595241041088963e-06,4.86257909898139e-06,5.039997853899512e-06,5.1368631120402086e-06,5.4553422670921184e-06,7.453499530716664e-06,9.390691744379295e-06
biomass_plant,LV,2.0311726103630217,1.9851088430321169,1.9972430011283455,1.6817055876579194,1.6701808442567696,1.6564828504865832,1.641989932671282,1.627496996508857,1.6130040656004307,1.5985111368036622,1.5840182637902773,1.5758219679128045,1.5676256551727132,1.5666114739099475,1.5584040760238853,1.5501967621969233,1.539969751809612,1.5297429056820802,1.5195178922165855,1.6004885009773162,1.6271885627061458,1.553521187930714,1.5798004397578287,1.590434603762678,1.5934320291141457,1.6400411167512552,1.6801539240211893,1.2300458095526512,6.917540201884327e-06,8.27382681699669e-06
biomass_plant,NL,52.15466092393267,50.83378704279571,51.10039283536571,37.352341380526326,37.26670955152433,37.0333327464865,36.73410943284623,36.57084900158095,36.2506242557811,35.9471258101496,35.62687496633097,35.487295141299526,35.303303044467256,35.11931091053422,33.6945525156686,33.443041484084546,33.22240145810732,33.001761175403395,32.781121723978714,32.56048384316489,29.456023023141146,29.174437694928,36.59763475832036,32.78267411261457,33.4554623418517,32.30835181727152,32.21289561451175,30.55385642191708,8.092562872519354,2.2736929144063223
biomass_plant,NO,0.11982330408574818,0.11982384018210708,0.12064233097176974,0.1125500641213497,0.111625223207902,0.11070031960547823,0.10972223865363037,0.10874419249176824,0.10776612388359334,0.1067880605373369,0.1069975049369066,0.10644394466346095,0.10589035437234263,0.10582190741649461,0.10526759062826646,0.10471336866609711,0.10402277332535807,0.10333217075329396,0.09586710696212404,0.06990334318219882,2.4433005547497564e-06,2.628333397128791e-06,2.8205861065942473e-06,3.0078423928200226e-06,3.2145359005227126e-06,3.4502256158811157e-06,3.713947224134811e-06,4.047393105227938e-06,4.512112627936464e-06,5.058761769259044e-06
biomass_plant,PL,35.78975399291368,34.403248617498235,35.02862571408676,31.242430053058772,30.92973904923754,30.64972641115797,30.38088730746519,30.112048274516496,29.843209206845476,29.574369995902423,29.305531017919467,29.153587005339762,29.00164301211577,28.84969904088428,28.687985968471043,28.53123590533794,28.34221450210458,28.206248828975756,21.821612462416848,24.076461160593915,25.151969805321915,20.289274290318684,25.733684008501758,25.31792607279847,24.885155263977953,23.1626382946346,22.697150788708598,18.435769012413214,1.4033027906693545,1.064262168680364e-05
biomass_plant,PT,7.6648671616708315,7.312180622853513,7.870208792170135,6.107711443590129,6.0575213973068704,6.007331382753932,5.954253186378272,5.9011750070988285,5.848096840824403,5.795018690840473,5.741940536234607,5.711995873756914,5.682051157921312,5.652106512116389,5.622161887280826,5.592217290443231,5.596385011384436,5.630194647762099,5.490599730614912,5.45372797553304,5.4168638094773875,4.803395977645012,4.765876173668328,4.926816803138575,2.5756787749856977,1.9034598134724716,1.8893683912816257,1.8752443523023863,1.8169469529555782,1.8295409185448943
biomass_plant,RO,0.8554601261879808,0.8623239199663401,0.967854558425285,0.8078630096285776,0.8013182333559138,0.794773517950475,0.7878476844607861,0.7809219252452247,0.7739964021257062,0.7729252995296897,0.7659725648297525,0.7620428908358131,0.7581130561067675,0.7483818790270288,0.7444612310033466,0.7405407331313821,0.7356552622803466,0.7307697506538798,0.7258848118568858,0.7209996528427147,0.7161161908654798,0.7023700400324019,0.7336637072904129,0.754761324254553,0.8249735410658683,0.8135869295492538,0.798982696407022,0.7877781845479982,0.7746702509335401,6.900235496835458e-06
biomass_plant,SE,50.05955396735276,50.168617093641316,50.61252874679476,44.40785139484973,44.064969610117984,43.70479941053658,43.323666792824575,42.94907712828148,42.590103253567186,39.06938410539524,38.71662298158466,38.51692305261542,34.45540880598283,34.2758357004277,32.95475747133698,32.7811964687268,32.56492288297307,31.04301108436433,29.141743231241474,29.966286300981302,22.6024343915146,21.988452749247866,21.811873609301276,22.329340081615204,16.888486200247314,15.99526145833412,15.870749665122393,11.642877138374278,11.44700059387017,7.141517150221693
biomass_plant,SI,0.4933874188915481,0.49338695979141045,0.49338716872972377,0.42901445054716053,0.42552491222039246,0.42203432963040133,0.4183419190324663,0.4146494725730924,0.41095706989724723,0.40726467589383886,0.40357231138737,0.4014842118680734,0.40122868069410106,0.399137614308918,0.39704668579584085,0.3949557340500884,0.39235021187031854,0.3897446886057903,0.38713957510356084,0.3845350393678935,0.3819321274355788,0.3745965352063683,0.3760106148324437,4.664644186787415e-06,5.26054116788118e-06,5.643637950659872e-06,6.022421403652826e-06,6.66231592057272e-06,7.459328149328645e-06,8.621502979521596e-06
biomass_plant,SK,0.1897928635855063,0.18607803217345736,0.18965469578805338,0.16088066821568656,0.15957190479552066,0.1582632203333371,0.1568785847175828,0.15549414946491177,0.15410954148682535,0.15272493734499223,0.15134044390581763,0.1505574113355329,0.14977439456489128,0.14899135262439508,0.1482084984121822,0.1481098390628676,0.14713320340333846,0.1461564938808843,0.14518084430452374,0.14420864701731234,0.15895576716110682,0.14048060255839773,0.1672122154372986,0.17366305270323776,0.1723966131135798,5.486692376675497e-06,6.057668850869224e-06,7.450977367573906e-06,8.75329480293783e-06,1.0465085471986006e-05
biomass_plant,UK,343.98415798684715,340.6526073187188,348.0500779011853,297.6752958584551,296.6935407190149,294.2869670275249,291.72606657872564,287.66891533728267,285.22845995548664,282.76100484812764,280.12387874070816,275.8045121369119,273.3257381096385,266.4680369112109,259.8714509323032,253.06765255340298,244.9869837177645,236.9485591913108,231.75015172426848,224.6278183583211,220.61925534954315,215.58065428878902,204.51975019250858,218.91228860377151,227.69344170843686,221.58842528119266,218.21982244991923,210.08031464422976,171.00686720198624,127.9051057777893
biomass_plant_CCS,AT,1.8816544489511336e-06,2.139393376317219e-06,2.2961510532065616e-06,2.294401469049018e-06,2.4550375270571884e-06,2.6863457094369857e-06,3.7118377126241428e-06,4.289362331936478e-06,5.228215975908017e-06,6.345454528073246e-06,8.209895257885481e-06,1.0850070838744404e-05,1.5270230048297792e-05,2.8538902258954537e-05,3.426627393840064e-05,4.716478846487873e-05,0.00018810118654734437,0.0002639005011405672,0.000312079461874513,0.0003426508739780788,0.0006032279514182461,0.0006098532902762483,0.000625140644987601,0.0007185147018008308,0.000723966246468061,0.276942676178608,0.274858557368778,24.284869257971437,24.090782561512885,23.874488788582248
biomass_plant_CCS,BE,2.0173632074278355e-06,2.2296903039110865e-06,2.361797471808354e-06,2.359822254038301e-06,2.468838266756324e-06,2.651187273658544e-06,2.996615696752922e-06,3.474557458947201e-06,3.953407914402112e-06,4.544239312093828e-06,9.816631205601402e-06,1.8073991183589213e-05,6.90444682004646e-05,44.24971928239668,45.633195954388796,104.67217229573933,115.85345174714799,115.53429322543934,115.21513361936651,114.91313835359108,114.59395645670274,114.24535216582221,113.89709487446412,113.5458296461141,113.21062177112698,112.75923838270903,112.06927592939299,111.20466703798124,110.3363890520827,109.46811228816415
biomass_plant_CCS,BG,1.4547588723861372e-06,1.667475440140531e-06,1.8683890474549884e-06,1.999454970647979e-06,2.486941179245188e-06,2.7964998972568604e-06,3.1192402167257064e-06,3.4738721448149046e-06,3.7869857253304798e-06,4.6346653888363e-06,5.17652092447548e-06,6.003510420789763e-06,8.539985686398158e-06,1.1203452852586255e-05,1.6483264339815775e-05,6.283683368150208e-05,0.00011122642085739129,6.41444697196765,52.97902933127887,58.29461528455159,58.13278988611776,57.9546299433773,57.77646895252359,57.59830803356554,57.420146583789275,57.241978875229094,56.801909757094926,56.36183436037949,55.4926222894263,55.10739837547308
biomass_plant_CCS,CH,1.7834805573295408e-06,2.029138221003404e-06,2.206049079633766e-06,2.235900066123341e-06,2.439712898216674e-06,2.6567704106939954e-06,3.010714796187905e-06,4.420873895007581e-06,5.481123672047911e-06,6.882028504972795e-06,8.025846972434975e-06,1.006349067087017e-05,1.1594465200623665e-05,2.1545061557683546e-05,2.8772625443068116e-05,0.1906393358321322,4.372277968065823,19.942799437062554,19.887730237916468,19.832660786945446,19.777591324554923,19.724943857384623,19.664306530912665,19.605109467219187,19.544466012091092,19.485138820946705,19.356419744852964,19.172485730629713,18.978080261788737,18.82867655379855
biomass_plant_CCS,CZ,1.7851419234269395e-06,2.0309346524877917e-06,2.1593047683646745e-06,2.1828668334074446e-06,2.3103452571834164e-06,2.4844344356206146e-06,2.750903691176123e-06,3.0677560626119637e-06,3.4401915195783117e-06,4.022472043899602e-06,6.7414055130982486e-06,8.288173688009856e-06,1.0227701914483424e-05,1.241385351558605e-05,2.0192575322096532e-05,2.243012088575735e-05,5.760238379453919e-05,6.682633066633887e-05,7.822392837983918e-05,8.490587304010202e-05,8.698347584826505e-05,8.716261993160772e-05,8.666531933334885e-05,8.563437609660327e-05,8.523170297037768e-05,0.00010251941992177194,0.0001323879837948745,0.0001319787856656207,0.00013161888524438895,0.00013111826117988954
biomass_plant_CCS,DE,2.099156987504292e-06,2.380148501982981e-06,2.534466374523843e-06,2.5339477002061367e-06,2.6607977568437963e-06,2.8646461177922375e-06,3.3001802844427986e-06,5.365663076510727e-06,7.25577879488893e-06,8.996167805622736e-06,1.52935301212294e-05,3.335863074873982e-05,0.0008160808731856066,122.20696676153732,369.2836955769209,410.9192646043474,481.8410721222438,993.1564853466302,1167.7055966596113,1173.0608419384841,1182.0318949330722,1178.4610393098376,1174.8710304191984,1171.259087150572,1167.6746111211512,1164.1047196658012,1200.6218804476482,1219.19480912924,1209.6631205229633,1201.6003663729996
biomass_plant_CCS,DK,1.6981203942195551e-06,1.81043944180331e-06,1.940130109338588e-06,2.0248380043163866e-06,2.1853218986049434e-06,2.523921907161723e-06,2.9215480407205892e-06,4.422175742693088e-06,5.297944687066744e-06,6.731156030279028e-06,9.004133967744893e-06,1.239969462080165e-05,1.9379736742654126e-05,2.1902750870902874e-05,16.977070692875504,22.24454039533917,81.40481229118873,97.31005075894957,118.12933089766406,117.81177137198785,117.4847277814201,117.12467066953717,116.76461468057478,116.40455615678188,116.04449940186103,115.68443856094764,114.79507733722303,113.90570390412745,113.01633695692378,112.1269881427868
biomass_plant_CCS,EE,2.00397244711684e-06,2.0267015456756015e-06,2.0961079288492023e-06,2.113487824429468e-06,2.2128392886751217e-06,2.393039267914823e-06,2.68014759903733e-06,2.7584123436306327e-06,2.87723897467404e-06,3.1903271380455007e-06,3.586506823407144e-06,3.984611336909987e-06,4.503027029740527e-06,5.913140309772917e-06,7.14066563540608e-06,8.527461154920567e-06,9.560674007682095e-06,1.0084202752557882e-05,1.0743382141818534e-05,1.737230541696984e-05,2.318541079200857e-05,2.3274730059881267e-05,2.314035925450416e-05,2.4856087904751807e-05,2.8301853238392814e-05,2.9175209721987146e-05,2.92509907137704e-05,2.8972601462503842e-05,2.9165960438404486e-05,2.9387734258543122e-05
biomass_plant_CCS,EL,1.4798300559786857e-06,1.623520386494181e-06,1.74600153413697e-06,1.8309047482999034e-06,2.248612178819177e-06,2.6162539111221896e-06,3.050459911097015e-06,3.538636505953178e-06,4.018004614759894e-06,4.858600577397048e-06,6.00917058144351e-06,7.168637227675818e-06,8.315412875668164e-06,1.4270737885872518e-05,2.816147590517887e-05,0.0001370884938095989,1.4572417328115,45.462892925210646,56.995373537904634,60.49970595859612,60.33174641488799,60.14685149830333,59.97142847208987,59.78650158518747,59.60158850718081,59.41666261832895,58.95992301702789,58.50313839720001,57.0241926263408,56.526483108368
biomass_plant_CCS,ES,1.4588278267082966e-06,1.6243222711354211e-06,1.7522263885297583e-06,1.7645010482232088e-06,1.8668684101917069e-06,2.0007537620718984e-06,2.183970064499086e-06,2.3805184714275573e-06,2.5835462630333537e-06,2.8101644369485003e-06,3.050134059625264e-06,3.3073427410216366e-06,3.619661735308685e-06,3.988258735458348e-06,4.557599537425278e-06,5.258402716923635e-06,6.630139772832566e-06,8.64382439847435e-06,1.035689340908908e-05,1.1163420781775645e-05,1.1851060715689745e-05,1.3090641387269606e-05,1.3774553877395084e-05,1.591006265928192e-05,2.0708636381670924e-05,2.261887859083818e-05,6.683366157444688e-05,0.00010657616618297933,0.00010646956245887086,0.00010639824236637248
biomass_plant_CCS,FI,1.4184424620157122e-06,1.6135542362650947e-06,1.8053096363320868e-06,1.9187473774329683e-06,2.166479260032898e-06,2.3602794325944503e-06,2.505239880695264e-06,2.6517417636838016e-06,2.8831584671315823e-06,3.853804529921341e-06,4.7246597260478214e-06,5.528132408496049e-06,6.57043958279442e-06,7.770530345315732e-06,1.0430107887770568e-05,1.516998883697337e-05,5.550102676597599e-05,7.965098931994239,41.18669296591603,132.42898835898765,143.07549180173848,234.3014453079641,233.581059427614,232.887337758468,232.21934945531987,231.61189376025902,229.9027673244988,228.12264996806198,226.34150442911758,224.5603543009147
biomass_plant_CCS,FR,1.4193709634482631e-06,1.6114374991988784e-06,1.8265844839368423e-06,1.9287370646442258e-06,2.089860132737397e-06,2.277751378449202e-06,2.472674376830592e-06,2.7054136168793394e-06,2.9609258862866033e-06,4.01088509159488e-06,4.502808272839662e-06,5.115671952080384e-06,5.960657323925459e-06,7.057810513434577e-06,9.032357061019646e-06,1.4101655373168435e-05,0.0002995377991389969,226.9389832780908,226.31247833334044,225.68597261727592,225.05946642148282,224.36972406385934,223.6799805706482,222.99023582850126,222.30048570631317,221.61065569032883,219.90556914529407,217.64572263420462,214.6156929582468,212.9260089687715
biomass_plant_CCS,HR,1.9074599491785014e-06,2.1034016946970684e-06,2.2481456243307986e-06,2.3618953549451885e-06,2.603119211749193e-06,2.9336045090907756e-06,3.3929048339345296e-06,3.8616017335499444e-06,4.466997881383026e-06,5.373790903003489e-06,6.5141640593263885e-06,1.5106561731027896e-05,3.134484600843283e-05,0.0005002392311224727,4.641393432552633,4.905066215337808,4.891628542825401,4.878163679306384,4.8646972321154776,4.8512305698218166,4.8377629359916385,4.822936159740666,4.808108364060344,4.793278052556004,4.7784484333343356,4.763454974222928,4.72682903125238,4.379895987824448,4.350026859107226,4.315539786043704
biomass_plant_CCS,HU,1.540251529488236e-06,1.7426551505019704e-06,1.907526348419141e-06,2.0130819723909668e-06,2.2199858503491246e-06,2.450868105074882e-06,2.7571445930189643e-06,3.050423860487927e-06,3.312227956884889e-06,3.6794953931725086e-06,4.0072634990859344e-06,5.619064081418026e-06,6.988141065902541e-06,8.896398728754486e-06,1.0407977545122773e-05,1.2764314343474795e-05,1.5561198842366752e-05,1.8137441064217527e-05,2.270362590728808e-05,2.3816938928565994e-05,2.4361865002512092e-05,2.4696899081195475e-05,2.4569725569909484e-05,2.4354519084854437e-05,2.522458510878603e-05,2.8102850331027328e-05,3.591670564268494e-05,3.581036267878452e-05,3.589804332039748e-05,3.601494413325179e-05
biomass_plant_CCS,IE,1.5376134711011331e-06,1.6769025859609567e-06,1.8542321574012205e-06,1.9121340297280637e-06,2.1692071202806084e-06,2.4316215864345134e-06,2.737303573873434e-06,3.084777004459829e-06,3.4641699365888632e-06,4.038589107950527e-06,4.856132710499083e-06,5.599739170190213e-06,7.236138733675251e-06,9.564860838082199e-06,1.379470644084727e-05,2.1999806850717685e-05,5.289968017568755e-05,0.0001830864333284938,13.87061820772832,14.085411693339642,14.99172322757218,14.945782816548144,14.89983719185932,14.854999803663612,14.80905656832048,14.763126676428579,14.649670271517564,14.53617633128319,14.422676791620093,14.309180736623157
biomass_plant_CCS,IT,1.8937239469401731e-06,2.1325952326826694e-06,2.295628981254406e-06,2.2891561429342434e-06,2.5293524751169964e-06,2.922174719032976e-06,3.4635683472878826e-06,4.373626092475573e-06,5.385619363095893e-06,6.749087800504216e-06,9.401285275137236e-06,1.295969258872224e-05,2.1064395576806758e-05,6.249552999476142e-05,0.4562884360783438,0.4685912361869041,79.86175961202333,79.64189602816379,79.4220308950834,79.20216558559345,78.98230015245541,78.74024179229622,78.49818281609959,78.25612261370222,78.01406173266909,77.75198203366605,77.15574564742272,74.88087123762068,75.12221987744852,74.52748701859281
biomass_plant_CCS,LT,2.0799111750828756e-06,2.1020648995134697e-06,2.1679400251209485e-06,2.18463460546667e-06,2.3214482279790922e-06,2.6108537714727646e-06,2.9357476356857403e-06,3.216313763218824e-06,3.603053747957611e-06,4.095122960168457e-06,4.7283322035564415e-06,5.60270506149933e-06,6.5246094495802566e-06,7.306740747833928e-06,8.704869312204403e-06,9.892685697999958e-06,1.1153709477875429e-05,1.3328575068496142e-05,1.4919028241238757e-05,2.3275945906858032e-05,2.7223073822436093e-05,2.7357002969112477e-05,2.702595964749115e-05,2.6712146298174246e-05,2.6706926037222637e-05,2.6523183665523193e-05,2.6216190395259147e-05,2.5918979347843237e-05,2.6068869747893394e-05,2.6140216988569352e-05
biomass_plant_CCS,LU,1.549448102822501e-06,1.6769190142370957e-06,1.911100373023831e-06,1.9567707677629565e-06,2.1624607029563e-06,2.4492766444895134e-06,2.739199540546385e-06,3.0572986279654665e-06,3.385170800274692e-06,3.6693613775767786e-06,3.9919135494404704e-06,4.494214618273437e-06,5.1861588265912814e-06,6.232417409347689e-06,9.174746192520687e-06,1.4229063892555247e-05,4.212841349309595e-05,4.373465573808772e-05,0.00011355762613780265,0.00012318143262440016,0.00016395306907430283,0.00016547336865239213,0.00016306933586550997,0.0001617152256932948,0.0002278313410413643,8.218735556477423,10.775823543626078,10.636925089935074,10.620296517876405,10.536435182823096
biomass_plant_CCS,LV,1.5073124780491608e-06,1.7048911686806836e-06,1.8542518702867144e-06,1.931706313075054e-06,2.219916545207375e-06,2.572585238655079e-06,2.9023952550776778e-06,3.169510887306138e-06,3.528665892099844e-06,4.039435033558249e-06,4.612138997515086e-06,5.191710447960164e-06,5.740107576308418e-06,6.6139264094714914e-06,7.965143834714927e-06,9.29940409959974e-06,1.029977758041473e-05,1.1093916288831768e-05,1.377208813033657e-05,2.6854587644243786e-05,3.8793182635940875e-05,3.908913234039623e-05,3.870992997174856e-05,3.82248022222162e-05,3.802325100322034e-05,3.752433251098639e-05,3.6682887372395953e-05,3.610166734114248e-05,3.628282105588362e-05,3.633271406482603e-05
biomass_plant_CCS,NL,2.0475095302036427e-06,2.216923062806852e-06,2.3329762866118836e-06,2.3233046989623545e-06,2.4255960328630793e-06,2.6003238635602866e-06,2.981250126325342e-06,3.42674476384921e-06,3.866717567842343e-06,4.431146071425222e-06,5.4377810562991845e-06,2.0472913047361546e-05,4.695155194923654e-05,4.827865909160443e-05,5.267881958100582e-05,36.98006416300816,38.26615170745082,57.05184860259605,60.5547879064153,72.00556344108385,81.0199447564035,80.7719226433412,80.52524457716375,80.27708734615595,80.02916947096054,87.89738486280403,90.05762152523084,102.23464387739119,133.92153760971607,132.87005058819358
biomass_plant_CCS,NO,1.4171088371671456e-06,1.5816204908370043e-06,1.7302380447974655e-06,1.816570403547101e-06,1.9380732757129687e-06,2.0928514563996987e-06,2.274268485547024e-06,2.56862328473011e-06,2.8181902958662627e-06,3.1580434244300256e-06,4.80185295421497e-06,5.654853901392915e-06,6.726231290479122e-06,1.0454457510484779e-05,1.6499922857538356e-05,3.613366074530572e-05,23.184705704779304,38.73866248372512,42.701112590180045,48.34509141876165,48.21141774347403,48.06366153272589,47.915906755253616,47.76815208826439,47.62039459248722,47.47264123496825,47.10767375265062,46.74267073214325,46.377712789003915,46.01274850635842
biomass_plant_CCS,PL,1.5414369670803793e-06,1.7431852041525246e-06,1.8946768721869895e-06,1.9922901719918476e-06,2.1477182021417086e-06,2.322063665488223e-06,2.562547488686214e-06,2.8233286574387264e-06,3.105801584359732e-06,3.4858002280580185e-06,3.996145889432001e-06,4.528236705508074e-06,5.1504538026342405e-06,5.917062870934539e-06,6.635468488001197e-06,7.462478509982018e-06,8.199868174863279e-06,9.119674283543434e-06,2.7088712318120133e-05,6.802001279240933e-05,0.00014884627441660593,0.00014817874327344749,0.00014634151042193427,0.00014390554517076216,0.0001421058088326904,0.00014044138197327527,0.00013931730760063867,0.0001383001906268272,0.00013798918520369942,0.0001398041931109196
biomass_plant_CCS,PT,1.3508980486676565e-06,1.5150044716951552e-06,1.6319872987553491e-06,1.6329723181443971e-06,1.7197326081517016e-06,1.8349445037731325e-06,1.9886272725688463e-06,2.147485574097862e-06,2.319293339396941e-06,2.5172674372039397e-06,2.740565148375774e-06,2.968287293983827e-06,3.2516358503732516e-06,3.6000671150374968e-06,4.048753564283403e-06,4.589782819298052e-06,5.462100758652566e-06,6.539260163104453e-06,7.367031275461059e-06,8.032497206865317e-06,8.9213435206438e-06,9.915726834966912e-06,1.0335050135055712e-05,1.1200400607216724e-05,1.2860188884236838e-05,1.415323791058921e-05,2.548812966870661e-05,3.195012708625075e-05,3.25005990246931e-05,3.3023952240340255e-05
biomass_plant_CCS,RO,1.504615880041141e-06,1.7841595048739892e-06,2.0261636495977625e-06,2.083543221086631e-06,2.403676799233829e-06,2.748759569312036e-06,3.103077230995568e-06,3.4759303047621444e-06,3.8147896704430324e-06,4.324030079419181e-06,5.060437990799207e-06,5.961048439033396e-06,7.191695438121435e-06,8.731124927371042e-06,1.1195504225828822e-05,1.3944361277568553e-05,1.61723536820642e-05,1.9855619242703978e-05,3.0130028006163992e-05,3.081025954699574e-05,3.10654752170633e-05,3.11420314866046e-05,3.0608529512675103e-05,3.0176587290992158e-05,3.019905402547886e-05,3.0944842260274275e-05,3.254579078576974e-05,3.249763025402994e-05,3.284700067011235e-05,3.306819307263436e-05
biomass_plant_CCS,SE,1.6190324135133374e-06,1.7396797282462981e-06,1.930021773162615e-06,2.0321418073654635e-06,2.279916192260028e-06,2.5840448648089638e-06,2.9762856999894883e-06,3.5193192745899573e-06,3.80753651948018e-06,4.244250934734757e-06,5.127010670180387e-06,6.107379434370832e-06,7.359776153324818e-06,9.37502348014617e-06,1.3659343662836523e-05,2.6527033558344924e-05,0.0007160652308333444,66.78645155988355,102.97521650559861,124.04696795666912,352.38459684149717,351.30584334017055,350.2283125328605,349.1482833338823,348.111379645929,347.03839561164006,344.37038939415663,341.7348462010794,339.06744561527864,336.4310891686382
biomass_plant_CCS,SI,1.6849609054573911e-06,1.8862831668776623e-06,2.0316864297139117e-06,2.117318191197243e-06,2.318877577685861e-06,2.54669970943418e-06,2.8554484146051795e-06,3.1479702088684533e-06,3.5332221399791953e-06,4.1164722068109515e-06,5.222329994844206e-06,9.480089742414825e-06,1.7241332932992413e-05,4.428392331914775e-05,4.621086926606719e-05,4.812356069604483e-05,5.1448001628727344e-05,5.251687339764272e-05,5.320553757412966e-05,5.3370108862216434e-05,5.3048299453520694e-05,5.2926379844934594e-05,5.2428694320717586e-05,5.1581362238055096e-05,5.1205524884613165e-05,5.031551343075947e-05,5.036418162887653e-05,4.9713002483340515e-05,4.9632633230361195e-05,4.968149173063464e-05
biomass_plant_CCS,SK,2.232048666329347e-06,2.271142781379814e-06,2.3440244494680344e-06,2.342834359317399e-06,2.5343741370869423e-06,2.8157954408076554e-06,3.1715721754841617e-06,3.919177667356976e-06,4.5686696443242395e-06,5.522764711617851e-06,6.441404854108183e-06,7.555854759648691e-06,8.63545324781424e-06,9.562648071699388e-06,1.0748099291796501e-05,1.311192680235833e-05,1.3708986307593486e-05,1.4344156596966563e-05,2.3220103358336763e-05,3.139776597931612e-05,4.427037119871781e-05,4.467476300316066e-05,4.448723562320802e-05,4.40582760392629e-05,4.397338805021418e-05,7.34033010839266e-05,9.993266316171423e-05,0.00010068969564458143,0.00010067882757312964,0.0001003156949823012
biomass_plant_CCS,UK,1.5733541449025042e-06,1.7482932613489431e-06,1.9323063425515337e-06,2.0078749634407407e-06,2.26711177605853e-06,2.4738369342175217e-06,2.669999255788339e-06,2.8984954416872497e-06,3.132185883868042e-06,3.451275968277378e-06,3.877701282037393e-06,4.343010707273137e-06,4.931429756071612e-06,5.661880123774876e-06,6.683572764750557e-06,8.778856954336947e-06,1.3727458372100129e-05,41.08773643269337,68.57837937147407,95.69296759874577,107.0496033898804,106.72152877407495,106.39345206134003,106.06537213788775,105.73728333179177,104.64643936931823,99.81989539112573,95.65227409356187,93.57359549035584,92.70023477353274
carbon_pipeline,AT-CH,0.0,0.0,0.0,0.0,0.0,0.0,0.0,0.0,0.0,0.0,0.0,0.0,0.0,0.0,0.0,0.0,0.0,0.0,0.0,0.0,0.0,0.0,0.0,0.0,0.0,0.0,0.0,0.0,0.0,0.0
carbon_pipeline,AT-CZ,0.0,0.0,0.0,0.0,0.0,0.0,0.0,0.0,0.0,0.0,0.0,0.0,0.0,0.0,0.0,0.0,0.0,0.0,0.0,0.0,0.0,0.0,0.0,0.0,0.0,0.0,0.0,0.0,0.0,0.0
carbon_pipeline,AT-DE,0.0,0.0,0.0,0.0,0.0,0.0,0.0,0.0,0.0,0.0,0.0,0.0,0.0,0.0,0.0,0.0,0.0,0.0,0.0,0.0,0.0,0.0,0.0,0.0,0.0,0.0,0.0,0.0,0.0,0.0
carbon_pipeline,AT-HU,0.0,0.0,0.0,0.0,0.0,0.0,0.0,0.0,0.0,0.0,0.0,0.0,0.0,0.0,0.0,0.0,0.0,0.0,0.0,0.0,0.0,0.0,0.0,0.0,0.0,0.0,0.0,0.0,0.0,0.0
carbon_pipeline,AT-IT,0.0,0.0,0.0,0.0,0.0,0.0,0.0,0.0,0.0,0.0,0.0,0.0,0.0,0.0,0.0,0.0,0.0,0.0,0.0,0.0,0.0,0.0,0.0,0.0,0.0,0.0,0.0,0.0,0.0,0.0
carbon_pipeline,AT-SI,0.0,0.0,0.0,0.0,0.0,0.0,0.0,0.0,0.0,0.0,0.0,0.0,0.0,0.0,0.0,0.0,0.0,0.0,0.0,0.0,0.0,0.0,0.0,0.0,0.0,0.0,0.0,0.0,0.0,0.0
carbon_pipeline,AT-SK,0.0,0.0,0.0,0.0,0.0,0.0,0.0,0.0,0.0,0.0,0.0,0.0,0.0,0.0,0.0,0.0,0.0,0.0,0.0,0.0,0.0,0.0,0.0,0.0,0.0,0.0,0.0,0.0,0.0,0.0
carbon_pipeline,BE-DE,0.0,0.0,0.0,0.0,0.0,0.0,0.0,0.0,0.0,0.0,0.0,0.0,0.0,0.0,0.0,0.0,0.0,0.0,0.0,0.0,0.0,0.0,0.0,0.0,0.0,0.0,0.0,0.0,0.0,0.0
carbon_pipeline,BE-FR,0.0,0.0,0.0,0.0,0.0,0.0,0.0,0.0,0.0,0.0,0.0,0.0,0.0,0.0,0.0,0.0,0.0,0.0,0.0,0.0,0.0,0.0,0.0,0.0,0.0,0.0,0.0,0.0,0.0,0.0
carbon_pipeline,BE-LU,0.0,0.0,0.0,0.0,0.0,0.0,0.0,0.0,0.0,0.0,0.0,0.0,0.0,0.0,0.0,0.0,0.0,0.0,0.0,0.0,0.0,0.0,0.0,0.0,0.0,0.0,0.0,0.0,0.0,0.0
carbon_pipeline,BE-NL,0.0,0.0,0.0,0.0,0.0,0.0,0.0,0.0,0.0,0.0,0.0,0.0,0.0,0.0,0.0,0.0,0.0,0.0,0.0,0.0,0.0,0.0,0.0,0.0,0.0,0.0,0.0,0.0,0.0,0.0
carbon_pipeline,BE-NO,0.0,0.0,0.0,0.0,0.0,0.0,0.0,0.0,0.0,0.0,0.0,0.0,0.0,0.0,0.0,0.0,0.0,0.0,0.0,0.0,0.0,0.0,0.0,0.0,0.0,0.0,0.0,0.0,0.0,0.0
carbon_pipeline,BE-UK,0.0,0.0,0.0,0.0,0.0,0.0,0.0,0.0,0.0,0.0,0.0,0.0,0.0,0.0,0.0,0.0,0.0,0.0,0.0,0.0,0.0,0.0,0.0,0.0,0.0,0.0,0.0,0.0,0.0,0.0
carbon_pipeline,BG-EL,0.0,0.0,0.0,0.0,0.0,0.0,0.0,0.0,0.0,0.0,0.0,0.0,0.0,0.0,0.0,0.0,0.0,0.0,0.0,0.0,0.0,0.0,0.0,0.0,0.0,0.0,0.0,0.0,0.0,0.0
carbon_pipeline,BG-RO,0.0,0.0,0.0,0.0,0.0,0.0,0.0,0.0,0.0,0.0,0.0,0.0,0.0,0.0,0.0,0.0,0.0,0.0,0.0,0.0,0.0,0.0,0.0,0.0,0.0,0.0,0.0,0.0,0.0,0.0
carbon_pipeline,CH-AT,0.0,0.0,0.0,0.0,0.0,0.0,0.0,0.0,0.0,0.0,0.0,0.0,0.0,0.0,0.0,0.0,0.0,0.0,0.0,0.0,0.0,0.0,0.0,0.0,0.0,0.0,0.0,0.0,0.0,0.0
carbon_pipeline,CH-DE,0.0,0.0,0.0,0.0,0.0,0.0,0.0,0.0,0.0,0.0,0.0,0.0,0.0,0.0,0.0,0.0,0.0,0.0,0.0,0.0,0.0,0.0,0.0,0.0,0.0,0.0,0.0,0.0,0.0,0.0
carbon_pipeline,CH-FR,0.0,0.0,0.0,0.0,0.0,0.0,0.0,0.0,0.0,0.0,0.0,0.0,0.0,0.0,0.0,0.0,0.0,0.0,0.0,0.0,0.0,0.0,0.0,0.0,0.0,0.0,0.0,0.0,0.0,0.0
carbon_pipeline,CH-IT,0.0,0.0,0.0,0.0,0.0,0.0,0.0,0.0,0.0,0.0,0.0,0.0,0.0,0.0,0.0,0.0,0.0,0.0,0.0,0.0,0.0,0.0,0.0,0.0,0.0,0.0,0.0,0.0,0.0,0.0
carbon_pipeline,CZ-AT,0.0,0.0,0.0,0.0,0.0,0.0,0.0,0.0,0.0,0.0,0.0,0.0,0.0,0.0,0.0,0.0,0.0,0.0,0.0,0.0,0.0,0.0,0.0,0.0,0.0,0.0,0.0,0.0,0.0,0.0
carbon_pipeline,CZ-DE,0.0,0.0,0.0,0.0,0.0,0.0,0.0,0.0,0.0,0.0,0.0,0.0,0.0,0.0,0.0,0.0,0.0,0.0,0.0,0.0,0.0,0.0,0.0,0.0,0.0,0.0,0.0,0.0,0.0,0.0
carbon_pipeline,CZ-PL,0.0,0.0,0.0,0.0,0.0,0.0,0.0,0.0,0.0,0.0,0.0,0.0,0.0,0.0,0.0,0.0,0.0,0.0,0.0,0.0,0.0,0.0,0.0,0.0,0.0,0.0,0.0,0.0,0.0,0.0
carbon_pipeline,CZ-SK,0.0,0.0,0.0,0.0,0.0,0.0,0.0,0.0,0.0,0.0,0.0,0.0,0.0,0.0,0.0,0.0,0.0,0.0,0.0,0.0,0.0,0.0,0.0,0.0,0.0,0.0,0.0,0.0,0.0,0.0
carbon_pipeline,DE-AT,0.0,0.0,0.0,0.0,0.0,0.0,0.0,0.0,0.0,0.0,0.0,0.0,0.0,0.0,0.0,0.0,0.0,0.0,0.0,0.0,0.0,0.0,0.0,0.0,0.0,0.0,0.0,0.0,0.0,0.0
carbon_pipeline,DE-BE,0.0,0.0,0.0,0.0,0.0,0.0,0.0,0.0,0.0,0.0,0.0,0.0,0.0,0.0,0.0,0.0,0.0,0.0,0.0,0.0,0.0,0.0,0.0,0.0,0.0,0.0,0.0,0.0,0.0,0.0
carbon_pipeline,DE-CH,0.0,0.0,0.0,0.0,0.0,0.0,0.0,0.0,0.0,0.0,0.0,0.0,0.0,0.0,0.0,0.0,0.0,0.0,0.0,0.0,0.0,0.0,0.0,0.0,0.0,0.0,0.0,0.0,0.0,0.0
carbon_pipeline,DE-CZ,0.0,0.0,0.0,0.0,0.0,0.0,0.0,0.0,0.0,0.0,0.0,0.0,0.0,0.0,0.0,0.0,0.0,0.0,0.0,0.0,0.0,0.0,0.0,0.0,0.0,0.0,0.0,0.0,0.0,0.0
carbon_pipeline,DE-DK,0.0,0.0,0.0,0.0,0.0,0.0,0.0,0.0,0.0,0.0,0.0,0.0,0.0,0.0,0.0,0.0,0.0,0.0,0.0,0.0,0.0,0.0,0.0,0.0,0.0,0.0,0.0,0.0,0.0,0.0
carbon_pipeline,DE-FR,0.0,0.0,0.0,0.0,0.0,0.0,0.0,0.0,0.0,0.0,0.0,0.0,0.0,0.0,0.0,0.0,0.0,0.0,0.0,0.0,0.0,0.0,0.0,0.0,0.0,0.0,0.0,0.0,0.0,0.0
carbon_pipeline,DE-LU,0.0,0.0,0.0,0.0,0.0,0.0,0.0,0.0,0.0,0.0,0.0,0.0,0.0,0.0,0.0,0.0,0.0,0.0,0.0,0.0,0.0,0.0,0.0,0.0,0.0,0.0,0.0,0.0,0.0,0.0
carbon_pipeline,DE-NL,0.0,0.0,0.0,0.0,0.0,0.0,0.0,0.0,0.0,0.0,0.0,0.0,0.0,0.0,0.0,0.0,0.0,0.0,0.0,0.0,0.0,0.0,0.0,0.0,0.0,0.0,0.0,0.0,0.0,0.0
carbon_pipeline,DE-NO,0.0,0.0,0.0,0.0,0.0,0.0,0.0,0.0,0.0,0.0,0.0,0.0,0.0,0.0,0.0,0.0,0.0,0.0,0.0,0.0,0.0,0.0,0.0,0.0,0.0,0.0,0.0,0.0,0.0,0.0
carbon_pipeline,DE-PL,0.0,0.0,0.0,0.0,0.0,0.0,0.0,0.0,0.0,0.0,0.0,0.0,0.0,0.0,0.0,0.0,0.0,0.0,0.0,0.0,0.0,0.0,0.0,0.0,0.0,0.0,0.0,0.0,0.0,0.0
carbon_pipeline,DE-SE,0.0,0.0,0.0,0.0,0.0,0.0,0.0,0.0,0.0,0.0,0.0,0.0,0.0,0.0,0.0,0.0,0.0,0.0,0.0,0.0,0.0,0.0,0.0,0.0,0.0,0.0,0.0,0.0,0.0,0.0
carbon_pipeline,DE-UK,0.0,0.0,0.0,0.0,0.0,0.0,0.0,0.0,0.0,0.0,0.0,0.0,0.0,0.0,0.0,0.0,0.0,0.0,0.0,0.0,0.0,0.0,0.0,0.0,0.0,0.0,0.0,0.0,0.0,0.0
carbon_pipeline,DK-DE,0.0,0.0,0.0,0.0,0.0,0.0,0.0,0.0,0.0,0.0,0.0,0.0,0.0,0.0,0.0,0.0,0.0,0.0,0.0,0.0,0.0,0.0,0.0,0.0,0.0,0.0,0.0,0.0,0.0,0.0
carbon_pipeline,DK-NL,0.0,0.0,0.0,0.0,0.0,0.0,0.0,0.0,0.0,0.0,0.0,0.0,0.0,0.0,0.0,0.0,0.0,0.0,0.0,0.0,0.0,0.0,0.0,0.0,0.0,0.0,0.0,0.0,0.0,0.0
carbon_pipeline,DK-NO,0.0,0.0,0.0,0.0,0.0,0.0,0.0,0.0,0.0,0.0,0.0,0.0,0.0,0.0,0.0,0.0,0.0,0.0,0.0,0.0,0.0,0.0,0.0,0.0,0.0,0.0,0.0,0.0,0.0,0.0
carbon_pipeline,DK-SE,0.0,0.0,0.0,0.0,0.0,0.0,0.0,0.0,0.0,0.0,0.0,0.0,0.0,0.0,0.0,0.0,0.0,0.0,0.0,0.0,0.0,0.0,0.0,0.0,0.0,0.0,0.0,0.0,0.0,0.0
carbon_pipeline,DK-UK,0.0,0.0,0.0,0.0,0.0,0.0,0.0,0.0,0.0,0.0,0.0,0.0,0.0,0.0,0.0,0.0,0.0,0.0,0.0,0.0,0.0,0.0,0.0,0.0,0.0,0.0,0.0,0.0,0.0,0.0
carbon_pipeline,EE-FI,0.0,0.0,0.0,0.0,0.0,0.0,0.0,0.0,0.0,0.0,0.0,0.0,0.0,0.0,0.0,0.0,0.0,0.0,0.0,0.0,0.0,0.0,0.0,0.0,0.0,0.0,0.0,0.0,0.0,0.0
carbon_pipeline,EE-LV,0.0,0.0,0.0,0.0,0.0,0.0,0.0,0.0,0.0,0.0,0.0,0.0,0.0,0.0,0.0,0.0,0.0,0.0,0.0,0.0,0.0,0.0,0.0,0.0,0.0,0.0,0.0,0.0,0.0,0.0
carbon_pipeline,EL-BG,0.0,0.0,0.0,0.0,0.0,0.0,0.0,0.0,0.0,0.0,0.0,0.0,0.0,0.0,0.0,0.0,0.0,0.0,0.0,0.0,0.0,0.0,0.0,0.0,0.0,0.0,0.0,0.0,0.0,0.0
carbon_pipeline,EL-IT,0.0,0.0,0.0,0.0,0.0,0.0,0.0,0.0,0.0,0.0,0.0,0.0,0.0,0.0,0.0,0.0,0.0,0.0,0.0,0.0,0.0,0.0,0.0,0.0,0.0,0.0,0.0,0.0,0.0,0.0
carbon_pipeline,ES-FR,0.0,0.0,0.0,0.0,0.0,0.0,0.0,0.0,0.0,0.0,0.0,0.0,0.0,0.0,0.0,0.0,0.0,0.0,0.0,0.0,0.0,0.0,0.0,0.0,0.0,0.0,0.0,0.0,0.0,0.0
carbon_pipeline,ES-PT,0.0,0.0,0.0,0.0,0.0,0.0,0.0,0.0,0.0,0.0,0.0,0.0,0.0,0.0,0.0,0.0,0.0,0.0,0.0,0.0,0.0,0.0,0.0,0.0,0.0,0.0,0.0,0.0,0.0,0.0
carbon_pipeline,FI-EE,0.0,0.0,0.0,0.0,0.0,0.0,0.0,0.0,0.0,0.0,0.0,0.0,0.0,0.0,0.0,0.0,0.0,0.0,0.0,0.0,0.0,0.0,0.0,0.0,0.0,0.0,0.0,0.0,0.0,0.0
carbon_pipeline,FI-NO,0.0,0.0,0.0,0.0,0.0,0.0,0.0,0.0,0.0,0.0,0.0,0.0,0.0,0.0,0.0,0.0,0.0,0.0,0.0,0.0,0.0,0.0,0.0,0.0,0.0,0.0,0.0,0.0,0.0,0.0
carbon_pipeline,FI-SE,0.0,0.0,0.0,0.0,0.0,0.0,0.0,0.0,0.0,0.0,0.0,0.0,0.0,0.0,0.0,0.0,0.0,0.0,0.0,0.0,0.0,0.0,0.0,0.0,0.0,0.0,0.0,0.0,0.0,0.0
carbon_pipeline,FR-BE,0.0,0.0,0.0,0.0,0.0,0.0,0.0,0.0,0.0,0.0,0.0,0.0,0.0,0.0,0.0,0.0,0.0,0.0,0.0,0.0,0.0,0.0,0.0,0.0,0.0,0.0,0.0,0.0,0.0,0.0
carbon_pipeline,FR-CH,0.0,0.0,0.0,0.0,0.0,0.0,0.0,0.0,0.0,0.0,0.0,0.0,0.0,0.0,0.0,0.0,0.0,0.0,0.0,0.0,0.0,0.0,0.0,0.0,0.0,0.0,0.0,0.0,0.0,0.0
carbon_pipeline,FR-DE,0.0,0.0,0.0,0.0,0.0,0.0,0.0,0.0,0.0,0.0,0.0,0.0,0.0,0.0,0.0,0.0,0.0,0.0,0.0,0.0,0.0,0.0,0.0,0.0,0.0,0.0,0.0,0.0,0.0,0.0
carbon_pipeline,FR-ES,0.0,0.0,0.0,0.0,0.0,0.0,0.0,0.0,0.0,0.0,0.0,0.0,0.0,0.0,0.0,0.0,0.0,0.0,0.0,0.0,0.0,0.0,0.0,0.0,0.0,0.0,0.0,0.0,0.0,0.0
carbon_pipeline,FR-IT,0.0,0.0,0.0,0.0,0.0,0.0,0.0,0.0,0.0,0.0,0.0,0.0,0.0,0.0,0.0,0.0,0.0,0.0,0.0,0.0,0.0,0.0,0.0,0.0,0.0,0.0,0.0,0.0,0.0,0.0
carbon_pipeline,FR-LU,0.0,0.0,0.0,0.0,0.0,0.0,0.0,0.0,0.0,0.0,0.0,0.0,0.0,0.0,0.0,0.0,0.0,0.0,0.0,0.0,0.0,0.0,0.0,0.0,0.0,0.0,0.0,0.0,0.0,0.0
carbon_pipeline,FR-NO,0.0,0.0,0.0,0.0,0.0,0.0,0.0,0.0,0.0,0.0,0.0,0.0,0.0,0.0,0.0,0.0,0.0,0.0,0.0,0.0,0.0,0.0,0.0,0.0,0.0,0.0,0.0,0.0,0.0,0.0
carbon_pipeline,FR-UK,0.0,0.0,0.0,0.0,0.0,0.0,0.0,0.0,0.0,0.0,0.0,0.0,0.0,0.0,0.0,0.0,0.0,0.0,0.0,0.0,0.0,0.0,0.0,0.0,0.0,0.0,0.0,0.0,0.0,0.0
carbon_pipeline,HR-HU,0.0,0.0,0.0,0.0,0.0,0.0,0.0,0.0,0.0,0.0,0.0,0.0,0.0,0.0,0.0,0.0,0.0,0.0,0.0,0.0,0.0,0.0,0.0,0.0,0.0,0.0,0.0,0.0,0.0,0.0
carbon_pipeline,HR-SI,0.0,0.0,0.0,0.0,0.0,0.0,0.0,0.0,0.0,0.0,0.0,0.0,0.0,0.0,0.0,0.0,0.0,0.0,0.0,0.0,0.0,0.0,0.0,0.0,0.0,0.0,0.0,0.0,0.0,0.0
carbon_pipeline,HU-AT,0.0,0.0,0.0,0.0,0.0,0.0,0.0,0.0,0.0,0.0,0.0,0.0,0.0,0.0,0.0,0.0,0.0,0.0,0.0,0.0,0.0,0.0,0.0,0.0,0.0,0.0,0.0,0.0,0.0,0.0
carbon_pipeline,HU-HR,0.0,0.0,0.0,0.0,0.0,0.0,0.0,0.0,0.0,0.0,0.0,0.0,0.0,0.0,0.0,0.0,0.0,0.0,0.0,0.0,0.0,0.0,0.0,0.0,0.0,0.0,0.0,0.0,0.0,0.0
carbon_pipeline,HU-RO,0.0,0.0,0.0,0.0,0.0,0.0,0.0,0.0,0.0,0.0,0.0,0.0,0.0,0.0,0.0,0.0,0.0,0.0,0.0,0.0,0.0,0.0,0.0,0.0,0.0,0.0,0.0,0.0,0.0,0.0
carbon_pipeline,HU-SI,0.0,0.0,0.0,0.0,0.0,0.0,0.0,0.0,0.0,0.0,0.0,0.0,0.0,0.0,0.0,0.0,0.0,0.0,0.0,0.0,0.0,0.0,0.0,0.0,0.0,0.0,0.0,0.0,0.0,0.0
carbon_pipeline,HU-SK,0.0,0.0,0.0,0.0,0.0,0.0,0.0,0.0,0.0,0.0,0.0,0.0,0.0,0.0,0.0,0.0,0.0,0.0,0.0,0.0,0.0,0.0,0.0,0.0,0.0,0.0,0.0,0.0,0.0,0.0
carbon_pipeline,IE-UK,0.0,0.0,0.0,0.0,0.0,0.0,0.0,0.0,0.0,0.0,0.0,0.0,0.0,0.0,0.0,0.0,0.0,0.0,0.0,0.0,0.0,0.0,0.0,0.0,0.0,0.0,0.0,0.0,0.0,0.0
carbon_pipeline,IT-AT,0.0,0.0,0.0,0.0,0.0,0.0,0.0,0.0,0.0,0.0,0.0,0.0,0.0,0.0,0.0,0.0,0.0,0.0,0.0,0.0,0.0,0.0,0.0,0.0,0.0,0.0,0.0,0.0,0.0,0.0
carbon_pipeline,IT-CH,0.0,0.0,0.0,0.0,0.0,0.0,0.0,0.0,0.0,0.0,0.0,0.0,0.0,0.0,0.0,0.0,0.0,0.0,0.0,0.0,0.0,0.0,0.0,0.0,0.0,0.0,0.0,0.0,0.0,0.0
carbon_pipeline,IT-EL,0.0,0.0,0.0,0.0,0.0,0.0,0.0,0.0,0.0,0.0,0.0,0.0,0.0,0.0,0.0,0.0,0.0,0.0,0.0,0.0,0.0,0.0,0.0,0.0,0.0,0.0,0.0,0.0,0.0,0.0
carbon_pipeline,IT-FR,0.0,0.0,0.0,0.0,0.0,0.0,0.0,0.0,0.0,0.0,0.0,0.0,0.0,0.0,0.0,0.0,0.0,0.0,0.0,0.0,0.0,0.0,0.0,0.0,0.0,0.0,0.0,0.0,0.0,0.0
carbon_pipeline,IT-SI,0.0,0.0,0.0,0.0,0.0,0.0,0.0,0.0,0.0,0.0,0.0,0.0,0.0,0.0,0.0,0.0,0.0,0.0,0.0,0.0,0.0,0.0,0.0,0.0,0.0,0.0,0.0,0.0,0.0,0.0
carbon_pipeline,LT-LV,0.0,0.0,0.0,0.0,0.0,0.0,0.0,0.0,0.0,0.0,0.0,0.0,0.0,0.0,0.0,0.0,0.0,0.0,0.0,0.0,0.0,0.0,0.0,0.0,0.0,0.0,0.0,0.0,0.0,0.0
carbon_pipeline,LT-PL,0.0,0.0,0.0,0.0,0.0,0.0,0.0,0.0,0.0,0.0,0.0,0.0,0.0,0.0,0.0,0.0,0.0,0.0,0.0,0.0,0.0,0.0,0.0,0.0,0.0,0.0,0.0,0.0,0.0,0.0
carbon_pipeline,LT-SE,0.0,0.0,0.0,0.0,0.0,0.0,0.0,0.0,0.0,0.0,0.0,0.0,0.0,0.0,0.0,0.0,0.0,0.0,0.0,0.0,0.0,0.0,0.0,0.0,0.0,0.0,0.0,0.0,0.0,0.0
carbon_pipeline,LU-BE,0.0,0.0,0.0,0.0,0.0,0.0,0.0,0.0,0.0,0.0,0.0,0.0,0.0,0.0,0.0,0.0,0.0,0.0,0.0,0.0,0.0,0.0,0.0,0.0,0.0,0.0,0.0,0.0,0.0,0.0
carbon_pipeline,LU-DE,0.0,0.0,0.0,0.0,0.0,0.0,0.0,0.0,0.0,0.0,0.0,0.0,0.0,0.0,0.0,0.0,0.0,0.0,0.0,0.0,0.0,0.0,0.0,0.0,0.0,0.0,0.0,0.0,0.0,0.0
carbon_pipeline,LU-FR,0.0,0.0,0.0,0.0,0.0,0.0,0.0,0.0,0.0,0.0,0.0,0.0,0.0,0.0,0.0,0.0,0.0,0.0,0.0,0.0,0.0,0.0,0.0,0.0,0.0,0.0,0.0,0.0,0.0,0.0
carbon_pipeline,LV-EE,0.0,0.0,0.0,0.0,0.0,0.0,0.0,0.0,0.0,0.0,0.0,0.0,0.0,0.0,0.0,0.0,0.0,0.0,0.0,0.0,0.0,0.0,0.0,0.0,0.0,0.0,0.0,0.0,0.0,0.0
carbon_pipeline,LV-LT,0.0,0.0,0.0,0.0,0.0,0.0,0.0,0.0,0.0,0.0,0.0,0.0,0.0,0.0,0.0,0.0,0.0,0.0,0.0,0.0,0.0,0.0,0.0,0.0,0.0,0.0,0.0,0.0,0.0,0.0
carbon_pipeline,NL-BE,0.0,0.0,0.0,0.0,0.0,0.0,0.0,0.0,0.0,0.0,0.0,0.0,0.0,0.0,0.0,0.0,0.0,0.0,0.0,0.0,0.0,0.0,0.0,0.0,0.0,0.0,0.0,0.0,0.0,0.0
carbon_pipeline,NL-DE,0.0,0.0,0.0,0.0,0.0,0.0,0.0,0.0,0.0,0.0,0.0,0.0,0.0,0.0,0.0,0.0,0.0,0.0,0.0,0.0,0.0,0.0,0.0,0.0,0.0,0.0,0.0,0.0,0.0,0.0
carbon_pipeline,NL-DK,0.0,0.0,0.0,0.0,0.0,0.0,0.0,0.0,0.0,0.0,0.0,0.0,0.0,0.0,0.0,0.0,0.0,0.0,0.0,0.0,0.0,0.0,0.0,0.0,0.0,0.0,0.0,0.0,0.0,0.0
carbon_pipeline,NL-NO,0.0,0.0,0.0,0.0,0.0,0.0,0.0,0.0,0.0,0.0,0.0,0.0,0.0,0.0,0.0,0.0,0.0,0.0,0.0,0.0,0.0,0.0,0.0,0.0,0.0,0.0,0.0,0.0,0.0,0.0
carbon_pipeline,NL-UK,0.0,0.0,0.0,0.0,0.0,0.0,0.0,0.0,0.0,0.0,0.0,0.0,0.0,0.0,0.0,0.0,0.0,0.0,0.0,0.0,0.0,0.0,0.0,0.0,0.0,0.0,0.0,0.0,0.0,0.0
carbon_pipeline,NO-BE,0.0,0.0,0.0,0.0,0.0,0.0,0.0,0.0,0.0,0.0,0.0,0.0,0.0,0.0,0.0,0.0,0.0,0.0,0.0,0.0,0.0,0.0,0.0,0.0,0.0,0.0,0.0,0.0,0.0,0.0
carbon_pipeline,NO-DE,0.0,0.0,0.0,0.0,0.0,0.0,0.0,0.0,0.0,0.0,0.0,0.0,0.0,0.0,0.0,0.0,0.0,0.0,0.0,0.0,0.0,0.0,0.0,0.0,0.0,0.0,0.0,0.0,0.0,0.0
carbon_pipeline,NO-DK,0.0,0.0,0.0,0.0,0.0,0.0,0.0,0.0,0.0,0.0,0.0,0.0,0.0,0.0,0.0,0.0,0.0,0.0,0.0,0.0,0.0,0.0,0.0,0.0,0.0,0.0,0.0,0.0,0.0,0.0
carbon_pipeline,NO-FI,0.0,0.0,0.0,0.0,0.0,0.0,0.0,0.0,0.0,0.0,0.0,0.0,0.0,0.0,0.0,0.0,0.0,0.0,0.0,0.0,0.0,0.0,0.0,0.0,0.0,0.0,0.0,0.0,0.0,0.0
carbon_pipeline,NO-FR,0.0,0.0,0.0,0.0,0.0,0.0,0.0,0.0,0.0,0.0,0.0,0.0,0.0,0.0,0.0,0.0,0.0,0.0,0.0,0.0,0.0,0.0,0.0,0.0,0.0,0.0,0.0,0.0,0.0,0.0
carbon_pipeline,NO-NL,0.0,0.0,0.0,0.0,0.0,0.0,0.0,0.0,0.0,0.0,0.0,0.0,0.0,0.0,0.0,0.0,0.0,0.0,0.0,0.0,0.0,0.0,0.0,0.0,0.0,0.0,0.0,0.0,0.0,0.0
carbon_pipeline,NO-SE,0.0,0.0,0.0,0.0,0.0,0.0,0.0,0.0,0.0,0.0,0.0,0.0,0.0,0.0,0.0,0.0,0.0,0.0,0.0,0.0,0.0,0.0,0.0,0.0,0.0,0.0,0.0,0.0,0.0,0.0
carbon_pipeline,NO-UK,0.0,0.0,0.0,0.0,0.0,0.0,0.0,0.0,0.0,0.0,0.0,0.0,0.0,0.0,0.0,0.0,0.0,0.0,0.0,0.0,0.0,0.0,0.0,0.0,0.0,0.0,0.0,0.0,0.0,0.0
carbon_pipeline,PL-CZ,0.0,0.0,0.0,0.0,0.0,0.0,0.0,0.0,0.0,0.0,0.0,0.0,0.0,0.0,0.0,0.0,0.0,0.0,0.0,0.0,0.0,0.0,0.0,0.0,0.0,0.0,0.0,0.0,0.0,0.0
carbon_pipeline,PL-DE,0.0,0.0,0.0,0.0,0.0,0.0,0.0,0.0,0.0,0.0,0.0,0.0,0.0,0.0,0.0,0.0,0.0,0.0,0.0,0.0,0.0,0.0,0.0,0.0,0.0,0.0,0.0,0.0,0.0,0.0
carbon_pipeline,PL-LT,0.0,0.0,0.0,0.0,0.0,0.0,0.0,0.0,0.0,0.0,0.0,0.0,0.0,0.0,0.0,0.0,0.0,0.0,0.0,0.0,0.0,0.0,0.0,0.0,0.0,0.0,0.0,0.0,0.0,0.0
carbon_pipeline,PL-SE,0.0,0.0,0.0,0.0,0.0,0.0,0.0,0.0,0.0,0.0,0.0,0.0,0.0,0.0,0.0,0.0,0.0,0.0,0.0,0.0,0.0,0.0,0.0,0.0,0.0,0.0,0.0,0.0,0.0,0.0
carbon_pipeline,PL-SK,0.0,0.0,0.0,0.0,0.0,0.0,0.0,0.0,0.0,0.0,0.0,0.0,0.0,0.0,0.0,0.0,0.0,0.0,0.0,0.0,0.0,0.0,0.0,0.0,0.0,0.0,0.0,0.0,0.0,0.0
carbon_pipeline,PT-ES,0.0,0.0,0.0,0.0,0.0,0.0,0.0,0.0,0.0,0.0,0.0,0.0,0.0,0.0,0.0,0.0,0.0,0.0,0.0,0.0,0.0,0.0,0.0,0.0,0.0,0.0,0.0,0.0,0.0,0.0
carbon_pipeline,RO-BG,0.0,0.0,0.0,0.0,0.0,0.0,0.0,0.0,0.0,0.0,0.0,0.0,0.0,0.0,0.0,0.0,0.0,0.0,0.0,0.0,0.0,0.0,0.0,0.0,0.0,0.0,0.0,0.0,0.0,0.0
carbon_pipeline,RO-HU,0.0,0.0,0.0,0.0,0.0,0.0,0.0,0.0,0.0,0.0,0.0,0.0,0.0,0.0,0.0,0.0,0.0,0.0,0.0,0.0,0.0,0.0,0.0,0.0,0.0,0.0,0.0,0.0,0.0,0.0
carbon_pipeline,SE-DE,0.0,0.0,0.0,0.0,0.0,0.0,0.0,0.0,0.0,0.0,0.0,0.0,0.0,0.0,0.0,0.0,0.0,0.0,0.0,0.0,0.0,0.0,0.0,0.0,0.0,0.0,0.0,0.0,0.0,0.0
carbon_pipeline,SE-DK,0.0,0.0,0.0,0.0,0.0,0.0,0.0,0.0,0.0,0.0,0.0,0.0,0.0,0.0,0.0,0.0,0.0,0.0,0.0,0.0,0.0,0.0,0.0,0.0,0.0,0.0,0.0,0.0,0.0,0.0
carbon_pipeline,SE-FI,0.0,0.0,0.0,0.0,0.0,0.0,0.0,0.0,0.0,0.0,0.0,0.0,0.0,0.0,0.0,0.0,0.0,0.0,0.0,0.0,0.0,0.0,0.0,0.0,0.0,0.0,0.0,0.0,0.0,0.0
carbon_pipeline,SE-LT,0.0,0.0,0.0,0.0,0.0,0.0,0.0,0.0,0.0,0.0,0.0,0.0,0.0,0.0,0.0,0.0,0.0,0.0,0.0,0.0,0.0,0.0,0.0,0.0,0.0,0.0,0.0,0.0,0.0,0.0
carbon_pipeline,SE-NO,0.0,0.0,0.0,0.0,0.0,0.0,0.0,0.0,0.0,0.0,0.0,0.0,0.0,0.0,0.0,0.0,0.0,0.0,0.0,0.0,0.0,0.0,0.0,0.0,0.0,0.0,0.0,0.0,0.0,0.0
carbon_pipeline,SE-PL,0.0,0.0,0.0,0.0,0.0,0.0,0.0,0.0,0.0,0.0,0.0,0.0,0.0,0.0,0.0,0.0,0.0,0.0,0.0,0.0,0.0,0.0,0.0,0.0,0.0,0.0,0.0,0.0,0.0,0.0
carbon_pipeline,SI-AT,0.0,0.0,0.0,0.0,0.0,0.0,0.0,0.0,0.0,0.0,0.0,0.0,0.0,0.0,0.0,0.0,0.0,0.0,0.0,0.0,0.0,0.0,0.0,0.0,0.0,0.0,0.0,0.0,0.0,0.0
carbon_pipeline,SI-HR,0.0,0.0,0.0,0.0,0.0,0.0,0.0,0.0,0.0,0.0,0.0,0.0,0.0,0.0,0.0,0.0,0.0,0.0,0.0,0.0,0.0,0.0,0.0,0.0,0.0,0.0,0.0,0.0,0.0,0.0
carbon_pipeline,SI-HU,0.0,0.0,0.0,0.0,0.0,0.0,0.0,0.0,0.0,0.0,0.0,0.0,0.0,0.0,0.0,0.0,0.0,0.0,0.0,0.0,0.0,0.0,0.0,0.0,0.0,0.0,0.0,0.0,0.0,0.0
carbon_pipeline,SI-IT,0.0,0.0,0.0,0.0,0.0,0.0,0.0,0.0,0.0,0.0,0.0,0.0,0.0,0.0,0.0,0.0,0.0,0.0,0.0,0.0,0.0,0.0,0.0,0.0,0.0,0.0,0.0,0.0,0.0,0.0
carbon_pipeline,SK-AT,0.0,0.0,0.0,0.0,0.0,0.0,0.0,0.0,0.0,0.0,0.0,0.0,0.0,0.0,0.0,0.0,0.0,0.0,0.0,0.0,0.0,0.0,0.0,0.0,0.0,0.0,0.0,0.0,0.0,0.0
carbon_pipeline,SK-CZ,0.0,0.0,0.0,0.0,0.0,0.0,0.0,0.0,0.0,0.0,0.0,0.0,0.0,0.0,0.0,0.0,0.0,0.0,0.0,0.0,0.0,0.0,0.0,0.0,0.0,0.0,0.0,0.0,0.0,0.0
carbon_pipeline,SK-HU,0.0,0.0,0.0,0.0,0.0,0.0,0.0,0.0,0.0,0.0,0.0,0.0,0.0,0.0,0.0,0.0,0.0,0.0,0.0,0.0,0.0,0.0,0.0,0.0,0.0,0.0,0.0,0.0,0.0,0.0
carbon_pipeline,SK-PL,0.0,0.0,0.0,0.0,0.0,0.0,0.0,0.0,0.0,0.0,0.0,0.0,0.0,0.0,0.0,0.0,0.0,0.0,0.0,0.0,0.0,0.0,0.0,0.0,0.0,0.0,0.0,0.0,0.0,0.0
carbon_pipeline,UK-BE,0.0,0.0,0.0,0.0,0.0,0.0,0.0,0.0,0.0,0.0,0.0,0.0,0.0,0.0,0.0,0.0,0.0,0.0,0.0,0.0,0.0,0.0,0.0,0.0,0.0,0.0,0.0,0.0,0.0,0.0
carbon_pipeline,UK-DE,0.0,0.0,0.0,0.0,0.0,0.0,0.0,0.0,0.0,0.0,0.0,0.0,0.0,0.0,0.0,0.0,0.0,0.0,0.0,0.0,0.0,0.0,0.0,0.0,0.0,0.0,0.0,0.0,0.0,0.0
carbon_pipeline,UK-DK,0.0,0.0,0.0,0.0,0.0,0.0,0.0,0.0,0.0,0.0,0.0,0.0,0.0,0.0,0.0,0.0,0.0,0.0,0.0,0.0,0.0,0.0,0.0,0.0,0.0,0.0,0.0,0.0,0.0,0.0
carbon_pipeline,UK-FR,0.0,0.0,0.0,0.0,0.0,0.0,0.0,0.0,0.0,0.0,0.0,0.0,0.0,0.0,0.0,0.0,0.0,0.0,0.0,0.0,0.0,0.0,0.0,0.0,0.0,0.0,0.0,0.0,0.0,0.0
carbon_pipeline,UK-IE,0.0,0.0,0.0,0.0,0.0,0.0,0.0,0.0,0.0,0.0,0.0,0.0,0.0,0.0,0.0,0.0,0.0,0.0,0.0,0.0,0.0,0.0,0.0,0.0,0.0,0.0,0.0,0.0,0.0,0.0
carbon_pipeline,UK-NL,0.0,0.0,0.0,0.0,0.0,0.0,0.0,0.0,0.0,0.0,0.0,0.0,0.0,0.0,0.0,0.0,0.0,0.0,0.0,0.0,0.0,0.0,0.0,0.0,0.0,0.0,0.0,0.0,0.0,0.0
carbon_pipeline,UK-NO,0.0,0.0,0.0,0.0,0.0,0.0,0.0,0.0,0.0,0.0,0.0,0.0,0.0,0.0,0.0,0.0,0.0,0.0,0.0,0.0,0.0,0.0,0.0,0.0,0.0,0.0,0.0,0.0,0.0,0.0
carbon_storage,AT,0.0,0.0,0.0,0.0,0.0,0.0,0.0,0.0,0.0,0.0,0.0,0.0,0.0,0.0,0.0,0.0,0.0,0.0,0.0,0.0,0.0,0.0,0.0,0.0,0.0,0.0,0.0,0.0,0.0,0.0
carbon_storage,BE,1.595404748369527e-06,1.732964597792625e-06,1.919143407277592e-06,2.038145716998974e-06,1.9285560679467165e-06,2.1388722029972383e-06,2.116293644710274e-06,2.444185104152792e-06,2.9074534108896534e-06,5.096444944272291e-06,27.202717009208925,27.075489885380726,27.107174912637802,34.91189954690048,34.79113592353526,46.102264656224484,61.84228495676108,61.859198553273174,61.434403767696296,61.17694934622874,60.12400544415872,60.51271001569639,60.22358434936099,59.25005205762839,57.74357443309147,58.08524755003935,62.68956025081063,68.3351029488191,71.1999984046254,71.19999928294429
carbon_storage,BG,0.0,0.0,0.0,0.0,0.0,0.0,0.0,0.0,0.0,0.0,0.0,0.0,0.0,0.0,0.0,0.0,0.0,0.0,0.0,0.0,0.0,0.0,0.0,0.0,0.0,0.0,0.0,0.0,0.0,0.0
carbon_storage,CH,0.0,0.0,0.0,0.0,0.0,0.0,0.0,0.0,0.0,0.0,0.0,0.0,0.0,0.0,0.0,0.0,0.0,0.0,0.0,0.0,0.0,0.0,0.0,0.0,0.0,0.0,0.0,0.0,0.0,0.0
carbon_storage,CZ,0.0,0.0,0.0,0.0,0.0,0.0,0.0,0.0,0.0,0.0,0.0,0.0,0.0,0.0,0.0,0.0,0.0,0.0,0.0,0.0,0.0,0.0,0.0,0.0,0.0,0.0,0.0,0.0,0.0,0.0
carbon_storage,DE,1.3068329018449822e-06,1.3997035728086371e-06,1.5412977655278733e-06,1.7061760818677302e-06,1.5772825720274765e-06,1.7395444406066101e-06,1.8604221586468178e-06,2.411413515702454e-06,3.237230552733067e-06,5.282197394782773e-06,6.8578146349923086e-06,8.22977847520898e-06,1.8598427319542907e-05,13.689175637813273,13.689177390111116,14.838449257363385,15.581100251110271,15.567777762979173,15.56642387891189,15.58046074174722,15.58062526866014,15.582771335668388,15.584341218105674,15.584931918122434,15.587667629613469,15.591394737425123,15.595042885275275,15.599998966525096,15.599999401818016,15.599999559097736
carbon_storage,DK,4.6797577938484653e-07,4.813692883263763e-07,5.243727578636636e-07,1.3197320631447653e-06,1.3117089885369817e-06,4.1376371356475e-06,4.481971454612678e-06,5.738664133367998e-06,6.765970919482619e-06,8.571049661319888e-06,9.638260554579409e-06,1.063738882797498e-05,1.3699091921929204e-05,9.399652701400358e-05,5.989146747694134,7.586096213780203,19.746660009254935,103.62911192820556,107.89912693536344,107.94933332349821,107.95612107002064,107.96275909057336,107.96706336155658,107.96843605003333,107.97282975958538,107.98116151691849,107.98753054824626,107.99999893572556,107.99999938232835,107.99999954309352
carbon_storage,EE,0.0,0.0,0.0,0.0,0.0,0.0,0.0,0.0,0.0,0.0,0.0,0.0,0.0,0.0,0.0,0.0,0.0,0.0,0.0,0.0,0.0,0.0,0.0,0.0,0.0,0.0,0.0,0.0,0.0,0.0
carbon_storage,EL,6.487460675467502e-07,6.420476301505911e-07,6.60046074992709e-07,7.105597030376363e-07,3.06366553061655e-06,3.937922777877292e-06,4.665820451768882e-06,5.553929685215079e-06,5.948647860617944e-06,7.799872970831922e-06,9.250491788404867e-06,1.1198765913758633e-05,1.3197417473733035e-05,1.6656464506549193e-05,2.2717825795220416e-05,5.4858432558694866e-05,0.29198877106475035,10.421884834049047,22.13374757561485,23.995332144257958,23.995334975773442,23.99533668419501,23.999997545261664,23.999998305611822,23.999998719526996,23.99999907526038,23.99999922270365,23.99999936283448,23.999999503220206,23.99999957963605
carbon_storage,ES,0.0,0.0,0.0,0.0,0.0,0.0,0.0,0.0,0.0,0.0,0.0,0.0,0.0,0.0,0.0,0.0,0.0,0.0,0.0,0.0,0.0,0.0,0.0,0.0,0.0,0.0,0.0,0.0,0.0,0.0
carbon_storage,FI,7.384775980364147e-07,8.150323895482793e-07,9.172486467111272e-07,1.0715670142484642e-06,1.2214527538075336e-06,1.4487511151460668e-06,1.6617355346602622e-06,2.0304523315138583e-06,2.205673678101756e-06,2.4330796920830406e-06,2.733897448755916e-06,3.091752819497229e-06,3.543497096605251e-06,4.2605508518907035e-06,5.180276631982417e-06,6.424934006855267e-06,1.2208469847383035e-05,1.5999965545548385,1.5999970367630205,1.5999968103133475,1.5964089781496689,1.5947319432892106,1.5946850494967908,1.5948270429351565,1.5955482652749113,1.5945091982984934,1.5999989769351395,1.5999993024737797,1.5999995174039512,1.599999620738727
carbon_storage,FR,1.5454852692266394e-06,1.6717610492109422e-06,1.8627571736306757e-06,2.0841094910008334e-06,1.9506858688576723e-06,2.2060963267346418e-06,2.352477095746635e-06,2.7211295067467834e-06,3.0581900399482087e-06,3.7778068619189895e-06,4.856345241928129e-06,5.3647045093424315e-06,6.410354087722e-06,8.648242756784029e-06,1.334573445443909e-05,0.0361898850987007,0.8760341378316702,49.59534777947719,49.59535141415156,49.59535291154166,49.59535599252692,49.59928151282454,49.59928246246571,49.59999690459036,49.59999724399312,49.59999872972182,49.59999877336871,49.599998957645774,49.59999937867695,49.599999533525356
carbon_storage,HR,2.174836602396799e-06,2.2596725789437908e-06,2.515866549489812e-06,3.112017776183225e-06,2.719041841244515e-06,3.2080168868841996e-06,3.968993559450399e-06,5.16806824938905e-06,5.89468938632773e-06,7.27083900684844e-06,8.809559990058811e-06,1.015173685042337e-05,1.2171496164021495e-05,9.575426453584531e-05,0.8466475538984584,0.9799880022839131,0.979996939354293,0.9799979236656962,0.9799981937107456,0.9799984453566426,0.9799988368169906,0.9799988973623396,0.9799990509716463,0.9799991906849025,0.9799992248002316,0.9799993549134592,0.9799993837561366,0.9799995081804092,0.9799996188763868,0.9799996897732484
carbon_storage,HU,0.0,0.0,0.0,0.0,0.0,0.0,0.0,0.0,0.0,0.0,0.0,0.0,0.0,0.0,0.0,0.0,0.0,0.0,0.0,0.0,0.0,0.0,0.0,0.0,0.0,0.0,0.0,0.0,0.0,0.0
carbon_storage,IE,8.14772940502721e-07,8.955930205428736e-07,9.988726535062518e-07,1.1053923103967425e-06,8.507985263915517e-07,9.188991302881323e-07,1.0184148910164115e-06,1.1494293786810249e-06,1.2338095288978649e-06,1.347039448553958e-06,1.5154002377445204e-06,1.6573972849596886e-06,1.8723565261387852e-06,2.1258256730865082e-06,2.530491233776888e-06,3.2897700199935815e-06,7.73698360639368e-06,3.429500433228986e-05,2.7942940571524373,5.576246030681154,9.975456923058053,9.976285953169429,9.977447494276245,9.978328036881715,9.979931950010153,9.983159652224364,9.989594751825454,9.999996593094755,9.99999912108167,9.999999413743765
carbon_storage,IT,5.442913973365861e-07,5.452028731261801e-07,5.571496960525047e-07,5.748919321445904e-07,4.681556234346237e-06,6.6497556981211e-06,8.705857925174411e-06,1.2934346602230801e-05,1.5175363097210679e-05,1.8657620724237978e-05,2.2802423840101053e-05,3.0009487731824502e-05,3.9701146814485304e-05,6.155875087389504e-05,0.07811744799796674,0.08459183375322141,15.99998650724536,15.999992434308481,15.999994285588938,15.999995691686738,15.999997756603786,15.999997655403773,15.999998375658157,15.99999880687455,15.999998868114035,15.999999153435267,15.999999188442896,15.999999355049678,15.999999505467555,15.99999959489813
carbon_storage,LT,0.0,0.0,0.0,0.0,0.0,0.0,0.0,0.0,0.0,0.0,0.0,0.0,0.0,0.0,0.0,0.0,0.0,0.0,0.0,0.0,0.0,0.0,0.0,0.0,0.0,0.0,0.0,0.0,0.0,0.0
carbon_storage,LU,0.0,0.0,0.0,0.0,0.0,0.0,0.0,0.0,0.0,0.0,0.0,0.0,0.0,0.0,0.0,0.0,0.0,0.0,0.0,0.0,0.0,0.0,0.0,0.0,0.0,0.0,0.0,0.0,0.0,0.0
carbon_storage,LV,0.0,0.0,0.0,0.0,0.0,0.0,0.0,0.0,0.0,0.0,0.0,0.0,0.0,0.0,0.0,0.0,0.0,0.0,0.0,0.0,0.0,0.0,0.0,0.0,0.0,0.0,0.0,0.0,0.0,0.0
carbon_storage,NL,1.783275977645996e-07,5.532822442348607e-07,5.754390427501919e-07,1.596756821209466e-06,1.5222979360245813e-06,1.8325868816462819e-06,7.461280641778506e-06,1.2594248935934056e-05,2.0815413282788864e-05,5.477318018011954e-05,5.854178910028405e-05,6.0697190844958494e-05,0.00019064692293577394,8.775108768047524,51.30287606117066,68.52428300579676,72.34992575087558,72.29465461361896,72.31595584134283,72.35998836501588,72.36530220869058,72.3707000343116,72.37425917822432,72.37532933975525,72.37973012589995,72.38722686357893,72.39352234676386,72.3999975627282,72.39999923180706,72.39999947814518
carbon_storage,NO,3.1404423708267382e-06,3.378606757607065e-06,3.704053356893732e-06,4.280499417213947e-06,4.456980982034425e-06,5.0872337127032555e-06,5.702558502019863e-06,6.979340191280527e-06,7.4321201355860395e-06,8.0991685154198e-06,9.46161441888896e-06,1.0831701944423001e-05,1.2007681803769704e-05,1.5402380775290502e-05,1.9809299119076536e-05,2.8339469716638338e-05,4.645094130561287,8.799986432032401,23.644355554240057,47.569732891420216,98.57458171792356,117.13996007895453,117.14182005519868,117.15486395051396,117.19445126437742,117.25299718247284,117.2832435019521,117.2989768338602,117.2992498610048,117.31021676451358
carbon_storage,PL,0.0,0.0,0.0,0.0,0.0,0.0,0.0,0.0,0.0,0.0,0.0,0.0,0.0,0.0,0.0,0.0,0.0,0.0,0.0,0.0,0.0,0.0,0.0,0.0,0.0,0.0,0.0,0.0,0.0,0.0
carbon_storage,PT,0.0,0.0,0.0,0.0,0.0,0.0,0.0,0.0,0.0,0.0,0.0,0.0,0.0,0.0,0.0,0.0,0.0,0.0,0.0,0.0,0.0,0.0,0.0,0.0,0.0,0.0,0.0,0.0,0.0,0.0
carbon_storage,RO,0.0,0.0,0.0,0.0,0.0,0.0,0.0,0.0,0.0,0.0,0.0,0.0,0.0,0.0,0.0,0.0,0.0,0.0,0.0,0.0,0.0,0.0,0.0,0.0,0.0,0.0,0.0,0.0,0.0,0.0
carbon_storage,SE,6.953962847425586e-07,7.470515730595332e-07,8.16829956412139e-07,8.75682638208017e-07,9.484163991316037e-07,1.01521919416315e-06,1.0976298965611705e-06,1.2534496356657568e-06,1.3482608262304009e-06,1.4638977416214363e-06,1.636284167874176e-06,1.8459845608902618e-06,2.193081651601269e-06,2.717521527844397e-06,3.3916027277840866e-06,4.471199670913204e-06,8.895586139231212e-06,12.399992235755171,12.399995922652701,12.392010920097373,12.377368488401887,12.37239539051744,12.372163355081746,12.372281822542258,12.379474400293443,12.382652860159297,12.383220684588162,12.388731695841841,12.388887822214302,12.394262652528193
carbon_storage,SI,0.0,0.0,0.0,0.0,0.0,0.0,0.0,0.0,0.0,0.0,0.0,0.0,0.0,0.0,0.0,0.0,0.0,0.0,0.0,0.0,0.0,0.0,0.0,0.0,0.0,0.0,0.0,0.0,0.0,0.0
carbon_storage,SK,0.0,0.0,0.0,0.0,0.0,0.0,0.0,0.0,0.0,0.0,0.0,0.0,0.0,0.0,0.0,0.0,0.0,0.0,0.0,0.0,0.0,0.0,0.0,0.0,0.0,0.0,0.0,0.0,0.0,0.0
carbon_storage,UK,5.175488980189648e-07,5.273353937258007e-07,5.459588795358296e-07,5.459229169211515e-07,3.4348622904300464e-06,4.195481622710188e-06,3.827298922623271e-06,4.355817104830569e-06,4.801548415072862e-06,5.833154876741984e-06,8.82977778616612e-06,9.540032227818511e-06,1.0925667766006198e-05,1.4303212621776803e-05,2.4988828010074207e-05,3.320000499141254e-05,4.901227104706221e-05,34.32601503773367,76.30368373031148,83.14356706663308,83.15613684312238,83.16277440924385,83.16693672665282,83.16837610950964,83.17310407204394,83.18290171105043,83.19354892258073,83.1999973625617,83.19999921552842,83.19999946010564
hard_coal_plant_CCS,AT,1.730845252826587e-06,1.7696434167222554e-06,1.8314520912966444e-06,1.915329878303862e-06,3.0604147539891215e-06,4.43450221032801e-06,6.279603583255438e-06,8.849829695057776e-06,9.016302566858524e-06,9.103983471210635e-06,9.19910059157719e-06,9.171597605611255e-06,9.16256905874101e-06,9.144508028497631e-06,9.046622846076123e-06,9.02981372426406e-06,8.978474215063108e-06,8.924363681434304e-06,8.700132455939452e-06,8.55073648034303e-06,8.317039296146942e-06,8.180311059594296e-06,7.801202670279888e-06,7.569125916646334e-06,7.48157798804229e-06,7.348386393974068e-06,7.204998301298962e-06,7.102739927661834e-06,7.015155281463688e-06,7.029861922621935e-06
hard_coal_plant_CCS,BE,1.3296856430010754e-06,1.4665445825394344e-06,1.6034050537526087e-06,1.768001743948591e-06,2.9086255194098707e-06,4.342302059424288e-06,7.07024893314189e-06,1.1216604595310967e-05,1.1240261440251593e-05,1.1199847072159954e-05,1.1277605216977002e-05,1.1247186119873991e-05,1.1228853772311644e-05,1.1051935453575112e-05,1.1053316071337223e-05,1.1046778718065295e-05,1.105935435188237e-05,1.0990889535429389e-05,1.0864175585060527e-05,1.0733471255295575e-05,1.0619923903388452e-05,1.0255834588161678e-05,9.678801225456253e-06,9.260341832606954e-06,8.990060246825653e-06,8.897850992582274e-06,8.744358536047007e-06,8.680074349765344e-06,8.300140325608874e-06,8.254612134160522e-06
hard_coal_plant_CCS,BG,1.1920758361573391e-06,1.32324040759839e-06,1.4496519258134515e-06,1.6693745308041983e-06,2.737604358044624e-06,3.77739647170449e-06,4.6022752079027e-06,5.863754114016038e-06,6.084994663439786e-06,8.001745094584967e-06,8.008998593207812e-06,8.080510715063715e-06,8.108809416990004e-06,8.14015430899256e-06,8.148170512508608e-06,8.210859688257405e-06,8.174374857828543e-06,8.108893816465883e-06,8.024443470771706e-06,7.931111070580804e-06,7.790191247180793e-06,7.70571791981206e-06,7.239888012480939e-06,7.072146604880779e-06,7.0223280292571275e-06,6.974932683425555e-06,6.994555054820118e-06,6.926370213996681e-06,6.82974782237894e-06,6.864669599638031e-06
hard_coal_plant_CCS,CH,1.3889220316727571e-06,1.5015328989314125e-06,1.646940881806704e-06,1.8021484081027365e-06,3.2132672389577543e-06,4.6213454959971396e-06,6.487912362653618e-06,9.353409460784169e-06,9.42075319500721e-06,9.462837482977792e-06,9.449983821228137e-06,9.414062410059827e-06,9.372871875177733e-06,9.354669811004374e-06,9.314718539745628e-06,9.262793698159912e-06,9.25799230807289e-06,9.2726889619675e-06,9.037678310207871e-06,8.89638697972663e-06,8.722084680211269e-06,8.537312797457645e-06,8.137120897804079e-06,7.892087557797879e-06,7.72957484783506e-06,7.610996601759136e-06,7.5203357398981835e-06,7.406226792687187e-06,7.237547669990291e-06,7.233793207901973e-06
hard_coal_plant_CCS,CZ,1.7288122034360119e-06,1.743863622220986e-06,1.800819295599905e-06,1.8876617473327675e-06,2.8816993052067923e-06,3.989545820195145e-06,5.3444526915265985e-06,7.770534053234785e-06,7.920327642230996e-06,8.011214169925592e-06,8.03387189813193e-06,8.026336832387451e-06,8.01898294570835e-06,7.912129553663158e-06,7.88518804165006e-06,7.839367068577693e-06,7.796616636091236e-06,7.736876850674665e-06,7.554254582797931e-06,7.415009827037133e-06,7.340872019302287e-06,7.177541913493286e-06,6.897245787196602e-06,6.720373280089716e-06,6.653499597306442e-06,6.618585383917707e-06,6.4968092443067744e-06,6.456276392294407e-06,6.318678696015446e-06,6.363983502733445e-06
hard_coal_plant_CCS,DE,1.7682559714223284e-06,1.7931765341254806e-06,1.8596812641385413e-06,1.9498310641435695e-06,3.105283288458169e-06,4.677869805916057e-06,7.321665464298486e-06,1.0783710098756703e-05,1.0825378372663583e-05,1.081093844770029e-05,1.0899185400798653e-05,1.0856605074861504e-05,1.0813109325025805e-05,1.0607519925041776e-05,1.0540956047873099e-05,1.0483563112539455e-05,1.0470916162361612e-05,1.0451511983204595e-05,1.0196630664351997e-05,1.0009654784270438e-05,9.873244197839376e-06,9.694586893619197e-06,9.179100273879489e-06,8.81949983629146e-06,8.597929912454777e-06,8.493432221404095e-06,8.352430398979603e-06,8.29685199603687e-06,8.035240326016464e-06,8.033180195185022e-06
hard_coal_plant_CCS,DK,1.5866101285670291e-06,1.586976830341078e-06,1.6372088469901664e-06,1.7512800548859526e-06,2.5100141454083335e-06,3.7961122925199856e-06,5.111298858833515e-06,7.423967307080413e-06,7.615118369494608e-06,7.74149034659503e-06,7.803552667732742e-06,7.82922566042726e-06,7.82305430679224e-06,7.644464994804119e-06,7.648978050808488e-06,7.661607632052752e-06,7.524988810491724e-06,7.493843504937237e-06,7.3918257792563585e-06,7.183264908990209e-06,7.096083717522675e-06,6.8767612592817385e-06,6.659045470780303e-06,6.472922120897193e-06,6.326373144088803e-06,6.33159049388703e-06,6.2990731071165445e-06,6.27076259754456e-06,6.179269088006331e-06,6.1792813829244965e-06
hard_coal_plant_CCS,EE,1.6843226142559763e-06,1.6968173776446105e-06,1.7535959464356643e-06,1.8585437270431415e-06,2.5564852044883663e-06,3.464033991555834e-06,4.33118844001831e-06,5.596658455402235e-06,5.812974349586598e-06,6.028469113779411e-06,6.3769033401257375e-06,6.53337266163054e-06,6.626155894542618e-06,6.662974786291059e-06,6.684698412426795e-06,6.717380477608212e-06,6.687049735153074e-06,6.561898202963143e-06,6.405874401494781e-06,6.386177512236355e-06,6.380671202045334e-06,6.229408916780261e-06,6.111589008047837e-06,6.005244295901288e-06,5.945782912807655e-06,5.93494673455145e-06,5.8925422542099414e-06,5.846376534618007e-06,5.821679589972177e-06,5.9011296033778945e-06
hard_coal_plant_CCS,EL,1.1990975903387088e-06,1.3151151202421533e-06,1.41813290754002e-06,1.5798064714289277e-06,2.335882353791643e-06,3.0534538213846954e-06,3.868133369705543e-06,5.1898639345669385e-06,5.443120828035398e-06,5.9940298054222655e-06,6.86991466047094e-06,7.147240295132383e-06,7.3349133964179826e-06,7.447918004271925e-06,7.5377604880243555e-06,7.634751337003968e-06,7.597383804039306e-06,7.563221753411216e-06,7.485622907927487e-06,7.447620214678898e-06,7.282347667394232e-06,7.190159381665206e-06,6.7695528253031555e-06,6.675735206386715e-06,6.63461222610529e-06,6.623643170902079e-06,6.594534258880772e-06,6.560233479194362e-06,6.510509322096329e-06,6.589582871948358e-06
hard_coal_plant_CCS,ES,1.0946259363181872e-06,1.2194733317893801e-06,1.3337384279798223e-06,1.4581150337013794e-06,1.8013129480853972e-06,2.115382221836809e-06,2.4275257835386855e-06,2.817588852314023e-06,2.9961934657236733e-06,3.1388448359497133e-06,3.222920120216194e-06,3.3848572080942284e-06,3.5198753223292875e-06,3.664471314087343e-06,3.840968908881377e-06,4.057804678085303e-06,4.36823862802381e-06,4.682731702664344e-06,4.651933299419651e-06,4.678637244773505e-06,4.671605926300992e-06,4.7125271749184606e-06,4.670106426751471e-06,4.6641130815530976e-06,4.715005767077775e-06,4.759080964482859e-06,4.866079950916041e-06,4.991833069194775e-06,5.063640750966897e-06,5.299499394244533e-06
hard_coal_plant_CCS,FI,1.5605528463714057e-06,1.5888481457375834e-06,1.6471789534204948e-06,1.7680859394105054e-06,2.351595541193243e-06,2.9371598167379384e-06,3.367486345660691e-06,4.418771507560529e-06,4.653526284970789e-06,4.882729663983532e-06,5.2766093507420515e-06,5.626902865338138e-06,5.950840739910706e-06,6.236738658023744e-06,6.544552459003236e-06,6.7467025240432965e-06,6.950252903440949e-06,6.955164509412338e-06,6.793165525060861e-06,6.771858276777299e-06,6.82332548061327e-06,6.758172130815852e-06,6.652802734495532e-06,6.536934276408868e-06,6.4505684186627365e-06,6.439307969039057e-06,6.3082996445501795e-06,6.278342032663772e-06,6.257492138581079e-06,6.407656503148015e-06
hard_coal_plant_CCS,FR,1.2236061637722376e-06,1.3633437570861203e-06,1.5316927892093009e-06,1.7183354058428894e-06,2.608828191718169e-06,3.4325444360889965e-06,4.095485332144061e-06,5.0686898532230845e-06,5.244603077996205e-06,5.3701076367632426e-06,5.40731334755923e-06,5.719733406903299e-06,5.8799518911257375e-06,6.0121131867950325e-06,6.107524696942938e-06,6.222314946460242e-06,6.397289285656599e-06,6.360290424647149e-06,6.3319559417662724e-06,6.277155584687025e-06,6.180489700928769e-06,6.145497381797558e-06,5.9500887472820865e-06,5.84989678277276e-06,5.8028584414299856e-06,5.748509146912134e-06,5.76790740963615e-06,5.789947453748928e-06,5.702311050139987e-06,5.761878041676634e-06
hard_coal_plant_CCS,HR,1.7954188413086142e-06,1.7987322316533883e-06,1.868264063837201e-06,1.9528733395121347e-06,2.697517203486151e-06,3.994950938915489e-06,6.20608155061833e-06,9.4663302176886e-06,9.607107077653293e-06,9.710403735276993e-06,9.649094215472624e-06,9.59230654001746e-06,9.550952485672989e-06,9.554044509811976e-06,9.434504416865876e-06,9.303452517980717e-06,9.27013538622982e-06,9.25873036539437e-06,9.095225933051532e-06,8.954296830973667e-06,8.678786971951117e-06,8.396432622287414e-06,8.018860689383703e-06,7.807820806186684e-06,7.715150625914038e-06,7.609009612311817e-06,7.487378863616433e-06,7.383455722345018e-06,7.244646598273122e-06,7.233799669640795e-06
hard_coal_plant_CCS,HU,1.2521152431069493e-06,1.3681985849848749e-06,1.5036304415867938e-06,1.7059809684480826e-06,2.439279369549053e-06,3.26678303991107e-06,4.048909792979723e-06,4.905495173150282e-06,5.168515444538513e-06,5.579670224042441e-06,6.057913657881102e-06,6.258115023063452e-06,6.351707137760675e-06,6.341111648435582e-06,6.353676423667289e-06,6.387354257800162e-06,6.391553382309999e-06,6.408025776978773e-06,6.3548392548536025e-06,6.294041858676262e-06,6.187887635872793e-06,6.1217311321789036e-06,5.866320357471373e-06,5.737804152340099e-06,5.712616358970524e-06,5.696970341369956e-06,5.737172742461011e-06,5.7035267093288715e-06,5.647228990939141e-06,5.733855596245594e-06
hard_coal_plant_CCS,IE,1.1479267645303008e-06,1.2838757393914922e-06,1.4043124580269953e-06,1.5718017043153736e-06,2.1463558987283406e-06,3.11977989006151e-06,3.763120097515382e-06,4.780302635186264e-06,5.05227986246988e-06,5.299040391106594e-06,5.533863499780302e-06,5.727242339953576e-06,5.853965977469294e-06,5.951894681754269e-06,6.037683788714219e-06,6.103389402883271e-06,6.091031860343429e-06,6.1809528619835e-06,6.1107542201878985e-06,6.157964136569819e-06,6.11766502119133e-06,6.035912177393161e-06,5.859451024900418e-06,5.684658430648656e-06,5.608234037519465e-06,5.605402664171406e-06,5.636272623453536e-06,5.643716893764404e-06,5.557464545410076e-06,5.610956919016973e-06
hard_coal_plant_CCS,IT,1.3993511584464325e-06,1.5513142513443661e-06,1.6872128758893648e-06,1.789710117991958e-06,2.6360284233305975e-06,3.6788920502858323e-06,4.857539612812254e-06,8.417792560919869e-06,8.575609513798047e-06,8.664139931301425e-06,8.60144445650128e-06,8.613230754270513e-06,8.587266851275073e-06,8.585761833734247e-06,8.51129865288719e-06,8.34645411458709e-06,8.308061572579704e-06,8.250021001663593e-06,8.107290255780825e-06,7.982215279709804e-06,7.774961881057343e-06,7.613324900208468e-06,7.302451684476814e-06,7.111319431707527e-06,7.0354806612191146e-06,6.970440092796807e-06,6.926463766567896e-06,6.850195668587634e-06,6.702209507013027e-06,6.69399443179192e-06
hard_coal_plant_CCS,LT,1.6265024648515015e-06,1.6393771081169474e-06,1.6941694238719933e-06,1.798096853253218e-06,2.448885967372638e-06,3.311056838911277e-06,4.124395777699306e-06,5.229575339201585e-06,5.431623912685211e-06,5.629036034511639e-06,5.919033231123859e-06,6.047717430994766e-06,6.135018501954111e-06,6.163955200105091e-06,6.193639648824634e-06,6.220581548778709e-06,6.140914471229412e-06,6.074975552458736e-06,5.967868472901709e-06,5.975287379422388e-06,5.961762255316724e-06,5.828962105802393e-06,5.7302815228928165e-06,5.630093816909812e-06,5.5829014879927755e-06,5.580026657981441e-06,5.550396925420122e-06,5.530798045092539e-06,5.513980748519138e-06,5.611594263394649e-06
hard_coal_plant_CCS,LU,1.2667435157034853e-06,1.4122369116850116e-06,1.5873679916845058e-06,1.7793644044648221e-06,2.7714614278647457e-06,3.7184758684481382e-06,4.547126290723947e-06,5.576272669964792e-06,5.6756625607548455e-06,5.754115530351723e-06,5.826301896750675e-06,5.943988825108572e-06,6.052348860301782e-06,6.1549192366300375e-06,6.245772282305922e-06,6.366531664730023e-06,6.529067192445082e-06,6.416336242785879e-06,6.418920935004623e-06,6.371631418894755e-06,6.298882946018262e-06,6.2730378379745875e-06,6.078347363538468e-06,5.992838665231156e-06,5.981073739550095e-06,5.957596060795693e-06,5.986524468307707e-06,6.002730468341605e-06,5.8798049519588174e-06,5.916550049782946e-06
hard_coal_plant_CCS,LV,1.7328990926902965e-06,1.738584874708293e-06,1.794338829000824e-06,1.8906746992020965e-06,2.5774942521101086e-06,3.553731418227759e-06,4.452873930849776e-06,5.684057650475826e-06,5.893997605773484e-06,6.106199372514154e-06,6.284144008395487e-06,6.55880713567435e-06,6.668233468230374e-06,6.7198068960446675e-06,6.7776033004324745e-06,6.7915703642246975e-06,6.701358419968896e-06,6.597955558255073e-06,6.510667065707787e-06,6.5203423464314855e-06,6.4868472145331e-06,6.3812665872154e-06,6.264614049768303e-06,6.16303428595803e-06,6.10775004214751e-06,6.092638339200538e-06,6.054559448793398e-06,6.002767628173959e-06,5.9797258403352635e-06,6.05216017583196e-06
hard_coal_plant_CCS,NL,1.2853524418664653e-06,1.4253696853708274e-06,1.5389623439551977e-06,1.6912613399365894e-06,2.3008713264870645e-06,3.835875629773624e-06,6.00921053661693e-06,9.326563368923869e-06,9.336932935594697e-06,9.239990344495586e-06,9.183293517339067e-06,9.223537092597522e-06,9.205305239148931e-06,8.968446047841323e-06,8.876155157692193e-06,8.843126790067503e-06,8.850439386420885e-06,8.813755018744831e-06,8.593554537807154e-06,8.489566266558515e-06,8.332864750611593e-06,8.181296206691994e-06,7.806452069417009e-06,7.5334617614704815e-06,7.346966415052339e-06,7.370059427945783e-06,7.292240120862133e-06,7.273482175075598e-06,7.090460880946231e-06,7.079097767145437e-06
hard_coal_plant_CCS,NO,1.559723330677159e-06,1.5903405930695823e-06,1.6500201830180936e-06,1.7673941196575643e-06,2.4074550438688173e-06,2.9937670640321872e-06,3.482607525528913e-06,4.67940460344193e-06,4.952052173569176e-06,5.191295109128129e-06,5.5578288232366555e-06,6.115678971074773e-06,6.4778173924070676e-06,6.714155316642359e-06,6.901871431237415e-06,6.9900093968683695e-06,7.069077853206525e-06,7.0628476035510665e-06,6.9052890860315894e-06,6.934983368693651e-06,6.970023338913385e-06,6.758404181756972e-06,6.6320884548527905e-06,6.505608369557179e-06,6.398021825277539e-06,6.387605582880237e-06,6.251137595859336e-06,6.214258762659509e-06,6.176295024306791e-06,6.338269963899391e-06
hard_coal_plant_CCS,PL,1.728012973365432e-06,1.7439435966495238e-06,1.7949700181089073e-06,1.9056935999485816e-06,2.831307551121542e-06,3.882538619833652e-06,5.104049143235042e-06,7.775417196282606e-06,7.886762661596654e-06,7.962145243885567e-06,8.013134509041313e-06,8.037476768302095e-06,8.019452703497535e-06,7.986724443316594e-06,7.950961738054617e-06,7.942620332189971e-06,7.831591252425566e-06,7.827318921819797e-06,7.5759222973399106e-06,7.5730689674636355e-06,7.500990780998011e-06,7.3619349272145415e-06,7.133554034628212e-06,6.944230615837618e-06,6.87766341382982e-06,6.842467294270786e-06,6.707875567564684e-06,6.649154597598283e-06,6.530606197540204e-06,6.581631131045215e-06
hard_coal_plant_CCS,PT,1.1439177672982826e-06,1.2534097558663396e-06,1.3546641027015448e-06,1.4693054722312425e-06,1.8006081043220927e-06,2.108963684104488e-06,2.4185368553671157e-06,2.7944687320903244e-06,2.9678699283673046e-06,3.114044466207827e-06,3.1734180299628444e-06,3.4121955365188014e-06,3.5923817500257665e-06,3.7610415351063463e-06,3.946466799650623e-06,4.15848232121573e-06,4.4009556752196154e-06,4.619567967190167e-06,4.597822866428915e-06,4.6450598119073195e-06,4.672506969932536e-06,4.722432553635924e-06,4.690391392030952e-06,4.683454114011903e-06,4.727233117920676e-06,4.770369880563948e-06,4.900333499214577e-06,5.018771555906064e-06,5.102767614075627e-06,5.338424981951146e-06
hard_coal_plant_CCS,RO,1.2350484004367637e-06,1.3915674374401525e-06,1.5601942758297636e-06,1.7710571478203342e-06,2.713414429446761e-06,3.7373594436801763e-06,4.666925198473832e-06,5.705977719202688e-06,5.954249227367777e-06,6.2498022904406624e-06,6.418496248484283e-06,6.57601655151899e-06,6.654747530457723e-06,6.634993004135736e-06,6.663847617003459e-06,6.731710108450573e-06,6.719151156762205e-06,6.6830810919360186e-06,6.658940150866293e-06,6.579202895335226e-06,6.48372309104778e-06,6.40133364851657e-06,6.106889270277526e-06,5.9701884003206954e-06,5.933381028055377e-06,5.888495870376445e-06,5.911734851484772e-06,5.859005323913999e-06,5.8005748502285016e-06,5.858888446222324e-06
hard_coal_plant_CCS,SE,1.7056388107097556e-06,1.734519965887024e-06,1.8001462849828203e-06,1.9212645936677566e-06,2.5897583416836426e-06,3.270683133139828e-06,3.788809012944563e-06,5.228893528408912e-06,5.543888669793434e-06,5.784333175997614e-06,6.045961275506501e-06,6.841572908229801e-06,7.2451235851048455e-06,7.519161107790888e-06,7.757202076317209e-06,7.894181918970327e-06,7.983408380404037e-06,7.94386653352599e-06,7.807877113322706e-06,7.846306369711317e-06,7.917969347549446e-06,7.737611395923103e-06,7.6028511135160985e-06,7.470186539227888e-06,7.355116607349825e-06,7.324764059778308e-06,7.179275045664179e-06,7.118315618796641e-06,7.0515757265226166e-06,7.140964357819713e-06
hard_coal_plant_CCS,SI,1.4373929012201769e-06,1.5641646086095035e-06,1.701548838398294e-06,1.8514773609143242e-06,2.6801135562648753e-06,3.775117185737984e-06,4.781288234085221e-06,6.527925276777273e-06,7.017313522639389e-06,7.590487648351519e-06,8.651203099397173e-06,8.823170337942605e-06,8.825354587938656e-06,8.823790475194195e-06,8.738274842250062e-06,8.56114988118723e-06,8.506298278715378e-06,8.427073622524685e-06,8.373993478350145e-06,8.254869006475036e-06,8.05009876307902e-06,7.856773083994857e-06,7.550538592859915e-06,7.342380605678991e-06,7.263634498348012e-06,7.177179661407401e-06,7.061575895272547e-06,6.969563219106921e-06,6.849747744703527e-06,6.848684848472197e-06
hard_coal_plant_CCS,SK,1.7271735287213778e-06,1.7414106284551436e-06,1.7988537542464555e-06,1.920389358770648e-06,2.8774460386862984e-06,3.967715802590145e-06,4.956807665256891e-06,8.223477549619258e-06,8.358990260091528e-06,8.44399080788542e-06,8.320642616881596e-06,8.351515635309914e-06,8.325597961486301e-06,8.205655562813639e-06,8.149127247621266e-06,8.137431092866078e-06,8.022150766330962e-06,7.989834803085206e-06,7.92661481771907e-06,7.874542225317304e-06,7.76202560514803e-06,7.679585135309179e-06,7.401209344643113e-06,7.197907304221894e-06,7.12040910533722e-06,7.054552190398809e-06,6.928543252970294e-06,6.862755649180584e-06,6.748943161758254e-06,6.757067221966183e-06
hard_coal_plant_CCS,UK,1.2496542149084109e-06,1.3871719408760973e-06,1.5219505972193945e-06,1.706550962221884e-06,2.3732862547068017e-06,3.7035483554219435e-06,4.584049269622691e-06,5.971921515793016e-06,6.211614644218052e-06,6.405280543125541e-06,6.4923850294573975e-06,6.766150772623662e-06,6.847797642872356e-06,6.89988458438139e-06,6.94138955771161e-06,6.97698557397567e-06,6.972708877251828e-06,7.0240719123933816e-06,6.849942277749502e-06,6.7967459645209345e-06,6.74022236012298e-06,6.638566084791157e-06,6.409701112443713e-06,6.270404212670274e-06,6.169520534013638e-06,6.155906519541127e-06,6.199096193538695e-06,6.205568136783187e-06,6.089830648986579e-06,6.1163682687372576e-06
heat_pump,AT,52.97416446227849,55.68447115283624,55.68447115770046,53.87093772735756,45.41859170993171,41.26414423451223,33.280905744854984,30.009110264436714,26.425372179951115,25.104679712342104,25.40923248304467,28.837391196642134,30.36145386340904,44.43524706509158,55.145084601174,60.23999398559684,62.2284761843944,76.21375338818602,75.96871094115905,77.6658447735443,84.84520894080849,257.8290654901159,256.98812363533676,256.1471818621648,255.30624078624032,290.64856984337035,289.6881268734589,293.88898075190235,292.9112915540127,289.49756949181045
heat_pump,BE,48.917239642503056,51.813490608305436,51.81349061295797,50.12602738645756,46.922473242194826,42.270805628583346,35.87092046548129,34.02399193864515,33.30779116896199,43.842079016899234,82.77820346772776,100.53380099820446,113.53915891723568,147.12760361370547,146.6605648885108,165.73978005352623,167.6798271851373,188.3918750206737,193.35413507817555,196.40034615588317,215.68534348251887,433.6169658262006,432.2026714668766,430.7883797707347,429.37409869144767,519.3971474904253,517.6807357258027,515.964270973755,514.2477962452765,512.5313239504508
heat_pump,BG,85.11013445127271,85.11013447581257,85.1101344885969,82.33826523549408,80.43085998290404,78.93407236528259,77.4690728727316,76.44057303784538,74.6417393128017,72.57003291876842,68.75230985877913,68.76079986876474,68.60881600071833,68.39171454256324,68.17461306500854,68.85855298017171,68.63857298322876,69.98864083868854,80.68457568155247,84.0358905843431,83.76395302272243,128.19592338187516,127.7778108507321,127.56182377632015,127.50362209426096,127.08365566260662,126.66368014752173,126.24370466940559,125.82372836007976,125.40375735067654
heat_pump,CH,71.77540814019271,75.447639131487,75.447639137453,72.99045828837832,61.53826096772784,55.909344186006024,45.0927469544813,40.65974722562964,35.80409225872229,34.01466794595044,26.8598221222491,31.5284758509715,33.61724244320202,51.46987677318668,66.00851020227704,72.9394029876577,75.66135715816753,94.6379274369679,94.33364749793833,96.66084823566446,108.34085629400822,367.9327904422987,366.7327339742826,365.53267760405714,364.33262937114785,419.3493861959107,417.96359956877615,416.5777641273185,415.19192197254404,413.80608016707686
heat_pump,CZ,40.23476276531461,41.156788958259895,41.156788966746745,39.81639350583614,35.80242225151522,32.850513909777376,48.900172834579855,47.84422424170653,46.6772831366541,47.440671814180405,45.94435690087795,46.79616246565146,47.641682856218104,52.83086199680049,58.0709805157778,60.11402004897309,103.73170658619598,126.44314579171083,160.09528383058975,172.7522805963212,190.95411099689161,381.64056487126436,380.3960369790014,384.4772184784135,383.2149775198421,381.95272633954795,380.69047722737855,379.42822507290066,378.16597147239077,376.9037178833162
heat_pump,DE,151.38234715132162,167.30761083199715,167.30761083450608,161.8587318293894,150.88974856803762,142.69083631815482,101.91792718464747,94.60054975756954,74.92874161314765,71.1839374821235,52.31069921355871,96.76544597369096,173.69995781701064,337.64767508379475,436.7455441043313,512.3071583190111,639.97705829068,915.1536891699241,1062.9452245103735,1212.8899399592758,1245.8035415072993,2656.2838931448987,2647.6200878647237,2638.956285592948,2630.2924746937756,2621.6286891475856,3159.704931070985,3240.76697156008,3229.9858118572156,3226.558599735458
heat_pump,DK,82.97644795059843,83.66955250030708,83.66955251565824,80.94460017627779,86.20225324402239,92.42865343798535,96.45766076387132,104.55573443552949,101.72579695529782,98.68126924552227,95.53293067316798,98.55087251752623,101.27245350632519,108.51971624618066,116.41109997734941,125.02868256209624,126.38583547448499,133.51086676719677,140.07910580286196,140.46306027201842,295.93107294829485,294.97010605642987,294.00804897929453,293.0459737210861,292.08389512626786,291.12181549060404,290.1597349289454,289.1976546334075,288.2355748137,287.2734968208021
heat_pump,EE,1.0872055359392547,1.1293436955033058,1.129343698621955,1.092563204464503,1.0043547892641635,0.8618840967744301,0.8057786529649555,0.6981303538404413,0.6467831437916213,0.6316679198663533,0.5984379792251545,0.7546527381019454,0.9366537039594498,1.2331045396002744,1.6615056432673638,4.756823684360133,4.929415627244531,5.046080958584903,5.02985594034085,5.272036183421897,6.278257905290282,35.58523824276572,35.4691728294513,35.35310719535889,35.23704183871755,36.54518207831845,36.45643090558244,39.705224140460786,40.10048567291331,40.75778032813881
heat_pump,EL,421.85520085245304,421.8552005286784,421.8552008754291,408.11620876576063,394.37721684427396,380.6382244179864,365.1457210736934,354.8467962689438,343.0991303090685,330.85244260744935,322.1741823673911,323.33243291052446,325.55405893129966,336.6418736157469,340.2920866338346,339.2084297083286,346.6280863787199,345.51717767825414,349.9708021970035,350.39760195845946,353.0966159177521,351.9486925189773,350.80076870807,349.65284633214753,348.50492563233297,347.3570218388557,347.1520758047465,346.00112606915314,344.85008300556126,343.69903474870085
heat_pump,ES,430.0843374744578,430.3971624292352,430.39716247552695,416.37997542658115,403.7328247985872,395.6594557700391,393.6321449725851,457.08519464674856,442.1834109905416,437.2095225737413,420.16858954255105,450.84081393173494,454.18624028083906,468.57930908391074,477.60904123965406,482.55470895880427,481.01311345859733,483.08976104731204,540.3221388873628,541.5633765383247,539.810886962016,538.0560347626223,536.7556725978573,534.9992846825323,533.2428702402495,531.4864485443841,529.7300258646427,527.9736021480754,526.2171772427406,524.4607521797406
heat_pump,FI,91.14406241668736,93.18772086410793,93.18772087077384,90.15278054251552,79.96877736164824,71.54852069594125,64.83714199342981,56.00531994151986,58.804129646314024,55.86520633523635,57.745983443206576,57.56440500756307,59.757551269244544,62.24285238300377,62.19238166011712,62.43785482684457,63.83267748551288,65.15902012460234,64.9583341322125,66.36111490032611,66.31438108810156,227.16978040914043,226.42884515511037,225.68791691887705,237.1722212958447,239.78322269458758,245.3436827677871,251.7570727338898,253.22525448036203,255.26029054904126
heat_pump,FR,1852.2043668165225,1865.3077769942743,1865.3077768192593,1804.558379482009,1791.3499280106596,1838.2287481388546,1794.6169460821754,1757.7514808484848,1726.9846677274043,1681.9723982508108,1722.7756692648504,1777.0184378410188,1847.3950406907147,1938.8584172385506,1955.9972462768803,1985.5731402000547,2049.6164415375542,2071.8679774530488,2125.995902506094,2138.9341507054282,2132.0127578230017,2170.719275047162,2163.63921055307,2156.559139627131,2149.4790665214314,2142.398992905054,2135.318918607513,2128.2388446036416,2121.1587700065134,2114.078696476214
heat_pump,HR,41.90653643662967,42.68671951569703,42.68671952522176,41.29649724700544,41.47435045661849,41.57065837367864,43.111688443755966,42.4663617279099,41.54010839360492,42.25732632198809,41.100612750070795,56.3287486044628,60.02343550299078,66.23080007481913,67.02762754871955,74.12115106229632,74.87371243413524,80.87545412080877,83.54055185022207,85.92365394405417,89.04940145450233,132.2978573081529,132.88066703944406,132.44586261662627,132.01104151869288,131.57621957876532,131.14139829866158,130.70657654300217,130.27175684597825,129.83693845763727
heat_pump,HU,193.72381985944403,194.1544519362961,194.15445194235915,187.8312242773523,193.75143995709396,203.83993120753195,198.0851093908904,192.04817897996512,185.72913997500387,187.2454373028771,184.31607481183818,197.51505647918577,214.22728654224113,242.67391838792514,248.29571454186285,291.7309908315923,303.9927128654755,332.0731366699923,359.3163254339171,370.43145181988587,375.21208365834167,392.90193386806936,391.62048847606184,390.3389982547838,389.05750186042616,387.77600447523434,386.4945064413234,385.21300855787104,383.93151023449525,382.6500114939423
heat_pump,IE,160.90941404923666,161.3115397111474,161.31153972865968,156.05794092680554,150.36730459531037,145.50881500554206,139.43297932157628,136.06495858994373,129.8140431557332,124.28417155338342,117.9490217984286,121.09451233537709,121.28232865725887,129.0564723167601,132.58103553527573,135.1641214598738,136.31458189500182,136.51594533664593,140.6701528962096,140.6717296385783,149.36831865243954,148.88274340217788,148.39714960322223,147.9115524722216,147.42595378478956,146.94035481864148,146.45475569817694,145.96915648787848,145.4835569702953,144.9979574811334
heat_pump,IT,996.3609129268172,1004.4693033107668,1004.4693051009275,971.7557203118519,1086.7237775986173,1206.6071887411372,1236.357101951228,1276.8584306164164,1330.5008200366644,1339.3562615648307,1386.632507896146,1536.4688273665363,1722.6978917635374,1838.3509816786936,1844.337333661739,1910.70516518718,1960.6062986874724,2010.7873335308589,2048.583331483166,2056.4762675650545,2115.521769210574,2108.644159842674,2101.766562865372,2120.4962657082765,2113.5353524044745,2106.5736889513705,2099.6120110983065,2112.1668646867115,2105.1402475194122,2098.113651530398
heat_pump,LT,61.226637722972676,61.22663776880379,61.22663780133331,59.23260694713687,57.82716223907034,57.87024074840167,55.622787644969485,53.80135783510917,53.688599515307715,51.50835663927827,48.98179833208618,50.600242443989764,50.73576979946814,58.435751851353594,58.43958916834313,60.268938073472235,63.79486525046757,66.48375277043598,76.83533240447514,79.74667034267239,79.48861748838084,79.23019873909105,78.97178474675768,78.71336917906794,78.45495220594319,78.19653572755317,77.93812055012137,77.67970787183263,77.4764517086957,77.21787883444902
heat_pump,LU,4.828973985309991,4.8289739883859575,4.828973991305887,4.671703832367705,4.273177693022454,4.088180277438461,3.433824718843753,3.277803630862696,3.092176086725209,2.963251037789157,2.9666863696810273,4.466109782137435,4.610345065636421,5.034680855998771,5.362551528627717,7.1491389252852695,7.5081285935783475,9.586327758644515,10.339142990346122,10.305795764759138,13.100248219734814,32.48288472287533,32.37694760079312,36.612424347158175,36.49268786818842,36.37249898416635,36.25230062960308,36.132101421266334,36.01190122844427,35.96049359828364
heat_pump,LV,1.3432182667623684,1.4515973180714745,1.4515973245820337,1.404321669632035,1.283313917401595,2.7144797702434786,2.8400506985072744,3.242738743081581,3.9445938451271347,4.383356597392028,4.152759644813322,6.207667111945071,6.188086813453668,7.18803512173065,8.407836610356693,8.865554963696178,9.11485020598566,10.191115647207823,10.158352147114535,12.403657104020086,13.801964932978008,50.634196350995715,50.46908222607706,51.502991870431366,51.33394732574815,51.1648683749999,50.99578469470082,50.82670154187356,50.65761726530313,52.378190348461764
heat_pump,NL,31.38998381911331,32.046169348802394,32.046169354019874,31.00248880853778,28.957931491184095,27.25727187913386,24.542532718424727,78.44875933279945,125.09693652433468,184.97739115125617,220.59245535661586,285.7915225136074,330.40467723007015,364.17697226708265,368.93881891825714,367.7639368236473,372.30141313472313,376.8071583467543,385.9634112900672,387.2113239140615,385.95830284407,479.26565148339404,477.7024694964446,476.13929186834685,474.57617612696623,619.992106422278,617.9433018159732,615.894402583325,613.8454501921257,611.7965307659173
heat_pump,NO,212.86690429284633,212.86690431861612,212.86690431249428,205.93424894112903,170.44409668838082,145.67034199725666,107.04090251828312,102.1773346130903,97.51170432002432,92.8166220207365,87.93377791888182,87.81980127997808,87.60863737986698,89.66142872228868,91.83931804926935,92.15477254962998,92.0442290175513,95.19704784919398,95.79253320154446,96.48314840124398,96.88636652645717,209.99213789238706,269.6830761918337,268.8006131743129,267.9181336083589,267.03565524613265,266.15317557188393,265.27071974621975,264.38834121040696,265.86383580454736
heat_pump,PL,279.1387257339961,279.1387256372355,279.13872562642547,270.04772774642527,260.95672982649256,256.54771357616363,256.9339202706244,251.45335074983387,262.7207612952316,255.1944436955462,254.2325978589742,258.7256680380635,265.7246233168228,270.10865210398134,272.4217703427512,271.55424573268294,287.07845056985263,319.90013787184876,411.40620418491307,435.2632642226152,597.3584752342682,1076.1696292140991,1073.247316638502,1089.7733014227947,1086.1955445635017,1082.6177773537556,1079.040008489415,1075.4622371990047,1071.884466855637,1068.3066951026146
heat_pump,PT,37.174891763106245,37.20220449420687,37.20220451949306,35.99060209422999,35.12473417648717,35.018062903726545,36.24111281011928,36.39312738404346,37.31714026186302,36.73381699462656,35.8696984057763,38.83068525436846,40.51541938225221,41.13730707750551,41.006725646710265,40.87616918140632,42.21151354350017,42.53461742198061,42.498262620058824,42.499635052265496,42.36216526561034,42.22445293367486,42.08674013259109,41.94902325937623,41.8113059516623,41.67358686302783,41.535867075575574,41.398147524127516,41.26042735292015,41.122707522653734
heat_pump,RO,1.3545254654239616,1.3545254735946566,1.354525482891908,1.3104112722272379,1.1983842442779762,1.3334147740203255,1.2754622088680188,36.05366108187681,50.97791374137411,48.69547036951433,52.051948888144125,52.998390023510225,54.988338589450834,68.80125233171702,73.49604736454009,73.26349987420527,91.44835963588443,104.69645458111138,107.78024613140813,113.38639646309213,128.00179238171677,164.38775752632236,163.85159543738925,163.31546757126168,179.9754837121366,180.63991509256311,180.04295296427114,179.44598942665158,178.84902241443478,178.25205465845949
heat_pump,SE,156.21448680426428,156.21448682247842,156.21448681013038,151.12688912483736,136.5810285827282,115.716296833101,110.93871888205517,106.8795931693442,105.07084100333212,100.05615520095087,94.79245849566513,109.41422415584822,109.06909334060236,108.7239624463212,108.51577393447523,108.17020759767237,107.82464187579207,109.25009499344583,108.89883791343125,109.6632888478204,202.1909818230316,289.6122643336083,288.66778727674506,309.48312850139683,308.46710355510623,307.45106305272986,306.4350249582004,305.41898486234356,304.4029491554645,303.3868898969558
heat_pump,SI,53.62482772790697,54.4198583742999,54.41985837795578,52.64751089487711,50.77960758779599,49.828502643617355,47.66286710220194,45.49723160273298,43.331596099788484,41.6265756007375,40.18962407793708,40.46738467618581,41.93143141576776,42.84422337871233,43.76458501978664,44.00867778347531,44.762523818933126,46.00179734826501,45.85389265588919,45.70599053568473,45.655159618462925,56.028089085768556,55.845348666694846,55.66260826242145,55.47986731415879,55.29712654051307,55.11438918725801,54.93164867179322,54.74890861475594,54.56616875737621
heat_pump,SK,10.134794709091805,10.682602739400895,10.68260274387208,10.334691439334842,9.986780135788226,9.426646568598771,8.094150040793899,7.726379946946331,7.358608993958409,6.990839027203462,6.623068965947024,14.514235705619363,14.468452672643254,24.395493473959522,25.810421313588563,25.822358589317382,25.76672955880056,26.286341368163324,28.83371798955721,33.72109783466532,36.43681900767978,73.88215905828959,73.6411873125097,73.4002219615252,73.15931789559512,95.8902038766712,95.57334513273277,95.32879241234662,95.01166281515212,94.94523665640494
heat_pump,UK,876.8890680069625,886.9225440523744,886.9225440214245,858.0372255192938,972.9222307053435,1101.0176971947462,1188.7323188226721,1264.4446992998194,1347.225103100452,1404.2184617635662,1446.623985120184,1588.6247238296535,1698.4993327552454,1848.373623794881,1857.1892128731301,1861.1104380290276,1886.0599337920087,1950.0694050566856,2045.1397464995573,2069.7507527118382,2158.995679039634,2151.9767997002223,2144.9578639847464,2137.938919853566,2130.9199777472563,2123.9010338882517,2116.8820910255217,2109.8631482954993,2102.8442033433134,2095.8251586545844
hydrogen_storage,AT,3.1005384466801974e-05,3.1118082478922295e-05,3.114155862359415e-05,3.035512161972679e-05,2.988356791694379e-05,3.4257278692077534e-05,3.6617601384529495e-05,3.9267845186171974e-05,4.203485586216294e-05,4.51439355068145e-05,5.526571357933768e-05,5.6929731550704145e-05,6.106974757828073e-05,6.593692997770047e-05,7.136833404374094e-05,8.248752647398291e-05,8.877631127229451e-05,9.577192456644252e-05,0.00010289443085717903,0.00011027903871844373,0.00012479973490334674,0.00013399006251176037,0.00014283976693545332,0.00015249152489460978,0.00016279002370631987,0.00017470405815191194,0.0001860750634151366,0.00019983982893057796,0.0002147155909874198,0.00023140568708177853
hydrogen_storage,BE,3.034830968455897e-05,3.04757938047857e-05,3.0497605547085964e-05,2.972575469665641e-05,2.9325330030987403e-05,3.368984323078741e-05,3.604159619158111e-05,3.856893736709697e-05,4.135511915385667e-05,4.4472959120993094e-05,5.5356564025297214e-05,5.6174877343730314e-05,6.0234672244002583e-05,6.483650653848508e-05,6.964523769345891e-05,8.074224448846494e-05,8.700858125096151e-05,9.460926627034943e-05,0.00010244403380165486,0.00010998421878818621,0.0001234466380233805,0.00013213799522016095,0.00014078423655463067,0.000150247596917737,0.00016037025603017935,0.00017145040400098397,0.00018221510173907612,0.00019574167863701148,0.0002101420994119853,0.0002257220822261657
hydrogen_storage,BG,3.0859675918025384e-05,3.09856195421723e-05,3.101284828046752e-05,3.02390157160889e-05,2.9862629369785505e-05,3.4304152690783935e-05,3.668262447749601e-05,3.9196789251169115e-05,4.195919882841135e-05,4.522692145806327e-05,5.501521572860401e-05,5.707061857446268e-05,6.11060369467656e-05,6.583826066744136e-05,7.114408152657109e-05,8.210246234713021e-05,8.841661180342863e-05,9.61884602665121e-05,0.00010502159650074356,0.00011217932474181937,0.0001257510496353231,0.00013448600860584148,0.00014484745358649362,0.0001543203957174132,0.00016498524604724576,0.0001766057001766502,0.00018947770785689112,0.00020140943466214717,0.000216851017431465,0.0002342690097319745
hydrogen_storage,CH,3.077237288741956e-05,3.090287224039135e-05,3.092774588774495e-05,3.015060952062271e-05,2.9755710860234594e-05,3.420123555841308e-05,3.6570529991316036e-05,3.9128133176191695e-05,4.189285439560659e-05,4.500693487297575e-05,5.5554045317195726e-05,5.695279879751269e-05,6.109033991021292e-05,6.58607638867833e-05,7.103322553615365e-05,8.240502542967462e-05,8.882204817543015e-05,9.614119900422883e-05,0.00010348538188828399,0.00011084381806833722,0.0001249722676363842,0.00013459016432741677,0.00014369749524868554,0.00015361876554718465,0.0001640273149720132,0.00017602112904769755,0.00018778261914412892,0.00020045115820237146,0.00021530926611921933,0.0002316787755533221
hydrogen_storage,CZ,3.1064888687548456e-05,3.117520488973824e-05,3.12006428743521e-05,3.0413632434463043e-05,2.9907099317276442e-05,3.423873545672777e-05,3.661463428753185e-05,3.924813972389287e-05,4.203593924744672e-05,4.513383157080689e-05,5.492661548389651e-05,5.6909376405060536e-05,6.087517089724921e-05,6.572541516021024e-05,7.111983177874982e-05,8.29782370646403e-05,8.935931887054165e-05,9.617087104621314e-05,0.00010345085114384549,0.00011072850297665837,0.00012534337568075442,0.00013645225939857642,0.00014590522828540484,0.00015595415678319423,0.0001670314939486213,0.00017926426176139167,0.0001920734123242934,0.000205720790465369,0.00022074608754558297,0.00023722937416698677
hydrogen_storage,DE,2.9781849604261972e-05,2.988216477383119e-05,2.9906678668054888e-05,2.9155282095652733e-05,2.8676765601186114e-05,3.2775900257555695e-05,3.505213123296126e-05,3.751900062630586e-05,4.019099323926595e-05,4.320623407954049e-05,5.253769447229074e-05,5.4417488324448326e-05,5.83321319626472e-05,6.351859992027292e-05,6.855202951939897e-05,7.955506217322358e-05,8.552852625049809e-05,9.247055505704205e-05,9.964594858358736e-05,0.00010714672023965781,0.00012136481047238727,0.00012988764872437963,0.00013857176207395148,0.00014839081644880337,0.00015892530270640226,0.00017083398914493584,0.0001815881430612456,0.00019482366455567137,0.00020925113788386714,0.00022479718704352956
hydrogen_storage,DK,3.12728655354593e-05,3.1375070206782164e-05,3.139768263473328e-05,3.060131080791654e-05,3.009557412447804e-05,3.449795296542253e-05,3.687688492952665e-05,3.9509427825533054e-05,4.2309811644329455e-05,4.544652930503664e-05,5.598114177946029e-05,5.740191570742195e-05,6.138461156112754e-05,6.60121594489174e-05,7.09275253680301e-05,8.214820452957168e-05,8.847026698052952e-05,9.555935908892255e-05,0.00010275974832803381,0.00011022937093195006,0.00012408228961937627,0.00013373228678239952,0.00014221433085503046,0.00015183483183392815,0.00016179184571758483,0.00017260904168331235,0.00018461824509670793,0.0001981297587431128,0.0002120054260462605,0.00022865307735625895
hydrogen_storage,EE,3.123848071965984e-05,3.126856514052319e-05,3.1285662569006505e-05,3.0481678373908952e-05,2.985620563708835e-05,3.3915758537743905e-05,3.627729626080664e-05,3.8857520211202725e-05,4.158160879225245e-05,4.4588792587020484e-05,5.668519048471369e-05,5.982145052174481e-05,6.40558684721501e-05,6.885072699027075e-05,7.395888077534724e-05,8.590298887105895e-05,9.307769360287621e-05,0.00010046004346226929,0.00010851045135826586,0.00011611405344349324,0.00012961760065365643,0.00013923670529258426,0.00014792192962620235,0.00015753397050891852,0.00016752800117921437,0.0001784027111775634,0.0001900494376956245,0.00020348275154822337,0.00021771257096956013,0.00023279324612798585
hydrogen_storage,EL,3.0890189367347145e-05,3.102124815627352e-05,3.104576427360847e-05,3.0266184696789812e-05,2.987549570034516e-05,3.4288949787133336e-05,3.66360948122935e-05,3.9162630061698224e-05,4.1977993760840234e-05,4.502074100460717e-05,5.487117616863136e-05,5.7085548762693205e-05,6.145411704577295e-05,6.621856488166276e-05,7.148050016542932e-05,8.243918555554719e-05,8.849864974741068e-05,9.687980876404764e-05,0.0001058104157641916,0.00011281791207200863,0.00012765003419318278,0.00013607265848206165,0.00014619275370409023,0.00015537010799468974,0.00016550258965828586,0.0001772967734777648,0.00018976919567071466,0.00020250957131554833,0.00021793513806708006,0.000238610127416647
hydrogen_storage,ES,3.0100194708418578e-05,3.0225893320893688e-05,3.0247835734129833e-05,2.9480751203956135e-05,2.904561037293787e-05,3.3311815217272546e-05,3.558971267438607e-05,3.8006276662888645e-05,4.067303815450761e-05,4.3669337208607864e-05,5.2594562129588095e-05,5.5241106627432986e-05,5.92132101728955e-05,6.405443225017452e-05,6.89992192960304e-05,8.002620637913769e-05,8.645564792765841e-05,9.379853327402485e-05,0.00010142156426520377,0.00010874532635363103,0.00012106735903478974,0.00012910184628709014,0.00013799887069704893,0.00014831911947168079,0.00015984087027470382,0.00017111600675312103,0.00018277846358474362,0.00019574236722189983,0.00021016994235416672,0.00022601303017223546
hydrogen_storage,FI,3.1019559660022734e-05,3.111903607944417e-05,3.1139603063873905e-05,3.0344055491367502e-05,2.9804638419593596e-05,3.413233440815453e-05,3.65026198534176e-05,3.9106859236485945e-05,4.1860581468617094e-05,4.494381944033594e-05,5.5422273603445326e-05,5.66688200982637e-05,6.052662190950235e-05,6.505683672520613e-05,7.013437159861335e-05,8.09581190932587e-05,8.761761444630879e-05,9.531892132264312e-05,0.00010245879770354446,0.00010944288585745189,0.0001226466583098336,0.00013343076436747294,0.00014221901909382734,0.0001514518377180273,0.00016122938396828578,0.00017191302050363258,0.00018354517737740375,0.00019663033594104432,0.00021063608973389327,0.00022661151165431076
hydrogen_storage,FR,2.953410266321875e-05,2.9650118465216033e-05,2.9674827051215606e-05,2.892950752810676e-05,2.854672727408361e-05,3.279447064005794e-05,3.5065793470607094e-05,3.751103078070199e-05,4.0222789157775133e-05,4.3198104456095746e-05,5.197456827978586e-05,5.441100870136819e-05,5.82942511282464e-05,6.351670301462424e-05,6.84557886443019e-05,7.934700025446036e-05,8.506071310630082e-05,9.157366689235114e-05,9.866059703986155e-05,0.00010599030546314236,0.00011934033017609825,0.0001281936658164467,0.0001367841989496345,0.00014611586652531376,0.0001564672927011213,0.0001676464883218682,0.00017876484411039975,0.0001922916142102647,0.0002055844111322512,0.00022175893206542803
hydrogen_storage,HR,3.0856137503244824e-05,3.0970033848078674e-05,3.099430119636216e-05,3.0211910091977212e-05,2.9787179791563274e-05,3.4196633862256746e-05,3.674936769384904e-05,3.932076380028138e-05,4.208773203739223e-05,4.519607286960962e-05,5.5695234455216256e-05,5.7194933310080175e-05,6.156861932155264e-05,6.67832715909744e-05,7.259102798671533e-05,8.397481032810723e-05,9.02371931851716e-05,9.720800882695644e-05,0.00010485989309928496,0.00011212439333866695,0.0001261718639283961,0.00013577125086556196,0.00014478714748920426,0.0001542656636254863,0.00016455143350489518,0.00017596004559730568,0.00018704092254648663,0.00019964501071916896,0.0002139774686169773,0.00023027021444689598
hydrogen_storage,HU,3.093351707306416e-05,3.105724537701956e-05,3.108354512136365e-05,3.0305923592361504e-05,2.9907021767293487e-05,3.436113315795343e-05,3.69193071229702e-05,3.94893917881401e-05,4.226694720932705e-05,4.530555716067152e-05,5.5328858109129993e-05,5.7726888231393814e-05,6.185838665081655e-05,6.633203133205516e-05,7.163656702672083e-05,8.315592145506289e-05,8.967526385203532e-05,9.68959195236129e-05,0.00010552017532683268,0.00011325452074232567,0.00012714143521700674,0.00013668169444981586,0.00014577657275274765,0.00015540216590230268,0.00016509988163772475,0.00017682828798255723,0.00018923805596764243,0.00020187827888392836,0.00021564625195614974,0.00023326356872653634
hydrogen_storage,IE,3.077024215773439e-05,3.0892840217715934e-05,3.0917630789295365e-05,3.014105609993174e-05,2.9727446114763503e-05,3.430601521943072e-05,3.691216929781932e-05,3.960523529887984e-05,4.252016264451887e-05,4.567281434713009e-05,5.573476513045414e-05,5.747469893831568e-05,6.130373146373789e-05,6.594114055744743e-05,7.089633989748413e-05,8.187903980169324e-05,8.782421058379212e-05,9.45514155788452e-05,0.00010250865683123491,0.00011028421111597525,0.00012345235549394445,0.00013221783764401926,0.00014082945400448914,0.0001503192717572939,0.00016029610428017497,0.0001714966793379802,0.0001822805859704563,0.00019495747829957006,0.00020831256428519322,0.0002234005169062155
hydrogen_storage,IT,2.9826453032660108e-05,2.9948422702867356e-05,2.996966610100429e-05,2.9209784663620596e-05,2.8743281296342392e-05,3.284470892350544e-05,3.509902523078045e-05,3.757644041829365e-05,4.025928780132169e-05,4.325257274782736e-05,5.251386368806711e-05,5.481076092781072e-05,5.890758553232906e-05,6.413471039207853e-05,6.971629982881071e-05,8.122650060328887e-05,8.805426831525381e-05,9.552205380466135e-05,0.00010282801363577512,0.00011060691836602495,0.00012374964317521853,0.0001322293474607978,0.00014134536262636093,0.00015070219790228525,0.00016123210810287347,0.00017331872844349711,0.0001849258866112149,0.00019800571991504748,0.00021159654203464662,0.00022617149483464358
hydrogen_storage,LT,3.118685487698459e-05,3.1270059511234384e-05,3.1288729506593055e-05,3.0489728026788254e-05,2.9887602011092588e-05,3.403413210037333e-05,3.639971222443873e-05,3.900913636954268e-05,4.176922841158567e-05,4.481180064118571e-05,5.486087557715237e-05,5.651164274043641e-05,6.0364526997758996e-05,6.472656746686398e-05,6.94807892107199e-05,8.182289960515833e-05,8.882675854415351e-05,9.842686145319248e-05,0.0001069925151228949,0.00011685130827387858,0.00013148343521912523,0.00014071304348102956,0.00014956464580963706,0.000159299480353782,0.00016932107385190506,0.0001804469709567019,0.00019241549903841496,0.00020573792459622545,0.0002200936105359469,0.00023548988549367675
hydrogen_storage,LU,3.0946022358360495e-05,3.105094376263962e-05,3.1077761460444395e-05,3.030003046443333e-05,3.0007112044698473e-05,3.4562712488316235e-05,3.6971254292478393e-05,3.955820458654017e-05,4.2399727955657564e-05,4.555266216212976e-05,5.564682936352548e-05,5.721548668602616e-05,6.106595233649735e-05,6.558383179493668e-05,7.062492275192051e-05,8.18655003283594e-05,8.840798149072987e-05,9.533087116239787e-05,0.00010229800044935442,0.00010951296087763173,0.00012225241749855205,0.00013118336976293272,0.00013992832250466167,0.00014981017914390027,0.00016004361139332818,0.00017131914718861204,0.00018222808524512735,0.00019587047683506238,0.00021011524493060523,0.00022678500650340043
hydrogen_storage,LV,3.109585054305123e-05,3.112161637344725e-05,3.1138935635302354e-05,3.033968701792633e-05,2.972810849952274e-05,3.380214730887909e-05,3.614378516012715e-05,3.872077984011119e-05,4.143707634326383e-05,4.4466047522819275e-05,5.4598594607326445e-05,5.6107759635932495e-05,6.094558573970419e-05,6.713803107733479e-05,7.348188047383282e-05,8.525812438652005e-05,9.221485798765686e-05,0.00010044915973503833,0.00010897407637645962,0.00011674955370585729,0.00013085068528427554,0.00014032757912337213,0.00014914422643276103,0.0001588570025777347,0.00016877009851035506,0.00017951413815095582,0.00019154037995605644,0.000205159018254991,0.00021954018956404299,0.00023402408502039575
hydrogen_storage,NL,3.0394549551158954e-05,3.052426477515974e-05,3.0545738150200746e-05,2.9770238860222137e-05,2.932989340212251e-05,3.372642005095041e-05,3.607533133744548e-05,3.85846150511982e-05,4.137962711156302e-05,4.449259941977169e-05,5.5344834419296344e-05,5.6317320986801954e-05,6.009551887960107e-05,6.468090161935223e-05,6.947983488828245e-05,8.043381384410248e-05,8.709444760949587e-05,9.521698320834001e-05,0.00010326645335916095,0.00011068298485893035,0.00012374285049364075,0.0001322282132061207,0.00014123613375515513,0.00015068000518721683,0.00016111359857566107,0.00017235952158543301,0.00018366535610499858,0.0001972521171583052,0.00021176373096019234,0.00022794998237927314
hydrogen_storage,NO,3.040342943115502e-05,3.050229922504685e-05,3.05211947027662e-05,2.9738626443864646e-05,2.918501602676931e-05,3.3316629589592304e-05,3.560888304952346e-05,3.807954654421819e-05,4.076596332671031e-05,4.3811894704984746e-05,5.3296533015566396e-05,5.532427238114429e-05,5.964480387980223e-05,6.47988095147546e-05,6.973802247263325e-05,8.065737400244997e-05,8.667980151561786e-05,9.371427418566337e-05,0.00010130302046895833,0.00010859529663652203,0.0001216907992936289,0.00013102264599824769,0.00013954666738454208,0.00014899500582955745,0.00015905350821425606,0.00016964118986468924,0.00018091599637937934,0.00019343797046787771,0.00020672103513649646,0.00022296838320381605
hydrogen_storage,PL,3.0831229769958204e-05,3.092678745565647e-05,3.094463410199495e-05,3.0150160522271264e-05,2.958700303530775e-05,3.379303855777657e-05,3.603180488265772e-05,3.881345910249707e-05,4.1590410038183664e-05,4.462289978079985e-05,5.454803689486964e-05,5.6327479036293615e-05,6.0184951973458896e-05,6.486158510914003e-05,7.113389846173331e-05,8.224350152935496e-05,8.856216851952185e-05,9.590809629296926e-05,0.00010479240459474259,0.00011238341530378005,0.0001269829264034017,0.00013467125670369942,0.00014364836155455186,0.0001532465597842986,0.0001639682304749609,0.00017642395702442305,0.00018849049579515987,0.00020257707320648017,0.00021775367754279254,0.00023019640750705084
hydrogen_storage,PT,3.0134865564108706e-05,3.0243569964828743e-05,3.026401417809735e-05,2.9499808363798442e-05,2.901205116169066e-05,3.312070044578328e-05,3.5385438320033285e-05,3.784316567922073e-05,4.050887506319673e-05,4.3489674138273446e-05,5.292293576216756e-05,5.493684379970879e-05,5.929872837164761e-05,6.393602198788217e-05,6.877813492214215e-05,8.137756612670327e-05,8.849577598638734e-05,9.5550037151545e-05,0.00010404338824245634,0.00011167643079232542,0.00012550506264393253,0.00013389740836186083,0.00014292286778094468,0.0001528932100117398,0.00016378147068640668,0.00017529187471156858,0.00018750494695899176,0.00020049465465813018,0.0002150065876856793,0.00022997880377945466
hydrogen_storage,RO,3.093048349642093e-05,3.105045146126865e-05,3.107210743307796e-05,3.0284100962971727e-05,2.9861849299916464e-05,3.4282278650112676e-05,3.6641804376370054e-05,3.918447975381142e-05,4.196832503537468e-05,4.502662419045445e-05,5.51620852349006e-05,5.783064676471919e-05,6.19130332248465e-05,6.659601519067535e-05,7.19222254053096e-05,8.285519668308162e-05,8.918888879869663e-05,9.630845377537798e-05,0.00010397134823860748,0.00011140555261872255,0.00012592263878753707,0.00013576880012734755,0.00014670405168235327,0.0001568118092985715,0.00016704978533253005,0.00017865124009592396,0.0001907878630585461,0.00020410310988779008,0.00021786046876487192,0.00023601469909497003
hydrogen_storage,SE,3.061234704619255e-05,3.071221908948521e-05,3.0733305950014386e-05,2.9948820045408865e-05,2.941534898128947e-05,3.3645931358198416e-05,3.5966174830748736e-05,3.847267512867439e-05,4.121177183091213e-05,4.4276936346116664e-05,5.445636165379129e-05,5.590773010610117e-05,5.980657229523568e-05,6.430817261280417e-05,6.929207065175745e-05,8.015098996331022e-05,8.61939972998989e-05,9.318502892378716e-05,0.00010115024559183205,0.000108546365672151,0.00012200003138465785,0.0001321868716175605,0.0001406970173162417,0.00015003048001786077,0.00015989072160675516,0.0001705151540311801,0.00018243274804082804,0.0001952270948167727,0.000209338877272693,0.000225301280458628
hydrogen_storage,SI,3.093416417460148e-05,3.104613194650894e-05,3.107089961040878e-05,3.028835009374046e-05,2.991276746538661e-05,3.436515638179818e-05,3.67164732471663e-05,3.924250726674692e-05,4.202258547672614e-05,4.517365372907939e-05,5.591595218558928e-05,5.732919741858521e-05,6.153790328314044e-05,6.679716493694498e-05,7.258738964472577e-05,8.401430757092211e-05,9.063875007829198e-05,9.766015544551041e-05,0.00010568674662356886,0.00011296914665840991,0.00012638739459386065,0.00013569705766680018,0.0001450696947939793,0.0001546927966145465,0.00016496699988031692,0.00017649963809279328,0.00018771701010850155,0.00020043707489075915,0.00021490323468121466,0.00023106813646465922
hydrogen_storage,SK,3.1123632983134834e-05,3.122146010866911e-05,3.124521568882872e-05,3.0454525037394363e-05,2.9961990233864324e-05,3.4330602214669494e-05,3.6718489790197444e-05,3.931195683149811e-05,4.2098541750259564e-05,4.520140102181137e-05,5.551016303043483e-05,5.7141144973421045e-05,6.110089319789487e-05,6.559431688696087e-05,7.094461661652596e-05,8.218090866294375e-05,8.84130683800284e-05,9.512274886574675e-05,0.00010262895409830586,0.00011130472230393814,0.00012765415124060256,0.00013787357479907772,0.00014689846547137286,0.00015678417414946566,0.0001678093094544101,0.00018048065339162068,0.00019312978910326632,0.00020674647961009386,0.00022147456331688016,0.0002373800041661536
hydrogen_storage,UK,2.9616248093492045e-05,2.973945417114184e-05,2.9763837671981773e-05,2.9015330018704478e-05,2.8564492150608952e-05,3.2785806493016364e-05,3.508274116025053e-05,3.758957033976771e-05,4.0285685467625205e-05,4.3236942902810305e-05,5.250641484189527e-05,5.453713192517374e-05,5.844558419786318e-05,6.308257541680945e-05,6.778694607404456e-05,7.849626747223493e-05,8.442661792712277e-05,9.18574035943652e-05,9.92028974323876e-05,0.00010631245336603477,0.00011947792676374277,0.0001282646738961918,0.0001369279899218158,0.00014637971599091245,0.000156291134434742,0.00016748436645130083,0.00017890373801936183,0.00019174095229210645,0.00020501173583269884,0.00022011514209287442
lignite_coal_plant,AT,3.3390083296441454e-06,3.3197608633027753e-06,3.349662229480352e-06,2.7856839500595704e-06,2.7596292990310475e-06,2.744900572867779e-06,2.7397858642008734e-06,2.7308061121899627e-06,2.7483219571196586e-06,2.7619622785716347e-06,2.921170060754956e-06,2.8092179406518096e-06,2.8165152509932678e-06,2.8356376989713416e-06,2.864143205988504e-06,2.9267805740582065e-06,2.991945025890187e-06,3.1008230330070202e-06,3.140503303398368e-06,3.2395577977837532e-06,3.3563289859401472e-06,3.4971659923660373e-06,3.6407398167977455e-06,3.7863298453920494e-06,3.924402289871301e-06,4.112894358284367e-06,4.318397971625656e-06,4.58599018647755e-06,4.8884997960038646e-06,5.365635496830642e-06
lignite_coal_plant,BE,2.698786720542565e-06,2.6760406149185137e-06,2.702770055660963e-06,2.30821754315437e-06,2.2978735682136174e-06,2.3338825568762764e-06,2.3693426023447933e-06,2.4203728398374255e-06,2.4967596628517687e-06,2.5826822350713904e-06,2.8290813540440792e-06,2.7890737006804732e-06,2.8499846393752357e-06,2.9176410712940545e-06,2.9962638520144243e-06,3.08243036461983e-06,3.1617379255666e-06,3.2759472532982844e-06,3.349616080140548e-06,3.465933258654403e-06,3.6009202567872865e-06,3.741287845538785e-06,3.874321958732888e-06,4.006684178513235e-06,4.132395904848999e-06,4.294518210752324e-06,4.468574486517204e-06,4.705494908242273e-06,4.998144054147604e-06,5.475667974016791e-06
lignite_coal_plant,BG,74.63778366410267,73.15627318074239,82.7736936897251,62.472925422002774,26.939543681826247,26.841492904676432,26.736047274693735,26.7536221647113,26.658370227789398,27.48941940149288,27.44750688961854,27.20875136021863,26.83085253281157,26.56474095891281,26.371063325723604,26.250389980817364,26.02967010688152,25.96547439087905,25.81064932413665,25.672373770740585,25.572223297832018,25.131588313297023,25.003767165081268,24.87594596644951,24.748124804314052,24.620303665406198,24.528877454604995,24.43745120556344,24.3460250027787,24.254598437747674
lignite_coal_plant,CH,2.5313260166390065e-06,2.527070069835978e-06,2.5936731210480217e-06,2.182360771816631e-06,2.1959781010940773e-06,2.2135566638895132e-06,2.2389917737621024e-06,2.281519448201036e-06,2.3375041997115426e-06,2.3915018203936536e-06,2.5790879294546226e-06,2.465397324507782e-06,2.500867059265233e-06,2.5484622606120937e-06,2.6129234586226024e-06,2.6935428712630405e-06,2.782888461539033e-06,2.9200855465082398e-06,2.9718987498811344e-06,3.0909180035289807e-06,3.2282040825609552e-06,3.3664234104203753e-06,3.5172948449779966e-06,3.668919346741541e-06,3.808425689571235e-06,4.003529597831527e-06,4.2147452763504565e-06,4.4827753652542945e-06,4.801396534552513e-06,5.284334910294436e-06
lignite_coal_plant,CZ,83.36261593683419,79.47566690618682,78.79705492001496,20.14046541924493,19.835571573936814,19.82643434290121,19.804846381302113,19.783258415862257,14.243999074865638,14.228437283169088,14.212879185243306,8.49044932398384,8.470401234624726,8.450353261363478,8.43030530017054,6.63455597049858,6.606959078365278,6.579362235529156,6.551765276293424,6.524168383459337,6.496571466690957,5.634442498323311,3.0840410872888036e-06,3.348119763481226e-06,3.5329670742215424e-06,3.7575256943416154e-06,3.987554055048729e-06,4.2749437157425055e-06,4.610306210459666e-06,5.1257565014922504e-06
lignite_coal_plant,DE,708.1710209772141,691.0562127593587,698.0988878559137,471.975515627611,465.9693383510752,347.5403762152888,344.81250626461,217.00357902450156,216.76678106479508,215.35092058055616,214.705732250553,197.9164045732835,190.55033274373022,190.09933353952513,189.6483343775001,187.8392074684567,187.0578771187572,186.27654693666105,185.49521637348346,182.0468109360154,181.27676218298666,177.97415478097636,142.09364312250202,76.64551485923513,76.25174544647757,1.6224673132948082,1.6164433231727782,1.6104193501498048,1.6043953670396947,1.598371410261737
lignite_coal_plant,DK,2.5663850005021604e-06,2.430391726992682e-06,2.4565020383450017e-06,2.188367725511616e-06,2.186539037522193e-06,2.1907961594288625e-06,2.1949668879252687e-06,2.2031217999704703e-06,2.2248986650139835e-06,2.250082220258802e-06,2.399922047782466e-06,2.297525991115699e-06,2.3230425009319544e-06,2.349329041334394e-06,2.400172232493014e-06,2.465913730901868e-06,2.5417358565479725e-06,2.684635122578009e-06,2.7653052639004885e-06,2.8989486327415097e-06,3.0522676465847447e-06,3.2424079933553402e-06,3.397899049548388e-06,3.5672613483056198e-06,3.7328987536776555e-06,3.937052805007027e-06,4.1530467275337405e-06,4.429428116134137e-06,4.703123023925106e-06,5.17651403451179e-06
lignite_coal_plant,EE,2.6613392652269547e-06,2.5921780971886465e-06,2.6150804935398683e-06,2.367173089877701e-06,2.3619431632435255e-06,2.385853979292366e-06,2.4059333190971928e-06,2.4384668219430186e-06,2.477621152470719e-06,2.512829618320196e-06,2.71819400352682e-06,2.5968083507405277e-06,2.633744954503445e-06,2.6830299489724436e-06,2.7587443935742773e-06,2.862202766422389e-06,3.0284599048400277e-06,3.3320244561367977e-06,3.366363579201912e-06,3.417189294266673e-06,3.4833283048519495e-06,3.522245867080248e-06,3.6059182833767577e-06,3.7076725102724097e-06,3.818054924118534e-06,3.970746170487583e-06,4.156303117636405e-06,4.409655349317438e-06,4.728096018530152e-06,5.2222332003802914e-06
lignite_coal_plant,EL,119.65741382592948,116.50745551744599,116.72441111122085,82.19937006074156,82.16153829402943,82.12370574935795,82.30426883065309,82.27232626320873,82.19308786010868,82.03109893421603,17.399340297578924,17.31133678367756,17.647913469832197,17.56545575640126,17.526283919886282,17.428492466659264,17.562389071739698,17.492207150434584,17.418818705710017,17.345430246531482,17.272041903738035,17.145543363590296,17.053641051377163,16.96577374929794,16.773025532630314,16.678289155836488,16.626142818162165,16.5511092458542,16.419326876700854,3.96253630840466e-06
lignite_coal_plant,ES,3.71393591478563,3.620588537604664,3.7993014101401044,2.6417602339902313,2.6405442791134472,2.6393283873279154,2.636455511007647,2.633582672270122,2.630709848614206,2.6278369802609807,2.6249643707993733,2.6187818738058826,2.6125996413188415,2.606417419059552,2.60023520702047,2.594053006510162,1.6701398208525424e-06,2.226693526792288e-06,2.573687468408014e-06,2.6679042649352693e-06,2.7550010494588163e-06,2.8623269300345053e-06,2.993590730249232e-06,3.1845503560922397e-06,3.3977381986292997e-06,3.6433129598600243e-06,3.858078839083781e-06,4.105975487296623e-06,4.363139154110019e-06,4.772904632175213e-06
lignite_coal_plant,FI,2.0145021187189724e-06,1.9886376732598977e-06,2.0531407482303314e-06,1.921094662269413e-06,1.923110876803267e-06,1.9418486120551363e-06,1.965277578479949e-06,2.0283671352253296e-06,2.0937670432832908e-06,2.166774623335355e-06,2.371522849648421e-06,2.3161761321293468e-06,2.3820426917527893e-06,2.4700046071006626e-06,2.576018428064439e-06,2.6978485937155953e-06,2.904712368993872e-06,3.2641213773308783e-06,3.2947458377761017e-06,3.333106497597348e-06,3.401283027853094e-06,3.4883975632587805e-06,3.5860182538720065e-06,3.6905917450480275e-06,3.8059226875331116e-06,3.978167702698859e-06,4.195298414412817e-06,4.469558732937759e-06,4.8043428278489146e-06,5.356767440863537e-06
lignite_coal_plant,FR,1.3629543016268874e-06,1.430156908910192e-06,1.5574221483512959e-06,1.4384097146841645e-06,1.5476097230309718e-06,1.665336864881614e-06,1.7601441076764211e-06,1.8720980492252244e-06,2.004216871399597e-06,2.1022175953326078e-06,2.3265188532284784e-06,2.265868733807772e-06,2.3206943057724518e-06,2.387597160010552e-06,2.4667513247536343e-06,2.5686731124204192e-06,2.6935771094609323e-06,2.874462956779223e-06,2.932968363290603e-06,3.046015059624979e-06,3.1610772657004765e-06,3.3009879949968516e-06,3.444391754190613e-06,3.592120793308536e-06,3.7370240320859072e-06,3.932527632941599e-06,4.127561752350022e-06,4.388919873103345e-06,4.702504624689253e-06,5.34501608113472e-06
lignite_coal_plant,HR,3.079926797331555e-06,3.030979402254505e-06,3.0640713404408093e-06,2.5915415832350002e-06,2.556705416598777e-06,2.5644083717168143e-06,2.5806647038272108e-06,2.5790611845513124e-06,2.5916923862179427e-06,2.603001218158008e-06,2.799237265929724e-06,2.603088413673686e-06,2.6141602475895385e-06,2.6412550924591848e-06,2.686179529999917e-06,2.7421557961140893e-06,2.8043747788156076e-06,2.91508597214585e-06,2.936991590067372e-06,3.048419558540263e-06,3.1853371971805615e-06,3.3629250946976026e-06,3.529355841009155e-06,3.683458729671429e-06,3.82375930573397e-06,4.009703718900159e-06,4.200401649560313e-06,4.458965381664042e-06,4.752685751485584e-06,5.235633473167095e-06
lignite_coal_plant,HU,1.4313788028022293e-06,1.464256853712245e-06,1.52697537402437e-06,1.4153271138399717e-06,1.4320512049772677e-06,1.460001655385035e-06,1.4920776146347834e-06,1.5257096159586417e-06,1.5903504426967408e-06,1.6740838619396202e-06,2.076592810341516e-06,2.067681570646187e-06,2.182050725167684e-06,2.291859943918951e-06,2.3826484199929664e-06,2.4720013379387364e-06,2.560926623853756e-06,2.694472371568174e-06,2.749404914246004e-06,2.86766076180472e-06,3.002268392825239e-06,3.1858686042892638e-06,3.3615787106861613e-06,3.5208787750947832e-06,3.662509379951556e-06,3.848012969115001e-06,4.046097815775781e-06,4.29654292556969e-06,4.593430060714462e-06,5.0749205201283266e-06
lignite_coal_plant,IE,1.3931727265651654e-06,1.4406413897716459e-06,1.5085157835354544e-06,1.3961180882913902e-06,1.426011205452656e-06,1.6286790559390185e-06,1.7820943593315952e-06,1.908537351957297e-06,2.030988285274035e-06,2.1104369188911172e-06,2.2636718113788892e-06,2.2182869774446915e-06,2.263136074874633e-06,2.31482107583544e-06,2.381114672946924e-06,2.4561508137123844e-06,2.5451609634536295e-06,2.6712456284458644e-06,2.7316375870668575e-06,2.847607132593199e-06,2.976931752775936e-06,3.1098773841953645e-06,3.2471904713144833e-06,3.3946403390320064e-06,3.545645949056534e-06,3.74197514247843e-06,3.922394150878231e-06,4.180702553088573e-06,4.475018575652874e-06,4.9235107214791706e-06
lignite_coal_plant,IT,1.855070711467718e-06,1.870242627674009e-06,1.9068709305093039e-06,1.6148157521583542e-06,1.6106411653049905e-06,1.6197762576760357e-06,1.6189111296150267e-06,1.6343462854804469e-06,1.6910427121646998e-06,1.7224363103614214e-06,1.8624553939108105e-06,1.8055977448961835e-06,1.8486058263261974e-06,1.916242189277513e-06,2.0300456825726412e-06,2.2720281836422313e-06,2.5081407552305936e-06,2.7796136869053625e-06,2.8863839228380077e-06,3.045310002117731e-06,3.193509833140478e-06,3.357988049907177e-06,3.516848041571336e-06,3.6792305905061637e-06,3.827198678840022e-06,4.013599139391426e-06,4.219251219715158e-06,4.486449505312486e-06,4.7464651825083344e-06,5.1582036052763964e-06
lignite_coal_plant,LT,2.6612667713768277e-06,2.5963058168479236e-06,2.6262495847143023e-06,2.3934803975035196e-06,2.3874832321985917e-06,2.4048629220187753e-06,2.421327484430354e-06,2.446462336203087e-06,2.4786014242539497e-06,2.5068789705060287e-06,2.655356299030086e-06,2.5729977596039707e-06,2.6065759962703423e-06,2.6499217029466576e-06,2.7169024152932608e-06,2.805273257416077e-06,2.9589846215875126e-06,3.2512486523461758e-06,3.29403941122018e-06,3.3457853422169897e-06,3.4053828193411117e-06,3.4443699620539633e-06,3.527546643726074e-06,3.628298481818591e-06,3.7347115929582925e-06,3.880930716745539e-06,4.061545824154866e-06,4.307502507411051e-06,4.610327665850232e-06,5.082467105356315e-06
lignite_coal_plant,LU,1.5423038025231714e-06,1.5983737435329203e-06,1.7329256391174652e-06,1.6035428618749335e-06,1.6934833082551521e-06,1.817491666495439e-06,1.8996514458342565e-06,1.9919573102820066e-06,2.0999849506953895e-06,2.2021693829924117e-06,2.480044545056964e-06,2.4218742437266775e-06,2.4927705991931094e-06,2.5705455682325172e-06,2.666003580172292e-06,2.766832377704007e-06,2.8857674272074304e-06,3.0152862567891877e-06,3.1178830985504437e-06,3.2671884174485345e-06,3.432086436410399e-06,3.6273969737604197e-06,3.8009097737681264e-06,3.964105914034617e-06,4.1118889628366966e-06,4.277799742699348e-06,4.4524812306305475e-06,4.6869182511818e-06,5.000256979989455e-06,5.5343710299984026e-06
lignite_coal_plant,LV,2.6390138741248097e-06,2.5711555848049776e-06,2.5998551550033737e-06,2.3563524709703014e-06,2.353943637697746e-06,2.377952890478368e-06,2.3935832197557538e-06,2.417969845394127e-06,2.4532363966801386e-06,2.4853107168477128e-06,2.6520649544099836e-06,2.552363840984975e-06,2.587690318132451e-06,2.6365962959920154e-06,2.707116326261829e-06,2.796515594904801e-06,2.9526439747338206e-06,3.236566279029446e-06,3.2874029714408548e-06,3.341877525039084e-06,3.403279084264832e-06,3.449979266405632e-06,3.537367006594922e-06,3.6434142963303305e-06,3.7563178506503698e-06,3.90787509878232e-06,4.098335757188531e-06,4.3513303544371545e-06,4.671374871671499e-06,5.177508825734088e-06
lignite_coal_plant,NL,1.949682110883404e-06,1.94109621054433e-06,1.96632813490262e-06,1.7010238296359397e-06,1.697392917530349e-06,1.7662376102303904e-06,1.8535349955744566e-06,1.962906251659988e-06,2.0734397518487255e-06,2.176547805896206e-06,2.4039651086677023e-06,2.322558283304087e-06,2.3754818437591696e-06,2.429430582813073e-06,2.501595169425026e-06,2.5835952532365862e-06,2.678287332875637e-06,2.811745522929747e-06,2.8715762909747917e-06,2.9851096745631174e-06,3.108508331750723e-06,3.2459890250321388e-06,3.3948683193814505e-06,3.549780582546254e-06,3.7004026813192082e-06,3.895891216645131e-06,4.09132226051475e-06,4.350257478474338e-06,4.6526963248621755e-06,5.130028934392325e-06
lignite_coal_plant,NO,1.8144816500505193e-06,1.7998895626145664e-06,1.8467859528502181e-06,1.7245546453462055e-06,1.7406145255789277e-06,1.7551735998468688e-06,1.7740071974014593e-06,1.8202872689391833e-06,1.8776224063123752e-06,1.932148260985295e-06,2.1158092374571607e-06,2.0373157948976837e-06,2.079087805378025e-06,2.128716664798449e-06,2.1912749406241936e-06,2.2728108869488713e-06,2.378087275406407e-06,2.561864397121863e-06,2.643238301724811e-06,2.7818927885663386e-06,2.9350410843167033e-06,3.1247415004358185e-06,3.267964158261093e-06,3.418178293950797e-06,3.5727203552946154e-06,3.763161226789924e-06,3.961899612518394e-06,4.224443410339487e-06,4.495035425157409e-06,4.9616024723749795e-06
lignite_coal_plant,PL,316.3032974387897,310.2189360137337,312.7013205798419,236.15885572942443,235.31869372972986,232.18330571645302,231.36857385177788,19.513505777794997,19.48810475111316,19.466818126124608,19.445531884226753,19.3997242399355,19.353916903323025,19.308109561579023,19.262302243537256,19.216494924980804,19.1365625889886,19.056630292966396,18.976697869507053,18.89676551898417,18.816833162495666,18.514562165996622,18.420410293285382,18.326258421835963,18.23210654103822,18.137954689658432,18.070610981439486,18.003267290491788,17.935923604578566,17.868579956675728
lignite_coal_plant,PT,1.375752538011383e-06,1.400123026649863e-06,1.4459361828754824e-06,1.2925119498650393e-06,1.2980217458572813e-06,1.309030157202735e-06,1.32229703833714e-06,1.3441103417863406e-06,1.3806120700527163e-06,1.41421551097066e-06,1.5300347248070205e-06,1.4793484924283127e-06,1.5094235765646852e-06,1.5490490041949567e-06,1.6004958286772955e-06,1.6707899914320308e-06,1.7719575988887805e-06,2.108046759248634e-06,2.473251454819471e-06,2.5728710751300117e-06,2.6752369701405193e-06,2.7843724209397156e-06,2.912922364140484e-06,3.101182401360923e-06,3.3052438492685546e-06,3.5205296254742387e-06,3.7293028076887624e-06,3.961769978396537e-06,4.221642872373437e-06,4.634188167070639e-06
lignite_coal_plant,RO,190.92363345053818,190.50305925566647,77.90527830618092,54.4780304708096,54.59324982336513,54.51982794315218,54.47157530128703,54.374917897808615,54.27671694591628,54.29624187208955,54.20060691612984,54.012161942781546,48.94033386572592,10.896454380826453,10.870603195365259,10.844752035767149,10.799642539536581,10.754533074419781,10.709423518960586,8.770650857427047,8.73355142898165,8.593256914941454,8.549557735183322,8.505858548085428,8.462159374295492,8.418460204951941,8.387203753750992,8.355947196135448,8.324690626936444,8.293433955059237
lignite_coal_plant,SE,2.088731606080066e-06,2.0698688332386924e-06,2.1350935766177937e-06,1.9873883262467827e-06,1.9868100301576133e-06,1.9948360054345508e-06,2.0095455172837677e-06,2.0594120861397686e-06,2.1088980368555925e-06,2.1617591832701527e-06,2.309291176547965e-06,2.2793027130184733e-06,2.3334866988601107e-06,2.406863966663567e-06,2.4855203144945304e-06,2.575036663669242e-06,2.6775239658924443e-06,2.7945718229068487e-06,2.8770390644354007e-06,3.001304430338902e-06,3.1441936819899432e-06,3.30946130983791e-06,3.4331830240954736e-06,3.555230289520193e-06,3.680058424404663e-06,3.84906023675172e-06,4.059346621894515e-06,4.320458567186497e-06,4.6375291650730836e-06,5.170690553679476e-06
lignite_coal_plant,SI,1.7745191282072567e-06,1.7941778259929062e-06,1.8288994929192728e-06,1.6050121022516668e-06,1.598976399545819e-06,1.6233449836823973e-06,1.6392823974086895e-06,1.6685646499796694e-06,1.7239819342358282e-06,1.7971608238064937e-06,2.3186587553405732e-06,2.2890339867432175e-06,2.407211959309212e-06,2.5015330798691756e-06,2.5868304998578904e-06,2.668817470716939e-06,2.7583480074612604e-06,2.8837504828168777e-06,2.9570201524646455e-06,3.090733163558966e-06,3.243892924730989e-06,3.43555549044624e-06,3.615884104177008e-06,3.7863087120638217e-06,3.9424189929525165e-06,4.126765779069012e-06,4.3218004116344656e-06,4.581478732875386e-06,4.883456365725497e-06,5.370566821608615e-06
lignite_coal_plant,SK,2.4524966202757815e-06,2.402609138873254e-06,2.4370649434965344e-06,2.16383659532335e-06,2.153484278723375e-06,2.16172416907035e-06,2.168004766104197e-06,2.2262385064598094e-06,2.2700439980540123e-06,2.3184049851731063e-06,2.5024885792516306e-06,2.406299129230031e-06,2.4370016998467298e-06,2.4766369309330886e-06,2.5329094602452206e-06,2.6029759736646683e-06,2.6866452875553155e-06,2.8101399575424793e-06,2.868458562980977e-06,2.988653314934721e-06,3.1257124914168216e-06,3.298911965606604e-06,3.4649141123952125e-06,3.619059484110828e-06,3.7624143351351223e-06,3.9504190539561595e-06,4.154368750561479e-06,4.41412991132873e-06,4.722329343423961e-06,5.214315148337782e-06
lignite_coal_plant,UK,1.4283687976471793e-06,1.4684067669110548e-06,1.5379722942159356e-06,1.4262935302227947e-06,1.4610954842539375e-06,1.6770482461981721e-06,1.8306443341106795e-06,1.9590400200479007e-06,2.0895561454134236e-06,2.177117588563264e-06,2.3568293275772163e-06,2.3361867133335257e-06,2.3931571005007926e-06,2.458208785313516e-06,2.5323391344320746e-06,2.6210344390176874e-06,2.728039068689309e-06,2.894209996940037e-06,2.9503148572856715e-06,3.0459198441388324e-06,3.14552242354821e-06,3.2578906930629453e-06,3.3876587485088636e-06,3.5260114668344127e-06,3.6668643875505825e-06,3.839719466399864e-06,4.021057200792351e-06,4.261738381542821e-06,4.540040394466941e-06,4.988329815031294e-06
lng_terminal,AT,0.0,0.0,0.0,0.0,0.0,0.0,0.0,0.0,0.0,0.0,0.0,0.0,0.0,0.0,0.0,0.0,0.0,0.0,0.0,0.0,0.0,0.0,0.0,0.0,0.0,0.0,0.0,0.0,0.0,0.0
lng_terminal,BE,1.8504792028157093e-06,1.915979581086239e-06,3.8898711445298625e-06,3.539510265894001e-05,2.544222134995274e-05,3.4094414737760955e-05,8.236672293346316e-05,0.00033915169308195407,3.693394670372823e-05,3.249367077462227e-05,5.223669507267137e-05,4.1679054876968026e-05,1.3615596423534478e-05,8.337878039978749e-06,9.46606472036473e-06,1.1272645182928572e-05,1.199009765681338e-05,6.773327531348495e-06,7.422493247604207e-06,8.300376054010902e-06,5.348214785271058e-06,4.121690310394468e-06,4.397204009483192e-06,4.6628517675277955e-06,4.911173183573767e-06,5.2512616808053995e-06,5.612105001159949e-06,6.111566942340622e-06,6.593717376422377e-06,7.145495471633527e-06
lng_terminal,BG,0.0,0.0,0.0,0.0,0.0,0.0,0.0,0.0,0.0,0.0,0.0,0.0,0.0,0.0,0.0,0.0,0.0,0.0,0.0,0.0,0.0,0.0,0.0,0.0,0.0,0.0,0.0,0.0,0.0,0.0
lng_terminal,CH,0.0,0.0,0.0,0.0,0.0,0.0,0.0,0.0,0.0,0.0,0.0,0.0,0.0,0.0,0.0,0.0,0.0,0.0,0.0,0.0,0.0,0.0,0.0,0.0,0.0,0.0,0.0,0.0,0.0,0.0
lng_terminal,CZ,0.0,0.0,0.0,0.0,0.0,0.0,0.0,0.0,0.0,0.0,0.0,0.0,0.0,0.0,0.0,0.0,0.0,0.0,0.0,0.0,0.0,0.0,0.0,0.0,0.0,0.0,0.0,0.0,0.0,0.0
lng_terminal,DE,5.633503356460441e-07,5.829871527770934e-07,5.358103540970617e-06,30.61602488894422,31.187452270856433,58.94379186103799,67.16474501502788,66.70475474780493,31.11087391686371,30.894837803238726,38.22075361955151,65.32042980246145,0.00011470098424601303,2.923851779340824e-05,4.6890572560001696e-05,9.621365118616313e-05,0.00011625388029872581,1.736573426939864e-05,2.122960167571721e-05,2.7300422810761655e-05,3.63440597638342e-05,8.040297939101192e-06,8.862202281220709e-06,9.75924031277645e-06,9.839908503822726e-06,1.0843125840490336e-05,1.0706364972316865e-05,1.1413913362988355e-05,1.271282216690933e-05,1.3902611461918574e-05
lng_terminal,DK,0.0,0.0,0.0,0.0,0.0,0.0,0.0,0.0,0.0,0.0,0.0,0.0,0.0,0.0,0.0,0.0,0.0,0.0,0.0,0.0,0.0,0.0,0.0,0.0,0.0,0.0,0.0,0.0,0.0,0.0
lng_terminal,EE,4.89932193163341e-07,4.961362099431421e-07,1.7457669203353594,10.48576236926786,8.928585736355265,7.850587955172409,7.582468683935064,6.475347019733201,6.212865145390652,6.003356798132125,5.18735707283261,4.954299782722473,4.757656893138307,1.1908212988000564,4.139715352026005,3.978745188416228,3.7214878781624483,1.3798887528473478,1.1317143750912728,1.1204235529513256,4.419128188061177,1.1193869801214296,1.119336731308626,1.0529597530863937,1.0529491872648846,1.0529426043439114,1.0529416540422587,1.0529416835168464,1.0529423217962781,1.0529430454210051
lng_terminal,EL,1.0404119299189132e-06,1.099610986785186e-06,1.7019641997396313e-06,4.347675644849675e-06,4.486168101087516e-06,4.595981977337132e-06,4.755643641650781e-06,4.8191818485093215e-06,4.518033235125721e-06,4.766545041017836e-06,5.322778442888974e-06,4.9002349646804015e-06,3.138711004530426e-06,2.5660234224588853e-06,2.683479068925534e-06,2.837841944018842e-06,2.977212370772624e-06,3.1167858067216335e-06,3.253498879676394e-06,3.3984980168191615e-06,2.8288167721053474e-06,2.9994861118045203e-06,3.1479840215263434e-06,3.2937085729184417e-06,3.441311344795423e-06,3.5998949037877503e-06,3.6991133576914037e-06,3.8601392912508175e-06,4.0457848078196474e-06,4.250476477357292e-06
lng_terminal,ES,1.5772609236815383e-06,1.6571293948573228e-06,3.1824524259666752e-06,5.9482376394507205e-06,6.879739172968847e-06,6.99935021648241e-06,6.114217683425474e-06,6.2995580302148866e-06,6.415009391061081e-06,6.794309174019937e-06,7.553298693240246e-06,7.654448129250452e-06,7.804050568141392e-06,6.76670255169276e-06,7.304195536477546e-06,7.538915386115754e-06,7.475986209068928e-06,4.044903905590111e-06,4.032869097582269e-06,4.28636741154652e-06,3.6078281471680045e-06,3.83070102738197e-06,4.0227301477734425e-06,4.227140643551692e-06,4.435745287169525e-06,4.665318552668635e-06,4.950403656540405e-06,5.254736605277175e-06,5.567887464236927e-06,5.9574979122524355e-06
lng_terminal,FI,5.232839439126118e-07,5.217494550864219e-07,1.102525198427184,2.631070597470607,1.2183242394325378,1.2019713260993814,1.1229888722498929,0.6622951756723241,0.6215102637374554,0.620095119449149,0.6131370017365341,0.5547581016977041,0.548341788529103,0.4902612377937216,0.4429708290643341,0.4124682669468989,0.7103821508766317,0.6825883805301788,0.33849703928381814,0.22588225477953167,0.8423475615552753,1.1006104321323862,1.100610405590847,1.1006108437964381,1.100610653686894,0.9088569611209941,1.1251324094366277,1.1251327089728727,1.1251329787949151,1.1251331910319056
lng_terminal,FR,3.0091752793384237e-06,3.117291631514309e-06,2.9390577860315803e-05,313.0770151450496,282.01089881666104,289.9675374573789,316.3211525927831,307.8700416492156,254.68092088249574,250.5233311372491,219.10705843300886,140.3870143578835,76.90348214055452,2.7231782611188803e-05,3.999011843617359e-05,3.9456842107900945e-05,3.444223274578942e-05,5.193905695497488e-06,5.276960623610718e-06,5.727638489391312e-06,4.647811786896338e-06,5.3866583550302105e-06,5.803674481155361e-06,6.274197518095976e-06,6.7594972605148335e-06,7.3831268872090675e-06,8.100063149187692e-06,9.018194234374577e-06,9.903880744042262e-06,1.1077142282842515e-05
lng_terminal,HR,5.214189414098712e-07,5.19606712356556e-07,5.985605188176316e-05,48.44124471540323,49.3455134800984,46.818122926575484,42.97620844649454,34.84896655270583,33.060304113173196,26.73923303577958,27.385915784357334,33.94008351356312,9.242745067500287,8.515043634876127,8.139562616286208,6.718338604449442,4.4574342060479255,1.2546249720493814e-05,1.1437563017110122e-05,8.935559062444386e-06,7.603713286242881e-06,3.979116002910472e-06,3.998154432314131e-06,4.133256177692112e-06,4.043906375297725e-06,4.199029938613841e-06,4.396238841849412e-06,4.624496096193053e-06,4.882270530803532e-06,5.121754537069019e-06
lng_terminal,HU,0.0,0.0,0.0,0.0,0.0,0.0,0.0,0.0,0.0,0.0,0.0,0.0,0.0,0.0,0.0,0.0,0.0,0.0,0.0,0.0,0.0,0.0,0.0,0.0,0.0,0.0,0.0,0.0,0.0,0.0
lng_terminal,IE,0.0,0.0,0.0,0.0,0.0,0.0,0.0,0.0,0.0,0.0,0.0,0.0,0.0,0.0,0.0,0.0,0.0,0.0,0.0,0.0,0.0,0.0,0.0,0.0,0.0,0.0,0.0,0.0,0.0,0.0
lng_terminal,IT,1.5492675290518007e-06,1.6485752441832058e-06,4.03481060100882e-06,152.063293811054,147.4757027276903,162.16114418671384,157.22151032392256,172.59626380827564,122.01836491072085,14.102706036431691,20.587681120391192,4.683866708780865e-05,6.694500588685877e-06,4.3844508177574735e-06,4.698135964698248e-06,5.0936325744092436e-06,5.4441931524463695e-06,4.579285062797154e-06,4.841818411357006e-06,5.1675377093710355e-06,3.7047089796299667e-06,3.1935739425035165e-06,3.3508961014854525e-06,3.5094523798051817e-06,3.655689751972579e-06,3.838310831465162e-06,4.028050573265613e-06,4.243260001548032e-06,4.46171083951895e-06,4.696086109005889e-06
lng_terminal,LT,1.066711079299079e-06,1.128776606710116e-06,14.057164602201796,47.6421985787456,48.367018799507946,49.49617949181231,48.85087125584771,46.64122116835523,44.36790181299577,43.69492227646316,43.27667134388622,41.22003905345417,40.577200703799704,28.662301871501008,28.843681134889632,35.010671473294764,33.89697258278465,7.8288595736312745,5.967745875725307,19.82825923383627,1.7784266490916578e-05,9.875112663875438e-06,1.067149174107213e-05,9.594139894265266e-06,9.627508852558122e-06,8.235086742449239e-06,7.892862327965128e-06,7.907423484579639e-06,8.334108513355684e-06,8.73583253168467e-06
lng_terminal,LU,0.0,0.0,0.0,0.0,0.0,0.0,0.0,0.0,0.0,0.0,0.0,0.0,0.0,0.0,0.0,0.0,0.0,0.0,0.0,0.0,0.0,0.0,0.0,0.0,0.0,0.0,0.0,0.0,0.0,0.0
lng_terminal,LV,0.0,0.0,0.0,0.0,0.0,0.0,0.0,0.0,0.0,0.0,0.0,0.0,0.0,0.0,0.0,0.0,0.0,0.0,0.0,0.0,0.0,0.0,0.0,0.0,0.0,0.0,0.0,0.0,0.0,0.0
lng_terminal,NL,1.6519212706272367e-06,1.7141449697439577e-06,3.2484795370396133e-06,1.1804036496514052e-05,1.164474530676597e-05,1.2836815623762074e-05,1.6365337517093907e-05,1.810178479375341e-05,1.2575452142238386e-05,1.2239622472381293e-05,1.5172284516123023e-05,1.4953317653102168e-05,9.773554559048584e-06,6.947043166238152e-06,7.986616418994071e-06,9.491842270927835e-06,1.0055113620971575e-05,6.803902159373374e-06,7.772070052996469e-06,8.972274446782511e-06,5.815209254888319e-06,4.3057381047725214e-06,4.594813822968684e-06,4.8846021578419566e-06,4.997230487942241e-06,5.3307178820759966e-06,5.4381398852604e-06,5.767282377584944e-06,6.186055742237272e-06,6.612412759906718e-06
lng_terminal,NO,0.0,0.0,0.0,0.0,0.0,0.0,0.0,0.0,0.0,0.0,0.0,0.0,0.0,0.0,0.0,0.0,0.0,0.0,0.0,0.0,0.0,0.0,0.0,0.0,0.0,0.0,0.0,0.0,0.0,0.0
lng_terminal,PL,5.393124059278707e-07,5.538989504308587e-07,113.35033496000638,115.50657301213444,117.66280641646512,119.81904060235124,119.00400233108583,118.18896392747081,117.37392359963266,116.55888529696016,115.74384816529191,115.73688736475057,115.72992511086362,115.7229620825407,115.71600296010124,115.70904351381978,115.70208303156967,115.69511435607667,115.68814721382883,115.6811804211401,95.68821582357327,1.4452770697551631,2.4957143475528327,2.4957170461563063,2.495714474688205,2.4957160486171825,2.4957168177151785,2.495717376381341,2.495718653167816,2.4957193934260373
lng_terminal,PT,1.992367555587121e-06,2.0960621269121484e-06,4.559482742308659e-06,8.84299594834851e-06,9.212360306928977e-06,9.118315565228613e-06,9.193578121419186e-06,9.301661830696591e-06,9.379235679306633e-06,9.626175716488856e-06,1.1179589069992733e-05,1.0452940464443988e-05,1.0429055773731317e-05,8.039025955436263e-06,8.907649213727717e-06,8.94003356801707e-06,8.563349997651794e-06,3.6525095761322657e-06,3.6196001442481795e-06,3.9004842714389625e-06,3.1209085959184344e-06,3.3659368212417325e-06,3.5523078158047625e-06,3.7490311779851717e-06,3.94894861552199e-06,4.180563452742214e-06,4.435687884235934e-06,4.739186542131891e-06,5.042684885258059e-06,5.4315416017921605e-06
lng_terminal,RO,0.0,0.0,0.0,0.0,0.0,0.0,0.0,0.0,0.0,0.0,0.0,0.0,0.0,0.0,0.0,0.0,0.0,0.0,0.0,0.0,0.0,0.0,0.0,0.0,0.0,0.0,0.0,0.0,0.0,0.0
lng_terminal,SE,0.0,0.0,0.0,0.0,0.0,0.0,0.0,0.0,0.0,0.0,0.0,0.0,0.0,0.0,0.0,0.0,0.0,0.0,0.0,0.0,0.0,0.0,0.0,0.0,0.0,0.0,0.0,0.0,0.0,0.0
lng_terminal,SI,0.0,0.0,0.0,0.0,0.0,0.0,0.0,0.0,0.0,0.0,0.0,0.0,0.0,0.0,0.0,0.0,0.0,0.0,0.0,0.0,0.0,0.0,0.0,0.0,0.0,0.0,0.0,0.0,0.0,0.0
lng_terminal,SK,0.0,0.0,0.0,0.0,0.0,0.0,0.0,0.0,0.0,0.0,0.0,0.0,0.0,0.0,0.0,0.0,0.0,0.0,0.0,0.0,0.0,0.0,0.0,0.0,0.0,0.0,0.0,0.0,0.0,0.0
lng_terminal,UK,1.9872510042514245e-06,2.1097318151029088e-06,3.05480549036827e-06,1.3773834829455003e-05,1.106390744486975e-05,1.1323814043903862e-05,1.4696083691322294e-05,1.5598199154502326e-05,7.356637620673991e-06,5.10616971834683e-06,5.6672272116628705e-06,5.655095682711272e-06,5.053939421616075e-06,4.7104192959225324e-06,4.9822118176941176e-06,5.397690423272969e-06,5.087025718711434e-06,4.346233190699049e-06,4.589626729619422e-06,4.817866555337113e-06,3.541136440000246e-06,3.5524336189465693e-06,3.7363846172314826e-06,3.922641530997747e-06,4.09978629479011e-06,4.314582962724219e-06,4.55938268760237e-06,4.839022723135449e-06,5.118340645794119e-06,5.426186487800751e-06
natural_gas_boiler,AT,322.56886196823575,324.07830904472047,324.07830904211875,323.8499958816436,325.8527633291526,328.0481690893271,343.85098710779295,341.9609625158936,339.87602706176216,337.7925704465568,335.7105927121874,331.0973838865361,328.7658772667953,313.4519514550548,299.9372087640314,294.02562462759454,291.0306872120432,275.67582125825635,275.35570592724855,272.6572155234089,261.47804557371336,45.39747048849216,45.29237763402589,45.18728477166459,45.08219188476521,35.97498568664932,20.22881623264413,2.8156413430274627,2.618778182405253,2.612615798006587
natural_gas_boiler,BE,586.1364422828093,603.8077494632207,603.80774936451,603.3823664102804,591.4385141032324,586.6580369281575,590.9323691224727,599.5296728485457,598.6775358227532,586.9581995194262,545.1234560956634,522.7899282734,510.72492422091364,470.97973820685183,470.4353641221306,447.36694473989206,446.8486647978908,420.41561648189355,413.12300588433817,408.1486094805551,383.2282878987448,113.79704333943204,113.53360888458188,113.2701744265741,113.00673999657431,112.74330549844757,103.45096938172837,87.67033051119374,45.64092008414192,24.12052812400524
natural_gas_boiler,BG,70.42718940526784,70.42718943312336,70.4271894629614,70.37757355569296,69.5407034548981,68.26098594664441,66.29836585000022,63.7024834657331,61.68596757497733,59.77236332747255,59.749752643118654,59.41023803839237,59.26336443527131,59.19494494767587,59.126525450339614,57.96372591263105,57.89657426838628,57.82942262578921,56.84678502071997,55.801097426959345,55.73615024570463,0.6972566227323385,0.6956424810897142,0.6940283425832804,0.6924141951455676,0.6907999911480067,0.6891858751646538,0.6875717772886425,0.685957688741615,0.6843436317507102
natural_gas_boiler,CH,464.8832330691773,466.9284035093441,466.92840355600504,466.599452842882,469.29342263046095,472.248400936576,480.3339169917551,491.0780544046891,488.24265744751904,485.4092649675566,491.67703473726385,485.38412710148987,482.18272910316506,461.39127593040587,443.0375616256411,434.9854671844097,430.885174094307,410.0382543926037,409.56211697880724,405.86348796016233,390.6742708888334,70.48322296855162,70.3200578610323,70.15689273183172,69.99372756386308,57.6334779766657,36.27800785265559,25.593596254453335,12.376382047564299,12.347259056324653
natural_gas_boiler,CZ,419.36966285886,419.3696628594906,419.3696628490041,419.0742169906464,420.4285736073678,421.73926292407174,404.35845409176926,403.00260198560073,401.6476592823172,397.96738133852955,396.6151376742749,394.95798429108567,393.3035995712077,386.3900398842185,385.9434372313071,382.79080996054716,331.3885591191705,306.5426436486519,273.66725592626454,265.4577079472209,242.1265763688079,6.585154432387105,6.569910145339678,6.554665855321544,6.5394215545375065,3.7422481808012678,1.2604344019729655e-05,7.27270588879008e-06,8.248678849937106e-06,9.20328651370267e-06
natural_gas_boiler,DE,3693.5064259698916,3772.0414386230495,3772.0414378376117,3769.384035712274,3726.097625495318,3679.9493629110293,3712.6245671975266,3780.890013692516,3820.473756299777,3778.7474223935246,3846.8873657135,3801.9793781918097,3757.1647439260205,3553.8415932264666,3428.317529920703,3330.88608846278,3169.654233925906,2907.3517310003035,2768.3000060323343,2588.925660904314,2540.7061144256418,797.3738767165511,795.5279978298016,793.6821184637964,791.8362378630212,789.9903582380415,774.5277601614423,700.226167984162,576.9841916282523,350.9725691060571
natural_gas_boiler,DK,252.52512628670948,252.5445906058438,252.5445906116824,252.36667295959717,245.15211102744152,243.02002045198373,240.96983248737743,238.62925063529255,236.5821329308224,234.53649519200638,232.35913632107633,229.20312568678924,226.98788343445614,219.69124401016236,213.92407893072928,207.65715406418937,207.4165808471111,200.57023375542053,191.78594083328838,191.56297968933882,187.26450376791706,0.12912147196740217,0.12882256251331145,0.12852365254349363,0.1282247415288864,0.12792578438589264,0.1276268953996109,0.12732802588728914,0.12702917263975189,0.12673036993065345
natural_gas_boiler,EE,44.87305133985163,45.18173392097661,45.18173393103114,45.14990341388864,44.820789554600466,44.89051333161109,45.439624052185415,44.9482663561531,44.931276210813955,44.914286064181354,44.89729589963846,44.65510591934014,44.38102182456425,43.96759697647826,43.39276627498317,41.861030608480796,41.58398764817554,41.04655619132046,40.998892851083546,40.63479494179886,39.33179422151008,3.218191043185306,3.2107410749211938,3.2032911249402836,3.1958411728170173,0.9514799699533057,0.8506543293826394,0.2989943573227092,0.29829233032016217,0.29759049181927705
natural_gas_boiler,EL,62.21553150423031,62.21553152232055,62.215531534001826,62.171700706252764,62.12786987612159,62.084039042770115,61.0252608174474,54.509635542214134,48.91922450775839,43.31589480518727,32.80610585916133,30.152316466457606,26.204291564662064,26.17403873774044,20.42404221489395,20.4004081094347,10.027787094062246,10.01615631678397,7.804869439695898,5.890748402950834,1.1803854425893099,1.1776591446424705,1.1749329157573363,1.1722066904185147,1.169480467356585,1.166754248709808,1.1640280254799469,1.161301816145795,1.158575617248724,1.1558494488500353
natural_gas_boiler,ES,232.16789587270588,239.81949815612128,239.81949815959067,239.65054531595638,233.17629618477125,230.20993766768214,218.02275452201445,142.16662105619469,141.7714697578283,141.3765766594413,136.99947617235168,106.83529728645225,103.73142170963791,91.85008613281025,84.46541236557222,76.51350857906822,76.4248667987877,71.92359111368839,62.57676677182806,46.900636389237505,22.683939017783864,22.63154812831296,22.579157240801887,22.526766355187974,22.474375472756762,22.421984594779932,22.36959372130649,22.31720285453419,22.26481200118031,22.2124211921415
natural_gas_boiler,FI,203.60868338336007,203.67834055266496,203.67834068409252,203.5348491871154,212.63832883580548,217.85820208920987,217.7633448929782,217.56577802064155,217.48353939992708,217.40130095264328,217.31906241561657,217.0687458121195,216.81842919168042,216.12679738872475,215.87699076777366,215.3759520103766,214.96692137792812,214.63855748598522,214.37854974139944,213.95616434135448,213.50102414077858,15.164764716646049,15.12965905912055,15.094553377589325,15.05944769763771,6.012860356557721,0.4785368066914866,0.47741582920317527,0.4762951121731645,0.47517446515623424
natural_gas_boiler,FR,942.5042373890316,942.5042373947228,942.5042375441288,941.8402425810809,886.725643829148,783.0569210718639,747.011447984299,700.6296044700047,643.0713625156218,607.1190117615308,507.511912417446,471.2727822589837,404.01310323944665,310.18346564054553,281.5907155958999,245.68188313732517,177.94812470671255,142.5938521060061,71.87264529789273,56.25228624999853,56.18681393554369,56.05704469323598,55.92727545586676,55.79750621738838,55.667736975641766,55.53796773215523,55.408198504541815,55.27842928394446,55.14866008271884,55.018890930721795
natural_gas_boiler,HR,103.99876991923954,103.99876992655174,103.99876993168698,103.92550280304917,101.7599921329713,100.23505950818625,96.89844952533197,95.50645371541711,94.2843073467671,91.06545282535491,89.74884068147269,87.50182730006541,86.65970403709757,80.8786401769126,79.5644824278915,73.8554689615564,73.7699065649522,66.07227172662951,62.420857353632115,59.09997935232836,54.85428420473212,1.2500539171377991,1.2471601084098203,1.2442663000153813,1.2413724917310138,1.2384786563647603,1.2355848469606314,1.2326910526776214,1.229797275440498,1.226903539822463
natural_gas_boiler,HU,285.3436201503572,290.22931368126154,290.2293136905777,290.0248471716661,273.4250307588381,257.3555224229098,254.19934416574608,251.04547756506446,247.89392264062556,235.78261142247948,232.6390700448361,229.3202757048775,226.00851763072245,194.11095738933943,186.138643882332,132.20760323178413,115.99699687245186,80.42879930780619,45.737731559805674,30.65375779041771,23.280626898578372,23.22685789549879,23.173088897115754,23.119319899713943,23.065550901580917,23.01178190257078,22.958012909564186,22.904243927895248,22.850474962978584,22.79670604465162
natural_gas_boiler,IE,46.92060999554273,51.73699845419877,51.73699845814393,51.70054974581609,49.63062536294468,46.51886437312523,46.25669182978448,43.177310542815114,42.91657264778932,42.199662211749235,41.93946664282994,37.842887465932364,37.5555786176498,28.008961494346064,23.530218598509403,19.852850655915667,18.247880589174684,17.44835508761271,11.815005432210425,11.24390165574324,7.906246097630831,7.887985806389749,7.869725519266431,7.851465232158779,7.8332049453597365,7.814944660780916,7.796684378319288,7.778424102000892,7.760163835231309,7.7419035969758
natural_gas_boiler,IT,1620.9717632309892,1621.7073708810483,1621.707370868133,1620.564878025043,1477.2932259614183,1327.5178715866566,1246.028606150711,1164.6005435140153,1083.233683871885,996.9552196651359,855.0117334467221,668.250176398648,540.341864408573,393.89978302183584,379.1149907484676,302.1603272246385,233.648955517893,173.33715893281405,119.04600498679159,112.48844298937377,31.734223111635654,31.660929609401922,31.58763615630788,31.514342698824994,31.44104923449674,31.367755745012005,31.294462281685043,31.221168839793418,31.14787540945094,31.074582021659165
natural_gas_boiler,LT,23.852828658373806,23.85282866792993,23.852828671707258,23.83602436817496,23.2832036109705,21.326674357984217,21.05484769017807,20.318517957859555,17.659414303779084,17.432417579135922,17.205587539188755,16.063881106388067,15.825628404380131,12.691025559854436,12.676356851847004,12.661688144357457,11.357313974147875,9.31787751370237,9.000395912956904,8.392772157144408,7.749208959886883,1.9354442185064737,1.9309637627452896,1.9264833078704635,1.9220028551303752,1.9175223892125213,1.9130419417197118,1.9085615039254122,1.9040810799755352,1.899600689324261
natural_gas_boiler,LU,38.80810499272566,42.854360566287404,42.854360569407696,42.82416967400006,42.60190903093329,42.37991939641684,42.17205040212874,41.26654482721889,41.05922956735484,39.39283959292989,39.186366309162835,37.32347790603531,37.08930723153543,36.5155398983338,36.05655708490395,33.82415313986979,33.481793486092755,30.879146576872373,30.021384634238526,29.986483218009802,29.295815549774556,5.36819801384386,5.355770911282855,5.343343809038443,5.330916708465244,5.318489609475354,5.306062513255537,5.293635422195272,5.281208348781871,5.268781309134004
natural_gas_boiler,LV,60.168202632416026,60.43729677946642,60.43729678986639,60.39471873005044,60.05830226820056,58.624345948367704,58.36222174909716,57.79149245997265,56.842347133225,56.09618847923662,56.07496837900248,53.51888393345706,53.457167717053835,53.39545147115695,51.82755175655391,51.17913058232348,50.78196600257886,49.374883505113466,49.3175493099945,48.708815696625685,48.10162369698263,1.4826028886073832,1.4791707413701856,1.4757385926416806,1.472306436737903,1.3527645145964633,1.3496035035235834,1.34644267299868,1.3432818638175794,1.3401210948305224
natural_gas_boiler,NL,728.0451492301443,730.0636981179647,730.063698130204,729.5493682326309,728.3565535113426,730.2681306963242,733.3915571218596,678.7687682031036,624.1870593943993,549.6788034732643,495.18681813383,420.15784734568314,365.51433504994077,322.97471957192926,322.60141458016415,322.22810958022785,314.90255907662953,312.5349112351442,300.4621642270745,300.11286138894826,299.76355840040486,182.92082861557031,182.49737608262362,182.07392349666998,181.65047098581115,116.1182552179915,58.18352008153093,1.9551956475240175,1.9506021788441976,1.9460123095964268
natural_gas_boiler,NO,143.86835168270198,143.86835169869198,143.86835172537536,143.76699652951163,169.67251490559997,202.10024178220684,219.06776139606376,218.98498649351225,218.68783882466514,218.40186950397964,218.31925245935898,217.87197201782342,217.5412320712774,217.07811164475208,216.82720551512298,216.57629933682514,216.10162683993417,215.85098022248394,215.5906032121107,215.33996783605502,214.21140796280267,74.40227729510629,74.23003976928841,74.05780223780742,73.88556467939796,48.36876130734432,16.58895999575502,7.259665721580258e-06,7.776649066174461e-06,8.568874190567979e-06
natural_gas_boiler,PL,1016.2759684431439,1037.2299980258304,1037.2299980521045,1036.4992692495705,1016.8266920026251,1009.7134773042943,997.9647750083119,991.196679443174,965.6562145630844,958.9048781127912,943.5562779830033,936.0930352546385,925.5790270211318,918.1901408060219,913.285823827687,912.2289955686094,891.222556647201,851.8460452860994,850.8568783050779,819.0275206292613,762.541514414465,25.49855212227616,25.439524264031036,25.380496402549856,25.321468538777385,25.26244067324685,25.203412815574247,25.144384970652364,25.085357141391817,25.026329354830597
natural_gas_boiler,PT,8.866224216473636,9.434719732556264,9.434719734242245,9.428072975886462,8.922600627049922,8.269812012180633,8.26668843554337,7.150872083591122,6.412242102419841,5.355274687133356,4.474584490181029,2.4571552558559464,2.004494727684446,1.5728656311675036,1.5710476624961007,1.5692296937089427,1.1274216827657173,1.0089695196935193,0.9054392185063219,0.560352919010131,0.5597007282465183,0.5584080506254371,0.5571153726820042,0.5558226957915153,0.5545300213547384,0.553237347049256,0.5519446735699669,0.5506520032878184,0.5493593412782255,0.5480667055974139
natural_gas_boiler,RO,144.36854837666957,147.78474589519078,147.7847459027992,147.6806315601273,144.2269805048763,143.95854607524763,143.90417172167207,116.99572923155817,116.95150554981853,116.90728187321642,112.28046545083731,110.81366342838396,109.65119749046507,92.60522511926315,90.55425068571489,90.44764224112568,81.05645893436106,75.5223125995224,71.25465619323366,69.06952162340296,59.36736191100848,14.026323164223687,13.993852930557521,13.96138269677558,13.928912456116255,8.377439916744674,8.357865300361912,8.338290700334577,8.318716110379665,8.299141552149967
natural_gas_boiler,SE,186.17091301304026,186.17091311105077,186.17091305854734,186.03975568928334,197.19659528165687,212.24424014344476,211.91609777533637,211.8360250461221,211.63726623523164,211.28765291107956,211.2077271202612,209.5123081003643,209.27070507616608,209.0291022999692,208.7874994889291,208.54589653126325,208.30429370827892,208.0626909874178,207.8210881017834,206.33417873327468,205.55324705634735,26.903410349053168,26.841130307693057,26.778850263282308,26.716570185031127,15.147635057541441,8.32982655910191e-06,8.803684638564793e-06,9.322664335484871e-06,1.0209080668455668e-05
natural_gas_boiler,SI,22.331770002698846,22.331770007001555,22.331770011779316,22.31603728783545,22.300304571255317,20.923944659177362,20.916041558951143,20.908138425421907,20.90023529003695,20.367425717181646,19.45441408500971,18.94510259799383,17.30333236058047,17.283355689703313,15.982951202236073,15.928647582099808,14.82161569792019,13.118113281101703,13.102880511611861,13.087647743370391,12.953298357993903,1.7836179878401298e-05,1.7836117542813366e-05,1.7836539944604174e-05,1.784428246094983e-05,1.78906961070354e-05,7.3028607243142274e-06,7.897138770854658e-06,8.394260457294808e-06,9.066911496436908e-06
natural_gas_boiler,SK,112.8539076127749,117.46670941344486,117.46670942146282,117.38395413212147,112.2285145378878,112.34944084461297,113.21629274035182,113.17351044683082,113.13073162146165,113.08795274193781,113.04517384812588,103.38255574413151,103.2633383230347,91.08041738943476,89.16623549101645,89.06305491861205,88.92717917818656,88.0896338496429,84.77100832007548,78.5735175749327,75.01559782496551,28.702825310832818,28.636379716948266,28.56993411837365,28.50348851328194,25.392362760747655,25.138342719425374,10.434892769141793,9.31327178879835,9.291356909680015
natural_gas_boiler,UK,1829.9603091599297,1905.8923084258213,1905.8923084415621,1904.5496071644575,1687.9103217334666,1536.9175517852113,1404.742824626411,1272.6675436215758,1140.691709943493,1004.167102142489,872.3919180408036,699.223058585282,567.3241013300925,400.725388428645,400.26221659862296,387.8532076188912,350.9571785083083,271.9932931203566,152.95373258864328,117.87226194327768,74.7573013947658,74.58464169465955,74.41198199801784,74.23932230507825,74.06666261426244,73.89400292191385,73.72134322722064,73.54868354150179,73.37602387141855,73.20336424414624
natural_gas_pipeline,AT-CH,0.0,0.0,0.0,0.0,0.0,0.0,0.0,0.0,0.0,0.0,0.0,0.0,0.0,0.0,0.0,0.0,0.0,0.0,0.0,0.0,0.0,0.0,0.0,0.0,0.0,0.0,0.0,0.0,0.0,0.0
natural_gas_pipeline,AT-CZ,0.0,0.0,0.0,0.0,0.0,0.0,0.0,0.0,0.0,0.0,0.0,0.0,0.0,0.0,0.0,0.0,0.0,0.0,0.0,0.0,0.0,0.0,0.0,0.0,0.0,0.0,0.0,0.0,0.0,0.0
natural_gas_pipeline,AT-DE,0.0,0.0,0.0,0.0,0.0,0.0,0.0,0.0,0.0,0.0,0.0,0.0,0.0,0.0,0.0,0.0,0.0,0.0,0.0,0.0,0.0,0.0,0.0,0.0,0.0,0.0,0.0,0.0,0.0,0.0
natural_gas_pipeline,AT-HU,0.0,0.0,0.0,0.0,0.0,0.0,0.0,0.0,0.0,0.0,0.0,0.0,0.0,0.0,0.0,0.0,0.0,0.0,0.0,0.0,0.0,0.0,0.0,0.0,0.0,0.0,0.0,0.0,0.0,0.0
natural_gas_pipeline,AT-IT,0.0,0.0,0.0,0.0,0.0,0.0,0.0,0.0,0.0,0.0,0.0,0.0,0.0,0.0,0.0,0.0,0.0,0.0,0.0,0.0,0.0,0.0,0.0,0.0,0.0,0.0,0.0,0.0,0.0,0.0
natural_gas_pipeline,AT-SI,0.0,0.0,0.0,0.0,0.0,0.0,0.0,0.0,0.0,0.0,0.0,0.0,0.0,0.0,0.0,0.0,0.0,0.0,0.0,0.0,0.0,0.0,0.0,0.0,0.0,0.0,0.0,0.0,0.0,0.0
natural_gas_pipeline,AT-SK,0.0,0.0,0.0,0.0,0.0,0.0,0.0,0.0,0.0,0.0,0.0,0.0,0.0,0.0,0.0,0.0,0.0,0.0,0.0,0.0,0.0,0.0,0.0,0.0,0.0,0.0,0.0,0.0,0.0,0.0
natural_gas_pipeline,BE-DE,0.0,0.0,0.0,0.0,0.0,0.0,0.0,0.0,0.0,0.0,0.0,0.0,0.0,0.0,0.0,0.0,0.0,0.0,0.0,0.0,0.0,0.0,0.0,0.0,0.0,0.0,0.0,0.0,0.0,0.0
natural_gas_pipeline,BE-FR,0.0,0.0,0.0,0.0,0.0,0.0,0.0,0.0,0.0,0.0,0.0,0.0,0.0,0.0,0.0,0.0,0.0,0.0,0.0,0.0,0.0,0.0,0.0,0.0,0.0,0.0,0.0,0.0,0.0,0.0
natural_gas_pipeline,BE-LU,0.0,0.0,0.0,0.0,0.0,0.0,0.0,0.0,0.0,0.0,0.0,0.0,0.0,0.0,0.0,0.0,0.0,0.0,0.0,0.0,0.0,0.0,0.0,0.0,0.0,0.0,0.0,0.0,0.0,0.0
natural_gas_pipeline,BE-NL,0.0,0.0,0.0,0.0,0.0,0.0,0.0,0.0,0.0,0.0,0.0,0.0,0.0,0.0,0.0,0.0,0.0,0.0,0.0,0.0,0.0,0.0,0.0,0.0,0.0,0.0,0.0,0.0,0.0,0.0
natural_gas_pipeline,BE-NO,0.0,0.0,0.0,0.0,0.0,0.0,0.0,0.0,0.0,0.0,0.0,0.0,0.0,0.0,0.0,0.0,0.0,0.0,0.0,0.0,0.0,0.0,0.0,0.0,0.0,0.0,0.0,0.0,0.0,0.0
natural_gas_pipeline,BE-UK,0.0,0.0,0.0,0.0,0.0,0.0,0.0,0.0,0.0,0.0,0.0,0.0,0.0,0.0,0.0,0.0,0.0,0.0,0.0,0.0,0.0,0.0,0.0,0.0,0.0,0.0,0.0,0.0,0.0,0.0
natural_gas_pipeline,BG-EL,0.0,0.0,0.0,0.0,0.0,0.0,0.0,0.0,0.0,0.0,0.0,0.0,0.0,0.0,0.0,0.0,0.0,0.0,0.0,0.0,0.0,0.0,0.0,0.0,0.0,0.0,0.0,0.0,0.0,0.0
natural_gas_pipeline,BG-RO,0.0,0.0,0.0,0.0,0.0,0.0,0.0,0.0,0.0,0.0,0.0,0.0,0.0,0.0,0.0,0.0,0.0,0.0,0.0,0.0,0.0,0.0,0.0,0.0,0.0,0.0,0.0,0.0,0.0,0.0
natural_gas_pipeline,CH-AT,0.0,0.0,0.0,0.0,0.0,0.0,0.0,0.0,0.0,0.0,0.0,0.0,0.0,0.0,0.0,0.0,0.0,0.0,0.0,0.0,0.0,0.0,0.0,0.0,0.0,0.0,0.0,0.0,0.0,0.0
natural_gas_pipeline,CH-DE,0.0,0.0,0.0,0.0,0.0,0.0,0.0,0.0,0.0,0.0,0.0,0.0,0.0,0.0,0.0,0.0,0.0,0.0,0.0,0.0,0.0,0.0,0.0,0.0,0.0,0.0,0.0,0.0,0.0,0.0
natural_gas_pipeline,CH-FR,0.0,0.0,0.0,0.0,0.0,0.0,0.0,0.0,0.0,0.0,0.0,0.0,0.0,0.0,0.0,0.0,0.0,0.0,0.0,0.0,0.0,0.0,0.0,0.0,0.0,0.0,0.0,0.0,0.0,0.0
natural_gas_pipeline,CH-IT,0.0,0.0,0.0,0.0,0.0,0.0,0.0,0.0,0.0,0.0,0.0,0.0,0.0,0.0,0.0,0.0,0.0,0.0,0.0,0.0,0.0,0.0,0.0,0.0,0.0,0.0,0.0,0.0,0.0,0.0
natural_gas_pipeline,CZ-AT,0.0,0.0,0.0,0.0,0.0,0.0,0.0,0.0,0.0,0.0,0.0,0.0,0.0,0.0,0.0,0.0,0.0,0.0,0.0,0.0,0.0,0.0,0.0,0.0,0.0,0.0,0.0,0.0,0.0,0.0
natural_gas_pipeline,CZ-DE,0.0,0.0,0.0,0.0,0.0,0.0,0.0,0.0,0.0,0.0,0.0,0.0,0.0,0.0,0.0,0.0,0.0,0.0,0.0,0.0,0.0,0.0,0.0,0.0,0.0,0.0,0.0,0.0,0.0,0.0
natural_gas_pipeline,CZ-PL,0.0,0.0,0.0,0.0,0.0,0.0,0.0,0.0,0.0,0.0,0.0,0.0,0.0,0.0,0.0,0.0,0.0,0.0,0.0,0.0,0.0,0.0,0.0,0.0,0.0,0.0,0.0,0.0,0.0,0.0
natural_gas_pipeline,CZ-SK,0.0,0.0,0.0,0.0,0.0,0.0,0.0,0.0,0.0,0.0,0.0,0.0,0.0,0.0,0.0,0.0,0.0,0.0,0.0,0.0,0.0,0.0,0.0,0.0,0.0,0.0,0.0,0.0,0.0,0.0
natural_gas_pipeline,DE-AT,0.0,0.0,0.0,0.0,0.0,0.0,0.0,0.0,0.0,0.0,0.0,0.0,0.0,0.0,0.0,0.0,0.0,0.0,0.0,0.0,0.0,0.0,0.0,0.0,0.0,0.0,0.0,0.0,0.0,0.0
natural_gas_pipeline,DE-BE,0.0,0.0,0.0,0.0,0.0,0.0,0.0,0.0,0.0,0.0,0.0,0.0,0.0,0.0,0.0,0.0,0.0,0.0,0.0,0.0,0.0,0.0,0.0,0.0,0.0,0.0,0.0,0.0,0.0,0.0
natural_gas_pipeline,DE-CH,0.0,0.0,0.0,0.0,0.0,0.0,0.0,0.0,0.0,0.0,0.0,0.0,0.0,0.0,0.0,0.0,0.0,0.0,0.0,0.0,0.0,0.0,0.0,0.0,0.0,0.0,0.0,0.0,0.0,0.0
natural_gas_pipeline,DE-CZ,0.0,0.0,0.0,0.0,0.0,0.0,0.0,0.0,0.0,0.0,0.0,0.0,0.0,0.0,0.0,0.0,0.0,0.0,0.0,0.0,0.0,0.0,0.0,0.0,0.0,0.0,0.0,0.0,0.0,0.0
natural_gas_pipeline,DE-DK,0.0,0.0,0.0,0.0,0.0,0.0,0.0,0.0,0.0,0.0,0.0,0.0,0.0,0.0,0.0,0.0,0.0,0.0,0.0,0.0,0.0,0.0,0.0,0.0,0.0,0.0,0.0,0.0,0.0,0.0
natural_gas_pipeline,DE-FR,0.0,0.0,0.0,0.0,0.0,0.0,0.0,0.0,0.0,0.0,0.0,0.0,0.0,0.0,0.0,0.0,0.0,0.0,0.0,0.0,0.0,0.0,0.0,0.0,0.0,0.0,0.0,0.0,0.0,0.0
natural_gas_pipeline,DE-LU,0.0,0.0,0.0,0.0,0.0,0.0,0.0,0.0,0.0,0.0,0.0,0.0,0.0,0.0,0.0,0.0,0.0,0.0,0.0,0.0,0.0,0.0,0.0,0.0,0.0,0.0,0.0,0.0,0.0,0.0
natural_gas_pipeline,DE-NL,0.0,0.0,0.0,0.0,0.0,0.0,0.0,0.0,0.0,0.0,0.0,0.0,0.0,0.0,0.0,0.0,0.0,0.0,0.0,0.0,0.0,0.0,0.0,0.0,0.0,0.0,0.0,0.0,0.0,0.0
natural_gas_pipeline,DE-NO,0.0,0.0,0.0,0.0,0.0,0.0,0.0,0.0,0.0,0.0,0.0,0.0,0.0,0.0,0.0,0.0,0.0,0.0,0.0,0.0,0.0,0.0,0.0,0.0,0.0,0.0,0.0,0.0,0.0,0.0
natural_gas_pipeline,DE-PL,0.0,0.0,0.0,0.0,0.0,0.0,0.0,0.0,0.0,0.0,0.0,0.0,0.0,0.0,0.0,0.0,0.0,0.0,0.0,0.0,0.0,0.0,0.0,0.0,0.0,0.0,0.0,0.0,0.0,0.0
natural_gas_pipeline,DE-SE,0.0,0.0,0.0,0.0,0.0,0.0,0.0,0.0,0.0,0.0,0.0,0.0,0.0,0.0,0.0,0.0,0.0,0.0,0.0,0.0,0.0,0.0,0.0,0.0,0.0,0.0,0.0,0.0,0.0,0.0
natural_gas_pipeline,DE-UK,0.0,0.0,0.0,0.0,0.0,0.0,0.0,0.0,0.0,0.0,0.0,0.0,0.0,0.0,0.0,0.0,0.0,0.0,0.0,0.0,0.0,0.0,0.0,0.0,0.0,0.0,0.0,0.0,0.0,0.0
natural_gas_pipeline,DK-DE,0.0,0.0,0.0,0.0,0.0,0.0,0.0,0.0,0.0,0.0,0.0,0.0,0.0,0.0,0.0,0.0,0.0,0.0,0.0,0.0,0.0,0.0,0.0,0.0,0.0,0.0,0.0,0.0,0.0,0.0
natural_gas_pipeline,DK-NL,0.0,0.0,0.0,0.0,0.0,0.0,0.0,0.0,0.0,0.0,0.0,0.0,0.0,0.0,0.0,0.0,0.0,0.0,0.0,0.0,0.0,0.0,0.0,0.0,0.0,0.0,0.0,0.0,0.0,0.0
natural_gas_pipeline,DK-NO,0.0,0.0,0.0,0.0,0.0,0.0,0.0,0.0,0.0,0.0,0.0,0.0,0.0,0.0,0.0,0.0,0.0,0.0,0.0,0.0,0.0,0.0,0.0,0.0,0.0,0.0,0.0,0.0,0.0,0.0
natural_gas_pipeline,DK-SE,0.0,0.0,0.0,0.0,0.0,0.0,0.0,0.0,0.0,0.0,0.0,0.0,0.0,0.0,0.0,0.0,0.0,0.0,0.0,0.0,0.0,0.0,0.0,0.0,0.0,0.0,0.0,0.0,0.0,0.0
natural_gas_pipeline,DK-UK,0.0,0.0,0.0,0.0,0.0,0.0,0.0,0.0,0.0,0.0,0.0,0.0,0.0,0.0,0.0,0.0,0.0,0.0,0.0,0.0,0.0,0.0,0.0,0.0,0.0,0.0,0.0,0.0,0.0,0.0
natural_gas_pipeline,EE-FI,0.0,0.0,0.0,0.0,0.0,0.0,0.0,0.0,0.0,0.0,0.0,0.0,0.0,0.0,0.0,0.0,0.0,0.0,0.0,0.0,0.0,0.0,0.0,0.0,0.0,0.0,0.0,0.0,0.0,0.0
natural_gas_pipeline,EE-LV,0.0,0.0,0.0,0.0,0.0,0.0,0.0,0.0,0.0,0.0,0.0,0.0,0.0,0.0,0.0,0.0,0.0,0.0,0.0,0.0,0.0,0.0,0.0,0.0,0.0,0.0,0.0,0.0,0.0,0.0
natural_gas_pipeline,EL-BG,0.0,0.0,0.0,0.0,0.0,0.0,0.0,0.0,0.0,0.0,0.0,0.0,0.0,0.0,0.0,0.0,0.0,0.0,0.0,0.0,0.0,0.0,0.0,0.0,0.0,0.0,0.0,0.0,0.0,0.0
natural_gas_pipeline,EL-IT,0.0,0.0,0.0,0.0,0.0,0.0,0.0,0.0,0.0,0.0,0.0,0.0,0.0,0.0,0.0,0.0,0.0,0.0,0.0,0.0,0.0,0.0,0.0,0.0,0.0,0.0,0.0,0.0,0.0,0.0
natural_gas_pipeline,ES-FR,0.0,0.0,0.0,0.0,0.0,0.0,0.0,0.0,0.0,0.0,0.0,0.0,0.0,0.0,0.0,0.0,0.0,0.0,0.0,0.0,0.0,0.0,0.0,0.0,0.0,0.0,0.0,0.0,0.0,0.0
natural_gas_pipeline,ES-PT,0.0,0.0,0.0,0.0,0.0,0.0,0.0,0.0,0.0,0.0,0.0,0.0,0.0,0.0,0.0,0.0,0.0,0.0,0.0,0.0,0.0,0.0,0.0,0.0,0.0,0.0,0.0,0.0,0.0,0.0
natural_gas_pipeline,FI-EE,0.0,0.0,0.0,0.0,0.0,0.0,0.0,0.0,0.0,0.0,0.0,0.0,0.0,0.0,0.0,0.0,0.0,0.0,0.0,0.0,0.0,0.0,0.0,0.0,0.0,0.0,0.0,0.0,0.0,0.0
natural_gas_pipeline,FI-NO,0.0,0.0,0.0,0.0,0.0,0.0,0.0,0.0,0.0,0.0,0.0,0.0,0.0,0.0,0.0,0.0,0.0,0.0,0.0,0.0,0.0,0.0,0.0,0.0,0.0,0.0,0.0,0.0,0.0,0.0
natural_gas_pipeline,FI-SE,0.0,0.0,0.0,0.0,0.0,0.0,0.0,0.0,0.0,0.0,0.0,0.0,0.0,0.0,0.0,0.0,0.0,0.0,0.0,0.0,0.0,0.0,0.0,0.0,0.0,0.0,0.0,0.0,0.0,0.0
natural_gas_pipeline,FR-BE,0.0,0.0,0.0,0.0,0.0,0.0,0.0,0.0,0.0,0.0,0.0,0.0,0.0,0.0,0.0,0.0,0.0,0.0,0.0,0.0,0.0,0.0,0.0,0.0,0.0,0.0,0.0,0.0,0.0,0.0
natural_gas_pipeline,FR-CH,0.0,0.0,0.0,0.0,0.0,0.0,0.0,0.0,0.0,0.0,0.0,0.0,0.0,0.0,0.0,0.0,0.0,0.0,0.0,0.0,0.0,0.0,0.0,0.0,0.0,0.0,0.0,0.0,0.0,0.0
natural_gas_pipeline,FR-DE,0.0,0.0,0.0,0.0,0.0,0.0,0.0,0.0,0.0,0.0,0.0,0.0,0.0,0.0,0.0,0.0,0.0,0.0,0.0,0.0,0.0,0.0,0.0,0.0,0.0,0.0,0.0,0.0,0.0,0.0
natural_gas_pipeline,FR-ES,0.0,0.0,0.0,0.0,0.0,0.0,0.0,0.0,0.0,0.0,0.0,0.0,0.0,0.0,0.0,0.0,0.0,0.0,0.0,0.0,0.0,0.0,0.0,0.0,0.0,0.0,0.0,0.0,0.0,0.0
natural_gas_pipeline,FR-IT,0.0,0.0,0.0,0.0,0.0,0.0,0.0,0.0,0.0,0.0,0.0,0.0,0.0,0.0,0.0,0.0,0.0,0.0,0.0,0.0,0.0,0.0,0.0,0.0,0.0,0.0,0.0,0.0,0.0,0.0
natural_gas_pipeline,FR-LU,0.0,0.0,0.0,0.0,0.0,0.0,0.0,0.0,0.0,0.0,0.0,0.0,0.0,0.0,0.0,0.0,0.0,0.0,0.0,0.0,0.0,0.0,0.0,0.0,0.0,0.0,0.0,0.0,0.0,0.0
natural_gas_pipeline,FR-NO,0.0,0.0,0.0,0.0,0.0,0.0,0.0,0.0,0.0,0.0,0.0,0.0,0.0,0.0,0.0,0.0,0.0,0.0,0.0,0.0,0.0,0.0,0.0,0.0,0.0,0.0,0.0,0.0,0.0,0.0
natural_gas_pipeline,FR-UK,0.0,0.0,0.0,0.0,0.0,0.0,0.0,0.0,0.0,0.0,0.0,0.0,0.0,0.0,0.0,0.0,0.0,0.0,0.0,0.0,0.0,0.0,0.0,0.0,0.0,0.0,0.0,0.0,0.0,0.0
natural_gas_pipeline,HR-HU,0.0,0.0,0.0,0.0,0.0,0.0,0.0,0.0,0.0,0.0,0.0,0.0,0.0,0.0,0.0,0.0,0.0,0.0,0.0,0.0,0.0,0.0,0.0,0.0,0.0,0.0,0.0,0.0,0.0,0.0
natural_gas_pipeline,HR-SI,0.0,0.0,0.0,0.0,0.0,0.0,0.0,0.0,0.0,0.0,0.0,0.0,0.0,0.0,0.0,0.0,0.0,0.0,0.0,0.0,0.0,0.0,0.0,0.0,0.0,0.0,0.0,0.0,0.0,0.0
natural_gas_pipeline,HU-AT,0.0,0.0,0.0,0.0,0.0,0.0,0.0,0.0,0.0,0.0,0.0,0.0,0.0,0.0,0.0,0.0,0.0,0.0,0.0,0.0,0.0,0.0,0.0,0.0,0.0,0.0,0.0,0.0,0.0,0.0
natural_gas_pipeline,HU-HR,0.0,0.0,0.0,0.0,0.0,0.0,0.0,0.0,0.0,0.0,0.0,0.0,0.0,0.0,0.0,0.0,0.0,0.0,0.0,0.0,0.0,0.0,0.0,0.0,0.0,0.0,0.0,0.0,0.0,0.0
natural_gas_pipeline,HU-RO,0.0,0.0,0.0,0.0,0.0,0.0,0.0,0.0,0.0,0.0,0.0,0.0,0.0,0.0,0.0,0.0,0.0,0.0,0.0,0.0,0.0,0.0,0.0,0.0,0.0,0.0,0.0,0.0,0.0,0.0
natural_gas_pipeline,HU-SI,0.0,0.0,0.0,0.0,0.0,0.0,0.0,0.0,0.0,0.0,0.0,0.0,0.0,0.0,0.0,0.0,0.0,0.0,0.0,0.0,0.0,0.0,0.0,0.0,0.0,0.0,0.0,0.0,0.0,0.0
natural_gas_pipeline,HU-SK,0.0,0.0,0.0,0.0,0.0,0.0,0.0,0.0,0.0,0.0,0.0,0.0,0.0,0.0,0.0,0.0,0.0,0.0,0.0,0.0,0.0,0.0,0.0,0.0,0.0,0.0,0.0,0.0,0.0,0.0
natural_gas_pipeline,IE-UK,0.0,0.0,0.0,0.0,0.0,0.0,0.0,0.0,0.0,0.0,0.0,0.0,0.0,0.0,0.0,0.0,0.0,0.0,0.0,0.0,0.0,0.0,0.0,0.0,0.0,0.0,0.0,0.0,0.0,0.0
natural_gas_pipeline,IT-AT,0.0,0.0,0.0,0.0,0.0,0.0,0.0,0.0,0.0,0.0,0.0,0.0,0.0,0.0,0.0,0.0,0.0,0.0,0.0,0.0,0.0,0.0,0.0,0.0,0.0,0.0,0.0,0.0,0.0,0.0
natural_gas_pipeline,IT-CH,0.0,0.0,0.0,0.0,0.0,0.0,0.0,0.0,0.0,0.0,0.0,0.0,0.0,0.0,0.0,0.0,0.0,0.0,0.0,0.0,0.0,0.0,0.0,0.0,0.0,0.0,0.0,0.0,0.0,0.0
natural_gas_pipeline,IT-EL,0.0,0.0,0.0,0.0,0.0,0.0,0.0,0.0,0.0,0.0,0.0,0.0,0.0,0.0,0.0,0.0,0.0,0.0,0.0,0.0,0.0,0.0,0.0,0.0,0.0,0.0,0.0,0.0,0.0,0.0
natural_gas_pipeline,IT-FR,0.0,0.0,0.0,0.0,0.0,0.0,0.0,0.0,0.0,0.0,0.0,0.0,0.0,0.0,0.0,0.0,0.0,0.0,0.0,0.0,0.0,0.0,0.0,0.0,0.0,0.0,0.0,0.0,0.0,0.0
natural_gas_pipeline,IT-SI,0.0,0.0,0.0,0.0,0.0,0.0,0.0,0.0,0.0,0.0,0.0,0.0,0.0,0.0,0.0,0.0,0.0,0.0,0.0,0.0,0.0,0.0,0.0,0.0,0.0,0.0,0.0,0.0,0.0,0.0
natural_gas_pipeline,LT-LV,0.0,0.0,0.0,0.0,0.0,0.0,0.0,0.0,0.0,0.0,0.0,0.0,0.0,0.0,0.0,0.0,0.0,0.0,0.0,0.0,0.0,0.0,0.0,0.0,0.0,0.0,0.0,0.0,0.0,0.0
natural_gas_pipeline,LT-PL,0.0,0.0,0.0,0.0,0.0,0.0,0.0,0.0,0.0,0.0,0.0,0.0,0.0,0.0,0.0,0.0,0.0,0.0,0.0,0.0,0.0,0.0,0.0,0.0,0.0,0.0,0.0,0.0,0.0,0.0
natural_gas_pipeline,LT-SE,0.0,0.0,0.0,0.0,0.0,0.0,0.0,0.0,0.0,0.0,0.0,0.0,0.0,0.0,0.0,0.0,0.0,0.0,0.0,0.0,0.0,0.0,0.0,0.0,0.0,0.0,0.0,0.0,0.0,0.0
natural_gas_pipeline,LU-BE,0.0,0.0,0.0,0.0,0.0,0.0,0.0,0.0,0.0,0.0,0.0,0.0,0.0,0.0,0.0,0.0,0.0,0.0,0.0,0.0,0.0,0.0,0.0,0.0,0.0,0.0,0.0,0.0,0.0,0.0
natural_gas_pipeline,LU-DE,0.0,0.0,0.0,0.0,0.0,0.0,0.0,0.0,0.0,0.0,0.0,0.0,0.0,0.0,0.0,0.0,0.0,0.0,0.0,0.0,0.0,0.0,0.0,0.0,0.0,0.0,0.0,0.0,0.0,0.0
natural_gas_pipeline,LU-FR,0.0,0.0,0.0,0.0,0.0,0.0,0.0,0.0,0.0,0.0,0.0,0.0,0.0,0.0,0.0,0.0,0.0,0.0,0.0,0.0,0.0,0.0,0.0,0.0,0.0,0.0,0.0,0.0,0.0,0.0
natural_gas_pipeline,LV-EE,0.0,0.0,0.0,0.0,0.0,0.0,0.0,0.0,0.0,0.0,0.0,0.0,0.0,0.0,0.0,0.0,0.0,0.0,0.0,0.0,0.0,0.0,0.0,0.0,0.0,0.0,0.0,0.0,0.0,0.0
natural_gas_pipeline,LV-LT,0.0,0.0,0.0,0.0,0.0,0.0,0.0,0.0,0.0,0.0,0.0,0.0,0.0,0.0,0.0,0.0,0.0,0.0,0.0,0.0,0.0,0.0,0.0,0.0,0.0,0.0,0.0,0.0,0.0,0.0
natural_gas_pipeline,NL-BE,0.0,0.0,0.0,0.0,0.0,0.0,0.0,0.0,0.0,0.0,0.0,0.0,0.0,0.0,0.0,0.0,0.0,0.0,0.0,0.0,0.0,0.0,0.0,0.0,0.0,0.0,0.0,0.0,0.0,0.0
natural_gas_pipeline,NL-DE,0.0,0.0,0.0,0.0,0.0,0.0,0.0,0.0,0.0,0.0,0.0,0.0,0.0,0.0,0.0,0.0,0.0,0.0,0.0,0.0,0.0,0.0,0.0,0.0,0.0,0.0,0.0,0.0,0.0,0.0
natural_gas_pipeline,NL-DK,0.0,0.0,0.0,0.0,0.0,0.0,0.0,0.0,0.0,0.0,0.0,0.0,0.0,0.0,0.0,0.0,0.0,0.0,0.0,0.0,0.0,0.0,0.0,0.0,0.0,0.0,0.0,0.0,0.0,0.0
natural_gas_pipeline,NL-NO,0.0,0.0,0.0,0.0,0.0,0.0,0.0,0.0,0.0,0.0,0.0,0.0,0.0,0.0,0.0,0.0,0.0,0.0,0.0,0.0,0.0,0.0,0.0,0.0,0.0,0.0,0.0,0.0,0.0,0.0
natural_gas_pipeline,NL-UK,0.0,0.0,0.0,0.0,0.0,0.0,0.0,0.0,0.0,0.0,0.0,0.0,0.0,0.0,0.0,0.0,0.0,0.0,0.0,0.0,0.0,0.0,0.0,0.0,0.0,0.0,0.0,0.0,0.0,0.0
natural_gas_pipeline,NO-BE,0.0,0.0,0.0,0.0,0.0,0.0,0.0,0.0,0.0,0.0,0.0,0.0,0.0,0.0,0.0,0.0,0.0,0.0,0.0,0.0,0.0,0.0,0.0,0.0,0.0,0.0,0.0,0.0,0.0,0.0
natural_gas_pipeline,NO-DE,0.0,0.0,0.0,0.0,0.0,0.0,0.0,0.0,0.0,0.0,0.0,0.0,0.0,0.0,0.0,0.0,0.0,0.0,0.0,0.0,0.0,0.0,0.0,0.0,0.0,0.0,0.0,0.0,0.0,0.0
natural_gas_pipeline,NO-DK,0.0,0.0,0.0,0.0,0.0,0.0,0.0,0.0,0.0,0.0,0.0,0.0,0.0,0.0,0.0,0.0,0.0,0.0,0.0,0.0,0.0,0.0,0.0,0.0,0.0,0.0,0.0,0.0,0.0,0.0
natural_gas_pipeline,NO-FI,0.0,0.0,0.0,0.0,0.0,0.0,0.0,0.0,0.0,0.0,0.0,0.0,0.0,0.0,0.0,0.0,0.0,0.0,0.0,0.0,0.0,0.0,0.0,0.0,0.0,0.0,0.0,0.0,0.0,0.0
natural_gas_pipeline,NO-FR,0.0,0.0,0.0,0.0,0.0,0.0,0.0,0.0,0.0,0.0,0.0,0.0,0.0,0.0,0.0,0.0,0.0,0.0,0.0,0.0,0.0,0.0,0.0,0.0,0.0,0.0,0.0,0.0,0.0,0.0
natural_gas_pipeline,NO-NL,0.0,0.0,0.0,0.0,0.0,0.0,0.0,0.0,0.0,0.0,0.0,0.0,0.0,0.0,0.0,0.0,0.0,0.0,0.0,0.0,0.0,0.0,0.0,0.0,0.0,0.0,0.0,0.0,0.0,0.0
natural_gas_pipeline,NO-SE,0.0,0.0,0.0,0.0,0.0,0.0,0.0,0.0,0.0,0.0,0.0,0.0,0.0,0.0,0.0,0.0,0.0,0.0,0.0,0.0,0.0,0.0,0.0,0.0,0.0,0.0,0.0,0.0,0.0,0.0
natural_gas_pipeline,NO-UK,0.0,0.0,0.0,0.0,0.0,0.0,0.0,0.0,0.0,0.0,0.0,0.0,0.0,0.0,0.0,0.0,0.0,0.0,0.0,0.0,0.0,0.0,0.0,0.0,0.0,0.0,0.0,0.0,0.0,0.0
natural_gas_pipeline,PL-CZ,0.0,0.0,0.0,0.0,0.0,0.0,0.0,0.0,0.0,0.0,0.0,0.0,0.0,0.0,0.0,0.0,0.0,0.0,0.0,0.0,0.0,0.0,0.0,0.0,0.0,0.0,0.0,0.0,0.0,0.0
natural_gas_pipeline,PL-DE,0.0,0.0,0.0,0.0,0.0,0.0,0.0,0.0,0.0,0.0,0.0,0.0,0.0,0.0,0.0,0.0,0.0,0.0,0.0,0.0,0.0,0.0,0.0,0.0,0.0,0.0,0.0,0.0,0.0,0.0
natural_gas_pipeline,PL-LT,0.0,0.0,0.0,0.0,0.0,0.0,0.0,0.0,0.0,0.0,0.0,0.0,0.0,0.0,0.0,0.0,0.0,0.0,0.0,0.0,0.0,0.0,0.0,0.0,0.0,0.0,0.0,0.0,0.0,0.0
natural_gas_pipeline,PL-SE,0.0,0.0,0.0,0.0,0.0,0.0,0.0,0.0,0.0,0.0,0.0,0.0,0.0,0.0,0.0,0.0,0.0,0.0,0.0,0.0,0.0,0.0,0.0,0.0,0.0,0.0,0.0,0.0,0.0,0.0
natural_gas_pipeline,PL-SK,0.0,0.0,0.0,0.0,0.0,0.0,0.0,0.0,0.0,0.0,0.0,0.0,0.0,0.0,0.0,0.0,0.0,0.0,0.0,0.0,0.0,0.0,0.0,0.0,0.0,0.0,0.0,0.0,0.0,0.0
natural_gas_pipeline,PT-ES,0.0,0.0,0.0,0.0,0.0,0.0,0.0,0.0,0.0,0.0,0.0,0.0,0.0,0.0,0.0,0.0,0.0,0.0,0.0,0.0,0.0,0.0,0.0,0.0,0.0,0.0,0.0,0.0,0.0,0.0
natural_gas_pipeline,RO-BG,0.0,0.0,0.0,0.0,0.0,0.0,0.0,0.0,0.0,0.0,0.0,0.0,0.0,0.0,0.0,0.0,0.0,0.0,0.0,0.0,0.0,0.0,0.0,0.0,0.0,0.0,0.0,0.0,0.0,0.0
natural_gas_pipeline,RO-HU,0.0,0.0,0.0,0.0,0.0,0.0,0.0,0.0,0.0,0.0,0.0,0.0,0.0,0.0,0.0,0.0,0.0,0.0,0.0,0.0,0.0,0.0,0.0,0.0,0.0,0.0,0.0,0.0,0.0,0.0
natural_gas_pipeline,SE-DE,0.0,0.0,0.0,0.0,0.0,0.0,0.0,0.0,0.0,0.0,0.0,0.0,0.0,0.0,0.0,0.0,0.0,0.0,0.0,0.0,0.0,0.0,0.0,0.0,0.0,0.0,0.0,0.0,0.0,0.0
natural_gas_pipeline,SE-DK,0.0,0.0,0.0,0.0,0.0,0.0,0.0,0.0,0.0,0.0,0.0,0.0,0.0,0.0,0.0,0.0,0.0,0.0,0.0,0.0,0.0,0.0,0.0,0.0,0.0,0.0,0.0,0.0,0.0,0.0
natural_gas_pipeline,SE-FI,0.0,0.0,0.0,0.0,0.0,0.0,0.0,0.0,0.0,0.0,0.0,0.0,0.0,0.0,0.0,0.0,0.0,0.0,0.0,0.0,0.0,0.0,0.0,0.0,0.0,0.0,0.0,0.0,0.0,0.0
natural_gas_pipeline,SE-LT,0.0,0.0,0.0,0.0,0.0,0.0,0.0,0.0,0.0,0.0,0.0,0.0,0.0,0.0,0.0,0.0,0.0,0.0,0.0,0.0,0.0,0.0,0.0,0.0,0.0,0.0,0.0,0.0,0.0,0.0
natural_gas_pipeline,SE-NO,0.0,0.0,0.0,0.0,0.0,0.0,0.0,0.0,0.0,0.0,0.0,0.0,0.0,0.0,0.0,0.0,0.0,0.0,0.0,0.0,0.0,0.0,0.0,0.0,0.0,0.0,0.0,0.0,0.0,0.0
natural_gas_pipeline,SE-PL,0.0,0.0,0.0,0.0,0.0,0.0,0.0,0.0,0.0,0.0,0.0,0.0,0.0,0.0,0.0,0.0,0.0,0.0,0.0,0.0,0.0,0.0,0.0,0.0,0.0,0.0,0.0,0.0,0.0,0.0
natural_gas_pipeline,SI-AT,0.0,0.0,0.0,0.0,0.0,0.0,0.0,0.0,0.0,0.0,0.0,0.0,0.0,0.0,0.0,0.0,0.0,0.0,0.0,0.0,0.0,0.0,0.0,0.0,0.0,0.0,0.0,0.0,0.0,0.0
natural_gas_pipeline,SI-HR,0.0,0.0,0.0,0.0,0.0,0.0,0.0,0.0,0.0,0.0,0.0,0.0,0.0,0.0,0.0,0.0,0.0,0.0,0.0,0.0,0.0,0.0,0.0,0.0,0.0,0.0,0.0,0.0,0.0,0.0
natural_gas_pipeline,SI-HU,0.0,0.0,0.0,0.0,0.0,0.0,0.0,0.0,0.0,0.0,0.0,0.0,0.0,0.0,0.0,0.0,0.0,0.0,0.0,0.0,0.0,0.0,0.0,0.0,0.0,0.0,0.0,0.0,0.0,0.0
natural_gas_pipeline,SI-IT,0.0,0.0,0.0,0.0,0.0,0.0,0.0,0.0,0.0,0.0,0.0,0.0,0.0,0.0,0.0,0.0,0.0,0.0,0.0,0.0,0.0,0.0,0.0,0.0,0.0,0.0,0.0,0.0,0.0,0.0
natural_gas_pipeline,SK-AT,0.0,0.0,0.0,0.0,0.0,0.0,0.0,0.0,0.0,0.0,0.0,0.0,0.0,0.0,0.0,0.0,0.0,0.0,0.0,0.0,0.0,0.0,0.0,0.0,0.0,0.0,0.0,0.0,0.0,0.0
natural_gas_pipeline,SK-CZ,0.0,0.0,0.0,0.0,0.0,0.0,0.0,0.0,0.0,0.0,0.0,0.0,0.0,0.0,0.0,0.0,0.0,0.0,0.0,0.0,0.0,0.0,0.0,0.0,0.0,0.0,0.0,0.0,0.0,0.0
natural_gas_pipeline,SK-HU,0.0,0.0,0.0,0.0,0.0,0.0,0.0,0.0,0.0,0.0,0.0,0.0,0.0,0.0,0.0,0.0,0.0,0.0,0.0,0.0,0.0,0.0,0.0,0.0,0.0,0.0,0.0,0.0,0.0,0.0
natural_gas_pipeline,SK-PL,0.0,0.0,0.0,0.0,0.0,0.0,0.0,0.0,0.0,0.0,0.0,0.0,0.0,0.0,0.0,0.0,0.0,0.0,0.0,0.0,0.0,0.0,0.0,0.0,0.0,0.0,0.0,0.0,0.0,0.0
natural_gas_pipeline,UK-BE,0.0,0.0,0.0,0.0,0.0,0.0,0.0,0.0,0.0,0.0,0.0,0.0,0.0,0.0,0.0,0.0,0.0,0.0,0.0,0.0,0.0,0.0,0.0,0.0,0.0,0.0,0.0,0.0,0.0,0.0
natural_gas_pipeline,UK-DE,0.0,0.0,0.0,0.0,0.0,0.0,0.0,0.0,0.0,0.0,0.0,0.0,0.0,0.0,0.0,0.0,0.0,0.0,0.0,0.0,0.0,0.0,0.0,0.0,0.0,0.0,0.0,0.0,0.0,0.0
natural_gas_pipeline,UK-DK,0.0,0.0,0.0,0.0,0.0,0.0,0.0,0.0,0.0,0.0,0.0,0.0,0.0,0.0,0.0,0.0,0.0,0.0,0.0,0.0,0.0,0.0,0.0,0.0,0.0,0.0,0.0,0.0,0.0,0.0
natural_gas_pipeline,UK-FR,0.0,0.0,0.0,0.0,0.0,0.0,0.0,0.0,0.0,0.0,0.0,0.0,0.0,0.0,0.0,0.0,0.0,0.0,0.0,0.0,0.0,0.0,0.0,0.0,0.0,0.0,0.0,0.0,0.0,0.0
natural_gas_pipeline,UK-IE,0.0,0.0,0.0,0.0,0.0,0.0,0.0,0.0,0.0,0.0,0.0,0.0,0.0,0.0,0.0,0.0,0.0,0.0,0.0,0.0,0.0,0.0,0.0,0.0,0.0,0.0,0.0,0.0,0.0,0.0
natural_gas_pipeline,UK-NL,0.0,0.0,0.0,0.0,0.0,0.0,0.0,0.0,0.0,0.0,0.0,0.0,0.0,0.0,0.0,0.0,0.0,0.0,0.0,0.0,0.0,0.0,0.0,0.0,0.0,0.0,0.0,0.0,0.0,0.0
natural_gas_pipeline,UK-NO,0.0,0.0,0.0,0.0,0.0,0.0,0.0,0.0,0.0,0.0,0.0,0.0,0.0,0.0,0.0,0.0,0.0,0.0,0.0,0.0,0.0,0.0,0.0,0.0,0.0,0.0,0.0,0.0,0.0,0.0
natural_gas_storage,AT,0.0,0.0,0.0,0.0,0.0,0.0,0.0,0.0,0.0,0.0,0.0,0.0,0.0,0.0,0.0,0.0,0.0,0.0,0.0,0.0,0.0,0.0,0.0,0.0,0.0,0.0,0.0,0.0,0.0,0.0
natural_gas_storage,BE,0.0,0.0,0.0,0.0,0.0,0.0,0.0,0.0,0.0,0.0,0.0,0.0,0.0,0.0,0.0,0.0,0.0,0.0,0.0,0.0,0.0,0.0,0.0,0.0,0.0,0.0,0.0,0.0,0.0,0.0
natural_gas_storage,BG,0.0,0.0,0.0,0.0,0.0,0.0,0.0,0.0,0.0,0.0,0.0,0.0,0.0,0.0,0.0,0.0,0.0,0.0,0.0,0.0,0.0,0.0,0.0,0.0,0.0,0.0,0.0,0.0,0.0,0.0
natural_gas_storage,CH,0.0,0.0,0.0,0.0,0.0,0.0,0.0,0.0,0.0,0.0,0.0,0.0,0.0,0.0,0.0,0.0,0.0,0.0,0.0,0.0,0.0,0.0,0.0,0.0,0.0,0.0,0.0,0.0,0.0,0.0
natural_gas_storage,CZ,0.0,0.0,0.0,0.0,0.0,0.0,0.0,0.0,0.0,0.0,0.0,0.0,0.0,0.0,0.0,0.0,0.0,0.0,0.0,0.0,0.0,0.0,0.0,0.0,0.0,0.0,0.0,0.0,0.0,0.0
natural_gas_storage,DE,0.0,0.0,0.0,0.0,0.0,0.0,0.0,0.0,0.0,0.0,0.0,0.0,0.0,0.0,0.0,0.0,0.0,0.0,0.0,0.0,0.0,0.0,0.0,0.0,0.0,0.0,0.0,0.0,0.0,0.0
natural_gas_storage,DK,0.0,0.0,0.0,0.0,0.0,0.0,0.0,0.0,0.0,0.0,0.0,0.0,0.0,0.0,0.0,0.0,0.0,0.0,0.0,0.0,0.0,0.0,0.0,0.0,0.0,0.0,0.0,0.0,0.0,0.0
natural_gas_storage,EE,0.0,0.0,0.0,0.0,0.0,0.0,0.0,0.0,0.0,0.0,0.0,0.0,0.0,0.0,0.0,0.0,0.0,0.0,0.0,0.0,0.0,0.0,0.0,0.0,0.0,0.0,0.0,0.0,0.0,0.0
natural_gas_storage,EL,0.0,0.0,0.0,0.0,0.0,0.0,0.0,0.0,0.0,0.0,0.0,0.0,0.0,0.0,0.0,0.0,0.0,0.0,0.0,0.0,0.0,0.0,0.0,0.0,0.0,0.0,0.0,0.0,0.0,0.0
natural_gas_storage,ES,0.0,0.0,0.0,0.0,0.0,0.0,0.0,0.0,0.0,0.0,0.0,0.0,0.0,0.0,0.0,0.0,0.0,0.0,0.0,0.0,0.0,0.0,0.0,0.0,0.0,0.0,0.0,0.0,0.0,0.0
natural_gas_storage,FI,0.0,0.0,0.0,0.0,0.0,0.0,0.0,0.0,0.0,0.0,0.0,0.0,0.0,0.0,0.0,0.0,0.0,0.0,0.0,0.0,0.0,0.0,0.0,0.0,0.0,0.0,0.0,0.0,0.0,0.0
natural_gas_storage,FR,0.0,0.0,0.0,0.0,0.0,0.0,0.0,0.0,0.0,0.0,0.0,0.0,0.0,0.0,0.0,0.0,0.0,0.0,0.0,0.0,0.0,0.0,0.0,0.0,0.0,0.0,0.0,0.0,0.0,0.0
natural_gas_storage,HR,0.0,0.0,0.0,0.0,0.0,0.0,0.0,0.0,0.0,0.0,0.0,0.0,0.0,0.0,0.0,0.0,0.0,0.0,0.0,0.0,0.0,0.0,0.0,0.0,0.0,0.0,0.0,0.0,0.0,0.0
natural_gas_storage,HU,0.0,0.0,0.0,0.0,0.0,0.0,0.0,0.0,0.0,0.0,0.0,0.0,0.0,0.0,0.0,0.0,0.0,0.0,0.0,0.0,0.0,0.0,0.0,0.0,0.0,0.0,0.0,0.0,0.0,0.0
natural_gas_storage,IE,0.0,0.0,0.0,0.0,0.0,0.0,0.0,0.0,0.0,0.0,0.0,0.0,0.0,0.0,0.0,0.0,0.0,0.0,0.0,0.0,0.0,0.0,0.0,0.0,0.0,0.0,0.0,0.0,0.0,0.0
natural_gas_storage,IT,0.0,0.0,0.0,0.0,0.0,0.0,0.0,0.0,0.0,0.0,0.0,0.0,0.0,0.0,0.0,0.0,0.0,0.0,0.0,0.0,0.0,0.0,0.0,0.0,0.0,0.0,0.0,0.0,0.0,0.0
natural_gas_storage,LT,0.0,0.0,0.0,0.0,0.0,0.0,0.0,0.0,0.0,0.0,0.0,0.0,0.0,0.0,0.0,0.0,0.0,0.0,0.0,0.0,0.0,0.0,0.0,0.0,0.0,0.0,0.0,0.0,0.0,0.0
natural_gas_storage,LU,0.0,0.0,0.0,0.0,0.0,0.0,0.0,0.0,0.0,0.0,0.0,0.0,0.0,0.0,0.0,0.0,0.0,0.0,0.0,0.0,0.0,0.0,0.0,0.0,0.0,0.0,0.0,0.0,0.0,0.0
natural_gas_storage,LV,0.0,0.0,0.0,0.0,0.0,0.0,0.0,0.0,0.0,0.0,0.0,0.0,0.0,0.0,0.0,0.0,0.0,0.0,0.0,0.0,0.0,0.0,0.0,0.0,0.0,0.0,0.0,0.0,0.0,0.0
natural_gas_storage,NL,0.0,0.0,0.0,0.0,0.0,0.0,0.0,0.0,0.0,0.0,0.0,0.0,0.0,0.0,0.0,0.0,0.0,0.0,0.0,0.0,0.0,0.0,0.0,0.0,0.0,0.0,0.0,0.0,0.0,0.0
natural_gas_storage,NO,0.0,0.0,0.0,0.0,0.0,0.0,0.0,0.0,0.0,0.0,0.0,0.0,0.0,0.0,0.0,0.0,0.0,0.0,0.0,0.0,0.0,0.0,0.0,0.0,0.0,0.0,0.0,0.0,0.0,0.0
natural_gas_storage,PL,0.0,0.0,0.0,0.0,0.0,0.0,0.0,0.0,0.0,0.0,0.0,0.0,0.0,0.0,0.0,0.0,0.0,0.0,0.0,0.0,0.0,0.0,0.0,0.0,0.0,0.0,0.0,0.0,0.0,0.0
natural_gas_storage,PT,0.0,0.0,0.0,0.0,0.0,0.0,0.0,0.0,0.0,0.0,0.0,0.0,0.0,0.0,0.0,0.0,0.0,0.0,0.0,0.0,0.0,0.0,0.0,0.0,0.0,0.0,0.0,0.0,0.0,0.0
natural_gas_storage,RO,0.0,0.0,0.0,0.0,0.0,0.0,0.0,0.0,0.0,0.0,0.0,0.0,0.0,0.0,0.0,0.0,0.0,0.0,0.0,0.0,0.0,0.0,0.0,0.0,0.0,0.0,0.0,0.0,0.0,0.0
natural_gas_storage,SE,0.0,0.0,0.0,0.0,0.0,0.0,0.0,0.0,0.0,0.0,0.0,0.0,0.0,0.0,0.0,0.0,0.0,0.0,0.0,0.0,0.0,0.0,0.0,0.0,0.0,0.0,0.0,0.0,0.0,0.0
natural_gas_storage,SI,0.0,0.0,0.0,0.0,0.0,0.0,0.0,0.0,0.0,0.0,0.0,0.0,0.0,0.0,0.0,0.0,0.0,0.0,0.0,0.0,0.0,0.0,0.0,0.0,0.0,0.0,0.0,0.0,0.0,0.0
natural_gas_storage,SK,0.0,0.0,0.0,0.0,0.0,0.0,0.0,0.0,0.0,0.0,0.0,0.0,0.0,0.0,0.0,0.0,0.0,0.0,0.0,0.0,0.0,0.0,0.0,0.0,0.0,0.0,0.0,0.0,0.0,0.0
natural_gas_storage,UK,0.0,0.0,0.0,0.0,0.0,0.0,0.0,0.0,0.0,0.0,0.0,0.0,0.0,0.0,0.0,0.0,0.0,0.0,0.0,0.0,0.0,0.0,0.0,0.0,0.0,0.0,0.0,0.0,0.0,0.0
natural_gas_turbine,AT,30.141863140948214,29.030403242766315,25.595393013134196,26.077855581113887,26.35544071308273,25.511268819977566,23.094738810850476,19.615424450823618,19.226032387165787,18.827164982265923,18.729387654818716,18.686808582482136,18.85491415500679,18.730885037180247,18.700515984631657,52.94536094704231,53.06092830667154,52.76561209923332,52.45272675205244,52.347373110859856,52.241879985994565,66.84135917108176,55.04980458402123,55.16988841170173,55.06982180441111,55.39536513474526,62.69949700532873,69.73388939855514,69.56333580662046,69.21591175253218
natural_gas_turbine,BE,78.3485480510248,76.84157454268417,79.73534160019062,107.3055498575809,92.96241543660945,94.68615393171427,92.73928962285642,110.3933484521198,110.49256522438988,139.9965490930799,210.31926250389276,207.2829822289298,197.955593830221,208.6587835724266,206.63738930488452,208.97312781393,210.5942074894957,222.69865906935132,229.70053849244408,227.39409696001337,234.32771062389784,290.7905044118151,277.42742875158854,275.6249269041643,272.72385004620907,274.9833641546013,273.62130936074186,275.0939589981627,275.4525985132923,282.4998694918993
natural_gas_turbine,BG,0.39528410045452256,0.395284198250427,0.4336210623206443,0.5904819089866946,0.5891965351387831,0.572113356516464,0.5762840122797589,0.562458599631208,0.5421470389340323,4.139505720402383,4.316074096135082,5.637138343447065,8.467188840491575,10.084227539698754,10.131773373306771,9.419630730542085,11.948606118640216,17.61736670871749,21.640007040642626,21.30704971850406,21.29431062483305,19.732824900087458,19.462910250066248,19.403860423007476,19.257090036768446,19.231048725736493,19.26141661531664,18.929153129331805,19.16193617414034,18.55190469649293
natural_gas_turbine,CH,1.212256427538719,1.2122551777671908,1.212256529160126,1.4106825655488338,1.4578451624827997,7.934418258982484,20.196912345570176,47.80576574111653,47.569383366887344,47.44763666267921,47.32588897142159,47.273075013417966,48.61467028123895,49.35149057402299,64.22810602923067,64.3785519792609,65.0942283528653,77.72713996370943,78.91654416291071,92.30288551213592,95.19804220065988,175.48325458636808,174.42048474513277,173.7139397820221,170.7143456569319,171.69018263291989,168.0461506262441,174.05537425892228,180.0523844025722,179.87695669318734
natural_gas_turbine,CZ,23.76705048192201,23.767398434385417,21.589071561558804,26.36611719730307,26.108259463370615,25.323337921471968,24.42140643675841,29.392133597212535,33.12932089307402,30.86675196416348,32.026898800583325,30.410982944525752,30.182206827670036,29.362518662780527,29.123122711099512,37.56760204552787,54.076614838259545,77.06686772383358,88.6856672135506,88.50737960968895,88.32907764526288,160.61645245619297,160.34724807662724,160.30985819932965,141.51206575064424,141.53252772971015,141.39388141694735,140.95481655033225,140.79088529237598,140.63577857475605
natural_gas_turbine,DE,430.24641516912624,420.34955538539873,414.9343927191819,554.2689971535935,605.6740477363444,727.9615649136455,808.95415666814,918.4360572772191,933.5731971239508,927.366580116649,916.4026387086464,967.9550857467831,1012.0039508758052,1048.0548009834529,1115.3872511226075,1118.2204905874707,1165.075410084477,1273.7976448047457,1321.440239407951,1431.9006336684427,1436.8559665783528,2403.8206261984274,2377.231797504267,2335.631686761499,2320.2258446665196,2322.5732522920125,2349.9740327749128,2380.0466318886547,2433.939907379626,2538.783494580672
natural_gas_turbine,DK,8.347697358037712,6.402103685177083,7.299139518287635,7.113963605127488,7.227666929241904,30.16956265357033,25.048171409661673,54.6208468245361,58.8456589345159,70.22488778526098,69.4392641464736,65.89631216654661,68.59909467875524,68.30347617432163,71.59437831399894,80.40396079276948,75.78251603853326,68.61727898782777,69.30667477945958,68.06869013976129,76.42959540408881,123.23779405845787,122.4372067920888,122.42914420282035,122.4033528434457,122.59383803511597,129.66567211176593,136.19562943749483,135.12826843635676,133.40544315874448
natural_gas_turbine,EE,18.374522073465407,18.33181054216976,17.32855035696054,19.725907140158878,19.66571223338779,19.326795450169502,19.153495618247955,18.989895046195812,18.608371813727178,18.498359552628997,17.743014414636846,17.580764296488205,17.65166243070174,17.6067925179043,17.575196806694127,17.95030153851968,17.713293965007445,17.430219318465184,17.390087032599236,17.366986709576196,17.423786011636732,16.294079563218705,16.249804111304712,13.640892179622933,5.1357677613619455,5.1235923511493855,5.09795626701123,5.105704417483355,5.099006742759471,5.097400696988586
natural_gas_turbine,EL,74.55673311409149,74.47715389006176,74.98271602052459,90.66186169805732,90.56176499502408,90.57421760990361,92.35070437300514,92.68970554227874,91.51097079536216,91.88381904326461,90.74526622936,89.30971379908505,77.65715019600924,76.33026198525718,72.28617343719921,73.95840697827411,63.21027905279407,42.21063590397058,32.65151876657102,32.03230041992241,23.381005050414615,35.17594643828758,29.33503094112694,29.242251406875482,29.197688591090273,29.1072520374428,29.02193813473173,29.019943488567776,28.875846867723094,29.05474927162739
natural_gas_turbine,ES,514.1066864420932,509.04982406676237,511.72238571159716,521.9943026697338,522.3824476561614,522.0045503795158,518.4507888468733,519.2664715274025,506.4314488837244,496.8274067907966,467.0925262106246,456.0471759271474,405.2631447578874,369.97365558579594,314.0668809514755,236.44401059406093,134.68271756109272,83.16881269069766,71.45016484631299,116.31705102457484,136.82303243892684,134.92070708472812,132.69276336659675,146.44215458998661,145.01684168789157,146.69164807071448,146.45604318529288,146.98698001829524,146.35670985303366,148.96553145216413
natural_gas_turbine,FI,8.705919506547088e-05,8.717070518367538e-05,8.54153471614201e-05,0.00010055519354477483,9.785238218106327e-05,9.756736589381704e-05,0.30701580148223107,0.32149833664516997,0.31114061978935853,0.31032652999390425,0.3095104602671711,0.29850634252125513,0.30977849644650984,0.29032728751171205,0.30988219926479904,0.4849289133193201,20.090640045560626,21.315847113214467,20.37592074495029,19.938443713501925,19.761492252174754,181.83989782163206,182.34382078918767,180.01515609671625,179.0031148943271,178.7127055796493,187.2980685821785,187.24854309682794,187.4622298603228,187.40656403224222
natural_gas_turbine,FR,174.82700601432273,173.50889899108054,176.53597882554217,185.92682187998307,182.12123806437486,183.42615827580542,181.69947671063198,181.0232547687761,246.5145266986919,235.67243620637083,270.5090887179868,306.2526645778679,374.34146180040926,406.59222949557756,439.1876204113079,597.5686253139403,652.4498514141092,663.6320673131676,706.3384579991015,766.1732616947563,785.8468932273022,802.1750220657788,831.371502030961,858.2756571077035,857.5604467810598,870.0311991796364,900.9831312115065,899.830412644138,907.2048619126149,907.775563941638
natural_gas_turbine,HR,7.63905296066346,7.4411632222591155,6.5017872138301795,7.887604978168295,8.063466224041447,7.985384912390756,8.388459334862572,9.343288367050144,9.4199426365863,11.310642716609232,12.337251134859619,22.837461167672156,25.964588808819258,44.684030134032426,47.284896715180395,49.018977735178915,48.17280367037975,48.50982330619022,48.577444401606556,49.912904219558,50.00118631435916,60.88996461536895,60.74842270885978,60.477593571235104,59.41551138817732,58.92654012209783,58.641535542075985,58.551971243256666,58.40709814770288,58.20726923658334
natural_gas_turbine,HU,88.7045688515216,88.28441644188486,85.02020427565502,97.2330208409708,97.40257901255562,95.92121322255103,94.92217406678242,92.70228973851216,87.72784965343953,90.49805654655644,73.02536325795236,72.1273786274433,67.92429616061547,67.33541267162424,63.74180431918048,80.33760514297751,85.8456528622178,93.70406355084874,124.3647208073241,130.80633509317624,129.75432307445678,136.03386836461752,136.06363961029172,135.48764056188205,135.38200489911225,135.16136729708995,134.9889087027948,134.9273447751766,134.35414347595017,134.24953425215614
natural_gas_turbine,IE,67.3344013665517,66.5132724781734,67.72000685303732,71.81680080852219,72.44875846501795,71.64744062172231,71.490141260026,70.59220963648005,70.78296276162358,69.92146781390831,69.63327161397152,69.72986136676917,51.06219775611509,50.999121001429025,50.909796801182644,44.061256917102405,40.388868979205604,40.11178168660636,40.115181095132705,39.72314459140506,39.426545218645316,37.12409283467389,36.992071055240196,36.85763715268582,36.182771142817735,25.289149818552595,25.263141797728576,25.187491503017835,25.161537164661684,25.139692255915282
natural_gas_turbine,IT,907.6391123447252,884.5227735380952,878.8901661174281,949.970961711054,969.6812475992498,1018.5066784838739,1003.8631901324378,909.1378898354579,873.5370046802328,822.5954273108557,781.0871382671887,754.9823315389202,677.0193499002488,613.9122604869725,529.2238678369757,408.3594261221569,348.8938109906348,378.4604875183352,377.50208538479853,398.20543490177516,434.31449548930806,558.4353763795315,557.4969587835803,557.9789198428724,552.181442790903,546.0223375025329,542.7020861437362,544.5754893233014,543.3482804862606,541.9283750234297
natural_gas_turbine,LT,13.795375928320421,13.572408149225447,12.976972883953207,16.069988927840043,15.842452475746777,15.52553240035342,15.327716873656485,15.256852276164672,15.122974762401117,14.944640545563475,15.004237801104544,14.89414337697206,14.506681222445904,13.090830895515612,12.723397973708483,12.694213556397951,12.655165262570971,12.26867898567622,11.55389392360036,11.559009792024067,11.29012727675036,10.204489441405585,10.190737445198316,10.176958563634836,10.163192862400303,10.149429221876236,10.139044626957093,10.128657790824349,10.11827000499497,10.107884558750255
natural_gas_turbine,LU,8.76987268826719,8.66665516903832,9.038847384501294,9.467306739438618,9.703304279045321,9.68322356642049,9.616334661918172,9.60648124572126,9.496626733064048,9.522486002727108,9.502940796278745,13.873056100939575,8.839488110152137,15.103177612280554,15.091807317691066,15.38213970205332,15.833001519856175,14.606897753245711,14.390032405275758,14.361131472797437,14.348019999564473,28.67119551943398,28.622847513598728,28.750492695672275,28.630419479175163,28.271555521116166,28.302050146885847,28.272800401673024,28.243729731958602,28.24521206747447
natural_gas_turbine,LV,16.35718620128054,16.17978599178395,15.41718203262934,18.112785356321776,18.376898177942984,19.153206676545175,18.9498702098542,18.52584954299021,18.253597329391337,18.110973012702768,18.084042118344264,17.767694460007405,17.636831869080005,17.195052797906197,16.617683761441814,16.118208486395353,14.673489478867852,14.425437273992486,14.429828382216026,14.344059745730112,14.259978610590899,29.607557957465314,29.5352889121983,31.937638301487944,31.8962127172102,38.86628521592976,40.4874957696548,40.387653831359884,40.339557665055366,40.28633175701054
natural_gas_turbine,NL,323.5729261797834,316.64251812057825,323.86235718278334,359.80068999132436,358.32885870499007,326.9948483571113,305.00778535761674,271.631863364007,249.42262878468017,252.73385902118162,278.87721655501673,282.5207265598109,314.2167136559157,345.99066015537164,346.3754888453649,336.9947443125896,339.6702482467519,340.1104557382508,340.7151882312342,318.86481406376504,321.41842247746735,422.6103338527467,374.38819610407796,368.3470698808219,366.5122175439762,387.1201654948719,417.1372699089981,450.2998440874642,458.65020341241836,468.7627104997822
natural_gas_turbine,NO,37.077606306953726,36.63799268756552,39.52320750553406,44.55822159164203,44.441653914990766,67.86756740718084,76.93504172365327,93.03395841600913,91.61597794487271,88.71241035631752,88.13285783882492,87.21569435490896,89.3699910472241,89.15390339777095,103.3625269099546,103.90631570433264,107.97516222840893,105.85747267679069,105.61261973084433,104.33790178175244,97.69480983566584,106.4686993702724,106.59045608070319,105.75424634096176,104.41610271995522,103.25018826592579,104.69262501867392,106.52142628634574,106.41939008368307,106.42364986944045
natural_gas_turbine,PL,86.57769188735631,84.38702581474743,82.72406199383687,101.28896600309805,100.7528945091425,98.60005295933647,105.43426981321409,201.42046705433933,200.8452742504992,195.89630420831895,191.2436678442188,189.38119877774398,179.29419226639823,184.92927018822476,185.51795475374027,184.8638044522214,185.9455139024368,211.9593507736065,222.86332204749712,231.1106799483025,229.73684274767317,731.6118720437984,727.5844219499521,727.6358458150592,723.5922796238663,725.0985717028416,725.1020414143844,723.8354297733295,724.5261778853137,722.8778051292232
natural_gas_turbine,PT,96.49790323085391,95.35348412421361,95.89695285074522,99.01632823704529,99.21751570848208,99.89783639137042,99.9349109227402,97.89772489393211,76.22148182618265,76.33513882860157,73.70395859380692,73.62398855297972,71.61036699044648,72.05286161700887,46.54411403382016,45.43787127268196,44.31406019438741,43.85665073965755,42.90721961075599,22.28661733281307,9.092984009677306,8.722046095438694,6.532636889609836,6.444304897323114,10.713338080960787,10.714801020463955,10.819288017272573,10.865057385936375,10.762910745571203,10.71856726704721
natural_gas_turbine,RO,25.243995924290793,26.22263035058915,31.607454820284172,41.76908251315635,42.259045006700134,41.79707301811999,41.4480159224564,41.411005245754744,40.20588426027466,40.9706808368752,39.80097916644889,39.30731325759584,37.94537322368612,37.3029944262215,37.07476157859706,37.08249024930329,36.74886849320765,37.08432299192144,36.532095580382,35.305017270331355,25.890719472138617,29.927112352590168,24.43407994888365,24.53335465883421,23.39019269764566,22.787797639371536,23.039942568712437,22.948305596496294,22.902449681467104,22.828056327588403
natural_gas_turbine,SE,41.520902514342794,41.52875578567764,44.44314894588612,49.97898947300464,48.739833862773274,46.86470051201962,46.070797656160224,62.38015528030203,94.23211861354264,108.11693539751592,126.85631955835932,138.18593194623398,159.23200088439765,158.88816650425687,158.85465957928486,159.7745567247791,170.66997344090692,169.02903365206552,168.62276367587535,165.57540010778655,194.01700050655197,226.6858393261903,227.07339944788492,227.6258870039656,223.3944471774292,221.87942362734663,224.1876289764859,230.6510657499425,236.14467819052228,235.82073268249783
natural_gas_turbine,SI,1.5338243262130148e-06,1.5918445153076455e-06,1.6233333263892266e-06,2.0355063479385283e-06,2.465921510809429e-06,3.0261412406356824e-06,3.1584825583878885e-06,3.250058463624771e-06,3.3971680045490576e-06,3.592563364985766e-06,5.948881877047139e-06,1.4409187745370191e-05,7.006679715744857e-05,0.00011376264214359451,0.00011720153300995229,1.7539349693195827,1.7504372937756187,1.85495531552116,7.712188337289842,7.258860654168652,9.75342398373145,44.433211164703145,44.239954559381005,43.55506488911915,43.16973105334816,42.987295492760374,42.68207019010108,42.63125190479598,42.54803163354135,42.40672142911483
natural_gas_turbine,SK,8.36588116549654,8.36873915963403,7.165523579620355,8.807367966204712,7.924960036251296,7.384856555298958,7.177407853215984,10.018853127578083,10.19013779065874,10.10984376575915,10.091015246355411,14.652846790216909,14.4712850717786,20.698521205003416,27.531321786908617,47.33362092415533,51.358418924801406,51.21789491120783,50.607924396665716,49.058413809158075,49.54755555431232,97.57346316814778,97.09750772412737,95.52442707376211,94.76646046048103,96.48669685128779,96.12696511973182,104.70165739016451,107.44755410347024,107.28111085495381
natural_gas_turbine,UK,742.8533161568114,740.7650594350655,734.5660340724921,763.1019066139012,726.2409970710564,710.9190135907426,651.2086381039466,626.186725500607,557.8258114247335,602.6428235348185,644.6917693804987,701.2847084493308,700.4324955129701,735.6247752170539,722.3330965320731,730.0030663085458,732.31759976398,745.4308686208335,783.8941685640308,780.6717663428801,738.7109810008249,750.1582310020859,712.3682949029981,712.2894725716018,713.8345255824795,707.9968792519606,686.8202479908994,687.2464051902688,710.8548801337038,731.2042029208808
natural_gas_turbine_CCS,AT,2.287028536484292e-06,2.3049467304648767e-06,2.2831070493641003e-06,2.472754518305413e-06,4.417684661982645e-06,5.2238346825760325e-06,5.874930666246695e-06,6.157481425101521e-06,6.903261112191934e-06,8.332118401828595e-06,1.4220481924318695e-05,2.8716358915736515e-05,3.0657123948248646e-05,3.0439705063812795e-05,2.9986880058628904e-05,2.9700348217809724e-05,2.945374206538498e-05,2.9212470780746764e-05,2.8659190940581117e-05,2.816828746573018e-05,2.765037870966317e-05,2.7863579662188997e-05,2.7318045276185584e-05,2.6245831841153322e-05,2.580952836263886e-05,2.5141534010770897e-05,2.4645352383059576e-05,2.4085355331237393e-05,2.392474768697911e-05,2.368774832851844e-05
natural_gas_turbine_CCS,BE,1.4090670108047706e-06,1.5359675424670626e-06,1.6677909768962153e-06,2.5833237485708384e-06,5.658738363749771e-06,8.303027139995045e-06,1.5628562531756897e-05,2.7889937813353386e-05,7.351458959158168e-05,0.00031325160700636673,196.01044863975577,194.52139586326732,193.29986736119443,191.06772697085773,189.1261394238327,187.15226576366157,186.04421850331858,184.68656344485956,182.57336956252374,180.68041205744112,177.522251987625,177.1900491142588,175.74573226458992,173.19825815949162,169.7909522196173,164.91950125851582,157.60424743680238,149.4856537583732,144.60049674108376,142.23542206946004
natural_gas_turbine_CCS,BG,1.0420307598219087e-06,1.1837998817348787e-06,1.2931553309206354e-06,2.0371513824691743e-06,3.4619727754616085e-06,3.949833735480536e-06,4.092451662731842e-06,4.196657939616274e-06,4.481318688409424e-06,1.1982193268616788e-05,1.7894542071462172e-05,2.4469216543726644e-05,2.578132806245302e-05,2.5958423248076426e-05,2.5716601555081144e-05,2.5562793720566943e-05,2.5248810808550535e-05,2.4871835071472698e-05,2.4517288685981678e-05,2.4239522910030075e-05,2.3734163132773176e-05,2.3773501437430218e-05,2.2880882405769433e-05,2.2569820591607814e-05,2.2207876536416366e-05,2.1902297625675683e-05,2.171669662832933e-05,2.1330210434438938e-05,2.1007687745778256e-05,2.08795063482052e-05
natural_gas_turbine_CCS,CH,1.3696504446095181e-06,1.4540718597859041e-06,1.5606278242350987e-06,2.160258475926502e-06,4.9419479782070625e-06,5.785661824061923e-06,6.750863578321604e-06,8.068914581706998e-06,8.990629440425195e-06,1.1682688620878348e-05,1.259236743781127e-05,1.8283430060175132e-05,3.122743630172527e-05,3.12231237230146e-05,3.0880250430757704e-05,3.0505201646663265e-05,3.0304469930895443e-05,3.0059345579735606e-05,2.949290850819146e-05,2.9066305252890147e-05,2.8611243326202575e-05,2.8507150625653677e-05,2.794996140620543e-05,2.6960831100955586e-05,2.6356636511573195e-05,2.5759080185342973e-05,2.5485007463790956e-05,2.4839611825015446e-05,2.4391584127791253e-05,2.4129415258469923e-05
natural_gas_turbine_CCS,CZ,2.2763559905943462e-06,2.2797425685861623e-06,2.2564798779809134e-06,2.4434563238541337e-06,3.908553137815384e-06,4.545075954890088e-06,5.278099382680726e-06,6.501200157282643e-06,7.915103976476183e-06,9.912588671087078e-06,1.1792995331172323e-05,1.254560854772717e-05,1.2700869042899113e-05,1.2655392198592142e-05,1.2578759910872104e-05,1.2443680552338746e-05,1.234197489794891e-05,1.215939326277184e-05,1.1995879195589564e-05,1.1852439038226504e-05,1.1760789388583208e-05,1.1661143839044188e-05,1.148286626210018e-05,1.1164329701887848e-05,1.1035948849482243e-05,1.0918755184746303e-05,1.0670073896378611e-05,1.0576279665685672e-05,1.0421990585758012e-05,1.0407024039840269e-05
natural_gas_turbine_CCS,DE,2.645250584243842e-06,2.6457396362731793e-06,2.6482226684933153e-06,2.9024309525175414e-06,6.826280234294236e-06,9.033265319166556e-06,1.3627382745953575e-05,1.8707111300833457e-05,3.922951615353734e-05,8.750590388919541e-05,8.694485301262898e-05,8.635527152109379e-05,8.609651740995535e-05,8.480337171850216e-05,8.377256283596898e-05,8.275647868673785e-05,8.215438674068669e-05,8.166082555351044e-05,8.004681248928444e-05,7.852165663070316e-05,7.71903422671221e-05,7.830920990694237e-05,7.68086210854078e-05,7.317759021748629e-05,7.086859188671871e-05,6.815572140507972e-05,6.702264902564244e-05,6.639598666402806e-05,6.500749913697098e-05,6.430205636791614e-05
natural_gas_turbine_CCS,DK,2.0609819066008674e-06,2.033892881014348e-06,2.076222097497639e-06,2.2730247673803142e-06,3.988855881008548e-06,6.919732902070177e-06,8.6311669844148e-06,1.1381747507310948e-05,1.4829317778482056e-05,2.073022839301116e-05,2.109217326031891e-05,2.092545145522698e-05,2.086332074531553e-05,2.0275572840408926e-05,2.0247490203558675e-05,2.021021853448019e-05,1.9723198075735722e-05,1.9377291452322486e-05,1.917753345049128e-05,1.8930624923152082e-05,1.8699797365272366e-05,1.845484945221114e-05,1.8068158188632136e-05,1.7694488600428875e-05,1.739185635289968e-05,1.710752033426949e-05,1.6949226748274247e-05,1.672873715251985e-05,1.6465176290777236e-05,1.6259707159309278e-05
natural_gas_turbine_CCS,EE,2.0728362769169176e-06,2.0692979475125838e-06,2.077293606862016e-06,2.230168319851358e-06,2.8036614236054548e-06,3.584299440467998e-06,4.156217066325564e-06,4.470695688902929e-06,4.662998841929564e-06,4.9487591136037255e-06,5.383039383508887e-06,5.830359267899999e-06,6.270271303667846e-06,7.066390271593239e-06,7.3213017448167414e-06,7.412991070696198e-06,7.332860393988406e-06,7.213372848204432e-06,7.155927484723397e-06,7.110086284096768e-06,7.071662552594255e-06,7.0006367451240845e-06,6.934626740163418e-06,6.870076433075753e-06,6.835118079279995e-06,6.846359029241179e-06,6.847643345548916e-06,6.8340663175741325e-06,6.890395655811822e-06,7.118907599628142e-06
natural_gas_turbine_CCS,EL,1.1197908082085247e-06,1.243674079537064e-06,1.3263691482507472e-06,1.7987282699663866e-06,2.403403894896548e-06,2.7252807375311497e-06,3.0589056900927333e-06,3.3423976449005e-06,3.5943305308601425e-06,4.003482231830232e-06,5.409237933791256e-06,6.529219820171009e-06,1.0858119066149916e-05,1.831570483286019e-05,2.1560944394080038e-05,2.1801781227671624e-05,2.2143821574297063e-05,2.1759222169731484e-05,2.153625446893528e-05,2.139452225944767e-05,2.0834942005721868e-05,2.074622656513318e-05,2.0165218919557264e-05,1.9918787872543565e-05,1.9726667246085594e-05,1.9382794816020425e-05,1.9167557629306474e-05,1.8947020909754234e-05,1.8765389445177388e-05,1.8748831718263052e-05
natural_gas_turbine_CCS,ES,1.0739588191760418e-06,1.194930192603963e-06,1.300396819078132e-06,1.6158160433352621e-06,1.7964071652053378e-06,1.922688446825771e-06,2.051376017299388e-06,2.1738698298588493e-06,2.2848469532438435e-06,2.387359793911531e-06,2.4790301498202755e-06,2.6451211741569927e-06,2.8047697945016817e-06,2.9837634924395117e-06,3.178450515097888e-06,3.410838934703594e-06,3.7993417248712538e-06,5.960220150837155e-06,7.174387412407726e-06,7.301049609596388e-06,7.330904773927573e-06,7.384575311248898e-06,7.394676179319431e-06,7.3900289133681355e-06,7.4336867665769244e-06,7.492449411903744e-06,7.766573600410908e-06,8.104895258379275e-06,8.454230394888745e-06,9.091010507207188e-06
natural_gas_turbine_CCS,FI,1.8851916371096453e-06,1.9000193979951152e-06,1.9414188021203557e-06,2.1137768792623253e-06,2.7571451926412216e-06,3.1331600536647372e-06,3.428612675036919e-06,4.20868001711638e-06,4.441696112908562e-06,4.652843826392252e-06,5.08915801994776e-06,5.4856376256160336e-06,6.149472906957156e-06,9.106782508328781e-06,1.0439559471373768e-05,1.1588693801832849e-05,1.2006305677424287e-05,1.18531929683651e-05,1.1678579172941063e-05,1.1518488308027818e-05,1.1446431702421805e-05,1.158670145111593e-05,1.1498199836071079e-05,1.136274029473881e-05,1.1266238719704535e-05,1.1145885657997813e-05,1.0911671709419817e-05,1.0748126358273198e-05,1.0706188507752997e-05,1.0806552090069468e-05
natural_gas_turbine_CCS,FR,1.0810715583408773e-06,1.201333899214267e-06,1.3377105421472593e-06,1.8126419919593834e-06,2.8418408196947385e-06,3.3211141242923757e-06,3.5944870263196124e-06,3.8794177241428004e-06,4.109811454286497e-06,4.329183309699833e-06,4.704833910746351e-06,5.2175094880658984e-06,5.792381280003426e-06,6.571108756873872e-06,7.2235066703830785e-06,7.79257665739749e-06,8.09525709577919e-06,8.115261655023038e-06,8.151877462683024e-06,8.148104603947582e-06,8.052785741297578e-06,8.040739114661431e-06,7.91070683991798e-06,7.715605378092041e-06,7.628567834269759e-06,7.505037789189692e-06,7.479632897743401e-06,7.430106698259683e-06,7.360466925310933e-06,7.430840945994077e-06
natural_gas_turbine_CCS,HR,2.6522079415207577e-06,2.6462110290550354e-06,2.6225765814515204e-06,2.847742956534562e-06,3.3966783956059493e-06,4.906600576226509e-06,8.642617866557515e-06,1.0707409052440685e-05,1.4691012775297202e-05,2.3282262103777577e-05,2.8285889216396165e-05,2.9204996047599536e-05,2.8956010874747638e-05,2.8876032844856012e-05,2.849509039024446e-05,2.798311268524286e-05,2.7759225683119318e-05,2.7471417928668457e-05,2.7060837734500353e-05,2.6514679037848208e-05,2.608779904526958e-05,2.593259853698624e-05,2.5529966497901198e-05,2.4911871201715172e-05,2.446912153038388e-05,2.374988596770571e-05,2.321349919316417e-05,2.2806397695412966e-05,2.231104438841034e-05,2.1910654634992555e-05
natural_gas_turbine_CCS,HU,1.1633611410267806e-06,1.2618243984902204e-06,1.337669883085971e-06,1.815070519575559e-06,2.300501741960483e-06,2.67409718097655e-06,2.891156965282616e-06,3.035810459702058e-06,3.329086758494275e-06,3.635827916411034e-06,4.909574961131083e-06,6.747249341112244e-06,8.317123123248943e-06,8.680972767922844e-06,8.80470694513586e-06,8.86834459583442e-06,8.868346400527315e-06,8.855712623934364e-06,8.8066518656634e-06,8.744338979874853e-06,8.65291075834813e-06,8.628269453107434e-06,8.418391839760296e-06,8.22201303832657e-06,8.114662362470684e-06,8.06178891101747e-06,8.05760951920508e-06,7.993838773698016e-06,7.909100080273635e-06,7.990312947918352e-06
natural_gas_turbine_CCS,IE,1.157256307835723e-06,1.2892478191180794e-06,1.411728466058468e-06,1.9812929780812687e-06,2.4442305205958936e-06,3.780508425489645e-06,4.218952090199692e-06,4.899695600749107e-06,5.7459873546146336e-06,6.50203144094142e-06,7.870939545515697e-06,9.154474881817549e-06,1.0666023384576235e-05,1.1447125147039908e-05,1.1674091878935728e-05,1.1669212181597067e-05,1.156397271424656e-05,1.150221047140678e-05,1.1415371909709485e-05,1.1375846959131335e-05,1.1284713067467603e-05,1.122884106093543e-05,1.1130387506777712e-05,1.0923625376691372e-05,1.0765163175203287e-05,1.0563745453469605e-05,1.0482250733305775e-05,1.036174500316196e-05,1.016625679300647e-05,1.0175806005294327e-05
natural_gas_turbine_CCS,IT,1.3611938433784827e-06,1.528681078352556e-06,1.6409185210697883e-06,2.0697839896317078e-06,2.638570237407431e-06,3.0140814950309374e-06,3.3660855011639035e-06,4.1889734692051635e-06,5.141544169127586e-06,5.7940311481736534e-06,7.384284827839242e-06,9.68576789148553e-06,1.7146965977532872e-05,1.768067298823884e-05,1.758163314911751e-05,1.7127896887803843e-05,1.694247128037319e-05,1.6726242978451787e-05,1.6528922349259227e-05,1.6253789601104846e-05,1.5912614142077216e-05,1.58132119736509e-05,1.5560939765556925e-05,1.5134018498001095e-05,1.4935651500879588e-05,1.458805673811063e-05,1.4430307201583552e-05,1.4221578076054322e-05,1.3973096953053572e-05,1.3790173102698537e-05
natural_gas_turbine_CCS,LT,1.9929855018641706e-06,1.989415552958439e-06,1.9901084275771657e-06,2.126612937121828e-06,2.598442309757563e-06,3.2885603889463247e-06,3.816811580456292e-06,4.084108540995362e-06,4.270222437334164e-06,4.5214602231490855e-06,4.916270074835566e-06,5.271498516094216e-06,5.632716096972656e-06,6.13706343019097e-06,6.3666913466629305e-06,6.426239230731148e-06,6.3725538312386715e-06,6.379351390717622e-06,6.362335925489886e-06,6.3402508184717755e-06,6.304848818924326e-06,6.291691513253949e-06,6.2580972771048775e-06,6.220978415149437e-06,6.2052208378188805e-06,6.225434838937553e-06,6.230853674742739e-06,6.253728772765445e-06,6.307715554293968e-06,6.536174399436134e-06
natural_gas_turbine_CCS,LU,1.1112139834177931e-06,1.224992799704507e-06,1.361548564369027e-06,1.8608598883035017e-06,3.0705136770822956e-06,3.663755037003958e-06,3.957536604335869e-06,4.242484621532987e-06,4.408615727151936e-06,4.58579673847229e-06,4.895925423289218e-06,5.565200839615419e-06,6.297868148327005e-06,7.140192595200696e-06,7.708555937839107e-06,8.12083153654233e-06,8.343815445121498e-06,8.278721220232524e-06,8.325585511983382e-06,8.357498764500947e-06,8.287265989084896e-06,8.345601283462318e-06,8.230123491454363e-06,8.080526202620075e-06,8.023767557093189e-06,7.930999008866468e-06,7.9157312237491e-06,7.862966674103293e-06,7.75810322442401e-06,7.8390954287059e-06
natural_gas_turbine_CCS,LV,1.976872502359935e-06,1.9733269560488007e-06,1.9796706516391328e-06,2.1135884873378258e-06,2.6034655526037356e-06,3.370008261542643e-06,3.8849933446452295e-06,4.164514246576442e-06,4.37331914600768e-06,4.668778030290572e-06,5.069614459035798e-06,5.45464697573402e-06,5.8634318117705195e-06,6.513130334342416e-06,6.776922491501098e-06,6.825461256641011e-06,6.749858541772914e-06,6.750927571505935e-06,6.7400853566159445e-06,6.7290287110921495e-06,6.67970002570755e-06,6.694153595815616e-06,6.6561170754065605e-06,6.631332568726945e-06,6.6195608821656325e-06,6.63789021342801e-06,6.656424737922557e-06,6.648415580305772e-06,6.715923465460478e-06,6.956310029990396e-06
natural_gas_turbine_CCS,NL,1.3121167539938365e-06,1.4347462514164304e-06,1.5301234704269908e-06,2.1105001371971363e-06,2.4960220636537997e-06,5.019596679346197e-06,7.966925923257032e-06,1.4612934144831706e-05,2.4370257228697143e-05,2.827470391816552e-05,2.8188496386839444e-05,2.8015437612152372e-05,2.789894553528888e-05,2.728498348842273e-05,2.6962160599917243e-05,2.6773939709163564e-05,2.6605077563198628e-05,2.63182635988245e-05,2.5843249566753456e-05,2.558896303780942e-05,2.5088557118837643e-05,2.4978062650306652e-05,2.462599453227367e-05,2.3959540493556726e-05,2.3401026007896776e-05,2.294160605663417e-05,2.2772455449714494e-05,2.2491157388242737e-05,2.1969884594475933e-05,2.159462267391564e-05
natural_gas_turbine_CCS,NO,1.9791585339721108e-06,1.994141571456805e-06,2.04577386114299e-06,2.2087113503002605e-06,3.267913357156874e-06,3.7303208244845162e-06,4.052399865181796e-06,5.194015557148951e-06,5.546227615624089e-06,6.034552753051392e-06,7.880835435919069e-06,9.14761077608249e-06,1.1760095149536075e-05,1.7202645702252306e-05,1.7421679599490498e-05,1.731401430121368e-05,1.723845137932589e-05,1.6961900886347193e-05,1.6696779269199758e-05,1.6580971947968622e-05,1.6384062109178217e-05,1.6188577868340417e-05,1.6057561924941235e-05,1.5831535047947562e-05,1.5689234164018513e-05,1.550755780064492e-05,1.513977292873388e-05,1.4791641813386908e-05,1.4639315980342604e-05,1.4651017910023476e-05
natural_gas_turbine_CCS,PL,2.0798414663872692e-06,2.0676820816503322e-06,2.067179112172002e-06,2.2556769581678988e-06,3.0815971170478843e-06,3.694783150610234e-06,4.428198781188819e-06,5.12617130124245e-06,6.013394457317356e-06,6.457242822702913e-06,7.345804015754094e-06,8.116658274211787e-06,9.251440171341398e-06,9.646869683120726e-06,9.767303842319599e-06,9.705454866881394e-06,9.640954419004718e-06,9.661337099656008e-06,9.532890461428226e-06,9.519219971647974e-06,9.443815284182947e-06,9.451291716020333e-06,9.323300355992772e-06,9.14658168742896e-06,9.087644156582673e-06,9.008205631436037e-06,8.8216018261634e-06,8.751112707556661e-06,8.713764870482915e-06,8.871057321134813e-06
natural_gas_turbine_CCS,PT,1.0104611918713106e-06,1.1222075046234797e-06,1.2124917512495906e-06,1.4747836823495838e-06,1.6221654573859978e-06,1.7312569035209508e-06,1.8414054275054012e-06,1.9430275659474722e-06,2.0444325970466565e-06,2.1509009549459997e-06,2.2742024466918234e-06,2.4143374065305296e-06,2.5555901954280805e-06,2.726621080425101e-06,2.917141574527073e-06,3.174344570444884e-06,3.5106292700897884e-06,5.026368144869571e-06,5.9442142571127495e-06,6.092319168678333e-06,6.177402570624295e-06,6.254862994782827e-06,6.275672909531533e-06,6.3016222751944775e-06,6.370607005683887e-06,6.48822669176662e-06,6.77775999427364e-06,7.069147908721782e-06,7.366832015547636e-06,7.91415525603036e-06
natural_gas_turbine_CCS,RO,1.0494012488883986e-06,1.2107488570831028e-06,1.3684382436980363e-06,2.023374459086539e-06,2.888285639575626e-06,3.472242483785041e-06,3.812870516099673e-06,4.127773532553507e-06,4.565156253062527e-06,4.8311755514264865e-06,7.453045581341392e-06,1.0776216683958126e-05,1.1405392237727234e-05,1.1491177833941706e-05,1.143358124057065e-05,1.1418879635635752e-05,1.1321675183238362e-05,1.1199759716708473e-05,1.1112013540680919e-05,1.0965686553048573e-05,1.0840771267717179e-05,1.0756299403300819e-05,1.049276410664196e-05,1.029346052131291e-05,1.013287420808375e-05,9.981567607167939e-06,9.959258121233384e-06,9.826168469338312e-06,9.66038371560974e-06,9.606092651519417e-06
natural_gas_turbine_CCS,SE,1.947429693563664e-06,1.9628479084438552e-06,2.014282841008713e-06,2.181732059358085e-06,2.947597026960219e-06,3.3843683023741875e-06,3.631627029169768e-06,4.593464021758868e-06,5.022945654486019e-06,5.489710966101897e-06,7.033183025895607e-06,8.046710673633332e-06,9.766626115981675e-06,1.578189354768227e-05,1.7659878889479462e-05,1.810021981554779e-05,1.8122593035857462e-05,1.784357076057688e-05,1.7607827418057507e-05,1.7535807945125998e-05,1.7476086870738918e-05,1.739734038277788e-05,1.725696922027324e-05,1.708379375927644e-05,1.6909441589125377e-05,1.662429706890669e-05,1.620862286613747e-05,1.5863257996595676e-05,1.5714522188750583e-05,1.5620929472600184e-05
natural_gas_turbine_CCS,SI,1.3057204369661422e-06,1.4042470642307054e-06,1.4723664059907788e-06,1.954705674359915e-06,2.478940801699192e-06,2.992435163352756e-06,3.231034615575223e-06,3.4331094638025835e-06,3.7455427777242212e-06,4.123898881425873e-06,7.825269911028493e-06,1.5407438156685742e-05,1.5779038220172015e-05,1.5725700650411397e-05,1.5562897616598662e-05,1.514108588116529e-05,1.4963681399479483e-05,1.4793358333244931e-05,1.4701176986020786e-05,1.4447510068876958e-05,1.4146879858046855e-05,1.4100411435447104e-05,1.3847798053548343e-05,1.3500591849237375e-05,1.3357763701726239e-05,1.3082679404095147e-05,1.2769379469399216e-05,1.2598609204701557e-05,1.239914097520637e-05,1.2273626154143623e-05
natural_gas_turbine_CCS,SK,1.9488982400373106e-06,1.943437487048896e-06,1.9320934879426446e-06,2.125229147554055e-06,2.9316742123634583e-06,3.5242194078441783e-06,4.0020817491461004e-06,5.913589668160618e-06,7.838113833358555e-06,9.484415377207039e-06,1.1168137500427179e-05,1.269327140192775e-05,1.3083043928780718e-05,1.3074798969126269e-05,1.3095087165801169e-05,1.2989829346737807e-05,1.289426631452328e-05,1.2839293151474246e-05,1.2756396656234364e-05,1.2661587408293887e-05,1.2543581448360002e-05,1.2556052322906729e-05,1.2364411747925401e-05,1.2043660909166958e-05,1.1919135349324434e-05,1.1787033134860228e-05,1.15510727394178e-05,1.1420869900387124e-05,1.1245487174183654e-05,1.1206100440407804e-05
natural_gas_turbine_CCS,UK,1.1316428910295432e-06,1.2509066767746743e-06,1.3641721960887582e-06,1.8198917152595705e-06,2.2873389566983964e-06,3.966061150594657e-06,4.57053313456062e-06,5.210742002848704e-06,6.115646803319231e-06,7.143187965185763e-06,9.716222039179145e-06,1.1771757827225457e-05,1.2462776564965151e-05,1.261262718691965e-05,1.2623537455607357e-05,1.2502136750573271e-05,1.235453297684669e-05,1.223844778580899e-05,1.209367004610176e-05,1.1998943857230301e-05,1.1859104038393395e-05,1.1787259534449786e-05,1.1645984371471555e-05,1.1394411205221454e-05,1.1202845218699903e-05,1.0993247949990327e-05,1.0922867588524065e-05,1.0785747784359251e-05,1.0571493109805341e-05,1.0538290575236972e-05
nuclear,AT,0.0,0.0,0.0,0.0,0.0,0.0,0.0,0.0,0.0,0.0,0.0,0.0,0.0,0.0,0.0,0.0,0.0,0.0,0.0,0.0,0.0,0.0,0.0,0.0,0.0,0.0,0.0,0.0,0.0,0.0
nuclear,BE,955.0245179310372,953.4454286818323,953.5984146976259,952.7013012999231,953.1876838233077,952.5281762384194,944.5255521534303,936.3951610647686,928.2610337179786,920.3323710829354,9.069046129269349e-06,1.0846085576099063e-05,1.224560404603797e-05,1.3400106265428059e-05,1.488977382226288e-05,1.6326136973824033e-05,1.8955504414677857e-05,2.1767506556791576e-05,2.8712444406662456e-05,4.5108056830056193e-05,0.0007169204911097138,362.2269022998087,477.3534266344921,476.04692329068706,575.0418826268436,775.2589620061248,770.2664311847396,764.1863183416624,757.8594015403344,752.7839697263162
nuclear,BG,649.2821043251724,648.0613674762434,648.7368230970833,648.5846982921887,648.8286279305332,647.1481332839084,642.000004445189,634.9011563475273,627.8780505487803,5.017668982561687e-06,5.616715185795337e-06,6.080172836421825e-06,6.459638623533645e-06,6.853750018529683e-06,7.247538226649187e-06,7.641542977276551e-06,8.092481609193982e-06,8.553906720685453e-06,9.147192618134063e-06,9.866502771314844e-06,1.076578090342093e-05,1.1660231757857014e-05,1.2327707266791515e-05,1.2922354803389926e-05,1.357786666711665e-05,1.4323726358713516e-05,1.528610971917244e-05,1.6259368831563898e-05,1.8044658215989057e-05,2.114774948677776e-05
nuclear,CH,462.6596442806946,461.40205389856203,461.4053580875196,461.15927397412,345.9901547010824,345.2711515488201,342.2905970360503,338.689232529977,334.12309473953604,330.58908070903897,325.75719977955276,323.57200871628055,321.2022992995785,318.46812018298186,175.40384814520763,173.28238926163547,171.22903219915995,168.9292797057561,166.2817871756093,1.882259305490098e-05,2.6391054115520047e-05,3.01287892258306e-05,3.381595174042372e-05,3.81301502877402e-05,4.2689829143060495e-05,4.751973242641088e-05,4.9943847505281685e-05,5.1514008712172614e-05,6.0035678642439584e-05,6.614920428987087e-05
nuclear,CZ,323.8859665164009,319.563007868147,320.11361256509866,321.414275095743,320.92771794222125,323.28896731665986,320.8377105250814,315.20788239478827,311.18493471574305,307.25875834111787,303.9985330251539,301.6241071319025,299.2406560648905,296.33708710523405,291.76090242622564,289.35102351882205,285.3384719518933,282.01076929082956,277.97767708127566,273.51208873933376,264.2158300278329,259.97471058733834,258.69836782070274,256.8047323029726,252.20770749715706,251.10341143404858,249.47583625672848,246.61123700962006,244.89050580024454,243.21248261028353
nuclear,DE,1061.7929635911644,1059.2477635492487,1060.1545172932988,1059.8991588972613,1059.2655367470984,1058.1198068304088,1049.3926680472737,1038.0853009824273,1025.887750531289,1009.0680096848696,997.8935199368078,776.6306110677572,771.5978412821727,767.2071254449702,407.5890736678769,405.7714625123347,400.66056446559554,394.36607843971854,387.6369633225267,382.5234244368143,179.71120227981407,202.54217191177202,553.6366464117789,856.1107259963762,850.5943334605089,844.4017743019098,837.9013078174729,831.1801724771701,825.3608516489733,819.7347262870851
nuclear,DK,0.0,0.0,0.0,0.0,0.0,0.0,0.0,0.0,0.0,0.0,0.0,0.0,0.0,0.0,0.0,0.0,0.0,0.0,0.0,0.0,0.0,0.0,0.0,0.0,0.0,0.0,0.0,0.0,0.0,0.0
nuclear,EE,0.0,0.0,0.0,0.0,0.0,0.0,0.0,0.0,0.0,0.0,0.0,0.0,0.0,0.0,0.0,0.0,0.0,0.0,0.0,0.0,0.0,0.0,0.0,0.0,0.0,0.0,0.0,0.0,0.0,0.0
nuclear,EL,0.0,0.0,0.0,0.0,0.0,0.0,0.0,0.0,0.0,0.0,0.0,0.0,0.0,0.0,0.0,0.0,0.0,0.0,0.0,0.0,0.0,0.0,0.0,0.0,0.0,0.0,0.0,0.0,0.0,0.0
nuclear,ES,1091.5204149862152,1080.5922094481548,1089.0372450391478,1093.049350176406,1099.6611265884012,1105.3435700130717,1101.3255293767463,1095.4772371257689,1085.1060323401641,1074.9146791533283,1060.3742892972632,1052.4489155906504,1035.1197853838603,1027.548203452214,1018.1841534819005,1007.4735956735146,976.1967191145832,960.0537029602827,670.3779631728091,403.7357259966679,260.5835911289177,258.9205001835497,257.49292688909554,9.110622061310624e-06,1.0487779908475883e-05,1.1601933653741247e-05,1.2580087700101257e-05,1.3657661020872965e-05,1.5032560623494272e-05,1.6887391377482414e-05
nuclear,FI,502.5173274037251,497.214898557262,498.10263687108863,502.72318226791447,500.48495744106975,502.21402918012177,498.17097274560945,496.03047675368657,487.7863452884153,482.97170406828985,471.012788367114,464.8457283741286,390.704703130516,385.75683979616247,137.9527902260398,137.19679165500548,6.174632734661064e-06,7.066378176066612e-06,7.525877359746607e-06,7.864610122521147e-06,8.524895698719606e-06,9.730977187043881e-06,1.075771646219842e-05,1.1702624527528565e-05,1.26058807734011e-05,1.359387441338396e-05,1.4685148747950634e-05,1.5877594223239855e-05,1.7355860198550094e-05,1.942261728265785e-05
nuclear,FR,10375.324369382211,10333.938425875522,9889.211953570411,9890.078949379487,9889.024101327874,9887.093559511,9790.293966249876,9110.163934621041,9013.53834535645,8918.377604687219,8814.58206286374,8733.376946930972,8658.707030755579,8580.93907895102,8514.040982993502,6553.606222192685,5924.034222886894,5813.322589786243,5453.957168165887,4334.4578993748055,3541.7041616090987,2587.0236805225313,1902.9869890190755,1239.0428904026712,1233.4593184515554,685.3989739116057,360.0466019231954,356.3551768588177,353.40392693015673,352.93842665761775
nuclear,HR,0.0,0.0,0.0,0.0,0.0,0.0,0.0,0.0,0.0,0.0,0.0,0.0,0.0,0.0,0.0,0.0,0.0,0.0,0.0,0.0,0.0,0.0,0.0,0.0,0.0,0.0,0.0,0.0,0.0,0.0
nuclear,HU,311.27133063666497,309.46044486005195,311.03804175447704,310.60988793545056,311.2497174679776,310.9271726442916,308.34287595797974,303.4046274358185,299.0897191111742,296.9797920960496,290.94421017921866,287.21427126426875,282.60655259194004,279.33876380330383,275.91914099291984,272.85493326962273,268.0317643240284,263.47061534737963,8.0846806095295e-06,9.338578400797748e-06,1.0317406373846004e-05,1.1068035639243994e-05,1.1690685920470133e-05,1.2233047215654537e-05,1.2786196776117515e-05,1.3351381536046546e-05,1.390556224959381e-05,1.4476661635616984e-05,1.526892427816676e-05,1.6427756773757027e-05
nuclear,IE,0.0,0.0,0.0,0.0,0.0,0.0,0.0,0.0,0.0,0.0,0.0,0.0,0.0,0.0,0.0,0.0,0.0,0.0,0.0,0.0,0.0,0.0,0.0,0.0,0.0,0.0,0.0,0.0,0.0,0.0
nuclear,IT,0.0,0.0,0.0,0.0,0.0,0.0,0.0,0.0,0.0,0.0,0.0,0.0,0.0,0.0,0.0,0.0,0.0,0.0,0.0,0.0,0.0,0.0,0.0,0.0,0.0,0.0,0.0,0.0,0.0,0.0
nuclear,LT,0.0,0.0,0.0,0.0,0.0,0.0,0.0,0.0,0.0,0.0,0.0,0.0,0.0,0.0,0.0,0.0,0.0,0.0,0.0,0.0,0.0,0.0,0.0,0.0,0.0,0.0,0.0,0.0,0.0,0.0
nuclear,LU,0.0,0.0,0.0,0.0,0.0,0.0,0.0,0.0,0.0,0.0,0.0,0.0,0.0,0.0,0.0,0.0,0.0,0.0,0.0,0.0,0.0,0.0,0.0,0.0,0.0,0.0,0.0,0.0,0.0,0.0
nuclear,LV,0.0,0.0,0.0,0.0,0.0,0.0,0.0,0.0,0.0,0.0,0.0,0.0,0.0,0.0,0.0,0.0,0.0,0.0,0.0,0.0,0.0,0.0,0.0,0.0,0.0,0.0,0.0,0.0,0.0,0.0
nuclear,NL,76.41358807160698,75.31027622052905,75.59960662906566,76.11993687780992,76.34470489103073,76.28895856058651,75.47883077728854,74.28835853276979,5.066021927979877e-06,5.665546830592283e-06,6.3028508457701034e-06,6.70077764803906e-06,7.052895925398772e-06,7.32254025021903e-06,7.645307826890894e-06,7.941537410900854e-06,8.414217701582641e-06,8.851896752972232e-06,9.631876785524851e-06,1.0589874887956726e-05,1.181460047824974e-05,1.2857635689480488e-05,1.4139308011405479e-05,1.5719446066461955e-05,1.8226243094823505e-05,2.3565026361207337e-05,2.6952828490207254e-05,3.201609628443678e-05,4.179872005602469e-05,5.002661543378912e-05
nuclear,NO,0.0,0.0,0.0,0.0,0.0,0.0,0.0,0.0,0.0,0.0,0.0,0.0,0.0,0.0,0.0,0.0,0.0,0.0,0.0,0.0,0.0,0.0,0.0,0.0,0.0,0.0,0.0,0.0,0.0,0.0
nuclear,PL,0.0,0.0,0.0,0.0,0.0,0.0,0.0,0.0,0.0,0.0,0.0,0.0,0.0,0.0,0.0,0.0,0.0,0.0,0.0,0.0,0.0,0.0,0.0,0.0,0.0,0.0,0.0,0.0,0.0,0.0
nuclear,PT,0.0,0.0,0.0,0.0,0.0,0.0,0.0,0.0,0.0,0.0,0.0,0.0,0.0,0.0,0.0,0.0,0.0,0.0,0.0,0.0,0.0,0.0,0.0,0.0,0.0,0.0,0.0,0.0,0.0,0.0
nuclear,RO,439.43909001438993,439.11584398298294,440.3723081867979,440.08435584218324,439.96580873504007,440.0872650307156,436.56134314631925,430.69953652872493,424.441457229638,418.66910399812554,412.2594104034919,409.4403373475229,403.33967381389243,399.23560234787345,392.28052522041014,386.8273397339851,378.59068902013274,372.2190412927111,361.68981393656713,354.2581424089425,342.7395777478607,338.82002504700756,336.2314719264529,333.9916295014344,330.625952035243,328.32433368949546,326.48720423603595,324.01283803261805,321.5097578484513,318.4301088400612
nuclear,SE,1064.0522313110623,1056.540480532294,1063.3438309232142,1071.5233278244239,1066.3952237015249,1068.2410496709983,1059.5082356100588,832.9404693756685,823.3355016982231,814.845690503896,486.4285185643149,482.9140133480013,476.265005121965,469.59267651936636,461.8559017612479,320.9302856480583,162.17493187884526,160.8005009685039,157.33145994658818,151.06582236987472,8.403128101716682e-06,9.740229308298092e-06,1.0812026087478109e-05,1.1820967181973284e-05,1.2723921453262471e-05,1.3688344471070156e-05,1.4692973314730227e-05,1.5750757431488325e-05,1.7228693064913174e-05,1.945724626430616e-05
nuclear,SI,110.81509752700818,110.01114853116607,110.22781077381326,109.98713455834246,110.03171263850142,110.72050429972043,109.77644882664313,108.22665121415041,107.18166501648774,105.73143418029369,104.43862085260908,103.85990489905183,101.78978032226354,100.02422242848453,98.09354822699405,97.36682603506488,95.81581048301652,94.72881706379964,1.0630609460718433e-05,1.2300814767420382e-05,1.371479842432516e-05,1.4704041172012933e-05,1.5618989617501778e-05,1.6370930844590302e-05,1.694502236088032e-05,1.7375381824518538e-05,1.7633498189835118e-05,1.805156823250057e-05,1.8842782546089835e-05,2.039151888407918e-05
nuclear,SK,424.53939051493035,422.01439209535897,422.591661013848,422.4370004441882,422.3629903809716,422.17896086709607,419.0581980002073,142.85690407392747,141.39079454299008,140.21030576688082,137.92081060786407,137.04736986943058,136.13676190321925,135.39222417003577,133.45772130018318,132.79531586363638,130.9395949552636,128.73900598638116,122.98879197405115,121.23985593555851,118.40835130439655,119.24464095231704,118.1039181768551,117.06934220400711,115.77889871323161,115.87949088861131,115.13492199777566,113.87958810054462,113.13621105397407,112.40082917115419
nuclear,UK,1066.3731056094796,1066.3353560985615,1070.450219032589,1074.6010735289992,1076.4167570136904,1075.4587778458053,1062.9685898418043,1046.4525004527727,1032.1146687007194,1022.1208884563584,1005.9055291682877,851.2510134435447,841.5584465310325,831.8264582465627,823.6976658585868,822.1848212882886,807.3814829216332,794.2931702449084,777.4439321947582,760.9032240765345,734.7632809699727,733.4980736471043,722.5268963291871,564.0664654054278,141.95230829631365,140.53188649494356,139.25304164020332,138.25863783496666,137.21894671810975,136.28262999495183
photovoltaics,AT,299.25797343200827,307.8725661676736,307.87256619777537,300.6336944068376,293.3948226641273,286.15595112754175,280.3268342932396,346.8440363312497,382.2985172300408,374.00405443157933,381.2997355148015,373.91385461669864,366.5260100587479,359.13633137000386,351.74494741313,344.3519875939426,337.99845663043595,331.64121873084923,354.0799726552287,363.0096561913554,356.2758105712229,400.78382350858516,396.535361812904,392.118357765402,387.87173086385013,397.238631354119,402.85325529306596,420.4624590049526,436.5898580752751,441.1248275135456
photovoltaics,BE,73.14961609022656,79.96305416058736,79.96305417350078,78.08303248262271,76.20301079819538,74.32298915794017,72.80903591254575,71.29508285401545,69.78113020821444,68.26717896721051,177.73572311240275,186.44867461557303,182.74984116723587,179.04584847466555,175.33706263737665,181.3814984494924,185.5342676078053,185.4712148811879,189.7957309092002,209.8403647659328,217.00758934823276,206.31163081970735,198.71075480514455,223.43589869577454,221.9171923435275,223.1222026765416,242.78274538379205,250.8184277417946,258.35886625008624,272.6932243789876
photovoltaics,BG,53.44903662129653,55.31220729908751,55.31220734788885,54.01156163504918,52.71091636783145,61.757233085688156,60.49916837702333,60.4455216142358,59.161880645783846,67.09856206553883,65.61042948655675,64.34035483881216,63.070279982845705,61.80020504620563,60.53012978531503,61.93063459718009,60.79061642704358,59.65059790496385,58.50062508316881,57.32013302217661,55.93877081964168,64.15857658431197,74.87389173638016,78.04289238879102,82.3916847670145,82.74683314883254,81.91634873653693,81.10173100630557,81.95647920478507,81.10040278251023
photovoltaics,CH,269.22326993378886,277.1763291277891,277.17632905149827,270.6587164462288,264.1411035803023,342.57512994084817,399.78898848264885,402.0169261207006,396.5333813839837,387.92979548779925,398.8153418815082,391.0901789275323,383.36280613466334,375.63336946586986,367.90201396449606,360.1688846323106,353.52324364580886,346.8342111795225,340.1061340089399,337.0768187474782,351.98522637265035,399.13750183699153,402.80497221261646,397.7893783768977,393.39684505456,419.1413663027457,427.67055463575497,429.779948069936,429.087144741969,422.45817642483155
photovoltaics,CZ,89.64086915278365,89.64086917140396,89.64086920549423,87.53321728654245,85.42556540783723,83.31791372446322,81.62070572591962,91.10419462012084,89.16955897576038,87.2349224921534,85.29991104558339,83.64785165578773,81.99546100115504,80.34276079137247,78.68977286088486,77.03651895715771,75.6158619677561,74.15818003035838,72.2231538519835,67.33841065472551,54.36412947347278,53.443175623363125,52.314903912092795,51.3307054527356,50.7541598475954,50.18939229322166,49.70222383377359,49.1840649821902,48.666630177137016,48.149919401781716
photovoltaics,DE,641.5154313992256,710.5689906614006,710.5689906715364,693.8627301909853,677.156469752959,660.4502179878834,646.9969073926526,633.5436006500308,620.0903503342947,632.990346758317,656.7595406520999,641.7502200342985,625.7067818717945,608.6971803273796,590.7893751141409,572.0516850476239,584.0550931716149,562.3581911825876,564.5526421381295,568.3804587548484,564.6928081276144,796.1126580617389,773.7160979590755,750.9333241272902,780.0833370581186,761.5454805790317,793.070908987141,788.9111558940014,776.7392382641951,776.5184380997205
photovoltaics,DK,15.819522449644962,23.708845759455464,23.70884576434545,23.151463119575443,22.594080474896653,22.036697831315923,21.587824797150063,21.138951763682066,20.690078730530775,20.24120569804438,19.792294501445493,19.40903361756346,19.02573900118317,18.642412871315376,18.259057446377433,17.87567494459616,17.546264295701807,17.216763665012362,16.886213886058144,16.555590566465852,16.208835850871527,15.91330424066323,12.833462871571655,11.439680810405271,10.935386175639984,9.355855991620622,8.869924055403459,8.34798668453969,7.562605096383063,6.743036232052288
photovoltaics,EE,1.9082024220390919,4.30509083088138,4.3050908347799215,4.203882409676501,4.10267398499739,4.001465562020846,3.9199590058381806,3.8384524494731806,3.75694589313739,3.6754393389867976,3.593932784225078,3.5243521174120556,3.454771449809468,3.3851907828620864,3.315610114420658,3.2460294460548575,3.1862530814765444,3.1264767169009304,3.066700352017184,3.006923990826753,2.94714762614558,2.9162251339917957,2.885302655078116,2.854380177599015,2.823457707257719,2.792535244307888,2.7657517287581133,2.7315656036912332,2.470287233951887,2.1483212737076425
photovoltaics,EL,37.9716648959488,48.418430949896575,48.418430958397686,47.27984590291066,46.14126084896149,45.00267580053895,44.08590541093239,43.169135022902836,42.25236463556524,41.33559424880209,40.41711554159169,39.63139520640764,38.84416496165919,38.05552402710924,37.26557159942916,36.4744068921087,35.792426737860296,35.09984892299078,34.30463443850783,33.33969594052414,31.48141203593246,27.805427758008012,20.391876026216927,16.13609390718137,16.117852293933822,16.562791925625458,16.40624945542615,16.30400550618628,15.931953166890123,14.69951151522307
photovoltaics,ES,341.0085715204233,394.0396126713514,394.03961262832485,384.7730523417295,375.5064921233043,366.2399320154148,358.77892259714633,366.02230092718617,358.24901272468776,350.4757229721103,342.564853747806,335.6640780547728,328.64170164685083,321.50571387104725,314.26410454546425,362.09339688176823,376.0564814467997,415.0258485907015,429.74216180283616,420.80912980089465,457.44128705080084,455.7514879494578,449.2590989775521,451.02194978665267,445.9750051480421,445.4317013804077,445.160684743301,443.71922780523477,438.3471441520469,451.28161225606954
photovoltaics,FI,3.563732029395814,4.4943622304220385,4.494362232922953,4.388710922364632,4.283059611893093,4.177408302756829,4.092320118687443,4.007231935039952,3.9221437514976745,3.837055568849105,3.750580051736953,3.6752429015510333,3.598679582312746,3.5209706791594,3.4421967697072984,3.3624384407235697,3.291902259055187,3.221689161829837,3.151799145456455,3.0822322098282635,3.0129883541630584,2.9734912060065626,2.9341611883719922,2.8949983031925104,2.817856406806758,2.7492629696853297,2.6025698441104836,2.2613437151914932,1.8068445816683085,1.2056058178233742
photovoltaics,FR,127.34625854293719,159.86272834586651,159.86272837122615,156.10387158454452,152.34501486099535,148.58615814617104,145.5593710241231,142.532583941596,139.50579687900242,136.47900983824042,133.43708954571986,130.82425086472904,128.19803639987612,125.55932513659876,122.90899605444102,172.02469048961115,176.90744835962587,173.32485290112416,169.1453094028107,164.20672098258302,155.2348653768612,193.3319216144966,201.47775935840914,214.03055112085397,213.98972074992898,236.69366692995652,234.62002269031856,225.860339971683,219.0784265826423,217.2557938618689
photovoltaics,HR,30.7901827021471,30.83675258040868,30.836752598856307,30.111681116054395,29.386609654384756,28.66153826233458,28.07768415131508,27.493830036729033,26.909975877452638,26.32612165991692,25.742267404893564,25.24393518389763,24.745602995649232,24.24727089956074,23.748938878748277,23.25060786699734,22.82256989217037,22.3945314272799,21.966492696102325,21.538454230037104,21.110415675169904,20.888995803966857,20.636363907444974,20.29948720706835,19.972754648051808,19.648362289845736,19.400171380021717,19.175361444953122,18.930737328020648,18.620426631531593
photovoltaics,HU,24.783922243406785,34.427839121084205,34.42783912915658,33.618350913426475,32.80886270008642,31.99937449087327,31.347533209418927,30.69569192862774,30.043850649238472,29.392009370942393,28.740168131642193,28.183792188283775,27.627416242142115,27.071040302470728,26.514664361961955,25.958288427233807,25.48038088817524,25.002473354276187,24.524565806910022,24.046658271871927,23.560781202167718,23.295509597845214,22.938289606048812,22.527294194999847,21.969205636835,21.11060155780237,20.452780211270372,19.434481844881333,16.844217953872814,11.30683442184084
photovoltaics,IE,0.9773575523131072,1.6754700939331222,1.675470098444681,1.6360816283957,1.5966931600595502,1.5573046910539152,1.5255837373405776,1.4938627797009119,1.4621418252339315,1.4304208747289882,1.3986999282638506,1.3716202076223507,1.3445404886294134,1.3174607739726905,1.290381063091214,1.2633013549285135,1.2400372369686314,1.2167731206608443,1.1935090077321016,1.170244897781029,1.1469807898296884,1.1349462159936545,1.1229116608571215,1.110877118655601,1.0988425947796612,1.0868081017351954,1.0763844334730315,1.0659607671625042,1.0555372100283769,0.8418977334899606
photovoltaics,IT,660.5354740652994,671.4351177270399,671.4351169060964,655.6465315019676,639.8579453150029,624.0693615311308,611.3563399159931,598.6433181668614,585.9302966248028,573.2172748694197,560.4827280979347,549.5907959003655,538.6798387918014,527.751106367248,516.8058493066211,505.8453172759488,496.40017209356495,486.4985620912103,474.3936624039123,459.3070329701107,419.49676552708036,401.95113748115597,371.656580143009,356.12525124183634,349.1454296933237,343.0738986030352,337.0272707902398,330.7327441431532,324.2969364820846,315.63826107451786
photovoltaics,LT,1.1985764034053716,1.9665962376164825,1.9665962430907526,1.9203620122267528,1.87412778434027,1.8278935589260643,1.7906603917639907,1.7534272258596735,1.7161940609189201,1.678960900039188,1.6417277383594615,1.6099435542729674,1.578159367212101,1.546375179218852,1.5145909892071527,1.4828067948010928,1.455502047147715,1.4281972949966701,1.4008925433152797,1.3735877932962612,1.3462830366132987,1.332158287614992,1.318033538937686,1.3039087931843931,1.289784056139202,0.7623764454873546,0.747589252898164,0.6589118600539634,0.6378070694061353,0.6315093862738765
photovoltaics,LU,3.6478712178459525e-06,3.6864605700216587e-06,3.7142330113629692e-06,3.656484536105472e-06,3.6754971529208803e-06,5.608841157853537e-06,6.348651891297238e-06,8.951925087894406e-06,9.359217884804056e-06,9.48965895864041e-06,1.0129305491666192e-05,1.0083667947371634e-05,1.0084690552624667e-05,1.025778030226104e-05,1.0446811572370303e-05,1.554501684947061e-05,1.7307790163090878e-05,1.716277056380574e-05,1.728591686312522e-05,1.7755069485803896e-05,1.886777819720359e-05,1.9900349577020952e-05,2.120275859315457e-05,2.505039929182236e-05,2.9337318124557422e-05,3.0558496003937346e-05,3.1821163633203164e-05,3.2591485591197617e-05,3.504300111054767e-05,3.896998690164159e-05
photovoltaics,LV,2.515055716713781e-06,2.5436198500827597e-06,2.5681032587192777e-06,2.5425599648137264e-06,2.5555001392332505e-06,2.76322308770226e-06,3.1554343858664834e-06,3.617990999232155e-06,4.203349996097443e-06,5.123982160212872e-06,8.072563866878535e-06,9.951598626502718e-06,1.2006034467615477e-05,1.3485317382535908e-05,1.3867695999363424e-05,1.3876923745906186e-05,1.3804997635447196e-05,1.370817536395814e-05,1.35645958396296e-05,1.3426917674833936e-05,1.3308884623096674e-05,1.3348219683684101e-05,1.3488682387616367e-05,1.375688966261949e-05,1.4108615106660967e-05,1.4441008663332167e-05,1.4707773121705835e-05,1.503101861712988e-05,1.553435820399477e-05,1.6798510451367658e-05
photovoltaics,NL,121.33284075985497,165.33938710353598,165.3393871126679,161.45207871200756,157.564770313967,153.6774619303161,150.5470666406967,147.41667136078595,144.28627608886794,141.15588082442142,138.02340353830428,135.34724569096346,132.66924749197204,129.9895301081902,127.3082143955635,124.62542125119906,122.31782774692779,120.0115641711243,117.68088038664388,115.30040387943123,112.8437079591434,111.18686863609116,108.31537276874332,104.26395873103036,101.03545225775797,96.40335763212656,91.48604326387138,84.8614365857848,72.226303167148,52.861723894904074
photovoltaics,NO,1.8322033609013684,2.5883507961448764,2.5883507978653975,2.52750484410197,2.466658890332495,2.4058129378083466,2.3568096882579086,2.3078064389464013,2.2588031904647012,2.2097999423935093,2.160796693604901,2.1189609037442785,2.0771251152878265,2.035289326572672,1.9934535400215443,1.9516177541509858,1.9156747665211096,1.8797317837941163,1.8437888002992893,1.8078458185729096,1.7719028283307823,1.753309254294512,1.7347156884287218,1.7161221222354777,1.6975285640478084,1.678935023054938,1.5806221342176476,1.4320946754428316,1.2458657140712501,0.863492524924449
photovoltaics,PL,45.739967237225756,90.54769973243623,90.547699734159,88.41885162003159,86.29000352387726,84.16115612387019,82.4468108056447,80.73246604592232,79.01812423417735,77.30380427038075,81.0591197452777,79.48983841123025,77.92055674012924,76.35127496993113,74.78199315570328,73.21271133477495,71.86465058911668,70.51658979871915,69.16852902535604,67.82046825564046,66.4724074888612,65.77505933532498,65.07771119194284,64.38036306736807,63.5914184805802,62.230721243752356,60.89301214766494,59.703675768135916,57.5802031071599,56.15753674011438
photovoltaics,PT,117.55387364032308,125.71928130084848,125.71928133688971,122.7627847953994,119.8062882764509,116.84979185930153,114.46934506789208,123.40949505382868,121.51012686971316,118.87360820003617,116.23653355115694,113.98547217048014,111.73391972674102,109.48190868148191,107.22947253556151,116.87808412039792,114.72345102335858,120.19032999185929,117.50366974006639,121.38852363193912,132.33205798976374,130.62094841279375,128.69809514942457,126.89491010427878,124.607738051815,122.97989571066165,121.30755801676447,119.6521864291641,117.83742831283308,114.8436840756956
photovoltaics,RO,16.254753011558815,16.6040219136838,16.604021931701826,16.213609487252604,15.82319705881764,15.432784659567073,15.118409331122738,14.80403400584225,14.489658690340809,14.175283360926459,13.860908052650307,13.59258073504906,13.324253427408522,13.055926140410007,12.787598858742369,12.51927163231004,12.288792916338915,12.058314188266353,11.827835449783553,11.597356739617172,11.350937732257126,11.23188070439058,10.887318342763937,4.355890181358671,1.5355551227833761,0.9281661734264229,0.3926957287992871,0.3666738062624268,0.3520887568839134,0.2905147104401989
photovoltaics,SE,13.706806248572626,19.558385555399266,19.55838555899047,19.098610809196312,18.638836059282156,18.179061310110185,17.808776463997503,17.43849161865711,17.06820677328275,16.697921928514226,16.326786613876823,16.00901262655734,15.690486968219828,15.371259036101304,15.051378230302163,14.73089394725919,14.454320383138189,14.17136351908363,13.886486330716696,13.608846601131777,13.316885076490022,13.143181779661967,12.937998468213548,12.652158066359632,12.2387359095772,11.758623976164753,11.054068375915445,10.109926220587916,8.69185823003671,6.523553330701364
photovoltaics,SI,4.2342122377642175,4.618387096349764,4.618387100751588,4.509796127202894,4.401205154106497,4.292614185766773,4.205171547154618,4.117728908291712,4.030286268847231,3.942843628431473,3.855109435646645,3.77990750110785,3.7044478803316103,3.6287475062858436,3.5528233070096826,3.4766922263288382,3.4108755253955456,3.3418294424441672,3.261367211301375,3.1375041230246197,2.928228065180028,2.526866659912282,1.4738947973602965,1.211870365763119,1.1529340970543716,1.0874492365909083,1.0246688942085236,0.9036466297263647,0.7847963032313543,0.6681180251171932
photovoltaics,SK,13.30934093261226,13.367545040136246,13.36754505560581,13.053243982016687,12.738942951232826,12.42464224583094,15.32566949806163,78.09012781953977,76.43184868908561,74.77356908894977,73.11526157213511,71.69976872668764,70.28425134594183,68.86871111158628,67.45314965043802,66.20081867842026,65.04008656789347,68.85046064708857,70.66773892979322,74.04379155020544,71.19906703617644,67.8828544237453,67.02282509091283,91.4431678804162,95.80710304262578,100.52096614942322,99.55711394443237,98.6113505981746,97.61827498232635,96.61834105148306
photovoltaics,UK,159.32540697366937,165.72490875073754,165.72490875523135,161.8288724080766,157.93283606048925,154.0367997145937,150.89919430206638,147.76158888609652,144.6239834802877,141.48637807129214,138.3440783790479,135.65645078709383,132.96467416359704,130.26902116658593,127.56976445083701,124.86717667539132,122.53859362507337,120.20724202391763,117.87248967936569,115.54240980716018,112.59425592848437,104.2441529722673,97.10015773430173,87.56062917113152,66.99230360838533,33.938522860127904,17.517553431010203,10.35299498204702,8.083073823980815,6.019103672978976
power_line,AT-CH,0.0,0.0,0.0,0.0,0.0,0.0,0.0,0.0,0.0,0.0,0.0,0.0,0.0,0.0,0.0,0.0,0.0,0.0,0.0,0.0,0.0,0.0,0.0,0.0,0.0,0.0,0.0,0.0,0.0,0.0
power_line,AT-CZ,0.0,0.0,0.0,0.0,0.0,0.0,0.0,0.0,0.0,0.0,0.0,0.0,0.0,0.0,0.0,0.0,0.0,0.0,0.0,0.0,0.0,0.0,0.0,0.0,0.0,0.0,0.0,0.0,0.0,0.0
power_line,AT-DE,0.0,0.0,0.0,0.0,0.0,0.0,0.0,0.0,0.0,0.0,0.0,0.0,0.0,0.0,0.0,0.0,0.0,0.0,0.0,0.0,0.0,0.0,0.0,0.0,0.0,0.0,0.0,0.0,0.0,0.0
power_line,AT-HU,0.0,0.0,0.0,0.0,0.0,0.0,0.0,0.0,0.0,0.0,0.0,0.0,0.0,0.0,0.0,0.0,0.0,0.0,0.0,0.0,0.0,0.0,0.0,0.0,0.0,0.0,0.0,0.0,0.0,0.0
power_line,AT-IT,0.0,0.0,0.0,0.0,0.0,0.0,0.0,0.0,0.0,0.0,0.0,0.0,0.0,0.0,0.0,0.0,0.0,0.0,0.0,0.0,0.0,0.0,0.0,0.0,0.0,0.0,0.0,0.0,0.0,0.0
power_line,AT-SI,0.0,0.0,0.0,0.0,0.0,0.0,0.0,0.0,0.0,0.0,0.0,0.0,0.0,0.0,0.0,0.0,0.0,0.0,0.0,0.0,0.0,0.0,0.0,0.0,0.0,0.0,0.0,0.0,0.0,0.0
power_line,AT-SK,0.0,0.0,0.0,0.0,0.0,0.0,0.0,0.0,0.0,0.0,0.0,0.0,0.0,0.0,0.0,0.0,0.0,0.0,0.0,0.0,0.0,0.0,0.0,0.0,0.0,0.0,0.0,0.0,0.0,0.0
power_line,BE-DE,0.0,0.0,0.0,0.0,0.0,0.0,0.0,0.0,0.0,0.0,0.0,0.0,0.0,0.0,0.0,0.0,0.0,0.0,0.0,0.0,0.0,0.0,0.0,0.0,0.0,0.0,0.0,0.0,0.0,0.0
power_line,BE-FR,0.0,0.0,0.0,0.0,0.0,0.0,0.0,0.0,0.0,0.0,0.0,0.0,0.0,0.0,0.0,0.0,0.0,0.0,0.0,0.0,0.0,0.0,0.0,0.0,0.0,0.0,0.0,0.0,0.0,0.0
power_line,BE-LU,0.0,0.0,0.0,0.0,0.0,0.0,0.0,0.0,0.0,0.0,0.0,0.0,0.0,0.0,0.0,0.0,0.0,0.0,0.0,0.0,0.0,0.0,0.0,0.0,0.0,0.0,0.0,0.0,0.0,0.0
power_line,BE-NL,0.0,0.0,0.0,0.0,0.0,0.0,0.0,0.0,0.0,0.0,0.0,0.0,0.0,0.0,0.0,0.0,0.0,0.0,0.0,0.0,0.0,0.0,0.0,0.0,0.0,0.0,0.0,0.0,0.0,0.0
power_line,BE-NO,0.0,0.0,0.0,0.0,0.0,0.0,0.0,0.0,0.0,0.0,0.0,0.0,0.0,0.0,0.0,0.0,0.0,0.0,0.0,0.0,0.0,0.0,0.0,0.0,0.0,0.0,0.0,0.0,0.0,0.0
power_line,BE-UK,0.0,0.0,0.0,0.0,0.0,0.0,0.0,0.0,0.0,0.0,0.0,0.0,0.0,0.0,0.0,0.0,0.0,0.0,0.0,0.0,0.0,0.0,0.0,0.0,0.0,0.0,0.0,0.0,0.0,0.0
power_line,BG-EL,0.0,0.0,0.0,0.0,0.0,0.0,0.0,0.0,0.0,0.0,0.0,0.0,0.0,0.0,0.0,0.0,0.0,0.0,0.0,0.0,0.0,0.0,0.0,0.0,0.0,0.0,0.0,0.0,0.0,0.0
power_line,BG-RO,0.0,0.0,0.0,0.0,0.0,0.0,0.0,0.0,0.0,0.0,0.0,0.0,0.0,0.0,0.0,0.0,0.0,0.0,0.0,0.0,0.0,0.0,0.0,0.0,0.0,0.0,0.0,0.0,0.0,0.0
power_line,CH-AT,0.0,0.0,0.0,0.0,0.0,0.0,0.0,0.0,0.0,0.0,0.0,0.0,0.0,0.0,0.0,0.0,0.0,0.0,0.0,0.0,0.0,0.0,0.0,0.0,0.0,0.0,0.0,0.0,0.0,0.0
power_line,CH-DE,0.0,0.0,0.0,0.0,0.0,0.0,0.0,0.0,0.0,0.0,0.0,0.0,0.0,0.0,0.0,0.0,0.0,0.0,0.0,0.0,0.0,0.0,0.0,0.0,0.0,0.0,0.0,0.0,0.0,0.0
power_line,CH-FR,0.0,0.0,0.0,0.0,0.0,0.0,0.0,0.0,0.0,0.0,0.0,0.0,0.0,0.0,0.0,0.0,0.0,0.0,0.0,0.0,0.0,0.0,0.0,0.0,0.0,0.0,0.0,0.0,0.0,0.0
power_line,CH-IT,0.0,0.0,0.0,0.0,0.0,0.0,0.0,0.0,0.0,0.0,0.0,0.0,0.0,0.0,0.0,0.0,0.0,0.0,0.0,0.0,0.0,0.0,0.0,0.0,0.0,0.0,0.0,0.0,0.0,0.0
power_line,CZ-AT,0.0,0.0,0.0,0.0,0.0,0.0,0.0,0.0,0.0,0.0,0.0,0.0,0.0,0.0,0.0,0.0,0.0,0.0,0.0,0.0,0.0,0.0,0.0,0.0,0.0,0.0,0.0,0.0,0.0,0.0
power_line,CZ-DE,0.0,0.0,0.0,0.0,0.0,0.0,0.0,0.0,0.0,0.0,0.0,0.0,0.0,0.0,0.0,0.0,0.0,0.0,0.0,0.0,0.0,0.0,0.0,0.0,0.0,0.0,0.0,0.0,0.0,0.0
power_line,CZ-PL,0.0,0.0,0.0,0.0,0.0,0.0,0.0,0.0,0.0,0.0,0.0,0.0,0.0,0.0,0.0,0.0,0.0,0.0,0.0,0.0,0.0,0.0,0.0,0.0,0.0,0.0,0.0,0.0,0.0,0.0
power_line,CZ-SK,0.0,0.0,0.0,0.0,0.0,0.0,0.0,0.0,0.0,0.0,0.0,0.0,0.0,0.0,0.0,0.0,0.0,0.0,0.0,0.0,0.0,0.0,0.0,0.0,0.0,0.0,0.0,0.0,0.0,0.0
power_line,DE-AT,0.0,0.0,0.0,0.0,0.0,0.0,0.0,0.0,0.0,0.0,0.0,0.0,0.0,0.0,0.0,0.0,0.0,0.0,0.0,0.0,0.0,0.0,0.0,0.0,0.0,0.0,0.0,0.0,0.0,0.0
power_line,DE-BE,0.0,0.0,0.0,0.0,0.0,0.0,0.0,0.0,0.0,0.0,0.0,0.0,0.0,0.0,0.0,0.0,0.0,0.0,0.0,0.0,0.0,0.0,0.0,0.0,0.0,0.0,0.0,0.0,0.0,0.0
power_line,DE-CH,0.0,0.0,0.0,0.0,0.0,0.0,0.0,0.0,0.0,0.0,0.0,0.0,0.0,0.0,0.0,0.0,0.0,0.0,0.0,0.0,0.0,0.0,0.0,0.0,0.0,0.0,0.0,0.0,0.0,0.0
power_line,DE-CZ,0.0,0.0,0.0,0.0,0.0,0.0,0.0,0.0,0.0,0.0,0.0,0.0,0.0,0.0,0.0,0.0,0.0,0.0,0.0,0.0,0.0,0.0,0.0,0.0,0.0,0.0,0.0,0.0,0.0,0.0
power_line,DE-DK,0.0,0.0,0.0,0.0,0.0,0.0,0.0,0.0,0.0,0.0,0.0,0.0,0.0,0.0,0.0,0.0,0.0,0.0,0.0,0.0,0.0,0.0,0.0,0.0,0.0,0.0,0.0,0.0,0.0,0.0
power_line,DE-FR,0.0,0.0,0.0,0.0,0.0,0.0,0.0,0.0,0.0,0.0,0.0,0.0,0.0,0.0,0.0,0.0,0.0,0.0,0.0,0.0,0.0,0.0,0.0,0.0,0.0,0.0,0.0,0.0,0.0,0.0
power_line,DE-LU,0.0,0.0,0.0,0.0,0.0,0.0,0.0,0.0,0.0,0.0,0.0,0.0,0.0,0.0,0.0,0.0,0.0,0.0,0.0,0.0,0.0,0.0,0.0,0.0,0.0,0.0,0.0,0.0,0.0,0.0
power_line,DE-NL,0.0,0.0,0.0,0.0,0.0,0.0,0.0,0.0,0.0,0.0,0.0,0.0,0.0,0.0,0.0,0.0,0.0,0.0,0.0,0.0,0.0,0.0,0.0,0.0,0.0,0.0,0.0,0.0,0.0,0.0
power_line,DE-NO,0.0,0.0,0.0,0.0,0.0,0.0,0.0,0.0,0.0,0.0,0.0,0.0,0.0,0.0,0.0,0.0,0.0,0.0,0.0,0.0,0.0,0.0,0.0,0.0,0.0,0.0,0.0,0.0,0.0,0.0
power_line,DE-PL,0.0,0.0,0.0,0.0,0.0,0.0,0.0,0.0,0.0,0.0,0.0,0.0,0.0,0.0,0.0,0.0,0.0,0.0,0.0,0.0,0.0,0.0,0.0,0.0,0.0,0.0,0.0,0.0,0.0,0.0
power_line,DE-SE,0.0,0.0,0.0,0.0,0.0,0.0,0.0,0.0,0.0,0.0,0.0,0.0,0.0,0.0,0.0,0.0,0.0,0.0,0.0,0.0,0.0,0.0,0.0,0.0,0.0,0.0,0.0,0.0,0.0,0.0
power_line,DE-UK,0.0,0.0,0.0,0.0,0.0,0.0,0.0,0.0,0.0,0.0,0.0,0.0,0.0,0.0,0.0,0.0,0.0,0.0,0.0,0.0,0.0,0.0,0.0,0.0,0.0,0.0,0.0,0.0,0.0,0.0
power_line,DK-DE,0.0,0.0,0.0,0.0,0.0,0.0,0.0,0.0,0.0,0.0,0.0,0.0,0.0,0.0,0.0,0.0,0.0,0.0,0.0,0.0,0.0,0.0,0.0,0.0,0.0,0.0,0.0,0.0,0.0,0.0
power_line,DK-NL,0.0,0.0,0.0,0.0,0.0,0.0,0.0,0.0,0.0,0.0,0.0,0.0,0.0,0.0,0.0,0.0,0.0,0.0,0.0,0.0,0.0,0.0,0.0,0.0,0.0,0.0,0.0,0.0,0.0,0.0
power_line,DK-NO,0.0,0.0,0.0,0.0,0.0,0.0,0.0,0.0,0.0,0.0,0.0,0.0,0.0,0.0,0.0,0.0,0.0,0.0,0.0,0.0,0.0,0.0,0.0,0.0,0.0,0.0,0.0,0.0,0.0,0.0
power_line,DK-SE,0.0,0.0,0.0,0.0,0.0,0.0,0.0,0.0,0.0,0.0,0.0,0.0,0.0,0.0,0.0,0.0,0.0,0.0,0.0,0.0,0.0,0.0,0.0,0.0,0.0,0.0,0.0,0.0,0.0,0.0
power_line,DK-UK,0.0,0.0,0.0,0.0,0.0,0.0,0.0,0.0,0.0,0.0,0.0,0.0,0.0,0.0,0.0,0.0,0.0,0.0,0.0,0.0,0.0,0.0,0.0,0.0,0.0,0.0,0.0,0.0,0.0,0.0
power_line,EE-FI,0.0,0.0,0.0,0.0,0.0,0.0,0.0,0.0,0.0,0.0,0.0,0.0,0.0,0.0,0.0,0.0,0.0,0.0,0.0,0.0,0.0,0.0,0.0,0.0,0.0,0.0,0.0,0.0,0.0,0.0
power_line,EE-LV,0.0,0.0,0.0,0.0,0.0,0.0,0.0,0.0,0.0,0.0,0.0,0.0,0.0,0.0,0.0,0.0,0.0,0.0,0.0,0.0,0.0,0.0,0.0,0.0,0.0,0.0,0.0,0.0,0.0,0.0
power_line,EL-BG,0.0,0.0,0.0,0.0,0.0,0.0,0.0,0.0,0.0,0.0,0.0,0.0,0.0,0.0,0.0,0.0,0.0,0.0,0.0,0.0,0.0,0.0,0.0,0.0,0.0,0.0,0.0,0.0,0.0,0.0
power_line,EL-IT,0.0,0.0,0.0,0.0,0.0,0.0,0.0,0.0,0.0,0.0,0.0,0.0,0.0,0.0,0.0,0.0,0.0,0.0,0.0,0.0,0.0,0.0,0.0,0.0,0.0,0.0,0.0,0.0,0.0,0.0
power_line,ES-FR,0.0,0.0,0.0,0.0,0.0,0.0,0.0,0.0,0.0,0.0,0.0,0.0,0.0,0.0,0.0,0.0,0.0,0.0,0.0,0.0,0.0,0.0,0.0,0.0,0.0,0.0,0.0,0.0,0.0,0.0
power_line,ES-PT,0.0,0.0,0.0,0.0,0.0,0.0,0.0,0.0,0.0,0.0,0.0,0.0,0.0,0.0,0.0,0.0,0.0,0.0,0.0,0.0,0.0,0.0,0.0,0.0,0.0,0.0,0.0,0.0,0.0,0.0
power_line,FI-EE,0.0,0.0,0.0,0.0,0.0,0.0,0.0,0.0,0.0,0.0,0.0,0.0,0.0,0.0,0.0,0.0,0.0,0.0,0.0,0.0,0.0,0.0,0.0,0.0,0.0,0.0,0.0,0.0,0.0,0.0
power_line,FI-NO,0.0,0.0,0.0,0.0,0.0,0.0,0.0,0.0,0.0,0.0,0.0,0.0,0.0,0.0,0.0,0.0,0.0,0.0,0.0,0.0,0.0,0.0,0.0,0.0,0.0,0.0,0.0,0.0,0.0,0.0
power_line,FI-SE,0.0,0.0,0.0,0.0,0.0,0.0,0.0,0.0,0.0,0.0,0.0,0.0,0.0,0.0,0.0,0.0,0.0,0.0,0.0,0.0,0.0,0.0,0.0,0.0,0.0,0.0,0.0,0.0,0.0,0.0
power_line,FR-BE,0.0,0.0,0.0,0.0,0.0,0.0,0.0,0.0,0.0,0.0,0.0,0.0,0.0,0.0,0.0,0.0,0.0,0.0,0.0,0.0,0.0,0.0,0.0,0.0,0.0,0.0,0.0,0.0,0.0,0.0
power_line,FR-CH,0.0,0.0,0.0,0.0,0.0,0.0,0.0,0.0,0.0,0.0,0.0,0.0,0.0,0.0,0.0,0.0,0.0,0.0,0.0,0.0,0.0,0.0,0.0,0.0,0.0,0.0,0.0,0.0,0.0,0.0
power_line,FR-DE,0.0,0.0,0.0,0.0,0.0,0.0,0.0,0.0,0.0,0.0,0.0,0.0,0.0,0.0,0.0,0.0,0.0,0.0,0.0,0.0,0.0,0.0,0.0,0.0,0.0,0.0,0.0,0.0,0.0,0.0
power_line,FR-ES,0.0,0.0,0.0,0.0,0.0,0.0,0.0,0.0,0.0,0.0,0.0,0.0,0.0,0.0,0.0,0.0,0.0,0.0,0.0,0.0,0.0,0.0,0.0,0.0,0.0,0.0,0.0,0.0,0.0,0.0
power_line,FR-IT,0.0,0.0,0.0,0.0,0.0,0.0,0.0,0.0,0.0,0.0,0.0,0.0,0.0,0.0,0.0,0.0,0.0,0.0,0.0,0.0,0.0,0.0,0.0,0.0,0.0,0.0,0.0,0.0,0.0,0.0
power_line,FR-LU,0.0,0.0,0.0,0.0,0.0,0.0,0.0,0.0,0.0,0.0,0.0,0.0,0.0,0.0,0.0,0.0,0.0,0.0,0.0,0.0,0.0,0.0,0.0,0.0,0.0,0.0,0.0,0.0,0.0,0.0
power_line,FR-NO,0.0,0.0,0.0,0.0,0.0,0.0,0.0,0.0,0.0,0.0,0.0,0.0,0.0,0.0,0.0,0.0,0.0,0.0,0.0,0.0,0.0,0.0,0.0,0.0,0.0,0.0,0.0,0.0,0.0,0.0
power_line,FR-UK,0.0,0.0,0.0,0.0,0.0,0.0,0.0,0.0,0.0,0.0,0.0,0.0,0.0,0.0,0.0,0.0,0.0,0.0,0.0,0.0,0.0,0.0,0.0,0.0,0.0,0.0,0.0,0.0,0.0,0.0
power_line,HR-HU,0.0,0.0,0.0,0.0,0.0,0.0,0.0,0.0,0.0,0.0,0.0,0.0,0.0,0.0,0.0,0.0,0.0,0.0,0.0,0.0,0.0,0.0,0.0,0.0,0.0,0.0,0.0,0.0,0.0,0.0
power_line,HR-SI,0.0,0.0,0.0,0.0,0.0,0.0,0.0,0.0,0.0,0.0,0.0,0.0,0.0,0.0,0.0,0.0,0.0,0.0,0.0,0.0,0.0,0.0,0.0,0.0,0.0,0.0,0.0,0.0,0.0,0.0
power_line,HU-AT,0.0,0.0,0.0,0.0,0.0,0.0,0.0,0.0,0.0,0.0,0.0,0.0,0.0,0.0,0.0,0.0,0.0,0.0,0.0,0.0,0.0,0.0,0.0,0.0,0.0,0.0,0.0,0.0,0.0,0.0
power_line,HU-HR,0.0,0.0,0.0,0.0,0.0,0.0,0.0,0.0,0.0,0.0,0.0,0.0,0.0,0.0,0.0,0.0,0.0,0.0,0.0,0.0,0.0,0.0,0.0,0.0,0.0,0.0,0.0,0.0,0.0,0.0
power_line,HU-RO,0.0,0.0,0.0,0.0,0.0,0.0,0.0,0.0,0.0,0.0,0.0,0.0,0.0,0.0,0.0,0.0,0.0,0.0,0.0,0.0,0.0,0.0,0.0,0.0,0.0,0.0,0.0,0.0,0.0,0.0
power_line,HU-SI,0.0,0.0,0.0,0.0,0.0,0.0,0.0,0.0,0.0,0.0,0.0,0.0,0.0,0.0,0.0,0.0,0.0,0.0,0.0,0.0,0.0,0.0,0.0,0.0,0.0,0.0,0.0,0.0,0.0,0.0
power_line,HU-SK,0.0,0.0,0.0,0.0,0.0,0.0,0.0,0.0,0.0,0.0,0.0,0.0,0.0,0.0,0.0,0.0,0.0,0.0,0.0,0.0,0.0,0.0,0.0,0.0,0.0,0.0,0.0,0.0,0.0,0.0
power_line,IE-UK,0.0,0.0,0.0,0.0,0.0,0.0,0.0,0.0,0.0,0.0,0.0,0.0,0.0,0.0,0.0,0.0,0.0,0.0,0.0,0.0,0.0,0.0,0.0,0.0,0.0,0.0,0.0,0.0,0.0,0.0
power_line,IT-AT,0.0,0.0,0.0,0.0,0.0,0.0,0.0,0.0,0.0,0.0,0.0,0.0,0.0,0.0,0.0,0.0,0.0,0.0,0.0,0.0,0.0,0.0,0.0,0.0,0.0,0.0,0.0,0.0,0.0,0.0
power_line,IT-CH,0.0,0.0,0.0,0.0,0.0,0.0,0.0,0.0,0.0,0.0,0.0,0.0,0.0,0.0,0.0,0.0,0.0,0.0,0.0,0.0,0.0,0.0,0.0,0.0,0.0,0.0,0.0,0.0,0.0,0.0
power_line,IT-EL,0.0,0.0,0.0,0.0,0.0,0.0,0.0,0.0,0.0,0.0,0.0,0.0,0.0,0.0,0.0,0.0,0.0,0.0,0.0,0.0,0.0,0.0,0.0,0.0,0.0,0.0,0.0,0.0,0.0,0.0
power_line,IT-FR,0.0,0.0,0.0,0.0,0.0,0.0,0.0,0.0,0.0,0.0,0.0,0.0,0.0,0.0,0.0,0.0,0.0,0.0,0.0,0.0,0.0,0.0,0.0,0.0,0.0,0.0,0.0,0.0,0.0,0.0
power_line,IT-SI,0.0,0.0,0.0,0.0,0.0,0.0,0.0,0.0,0.0,0.0,0.0,0.0,0.0,0.0,0.0,0.0,0.0,0.0,0.0,0.0,0.0,0.0,0.0,0.0,0.0,0.0,0.0,0.0,0.0,0.0
power_line,LT-LV,0.0,0.0,0.0,0.0,0.0,0.0,0.0,0.0,0.0,0.0,0.0,0.0,0.0,0.0,0.0,0.0,0.0,0.0,0.0,0.0,0.0,0.0,0.0,0.0,0.0,0.0,0.0,0.0,0.0,0.0
power_line,LT-PL,0.0,0.0,0.0,0.0,0.0,0.0,0.0,0.0,0.0,0.0,0.0,0.0,0.0,0.0,0.0,0.0,0.0,0.0,0.0,0.0,0.0,0.0,0.0,0.0,0.0,0.0,0.0,0.0,0.0,0.0
power_line,LT-SE,0.0,0.0,0.0,0.0,0.0,0.0,0.0,0.0,0.0,0.0,0.0,0.0,0.0,0.0,0.0,0.0,0.0,0.0,0.0,0.0,0.0,0.0,0.0,0.0,0.0,0.0,0.0,0.0,0.0,0.0
power_line,LU-BE,0.0,0.0,0.0,0.0,0.0,0.0,0.0,0.0,0.0,0.0,0.0,0.0,0.0,0.0,0.0,0.0,0.0,0.0,0.0,0.0,0.0,0.0,0.0,0.0,0.0,0.0,0.0,0.0,0.0,0.0
power_line,LU-DE,0.0,0.0,0.0,0.0,0.0,0.0,0.0,0.0,0.0,0.0,0.0,0.0,0.0,0.0,0.0,0.0,0.0,0.0,0.0,0.0,0.0,0.0,0.0,0.0,0.0,0.0,0.0,0.0,0.0,0.0
power_line,LU-FR,0.0,0.0,0.0,0.0,0.0,0.0,0.0,0.0,0.0,0.0,0.0,0.0,0.0,0.0,0.0,0.0,0.0,0.0,0.0,0.0,0.0,0.0,0.0,0.0,0.0,0.0,0.0,0.0,0.0,0.0
power_line,LV-EE,0.0,0.0,0.0,0.0,0.0,0.0,0.0,0.0,0.0,0.0,0.0,0.0,0.0,0.0,0.0,0.0,0.0,0.0,0.0,0.0,0.0,0.0,0.0,0.0,0.0,0.0,0.0,0.0,0.0,0.0
power_line,LV-LT,0.0,0.0,0.0,0.0,0.0,0.0,0.0,0.0,0.0,0.0,0.0,0.0,0.0,0.0,0.0,0.0,0.0,0.0,0.0,0.0,0.0,0.0,0.0,0.0,0.0,0.0,0.0,0.0,0.0,0.0
power_line,NL-BE,0.0,0.0,0.0,0.0,0.0,0.0,0.0,0.0,0.0,0.0,0.0,0.0,0.0,0.0,0.0,0.0,0.0,0.0,0.0,0.0,0.0,0.0,0.0,0.0,0.0,0.0,0.0,0.0,0.0,0.0
power_line,NL-DE,0.0,0.0,0.0,0.0,0.0,0.0,0.0,0.0,0.0,0.0,0.0,0.0,0.0,0.0,0.0,0.0,0.0,0.0,0.0,0.0,0.0,0.0,0.0,0.0,0.0,0.0,0.0,0.0,0.0,0.0
power_line,NL-DK,0.0,0.0,0.0,0.0,0.0,0.0,0.0,0.0,0.0,0.0,0.0,0.0,0.0,0.0,0.0,0.0,0.0,0.0,0.0,0.0,0.0,0.0,0.0,0.0,0.0,0.0,0.0,0.0,0.0,0.0
power_line,NL-NO,0.0,0.0,0.0,0.0,0.0,0.0,0.0,0.0,0.0,0.0,0.0,0.0,0.0,0.0,0.0,0.0,0.0,0.0,0.0,0.0,0.0,0.0,0.0,0.0,0.0,0.0,0.0,0.0,0.0,0.0
power_line,NL-UK,0.0,0.0,0.0,0.0,0.0,0.0,0.0,0.0,0.0,0.0,0.0,0.0,0.0,0.0,0.0,0.0,0.0,0.0,0.0,0.0,0.0,0.0,0.0,0.0,0.0,0.0,0.0,0.0,0.0,0.0
power_line,NO-BE,0.0,0.0,0.0,0.0,0.0,0.0,0.0,0.0,0.0,0.0,0.0,0.0,0.0,0.0,0.0,0.0,0.0,0.0,0.0,0.0,0.0,0.0,0.0,0.0,0.0,0.0,0.0,0.0,0.0,0.0
power_line,NO-DE,0.0,0.0,0.0,0.0,0.0,0.0,0.0,0.0,0.0,0.0,0.0,0.0,0.0,0.0,0.0,0.0,0.0,0.0,0.0,0.0,0.0,0.0,0.0,0.0,0.0,0.0,0.0,0.0,0.0,0.0
power_line,NO-DK,0.0,0.0,0.0,0.0,0.0,0.0,0.0,0.0,0.0,0.0,0.0,0.0,0.0,0.0,0.0,0.0,0.0,0.0,0.0,0.0,0.0,0.0,0.0,0.0,0.0,0.0,0.0,0.0,0.0,0.0
power_line,NO-FI,0.0,0.0,0.0,0.0,0.0,0.0,0.0,0.0,0.0,0.0,0.0,0.0,0.0,0.0,0.0,0.0,0.0,0.0,0.0,0.0,0.0,0.0,0.0,0.0,0.0,0.0,0.0,0.0,0.0,0.0
power_line,NO-FR,0.0,0.0,0.0,0.0,0.0,0.0,0.0,0.0,0.0,0.0,0.0,0.0,0.0,0.0,0.0,0.0,0.0,0.0,0.0,0.0,0.0,0.0,0.0,0.0,0.0,0.0,0.0,0.0,0.0,0.0
power_line,NO-NL,0.0,0.0,0.0,0.0,0.0,0.0,0.0,0.0,0.0,0.0,0.0,0.0,0.0,0.0,0.0,0.0,0.0,0.0,0.0,0.0,0.0,0.0,0.0,0.0,0.0,0.0,0.0,0.0,0.0,0.0
power_line,NO-SE,0.0,0.0,0.0,0.0,0.0,0.0,0.0,0.0,0.0,0.0,0.0,0.0,0.0,0.0,0.0,0.0,0.0,0.0,0.0,0.0,0.0,0.0,0.0,0.0,0.0,0.0,0.0,0.0,0.0,0.0
power_line,NO-UK,0.0,0.0,0.0,0.0,0.0,0.0,0.0,0.0,0.0,0.0,0.0,0.0,0.0,0.0,0.0,0.0,0.0,0.0,0.0,0.0,0.0,0.0,0.0,0.0,0.0,0.0,0.0,0.0,0.0,0.0
power_line,PL-CZ,0.0,0.0,0.0,0.0,0.0,0.0,0.0,0.0,0.0,0.0,0.0,0.0,0.0,0.0,0.0,0.0,0.0,0.0,0.0,0.0,0.0,0.0,0.0,0.0,0.0,0.0,0.0,0.0,0.0,0.0
power_line,PL-DE,0.0,0.0,0.0,0.0,0.0,0.0,0.0,0.0,0.0,0.0,0.0,0.0,0.0,0.0,0.0,0.0,0.0,0.0,0.0,0.0,0.0,0.0,0.0,0.0,0.0,0.0,0.0,0.0,0.0,0.0
power_line,PL-LT,0.0,0.0,0.0,0.0,0.0,0.0,0.0,0.0,0.0,0.0,0.0,0.0,0.0,0.0,0.0,0.0,0.0,0.0,0.0,0.0,0.0,0.0,0.0,0.0,0.0,0.0,0.0,0.0,0.0,0.0
power_line,PL-SE,0.0,0.0,0.0,0.0,0.0,0.0,0.0,0.0,0.0,0.0,0.0,0.0,0.0,0.0,0.0,0.0,0.0,0.0,0.0,0.0,0.0,0.0,0.0,0.0,0.0,0.0,0.0,0.0,0.0,0.0
power_line,PL-SK,0.0,0.0,0.0,0.0,0.0,0.0,0.0,0.0,0.0,0.0,0.0,0.0,0.0,0.0,0.0,0.0,0.0,0.0,0.0,0.0,0.0,0.0,0.0,0.0,0.0,0.0,0.0,0.0,0.0,0.0
power_line,PT-ES,0.0,0.0,0.0,0.0,0.0,0.0,0.0,0.0,0.0,0.0,0.0,0.0,0.0,0.0,0.0,0.0,0.0,0.0,0.0,0.0,0.0,0.0,0.0,0.0,0.0,0.0,0.0,0.0,0.0,0.0
power_line,RO-BG,0.0,0.0,0.0,0.0,0.0,0.0,0.0,0.0,0.0,0.0,0.0,0.0,0.0,0.0,0.0,0.0,0.0,0.0,0.0,0.0,0.0,0.0,0.0,0.0,0.0,0.0,0.0,0.0,0.0,0.0
power_line,RO-HU,0.0,0.0,0.0,0.0,0.0,0.0,0.0,0.0,0.0,0.0,0.0,0.0,0.0,0.0,0.0,0.0,0.0,0.0,0.0,0.0,0.0,0.0,0.0,0.0,0.0,0.0,0.0,0.0,0.0,0.0
power_line,SE-DE,0.0,0.0,0.0,0.0,0.0,0.0,0.0,0.0,0.0,0.0,0.0,0.0,0.0,0.0,0.0,0.0,0.0,0.0,0.0,0.0,0.0,0.0,0.0,0.0,0.0,0.0,0.0,0.0,0.0,0.0
power_line,SE-DK,0.0,0.0,0.0,0.0,0.0,0.0,0.0,0.0,0.0,0.0,0.0,0.0,0.0,0.0,0.0,0.0,0.0,0.0,0.0,0.0,0.0,0.0,0.0,0.0,0.0,0.0,0.0,0.0,0.0,0.0
power_line,SE-FI,0.0,0.0,0.0,0.0,0.0,0.0,0.0,0.0,0.0,0.0,0.0,0.0,0.0,0.0,0.0,0.0,0.0,0.0,0.0,0.0,0.0,0.0,0.0,0.0,0.0,0.0,0.0,0.0,0.0,0.0
power_line,SE-LT,0.0,0.0,0.0,0.0,0.0,0.0,0.0,0.0,0.0,0.0,0.0,0.0,0.0,0.0,0.0,0.0,0.0,0.0,0.0,0.0,0.0,0.0,0.0,0.0,0.0,0.0,0.0,0.0,0.0,0.0
power_line,SE-NO,0.0,0.0,0.0,0.0,0.0,0.0,0.0,0.0,0.0,0.0,0.0,0.0,0.0,0.0,0.0,0.0,0.0,0.0,0.0,0.0,0.0,0.0,0.0,0.0,0.0,0.0,0.0,0.0,0.0,0.0
power_line,SE-PL,0.0,0.0,0.0,0.0,0.0,0.0,0.0,0.0,0.0,0.0,0.0,0.0,0.0,0.0,0.0,0.0,0.0,0.0,0.0,0.0,0.0,0.0,0.0,0.0,0.0,0.0,0.0,0.0,0.0,0.0
power_line,SI-AT,0.0,0.0,0.0,0.0,0.0,0.0,0.0,0.0,0.0,0.0,0.0,0.0,0.0,0.0,0.0,0.0,0.0,0.0,0.0,0.0,0.0,0.0,0.0,0.0,0.0,0.0,0.0,0.0,0.0,0.0
power_line,SI-HR,0.0,0.0,0.0,0.0,0.0,0.0,0.0,0.0,0.0,0.0,0.0,0.0,0.0,0.0,0.0,0.0,0.0,0.0,0.0,0.0,0.0,0.0,0.0,0.0,0.0,0.0,0.0,0.0,0.0,0.0
power_line,SI-HU,0.0,0.0,0.0,0.0,0.0,0.0,0.0,0.0,0.0,0.0,0.0,0.0,0.0,0.0,0.0,0.0,0.0,0.0,0.0,0.0,0.0,0.0,0.0,0.0,0.0,0.0,0.0,0.0,0.0,0.0
power_line,SI-IT,0.0,0.0,0.0,0.0,0.0,0.0,0.0,0.0,0.0,0.0,0.0,0.0,0.0,0.0,0.0,0.0,0.0,0.0,0.0,0.0,0.0,0.0,0.0,0.0,0.0,0.0,0.0,0.0,0.0,0.0
power_line,SK-AT,0.0,0.0,0.0,0.0,0.0,0.0,0.0,0.0,0.0,0.0,0.0,0.0,0.0,0.0,0.0,0.0,0.0,0.0,0.0,0.0,0.0,0.0,0.0,0.0,0.0,0.0,0.0,0.0,0.0,0.0
power_line,SK-CZ,0.0,0.0,0.0,0.0,0.0,0.0,0.0,0.0,0.0,0.0,0.0,0.0,0.0,0.0,0.0,0.0,0.0,0.0,0.0,0.0,0.0,0.0,0.0,0.0,0.0,0.0,0.0,0.0,0.0,0.0
power_line,SK-HU,0.0,0.0,0.0,0.0,0.0,0.0,0.0,0.0,0.0,0.0,0.0,0.0,0.0,0.0,0.0,0.0,0.0,0.0,0.0,0.0,0.0,0.0,0.0,0.0,0.0,0.0,0.0,0.0,0.0,0.0
power_line,SK-PL,0.0,0.0,0.0,0.0,0.0,0.0,0.0,0.0,0.0,0.0,0.0,0.0,0.0,0.0,0.0,0.0,0.0,0.0,0.0,0.0,0.0,0.0,0.0,0.0,0.0,0.0,0.0,0.0,0.0,0.0
power_line,UK-BE,0.0,0.0,0.0,0.0,0.0,0.0,0.0,0.0,0.0,0.0,0.0,0.0,0.0,0.0,0.0,0.0,0.0,0.0,0.0,0.0,0.0,0.0,0.0,0.0,0.0,0.0,0.0,0.0,0.0,0.0
power_line,UK-DE,0.0,0.0,0.0,0.0,0.0,0.0,0.0,0.0,0.0,0.0,0.0,0.0,0.0,0.0,0.0,0.0,0.0,0.0,0.0,0.0,0.0,0.0,0.0,0.0,0.0,0.0,0.0,0.0,0.0,0.0
power_line,UK-DK,0.0,0.0,0.0,0.0,0.0,0.0,0.0,0.0,0.0,0.0,0.0,0.0,0.0,0.0,0.0,0.0,0.0,0.0,0.0,0.0,0.0,0.0,0.0,0.0,0.0,0.0,0.0,0.0,0.0,0.0
power_line,UK-FR,0.0,0.0,0.0,0.0,0.0,0.0,0.0,0.0,0.0,0.0,0.0,0.0,0.0,0.0,0.0,0.0,0.0,0.0,0.0,0.0,0.0,0.0,0.0,0.0,0.0,0.0,0.0,0.0,0.0,0.0
power_line,UK-IE,0.0,0.0,0.0,0.0,0.0,0.0,0.0,0.0,0.0,0.0,0.0,0.0,0.0,0.0,0.0,0.0,0.0,0.0,0.0,0.0,0.0,0.0,0.0,0.0,0.0,0.0,0.0,0.0,0.0,0.0
power_line,UK-NL,0.0,0.0,0.0,0.0,0.0,0.0,0.0,0.0,0.0,0.0,0.0,0.0,0.0,0.0,0.0,0.0,0.0,0.0,0.0,0.0,0.0,0.0,0.0,0.0,0.0,0.0,0.0,0.0,0.0,0.0
power_line,UK-NO,0.0,0.0,0.0,0.0,0.0,0.0,0.0,0.0,0.0,0.0,0.0,0.0,0.0,0.0,0.0,0.0,0.0,0.0,0.0,0.0,0.0,0.0,0.0,0.0,0.0,0.0,0.0,0.0,0.0,0.0
pumped_hydro,AT,46.21303211138572,46.21303211392075,46.21303211764354,46.21303212186684,44.338710463364635,42.58580235526441,42.58580236264527,40.832894257607066,40.83289426838012,40.83289428353912,39.922292685231135,40.00213729252561,40.081981912473786,34.58909640367289,28.156166540887448,28.212032221461406,25.9970723521149,26.783687830513305,42.87836977429326,43.97642422342052,47.194561687284434,46.610309856419605,46.7024253659316,46.71447136578961,46.80642931345871,46.898387234363184,46.8983875002988,46.89838792561595,46.89838810498628,46.89838822862587
pumped_hydro,BE,9.92555763522336,9.92555763522336,9.92555763522336,9.92555763522336,6.328681353438952,6.328681361424914,6.328681373434068,6.328681389157698,6.328681415317129,6.328681460014045,6.3286824133702755,6.341339911887767,6.353997515775614,1.0994856347211812,1.1016720555437711,1.1038653404478367,0.0002310384487739026,0.00023407624806160273,0.00032984505525034694,1.124153245895257,2.2007688793112132,2.212868776780926,2.217242152232574,2.221615521265997,2.225988858440048,2.2303621959232767,2.2303623064486975,2.230362551429947,2.230362838815658,2.23036308464674
pumped_hydro,BG,10.61609719547208,10.61609719547208,10.61609719547208,10.61609719547208,10.61609719547208,10.61609719547208,10.61609719547208,10.61609719547208,10.61609719547208,10.61609719547208,10.61609719547208,10.637329389863249,10.658561584254416,10.679793778645584,10.701025973036753,10.72225816742792,10.72225816742792,10.72225816742792,10.72225816742792,10.72225816742792,10.72225816742792,10.743490361819088,10.764722556210256,10.785954750601423,10.807186944992592,10.82841913938376,10.82841913938376,10.82841913938376,10.82841913938376,10.82841913938376
pumped_hydro,CH,36.2684512669669,35.51991609260098,35.51991609619773,35.519916100102506,35.51991610454161,34.9736877352503,34.973687741871956,34.9736877484072,34.97368775714761,34.973687769287224,34.97368779190847,34.485165236323276,30.573939307874287,30.63484366486562,30.69574821481265,30.88175590804773,35.24646771725441,35.24647331803317,35.24647405720748,35.2464743192047,35.24647445592864,35.316269524746666,35.38606456680604,35.45585960147091,35.525654636451236,35.589505530153914,35.5895056519471,35.248042427225606,35.23539554256932,35.23539573441426
pumped_hydro,CZ,8.89740912305083,8.89740912305083,8.89740912305083,8.89740912305083,8.89740912305083,8.89740912305083,8.89740912305083,8.89740912305083,8.89740912305083,8.89740912305083,8.89740912305083,8.91520394129712,8.932998759543409,5.455775893932604,5.4666225751104,5.477469134915437,5.477469201560065,5.477469254412338,5.4774692969588,5.4774693322564145,5.477469367191344,5.488315876833301,5.499162379673329,5.510008876049387,5.5208553677574965,5.531701856016203,5.531701869607635,5.531701884669329,5.531701901981564,5.531701927947092
pumped_hydro,DE,42.98796775933191,39.82766871813587,39.12801362591618,39.12801362887848,37.916565665461555,37.91656567328383,37.91656568378377,37.91656569845515,37.916565721364925,32.26314191051476,24.274608302547165,20.320902286150673,20.361463314893356,20.906941639820595,11.715419130839292,11.806881697768201,17.117930982424788,20.291840823006613,21.250092848398914,21.250093790439042,21.250094040349676,21.292173516770617,21.334252960927845,21.37633240002087,20.254763560348668,20.29455693231562,20.29455699648499,20.294557050892703,20.294557102357953,20.29455716670551
pumped_hydro,DK,0.0,0.0,0.0,0.0,0.0,0.0,0.0,0.0,0.0,0.0,0.0,0.0,0.0,0.0,0.0,0.0,0.0,0.0,0.0,0.0,0.0,0.0,0.0,0.0,0.0,0.0,0.0,0.0,0.0,0.0
pumped_hydro,EE,0.0,0.0,0.0,0.0,0.0,0.0,0.0,0.0,0.0,0.0,0.0,0.0,0.0,0.0,0.0,0.0,0.0,0.0,0.0,0.0,0.0,0.0,0.0,0.0,0.0,0.0,0.0,0.0,0.0,0.0
pumped_hydro,EL,5.30425442432808,5.30425442432808,5.30425442432808,5.30425442432808,5.30425442432808,5.30425442432808,5.30425442432808,5.30425442432808,5.30425442432808,5.30425442432808,5.30425442432808,5.3148629331768475,5.3254714420256155,5.3360799508743835,5.346688459723151,5.35729696857192,5.35729696857192,5.35729696857192,5.35729696857192,5.35729696857192,3.682761151220643,3.6900537858547664,3.6973464003423233,3.704639018615881,3.711931634643954,3.7192242505497726,3.7192242711108587,3.719224295693818,3.7192243309849284,3.719224387622051
pumped_hydro,ES,54.541077603026885,53.24183313029297,52.65452206301611,52.65452206506214,51.83654638688273,46.82156241567422,46.82156241888219,46.821562422435164,43.044825959448126,42.20274152640844,40.55781736227226,38.480879683064934,33.73694176916447,32.59147636763865,32.656270561239324,32.721064756628415,32.7210647692977,26.278425481531425,24.61329891864528,24.613298942935987,19.528392353088154,14.603065803603501,14.631925657268413,14.660785551811145,0.7567685364743517,0.7582555260906414,0.7582557240416223,0.75825601619563,0.7582566443539196,0.00015354580768579164
pumped_hydro,FI,0.0,0.0,0.0,0.0,0.0,0.0,0.0,0.0,0.0,0.0,0.0,0.0,0.0,0.0,0.0,0.0,0.0,0.0,0.0,0.0,0.0,0.0,0.0,0.0,0.0,0.0,0.0,0.0,0.0,0.0
pumped_hydro,FR,40.248591511682115,40.248591511682115,40.248591511682115,40.248591511682115,40.248591511682115,40.248591511682115,40.248591511682115,40.248591511682115,40.248591511682115,40.248591511682115,40.248591511682115,33.84987615221098,33.91744078322258,33.985005415480664,30.140150545270863,30.19995244665328,30.199952466725613,30.199952495572973,22.84455905561713,22.84455914709141,22.844559381298964,16.878018775791205,23.24183246238795,29.12218085971966,32.5636066676211,32.62758477722489,32.6275858070909,32.62759116027897,32.62759242091635,32.62759331137709
pumped_hydro,HR,3.9360754934177042,3.9360754934177042,3.9360754934177042,3.9360754934177042,3.9360754934177042,3.9360754934177042,3.9360754934177042,3.9360754934177042,3.9360754934177042,3.9360754934177042,3.9360754934177042,3.9439476444046226,3.951819795391541,3.9596919463784594,0.0004254279156451855,0.000647503587658308,0.9246049963063885,3.293604722739178,3.532200739344544,3.53220212359948,3.670948850491182,3.6782183303654468,3.685487646568845,3.6927569418439745,3.700026236259153,3.7072955071983626,3.7072955656686695,3.7072956144951146,3.707295663049216,3.7072957399942483
pumped_hydro,HU,0.0,0.0,0.0,0.0,0.0,0.0,0.0,0.0,0.0,0.0,0.0,0.0,0.0,0.0,0.0,0.0,0.0,0.0,0.0,0.0,0.0,0.0,0.0,0.0,0.0,0.0,0.0,0.0,0.0,0.0
pumped_hydro,IE,2.2157972702486397,2.2157972702486397,2.2157972702486397,2.2157972702486397,2.2157972702486397,2.2157972702486397,2.2157972702486397,2.2157972702486397,2.2157972702486397,1.908506832139399e-05,2.08085159452714e-05,2.1744672877150117e-05,2.2195106474154316e-05,2.32745111860989e-05,2.473797818996295e-05,2.6713560172644405e-05,2.9895458084744644e-05,3.2043721935162236e-05,3.517477124733471e-05,4.231401650994294e-05,5.544636998522603e-05,7.387377990400084e-05,7.924263296745319e-05,8.312158830249577e-05,8.564727011737064e-05,8.729010028342855e-05,8.796057847338193e-05,9.288011818360502e-05,9.594153720469496e-05,9.957388145893621e-05
pumped_hydro,IT,60.422970356508294,60.422970356508294,60.422970356508294,60.422970356508294,60.422970356508294,60.422970356508294,60.422970356508294,60.422970356508294,47.411994836437344,47.411994851190364,47.4119948722809,47.50681889382116,47.60164293687321,47.69646703011104,47.7912915584468,55.569280807959935,57.805680837346664,53.835737240809635,54.39396715983646,54.01051910792403,56.52863528870585,56.64057437383461,56.75251239901717,56.86445051004832,56.96503948364908,57.07695569402978,56.941680319522284,56.9416811518176,56.94168136553392,56.94168175778363
pumped_hydro,LT,6.829512134328,6.829512134328,6.829512134328,6.829512134328,6.829512134328,6.829512134328,6.829512134328,6.829512134328,6.829512134328,6.829512134328,6.829512134328,6.8431711585968,6.8568301828656,6.8704892071344,6.8841482314032,6.897807255672,6.897807255672,6.897807255672,6.897807255672,6.897807255672,6.897807255672,6.9114662799408,6.9251253042096,6.9387843284784,6.9524433527472,6.966102377016,6.966102377016,0.0002985096472368203,0.0003021632414474303,0.0003043869734474229
pumped_hydro,LU,2.9670436570537992,2.967043659229237,2.967043661872515,2.9670436648070626,2.9670436799128974,2.967043734128512,2.9670437557289193,2.9670437898391184,2.96704381693333,2.9670438612185657,1.4797281125940658,1.4826877980977804,1.485647405298314,1.4886071480053829,1.4915670236113214,1.494526521198839,1.494526634979074,1.4945267061588683,1.4945280184188088,1.494529382730054,1.4945377930520167,1.8481764167948802,1.8518293860542114,1.855482017390558,1.859134662161899,1.8627872360298914,1.8627872746443186,1.8627873256020613,1.86278736627016,1.8627874226686885
pumped_hydro,LV,0.0,0.0,0.0,0.0,0.0,0.0,0.0,0.0,0.0,0.0,0.0,0.0,0.0,0.0,0.0,0.0,0.0,0.0,0.0,0.0,0.0,0.0,0.0,0.0,0.0,0.0,0.0,0.0,0.0,0.0
pumped_hydro,NL,0.0,0.0,0.0,0.0,0.0,0.0,0.0,0.0,0.0,0.0,0.0,0.0,0.0,0.0,0.0,0.0,0.0,0.0,0.0,0.0,0.0,0.0,0.0,0.0,0.0,0.0,0.0,0.0,0.0,0.0
pumped_hydro,NO,10.590205757401442,10.590205758489496,10.590205759759636,10.590205761226345,10.566681887793882,10.56668188989338,10.566681892543393,10.566681895920961,10.481859358563545,10.216267224608227,9.774928979270632,9.794478844335435,9.814028710662955,9.833578578577331,6.258073261428869,6.270490089008438,6.117205501662338,6.117205524607237,6.1018770937479,6.10187713590316,1.1239597769544227,1.0555374656668786,0.9522077774353079,0.9078286732480995,0.9096158538490619,0.9114030536197996,0.911403216330641,0.9114035651896226,0.9114038735246814,0.52751079073766
pumped_hydro,PL,12.300710191668394,12.300710193930337,12.300710196992755,10.798217532584406,10.798217538726895,10.798217546109008,9.530963635222603,9.53096364728909,9.530963662015093,9.530963680999498,9.530963725540882,9.550025690545665,9.569087672093703,9.588149697803878,5.476723023967482,5.489062079766437,7.046015965631617,8.064922301599605,5.189042621162837,5.665397445671604,5.722892630630194,6.056427290502906,6.068396768581315,6.080366135464813,6.092335473745605,6.104304800146519,6.104304888465192,6.1043049738071025,6.104305059989144,6.1043051582521874
pumped_hydro,PT,25.61811636908513,25.618116371012984,25.61811637300885,25.618116375122046,25.61811637743205,25.618116380011706,25.618116382862997,23.058094974137447,23.05809497566847,23.058094979793907,23.058094984480093,23.104211179662162,23.150327375441556,23.19644357188861,23.242559769078596,23.288675967751086,17.21336922027727,17.21336923225835,17.213369247154287,17.213369263046264,17.21336928120398,17.247455181679936,17.281541085999297,17.315626996568703,17.349712915311073,17.383798844666522,17.383798907647357,17.383798994959225,17.3837991313328,17.383799394650026
pumped_hydro,RO,0.0,0.0,0.0,0.0,0.0,0.0,0.0,0.0,0.0,0.0,0.0,0.0,0.0,0.0,0.0,0.0,0.0,0.0,0.0,0.0,0.0,0.0,0.0,0.0,0.0,0.0,0.0,0.0,0.0,0.0
pumped_hydro,SE,0.6981279070646399,0.6981279070646399,0.6981279070646399,0.6981279070646399,0.6981279070646399,0.6981279070646399,0.6981279070646399,0.6981279070646399,0.6981279070646399,0.6981279070646399,0.6981279070646399,0.6995241628787839,0.700920418692928,0.702316674507072,3.2104184605134954e-05,3.96399130739905e-05,4.742495485823844e-05,4.882551566613193e-05,5.755763256124609e-05,7.175312150053523e-05,0.00013405407899998384,0.01505283953713946,0.015095175264509682,0.015125795535229927,0.01515614108971099,0.01518886211934708,0.01621244619798149,0.018228995605194736,0.01845077579476356,0.022799561929974208
pumped_hydro,SI,1.4038441609452,1.4038441609452,1.4038441609452,1.4038441609452,1.4038441609452,1.4038441609452,1.4038441609452,1.4038441609452,1.4038441609452,1.4038441609452,1.4038441609452,1.4066518492671198,1.40945953758904,1.4122672259109599,1.41507491423288,1.4178826025548001,1.4178826025548001,1.4178826025548001,1.4178826025548001,1.4178826025548001,1.4178826025548001,1.42069029087672,1.42349797919864,1.4263056675205599,1.42911335584248,1.4319210441644,1.4319210441644,1.4319210441644,1.4319210441644,1.4319210441644
pumped_hydro,SK,7.566832105669721,7.566832105669721,7.566832105669721,7.566832105669721,7.566832105669721,7.566832105669721,7.566832105669721,7.1093452794560505,7.1093452794560505,7.1093452794560505,7.1093452794560505,5.610838030441752,5.622037307947741,5.633236585453731,5.64443586295972,5.65563514046571,5.65563514046571,0.0,0.0,0.0,0.0,0.0,0.0,0.0,0.0,0.0,0.0,0.0,0.0,0.0
pumped_hydro,UK,21.166768496773848,21.166768498303068,21.166768500090438,21.166768502028816,21.166768504390376,21.16676850786409,21.166768512065648,21.16676851703949,21.166768522876385,18.424959139960425,18.424959148078077,18.46180907557925,18.498659004662073,18.53550893591211,18.572358870633106,18.609208810888422,18.609208842416766,18.609208892640886,18.609209005724964,4.611274181724504e-05,6.9078761545511e-05,0.0001029031029565977,0.00011835897856238273,0.0001291538248972596,0.00013278738632306996,0.00013525121391893684,0.00013699542993836372,0.00014565294573946677,0.00014911924634799053,0.0001549662120291953
reservoir_hydro,AT,222.40043869159143,222.40043850816906,222.40043836311017,222.39886997526952,222.39730149205076,222.39573221493944,222.39313572152622,222.39053889105588,222.38793901211037,222.38531547149705,221.4098543992268,221.06086427174813,220.97754445875685,219.94057642714404,218.4193093949987,216.18212348303078,216.1631998540714,216.15547276112596,216.0042899064166,215.05771294859943,215.05001340952987,213.0446534640654,213.367118774509,213.01695298883982,213.00309875483828,212.98924854084652,212.9639966833348,212.9387453329787,212.8660806955753,212.79148415627816
reservoir_hydro,BE,0.5720528240208242,0.5720527037557631,0.5720527197104559,0.5720487843579309,0.5720447897882859,0.5720407011508909,0.5720341139172131,0.5720275084417387,0.5720208957333842,0.5720141687273927,0.5719618532786828,0.5670412048093231,0.5670213477957001,0.5665458800442844,0.5665320627179186,0.5664874306466211,0.5569773515056263,0.5569574173659747,0.556933305620827,0.5490984507259092,0.5490789749314585,0.5525428802150872,0.555378540485107,0.5524723929348323,0.5524334812445957,0.5523976346838552,0.5523321085800429,0.5522676517468293,0.5522032240676326,0.5521388383229192
reservoir_hydro,BG,54.498383685278725,54.498383678655756,54.498383688681194,48.49721436525463,42.277922130556064,42.27762025583291,42.2771201026161,42.276619956408915,42.27611979593826,42.09610371942843,42.01513403830633,41.85515241416067,41.82812176407083,41.79667167317417,8.595809403287769,4.876438426037082e-06,5.156478744139164e-06,5.322950714941932e-06,5.468093846041743e-06,5.649379796262613e-06,5.8251330077416285e-06,6.031607708513404e-06,6.235008853568195e-06,6.482325602768227e-06,6.7903566058644745e-06,7.133574574568671e-06,7.5154053370145125e-06,7.917727789747222e-06,8.455296065157763e-06,9.25482573636726e-06
reservoir_hydro,CH,324.3991649092796,312.9156599375368,291.98489146313864,291.98280414203236,275.1092458576809,260.8986483233397,253.82488992297178,253.0087656698082,252.83425509060874,252.28806586344044,235.6195707004936,232.4029938696434,231.38340117335335,227.59097171292981,220.48278947365247,216.5757393666195,214.60213467135148,214.59435201148673,191.67834953711505,191.25828429301134,171.24100110350054,170.166796841174,169.3686164657549,169.33452352985594,166.97112901968774,166.70328924760858,166.66621398990077,166.64615522231233,165.41550977283558,165.3955972543922
reservoir_hydro,CZ,29.28060777672016,29.28060766683455,29.28060767638269,29.280398472859154,29.280189277018657,3.663343879367437e-06,4.3369197605012364e-06,4.902150486609699e-06,5.466017208205542e-06,6.054161457981067e-06,6.466341319630547e-06,6.850047956757906e-06,7.245601974006015e-06,7.528007841767246e-06,7.821531297819957e-06,8.097504468454856e-06,8.27937987156851e-06,8.421206246680014e-06,8.58094404867718e-06,8.735889744881721e-06,8.864743426361242e-06,8.970792332041112e-06,9.148701032691086e-06,9.364969859519925e-06,9.609447731444409e-06,9.832865658193705e-06,1.0026760415609e-05,1.0290650995837654e-05,1.0670843235764804e-05,1.1306917263949702e-05
reservoir_hydro,DE,8.943423846208635,8.943423553586854,8.943423541666423,8.943361893220192,8.94330025873058,8.943238527920636,8.943136516040068,8.943034293735598,8.942930811222128,8.94282723292934,8.94272066391431,8.863121910948049,8.862945274941794,8.83352886677644,8.833352861837739,8.833168499279825,8.65545367029586,8.655151260113772,8.625630498813889,8.536676372905196,8.536376618264162,8.428848399159834,8.535287882995954,8.507333565788791,8.427200172538821,8.426663149355303,8.425686577707664,8.42471121764759,8.423735787723185,8.422760328349813
reservoir_hydro,DK,0.0,0.0,0.0,0.0,0.0,0.0,0.0,0.0,0.0,0.0,0.0,0.0,0.0,0.0,0.0,0.0,0.0,0.0,0.0,0.0,0.0,0.0,0.0,0.0,0.0,0.0,0.0,0.0,0.0,0.0
reservoir_hydro,EE,0.0,0.0,0.0,0.0,0.0,0.0,0.0,0.0,0.0,0.0,0.0,0.0,0.0,0.0,0.0,0.0,0.0,0.0,0.0,0.0,0.0,0.0,0.0,0.0,0.0,0.0,0.0,0.0,0.0,0.0
reservoir_hydro,EL,98.69080319946711,98.18572488643869,98.18334272092348,98.1899100200359,98.24838542393859,98.30274184199396,78.89224037409132,78.85150903340342,78.78211052498618,64.42732465518512,64.34468425299737,64.18645313674413,64.08138766579424,63.99028258293685,47.25575112383759,47.23015862726508,47.16405524621468,46.96809732262207,46.58898464251879,46.47165091683576,46.286957568862874,31.925932393421842,31.796157039347076,31.846204262418507,31.820215184370394,27.111943331598194,27.092725169579474,27.087617927655224,20.647642101730547,20.58994619869749
reservoir_hydro,ES,582.9669667327131,574.9926281151895,526.908164151063,482.12239982396926,445.5586466173064,439.76210243660256,430.3505325645554,410.3080806925151,398.6195385519565,361.4189113440564,277.34085745805305,269.66907326188004,268.0559495742699,252.5453344247066,250.5994152670627,245.74971788964538,229.09477841470138,126.53580507760475,125.80088557442747,124.77670430646673,121.8866708715679,120.91402461304712,120.9040424094093,119.43718057679082,118.29991847262097,117.27422865095244,99.44401547377383,98.79356458870083,84.34326763150577,30.586174388936563
reservoir_hydro,FI,61.989856701238104,61.98985642070167,61.98985667877715,61.98942648683155,61.98899590840569,61.98856342819201,61.987851854259496,61.9871388608881,61.98642336563728,61.98571139961175,61.71809946307906,61.269124171610855,60.76486314078682,60.499122548824374,60.24350926138695,59.9612596513497,59.60676777970137,59.36838825915056,59.030716530685645,58.59520093489607,58.37329040533519,58.52779959607124,58.48438345682049,57.8477786673585,57.4642019087107,57.31553493027036,57.30357111494044,56.92733796554966,56.42727397889312,56.16900222553689
reservoir_hydro,FR,394.13200383123313,394.1320041560549,394.1320093485256,358.1321289002281,378.9468476630772,394.1236716403919,394.1190796148633,394.1144833811853,394.10988342111756,394.105287007425,394.1006903498922,394.0928066986473,394.08492314867385,394.07703974681095,355.8555872814027,393.2917203351727,392.00388816654373,391.77460640276945,390.7948621242454,389.008146539746,386.16574176117894,380.3877006869299,378.01995977648966,377.07446275291466,376.7269607263823,374.56257518753637,373.0125807200409,372.7777823458149,372.63479944905316,372.49350057831185
reservoir_hydro,HR,57.897861570982336,57.89117035355815,57.86671657056881,57.89461253728541,57.88637112937266,57.89382348988853,57.89596922125737,57.89529476999634,57.89462034413145,57.89394517895389,57.72404051406547,57.749418919566054,57.717899865053155,57.5491758027954,57.09765138126928,57.04531318198183,57.0450548302559,57.17413858805997,56.55215498916846,56.46188677309989,56.38039742635138,56.71240346357153,56.429432950033274,56.25907809627134,55.9272814908578,55.71655068337414,55.63860138552363,55.61061264269772,55.3810407860968,55.0539548393691
reservoir_hydro,HU,1.270494721610572,1.2704947335263936,1.2704947561911666,1.2704859090831415,1.2704770749949936,1.2704681132041271,1.270453508006304,1.2704388810249556,1.2704242494643025,1.2704096222332686,1.2703943616787305,1.256844843688509,1.2482308964176072,1.2482062363248858,1.2445583040495936,1.2422394041633222,1.238082711038526,1.238026941819975,1.1999513721332136,1.193135528581907,1.190267815070472,1.185198184668057,1.1838312390743397,1.1850247581989521,1.1810545832284298,1.1702664598087231,1.1672963550118152,1.1671589429189129,1.1670219196947689,1.1668779978285007
reservoir_hydro,IE,0.04161722095168015,0.04161743552347547,0.04161747020615219,0.041617004847411876,0.04161723351334338,3.123560100758919e-05,0.04161121126072881,0.041194431564634516,0.041102423366999666,0.04110172352545044,0.041188210177344746,0.041032218981247,0.04094372518094826,0.04094205382924019,0.04094089261960371,0.04084985238287059,0.04084799554544764,0.040846118475361425,0.04084398907306381,0.04057254524202848,0.04046953706866091,0.040364100017044935,0.04004640492585308,0.03996169567276499,0.03970095622857385,0.03961951722824022,0.039614893884509894,0.039609637973497154,0.03942605121973004,0.03941990508378671
reservoir_hydro,IT,235.1890980414067,235.10150066484405,235.1015008481937,235.0998395240155,235.23905911281588,0.00028934214375853025,0.0002895626975649782,0.0002896112915475208,0.0002893435460708896,0.0002889528791563806,0.00028769311985617983,0.0002871760440276497,0.0002865171893914648,0.0002851824686258943,0.00028439488475121407,0.0002833972049833197,0.0002823453914041969,0.000282264548719378,0.0002818684404346501,0.0002804706651896358,0.0002805650082089963,0.000278693200745784,0.0002789178075962917,0.00027944382548483916,0.00027908388457124124,0.0002783757136040125,0.0002777757172265528,0.0002778253552842975,0.00027790897681912987,0.0002779957292813603
reservoir_hydro,LT,4.412760702522803,4.412755030805688,4.412755179006757,4.4078173932966935,4.411211153146998,4.419948728775708,4.4198974248963765,4.419845965810998,4.412506146988779,4.3864825220253385,4.381517356623958,4.376121427376374,4.3760327760014235,4.367912940003643,4.32916311883289,4.304198588313945,4.324753623666488,4.306693137231079,4.29637641049228,4.301326290847106,4.232474406839331,4.19997269284843,4.199700556732363,4.1729743511802155,4.138778937476472,4.123484879368828,4.103159567443547,4.0536235829966305,4.0385241087007895,4.012946866032505
reservoir_hydro,LU,0.0,0.0,0.0,0.0,0.0,0.0,0.0,0.0,0.0,0.0,0.0,0.0,0.0,0.0,0.0,0.0,0.0,0.0,0.0,0.0,0.0,0.0,0.0,0.0,0.0,0.0,0.0,0.0,0.0,0.0
reservoir_hydro,LV,35.20459862596678,35.19885201782611,35.19885250249881,35.21103210531318,35.22253153151398,2.092301774562363e-06,2.3133567990827126e-06,2.4545025159865358e-06,2.5810535421770824e-06,2.7064726744356058e-06,2.8443318132620408e-06,2.947486308410521e-06,3.0578749139903534e-06,3.1689820002968817e-06,3.2720686020123766e-06,3.3654542321371704e-06,3.4542007394667924e-06,3.540878336176105e-06,3.6439907721508622e-06,3.748486654906114e-06,3.850081123585099e-06,3.945816399181706e-06,4.067408171904678e-06,4.212525249898554e-06,4.376201434590387e-06,4.5606223620294425e-06,4.767383870616937e-06,5.0049162481451414e-06,5.314964363053952e-06,5.796948498919554e-06
reservoir_hydro,NL,0.0,0.0,0.0,0.0,0.0,0.0,0.0,0.0,0.0,0.0,0.0,0.0,0.0,0.0,0.0,0.0,0.0,0.0,0.0,0.0,0.0,0.0,0.0,0.0,0.0,0.0,0.0,0.0,0.0,0.0
reservoir_hydro,NO,1115.1119293005388,1077.7805047929874,1066.9120198930564,1033.0774879308008,985.7447096409027,955.852580325363,939.6707805288175,899.1330868163742,804.8579296493638,783.3587471355764,767.5022773784718,731.5983956129612,723.6634804955801,648.6332862373998,612.8739336148088,599.5929741711018,594.3040991535004,582.8714890576321,564.3339792920349,538.8399831303859,494.76054243940564,385.03388626836096,363.89081208944333,336.2253378032933,324.5256412474962,316.6249161504559,313.16426452835316,270.71514598745426,266.11601063724595,240.70234166693223
reservoir_hydro,PL,15.699158023765309,15.699158023765309,15.699158023765309,15.699042982598003,15.698927941497631,15.698812900330323,15.698621957848871,3.451927352743567e-09,8.13393848812272e-09,1.195409482660402e-08,1.557094399038524e-08,1.919114801375108e-08,2.290048057138178e-08,2.6757419568761995e-08,3.081149713657538e-08,3.5111291341777085e-08,3.970672377064315e-08,4.465361447010196e-08,5.00158165442853e-08,5.587078974049933e-08,6.231638960117549e-08,6.947812814954885e-08,7.752772341114477e-08,8.670017577126575e-08,9.733681941636716e-08,1.0996602589812938e-07,1.2548381832059187e-07,1.456456670572009e-07,1.7486622903168918e-07,2.3075327575268903e-07
reservoir_hydro,PT,41.394621568156325,41.13284102428575,41.31792233738314,41.3518266398899,41.53849093982167,41.54883698234053,41.60319266545088,59.33391602944744,59.224328324391095,59.230333507164225,59.15418802529249,59.1530131674092,59.15183828211128,59.17022713967517,59.200645595445934,58.66832185249405,58.535766771415226,57.61884572547488,57.45656472398516,57.14544524387919,56.32729141487781,56.18165837037343,56.08998167271983,55.65999003943905,55.49500912519461,55.058561263686876,55.05438783468786,55.048282119034255,54.86455516664617,54.928268714696806
reservoir_hydro,RO,181.5857496672419,157.2387958914807,157.23879589891976,157.23767655082696,157.23655721752823,157.2354378775204,131.6023716975892,131.6008198082931,131.59926791777568,131.4568123521508,131.25797291782115,131.16170105766753,130.91314161062547,110.95164356923961,110.82394484942202,110.57457921446758,85.03818100727712,84.98349719578141,84.03726490731154,83.82736940737824,66.58250901328056,66.19988933914416,54.26921099967447,54.27766695944769,54.293567083104406,37.53511039793568,9.977222558400875e-06,1.0844097517869193e-05,1.1536197967061417e-05,1.2203781734286893e-05
reservoir_hydro,SE,513.4991314369264,493.22636218383917,477.34263111896496,442.38647583665306,513.4919180506622,513.4883038623171,513.4823392483421,513.4701957287364,513.332143083031,513.1664823886348,512.6434161994663,511.98717944572326,511.5681810672196,511.4878399058322,510.45925517699965,510.3969924274463,509.5548658133139,508.76818210945146,507.9907647894519,506.4910042135903,503.9672543096328,503.20122831879536,501.43059937073076,500.23919278378065,496.85253846035863,495.0380157077155,494.9842185197154,492.61812102779146,491.1946528580731,489.22892458567014
reservoir_hydro,SI,26.282089469529453,26.274585063128168,26.274152410757683,26.27474297255988,26.247342477635186,26.247158433430002,26.246852662191433,26.246546848760936,26.246239706173867,26.245928088088217,26.049614151746,26.02116089258736,25.95463073590409,25.88696169747626,25.74572081201249,25.745884166370256,25.503139454435996,25.515604559984205,25.34200326327682,25.22181252328915,25.187464521777713,25.042569506708748,25.217628406187412,25.21599700203279,25.21422718386439,24.89561398558161,24.84854346909143,24.847112914150205,24.703615454484428,17.656137498378463
reservoir_hydro,SK,33.68075965021471,33.68075965216709,33.68075966233659,33.680520110432454,33.68028057243803,33.68004103206551,33.679644259474344,33.60166043904326,33.60051603723355,33.583210880524845,33.58281229862295,33.46065556077458,33.36687396478496,33.36618465519197,33.33041341085168,33.2970177801102,33.18568613169092,33.18449257167018,33.10873780922605,32.925296440551904,32.93190888663147,32.70024542382767,32.69810642379472,32.636612226386184,32.47959450282405,32.47746464780009,32.47358008664855,32.469695752714614,32.456745469042154,32.448588100948854
reservoir_hydro,UK,19.66363548071424,19.66363548071424,19.66363548071424,19.663491388427524,19.663347296140802,3.040423071663504e-09,7.154772637941275e-09,1.0495630624256104e-08,1.3642776016352522e-08,1.6773923462664342e-08,1.9973584007992938e-08,2.328902554151502e-08,2.6758395056332062e-08,3.041844550743084e-08,3.430648530542274e-08,3.84624480165713e-08,4.293009764230379e-08,4.776102427253807e-08,5.301629950208999e-08,5.8771664540272035e-08,6.512367006180943e-08,7.219629989707696e-08,8.015957613685783e-08,8.924656414406586e-08,9.97970696182469e-08,1.1233990844657787e-07,1.2776763863861495e-07,1.4789156145541246e-07,1.7716829780797664e-07,2.3336628760622107e-07
run-of-river_hydro,AT,271.74930025829184,270.0773998702931,270.8077451146935,271.1913547637497,270.98379328753117,270.5770699143548,270.1724874182987,267.54244147470547,267.0017741631407,266.57260917659227,263.4887575307933,263.0842944486446,262.8670280909809,262.58208981415453,262.4536121650149,262.3251417729593,261.46924221424126,261.5074932710223,259.8235759216432,259.1443713871186,259.10540441894705,255.59400586701318,255.80659876357015,255.77897871182068,255.60188372738213,254.58723805508737,253.04181667235872,251.77008262516682,251.24642993596524,251.07732099299378
run-of-river_hydro,BE,2.779075449605833,2.7762710832365003,2.779074444303277,2.777065651403364,2.775055914966531,2.7730461714283647,2.7707470723696375,2.768447957531129,2.7661488358428237,2.763848470596338,2.7339351948920605,2.6968043326404425,2.695508833997554,2.6942133035262197,2.6929176906768166,2.6736393208965104,2.6477889398268712,2.6461849910054536,2.6214092720845565,2.611860163919107,2.6102693742298184,2.6139462710499304,2.6121689852214605,2.6103913392513096,2.608613798576016,2.6068363575931315,2.6051191564667224,2.6034035764821555,2.601687294786535,2.5999718548007946
run-of-river_hydro,BG,1.109426839922987e-06,1.2675714249266903e-06,1.4998764292100595e-06,1.5928867971511794e-06,1.772955215387697e-06,1.9303244115900356e-06,2.0516159495007935e-06,2.1625906195019647e-06,2.2709375548126496e-06,2.4359192733283614e-06,2.5613461412579918e-06,2.6846229384149844e-06,2.817497321391269e-06,2.9581636040581814e-06,3.11108383078453e-06,3.2752204437466326e-06,3.435208450149571e-06,3.599818085118121e-06,3.7817485634611385e-06,3.988434383393805e-06,4.195889609416066e-06,4.429657807458318e-06,4.669237095172458e-06,4.937167590803654e-06,5.253745711125136e-06,5.600320289025626e-06,6.004951952937894e-06,6.44190655482804e-06,7.0461059148302535e-06,7.93308905022446e-06
run-of-river_hydro,CH,140.31949103547487,139.56728762253647,137.93460354048798,137.19529898624867,131.17523126328408,128.8602355512473,128.2460755834025,127.32744081212824,126.79119755998184,125.83658564990789,123.90887030822626,123.61702540470873,123.14126969774675,116.60137016292225,111.12338834246461,110.95836699421615,109.21762714972951,108.31419054690605,106.56656451332651,102.71575178086358,97.0130211162417,94.6743088778191,87.25663695663665,85.4470304803828,80.39309789939365,79.73232346933389,75.7299358389237,73.05385832728355,65.96882431118789,53.27476337225491
run-of-river_hydro,CZ,2.088176354216305e-06,2.1157001592640127e-06,2.1451333237391827e-06,2.159493049572885e-06,2.196007481683267e-06,2.2618581315846994e-06,2.3825519499085745e-06,2.5589285728619023e-06,2.7743537607186728e-06,3.017541375832003e-06,3.2476073048635872e-06,3.4404097183362967e-06,3.6473191734712673e-06,3.8459337926666984e-06,4.062710398626821e-06,4.285898423384949e-06,4.472888778914381e-06,4.63770586618123e-06,4.818940283427272e-06,5.000031786454182e-06,5.162880042086423e-06,5.315895934460504e-06,5.522615948478195e-06,5.7586171794806175e-06,6.019374937068624e-06,6.272385109468479e-06,6.513280653348798e-06,6.827513510402726e-06,7.271294199307792e-06,8.00354141899424e-06
run-of-river_hydro,DE,131.88165000707318,131.88164316542768,131.88164302593876,131.78882821247691,131.69601105793106,131.6031929379706,131.49676894108893,131.31274779192546,130.49887411431726,130.39263352161677,129.33835013716845,127.97600459437622,127.91518760148983,127.66959514443472,126.88612045207473,126.44033700923111,126.00943779119179,125.80737838826154,125.59300771504931,124.44958734524488,124.37469208986232,122.3292344656352,122.24658476353598,122.25191636563694,122.08128825021375,121.99863794516014,121.91888820558606,121.83914468014852,121.62066065083512,121.29485876973264
run-of-river_hydro,DK,0.0,0.0,0.0,0.0,0.0,0.0,0.0,0.0,0.0,0.0,0.0,0.0,0.0,0.0,0.0,0.0,0.0,0.0,0.0,0.0,0.0,0.0,0.0,0.0,0.0,0.0,0.0,0.0,0.0,0.0
run-of-river_hydro,EE,0.0,0.0,0.0,0.0,0.0,0.0,0.0,0.0,0.0,0.0,0.0,0.0,0.0,0.0,0.0,0.0,0.0,0.0,0.0,0.0,0.0,0.0,0.0,0.0,0.0,0.0,0.0,0.0,0.0,0.0
run-of-river_hydro,EL,9.462531121469206e-07,1.0001768080719776e-06,1.0492706873805805e-06,1.0793967987888518e-06,1.1283367742609972e-06,1.195336674887134e-06,1.2755441193157804e-06,1.3554911527652766e-06,1.4290363184429404e-06,1.5089840586435077e-06,1.5843835526778174e-06,1.6514633861133463e-06,1.7217892028799463e-06,1.7947178842576583e-06,1.8769527846032478e-06,1.96428961672406e-06,2.057002250835074e-06,2.1582188619064198e-06,2.2855588272163437e-06,2.4167124025232046e-06,2.553647869885657e-06,2.707589361608391e-06,2.8780149892832617e-06,3.0670826133520266e-06,3.27501799002108e-06,3.4952308748765978e-06,3.7365332985622906e-06,3.999997766636307e-06,4.375351683328826e-06,4.9835163739334945e-06
run-of-river_hydro,ES,18.487532617780612,18.315850520596356,18.742459387787573,18.78691317536744,18.77278738254555,18.570757380118657,18.598447684538403,18.67902677340556,18.01515100008085,17.999724314423457,17.756379011803006,17.05987115158917,16.43873766176,16.339120963264175,15.973510167391133,15.591772857059974,15.349871170653863,14.491810160577417,13.264330696288171,12.243899731145703,11.821723135758662,11.685701019508855,11.652785986196182,11.343271300757305,11.335300232215744,11.327337234203542,9.834796877877002,9.828119993629088,9.821428708144126,9.767496242167288
run-of-river_hydro,FI,62.2586947884172,61.823691746928986,61.865227484120624,61.89359359910334,61.688634780917,61.6445485271423,61.81514661222817,61.54356583233882,61.49307409477339,61.44258372881334,60.602732284990836,60.13486290589232,59.62268569147775,59.14053830275932,58.56549262623199,58.520065435351746,57.52624508665484,57.49084604681643,57.45524960211006,56.9734779980292,56.52330817720248,55.98242732147085,55.511697734208425,54.68682024627957,53.65819317791353,52.89994508130862,52.62631313988014,52.45286533434623,52.40556980713005,52.334915045279985
run-of-river_hydro,FR,79.90794202822278,79.9079419959248,79.90794202773021,71.72717505533015,71.6732954317703,61.58021291504073,61.52737686441845,61.474540803198074,61.42170475986428,61.36886870452033,61.31603263030975,61.286363394076716,61.25669415510885,46.95842135823241,46.85686235650492,46.56444800510166,46.50367561453133,46.475355184691054,46.03021288826767,45.28360533613302,45.2557573446513,43.78596880535005,43.75558015977648,43.512057901657,43.151708120708165,43.12157597591423,42.96706618282638,42.9380422810724,42.90901532028013,42.87999108996291
run-of-river_hydro,HR,12.561174964542104,12.51784183295685,12.517842137352291,12.53807433697965,12.533183440067447,12.5264548250558,12.524074235407507,12.523590101515651,12.51863828477541,12.498068871022518,12.297039987589892,12.236419555108377,12.211726370162491,12.19408911840596,12.129793891734472,12.105484467375323,11.994366178168296,11.955390452950738,11.81681828392377,11.777654058790171,11.77140601051182,11.755257363989315,11.698658163160944,11.672283222930197,11.517937542195952,11.501784705189438,11.494693740240237,11.484849149819075,11.439283767931348,11.396396108151144
run-of-river_hydro,HU,0.9216613042105672,0.9216613338266543,0.9216613657703381,0.9209914718293305,0.9203215950004042,0.9196517178535071,0.9188857054610747,0.9181196791076472,0.9173536496073685,0.9165876286840753,0.910612592873762,0.89317966614227,0.8927443062291848,0.8923143693950332,0.8899201404219804,0.8837278495396006,0.8831870395113212,0.8793606762282641,0.846296678511488,0.8390252004254717,0.838502223865446,0.8217291264092902,0.8211434620925305,0.8205814534324108,0.8200053306337544,0.8194362846443859,0.8188610518109811,0.8138039971754357,0.813248438973165,0.8127015018096023
run-of-river_hydro,IE,1.7901135034555839e-06,1.8840795252090357e-06,1.997790675627622e-06,2.025889241510956e-06,2.1284912435070705e-06,4.540563776685374e-06,6.623792901065371e-06,8.279600326560867e-06,9.881864268603364e-06,1.0517504982004029e-05,1.1054139884463136e-05,1.1688681124931405e-05,1.2405025232276008e-05,1.2850768382607472e-05,1.3364890379527755e-05,1.3830996858895013e-05,1.4595731676549433e-05,1.5536521262883126e-05,1.6345050519302263e-05,1.7284647706870844e-05,1.835247443399035e-05,1.945358510131849e-05,2.0526754150120204e-05,2.210292890872749e-05,2.3526459989373934e-05,2.593065679096926e-05,2.7004189497079704e-05,2.8217619195047518e-05,3.0062592783075513e-05,3.235384127803471e-05
run-of-river_hydro,IT,3.0348767992205714e-05,3.041029791943209e-05,3.0449540256403947e-05,3.0418870030830128e-05,3.0431730411960878e-05,3.0459098935153345e-05,3.0460745829594037e-05,3.044228787681613e-05,3.0431721785690892e-05,3.034600281987599e-05,3.0179172829915923e-05,3.0162955310450073e-05,3.0099887267488076e-05,2.9906511116399626e-05,2.9755712337227604e-05,2.97257744846745e-05,2.966646471428339e-05,2.967672622070878e-05,2.962249722710361e-05,2.9572648026143672e-05,2.964184825099917e-05,2.9469583589409882e-05,2.949179581273039e-05,2.9483205800121596e-05,2.94927419951425e-05,2.9497510359852438e-05,2.9508582917292397e-05,2.9542449881328702e-05,2.962182937075745e-05,2.979454631886576e-05
run-of-river_hydro,LT,1.9934961107074537e-09,4.630360275131725e-09,6.757266524768491e-09,8.739880270627266e-09,1.0683514075163178e-08,1.2634652030428363e-08,1.461988116130989e-08,1.666029346711656e-08,1.8772334253727586e-08,2.0971232282587215e-08,2.3272280296350618e-08,2.5703987004599447e-08,2.8274047884251347e-08,3.1002073382185364e-08,3.39100746955322e-08,3.702322660553588e-08,4.0366364858537226e-08,4.397916702750508e-08,4.790481378116977e-08,5.21970005591044e-08,5.692354495380257e-08,6.216759853895547e-08,6.804860205988216e-08,7.472558256017714e-08,8.242943391991542e-08,9.151930611675649e-08,1.0260908387006936e-07,1.1688564484391895e-07,1.372434574139315e-07,1.7518681130156818e-07
run-of-river_hydro,LU,0.0,0.0,0.0,0.0,0.0,0.0,0.0,0.0,0.0,0.0,0.0,0.0,0.0,0.0,0.0,0.0,0.0,0.0,0.0,0.0,0.0,0.0,0.0,0.0,0.0,0.0,0.0,0.0,0.0,0.0
run-of-river_hydro,LV,16.112292472599425,16.049472107462297,16.112288893134433,16.09905550550907,1.5408011628096651e-06,1.7332413370382856e-06,1.8529391148520729e-06,1.9540372520674025e-06,2.0499715593425953e-06,2.146440341391991e-06,2.2531642007196706e-06,2.3338085692126765e-06,2.4216694846930397e-06,2.5119320044115654e-06,2.5972109315322885e-06,2.6767194050608315e-06,2.7535545014963675e-06,2.828959709867818e-06,2.9213779738574706e-06,3.01466407905382e-06,3.1057373579432314e-06,3.1911346143333484e-06,3.2988799131755257e-06,3.424918895636075e-06,3.565400096616026e-06,3.7216068518844274e-06,3.8976115561354174e-06,4.096083314439964e-06,4.353289540481922e-06,4.749027142171238e-06
run-of-river_hydro,NL,0.0,0.0,0.0,0.0,0.0,0.0,0.0,0.0,0.0,0.0,0.0,0.0,0.0,0.0,0.0,0.0,0.0,0.0,0.0,0.0,0.0,0.0,0.0,0.0,0.0,0.0,0.0,0.0,0.0,0.0
run-of-river_hydro,NO,0.0,0.0,0.0,0.0,0.0,0.0,0.0,0.0,0.0,0.0,0.0,0.0,0.0,0.0,0.0,0.0,0.0,0.0,0.0,0.0,0.0,0.0,0.0,0.0,0.0,0.0,0.0,0.0,0.0,0.0
run-of-river_hydro,PL,1.9670486501954617e-09,4.591369234631367e-09,6.715035598407858e-09,8.710180691338418e-09,1.067936312024714e-08,1.2667401098832657e-08,1.4700709456314708e-08,1.68004117930137e-08,1.8983099439329874e-08,2.1264329962547975e-08,2.3659963753435386e-08,2.6199581825290083e-08,2.8891859605629493e-08,3.175778764802279e-08,3.4821024580619644e-08,3.810871503268683e-08,4.164797593733151e-08,4.548165591819427e-08,4.965687921680754e-08,5.423247840225545e-08,5.9282984581619975e-08,6.490022706694634e-08,7.121571421807356e-08,7.840320516524678e-08,8.671520060050683e-08,9.654637498620881e-08,1.085717125055749e-07,1.2409557630468109e-07,1.4628738888768346e-07,1.877194658279718e-07
run-of-river_hydro,PT,71.62808699601143,61.974102966270024,63.16429637213259,49.42576981460944,49.3896663162746,38.210708029296136,38.22675911814483,38.19479692541105,38.16283332437462,38.13086973701797,38.050947951411125,38.032741867832016,29.462035766801066,29.471793065273438,29.400154654433837,37.68539837245805,72.5762641284071,74.7958904592135,86.86531672798684,85.70012823583339,84.79468101708675,84.39628365137739,83.88538742803702,82.38286495304486,82.08822578062211,74.30753779272283,81.83881325482454,81.72112881243135,81.50306250380939,81.44796709702744
run-of-river_hydro,RO,49.57084966964902,49.57084966406037,2.9900199663488712e-06,3.075106952579163e-06,3.2103072649107723e-06,3.431216786681804e-06,3.641926991755165e-06,3.8041447905695638e-06,3.954075649804179e-06,4.124217371773938e-06,4.25376271465319e-06,4.390615273069301e-06,4.528028168477e-06,4.677581109958908e-06,4.830499620055406e-06,4.99491969973157e-06,5.158910642360573e-06,5.322316676218364e-06,5.511757704198779e-06,5.709328694469794e-06,5.887364417575708e-06,6.0495450054612365e-06,6.210582207290525e-06,6.378677068406551e-06,6.5722816448003255e-06,6.785749764605004e-06,7.010626653556877e-06,7.241813189216812e-06,7.54703313834347e-06,7.993979525596686e-06
run-of-river_hydro,SE,91.15838734736349,90.64860956130644,90.74617570599237,90.69853043262749,90.6113328110126,90.54391234991645,90.46695733866095,90.38999831683711,90.3130407400744,90.2360839016329,89.26207662823964,88.83997218680778,88.74524890574082,88.44118836416358,87.366118752132,87.26387395038424,86.63139419497551,86.5493384090238,86.17816696976394,85.66335313606547,85.11750036208107,83.96768954132041,83.70070219142282,83.06137286664053,82.14229759479024,81.42473499679389,81.20036394076777,80.72902011550374,80.21324665106472,79.7620674681588
run-of-river_hydro,SI,39.83928091839334,39.64497717826764,39.621539009948805,39.63673844139992,39.60696118545351,39.89259082226709,39.85855025628576,39.76096613150194,39.61791234843414,39.42424885024026,38.8595259202636,38.785457747685285,38.76657815222692,38.32056709052642,38.202637881639944,37.973601330102504,37.696320062316595,37.658153889658486,37.63493226168855,37.41970427495112,37.3264608892535,37.06428858791323,36.913033710646765,37.00956777595585,36.52566246288336,36.49927622418926,36.455321581993765,36.416295107847645,36.32399146756831,36.07890343938491
run-of-river_hydro,SK,2.679195212821513,2.679195202652475,2.679195207866783,2.677108488520753,2.598030436174555,2.5960037885770286,2.5936991327167567,2.574196301145874,2.571867465917865,2.311510263043231,2.282010068732675,2.263896485517844,2.2627634289167795,2.2616411477421403,2.26051836445289,0.39561571052708516,0.39536975219106263,0.39512388572022467,0.17464052890779222,0.1737010876660228,0.17359251397731862,0.17140402164243893,0.1712840613618111,0.17079853189334523,8.771056814205981e-06,9.450387508272049e-06,9.825712213802616e-06,1.0277426062243681e-05,1.0812403585638705e-05,1.1588783142660076e-05
run-of-river_hydro,UK,3.694325934153044,3.6943259347155046,3.694325935341605,3.69108486243324,3.687843789610947,3.68460271685083,3.680949206140653,3.677295695517842,3.6736421849894034,3.6699886745633497,3.6663351642495434,3.664439742784899,3.662544321459387,3.6606489002898157,3.658753479296009,3.656858058501529,3.6544892043320205,3.6521203504242985,3.6497514968057847,3.647382643563305,3.6450137907514337,3.6423717068608794,3.6397296236197447,3.637087541204754,3.6344454598589024,3.631803380023855,3.629252530526723,3.626701684690668,3.624150846082484,3.6216000291789663
waste_plant,AT,1.6984181720212467e-06,1.71558041001019e-06,1.7429659293662728e-06,1.691655997163491e-06,1.718940012542078e-06,1.7519465154568578e-06,1.7928754854351197e-06,1.8438083154914458e-06,1.9193417972964953e-06,2.010774268022384e-06,2.277943438394842e-06,2.18772222696977e-06,2.2238654622110915e-06,2.275104475324034e-06,2.341931222163407e-06,2.436772987945845e-06,2.5564158636865535e-06,2.7373206842740873e-06,2.794347963140719e-06,2.917912200763597e-06,3.0547977583488443e-06,3.204653504517261e-06,3.3498995759419897e-06,3.5038942865924435e-06,3.6535601078725658e-06,3.872628721791941e-06,4.083572805870787e-06,4.35213753687291e-06,4.632875503773284e-06,5.092171248591678e-06
waste_plant,BE,8.695978699874807,8.412392223128029,8.420846981969184,7.117641402815603,7.094144436606097,7.04505645976828,0.3024712933390302,0.2991216164835794,0.2968767327701883,0.29463188838830967,0.2923875203303943,0.2904021245917621,0.28841718820426226,0.2864322499677967,0.28444732571157366,0.2824624115240664,0.28069262068624623,0.2789229017599971,0.2771530078165205,0.2753832150498268,0.2736133850384273,0.27014324322457345,0.2680756365642972,0.2660080433109239,0.2639404550808493,3.6618868235076906e-06,4.0338272245989775e-06,4.372333712763939e-06,4.687087510199574e-06,5.1752573835809785e-06
waste_plant,BG,1.211086103441816e-06,1.333893765010769e-06,1.4183344636905656e-06,1.4438212281607613e-06,1.5033562750776168e-06,1.5565627018779293e-06,1.6047045265354178e-06,1.6613807018735778e-06,1.7488022912229817e-06,1.8775625993694734e-06,2.0890091002368023e-06,2.038492458579786e-06,2.0772983335246503e-06,2.1314066188626998e-06,2.1987818557030466e-06,2.281476359753864e-06,2.400308083740197e-06,2.586110517307313e-06,2.654454038938794e-06,2.7706661935210007e-06,2.8990264416899157e-06,3.0290846202642277e-06,3.168447628876349e-06,3.275810642971827e-06,3.3698955893895476e-06,3.5031533070253817e-06,3.6461042772708298e-06,3.8234810756366486e-06,4.055452744650763e-06,4.51671584562174e-06
waste_plant,CH,4.829102637974745,4.767735674205236,4.767736416399399,3.954731486852283,3.9275545668930447,3.9003776446651464,3.8716336660169732,3.8428897316987767,3.8141458351587794,3.7854019116567255,3.7425502294437716,3.7171427459179074,3.691735680580405,3.6663287076740856,2.2755762421482046,2.259696911095764,2.4078389359369357e-06,2.7020254981784128e-06,2.7853271194061964e-06,2.9301020128844356e-06,3.083379717203546e-06,3.232584111957083e-06,3.3788192544729022e-06,3.5301840978958025e-06,3.675522257830902e-06,3.88270639122459e-06,4.085727208321958e-06,4.337804393328155e-06,4.617163872333444e-06,5.067302200831464e-06
waste_plant,CZ,2.5654445430430735,2.5327113535280232,2.5404590552126747,2.1627443950521683,2.1478817050921135,2.1330192132275974,2.117299360798538,2.09384850247368,1.7782158100708936e-06,1.9427334180559134e-06,2.1997281684354833e-06,2.1354707162068143e-06,2.179653805818746e-06,2.235988112201533e-06,2.310110173658843e-06,2.4021838098040122e-06,2.518830988824954e-06,2.6898012995195215e-06,2.754485512045438e-06,2.8800308544234494e-06,3.0108300282581156e-06,3.14971667613053e-06,3.289798739469366e-06,3.436574644609286e-06,3.5813701112104354e-06,3.7825031788056407e-06,3.98353067053292e-06,4.23804247267205e-06,4.520762013826023e-06,4.984311792918201e-06
waste_plant,DE,96.9766764504073,94.19109650167339,94.76063495517705,80.18068707319838,79.35131469562776,78.80224286672382,74.95481780251514,71.63592338881399,58.570133708454144,56.35946749291889,55.930059525168744,55.55036812671011,55.17067706748992,54.79098604869038,54.411295002309664,44.84593761840602,36.54837855455495,33.638049160311695,29.211890474911193,10.145104794543498,6.741825985825633,2.182754617574815,2.005203163868326,3.451440787045644e-06,3.7190969161377482e-06,3.9831105841988735e-06,4.211008492472441e-06,4.483825997353249e-06,4.76422168765912e-06,5.211637491657408e-06
waste_plant,DK,26.963857441532827,25.47353059494329,24.545362020658587,17.075681425893954,16.851660880256446,16.67430488385117,12.512715066062455,12.419509868644395,12.32630468106202,11.690977563728806,11.601903113701699,11.523141285779365,11.444379722774878,9.268936640345288,9.204704693597407,9.14047275665344,7.073445360195898,7.028846412245897,6.984247304877358,6.939648281397486,6.895049208472668,6.807599890425907,6.755495989906997,6.703392092508094,6.651288186947111,6.599184327126024,6.553020046808773,3.976401199682132e-06,4.401655077498783e-06,4.935833682882937e-06
waste_plant,EE,2.3569094368704784,2.3065437413168652,2.314072776329929,2.1009502145380106,2.0865134305495,2.064553866788217,2.049288990261521,2.0340241274869895,2.018759301165988,2.0034944554460026,1.9882300158891568,1.9747321609809374,1.9612346991647525,1.9477372384111808,1.9342397903332853,1.9207423543263331,1.9087077070235463,1.8966731187037271,1.8846383908004667,1.8726037415880123,1.860569095493048,1.836971667864282,1.8229119073322508,3.2483694311563655e-06,3.5092867490561597e-06,3.7528220507309026e-06,3.973896042168667e-06,4.234154755964459e-06,4.52367567080708e-06,4.985416963489115e-06
waste_plant,EL,1.28491108780197e-06,1.3827169177525259e-06,1.4426395713513423e-06,1.4434268529427007e-06,1.4808760655527226e-06,1.5203613921287776e-06,1.5639353865023039e-06,1.6187135529873224e-06,1.6946477721106686e-06,1.7788778648517647e-06,1.9741388646478623e-06,1.9391697886826477e-06,1.9926940751016793e-06,2.0632724634026265e-06,2.148721009214577e-06,2.2537413916204046e-06,2.404182771791425e-06,2.624900752509199e-06,2.705977688103808e-06,2.827078694589527e-06,2.9534183531838463e-06,3.0859059544383054e-06,3.2318069620374844e-06,3.344755561873728e-06,3.4423478429019628e-06,3.5812757406083636e-06,3.727700505399369e-06,3.908528141918958e-06,4.145201424141734e-06,4.624055569584778e-06
waste_plant,ES,16.050189270501793,15.692044168313325,16.1048460518429,13.639811092262724,13.545162493361763,13.4505139269934,13.350459366385401,13.250404825458075,13.15035028982359,13.0502957329311,12.95024141201742,12.861850292433713,12.773459412503385,12.685068537996575,6.213607991314526,6.1700071245849,2.675432353056269,2.6673168452770217,2.665517261208217,2.648513036847419,2.631508831740691,2.6115795008833453,2.5767100361603714,2.5568468997591403,2.5369837516163427,2.517120682578755,2.4995205706813306,2.481920484928622,2.4643203735989454,2.446720300580747
waste_plant,FI,43.03896515550012,42.63929206538542,42.87239810802336,39.79765463944161,39.27553785427206,38.86218113385477,38.57484328301013,38.28750555434235,38.00016781300824,33.8236944909177,33.56598866639186,33.338119852288315,29.64924940190458,29.4451998102119,29.241150213842086,29.037100654630304,28.85516494956231,21.365460837674448,21.22989389456695,20.15802529970212,20.028475751737552,19.774456165810957,8.363947421174466,8.299437850199931,3.3621992371931975e-06,3.726278481816911e-06,4.002101651060272e-06,4.2930403116188436e-06,4.600447909589776e-06,5.099207639852897e-06
waste_plant,FR,79.25779294722095,76.92124276541726,77.68690157317116,67.25924235739076,64.37383359949006,61.31148945925169,60.63724286585657,55.44748694036547,47.26508371810191,43.33204173456707,35.21271032623907,33.32418058180765,32.30268415441937,25.492439567547258,21.310768323946068,18.56340726813433,18.200086659130545,10.358064903080058,10.292341433041988,9.180163220047406,8.722784406339438,8.612154092749877,8.503346483377507,7.63973891041236,5.753892242093407,5.7088182658582785,5.66888248130364,4.389545732254825,4.358403174059493,4.810232883500808e-06
waste_plant,HR,1.6846901953314531e-06,1.6956737661720833e-06,1.7236053505473085e-06,1.6756082419101323e-06,1.6907139385338956e-06,1.719126428377099e-06,1.758625683137698e-06,1.808704988180301e-06,1.8858077724028144e-06,1.9815018388165335e-06,2.275540173081629e-06,2.1806990181135403e-06,2.2238196909147374e-06,2.2861592676650187e-06,2.365329924773424e-06,2.4636094582662557e-06,2.582733789452254e-06,2.7584718988521633e-06,2.8134970909822483e-06,2.943575107921078e-06,3.085265373942074e-06,3.240266395892659e-06,3.3887484150631377e-06,3.537949883403394e-06,3.680798064334477e-06,3.876886761892378e-06,4.064431346111836e-06,4.306339755830612e-06,4.573168917489906e-06,5.021009181724504e-06
waste_plant,HU,1.2729498494571416e-06,1.3650785504460496e-06,1.4335562516784109e-06,1.43891124538041e-06,1.4826953557590493e-06,1.5316465595691594e-06,1.5800891495511324e-06,1.6345642396198727e-06,1.7168862034975898e-06,1.8147524245630522e-06,2.103760755589138e-06,2.0632636894529874e-06,2.1260232143328282e-06,2.2031483636404034e-06,2.2911354781238245e-06,2.3942931837409163e-06,2.514245025646352e-06,2.686268007464821e-06,2.7534585695347767e-06,2.881514135007844e-06,3.0199085938601957e-06,3.172359631216499e-06,3.3216289561234e-06,3.4711668928724665e-06,3.6145445493396077e-06,3.804619193671548e-06,3.995873956878789e-06,4.2345419733394565e-06,4.502068726472222e-06,4.949198129103986e-06
waste_plant,IE,8.473414608607257,8.419364165711627,8.419364426313717,7.523304229188822,7.506511982867256,7.4542952469001404,7.399082877076307,7.343870524567731,7.288658189793794,7.233445836979486,7.178233748630065,7.129426404614694,7.095054097863309,7.046225102868078,6.997396113133501,6.948567135268709,6.905030004403809,6.861492942274821,6.817955701103329,6.774418562805075,6.730881417975149,6.6455141903562405,6.594650852579678,6.543787523726156,6.49292418619887,6.4420609025372,6.396995760046429,3.886937088291654e-06,4.3169006448957334e-06,4.824252700518433e-06
waste_plant,IT,32.173095119115565,31.637769781896974,32.0452020907176,25.98903906319784,24.229440797983507,24.060134477246883,23.881158218360405,23.863884579199684,23.684792377338564,23.505700121366207,18.268318961847452,16.413506646985212,16.301319041193373,13.897676237894686,13.80136800984224,11.21939362882342,11.149099150066816,11.078800641384776,11.008504009718937,10.938207387055249,10.812199686174102,10.730073993038895,8.846482861024521,3.356441379247601e-06,3.6302339475924225e-06,3.880942170303107e-06,4.10835214147739e-06,4.378157956029104e-06,4.648432655097405e-06,5.087263607411527e-06
waste_plant,LT,6.100235482393512,8.547779210447565,8.575681671212054,7.7579829912242255,7.732371811975762,7.650992319986951,7.594422653728339,7.5378530050534085,7.481283378319,7.424713740205865,7.368144398448356,7.318124156437358,7.268104200951437,7.218084247217439,7.168064308555283,7.118044372284657,7.0734453510707,7.028846393407475,6.984247297493169,6.939648270983645,6.895049241315665,6.807599868611234,6.755495966129029,4.575331201101927,4.539768215956694,4.504205260966982,4.472696293979124,4.441187346264841,4.409678388545875,4.378169464096763
waste_plant,LU,1.2669071561830131e-06,1.3708261108617922e-06,1.461350648433165e-06,1.4751020417735346e-06,1.5550596734635137e-06,1.625798170821305e-06,1.6863163755741023e-06,1.7582242531312939e-06,1.8561564519455128e-06,1.96577223539866e-06,2.2617612125463604e-06,2.1755073557112005e-06,2.2165412477095787e-06,2.273349579342961e-06,2.352256678197363e-06,2.4576851861094706e-06,2.597252449369642e-06,2.7790916913594374e-06,2.856589118075838e-06,3.0004510045702802e-06,3.1524697936583355e-06,3.320752236686125e-06,3.4762325510069976e-06,3.633038349542474e-06,3.7816830254092417e-06,3.975706654321875e-06,4.161793268109341e-06,4.4045338876372726e-06,4.685088522351888e-06,5.161701163549649e-06
waste_plant,LV,1.5769498197638768e-06,1.5863991150612833e-06,1.6157894855746637e-06,1.6052534043935214e-06,1.6475404660905406e-06,1.7068387229002384e-06,1.7684021899992936e-06,1.84777701201442e-06,1.935566390410627e-06,2.0228191979185776e-06,2.229322940456357e-06,2.1784508738828167e-06,2.2278811495349153e-06,2.293733400687742e-06,2.379280484437557e-06,2.485861351263298e-06,2.634280846152426e-06,2.853706095087285e-06,2.9261123386999727e-06,3.024118445755151e-06,3.1337911983079257e-06,3.2508798451756477e-06,3.3778383717530822e-06,3.51488388071617e-06,3.6542650216484325e-06,3.829588454581286e-06,4.019450475898955e-06,4.256713070671521e-06,4.534340130105128e-06,4.9878820986784965e-06
waste_plant,NL,39.316818608785326,37.882779972804926,37.89347635757008,32.05049744496131,31.97896018668109,31.756508445191468,23.34019555263319,23.211800433193734,23.037601921971252,22.863403405429903,22.68920513367293,22.535175232206566,22.381145575523142,22.22711591834294,22.073086271683596,21.919056636889206,21.781719960421224,15.284951240756216,1.884638462983449,1.8726038193367232,1.8605691410010436,3.0188851633600446e-06,3.271325003204831e-06,3.46635595345246e-06,3.640233596581698e-06,3.859569447435379e-06,4.06586007272521e-06,4.321640054436945e-06,4.602434383567545e-06,5.061826122227344e-06
waste_plant,NO,9.51042360397783,9.481277143352875,9.588658298308559,8.81781199257951,8.75721780259423,8.665052197599895,8.600984759107288,8.536917480913752,8.47285015329947,8.408782813629243,8.22776107572967,8.171905220755844,7.435385926895925,7.38421473297859,7.333043547121784,7.281872374497903,7.236246883898654,7.190621453358471,6.008669976490698,5.970300668995437,2.8003632261838694e-06,3.078470097162041e-06,3.2583122644080605e-06,3.4281529274232934e-06,3.593258846469112e-06,3.8037501378875768e-06,4.01083831396991e-06,4.273615693095596e-06,4.544061581514149e-06,5.008271486978765e-06
waste_plant,PL,7.183011250583027,7.000091080635063,7.020468241988518,6.382133716928794,6.320907221831993,6.254382859975094,6.208139358107642,6.161895889179311,6.115652461989122,6.069409004708,6.023165949434095,5.982276222694719,5.9413868789687365,5.900497543434861,5.859608220353209,5.818718909135198,5.78226098548747,5.511508273789954,5.476536875220202,5.4415655799410265,5.406594275173916,5.338022867548653,5.297166789836918,5.256310716087486,5.215454635239994,2.671098655890231,0.7801218060171287,0.7746261228008466,4.2740125144935995e-06,4.970969023099122e-06
waste_plant,PT,1.2772579785713526e-06,1.364397199626478e-06,1.4208389806840113e-06,1.4039726609569441e-06,1.4326600492568696e-06,1.4630951547041391e-06,1.499563690616927e-06,1.5488100203736534e-06,1.6167131099603538e-06,1.6914545687906836e-06,1.873995317271677e-06,1.8261527488454853e-06,1.8693730314705517e-06,1.9261627230230336e-06,1.999515503336232e-06,2.0952660583074547e-06,2.2264019962315826e-06,2.475904325992613e-06,2.613735657399366e-06,2.7352232685384277e-06,2.854203619347948e-06,2.9765536575796945e-06,3.1074140057399718e-06,3.2619124812042534e-06,3.4277648582714633e-06,3.6243755418861935e-06,3.8190409185211436e-06,4.049757048843835e-06,4.307166009755546e-06,4.730117356933225e-06
waste_plant,RO,1.2589139917398013e-06,1.3943498328260103e-06,1.489272381884849e-06,1.5043088085129355e-06,1.5554962063005942e-06,1.6067422185760678e-06,1.6539146929025198e-06,1.7097833864228107e-06,1.8018711604575408e-06,1.8985583997751276e-06,2.1477243527979165e-06,2.1310993633708485e-06,2.1977037334346554e-06,2.2756431976327346e-06,2.3579432704328914e-06,2.4442610958158986e-06,2.5580418704077286e-06,2.739498213988898e-06,2.807611941394693e-06,2.9420241173338666e-06,3.086575587770073e-06,3.2450349721584194e-06,3.397385463996322e-06,3.543933471647841e-06,3.6802885060974907e-06,3.8448084461470165e-06,4.009863956532422e-06,4.232253770056793e-06,4.475278359613289e-06,4.893488047421686e-06
waste_plant,SE,53.33883111926363,53.35019289276621,53.687145797348556,49.564762668155936,25.700930181826603,25.430439915112302,25.242413167717228,25.0543865789971,24.866359947567883,24.678333306001598,24.490306826475795,24.32404993319773,24.157793178278848,23.991536420529528,23.82527967689408,23.659022955862014,23.510784295671332,23.3625456667678,23.214306946336688,23.06606827932737,22.655161084261014,22.36782743099682,22.196628911149173,19.897369543619277,2.1115204321613117,3.5702423502681294e-06,3.93328335734516e-06,4.248683532546577e-06,4.5639387240563395e-06,5.061272396074667e-06
waste_plant,SI,1.3856145749972266e-06,1.469718984323229e-06,1.5239282370674033e-06,1.5019938131614208e-06,1.5351058731107425e-06,1.5795365457261272e-06,1.6225966625457369e-06,1.6779456822360572e-06,1.7672339974439903e-06,1.8735068560475656e-06,2.267920440416177e-06,2.194782882439982e-06,2.2505449002737946e-06,2.3218111416469443e-06,2.405152308198472e-06,2.504574702828739e-06,2.6272977624620014e-06,2.7990913178658042e-06,2.8728326642115725e-06,3.0102940603772188e-06,3.156345335924684e-06,3.3126300380702463e-06,3.465229789107515e-06,3.6198315860643326e-06,3.7705260154124442e-06,3.9572692147210975e-06,4.143960926882084e-06,4.382171592162746e-06,4.6530074017856716e-06,5.103969526377132e-06
waste_plant,SK,1.5804826854320793e-06,1.5913200106693067e-06,1.6220583319064077e-06,1.604680255442266e-06,1.6418743648274962e-06,1.6880004443180576e-06,1.739587370065954e-06,1.8232798504281251e-06,1.9215772482061267e-06,2.0245091190569045e-06,2.260156212897191e-06,2.1980606840385534e-06,2.2414635622189227e-06,2.2986034605439008e-06,2.3749639730594687e-06,2.472707292382078e-06,2.595732830876133e-06,2.7688486312466695e-06,2.8393477257808037e-06,2.9733624120313375e-06,3.116357647034667e-06,3.268038317261363e-06,3.414623299776418e-06,3.5608306834677116e-06,3.7054776434585466e-06,3.894084151871995e-06,4.0864641899880734e-06,4.327572014155099e-06,4.600216507162855e-06,5.053097543912879e-06
waste_plant,UK,181.88057164468262,180.20109214801406,178.58603023500748,158.9496690024334,154.3228928328139,153.24939332928275,148.50499989773277,147.39684785965275,140.7252777360455,139.47265162108243,137.43927231943448,134.0552508402773,131.52383871939998,129.70209427262094,125.25338527314086,122.23263471795607,119.07527219899892,118.32448653179848,117.15242871302672,114.02502521961782,104.20826733549637,87.38040284590456,84.74930146763221,83.12737794894235,66.27533268853765,50.1642731927668,42.55302150745028,31.66669636813917,22.05864554890305,6.465436238900023
wind_offshore,AT,0.0,0.0,0.0,0.0,0.0,0.0,0.0,0.0,0.0,0.0,0.0,0.0,0.0,0.0,0.0,0.0,0.0,0.0,0.0,0.0,0.0,0.0,0.0,0.0,0.0,0.0,0.0,0.0,0.0,0.0
wind_offshore,BE,122.46408741670155,122.46408719225106,122.46408723754102,120.0545818989255,117.64507644110543,115.23557098091185,113.47357627809534,111.7115815647071,109.94958684663052,108.18759201294337,106.42559400355923,104.80021102294397,103.56999783341652,102.28564798287233,99.6592598484994,91.04600477649547,89.99853774277304,89.07136060944367,75.43601244701877,65.25586741509512,64.51928505230858,64.21275850041832,57.09845894068359,56.82411633293425,28.834668801114425,28.65882280751539,28.55125443156474,51.693063940308036,74.33960103166972,74.08571204770018
wind_offshore,BG,2.4575494692610522e-09,5.741712969836812e-09,8.385290781122978e-09,1.0700037792783807e-08,1.2927149533026923e-08,1.504592307790453e-08,1.7275192597880584e-08,1.9558002491458845e-08,2.1905550130959896e-08,2.4329611648236285e-08,2.684282147810096e-08,2.961135511205227e-08,3.253495578158686e-08,3.563520785238819e-08,3.8936434472204256e-08,4.246646961255782e-08,4.6360285585833954e-08,5.0568007778055447e-08,5.513891547920051e-08,6.013474474932533e-08,6.563360632544684e-08,7.212925426344671e-08,7.941433944601667e-08,8.766401648954007e-08,9.718761403909183e-08,1.0651397691678189e-07,1.1826868914377232e-07,1.3484727757645332e-07,1.601316761165694e-07,2.1111966483985267e-07
wind_offshore,CH,0.0,0.0,0.0,0.0,0.0,0.0,0.0,0.0,0.0,0.0,0.0,0.0,0.0,0.0,0.0,0.0,0.0,0.0,0.0,0.0,0.0,0.0,0.0,0.0,0.0,0.0,0.0,0.0,0.0,0.0
wind_offshore,CZ,0.0,0.0,0.0,0.0,0.0,0.0,0.0,0.0,0.0,0.0,0.0,0.0,0.0,0.0,0.0,0.0,0.0,0.0,0.0,0.0,0.0,0.0,0.0,0.0,0.0,0.0,0.0,0.0,0.0,0.0
wind_offshore,DE,420.0281625570084,420.0281620412362,420.0281619997586,411.73469056021304,403.4412190227635,395.1477473677318,389.1093808492784,383.07101409319165,377.03264646130486,370.7769589461509,364.74212834370803,360.1163931143785,355.01669309766623,350.07288021956134,344.9007563268632,337.86993784663974,332.23561470138304,328.61619703143987,307.8811760878207,280.9691471015726,183.4473935605425,717.1872799778378,628.5887542880877,606.381545829627,582.2875994913359,706.7806035092744,1057.1085760528827,1125.899511370335,1121.833749252008,1117.9891143381153
wind_offshore,DK,92.59276424018907,125.58503698977314,125.58502684926138,123.10802091082871,120.64183010903203,118.32761762536852,114.52150450221035,104.82319598762454,92.5433246526965,91.22782780138046,89.84319927249439,88.74450389601522,87.65891143519623,86.33308003232787,74.4526425529038,64.317559226729,63.50170401167427,62.846342393103214,44.92218889578393,44.29222963783371,43.535143396516645,43.31250293239967,43.10528296871923,41.74257022158448,24.838313018529508,24.441294435219515,24.358789036734887,24.276287443029496,24.19376827576759,24.00540658745425
wind_offshore,EE,2.2417653759945027e-09,5.295103032331369e-09,7.75282755271766e-09,9.911273121855246e-09,1.1984692763584431e-08,1.3977230799194853e-08,1.608035909765187e-08,1.8241697526635e-08,2.0474202614361897e-08,2.2790158662488256e-08,2.5202380374662335e-08,2.7868254904701548e-08,3.069548540220671e-08,3.370642092811544e-08,3.692649629764814e-08,4.0384963566471216e-08,4.421321812266467e-08,4.836803664776187e-08,5.290180662664038e-08,5.787952537315907e-08,6.338304900895115e-08,6.989542848547031e-08,7.722388502722537e-08,8.558030263439569e-08,9.52789324180114e-08,1.0496407582176468e-07,1.1715922824686597e-07,1.343071310204876e-07,1.6049852832512647e-07,2.137294945208347e-07
wind_offshore,EL,3.1065003277046487e-09,6.792058881202099e-09,9.499633345089248e-09,1.1644055838172666e-08,1.3553266890427876e-08,1.5318587148686827e-08,1.7095951221928628e-08,1.883625353462222e-08,2.0557315609587127e-08,2.2276902900771705e-08,2.401213535192595e-08,2.5912783966020727e-08,2.788867177449308e-08,2.996054721901822e-08,3.215138223107236e-08,3.448719487998606e-08,3.7080549162216826e-08,3.9892898849456447e-08,4.296769112542538e-08,4.635370399827301e-08,5.011206170320892e-08,5.461976183199659e-08,5.971814951949678e-08,6.555520533764737e-08,7.2325998246871e-08,7.787054799801237e-08,8.52476868124182e-08,9.673506070729209e-08,1.1483135215667429e-07,1.510854119351209e-07
wind_offshore,ES,0.2494516142827404,0.2494516151789799,0.24945161613766167,0.24476159943714748,0.2400715827668109,0.235381566124257,0.23175582118564905,0.22813007631787102,0.22450433152445137,0.2208785868121138,0.2172528421906308,0.21471236440845334,0.21217188676100696,0.2096314092660837,0.20709093194539838,0.20455045482553846,0.2024934037775835,0.20043635301432958,0.19837930260272998,0.19632225264153297,0.19426520325483654,0.19334749041998972,0.19242977866390085,0.19151206844146534,6.643979278977961e-08,7.823687548392793e-08,9.271855885768641e-08,1.1133348879533686e-07,1.3829791957011462e-07,1.9126544281643642e-07
wind_offshore,FI,2.424199786030351,2.4241993420168306,2.4241995962710563,2.3763146417577268,2.328431609576904,2.2830079867659014,2.248129575634117,2.2132501207051254,2.178370746772815,2.1467873333981258,2.108594745722322,2.0837848610379037,2.0589741197848395,2.0341613496280293,2.007167819040411,1.879371579530414,1.854358609756532,1.8343337275399327,1.815204457885709,1.7960751169497033,1.77446590825774,1.760362209195319,7.444715001780509e-06,8.423269381866652e-06,9.137626450065161e-06,9.676464323298953e-06,1.049730025045768e-05,1.1567291148099632e-05,1.2954242942481958e-05,1.5152323325817962e-05
wind_offshore,FR,0.11288502445203405,0.1128850065648167,0.11288504040329043,0.11062136702087315,0.10835771311671778,0.10609405891570055,0.1044770629129514,0.10286006260664392,0.10124307413045856,0.09962608089791013,0.09800908633590198,0.09685367544011136,0.09569827654981024,0.09454284554897063,0.09338690065924869,0.09199641279194043,0.09092002124277548,0.08981940726229339,0.08887692444928139,0.0869852410736115,0.08585416433104558,0.084571560116153,0.08356468337377951,3.62285979005058e-05,4.261864419527144e-05,4.774629912017827e-05,5.088559278513568e-05,5.394926334486529e-05,5.733045050849993e-05,6.19516175123174e-05
wind_offshore,HR,2.001980598716786e-09,4.693397351869345e-09,6.795501582893261e-09,8.579074432465475e-09,1.0246743507788162e-08,1.1843403883981907e-08,1.3489449340010534e-08,1.5183295002403683e-08,1.6934452864574778e-08,1.875735835052709e-08,2.066702525419283e-08,2.2795612471104144e-08,2.5069309278870358e-08,2.7508117364679356e-08,3.0134727408963455e-08,3.2975613507909367e-08,3.614091945248402e-08,3.959928680415036e-08,4.3396143656112035e-08,4.7619699355881765e-08,5.23620024113657e-08,5.80527746203377e-08,6.458342402918226e-08,7.216857250331497e-08,8.104422313645217e-08,9.047575212577362e-08,1.0225811850928158e-07,1.18850565227154e-07,1.4447819734361737e-07,1.9848896850011572e-07
wind_offshore,HU,0.0,0.0,0.0,0.0,0.0,0.0,0.0,0.0,0.0,0.0,0.0,0.0,0.0,0.0,0.0,0.0,0.0,0.0,0.0,0.0,0.0,0.0,0.0,0.0,0.0,0.0,0.0,0.0,0.0,0.0
wind_offshore,IE,1.3449648684481095,1.3458050093352254,1.3458052431824252,1.3195477445477064,1.2953996067678109,1.2690487190359923,1.2494694195381555,1.224697144988958,1.2037261300887117,0.0,0.0,0.0,0.0,0.0,0.0,0.0,0.0,0.0,0.0,0.0,0.0,0.0,0.0,0.0,0.0,0.0,0.0,0.0,0.0,0.0
wind_offshore,IT,2.0060885059209824e-09,4.702361411002117e-09,6.808707433089464e-09,8.597746856933744e-09,1.0271116600638344e-08,1.187264452204524e-08,1.3526034469064341e-08,1.522727016626983e-08,1.698613554707917e-08,1.8817260787964353e-08,2.0735718585529654e-08,2.2874046051146465e-08,2.51581010494182e-08,2.7607852988341386e-08,3.024597390963709e-08,3.3098936391109294e-08,3.627721688497025e-08,3.974929797048586e-08,4.3560853402694887e-08,4.779706747599376e-08,5.255247406834917e-08,5.825780339314503e-08,6.480361064049886e-08,7.240524330135855e-08,8.129957748905487e-08,9.074266047683178e-08,1.0253504116166783e-07,1.191310337157065e-07,1.44753432958276e-07,1.987038014628361e-07
wind_offshore,LT,2.1111872205259877e-09,4.9410704366855275e-09,7.1909662455453715e-09,9.151219011122544e-09,1.1005335030016273e-08,1.276876240522027e-08,1.463505249511244e-08,1.6553887602120624e-08,1.8541053237659188e-08,2.06127866009372e-08,2.278289029427031e-08,2.5194027530484535e-08,2.7761528479594878e-08,3.050487909636074e-08,3.344687105455396e-08,3.661420478748146e-08,4.012653139767512e-08,4.394621083876717e-08,4.8122833357243825e-08,5.2717435945161236e-08,5.7803874486173405e-08,6.38507980379196e-08,7.072321700370115e-08,7.864726373216295e-08,8.792296546211967e-08,9.745095537972344e-08,1.0931772403482358e-07,1.259144227982439e-07,1.5147727106707093e-07,2.046356560638058e-07
wind_offshore,LU,0.0,0.0,0.0,0.0,0.0,0.0,0.0,0.0,0.0,0.0,0.0,0.0,0.0,0.0,0.0,0.0,0.0,0.0,0.0,0.0,0.0,0.0,0.0,0.0,0.0,0.0,0.0,0.0,0.0,0.0
wind_offshore,LV,1.6892301620442589e-09,4.026346322642669e-09,5.849305393857253e-09,7.378712672175404e-09,8.773772431769595e-09,1.0123382475817448e-08,1.1521809263651301e-08,1.2935049162050593e-08,1.4374484518778468e-08,1.5854388117076324e-08,1.739005008651714e-08,1.909566687745156e-08,2.0912435121437316e-08,2.2861310261796194e-08,2.4965946759778997e-08,2.7253789670188825e-08,2.982231387459302e-08,3.265401058545741e-08,3.579878091468478e-08,3.9318148624754385e-08,4.3288149026845354e-08,4.8058138590808416e-08,5.352192736229813e-08,5.997161829152199e-08,6.774898851824793e-08,7.614937452385807e-08,8.652310861455042e-08,1.0124281411646294e-07,1.2416728540585703e-07,1.732560505518982e-07
wind_offshore,NL,100.27296464847235,161.46392726862283,161.46599119210524,158.29691447609125,155.24643880516774,152.07227015663176,149.74638759102623,147.42050104026842,144.3939301213487,142.02405013380428,139.74085418868114,137.85194010638426,131.28628152182813,124.29842657447287,122.78424942256481,121.27007334057704,120.02712092158372,118.79851262976966,117.41109589366087,115.72582181125263,108.75669772640248,102.0556774425712,76.73399438285166,76.36617094687,75.96256623682568,75.45196003639217,75.09314880971587,74.83977714013544,74.58638637683161,74.33300885598402
wind_offshore,NO,0.12941566389487147,0.3335455049841079,0.3335456586149747,0.32728165987782,0.3205764912038448,0.3138759147251672,0.3091078919385853,0.30629953229438545,0.30149765890059266,0.2966909081689109,0.2918806806678328,0.2879063391228342,0.28447064266214506,0.28103226679638194,0.1690296032712389,0.1669359694269568,0.16521879781494592,0.16350266847473166,0.16178621595350082,0.1600695521665252,0.1575587372071411,0.15531106199343675,0.15456407597981733,0.1533184296307352,0.15239193343825658,0.1512840080625805,0.15008956822777111,0.14927896691199838,0.148766619166492,0.1482676906797232
wind_offshore,PL,1.7581424589011043e-09,4.1912165291571195e-09,6.08398029210779e-09,7.668973823772344e-09,9.117787217175412e-09,1.0517457888376216e-08,1.1962512491995493e-08,1.3418843244344053e-08,1.4900310436765454e-08,1.6422884035501232e-08,1.8019228967700623e-08,1.9801356757675654e-08,2.1702500308928998e-08,2.3738861536250653e-08,2.5928609705716433e-08,2.8297481457483404e-08,3.095876337179509e-08,3.389277222853305e-08,3.715065355263e-08,4.079661702614065e-08,4.491125067306735e-08,4.986043906128597e-08,5.553841462990501e-08,6.215986611858797e-08,7.014813573745081e-08,7.871181411363882e-08,8.928916394001503e-08,1.0435551266273016e-07,1.2795318206395287e-07,1.79039956236207e-07
wind_offshore,PT,1.257236131995648,1.257236131995648,1.257236131995648,1.233598443035213,1.2099607540747774,1.1863230651143424,1.1680493052356353,1.149775545356928,1.1315017854782208,1.1132280255995135,1.0949542657224192,1.0821502498609152,1.069346234001024,1.0565422181411328,1.0437382022812416,1.0309341864213504,1.0205666365224961,1.0101990866236417,0.9998315367247872,0.9894639868259327,0.9790964369270785,0.9744711382893312,0.9698458396499713,0.9652205410106113,0.9605952423712513,0.955969943733504,0.9528145900003583,0.9496592362688255,0.9465038825356801,0.9433485288025344
wind_offshore,RO,1.875276316416819e-09,4.443085292558742e-09,6.435927766770303e-09,8.1053138644177e-09,9.644702454363679e-09,1.1127257139095828e-08,1.2648766238566182e-08,1.4177367420970272e-08,1.5756108167490297e-08,1.7399638326367777e-08,1.911893739526982e-08,2.103523722599567e-08,2.308062731560301e-08,2.5274818836241908e-08,2.7639525543514426e-08,3.0198858017456964e-08,3.305142953824141e-08,3.6186137823268364e-08,3.9662857380170807e-08,4.354920056659178e-08,4.793278882422649e-08,5.3209479812173367e-08,5.927636600042866e-08,6.631343765659374e-08,7.471305214099786e-08,8.368385310964314e-08,9.483632439638594e-08,1.1076957095875713e-07,1.357123687223761e-07,1.895276143112114e-07
wind_offshore,SE,10.80215022713556,10.802149695594489,10.802149933757606,10.585545821413548,10.368941522342391,10.15234555901814,10.019748339832907,9.884339819645382,9.72901862949842,9.573691722602529,9.418360066082645,9.288729982815168,9.177905733864597,3.8371617374027838,3.781863400395045,2.351710275333781,2.327549527954588,2.303389230306569,0.1340683210451501,0.13264666710290265,0.13091297628123744,0.12968447846419257,0.12880274565028485,41.50856201905934,159.79416840672317,163.2260869273438,162.6077120819991,161.8302259142795,162.31116519743796,168.70977618200303
wind_offshore,SI,0.0,0.0,0.0,0.0,0.0,0.0,0.0,0.0,0.0,0.0,0.0,0.0,0.0,0.0,0.0,0.0,0.0,0.0,0.0,0.0,0.0,0.0,0.0,0.0,0.0,0.0,0.0,0.0,0.0,0.0
wind_offshore,SK,0.0,0.0,0.0,0.0,0.0,0.0,0.0,0.0,0.0,0.0,0.0,0.0,0.0,0.0,0.0,0.0,0.0,0.0,0.0,0.0,0.0,0.0,0.0,0.0,0.0,0.0,0.0,0.0,0.0,0.0
wind_offshore,UK,570.1385022193,572.3642666613047,572.5483477065079,561.1684492176458,550.67018984314,539.6454538991724,531.15268784583,522.0026018849907,510.34501203885105,499.4558960225609,487.2464672143865,476.25972259934184,465.010768016712,458.7021748928548,439.39361450655434,404.62140990329624,391.5297716122845,337.57126307164805,292.24744877280307,271.74611793678105,223.07036069501174,221.2038271933041,190.28729904141525,103.65258492578069,23.352460398074168,23.21277978787292,23.134983949422256,23.05718926837652,22.978991358533843,22.871359614616193
wind_onshore,AT,241.30906132515764,245.4263187641617,245.42631874266004,244.43743696478276,243.44855528400163,242.4596735260767,240.87612134852327,239.29256912753343,237.70901691242108,236.125464660043,234.54191227887196,232.93649305549712,231.3310738027399,229.72564686527832,228.03238023709142,226.13460313473792,224.54104707381646,222.91725597144088,221.25949551856078,219.76753525473814,217.84741797122715,216.398018789414,215.28010986798418,214.16219222933887,213.04427523529566,211.92636778616045,210.986567065895,209.99021984686408,208.92588360092236,207.84251658440178
wind_onshore,BE,174.94768679854292,179.38617485205864,179.38617488673145,178.66500579311526,177.94383670420387,177.222667493016,176.0669741117304,174.91128070397232,173.75558727805267,172.59989382773063,171.44420021604415,170.2687461056427,169.09329199718664,167.91783788515707,166.7423813814717,165.56692026046576,164.4672823397419,163.16188360442194,162.05354732946688,160.91698877893714,159.79431127505427,158.75177481215178,157.93093691374162,157.04435862457223,156.22801648627998,155.4176023472504,154.66932093406163,153.95814636667495,153.2728557858924,152.60058527064209
wind_onshore,BG,19.16544153976687,19.16544166252802,19.165441893812847,19.08867856521691,19.01191830674099,23.546399057553415,32.6163167850052,33.65408310961305,41.985981128726664,286.78095495556164,284.82963654266695,282.7378628688845,281.90175467325685,278.98022207357,296.9462207994249,300.4806841465988,303.74768972785984,300.15385781630914,295.93636107394707,291.8809785248764,293.34878965434115,311.04907833880486,308.89914465311654,307.1386247767191,305.15133446595206,303.3894930486764,302.05112749392424,300.67635612342775,303.0433219044295,312.0687028756736
wind_onshore,CH,1.9097119269837972,1.9097119808134817,1.9097120426203955,1.9020722091082072,1.8944324242319137,1.8867926525546648,1.8745303069235657,1.862269653516528,19.135028601705898,18.995640040487768,18.788840954142238,18.659560889500078,18.508832606038364,18.33898115356253,49.05689316999151,65.82725608940272,112.1459439455466,125.2654932494637,143.10944411967975,208.53890011553113,236.62053874031108,382.49779651472795,381.25388215173473,379.87692549920536,435.7626167644215,488.86776639178873,490.95940244874384,488.6599768546856,488.3645581147493,491.3999658298471
wind_onshore,CZ,411.8720488176062,411.8622135412201,411.86255118786886,410.2097131201963,408.5647271819929,406.9131812493548,404.22782593588084,401.4978986979427,398.69140006655357,400.2021862109566,397.2831315831629,412.4575935125717,425.2001365840318,460.4477981988021,531.2381116850862,549.8164269350914,588.6629493532555,594.3410116570702,624.7810096690142,630.2778531512951,725.9257980975242,914.6898734718737,910.0000631958585,922.093096617073,994.8197245814448,990.0548479784277,985.3671548374863,1018.3801489895981,1017.3163170905292,1014.6376059160515
wind_onshore,DE,1172.1609137192822,1211.6444007408877,1205.8594389506754,1191.4907775173783,1159.196635182927,1122.70665672304,1056.5029501695321,987.3791750025749,916.7356563308197,867.829905845884,871.0187083515045,963.1843212848657,1041.1675786000146,1318.6729699326804,1475.0400814900204,1515.073170408438,1545.3882568083245,1596.1058391500171,1663.6582410687095,1734.6719872193837,1965.1167400658628,2055.4176337035424,2044.8408518547888,2034.0996530350276,2022.6340691615671,2012.0958928447576,2002.9184672239423,1993.8181038088348,1984.7240876219046,1975.7453762575603
wind_onshore,DK,297.888556627484,300.19384054385085,300.1938405638355,298.68765557375303,296.962826480053,295.04158080276375,292.79486871938906,289.67655388971804,287.7255433412215,285.8111617636842,283.73839358548014,297.9908599540848,297.2707631224877,294.09220990340737,290.7207791631462,285.5618741718266,279.76685856193114,273.9817784921929,265.0896588754665,275.2138402406472,379.6782517522531,395.3495954522585,399.7813136414648,403.0977736905928,419.7302114336011,466.1072598926144,463.9882808025989,461.7391591346142,496.49424194568866,536.7424692467721
wind_onshore,EE,17.039832615260718,17.039832580217194,17.039832621207267,16.97135604449262,16.902879502577143,16.834403045128518,16.72465375547537,21.380642320233935,24.890394546036443,24.72671415615001,26.221747581632727,26.04192115367085,25.314656523039766,24.71157027498837,23.227399491570214,24.27347244336528,38.57656269472711,38.821062813452095,38.35069483075631,38.03160911248822,38.370848384800304,133.36972910074286,132.67646367335126,133.82840187038835,145.64757435380886,149.55427654436423,155.40785090890202,165.22382460838057,167.55487344210022,166.819344844726
wind_onshore,EL,426.7851011128409,434.79528460947034,434.79564007411096,432.82529459492594,430.55230501097867,426.7460329554482,419.98933231162994,421.9654231114432,422.00951284303574,437.2001932053497,441.11691841452694,447.8813798883976,447.8739713970855,461.26914525812,485.61978477908747,485.09630040917824,490.5505960737722,506.124460393791,510.2327768115855,517.198647369058,535.7700983600016,537.1071185020876,550.2579917818314,547.6750416683981,544.2557929434806,541.6661948488277,539.2536997588901,536.8440017121294,535.1730406503026,543.7553736339011
wind_onshore,ES,1218.3761851714737,1230.444726814995,1225.4136585133504,1214.480171953594,1200.7584317323706,1176.8462707353654,1147.704841940402,1117.924122946696,1134.8557442161964,1190.397064813609,1320.1746774598384,1341.9581029013302,1387.5636543116534,1404.2833127751103,1428.4459692083371,1394.4053044073044,1402.2742492107818,1478.7695874852257,1675.6256357037944,1769.4792504552604,1803.6699904860488,1805.2983262336559,1794.2560623028191,1894.2616499966848,1931.6437126771575,1915.6038527883297,1906.5239813962942,1897.5307812507108,1909.4574164803807,1921.0820063982035
wind_onshore,FI,405.1504129549981,420.03342149128144,420.0334215826433,418.3346645328803,416.46655515755816,414.7684886588106,412.0525815578185,412.0878273710014,429.33113446535555,426.46354430731344,502.3458946910485,523.7995121544307,549.6982232920099,565.5254843430686,632.384443457615,631.937434249744,633.4626708304553,629.2574084200022,625.0082539968323,618.2676023627607,612.1887018250283,613.5117465263586,610.3590639485811,607.2063812261051,604.0638644005763,600.9139615325494,598.2657892579233,595.6183195419256,592.9667421155029,590.3156449508105
wind_onshore,FR,560.5166614749791,586.1016214257938,586.1016228702644,583.5792920091703,581.1262380782147,626.7436285210015,645.5251346253226,943.6458843143447,1001.0628469867818,1050.5416885920217,1142.9740399628492,1228.6173705774293,1269.451015399405,1352.4154507032824,1407.3820962696493,1919.7745193505407,2131.226173971305,2100.107949405237,2218.741265403145,2733.802337570392,3006.4478555378614,3461.5413509560435,3765.017914284792,3992.180102963768,3940.42373651241,4175.969546394256,4323.041620050745,4306.393055923579,4293.59570783215,4279.686979457228
wind_onshore,HR,12.671268811380271,21.14594383259454,21.14594383350595,21.061764877414852,20.97758595259104,20.893407030259503,20.758073467515068,20.622739877426998,20.487406304087827,20.352072712314207,20.093728681307123,19.72694244921523,19.589775409624107,19.45260867838918,19.12406239056263,18.15691530804647,24.70682539389284,38.68229995998752,44.90698930694621,47.48603796122971,54.14430256138948,82.23692918595174,95.31583077772491,104.34780451702613,116.5101424062704,121.08963919104461,120.54893596819942,121.8598004110956,124.91487095532607,135.3418157227287
wind_onshore,HU,570.2971056834707,570.291497517041,570.2914973540151,567.9975368319136,565.7175288710257,563.4433266305726,559.758440020857,556.0390454567256,552.3692903568053,552.8359819849014,589.85667301984,603.2397768410825,628.7646247076839,623.0427714659104,620.5910168113464,666.644406262831,674.9185152404203,686.5342456839453,806.1922071491534,817.3032292859747,840.4181076762558,836.1993598104721,834.9044108398621,830.4558518831828,825.9204494994531,821.6617063121447,825.9875285294113,822.1500504731034,824.5133395268684,822.1234772343475
wind_onshore,IE,294.74601983318917,295.2558086663172,294.2680619211886,292.76434025099513,291.3898332646691,303.7959713814844,301.86423005433227,302.24054881060516,305.4593849996906,302.36962655457484,296.80644392322745,295.92014668133163,321.81370670947257,329.8131936739133,332.71177665124793,332.27252828067384,330.9524265621991,328.87251006169106,325.61155011257546,323.4375426875505,326.1774497114427,331.03804090223184,328.99907075240293,327.13517661362255,347.24432685503757,372.5693885023693,370.80787275469066,372.4843867646252,370.7948792684173,369.1559148260459
wind_onshore,IT,1491.5533999845643,1502.1801805526857,1502.1805443665667,1496.17907239743,1489.7322680070297,1478.5084238664951,1465.6780404823078,1454.9680975938588,1596.873129519714,1745.1618502362403,1960.5501659901868,2131.001085892068,2462.2796892540764,2710.463226805505,2852.631029164458,3129.0636206713707,3246.0875332706846,3228.4467257149704,3283.791668347303,3258.491736053841,3322.154038408766,3383.818240914036,3366.9260504531558,3341.596888347125,3326.2606032979575,3311.47744739938,3297.294712245078,3306.863543438155,3293.2726903935927,3287.1307438582926
wind_onshore,LT,188.20974137926697,189.74198991325008,189.7420940317458,188.97704827788863,188.21667310808814,187.4712307060542,186.24916884850543,188.51994850210627,190.61312496398756,190.1596217803632,188.86654663847935,189.90340344480592,191.6199362829177,218.63695114331384,220.9190991386949,240.02267971680848,241.32038537349518,246.12040559133777,249.5259666644492,249.5554324858028,250.9373482480224,357.8897286068067,361.8815725617595,365.3079840446082,363.9679645434684,361.0957487911969,359.514803378828,384.6785267858,386.11624403178126,393.1226754685344
wind_onshore,LU,3.0312952504643143,3.12850881319488,3.128508853586447,3.1159261562858926,2.993762153793103,2.981623780079778,2.962174433237565,2.9168739163520208,2.8975954318247275,2.8528074962264856,2.8336998772990083,2.8142776982263653,2.7948555282208507,2.609982821854772,2.468498876694613,2.4184733035457757,2.4024103838843462,1.877286607430469,1.864650555120796,1.8491453125063282,1.8365247280097567,3.446081579907307,3.4120856164811584,11.60324689742579,11.547284598478996,11.466481059782158,11.409063142825731,11.364756460093703,11.313890269182824,11.322714553419297
wind_onshore,LV,1.0676929416245164,1.0411650929031075,1.0411647682864036,1.0369769727318785,1.032788014692811,0.9718147627058676,0.9654738546587893,0.48925850467770066,0.4860255430005683,0.48278904069579964,0.4795386089867542,0.47626640613877436,0.4729746936069041,0.4282878719003093,0.42528907434685914,0.4222784728450877,0.41946722876451514,1.8789591346821783e-05,2.151591357432825e-05,2.4014908492434382e-05,2.812375370563734e-05,0.000389743678628264,0.00040365726089643144,0.0012445219675745166,0.0012661112713768274,0.0012613493648285965,0.0012577814431835109,0.001248799268835038,0.0012455163907922485,0.0012425946988387589
wind_onshore,NL,539.8607168927803,555.1446888303684,554.1910486348017,551.4354564306892,549.0906834682557,545.7764390205595,541.997670746872,548.9843938989385,664.8705553425646,688.4621466084259,693.1993483755066,816.5022734029369,837.0120340701908,842.8707214369994,837.8189768471758,830.9309372382203,833.446475896901,825.7718767193014,824.6333689880696,847.6302043946807,841.8723494673026,899.1343339304444,944.2753904974401,939.161617072498,933.9027865088832,929.5257293507667,925.1196742323934,920.9768859735835,916.8256266895926,912.7179847673266
wind_onshore,NO,614.4098266386428,627.0883932869646,627.0883929832879,624.483354004658,621.8789814878703,619.3571637615719,615.316644021288,636.6080666731057,694.505947595287,728.4079476792057,780.0026063590213,790.4669645455718,789.2036744379601,817.728967916296,834.1503470993134,851.2200500761633,872.2705061864706,862.7689406343134,864.9557861968972,881.0960378913571,901.5438454184447,1076.7177395148155,1130.173307628934,1149.475482705511,1137.2213436817851,1153.6698033932676,1156.0958746808842,1183.660227254141,1181.0533004491851,1194.018343831145
wind_onshore,PL,1591.8364874490333,1607.6243690066658,1607.6180750139301,1601.2017422604338,1594.7528841361302,1588.341555311861,1577.702671880325,1567.302080874994,1575.2148611795708,1618.7513204128427,1628.8056524616202,1642.7621775985979,1657.2001907342524,1649.4997391443346,1685.617253661997,1673.4387303957606,1686.4899580307933,1695.9019705746725,1810.4589424518304,1821.1992873701658,1983.267961016697,1979.9938666199569,1969.7405895454842,1959.4011562755234,1948.6500479323447,1938.3295575145657,1929.6602985812303,1920.6965497209587,1911.865527715016,1903.1144148356507
wind_onshore,PT,263.11959828569724,266.2045020267048,266.20458810262596,265.1187188870275,263.83082566004634,261.98100291509905,259.8324052036966,255.41089135854986,252.0865812322135,245.36716972058636,236.58092712653416,231.96978868184766,235.14977216995052,222.58428140435774,204.43873117978015,192.79446887782711,183.15550702282587,179.0786871618904,172.4437273598235,166.95787966079664,163.1713272458739,169.15677923581416,184.7881279827792,192.14465683494956,190.18975366231604,193.50226606961073,195.4237539645802,194.69753413692848,193.88886555979403,193.08044693279936
wind_onshore,RO,68.25761438773766,68.25761579948134,73.59293153320473,73.29775932080574,73.00258728579914,72.70741564927268,81.66089679165596,139.98800394108403,168.02837029994504,166.91258500205245,183.72322674732402,191.69490519097553,212.5938139930408,265.4953426846711,266.10100958675827,261.2492541265998,295.3114445146002,313.49573230712076,318.0086087571056,326.8648118914581,369.52294143657787,407.9477718995379,411.3320753499167,412.0317170787777,429.3248730683481,441.46052859060234,451.6456517701936,449.6349873616147,447.6143631287921,446.4441710087174
wind_onshore,SE,203.68846359788736,234.3842611407677,234.38426114604295,233.38012013741695,232.42345477283817,230.94494043995903,228.92784243525588,226.51176268670832,223.48329762840496,220.9960925271136,219.07027863709254,215.30963405185847,209.7006770907676,204.61651624783465,196.315766499759,182.81446681523013,170.67872916402663,155.84085617087646,142.61531695417176,122.20143762189599,106.71632730993583,94.0053008939471,89.80528683613873,79.65199504256145,64.33331786317774,63.9958127190753,63.71206715717632,63.42832159768871,63.144574051807844,62.86082818717434
wind_onshore,SI,0.06725464394579757,0.06725462475900208,0.06725461988089132,0.06698878230003481,0.06672118439777276,0.06645534073636429,0.06602816808714465,0.06559977750485434,0.06517009380543524,0.06474160900291816,0.06431300178728591,0.06386253404769544,0.06341592694383819,0.06296926262222353,0.06251357267500768,0.06206681255889327,0.06164970535539906,0.06123276161862243,0.06080509485315509,0.06037821546659914,0.05995909628746553,0.05964425842104891,0.05933705395111135,0.05902261838948712,4.866505356355902e-06,5.501183110410083e-06,5.776028748241856e-06,6.07731616043761e-06,6.4750112320098086e-06,7.080642325418332e-06
wind_onshore,SK,0.10971146294657959,0.10971128250982583,0.10971114645440297,0.10927372505009231,0.10883632031131255,0.1083989018794765,0.10769703592590625,0.1069896643419372,0.052098600679938496,0.04139949397382166,3.910838710123396e-06,4.3348372023704105e-06,4.61767584319962e-06,4.856456077119687e-06,5.101269209084684e-06,5.349174343525125e-06,5.6232260783579914e-06,5.981134851424e-06,6.469834728294002e-06,7.110174954518358e-06,7.887168510689656e-06,8.761805717079724e-06,9.624280503412344e-06,1.0606096595066243e-05,1.1932276057720673e-05,1.3057476820864994e-05,1.4374440677962173e-05,1.636533168890815e-05,1.87769470054302e-05,2.1949358525117058e-05
wind_onshore,UK,1677.8122322881152,1687.957256156283,1686.7483998152097,1679.6322191171603,1672.1988242642308,1693.9834557831705,1756.4811103337854,1889.041504636059,1975.9876278848446,2012.4202784932688,2040.858735734664,2155.840520899377,2217.5902553458386,2321.552700367281,2355.699695919501,2366.995974078713,2412.7225273102713,2429.418039903673,2484.4188523838943,2515.493987564241,2709.2567676467847,2709.306587346824,2781.1215591866053,2913.571221371187,3102.54202153778,3182.790423735835,3185.9935772762124,3187.2080683539775,3188.7903963886947,3174.720604031931
