technology,capacity_type,location,0,1,2,3,4,5,6,7,8,9
DAC,power,AT,5.038510377385616e-10,1.483100889663891e-10,1.0715095496042492e-10,1.1731210347351325e-10,1.3719261857877395e-10,2.0685106874572742e-10,6.669473867123089e-10,4.010611432005375e-10,5.058684935005134e-10,4.275294903884839e-09
DAC,power,BE,5.058580243884016e-10,1.5250695794040897e-10,1.0269816328497526e-10,9.806256772095417e-11,1.5303209766126168e-10,2.1996070124538245e-10,6.765986963902132e-10,4.397381554694853e-10,5.776872031160989e-10,4.400804286243818e-09
DAC,power,BG,5.07763220839612e-10,1.466027973534259e-10,1.5103099274617233e-10,1.5505896164660754e-10,1.793418676435113e-10,1.3935643395505276e-10,7.149181927359715e-10,4.986939418373737e-10,5.84337097373588e-10,4.443271580781257e-09
DAC,power,CH,5.013967559485898e-10,1.477013049055858e-10,1.0510668261422273e-10,1.1400635654363434e-10,1.3065022016134321e-10,2.1326173982329715e-10,6.625036321812546e-10,4.2309407172262365e-10,5.469870542184072e-10,4.464798156115654e-09
DAC,power,CZ,5.050834874133682e-10,1.5220290725898798e-10,1.2858686539810245e-10,9.893806034518755e-11,1.367201179392417e-10,2.1621499628728085e-10,6.868682660801202e-10,4.773156567254702e-10,5.372587525970129e-10,4.269788454354517e-09
DAC,power,DE,5.081135285904738e-10,1.4880946089182886e-10,1.0009110635320738e-10,1.0380631673551336e-10,1.3195098272396993e-10,2.051255429661162e-10,6.837297011584147e-10,4.245347334266153e-10,4.763324358264959e-10,4.261770800068443e-09
DAC,power,DK,4.930456386809795e-10,1.3109451763324008e-10,1.2815577804781086e-10,1.4490869177898568e-10,1.761562008380905e-10,2.531825738165968e-10,7.041451302686512e-10,4.925799009625875e-10,5.905568540991503e-10,4.81706830233566e-09
DAC,power,EE,4.852726071162984e-10,1.3586397679985047e-10,9.986629350216057e-11,1.1089949259940186e-10,1.6022010310347978e-10,2.263072241303128e-10,6.618275783520332e-10,4.308162141218646e-10,6.147195680730524e-10,4.466913051335565e-09
DAC,power,EL,5.045154766742919e-10,1.5221179970809684e-10,1.4494822391015387e-10,1.2778783851555178e-10,8.699666415052606e-11,1.8452440115096636e-10,7.053687045044332e-10,4.0936744394866574e-10,6.529011742094367e-10,4.315271730161473e-09
DAC,power,ES,4.924252138197245e-10,1.2047051953742792e-10,1.194436168018353e-10,1.383490634254673e-10,1.8648541682688682e-10,2.6146576106294307e-10,7.600492459379278e-10,4.416067118494628e-10,6.225772619346805e-10,5.012656333748506e-09
DAC,power,FI,5.000980855313286e-10,1.569669637193006e-10,1.0265383263172563e-10,1.274268487324071e-10,1.8471001084187002e-10,2.481580128810639e-10,7.591813111987089e-10,4.1796760935868357e-10,5.14008702885305e-10,4.4202036860410315e-09
DAC,power,FR,5.140021150340886e-10,1.589367709542789e-10,1.2779564082664111e-10,1.0092024769991363e-10,1.7723468501405587e-10,2.608665244748195e-10,7.498774950938038e-10,4.995746546925647e-10,6.691768985649748e-10,5.11744950921456e-09
DAC,power,HR,4.981866137232817e-10,1.5549900867103417e-10,1.2483323476589122e-10,9.98600168608552e-11,1.5308592369902303e-10,2.0929745106372977e-10,7.075061460800287e-10,4.72820124812042e-10,5.858020477235188e-10,4.387715442766862e-09
DAC,power,HU,5.136305124472128e-10,1.4800149952856838e-10,1.2633962017303808e-10,9.836190958779125e-11,1.6257320757853145e-10,2.2678655448034392e-10,7.38292806874468e-10,4.88990753466315e-10,5.817385979848035e-10,4.639914493029699e-09
DAC,power,IE,4.962847985583631e-10,1.259437478735192e-10,1.3184436561066856e-10,1.4894857045076505e-10,1.9238003320780532e-10,2.645610031792863e-10,8.591924437633642e-10,5.399216092104176e-10,6.941509296031232e-10,5.675887690898543e-09
DAC,power,IT,5.073481954196633e-10,1.3723256227819704e-10,8.317619351799356e-11,1.203791068585945e-10,1.6695889866254513e-10,2.2365255430274403e-10,7.158508525284567e-10,4.5298838423441244e-10,5.769040248304249e-10,4.536522452774555e-09
DAC,power,LT,5.085063267834063e-10,1.4678920090938962e-10,1.091571633939687e-10,1.1345673931459979e-10,1.7883262551708477e-10,2.6814216689030787e-10,7.499566134654224e-10,5.056171723792548e-10,5.837361323767157e-10,5.053563271777254e-09
DAC,power,LU,4.647883622656541e-10,1.9692971373693303e-10,1.366143043049933e-10,9.22289428529836e-11,1.3419004105437844e-10,2.131738413659148e-10,6.59569141630389e-10,5.150374159805506e-10,6.206818181065416e-10,4.44541603136544e-09
DAC,power,LV,5.101092218897874e-10,1.5602720141792665e-10,1.256886098926528e-10,9.76742478916617e-11,1.462401972296288e-10,2.386996640662312e-10,7.376019311788961e-10,4.6464028714083177e-10,5.894763435042403e-10,4.604496272228089e-09
DAC,power,NL,4.74196752411988e-10,1.506311212496266e-10,1.0759452225590978e-10,1.1511892252057994e-10,1.554096381066348e-10,2.0985741836132256e-10,6.609781833181336e-10,4.437872588235686e-10,5.194768338564979e-10,4.352874294687791e-09
DAC,power,NO,5.232126123136576e-10,1.6402285732820733e-10,1.3915946554504896e-10,1.558186668592294e-10,1.3189580366751205e-10,2.5090950908754493e-10,8.395687824449429e-10,5.325206138323039e-10,6.304778068179717e-10,5.036013479685871e-09
DAC,power,PL,5.104211609378096e-10,1.5474742891332847e-10,1.369269711602465e-10,1.391404435006104e-10,1.6783108951480033e-10,1.8828867380254715e-10,7.154891153681807e-10,4.5659622673516017e-10,5.402299861350053e-10,4.47664963747821e-09
DAC,power,PT,4.788230653421545e-10,1.291050422216719e-10,1.1962414489140202e-10,1.3756598153464038e-10,1.8084068202202788e-10,2.66082808049429e-10,7.076370286057358e-10,4.4150996715924204e-10,6.045423152009365e-10,4.718437059543866e-09
DAC,power,RO,4.783263565050627e-10,1.158246972214172e-10,1.164919778234968e-10,1.3300068661712063e-10,1.7012498321774782e-10,2.16561816252102e-10,6.962879276989329e-10,4.539735158678535e-10,5.778868179783228e-10,4.5421533562617675e-09
DAC,power,SE,5.073037860823312e-10,1.5444105288292297e-10,1.0314117457400342e-10,1.448486367035311e-10,2.0157460511357732e-10,2.779937952251487e-10,7.919837773400548e-10,4.6407300612557607e-10,5.31814387528064e-10,4.962952148116306e-09
DAC,power,SI,5.014066517614354e-10,1.5695737544877933e-10,1.416039423572797e-10,1.3338183761320491e-10,1.0496064341270288e-10,2.0193945253072009e-10,6.946853568674014e-10,4.4746063833925246e-10,4.994241046382161e-10,4.276934820481481e-09
DAC,power,SK,4.872848357614703e-10,1.351542058952198e-10,1.1377234058622694e-10,1.1827688485918944e-10,1.4807430741404228e-10,1.9945444216014867e-10,6.516372259913273e-10,4.067645884104754e-10,5.216383463503492e-10,4.10771708614631e-09
DAC,power,UK,5.110802834502126e-10,1.2117295020756388e-10,1.3874343889950356e-10,1.6288715229529885e-10,2.1607930371536907e-10,2.9880292045490107e-10,7.944890393971464e-10,5.056735661800166e-10,7.020198047282223e-10,5.811877460609657e-09
battery,energy,AT,2.0908590835068237e-07,1.1681598341027806e-09,9.973480850993901e-08,2.1828499666911414e-07,5.130542055283309e-07,4.212218060259661e-07,6.088093738246788e-07,1.6610423678569736e-06,2.4796562261664678e-06,1.5708210268799045e-05
battery,energy,BE,2.0477160027567575e-07,2.003385090611362e-09,9.918259793698995e-08,2.0571730303604102e-07,4.859483981036454e-07,3.766267417637796e-07,6.054644991183563e-07,1.5301119270536982e-06,1.6543115042162882e-06,1.3418649673955403e-05
battery,energy,BG,2.0399640216437699e-07,1.6568762159329654e-09,9.070324903159363e-08,2.0850392441729405e-07,4.966650458710462e-07,3.992946555423732e-07,7.00663384770933e-07,1.3823453488661628e-06,1.7062306114649201e-06,1.8783005571224156e-05
battery,energy,CH,2.071886858276703e-07,1.4402066169303983e-09,9.748823792375816e-08,2.3259094822828445e-07,5.085530835186124e-07,4.531571629919078e-07,6.19320950767955e-07,1.783580540362584e-06,2.7453837729117573e-06,1.702960362277026e-05
battery,energy,CZ,2.1238075587541113e-07,1.1370453441103223e-09,9.994868787731543e-08,2.1974141790822243e-07,5.123768173467131e-07,4.5728599794584736e-07,6.10558166244004e-07,2.203450761311591e-06,3.2438179719856324e-06,1.9845259422907998e-05
battery,energy,DE,2.0248641991217215e-07,1.425101885554673e-09,9.25499037484371e-08,2.0451396871130885e-07,4.985532592153744e-07,3.8974211489308543e-07,6.07771849858371e-07,1.5394256497140954e-06,2.396129136114369e-06,1.4239870946559878e-05
battery,energy,DK,2.1207293816845554e-07,1.3618086733681466e-09,9.517888504396338e-08,2.074500749103128e-07,5.048452677007427e-07,3.717526478965539e-07,6.96143712093682e-07,1.3178279131788373e-06,1.7155175911977884e-06,1.2995743000583068e-05
battery,energy,EE,2.1434722519494516e-07,1.0279094935213298e-09,9.484948557462042e-08,2.0226079925203624e-07,4.848617695366353e-07,3.5193587645060256e-07,6.264841972303288e-07,1.3319869354587472e-06,1.5210457052275063e-06,1.1397303918445794e-05
battery,energy,EL,2.084913610020667e-07,1.5583935082166314e-09,9.259489785331338e-08,2.0284872690358405e-07,4.855076565688153e-07,4.265736258965219e-07,9.100482818990661e-07,1.84385912203303e-06,2.6785307464245043e-06,2.3678205671096977e-05
battery,energy,ES,2.007144079264822e-07,1.6420463242127803e-09,8.528345385626332e-08,1.7650023072235927e-07,4.303146909366798e-07,3.34959462124987e-07,5.917501974458397e-07,1.1285691618751535e-06,1.978466800713402e-06,1.088112699485123e-05
battery,energy,FI,2.1181087469024004e-07,1.356846160500346e-09,9.395645476698018e-08,1.912769252503015e-07,4.739005540501307e-07,3.56212543329504e-07,5.472249764453248e-07,1.4889597844239509e-06,1.7210905658944756e-06,1.2429295270869501e-05
battery,energy,FR,2.0112712767094037e-07,2.5263585117793785e-09,9.593423984990474e-08,1.8543019986250852e-07,4.3191909811601787e-07,3.1205454342579023e-07,5.824007922077635e-07,1.239799207864454e-06,1.6621798645797845e-06,1.1277085258960205e-05
battery,energy,HR,2.0681259285391508e-07,1.2055609248168879e-09,8.844457327511761e-08,1.9950685001984045e-07,5.959275927039921e-07,4.2955151047170656e-07,6.56140070884007e-07,1.840026379278462e-06,2.160849946437072e-06,1.4511018974139367e-05
battery,energy,HU,2.0554191240671264e-07,1.5251251374756848e-09,9.26564602281391e-08,2.1318753067002729e-07,5.198939923739751e-07,4.755411557926535e-07,7.399689386304789e-07,1.759194811511015e-06,2.3597821504623467e-06,1.576535226209558e-05
battery,energy,IE,2.0714516031190868e-07,1.844983794704977e-09,1.0288426824450093e-07,1.941558944692587e-07,4.5406538866198054e-07,2.846572528728126e-07,5.635035197953247e-07,1.0408324692252921e-06,1.3096781977804019e-06,9.427025084662356e-06
battery,energy,IT,2.0505813538694982e-07,1.4809666447113422e-09,8.744665005569298e-08,2.0809867030528837e-07,5.26592763929545e-07,5.099012049003446e-07,5.752036803398079e-07,1.5694328303989909e-06,2.2541487207082075e-06,1.4417119014595375e-05
battery,energy,LT,2.1413886956108443e-07,1.310259865262757e-09,9.710399388552583e-08,2.0224951037444518e-07,4.811544861789666e-07,3.5838761242178407e-07,6.615900800866146e-07,1.259112300597562e-06,1.59917944687178e-06,1.1553941484458988e-05
battery,energy,LU,2.0263788687556374e-07,2.623801174058111e-09,9.733089622980376e-08,1.8754425686873153e-07,4.2956032454292477e-07,2.9698065520203377e-07,5.872317870332804e-07,1.338386696454111e-06,1.7937907561174164e-06,1.188061708746809e-05
battery,energy,LV,2.1415393779662248e-07,1.4459438458469895e-09,9.675808031781613e-08,2.032600926739092e-07,4.833591491732196e-07,3.5527927124282036e-07,6.646383171595483e-07,1.31182779390631e-06,1.6462741391006882e-06,1.2094197568873413e-05
battery,energy,NL,2.087062359473004e-07,1.7003817135749557e-09,1.0085612574902332e-07,2.1219989949162524e-07,5.003259393078759e-07,3.8956821962878867e-07,6.280257932156455e-07,1.483041317941539e-06,2.14273133564568e-06,1.4809164577707326e-05
battery,energy,NO,2.106607767268698e-07,1.2128473899953398e-09,9.259092547376703e-08,1.9456202731573302e-07,4.781775350746304e-07,3.2403179353656913e-07,5.750890615794244e-07,1.205658616260401e-06,1.5350000761486517e-06,1.0988714220186086e-05
battery,energy,PL,2.147581144892705e-07,1.184550976482339e-09,1.022970199577415e-07,2.1418042368251932e-07,5.353563383106032e-07,4.17333965521346e-07,7.488410185401337e-07,1.4967235621662632e-06,2.6733932647381623e-06,1.7165243393892764e-05
battery,energy,PT,2.0172448633549985e-07,1.6564762191785548e-09,8.648357458711874e-08,1.762509188394488e-07,4.313897653298874e-07,3.1231557286110885e-07,5.670563394921129e-07,9.438540513034242e-07,1.5052395245445249e-06,1.0135568110375633e-05
battery,energy,RO,2.0585145957489863e-07,1.4752564347419003e-09,9.442466187652734e-08,2.1448217250024695e-07,5.25789227668729e-07,4.272288366172471e-07,6.926071149717089e-07,2.1725290158613278e-06,3.3148012467695744e-06,1.812362931990376e-05
battery,energy,SE,2.1271729692990194e-07,1.2183744567284488e-09,9.378313665912523e-08,1.9703805011419165e-07,4.862416950516056e-07,3.3574664936271035e-07,6.451261966465139e-07,1.4139978241316282e-06,1.7934765355953381e-06,1.2968738540289419e-05
battery,energy,SI,2.0562879362313666e-07,1.4482563408834669e-09,8.873414145117276e-08,2.2658475021759962e-07,5.555098571598123e-07,4.427453090831186e-07,6.177870154487668e-07,2.121203698139362e-06,2.418804296977271e-06,1.738894397227615e-05
battery,energy,SK,2.1198244867106382e-07,1.32696516622093e-09,9.893247237629015e-08,2.2153987547229616e-07,5.250990348933885e-07,4.5893807506971585e-07,7.728965391209472e-07,2.103141859954676e-06,3.3710652318243286e-06,2.0825938211432136e-05
battery,energy,UK,2.0388803391202888e-07,2.3890671589330603e-09,9.71756522983478e-08,1.8816861737559737e-07,4.6327059955042276e-07,2.9455291179929467e-07,5.865560343300506e-07,1.1862029479273937e-06,1.3982680381524334e-06,1.0652107217294985e-05
battery,power,AT,1.0454295417534118e-07,5.840799170513903e-10,4.9867404254969506e-08,1.0914249833455707e-07,2.5652710276416544e-07,2.1061090301298305e-07,3.044046869123394e-07,8.305211839284868e-07,1.2398281130832339e-06,7.854105134399523e-06
battery,power,BE,1.0238580013783787e-07,1.001692545305681e-09,4.9591298968494977e-08,1.0285865151802051e-07,2.429741990518227e-07,1.883133708818898e-07,3.0273224955917813e-07,7.650559635268491e-07,8.271557521081441e-07,6.7093248369777015e-06
battery,power,BG,1.0199820108218849e-07,8.284381079664827e-10,4.5351624515796816e-08,1.0425196220864703e-07,2.483325229355231e-07,1.996473277711866e-07,3.503316923854665e-07,6.911726744330814e-07,8.531153057324601e-07,9.391502785612078e-06
battery,power,CH,1.0359434291383514e-07,7.201033084651991e-10,4.874411896187908e-08,1.1629547411414222e-07,2.542765417593062e-07,2.265785814959539e-07,3.096604753839775e-07,8.91790270181292e-07,1.3726918864558786e-06,8.51480181138513e-06
battery,power,CZ,1.0619037793770557e-07,5.685226720551612e-10,4.9974343938657714e-08,1.0987070895411122e-07,2.5618840867335653e-07,2.2864299897292368e-07,3.05279083122002e-07,1.1017253806557955e-06,1.6219089859928162e-06,9.922629711453999e-06
battery,power,DE,1.0124320995608608e-07,7.125509427773365e-10,4.627495187421855e-08,1.0225698435565443e-07,2.492766296076872e-07,1.9487105744654271e-07,3.038859249291855e-07,7.697128248570477e-07,1.1980645680571845e-06,7.119935473279939e-06
battery,power,DK,1.0603646908422777e-07,6.809043366840733e-10,4.758944252198169e-08,1.037250374551564e-07,2.5242263385037137e-07,1.8587632394827694e-07,3.48071856046841e-07,6.589139565894186e-07,8.577587955988942e-07,6.497871500291534e-06
battery,power,EE,1.0717361259747258e-07,5.139547467606649e-10,4.742474278731021e-08,1.0113039962601812e-07,2.4243088476831766e-07,1.7596793822530128e-07,3.132420986151644e-07,6.659934677293736e-07,7.605228526137531e-07,5.698651959222897e-06
battery,power,EL,1.0424568050103335e-07,7.791967541083157e-10,4.629744892665669e-08,1.0142436345179202e-07,2.4275382828440766e-07,2.1328681294826096e-07,4.5502414094953303e-07,9.21929561016515e-07,1.3392653732122522e-06,1.1839102835548489e-05
battery,power,ES,1.003572039632411e-07,8.210231621063901e-10,4.264172692813166e-08,8.825011536117963e-08,2.151573454683399e-07,1.674797310624935e-07,2.9587509872291984e-07,5.642845809375768e-07,9.89233400356701e-07,5.440563497425615e-06
battery,power,FI,1.0590543734512002e-07,6.78423080250173e-10,4.697822738349009e-08,9.563846262515076e-08,2.3695027702506536e-07,1.78106271664752e-07,2.736124882226624e-07,7.444798922119754e-07,8.605452829472378e-07,6.2146476354347505e-06
battery,power,FR,1.0056356383547018e-07,1.2631792558896893e-09,4.796711992495237e-08,9.271509993125426e-08,2.1595954905800893e-07,1.5602727171289512e-07,2.9120039610388173e-07,6.19899603932227e-07,8.310899322898922e-07,5.638542629480102e-06
battery,power,HR,1.0340629642695754e-07,6.027804624084439e-10,4.4222286637558803e-08,9.975342500992022e-08,2.9796379635199604e-07,2.1477575523585328e-07,3.280700354420035e-07,9.20013189639231e-07,1.080424973218536e-06,7.255509487069683e-06
battery,power,HU,1.0277095620335632e-07,7.625625687378424e-10,4.632823011406955e-08,1.0659376533501364e-07,2.5994699618698756e-07,2.3777057789632674e-07,3.6998446931523945e-07,8.795974057555075e-07,1.1798910752311733e-06,7.88267613104779e-06
battery,power,IE,1.0357258015595434e-07,9.224918973524885e-10,5.1442134122250467e-08,9.707794723462935e-08,2.2703269433099027e-07,1.423286264364063e-07,2.8175175989766235e-07,5.204162346126461e-07,6.548390988902009e-07,4.713512542331178e-06
battery,power,IT,1.0252906769347491e-07,7.404833223556711e-10,4.372332502784649e-08,1.0404933515264418e-07,2.632963819647725e-07,2.549506024501723e-07,2.8760184016990397e-07,7.847164151994954e-07,1.1270743603541037e-06,7.208559507297688e-06
battery,power,LT,1.0706943478054221e-07,6.551299326313785e-10,4.855199694276291e-08,1.0112475518722259e-07,2.405772430894833e-07,1.7919380621089203e-07,3.307950400433073e-07,6.29556150298781e-07,7.9958972343589e-07,5.776970742229494e-06
battery,power,LU,1.0131894343778187e-07,1.3119005870290554e-09,4.866544811490188e-08,9.377212843436576e-08,2.1478016227146239e-07,1.4849032760101688e-07,2.936158935166402e-07,6.691933482270555e-07,8.968953780587082e-07,5.940308543734045e-06
battery,power,LV,1.0707696889831124e-07,7.229719229234947e-10,4.8379040158908065e-08,1.016300463369546e-07,2.416795745866098e-07,1.7763963562141018e-07,3.3231915857977416e-07,6.55913896953155e-07,8.231370695503441e-07,6.047098784436706e-06
battery,power,NL,1.043531179736502e-07,8.501908567874779e-10,5.042806287451166e-08,1.0609994974581262e-07,2.5016296965393795e-07,1.9478410981439434e-07,3.1401289660782276e-07,7.415206589707695e-07,1.07136566782284e-06,7.404582288853663e-06
battery,power,NO,1.053303883634349e-07,6.064236949976699e-10,4.629546273688351e-08,9.728101365786651e-08,2.390887675373152e-07,1.6201589676828457e-07,2.875445307897122e-07,6.028293081302005e-07,7.675000380743259e-07,5.494357110093043e-06
battery,power,PL,1.0737905724463524e-07,5.922754882411695e-10,5.114850997887075e-08,1.0709021184125966e-07,2.676781691553016e-07,2.08666982760673e-07,3.7442050927006685e-07,7.483617810831316e-07,1.3366966323690812e-06,8.582621696946382e-06
battery,power,PT,1.0086224316774993e-07,8.282381095892774e-10,4.324178729355937e-08,8.81254594197244e-08,2.156948826649437e-07,1.5615778643055442e-07,2.8352816974605643e-07,4.719270256517121e-07,7.526197622722624e-07,5.067784055187816e-06
battery,power,RO,1.0292572978744932e-07,7.376282173709501e-10,4.721233093826367e-08,1.0724108625012348e-07,2.628946138343645e-07,2.1361441830862355e-07,3.4630355748585446e-07,1.0862645079306639e-06,1.6574006233847872e-06,9.06181465995188e-06
battery,power,SE,1.0635864846495097e-07,6.091872283642244e-10,4.6891568329562615e-08,9.851902505709583e-08,2.431208475258028e-07,1.6787332468135518e-07,3.2256309832325696e-07,7.069989120658141e-07,8.967382677976691e-07,6.4843692701447095e-06
battery,power,SI,1.0281439681156833e-07,7.241281704417334e-10,4.436707072558638e-08,1.1329237510879981e-07,2.7775492857990617e-07,2.213726545415593e-07,3.088935077243834e-07,1.060601849069681e-06,1.2094021484886355e-06,8.694471986138075e-06
battery,power,SK,1.0599122433553191e-07,6.63482583110465e-10,4.946623618814507e-08,1.1076993773614808e-07,2.6254951744669423e-07,2.2946903753485793e-07,3.864482695604736e-07,1.051570929977338e-06,1.6855326159121643e-06,1.0412969105716068e-05
battery,power,UK,1.0194401695601444e-07,1.1945335794665302e-09,4.85878261491739e-08,9.408430868779868e-08,2.3163529977521138e-07,1.4727645589964734e-07,2.932780171650253e-07,5.931014739636968e-07,6.991340190762167e-07,5.326053608647492e-06
biomass_boiler,power,AT,9.350621693003939e-11,1.2854078974164715e-10,1.5734823000019917,2.185604648224185,0.4440649088533901,8.644458691879316e-10,1.258090056635042e-09,0.17763271176005696,1.577776529581039,2.200309228995298
biomass_boiler,power,BE,7.35396755665395e-11,9.219832620876253e-11,3.1768341100658996e-10,4.986621271429302e-08,3.825576723388167e-10,3.0359901901936244e-10,4.128940888801168e-10,6.88953743058756e-10,2.919940210998668e-09,1.7157599541152205e-07
biomass_boiler,power,BG,2.9882164105994206e-11,3.577749184715157e-11,4.770476398113114e-11,6.233578780264886e-11,9.994946535358004e-11,1.9547386325505485e-10,2.461876697954704e-10,2.663542145019028e-10,3.779196127637709e-10,1.8217332369695533e-09
biomass_boiler,power,CH,8.163500492165446e-11,1.3708215491017903e-10,1.0460511520035107,2.4436758376950385,0.6369531849541268,6.792175679137283e-10,6.776173307493695e-10,9.296003539814607e-10,1.0768694554387055,2.4436761800907894
biomass_boiler,power,CZ,4.928915245286989e-11,6.873846516674295e-11,1.622945458437859e-10,0.6528195465545736,1.8354320444537715,4.218209249323409e-09,4.622581397355608e-09,1.2891203482188983e-09,1.2982670515523248e-09,5.183804479114248e-09
biomass_boiler,power,DE,3.386165429770461e-10,1.4702214392483425e-10,1.538639745793967,2.5022785924237994,6.6343378965648614e-09,2.521024617515992e-10,7.471152049310724e-10,9.790833458040475e-10,3.88307492889551e-09,1.6380688483453332
biomass_boiler,power,DK,6.736626584818738e-10,3.56509319746005e-10,9.033816488812226e-10,2.234240915971083e-10,2.0433885565099596e-10,2.2605527392838114e-10,3.206817288221728e-10,4.1844013937308453e-10,6.503977116341897e-10,2.7381106606107767e-09
biomass_boiler,power,EE,0.19246224004758103,3.199746068131428e-10,0.28771575906891667,0.05966285369268616,0.27519808874076784,0.40484576900919855,0.21897497403535182,0.02507995365137726,0.4047555583124001,2.9767719485757237e-08
biomass_boiler,power,EL,3.233481305682763e-11,4.357439637895327e-11,6.677504353809698e-11,1.1883889610476285e-10,6.333660059797639e-10,7.09705962284787e-10,2.683249114763401e-08,1.715406072300245e-08,4.0257729750230105e-09,8.347093196515731e-08
biomass_boiler,power,ES,6.606805880331233e-11,5.579492734032194e-11,6.794388750567539e-11,6.763526180673463e-11,7.989647569657845e-11,8.926078665473559e-11,4.5599224481911296e-11,1.8535229448918562e-10,3.9234061406013967e-10,1.9254410178960565e-09
biomass_boiler,power,FI,0.005486898494489221,6.144064046671427e-10,1.4085527612356803,0.6128789197134106,1.0434821424262519e-09,5.988122878080061e-10,4.689508223853075e-10,5.905802606209449e-10,0.09908027732523622,0.4802432612980251
biomass_boiler,power,FR,5.157758012068345e-11,6.704099417512627e-11,1.6444960195287366e-10,8.050602261793988e-08,1.1489480965427052e-09,1.14335959496965e-09,1.9829306491487762e-09,1.2142091487270416e-09,1.5972334364835972e-09,1.7410816726088804e-07
biomass_boiler,power,HR,4.7706203746993525e-11,7.390817203220849e-11,1.6712133690896436e-10,0.9474370892632145,8.249216460066987e-10,5.540471949185938e-10,4.944459445626153e-10,4.712981643110449e-10,5.623606024726816e-10,3.3763001012266233e-09
biomass_boiler,power,HU,4.775778668636565e-11,6.981893822613151e-11,1.5381189270172398e-10,1.5925480771781777e-07,4.000301751986812e-09,1.118180018486135e-09,9.569978748096515e-10,1.0094374186912256e-09,1.609606542949457e-09,2.1072313211638765e-07
biomass_boiler,power,IE,3.5418875545257087e-09,1.6481000314282675e-08,1.0004383857457497e-09,5.318147582271259e-10,5.980275055394396e-10,3.5806402555558275e-09,1.0591443884959468e-09,2.257525866381813e-08,4.819896980939525e-09,5.476887186032893e-08
biomass_boiler,power,IT,7.132161555929808e-11,1.2417903154136153e-10,5.005868164229164,4.397657755578249e-10,6.050408240953181e-10,4.4131021651495035e-10,3.964405425227424e-10,3.463013458993724e-10,1.081590542344639e-09,4.5268068780378e-09
biomass_boiler,power,LT,2.489623001174809e-10,2.163264225888125e-10,0.00406639350886967,7.239174450315581e-08,6.070734535388107e-10,4.4176906573966417e-10,4.543153363115248e-10,4.827323562145891e-10,6.672969741436241e-10,2.6345657072283494e-09
biomass_boiler,power,LU,0.1647024457021721,1.1070917662149082e-10,3.2297778268845573e-10,0.00508909535296926,0.025187633445223637,0.009409358843465882,0.17262767335659665,2.734171171008383e-09,1.7152133609033246e-09,7.385692302931128e-09
biomass_boiler,power,LV,6.951362363965743e-11,1.15577344451364e-10,5.963456055379494e-10,0.2728585882937786,0.3646672532096209,0.40232436518837095,0.24178656956072983,2.5280505642560583e-09,1.632825249478208e-09,4.2345907355647725e-09
biomass_boiler,power,NL,0.05513310866150405,1.7696010625529852e-10,5.790493122867429e-10,0.14149151898766793,7.231931124535568e-10,3.4279732406138164e-10,4.922802652788681e-10,1.0639847562482805e-09,0.004318689775989594,0.085750028101115
biomass_boiler,power,NO,4.092299678087755e-11,4.806333772579049e-11,6.12968863940669e-11,8.395595637233791e-11,1.3661059298208084e-10,1.270628425083493e-10,1.3698630451071545e-10,1.5890902379701063e-10,3.1746940756374676e-10,1.0111219996378375e-09
biomass_boiler,power,PL,2.995464892008439e-11,3.5838163274699904e-11,5.010226567453964e-11,6.880947504825255e-11,1.3609309215081379e-10,3.2634846246222177e-10,3.2044633210535123,4.957173633941963e-09,2.486441608371536e-09,9.736489597915716e-09
biomass_boiler,power,PT,5.965100319299092e-11,3.602745022592766e-11,5.574115207443096e-11,3.9309354384442316e-11,7.1639930076795e-11,1.0550771000277151e-10,1.8881984935910178e-10,2.1393928918006567e-10,3.589610825338264e-10,1.6838464213572924e-09
biomass_boiler,power,RO,0.5128698647481468,0.5202520147244871,1.5671485055650076,9.564121808731353e-10,5.607265184382833e-10,6.132941881374435e-10,8.921778382104142e-10,1.0272505971093211e-09,6.321656257833282e-08,1.203314964959616e-07
biomass_boiler,power,SE,2.5333696048370884,3.978806053316685e-10,2.939683064724857e-09,2.477527215551855e-10,1.1232071489093534e-10,1.2068993941313998e-10,1.77528543494646e-10,2.4801381797032616e-10,3.156201568365331e-10,1.1597155998759705e-09
biomass_boiler,power,SI,3.787602757939723e-11,5.575036602417177e-11,9.055033424591888e-11,3.5473211699249745e-10,0.11657893030036733,1.4635090729380045e-09,1.0217169804885244e-09,8.611025935659423e-10,1.0339682135333636e-09,2.707763582009475e-09
biomass_boiler,power,SK,0.04945960885789584,5.203185668618889e-10,0.005317146795064365,0.0891461643275839,0.02006640278408364,0.06539963400604311,1.2333186755651244,1.639380962056098e-09,0.01196872437346834,3.9168562993496964e-07
biomass_boiler,power,UK,9.060958573529943e-11,9.552031368403377e-11,1.011913832841492e-10,9.945844601775495e-11,1.9555420275608513e-10,5.063793634816407e-10,3.1026039992995304e-08,1.2308731671432269e-08,4.735127988488519e-09,8.50419393248516e-08
biomass_plant,power,AT,9.547141691187205e-12,7.439709172405949e-12,1.0128615574605775e-11,1.2478205699376031e-11,1.6383412215873752e-11,2.1448371339662995e-11,3.27168980206853e-11,6.086688452256282e-11,1.164786808770738e-10,9.318734210792812e-10
biomass_plant,power,BE,5.84955010242997e-12,6.480705458713832e-12,8.619567624936566e-12,1.1747820271712848e-11,1.490806412153911e-11,1.884601553360095e-11,2.762428136661959e-11,4.388030124042786e-11,1.0330180418396321e-10,6.115061326728609e-10
biomass_plant,power,BG,6.153993261877746e-12,6.962744385798557e-12,1.0859877782889025e-11,1.5067339569721437e-11,2.205589407686028e-11,3.378643000424884e-11,4.6541591081533276e-11,1.0793097156092915e-10,7.700584132791096e-09,2.2251304604337394e-08
biomass_plant,power,CH,7.593964754980706e-12,7.754187950281453e-12,1.1093454172126134e-11,1.3792432514059129e-11,1.8237853705730395e-11,2.1950489431647495e-11,3.0293356603131394e-11,9.208024694440349e-11,8.478170896662874e-09,2.703090205230792e-08
biomass_plant,power,CZ,8.876638039828303e-12,7.546179442729695e-12,1.0454028290963141e-11,1.4189913348910337e-11,1.937096978550602e-11,2.5857564918853496e-11,4.11767187823417e-11,7.255047696171209e-11,1.2816628274305272e-10,8.4034267915187e-10
biomass_plant,power,DE,6.359729497874241e-12,7.2622044457103016e-12,9.400174885464387e-12,1.2250676553400014e-11,1.492443465419202e-11,1.9592833735277765e-11,2.972927009772662e-11,5.416261360392347e-11,1.2951593864844043e-10,6.465732526779259e-10
biomass_plant,power,DK,6.473835057831381e-12,7.543314297077462e-12,1.0334355880982832e-11,1.3508155259665051e-11,1.7899914974476325e-11,2.4273893642497486e-11,3.7965512162014587e-11,6.806638882231401e-11,1.40912551112072e-10,7.11960846930482e-10
biomass_plant,power,EE,7.495538172522992e-12,7.404554520631207e-12,9.427295303041434e-12,1.1933641170702293e-11,1.6187883106745762e-11,2.327466756507716e-11,3.536797916570513e-11,5.107242916060924e-11,1.3038720614695365e-10,5.213674531364312e-10
biomass_plant,power,EL,7.054501297858753e-12,7.565118132391497e-12,1.0134301729425138e-11,1.4462437113420119e-11,2.052785351429673e-11,3.132633551913387e-11,3.7939092726119e-11,6.440612755310707e-09,1.7034430888333688e-09,2.1785246163939242e-08
biomass_plant,power,ES,5.8246407914803315e-12,6.560182760417416e-12,8.526589529557455e-12,1.1522614231339265e-11,1.6249185210272055e-11,2.5866205543694837e-11,4.05525496005146e-11,6.510670482033213e-11,1.3380856225307514e-10,6.744750843966712e-10
biomass_plant,power,FI,6.378435525922936e-12,7.54001701612096e-12,9.482374559578882e-12,1.2911839920182581e-11,1.6984581525038532e-11,2.3054849288870167e-11,3.0523452170225916e-11,4.9542366113828e-11,1.2728428681048018e-10,6.514920404328411e-10
biomass_plant,power,FR,6.193836927323337e-12,7.470405493278585e-12,1.0278320250159968e-11,1.4681878521621923e-11,1.950076019381244e-11,2.800550588249718e-11,4.295756127155155e-11,6.832464561536126e-11,1.4142906081315917e-10,7.127518599420339e-10
biomass_plant,power,HR,7.144280433119921e-12,6.881583431753345e-12,8.861585646513114e-12,1.1660990054423766e-11,1.946281788475597e-11,2.8804900793960588e-11,4.195668749830121e-11,6.944770138248396e-11,1.0012628311499129e-10,7.978155161788634e-10
biomass_plant,power,HU,7.080394298365576e-12,7.652834125957992e-12,1.066492786476419e-11,1.4272108945092225e-11,1.96828289640284e-11,2.6341323878072138e-11,4.02711974345346e-11,5.1644047092970324e-11,1.3115746249249352e-10,8.330558423745664e-10
biomass_plant,power,IE,8.022288603080852e-12,9.028141728426228e-12,1.12158114593011e-11,1.3846031765368455e-11,2.4846395894338873e-11,3.065970233115086e-11,7.46890274010231e-11,5.9824275400959846e-09,1.9189981500865834e-09,1.7033120663764084e-08
biomass_plant,power,IT,6.477616425908808e-12,6.864734930806808e-12,9.175292641402988e-12,1.295987498399351e-11,1.97420309399388e-11,2.8048824839175842e-11,4.0914475161899456e-11,6.584840410546552e-11,1.2071462816301336e-10,6.4592292475552e-10
biomass_plant,power,LT,8.464875031748228e-12,8.628078028595672e-12,1.0002220606187057e-11,1.3108333571175336e-11,1.3538178606208627e-11,2.998620290382493e-11,4.383948906325319e-11,6.473908728457282e-11,1.1981904399074012e-10,6.677650810775329e-10
biomass_plant,power,LU,1.6426487039416818e-09,4.129393918609617e-10,5.856841322365985e-10,4.151270075908752e-10,4.265441132853242e-10,7.233591680678758e-10,1.3000315395388004e-09,1.5980518112657508e-09,2.10797738329126e-09,2.2565010741775882e-08
biomass_plant,power,LV,8.161904539496574e-12,9.000457446057481e-12,1.1707736440528563e-11,1.4972214908052077e-11,1.940712899964448e-11,2.3154157457156563e-11,2.9095095552402054e-11,6.407885844234817e-11,1.65454148891654e-10,3.0240821658166357e-08
biomass_plant,power,NL,6.048190436490509e-12,6.868270747142015e-12,9.10952028334822e-12,1.2598035980166262e-11,1.6470102015837862e-11,2.1558242543015483e-11,3.3032448969797335e-11,6.299277829903512e-11,1.4735487354197494e-10,6.374758602765725e-10
biomass_plant,power,NO,7.85748911933263e-12,7.44897799857738e-12,1.01466825737836e-11,2.5898014475209307e-11,4.1047627698229924e-11,8.06293903513245e-11,3.711716679733904e-09,9.526098277753864e-10,1.1791907958859862e-09,1.3100960998125265e-08
biomass_plant,power,PL,6.008390580413359e-12,6.606800530675432e-12,8.656186393747566e-12,1.1777361986043853e-11,1.7430733437093604e-11,2.651524356867815e-11,5.017537912343944e-11,7.892258227963588e-11,1.7782981834016943e-10,3.8140637243401976e-08
biomass_plant,power,PT,7.653063249618411e-12,6.679046966753812e-12,8.910506460243344e-12,1.2407227082316812e-11,1.625530903792078e-11,2.339955269163879e-11,4.130144812468164e-11,5.737246480627915e-11,1.0742807335052727e-10,4.2988633597152514e-10
biomass_plant,power,RO,6.4671982143661735e-12,6.0980174032918376e-12,8.573606925487264e-12,1.1733545462941238e-11,2.1105722724088612e-11,2.6436762268561608e-11,4.0539386310317166e-11,7.028594571159908e-11,1.2398610429344949e-10,2.875275385830383e-08
biomass_plant,power,SE,6.476125501546593e-12,7.505415558957507e-12,9.510198651814512e-12,1.207973301241313e-11,1.514714955667889e-11,1.9689748001586185e-11,2.7102263665939536e-11,4.128959900003506e-11,7.923852882712003e-11,2.422214514886463e-10
biomass_plant,power,SI,6.8831879429971825e-12,8.724222654669904e-12,1.1965573195052525e-11,1.712765207818837e-11,2.8597016684107163e-11,3.9918813834754985e-11,7.648307548313353e-11,6.782031910210414e-09,2.286284239059739e-09,2.237637114952127e-08
biomass_plant,power,SK,8.393653182541592e-12,7.267398867885202e-12,1.1233326821724342e-11,1.190092811411885e-11,2.1988119324391052e-11,3.476507263182799e-11,5.750057842088073e-11,1.0631093028423585e-10,8.832145086651443e-09,2.5979384829924623e-08
biomass_plant,power,UK,5.014386203006465e-12,6.311337570908349e-12,8.20033376372931e-12,1.0990501616030924e-11,1.586035777331566e-11,2.333174623837849e-11,3.544183743368233e-11,6.181746684537863e-11,1.1947851189609852e-10,6.357143992419647e-10
biomass_plant_CCS,power,AT,1.5245570756664814e-09,2.0218148059197981e-10,1.2520783637960615e-09,2.787609260692461e-09,1.6018831630430534e-08,2.1568000860830444e-08,3.915563789490036e-08,1.1344811215220246e-07,1.1727096083911111e-08,2.625703095107114e-06
biomass_plant_CCS,power,BE,1.6181010239412044e-09,1.7302868658990197e-10,7.605962765625933e-10,4.5290419807143755e-09,0.27498460909776945,0.4042988875059992,1.6075374921933747e-09,2.754322604257932e-10,2.5341022332280965e-10,7.304709995791654e-10
biomass_plant_CCS,power,BG,1.2394797720465546e-09,3.1326785629314614e-10,8.124154772171461e-10,1.3528596369554568e-09,5.05777319936569e-09,6.326000036835226e-08,0.34423104001324595,2.50778295910643e-10,2.7917869501724707e-10,8.58789595919178e-10
biomass_plant_CCS,power,CH,1.4930774217116553e-09,2.535093734781742e-10,1.3424728961826772e-09,2.2628774183969856e-09,5.6593541222727e-09,0.08361274701497233,9.397836169375264e-10,2.8614320770424607e-10,8.555875023079226e-10,4.550260109187974e-09
biomass_plant_CCS,power,CZ,1.4410788169810109e-09,2.062160209704748e-10,5.698125158395426e-10,2.5900498254718947e-09,4.12315503233908e-09,1.0522964017539622e-08,2.9768518673650695e-08,1.0641553108447212e-09,1.257168725301694e-09,2.51681916848742e-08
biomass_plant_CCS,power,DE,1.6953346708982734e-09,1.981869056622151e-10,1.6432176298270138e-09,6.397975423984384e-09,0.9821558149277436,2.9040284921635284,2.669916180987407,2.1974298838788352e-06,0.3764313132797447,0.570660288364941
biomass_plant_CCS,power,DK,1.3998303029268378e-09,2.1493574191422884e-10,1.485173809159673e-09,3.1569374207618765e-09,1.6004551830126986e-08,0.5714449256695113,0.12830438016262988,7.226202309835623e-10,1.9461579678966055e-10,1.1297116893445418e-09
biomass_plant_CCS,power,EE,1.4448020831992542e-09,1.96354243248684e-10,3.0355992591791924e-10,5.097255955685533e-10,1.6898623689699333e-09,2.8973027281370225e-09,5.457944309522821e-09,1.1834725081049454e-09,5.951312928201548e-10,2.553845740847732e-08
biomass_plant_CCS,power,EL,1.2483256661407189e-09,2.487932940600383e-10,9.373942072866447e-10,1.784133394494748e-09,7.928602193873528e-09,0.008535293143587338,0.34877352972513687,3.529175414753969e-08,1.5715172720477274e-09,2.5358460716412944e-09
biomass_plant_CCS,power,ES,1.2237073346368618e-09,1.6893680518106092e-10,3.694116368046212e-10,5.698737557388291e-10,9.029157198101448e-10,2.4204375980110947e-09,2.277775273747228e-09,2.735342967060822e-09,1.236575637012865e-08,2.485495400363822e-07
biomass_plant_CCS,power,FI,1.2411352031012828e-09,4.1679185830376563e-10,3.296453928675611e-10,1.1652711002306477e-09,2.9564282019114938e-09,5.051452547336751e-08,0.6409914920605565,0.8245762931158918,5.486760150287763e-08,3.496429814923878e-07
biomass_plant_CCS,power,FR,1.2481805655742264e-09,2.760453658435486e-10,4.847855779099546e-10,1.5173535627617274e-09,2.4782712568899326e-09,0.12467937698201058,1.2415571959482408,3.14608308374457e-10,2.0779387829233932e-10,9.960408852356351e-10
biomass_plant_CCS,power,HR,1.535114839365534e-09,2.613025035066057e-10,7.982331271674134e-10,3.4312758775091507e-09,0.028646171922994318,4.2299155147224246e-08,6.663316136253393e-10,2.1458506386727523e-10,2.0943490352771938e-10,6.539940297074309e-10
biomass_plant_CCS,power,HU,1.2701956780091421e-09,2.7256558946709357e-10,5.715131397657519e-10,1.4706188812477974e-09,2.967610450812607e-09,2.9074985486925886e-09,4.949704119293997e-09,1.3448063285415528e-09,1.5010356153472463e-09,2.9607660845998145e-08
biomass_plant_CCS,power,IE,1.2833077469244576e-09,3.129293701253658e-10,7.453355669048312e-10,9.654498370931108e-10,2.784836938251291e-09,2.7424186948522265e-08,0.08878084307656661,3.8775156704755366e-08,2.420391008543798e-10,4.841344040494854e-10
biomass_plant_CCS,power,IT,1.559601367884428e-09,1.9851839196554535e-10,1.131520330922315e-09,2.9201183521762257e-09,2.36570661341102e-07,0.4676929669381212,7.250533849819242e-10,3.525218496865998e-10,2.0124587715544168e-10,6.669141855992935e-10
biomass_plant_CCS,power,LT,1.4847229411514338e-09,2.1925016457308074e-10,5.755502116350832e-10,1.0262790909301997e-09,1.8641635876186946e-09,3.3186605970436424e-09,6.548570100322813e-09,5.656658801898034e-10,3.461909898088897e-10,1.6575341500484492e-08
biomass_plant_CCS,power,LU,1.2711556399707581e-09,3.3307614858819456e-10,7.621965469771504e-10,5.753107461589401e-10,1.315109907056491e-09,7.467252716328219e-09,2.234510570935601e-07,8.056790612526792e-09,3.4278612190138992e-09,1.3683352416138189e-08
biomass_plant_CCS,power,LV,1.2227876913262992e-09,4.3436249313365207e-10,6.64957672786567e-10,8.732073224880977e-10,1.4734790358862493e-09,2.823516791093606e-09,9.564836879324115e-09,9.396450465684865e-10,3.6016165275588273e-10,2.1216428844100433e-08
biomass_plant_CCS,power,NL,1.6084768301768561e-09,1.4653495270337913e-10,7.573802598912767e-10,4.979555521326213e-09,2.5330052036392637e-08,0.25943648649285905,0.17373143828588966,0.04186868578555469,7.429901708406082e-07,0.45485616988929906
biomass_plant_CCS,power,NO,1.1884980299075273e-09,2.7418926084642396e-10,4.848842494347407e-10,1.5838890656547059e-09,4.395163484665307e-09,0.2274895010698533,0.0580069351790981,3.364643243615401e-10,1.7608967246332806e-10,7.831764727274869e-10
biomass_plant_CCS,power,PL,1.2785947196811e-09,2.683162744959971e-10,4.924165983416114e-10,8.804298729144623e-10,1.4552863141818332e-09,1.986100547843956e-09,5.846248454284361e-08,1.0349795086978843e-09,6.277615753174825e-10,6.72022912642959e-09
biomass_plant_CCS,power,PT,1.145935437799965e-09,1.5828044799036898e-10,3.219220569741131e-10,4.897209903460435e-10,7.178169396733875e-10,1.4979878121177022e-09,1.500241100990754e-09,1.997387858887011e-09,4.0430247253785685e-09,5.523294775071151e-08
biomass_plant_CCS,power,RO,1.317156373335589e-09,2.5048037844966427e-10,8.227518118025087e-10,1.405103996824491e-09,2.671945449135199e-09,3.046365606673496e-09,8.48023182699425e-09,6.525745497162516e-10,1.0591328322995574e-09,2.300043101899335e-08
biomass_plant_CCS,power,SE,1.2857902669878e-09,4.3324641161072244e-10,7.805041676922508e-10,1.2460544560447692e-09,3.814176441921199e-09,0.029741718415266287,2.0577846597766394,1.1724847888364564e-09,2.316495518573811e-10,1.0517434343875007e-09
biomass_plant_CCS,power,SI,1.3138886113494638e-09,2.734191704095632e-10,6.717867193486779e-10,2.2517515446358676e-09,1.2497679555229676e-08,4.420258374698512e-09,7.796047301950653e-09,4.650328109851066e-10,7.391017557339664e-10,8.454467992573703e-09
biomass_plant_CCS,power,SK,1.5895361637571012e-09,2.0194012076989468e-10,9.492240706047018e-10,1.689063514970167e-09,2.106233794407995e-09,2.7357314405862314e-09,9.591143688613426e-09,1.0942902985051397e-09,1.5180784661736244e-08,5.639125837560773e-08
biomass_plant_CCS,power,UK,1.3368598389604896e-09,2.39969010266007e-10,5.676972372053524e-10,8.440082395967322e-10,1.7512147746721723e-09,0.23480280914570473,0.3990868498228896,1.506989331546638e-09,1.9487981522798934e-10,1.169712154570574e-09
carbon_pipeline,power,AT-CH,6.490400838774784e-09,1.2822983414924192e-09,1.0381626260730142e-09,1.0435603212498664e-09,1.048621120709937e-09,9.603691270091866e-09,6.744610353188582e-09,1.5554714750645783e-08,4.851679678003206e-09,1.312877448879969e-07
carbon_pipeline,power,AT-CZ,9.726548831590732e-09,1.899289965975577e-09,1.1215696374584747e-09,1.3645228309741129e-09,1.619742958586192e-09,2.995761535160904e-09,4.636905697825885e-09,2.192301506105621e-08,6.892331311473749e-09,2.0674832796209887e-07
carbon_pipeline,power,AT-DE,7.376844393333756e-09,1.4061296463543527e-09,5.942845063605316e-10,6.207245102012838e-10,7.265001728388585e-10,4.956097623626204e-09,5.769592583195179e-09,3.210742139494853e-08,2.480202334379779e-09,2.199147154107617e-06
carbon_pipeline,power,AT-HU,5.9713361325244015e-09,1.2372257690415928e-09,9.773308692618107e-10,1.2400970449860784e-09,1.4794428301672663e-09,1.8565511886949388e-09,4.061895480729624e-09,7.433729395170276e-09,5.8414397019818804e-09,1.7629136180927467e-07
carbon_pipeline,power,AT-IT,5.395085506347186e-09,1.0994645152498753e-09,6.568446400880021e-09,9.006685493831334e-09,2.4359798903855368e-08,2.760609507443549e-09,1.134685465592992e-08,1.4001904426531144e-08,3.425556436335894e-08,7.004289687655343e-07
carbon_pipeline,power,AT-SI,1.367156737149779e-08,3.3576919051093755e-09,5.1084114545361904e-09,8.8566603243872e-09,1.5482197407762004e-08,2.56435741663441e-09,1.246264470402074e-08,3.755376568836023e-08,8.021854321175754e-08,1.6663567689372764e-06
carbon_pipeline,power,AT-SK,5.70098769975226e-09,1.0771799661249854e-09,8.650799877708378e-10,1.0457744987171545e-09,1.2942990916511409e-09,1.791584007170943e-09,3.0797530074574782e-09,7.464323260190066e-09,3.095747001913845e-09,8.716704472876399e-08
carbon_pipeline,power,BE-DE,6.222956984155764e-09,1.2690135661616788e-09,1.1442262330359374e-09,2.0893736247193295e-09,5.345521830441394e-10,8.713866819730565e-10,1.4769668861349768e-09,2.4719290725483805e-09,2.9503005213862524e-09,4.166494556507513e-08
carbon_pipeline,power,BE-FR,5.563211275992715e-09,1.1048779889739833e-09,1.016314751703804e-09,2.8189838128460554e-09,1.796930070314992e-09,5.2860358367815934e-09,1.898991135165742e-09,3.5682331309445194e-09,1.7683611151334256e-07,0.7498732906326724
carbon_pipeline,power,BE-LU,1.7130853536499127e-08,3.5182602293913615e-09,3.122862677732844e-09,4.962303706692532e-09,2.711204315784136e-09,3.6066297621156684e-09,3.766071263226003e-09,7.402552980756128e-09,1.9347012051995754e-08,1.909200425158794e-07
carbon_pipeline,power,BE-NL,1.4573905517970912e-08,3.743797767989643e-09,1.8331107916015097e-08,9.679054623940463e-08,1.9266381052267997e-10,2.394193665966569e-10,3.32771033061804e-10,5.217394736543257e-10,1.2417996393282839e-09,4.4126401130472415e-08
carbon_pipeline,power,BE-NO,1.959948150624632e-09,3.953721107308709e-10,3.168460604134769e-10,6.067621800198948e-10,6.457937429691756e-10,8.774014161878616e-10,3.0160660067503582e-09,5.886774936108233e-09,4.5494253745597756e-09,5.582655684549068e-08
carbon_pipeline,power,BE-UK,4.675911874303129e-09,9.4542178791539e-10,1.9296917932568906e-09,8.90443017466315e-09,4.0466413454994364e-09,2.583086087031849e-07,2.487809382981442e-07,2.4164370662207863e-09,0.3675190602615396,0.2513619237896349
carbon_pipeline,power,BG-EL,7.35554076671316e-09,1.6693210044905577e-09,8.549068079392985e-09,1.336898123577547e-08,1.5974420560011134e-08,6.906026488154888e-08,0.33608160116962743,6.410608505196956e-10,4.009863700272651e-09,3.7572176178863623e-08
carbon_pipeline,power,BG-RO,7.608390666243955e-09,1.492066839474563e-09,7.938053249422537e-10,1.1579617587046116e-09,1.4299355141296556e-09,1.7451665265556087e-09,2.1063559394456106e-09,3.0681492535346443e-09,4.408898732577949e-09,7.199228566797368e-08
carbon_pipeline,power,CH-AT,5.850843548967553e-09,1.4060998248460872e-09,1.3524683269880987e-09,1.5493023803826931e-09,2.041796627367565e-09,4.992962164746764e-10,1.0019211064218511e-09,1.8049563399684437e-09,8.599111499223768e-09,5.4418712226215216e-08
carbon_pipeline,power,CH-DE,5.9696588263121226e-09,1.3796882318290903e-09,9.165861544162543e-10,9.46845173323997e-10,7.919044321236475e-10,1.0206688129367884e-09,2.134704427640662e-09,4.492261671396654e-09,3.8889172149222326e-09,9.091494384176596e-08
carbon_pipeline,power,CH-FR,6.751980233579834e-09,1.724073083150089e-09,8.176286376999972e-10,1.0340879751696106e-09,1.1221722483210734e-08,0.08163328654004375,7.984379951623132e-09,1.0015143852969996e-08,3.1087499903204946e-09,5.994544712350843e-08
carbon_pipeline,power,CH-IT,4.9612155236647115e-09,1.0969947764102572e-09,4.99504456510263e-09,5.8258953891800385e-09,4.758991576315063e-09,1.9756717412388845e-10,4.490402475869947e-10,1.3817007947221403e-09,3.209353878303887e-08,1.7884568822527558e-07
carbon_pipeline,power,CZ-AT,9.780646827808618e-09,2.304666952746322e-09,4.223725694684374e-09,5.644361507203208e-09,5.489625809851827e-09,1.077435202360791e-09,1.1673973014843221e-09,1.0870006847461266e-09,1.6812519666806136e-08,7.536759475108518e-08
carbon_pipeline,power,CZ-DE,9.233659714666884e-09,2.487587521113707e-09,1.912420671498852e-09,1.1974317936016523e-09,7.245440288323752e-10,1.2268286931002777e-08,1.0332428080102904e-08,6.82635007962002e-09,3.2161320920483657e-09,1.8958836227867115e-07
carbon_pipeline,power,CZ-PL,6.645944307843637e-09,1.3643119521031872e-09,1.0202083000843369e-09,1.3411209629736832e-09,1.9233507266949375e-09,3.2238633636683737e-09,2.0820159362268036e-08,3.748846011628059e-08,3.3173204746318054e-09,1.0811010763987338e-07
carbon_pipeline,power,CZ-SK,7.559269796449905e-09,1.618150043486948e-09,1.6178315007865965e-09,2.015740834720513e-09,2.6553134467998238e-09,1.96379417006145e-09,4.639849535643024e-09,4.571706094700821e-09,1.2505255548553663e-08,1.828246369509267e-07
carbon_pipeline,power,DE-AT,5.321538580970578e-09,1.0545571592574796e-09,1.2431727985222108e-09,1.5958334003281782e-09,3.2658533489066208e-09,7.276449489664586e-10,1.3531618507702512e-09,1.9267148638146406e-09,3.1881841060032785e-08,9.410739556272402e-08
carbon_pipeline,power,DE-BE,7.138249867984378e-09,1.3337912414768842e-09,1.3081751675447244e-09,6.677025835397128e-10,9.962430556251397e-09,1.7321306974608105e-08,4.689845399834395e-08,2.6318739521559556e-09,0.36751937770077503,0.5571522391826521
carbon_pipeline,power,DE-CH,4.991035650983573e-09,9.229714103119344e-10,1.0652318575199414e-09,1.2988102770952403e-09,2.055159230983457e-09,2.631064443108533e-09,2.5952422691385818e-09,2.2797511843685666e-09,1.8313975565396047e-08,1.1482556712891502e-07
carbon_pipeline,power,DE-CZ,6.0556824865187984e-09,1.2364248601826592e-09,1.1683014396412352e-09,1.4704380348692374e-09,2.6368666592556816e-09,1.2252452156172111e-09,2.1291258219707244e-09,4.912434290380661e-09,2.785505506734873e-08,1.3136737177081246e-07
carbon_pipeline,power,DE-DK,5.424430716560516e-09,2.017905637286984e-09,3.3931174905138584e-09,8.828270545549511e-09,0.22831044198168374,0.5552632053492209,1.6154349579611946,1.9735641210455518e-07,3.646020572452562e-08,8.996542615828671e-08
carbon_pipeline,power,DE-FR,3.7315094889049254e-09,7.128227258533645e-10,6.894971260009748e-10,8.653199226516223e-10,3.10515969533207e-09,7.137278717541588e-09,2.0736309042097454e-09,1.5470301958445439e-09,1.7609487619539226e-08,5.950366312555303e-08
carbon_pipeline,power,DE-LU,8.310635120074248e-09,1.6175812353297083e-09,1.5042576648369794e-09,8.699522480737094e-10,1.0911399718739467e-08,1.542251720393295e-08,7.628959292999968e-09,3.793418007374422e-09,1.1534455796105982e-07,1.1056776791414817e-06
carbon_pipeline,power,DE-NL,8.443757770183682e-09,1.873500486831448e-09,7.28589883647282e-09,5.3805268099100106e-08,0.28538791984750206,1.5275281818951567,3.049338529846246e-08,6.368934940177201e-10,2.863220541777084e-09,3.794930555857924e-09
carbon_pipeline,power,DE-NO,2.171476761800072e-09,4.4286224281447496e-10,3.520943984996007e-10,5.299060677277261e-10,1.4441092840633167e-09,1.8576212431689554e-09,1.590258890420463e-08,1.6329497556531503e-06,3.4621285833413735e-09,2.459012909009727e-09
carbon_pipeline,power,DE-PL,4.015396586504365e-09,7.504135991846133e-10,6.672866301173844e-10,8.723224082990324e-10,1.4917133147211967e-09,1.1789182949111594e-09,3.2676384450737453e-09,9.052626965584949e-09,1.799887270588036e-08,4.8559971256207634e-08
carbon_pipeline,power,DE-SE,2.4799977962455e-09,4.949222378245917e-10,3.8367105170708913e-10,5.811414281534535e-10,1.5634651662952317e-09,1.5599832798786017e-09,1.5432770536521934e-08,3.594838649530438e-07,1.0093011422210486e-08,8.044567331512732e-09
carbon_pipeline,power,DE-UK,3.2607193236015644e-09,6.410600644200738e-10,1.1195311620885495e-09,1.1398766731679066e-09,7.111776600005503e-09,0.752485961072174,0.9912724466992097,8.085463139542833e-10,2.959703434097472e-09,3.5669775726684935e-09
carbon_pipeline,power,DK-DE,4.65208436320333e-09,6.863722285058554e-10,6.096291930893482e-10,7.259217918187e-10,8.613602150502829e-10,1.1131613769283945e-09,1.514975825887062e-09,1.9111647726813943e-09,3.0581500832902562e-09,3.516681486537457e-08
carbon_pipeline,power,DK-NL,5.2971479869148616e-09,7.886355023921123e-10,9.464991634718805e-10,9.700562210657405e-10,1.0147378584892635e-09,1.4969505543246498e-09,2.390488040635368e-09,2.5860489375130294e-09,5.363765067136077e-09,5.602802255842384e-08
carbon_pipeline,power,DK-NO,3.07108087329163e-09,4.672316612703589e-10,3.197608402676178e-10,4.805129640863292e-10,1.178461189763728e-09,1.8284448813472793e-09,1.393403244428197e-08,1.4811070812637662e-07,6.103180993890742e-09,5.0502010724881765e-08
carbon_pipeline,power,DK-SE,3.670481619182318e-09,5.209287715244891e-10,3.5227347049121507e-10,5.364202926791441e-10,1.2368047612573538e-09,1.4851256214824834e-09,1.231528152196361e-08,5.3171927591979225e-08,1.6687771836844587e-08,1.4979838490464484e-07
carbon_pipeline,power,DK-UK,3.5827452745144586e-09,5.380302369909135e-10,7.082443438879911e-10,7.015583269412083e-10,1.649676590666658e-09,3.746413680441422e-09,2.8299814205858365e-09,1.2073267799934946e-09,3.812196715063582e-09,4.8766967893965576e-08
carbon_pipeline,power,EE-FI,6.270260600673548e-09,1.8819716874806785e-09,2.8332120136966723e-09,3.2772788527165535e-09,5.547658059492833e-09,9.513370491769013e-09,8.901072144442812e-09,4.708103789214855e-09,1.768801165617614e-09,1.1601955846318398e-07
carbon_pipeline,power,EE-LV,1.125241862258015e-08,2.151004270853385e-09,2.1416747509982035e-09,2.3010579585176364e-09,2.4673838582451066e-09,2.8093188241213605e-09,3.598486476928604e-09,4.495988794312476e-09,7.314761004147937e-09,9.28622220276464e-08
carbon_pipeline,power,EL-BG,5.7279268626096545e-09,1.150051663031467e-09,8.143217681968182e-10,1.1576045201399888e-09,1.3567294226067532e-09,1.3703546755661598e-09,1.7681769135516938e-09,2.741531783927767e-09,3.139440611530819e-09,4.288527936469247e-08
carbon_pipeline,power,EL-IT,3.1358425782453577e-09,7.034682271988754e-10,3.8482470225540665e-10,5.297965085912012e-10,5.890289335236651e-10,4.785491208253984e-10,6.653630016452069e-10,1.4984074676488445e-09,2.098122747650039e-09,2.5835120815164717e-08
carbon_pipeline,power,ES-FR,5.122716868881002e-09,1.2374430991994174e-09,2.279072777380069e-09,2.35322157877619e-09,2.9728411987897415e-09,6.729475620221058e-09,6.021467769008472e-09,5.523439009683956e-09,1.7305711371961545e-08,3.2561333312447184e-07
carbon_pipeline,power,ES-PT,5.285456599119005e-09,1.1901522145398085e-09,1.0612885152670067e-09,1.1685950095281888e-09,1.3218446380802909e-09,1.4531208754317861e-09,1.9033287034752913e-09,2.13293936214012e-09,3.0918725143382383e-09,4.175760500724585e-08
carbon_pipeline,power,FI-EE,3.333615206998366e-09,6.024271941040962e-10,6.022361159720743e-10,7.112771788876792e-10,8.173716231570095e-10,9.676730103634811e-10,1.0848244377950985e-09,1.294728948839568e-09,2.38565383498774e-09,2.9074152208489413e-08
carbon_pipeline,power,FI-NO,7.625741499248808e-09,2.0153726713639306e-09,2.6442387620043982e-09,3.0234912956858683e-09,5.237085298748704e-09,1.0333611148505622e-08,0.5801543761686769,0.8050549468891744,4.7857656548891756e-08,4.1682275765302645e-07
carbon_pipeline,power,FI-SE,5.785397713863393e-09,1.2580082391137557e-09,1.3827865135531948e-09,1.4000902274491029e-09,1.511151642163931e-09,1.5367720405413573e-09,4.136985792079713e-09,2.9960551530334378e-09,5.179095505769795e-09,6.055771184226561e-08
carbon_pipeline,power,FR-BE,5.813732091248319e-09,1.1581479667659662e-09,1.183177408417875e-09,6.320316150881425e-10,9.36899258830031e-10,1.0144651585992282e-09,2.0351514154390143e-09,3.3994745020471846e-09,1.444386141964217e-08,2.6322953924809085e-07
carbon_pipeline,power,FR-CH,5.141360617298541e-09,1.0678362288880849e-09,1.1289405975982331e-09,1.1354124822251003e-09,7.88363778495958e-10,9.385875149404223e-10,1.5504707879008624e-09,1.9267791828888537e-09,3.0103286117868968e-09,3.718750547909562e-08
carbon_pipeline,power,FR-DE,3.5604357531511673e-09,7.097167938059571e-10,6.67782541396194e-10,6.376433614455111e-10,4.197604376832093e-10,5.583365043602531e-10,9.276687260040543e-10,1.358070966088126e-09,1.961881150676081e-09,2.4768909117472527e-08
carbon_pipeline,power,FR-ES,2.5253945664631097e-09,5.668984635760841e-10,5.02068101383828e-10,5.675802735873118e-10,6.584833959126937e-10,7.520627115765335e-10,1.0378569603804618e-09,1.0792851890850239e-09,1.6315950668018385e-09,2.0263785839025236e-08
carbon_pipeline,power,FR-IT,2.9479240157356002e-09,6.007646949254504e-10,1.1872432231822015e-09,1.0735706100926985e-09,6.62262991388396e-10,2.949922647970323e-10,6.983436231417503e-10,1.3607984888803087e-09,5.017650265506339e-09,2.8966937660135432e-08
carbon_pipeline,power,FR-LU,5.9661561514153875e-09,1.2382129442599536e-09,1.1615413463342074e-09,7.033347877800428e-10,8.187134127783714e-10,1.0056983675942779e-09,1.7374641709361282e-09,2.7469592940084343e-09,7.568787424481492e-09,1.0949655893932571e-07
carbon_pipeline,power,FR-NO,1.554478149961053e-09,3.0668741412371026e-10,2.5746257940353947e-10,3.2865195734428344e-10,3.9707987249205544e-10,3.59733201450619e-10,1.3054382607665128e-09,1.8780213023311617e-09,2.0528425714532966e-09,2.2449499395016225e-08
carbon_pipeline,power,FR-UK,3.3976228339182595e-09,6.89855774078192e-10,1.229036439018979e-09,1.2281077469284163e-09,1.4414908250404839e-09,1.4095166549198305e-09,2.9408156685162e-09,2.413558526593282e-09,7.634735598436341e-09,7.040850184262484e-08
carbon_pipeline,power,HR-HU,7.202639422508946e-09,1.2815012140186618e-09,1.3435394572255802e-09,1.280344373620279e-09,1.7499651277934055e-09,3.3321369635070474e-09,4.222333813828339e-09,6.317479110462437e-09,6.7929512235481175e-09,1.0799725147354356e-07
carbon_pipeline,power,HR-SI,1.2412108757016175e-08,2.2319405780916755e-09,4.384004181721543e-09,3.343149873065895e-09,7.544282729687324e-09,1.540654372401388e-08,2.2368372871579146e-09,2.2349282125051355e-09,7.431372370413187e-09,1.341391012763026e-07
carbon_pipeline,power,HU-AT,6.467894993763663e-09,1.4140080487671896e-09,1.4117383568448768e-09,1.5892423117631677e-09,1.6934778657562198e-09,1.6084522496079152e-09,1.0837435266414722e-09,1.3439608908130416e-09,3.4056148916376404e-09,4.849691206773501e-08
carbon_pipeline,power,HU-HR,8.682260408087737e-09,2.901492286287619e-09,2.1735086600211437e-09,4.1117420468583634e-09,1.9847556451877733e-09,7.02197109153495e-10,1.2956306612261801e-09,2.510264446659472e-09,1.8570029808754105e-08,9.020812076851323e-08
carbon_pipeline,power,HU-RO,5.242489391909658e-09,8.426645130927153e-10,2.0110126382568714e-09,1.6446120338972626e-09,2.8730392994718162e-09,5.104498853941295e-09,2.0013630655605424e-08,6.829328223843733e-09,2.3196260917384246e-08,5.63030356574035e-07
carbon_pipeline,power,HU-SI,7.57488675907006e-09,1.728819459180672e-09,2.8260053526633135e-09,3.628610920921924e-09,3.951727779928703e-09,1.2344012270750655e-09,8.461954146337549e-10,1.2146794745402958e-09,4.634754832332559e-09,5.286817206941527e-08
carbon_pipeline,power,HU-SK,1.5195789911545453e-08,2.9385894032161706e-09,1.9616744191445932e-09,2.4920518718850492e-09,3.2909756931428456e-09,5.299257417083044e-09,5.786542669260364e-09,1.914978918681268e-08,1.1256080734093601e-08,2.130504045026572e-07
carbon_pipeline,power,IE-UK,6.925994698708695e-09,1.5076503912129894e-09,2.613385686973229e-09,2.342505306078789e-09,3.1746250432368777e-09,3.497470062926568e-09,3.414625678867978e-10,7.220724895583491e-10,1.7851441396263556e-09,4.5314796701561464e-08
carbon_pipeline,power,IT-AT,5.038653723878509e-09,9.192621672213739e-10,4.88537946176954e-10,7.292882943166835e-10,8.434998781519944e-10,1.0746576967099592e-09,1.300295590593381e-09,1.8238896507243632e-09,3.2391169527373133e-09,3.879628139057044e-08
carbon_pipeline,power,IT-CH,5.012204056215706e-09,8.21340743249054e-10,4.092502191477727e-10,6.197653486634256e-10,7.489304084067479e-10,1.5230775810617654e-09,1.945053283545074e-09,3.4339771181771323e-09,2.97801271603083e-09,4.6462405355395804e-08
carbon_pipeline,power,IT-EL,2.947167330745182e-09,4.813509592056231e-10,7.798894012866285e-10,7.259062235919151e-10,9.01632349859474e-10,1.9218215073741348e-09,1.0293944861771259e-08,1.174304028230084e-09,1.6985623971107716e-08,1.020858357194521e-06
carbon_pipeline,power,IT-FR,3.3499305633861505e-09,5.560944159013781e-10,2.4732488770011416e-10,3.670926177434516e-10,5.925054436350882e-10,2.4985259940573364e-09,1.531747171176192e-09,3.683154507434419e-09,3.6556190882330137e-09,4.1359101038499205e-08
carbon_pipeline,power,IT-SI,6.462614106167941e-09,1.3310331549380884e-09,6.343094469872381e-10,1.0215561788073279e-09,1.1948727389325493e-09,1.3719814204843442e-09,1.824913721237664e-09,2.3337470243736965e-09,3.784447393824289e-09,5.121665757827641e-08
carbon_pipeline,power,LT-LV,1.4290474461446902e-08,2.7565004788996734e-09,2.5242613565952233e-09,3.2344520236449557e-09,4.2285632133918654e-09,5.2901293830993e-09,3.668650782204116e-09,7.28291860219793e-09,8.947226693260482e-09,1.3084897161175722e-07
carbon_pipeline,power,LT-PL,5.92715266402408e-09,1.2388531912715653e-09,2.1141527267936487e-09,1.1451820693078817e-09,7.34929619659158e-10,7.863288154010514e-10,1.1044878561647866e-09,1.8617461746316417e-09,3.559644156828431e-09,4.556739357307564e-08
carbon_pipeline,power,LT-SE,4.449493681715556e-09,1.30298639094928e-09,1.819370757801334e-09,2.1933191117328706e-09,3.737395570187961e-09,5.5755530942809746e-09,2.611894868191607e-08,7.639689751123646e-09,1.3966840021776735e-09,1.1890885122624794e-07
carbon_pipeline,power,LU-BE,1.9775382888609456e-08,4.644877771747879e-09,5.060418908390809e-09,2.5808913405912103e-09,1.2101992794351841e-08,1.5631929370240796e-08,2.228547786318492e-07,1.3618722812364474e-08,1.3238283489397523e-07,1.245263508648156e-06
carbon_pipeline,power,LU-DE,7.193903554391877e-09,1.6581860093555734e-09,1.4310113160413217e-09,2.429022527517821e-09,6.146977541658728e-10,9.930729158357173e-10,2.036560290437775e-09,3.2169135023986655e-09,2.9404321448153004e-09,4.7044458909981406e-08
carbon_pipeline,power,LU-FR,5.715296827777099e-09,1.2778789187351789e-09,1.1392160596966894e-09,2.9021283240330814e-09,2.465910939316293e-09,1.0603933663531732e-08,3.3294044151353466e-09,3.605002087076756e-09,1.5981533442221665e-07,1.2217545979484502e-06
carbon_pipeline,power,LV-EE,1.2419754908170163e-08,2.6720570414717942e-09,2.646005096614038e-09,3.4506869575728336e-09,4.737271075292251e-09,7.406722327213312e-09,6.329788220996732e-09,7.390590863723075e-09,5.489110055236559e-09,1.2143675214208494e-07
carbon_pipeline,power,LV-LT,1.4642757833112453e-08,3.0502593080128485e-09,3.4846824833679596e-09,3.334655732901931e-09,3.5164407882345843e-09,3.917639901668691e-09,8.319124309836373e-09,5.843137815782112e-09,9.159625200466414e-09,1.2498748745217017e-07
carbon_pipeline,power,NL-BE,1.3882349399416e-08,2.214615758756445e-09,1.315702864178286e-09,1.723687594978109e-09,4.180196233229125e-09,5.852270701644509e-09,5.722550950326468e-09,1.5424351583578386e-08,2.152752765051984e-07,0.44408780002197773
carbon_pipeline,power,NL-DE,6.940078307489348e-09,1.2409274536467856e-09,8.316779861867342e-10,1.1119047718959503e-09,1.3026124075290116e-09,1.513241084043926e-09,1.9327338089293342e-09,3.2214142210436965e-09,4.027147097316002e-09,5.008644584350347e-08
carbon_pipeline,power,NL-DK,5.625119006621997e-09,1.7095716663853764e-09,1.1522035985623966e-09,1.6564226433807014e-09,3.5567502410289854e-09,1.901772329224855e-09,1.7179852064040148e-09,1.3739193632264676e-08,2.5942789366648616e-08,3.969786566855019e-07
carbon_pipeline,power,NL-NO,2.1704993129555047e-09,4.115527842897906e-10,2.695007014591727e-10,4.002235850987418e-10,9.251093305785917e-10,1.0194819554965826e-09,3.926856370388261e-09,1.2776732450793962e-08,7.533415730040312e-09,1.1129625331682703e-07
carbon_pipeline,power,NL-UK,4.919602822222288e-09,9.110405582585991e-10,1.0886319206228807e-09,1.048386168130054e-09,7.164815624115272e-09,7.284461051224885e-07,0.16961848665251006,0.04087738445096492,5.92458241495976e-07,1.152606109960704e-06
carbon_pipeline,power,NO-BE,1.6961970412608396e-09,3.032973295389839e-10,3.2131460419339813e-10,2.7402275517853874e-10,3.284941536195754e-10,3.990237434718917e-10,4.369027454956035e-10,5.689074275680209e-10,1.12116105546228e-09,1.2641592762236079e-08
carbon_pipeline,power,NO-DE,1.8203042081644663e-09,3.29862773761759e-10,3.4542069549358304e-10,3.2665215821621904e-10,2.8449435757767044e-10,3.779511128648042e-10,4.440399508467912e-10,5.508207026356987e-10,9.247810923079191e-10,1.1835471025039513e-08
carbon_pipeline,power,NO-DK,2.5013432175431853e-09,5.307024139988368e-10,6.638787570831933e-10,5.550629807804692e-10,3.6358631032845924e-10,4.710280722621029e-10,5.027938373915863e-10,6.284674276144202e-10,1.27595274394726e-09,1.7992514344498992e-08
carbon_pipeline,power,NO-FI,5.757270980253353e-09,1.0369610722303528e-09,9.484824764982358e-10,1.0999491436106918e-09,1.218006446800087e-09,1.3086327384765352e-09,1.328620430398718e-09,1.9041933281783688e-09,3.088374449787947e-09,3.944911976097492e-08
carbon_pipeline,power,NO-FR,1.4172821777182505e-09,2.503146535728483e-10,2.592289455456702e-10,2.609973556005169e-10,2.8289070709509405e-10,3.1458184678134954e-10,3.9153860325931603e-10,4.626993933660244e-10,1.0292967498327746e-09,1.0332007774849744e-08
carbon_pipeline,power,NO-NL,1.8396334585730474e-09,3.4031708378723365e-10,4.149322974981506e-10,3.6347471594962475e-10,2.745328585556129e-10,3.275284002039817e-10,5.034108837018073e-10,5.881326389038181e-10,1.0606072568578865e-09,1.2930739673742247e-08
carbon_pipeline,power,NO-SE,9.296900384768935e-09,1.753950019375225e-09,1.6900254064242639e-09,1.8587714302301237e-09,1.924489752992833e-09,1.9147839843048343e-09,2.7894401912975677e-09,3.461232679199379e-09,5.97980033924111e-09,7.320752773407154e-08
carbon_pipeline,power,NO-UK,1.8093912488760256e-09,3.290663016276659e-10,4.332021776115174e-10,3.8942921061947656e-10,4.056026366621245e-10,4.699964775848446e-10,4.0224018177581034e-10,5.48886154723896e-10,1.1390434273955838e-09,1.3586622335540922e-08
carbon_pipeline,power,PL-CZ,7.0160911603034766e-09,1.5997277061110965e-09,2.1380463385942536e-09,1.6730470121496958e-09,1.1538309048401632e-09,8.536862253647987e-10,8.92021347128836e-10,1.972871680053534e-09,3.858280109675368e-09,5.5399542909035176e-08
carbon_pipeline,power,PL-DE,5.1603653783766685e-09,1.181998241371098e-09,1.6102800800338866e-09,1.0109025047407639e-09,4.716489100679926e-10,1.537616149636129e-09,1.080120890235915e-09,2.3742710477570917e-09,1.7900607897807394e-09,3.5614421709661656e-08
carbon_pipeline,power,PL-LT,5.592703492159425e-09,1.0465998849482171e-09,8.113836595676452e-10,1.248267827704419e-09,2.4138238147117846e-09,4.907643098151354e-09,1.5898618380676885e-08,1.598940337969957e-08,7.219932338770615e-09,1.4695044867069468e-07
carbon_pipeline,power,PL-SE,2.982796802232486e-09,7.960469731000774e-10,5.825687140202438e-10,8.839375458015098e-10,1.6071047282339133e-09,4.739335565282791e-09,8.235144348973903e-08,5.0426957631690333e-08,1.0844974658708267e-09,1.7902415812440195e-07
carbon_pipeline,power,PL-SK,6.849015443461572e-09,1.552924675773961e-09,2.1531004295306925e-09,2.0811729153732454e-09,1.6818734792583092e-09,8.287387671255801e-10,1.1051137042613227e-09,2.6073154198672143e-09,8.237578566677969e-09,9.732334296537654e-08
carbon_pipeline,power,PT-ES,6.511944596098925e-09,1.4603777541956549e-09,1.7181938613224805e-09,1.8824151654275553e-09,2.246574658813776e-09,3.2455574921972455e-09,3.3957664413784167e-09,3.3461884602383597e-09,5.224700508274644e-09,8.832836131391997e-08
carbon_pipeline,power,RO-BG,7.857330696597174e-09,1.336024767132265e-09,5.076295040126341e-09,4.385146234287787e-09,6.854739929303851e-09,8.847330519409344e-09,2.7381428499307383e-08,3.446716807757122e-09,1.8740164240314047e-08,5.953380374556045e-07
carbon_pipeline,power,RO-HU,6.455833590274169e-09,1.5390147815330558e-09,4.1998718606388185e-10,7.363663497147373e-10,7.841411168933917e-10,8.976178094130301e-10,1.1808911410670807e-09,2.7589737644394625e-09,3.564939821313338e-09,6.45093306271669e-08
carbon_pipeline,power,SE-DE,2.0722127175567814e-09,3.835176494345892e-10,4.1297493146389923e-10,3.793061029148047e-10,3.220017660784047e-10,4.5115512407732875e-10,5.005823776221585e-10,6.392095879792401e-10,1.0969653661010398e-09,1.4330743790297217e-08
carbon_pipeline,power,SE-DK,3.0467417231119684e-09,7.049303933159912e-10,9.909315260721029e-10,7.527576548742139e-10,4.031999813412404e-10,5.813884304447579e-10,5.568726314354654e-10,8.102703444340426e-10,1.393231565211001e-09,2.3476627384453606e-08
carbon_pipeline,power,SE-FI,5.3056811521874954e-09,9.925348377206157e-10,8.978137630848294e-10,1.0647689811868038e-09,1.2730125044146244e-09,1.5487483666127893e-09,1.2354212402333774e-09,1.91293889850178e-09,2.76556596354735e-09,3.9033201981837014e-08
carbon_pipeline,power,SE-LT,2.6654140341354284e-09,4.710075285932129e-10,4.591874839967503e-10,5.314697833477919e-10,6.089002302157002e-10,7.350939508315142e-10,7.944240693236156e-10,9.438050581852313e-10,1.706181237240444e-09,2.105576688896477e-08
carbon_pipeline,power,SE-NO,1.2789060320262001e-08,3.3095972070013363e-09,3.901084242752289e-09,5.248523208927285e-09,1.3986497506387696e-08,0.029037597398195926,1.6551867446127215,4.626202922635848e-07,6.9065728031895e-09,1.317748617670135e-07
carbon_pipeline,power,SE-PL,2.1710354417585706e-09,4.324954575314404e-10,4.1023187561637107e-10,4.1093087312331374e-10,3.8847497983768985e-10,5.139908983556795e-10,6.456631856536074e-10,6.821847598469442e-10,1.2951052556524655e-09,1.6299505007252152e-08
carbon_pipeline,power,SI-AT,1.3484971096559978e-08,2.200788542861174e-09,1.6505385146196885e-09,1.878285872065573e-09,2.1794478691135728e-09,4.0549185884520055e-09,3.985534384910726e-09,5.754918881699656e-09,1.1192415024058034e-08,1.3093271095883775e-07
carbon_pipeline,power,SI-HR,1.4235083730502148e-08,3.800035659779614e-09,1.376173715862286e-09,2.8967592755844577e-09,2.3005434795473806e-09,2.2119086509631915e-09,4.863229958055753e-09,1.1566763392294754e-08,5.4440778181306615e-08,1.3568975420323421e-06
carbon_pipeline,power,SI-HU,6.779971084669488e-09,1.1985762051986294e-09,9.780702153325489e-10,1.125657007847579e-09,1.3361981406011717e-09,2.03676386746053e-09,3.355976692347756e-09,5.577072648714872e-09,5.56300864881111e-09,9.310164411454367e-08
carbon_pipeline,power,SI-IT,6.956757594927713e-09,1.3757130802307868e-09,1.355550442355492e-08,1.703367265102637e-08,4.17887804370945e-08,1.1197024800813878e-08,8.640242839956519e-09,3.746620895211407e-09,1.1963971878304513e-08,2.860392225887984e-07
carbon_pipeline,power,SK-AT,6.159597592494756e-09,1.2944934596608206e-09,1.8340915918316038e-09,1.9009253945611487e-09,1.7671933056898075e-09,1.1888092934494568e-09,8.784618287150152e-10,9.624847324751371e-10,3.2026269588312954e-09,4.0084866203431177e-08
carbon_pipeline,power,SK-CZ,8.468505257857339e-09,1.8042396770475866e-09,1.4192847781098378e-09,1.4621176497390915e-09,1.4040012312490994e-09,2.5141993041844425e-09,1.908374714363427e-09,3.2978313152236818e-09,5.232131259748317e-09,8.808539488441125e-08
carbon_pipeline,power,SK-HU,1.536120942813355e-08,3.606368516941581e-09,5.351570213281006e-09,6.723931206713855e-09,6.2014083451035365e-09,3.388252894398897e-09,7.01298426961823e-09,5.7248787155892015e-09,4.691835019439863e-08,4.145531145610822e-07
carbon_pipeline,power,SK-PL,7.114262019244193e-09,1.4471056459720093e-09,9.37863590106284e-10,1.1870694807988713e-09,1.6329611153858481e-09,4.138092668195857e-09,1.3702092224989168e-08,4.1528129097243145e-08,7.8741570343855e-09,1.8823027450728944e-07
carbon_pipeline,power,UK-BE,4.160357796041757e-09,7.748793684305801e-10,5.09240704428872e-10,5.25261854243885e-10,7.41655616908123e-10,9.975819618472544e-10,1.3718322255061862e-09,1.8218497219763006e-09,5.244341211506011e-09,3.808453641720697e-08
carbon_pipeline,power,UK-DE,2.9022467441249995e-09,5.463305717766062e-10,3.8971139501054904e-10,4.590459993653717e-10,4.175152620013117e-10,5.729206922182947e-10,7.958295023397834e-10,1.051771258761074e-09,1.773293142390449e-09,1.8418007341241912e-08
carbon_pipeline,power,UK-DK,3.4222156134519e-09,8.601569766057558e-10,5.935898911258674e-10,6.914616027870973e-10,4.4131424363929977e-10,6.023292838236e-10,8.825471370160752e-10,1.3395083541517193e-09,2.177337354272223e-09,2.646779987764239e-08
carbon_pipeline,power,UK-FR,3.118411096301173e-09,5.775900019432204e-10,4.012668128199992e-10,5.184676085061766e-10,6.470416751811422e-10,8.779659359440116e-10,9.996705549973437e-10,1.3673512872144052e-09,4.951609136712095e-09,2.7528310961091446e-08
carbon_pipeline,power,UK-IE,7.939646605990932e-09,1.3414423342275771e-09,7.625837205802914e-10,1.137939237151275e-09,1.2672087169857707e-09,1.1763032360498136e-09,0.1578316690931172,0.040877370842091636,2.0309841016683495e-08,1.777748243276508e-07
carbon_pipeline,power,UK-NL,4.378605487223877e-09,9.103373710290182e-10,7.323991559563701e-10,8.014583370755121e-10,5.32542073771641e-10,8.394955235652572e-10,1.293845102619813e-09,1.6201452789903406e-09,3.505991717108558e-09,3.166594043402352e-08
carbon_pipeline,power,UK-NO,2.0319804425785016e-09,3.9299712890284317e-10,2.4984712157401636e-10,3.5565291107858597e-10,4.647839235731133e-10,5.390185651412208e-10,1.2904112650294582e-09,2.3670672575564245e-09,2.749319289043652e-09,2.551199237492733e-08
carbon_storage,power,AT,0.0,0.0,0.0,0.0,0.0,0.0,0.0,0.0,0.0,0.0
carbon_storage,power,BE,9.42534934335031e-09,2.0651266227163984e-09,5.1194750969250804e-09,1.3687617553926636,0.2684745592786571,0.39472713817335836,6.386667773874847e-10,1.416152485757403e-10,4.812879880956744e-11,2.60391623121977e-11
carbon_storage,power,BG,0.0,0.0,0.0,0.0,0.0,0.0,0.0,0.0,0.0,0.0
carbon_storage,power,CH,0.0,0.0,0.0,0.0,0.0,0.0,0.0,0.0,0.0,0.0
carbon_storage,power,CZ,0.0,0.0,0.0,0.0,0.0,0.0,0.0,0.0,0.0,0.0
carbon_storage,power,DE,8.335430494156295e-09,3.4767577849232697e-09,1.906495529557131e-09,1.724539992529527e-08,0.4452054478753576,3.89946030990641e-10,1.3867121379713516e-10,8.055448238299694e-11,3.534497359013895e-11,2.1456318964452615e-11
carbon_storage,power,DK,2.845917773931423e-09,8.026122774237595e-09,1.773361675694205e-09,3.299032008310225e-10,3.943729904005358e-09,1.1131794890309419,1.7407017722964595,1.894767462485063e-10,5.706573126058574e-11,2.869550135372304e-11
carbon_storage,power,EE,0.0,0.0,0.0,0.0,0.0,0.0,0.0,0.0,0.0,0.0
carbon_storage,power,EL,5.3591971649591554e-09,1.3931461276918606e-10,6.712948815473829e-11,1.460351745448384e-10,3.2378422570759666e-10,2.984498996959447e-08,0.6765981370421671,4.923306539749855e-10,6.549593057783379e-11,3.336890494520117e-11
carbon_storage,power,ES,0.0,0.0,0.0,0.0,0.0,0.0,0.0,0.0,0.0,0.0
carbon_storage,power,FI,5.162924625554465e-09,1.6114843318424629e-09,2.10582609663384e-09,2.7423559373696634e-09,5.364283773809661e-09,5.165756744255238e-08,0.04566203131150967,3.5534962635681537e-10,8.377196953234103e-11,3.342433206386926e-11
carbon_storage,power,FR,1.015878884585037e-08,3.1420449805743734e-09,1.4708634177832709e-09,8.38381676838449e-09,2.2078229989747968e-08,0.20336099029648783,1.212164078349101,1.872712740693682e-10,5.40781785674303e-11,2.7402552534976118e-11
carbon_storage,power,HR,8.90600142627739e-09,5.945400031859493e-09,3.4709336203959128e-09,1.846884422409209e-08,0.02796799130796218,8.17919088593434e-09,1.4680065865004832e-10,5.277924235367429e-11,2.93179461010479e-11,1.9376834283177983e-11
carbon_storage,power,HU,0.0,0.0,0.0,0.0,0.0,0.0,0.0,0.0,0.0,0.0
carbon_storage,power,IE,6.041167625512195e-09,1.6931703608809732e-09,1.0534789340215651e-09,2.009267672924596e-09,3.0490325935497e-09,2.116018651374616e-08,0.24451069733861222,0.040877395318932606,1.1304460627587942e-10,3.986201263759115e-11
carbon_storage,power,IT,4.665733023883044e-09,1.3753682156352017e-10,7.118559606231754e-11,1.40525205374543e-10,1.2449537114680507e-09,0.4537671163717037,5.021678940979975e-10,9.203674622401819e-11,4.192612047603787e-11,2.5180672634920852e-11
carbon_storage,power,LT,0.0,0.0,0.0,0.0,0.0,0.0,0.0,0.0,0.0,0.0
carbon_storage,power,LU,0.0,0.0,0.0,0.0,0.0,0.0,0.0,0.0,0.0,0.0
carbon_storage,power,LV,0.0,0.0,0.0,0.0,0.0,0.0,0.0,0.0,0.0,0.0
carbon_storage,power,NL,5.328947167546284e-09,1.80068252892892e-09,1.051963340241659e-10,3.18605292036006e-10,8.783765480940276e-10,1.78082190843299,7.007623541472506e-10,1.49810088698274e-10,4.844227216585811e-11,2.6270163413893695e-11
carbon_storage,power,NO,3.8011281691596045e-11,4.3275292217114504e-11,6.723300788506824e-09,7.558775450913321e-11,1.293084261362518e-10,3.1718017864178837e-10,2.2919747731176843,0.8050571828053898,1.8080126238225234e-10,0.0799086757308204
carbon_storage,power,PL,0.0,0.0,0.0,0.0,0.0,0.0,0.0,0.0,0.0,0.0
carbon_storage,power,PT,0.0,0.0,0.0,0.0,0.0,0.0,0.0,0.0,0.0,0.0
carbon_storage,power,RO,0.0,0.0,0.0,0.0,0.0,0.0,0.0,0.0,0.0,0.0
carbon_storage,power,SE,5.941167205248974e-09,1.7215318160645644e-09,2.0301095301235737e-09,2.521678418121228e-09,4.577726638441075e-09,1.8837643564178363e-08,0.3538812421010578,6.611579337282216e-10,1.0736783487400421e-10,4.0586277441356745e-11
carbon_storage,power,SI,0.0,0.0,0.0,0.0,0.0,0.0,0.0,0.0,0.0,0.0
carbon_storage,power,SK,0.0,0.0,0.0,0.0,0.0,0.0,0.0,0.0,0.0,0.0
carbon_storage,power,UK,4.505377300455597e-09,1.0280141662266438e-10,5.842232549964053e-11,6.86587647247001e-11,1.0711740087444163e-10,2.5004325667853382e-09,1.3926940560070646,4.532695838518401e-10,7.699162790281617e-11,3.3929576950311016e-11
hard_coal_plant_CCS,power,AT,1.6514345831912707e-09,3.7766143527224887e-10,2.883450465253598e-09,2.4506508852728585e-09,1.7315775567191398e-10,8.861967482913764e-11,6.94518846317472e-11,8.669450219567115e-11,1.539265903256632e-10,5.676290983414722e-09
hard_coal_plant_CCS,power,BE,1.4653786216583729e-09,5.336639893720151e-10,4.301028434230606e-09,2.9948382748718935e-09,2.933899592569879e-10,1.3283509933938393e-10,7.947867166091649e-11,8.881771306103784e-11,1.2330447179107483e-10,3.910743974129574e-09
hard_coal_plant_CCS,power,BG,1.2765173483356039e-09,3.7887895160506014e-10,1.998336370551557e-09,2.241242117818239e-09,2.295254515841209e-10,1.3138749359958972e-10,1.0691681514162372e-10,1.1726486455297402e-10,2.0158606333928264e-10,7.784910541534978e-09
hard_coal_plant_CCS,power,CH,1.4541087697277498e-09,5.711542307668602e-10,3.3538959363637263e-09,1.9021583376830154e-09,2.0397367464917533e-10,1.2225805995115694e-10,7.944854045581318e-11,9.142900109911892e-11,1.5173643032788814e-10,5.507840655409875e-09
hard_coal_plant_CCS,power,CZ,1.6279163806235057e-09,3.553442414689879e-10,2.7528895734846017e-09,1.5033870779305566e-09,1.6681241813816685e-10,9.579949740933002e-11,7.833516588767391e-11,1.0252179098728553e-10,1.8367805684772953e-10,6.212642845943973e-09
hard_coal_plant_CCS,power,DE,1.7146457059313742e-09,3.848884967878893e-10,4.267937030113222e-09,2.6435528673534e-09,1.4929844189822205e-10,1.2501294056951967e-10,8.718405065724548e-11,1.0389147775416485e-10,1.3295778058707656e-10,4.189074323915952e-09
hard_coal_plant_CCS,power,DK,1.646577432423812e-09,3.364986772504064e-10,2.739597112840643e-09,1.923541467985659e-09,1.840723030407767e-10,1.0049885301306107e-10,7.998200071177569e-11,1.0436485741418815e-10,1.6235894174138748e-10,5.792693593225554e-09
hard_coal_plant_CCS,power,EE,1.5917387649210232e-09,3.403761028690262e-10,1.630698702805033e-09,1.107347602730564e-09,5.14181492614666e-10,2.5725759777618945e-10,1.5448004770653425e-10,1.6056363172659152e-10,2.407571578675859e-10,7.262111888527822e-09
hard_coal_plant_CCS,power,EL,1.2845639012539975e-09,3.299064705525565e-10,1.7464385494006834e-09,2.024293422288716e-09,5.117275221335984e-10,2.359939169622093e-10,1.449001733079701e-10,1.291295575815269e-10,2.2647588448241549e-10,8.243543553553581e-09
hard_coal_plant_CCS,power,ES,1.230548191948691e-09,2.967708958169336e-10,7.828864938574505e-10,6.198115034619488e-10,4.771466254901478e-10,6.00796835225528e-10,3.277195057956902e-10,3.166713699306595e-10,4.772994714576276e-10,8.770211089451869e-09
hard_coal_plant_CCS,power,FI,1.6039779076838836e-09,3.452430850031203e-10,1.4121702673909535e-09,1.1652928139213979e-09,1.0281855251279555e-09,6.442894088925269e-10,2.0469221044918713e-10,2.229009645911282e-10,2.86002034821516e-10,8.9470103073903e-09
hard_coal_plant_CCS,power,FR,1.368944778801915e-09,5.422830751045746e-10,1.8357561589442315e-09,1.1029943827518465e-09,5.451908373082624e-10,2.897466734086519e-10,1.5479601523723062e-10,1.5703931108909203e-10,2.0517595293007805e-10,6.766520989688176e-09
hard_coal_plant_CCS,power,HR,1.6944999479406696e-09,2.1000706832973665e-10,3.3535001329196175e-09,1.9574218462739503e-09,1.5597974955778096e-10,7.348597022032492e-11,6.804159932876635e-11,8.72250930199938e-11,1.6159216701731553e-10,5.627726408461518e-09
hard_coal_plant_CCS,power,HU,1.29360061803559e-09,3.527494869659993e-10,1.5457811619880883e-09,1.4160464616961604e-09,3.704024363413481e-10,1.5829111996303803e-10,1.3584927229973742e-10,1.5349307643769243e-10,2.627651860364242e-10,7.38521148074851e-09
hard_coal_plant_CCS,power,IE,1.3331940254705647e-09,5.217510867598923e-10,1.853809031721228e-09,1.2282765296257143e-09,6.048985620050217e-10,2.8940725844373405e-10,2.1792824636342144e-10,1.5881938289105813e-10,2.070467944180221e-10,6.855656210485907e-09
hard_coal_plant_CCS,power,IT,1.3933529603048331e-09,3.2259131204907673e-10,2.49033599624505e-09,2.2506762501216646e-09,1.857907972439217e-10,9.307223053263481e-11,7.350697977181151e-11,9.348648616520767e-11,1.6899683007290553e-10,6.0711767457987235e-09
hard_coal_plant_CCS,power,LT,1.5836123421087315e-09,3.425001802882714e-10,1.5866231132427402e-09,1.0097372360332028e-09,4.426561305074258e-10,2.3725051170640105e-10,1.8758318142428018e-10,1.7002430797270266e-10,2.50629667364926e-10,7.256980523347801e-09
hard_coal_plant_CCS,power,LU,1.3688394839037273e-09,5.318801137346124e-10,1.8526744102441907e-09,8.568839522576816e-10,5.19692596136311e-10,2.913590615207948e-10,1.8893754902091073e-10,1.9809185341776926e-10,2.588266270217582e-10,7.1286649535940505e-09
hard_coal_plant_CCS,power,LV,1.5805546413050899e-09,3.397660021956417e-10,1.5995046074488128e-09,1.0477916932927848e-09,4.685448896298609e-10,2.5867349087405914e-10,1.8587195776251314e-10,1.8468204139529086e-10,2.6364846305845676e-10,7.547518789974016e-09
hard_coal_plant_CCS,power,NL,1.3935760828188251e-09,4.958462032842189e-10,3.77455177373825e-09,1.934847959762324e-09,1.3625987971721775e-10,9.406804706668861e-11,7.17878632476731e-11,8.562331886856871e-11,1.350051568839369e-10,5.259656107413257e-09
hard_coal_plant_CCS,power,NO,1.6237825394716714e-09,3.4854972281155184e-10,1.6259963847793226e-09,1.4388076962616102e-09,1.0163049212454423e-09,3.8667901660540165e-10,1.8463228543759075e-10,1.7400814666865228e-10,2.437233016424799e-10,8.824168976071949e-09
hard_coal_plant_CCS,power,PL,1.6528804136000337e-09,3.3333409347233893e-10,2.628449513712578e-09,1.468793962472483e-09,1.991922168460956e-10,1.1514368654238687e-10,1.0302096129891294e-10,1.1213564192025801e-10,1.7787233795860702e-10,6.587505494872443e-09
hard_coal_plant_CCS,power,PT,1.2085649570878879e-09,2.9082728602012444e-10,6.900157352256563e-10,5.78418988167232e-10,4.664864796169762e-10,5.392013570600889e-10,3.4528617152176557e-10,3.263186949520849e-10,4.8383974641781e-10,8.551152677621943e-09
hard_coal_plant_CCS,power,RO,1.2847710230206894e-09,3.659823539602607e-10,1.7781333338507196e-09,1.3063707545340335e-09,3.0515006429580807e-10,1.4701150926714395e-10,1.3915816981769981e-10,1.4886755040209355e-10,2.3912785094856e-10,7.037315981494239e-09
hard_coal_plant_CCS,power,SE,1.6328837886948072e-09,3.519852568538835e-10,1.6153152923637458e-09,1.4384572282120095e-09,1.1023464759187666e-09,5.479978854502906e-10,2.7259449552109174e-10,2.184572266540523e-10,2.6674695292621914e-10,9.15139864455901e-09
hard_coal_plant_CCS,power,SI,1.3665196351525934e-09,3.293166022522985e-10,1.8869961720137678e-09,2.5249812140466527e-09,2.2524950723995817e-10,8.513622810738166e-11,7.986954268751578e-11,1.0243833606391443e-10,1.8862246423598286e-10,6.3851875715356075e-09
hard_coal_plant_CCS,power,SK,1.5573587600741604e-09,3.499367459529827e-10,2.73183682920335e-09,1.2015184834911466e-09,1.642793517208513e-10,1.068383956357582e-10,1.0111126311717873e-10,1.2427026651379761e-10,2.0675200317319997e-10,6.917398058146707e-09
hard_coal_plant_CCS,power,UK,1.3467932414001604e-09,5.257316245723055e-10,2.3003001871541536e-09,1.5464703444482946e-09,4.3967029275710226e-10,1.9230583501865893e-10,1.1665367016129127e-10,1.232671429700596e-10,1.7071904721334359e-10,6.4461240440384424e-09
heat_pump,power,AT,6.215327001099245e-10,8.284792700421428e-11,2.2665573241204742e-10,3.441079803860967e-09,2.2021758407983234,2.1205381537703802,0.8884089289036903,12.461838557532504,3.3627346692590256,5.9212787362274685e-09
heat_pump,power,BE,3.6666522170421503e-10,9.250115685371464e-11,3.207140758514212e-10,5.476728301334248,3.831593239380515,3.5072915677709706,2.3039700530389733,15.752430634009809,6.902818253249686,5.476728249931883
heat_pump,power,BG,3.0752940235480173,1.4897586585303125e-09,0.5654648897117243,0.23228983547441573,0.23233690149534464,0.27373981906554806,4.207928058538464,3.5600462417728864,0.762451898641356,0.23228998600424305
heat_pump,power,CH,1.2507565915024642e-09,6.615638309852826e-11,1.0317382694314758e-10,6.119342368156916e-10,2.9484740147775597,2.8731456642536437,1.2037172010181647,18.728900102784124,4.551137553317033,1.9202152822239132e-08
heat_pump,power,CZ,6.07037485421793e-10,1.3392001929735507e-10,1.3057793716989614,0.9028347313878142,1.0163161346816307,5.1900712897412715,4.892277455380726,14.169902727979649,1.3057802525146527,1.5556544141730435
heat_pump,power,DE,5.780104486807473e-11,7.53867459038022e-11,5.284387291739419e-09,5.521855931934472e-10,24.79710624015602,35.66023576796138,24.96957479073122,101.91650695337029,2.3467254587247934,48.23716975351657
heat_pump,power,DK,4.571879704816433,1.3703940212078983e-09,1.5406404500756823,0.7953723620809161,1.606002738840626,1.578912413236208,5.607838310136081,9.94256286038021,1.5406405164756398,0.7953725097829664
heat_pump,power,EE,8.863815642372912e-11,9.97122121042241e-11,3.674273606239906e-10,0.029254783461905708,0.06761390310981943,0.27126520145916594,0.07941760088941922,2.0879500492264427,0.07286692028688954,0.08891801690186195
heat_pump,power,EL,14.847837011040813,0.08454806548533249,1.3675315083335575,1.6784828766314126,4.824539112170985,1.7711986688533738,15.631499625344999,0.08454808990510254,1.3675319791860256,1.7475613140380422
heat_pump,power,ES,17.686106367274437,0.9080287053037127,6.9986015072879475,4.041058745446145,2.9065329980902512,1.3953897054002231,22.33159918584292,0.9408995126474794,6.998601861956655,4.041058687675041
heat_pump,power,FI,7.503385436804397e-10,9.334609870335007e-11,8.900976631325753e-10,0.7720308794527663,0.6811454496304893,1.8662114329932924,0.3711634952661656,11.599634677023822,2.7516027784102697,0.9046666729539895
heat_pump,power,FR,73.56305675839027,11.86184201507886,12.755389432213308,19.192410606638738,16.387158537534226,11.973114132725774,80.29789537017115,15.1500467048994,12.755389480944999,19.192410562011887
heat_pump,power,HR,1.3703215314609656,0.25680349209662356,0.42676266214194053,0.48304231402559805,0.8663257268743341,1.174109587309184,2.0746059672886754,3.5947359375388195,0.4267628231066847,1.43047959429056
heat_pump,power,HU,8.87457688309589,1.64308328410719,0.6826868653425536,2.2787989701956284,3.806726442261049,6.267152842368847,12.246427653967695,3.005528484234016,0.6826869294213551,2.2787989524672625
heat_pump,power,IE,7.40964988339035,0.0762175741217254,0.2790234088446403,0.45073240102726875,0.9774427015009317,0.43849260244786403,8.477076493731643,0.07622056331043346,0.27902343230422283,0.4507323902591774
heat_pump,power,IT,39.407319499615966,12.366957754188842,14.51291983389894,25.312328345034125,24.513712880882252,17.7370837471515,48.913207821217405,12.366958024293657,25.976996057807003,25.312328435946863
heat_pump,power,LT,2.491091844547862,0.1490001444471888,0.2301341550233563,0.19325825999147847,0.6110952695918167,0.6646064311794899,3.850230917168924,0.1490002237656383,0.23420060474364657,0.1932586560793903
heat_pump,power,LU,2.436490274217767e-10,5.921443249441766e-11,1.1991730842026137e-10,0.12089584973091703,0.11221451976663235,0.31534816139253313,0.10362274019379254,1.3995819996680465,0.314888537659292,0.12598500154864956
heat_pump,power,LV,2.2255825971033803e-10,1.9411307894920717e-10,0.11318554445425179,0.19364024447131464,0.17416010480909289,0.14518905128156567,0.06962545768908446,2.728072488549065,0.2860906026801807,0.46649889440446324
heat_pump,power,NL,2.815475731107e-10,2.523846796168983e-10,8.214697589939052e-10,12.170305401561253,6.324665373468023,1.2283996773710093,1.1859749356782505,6.75803893271276,17.200827648015707,12.226047114434023
heat_pump,power,NO,5.3324172356940093e-11,1.2179035581524978e-10,9.939099806964925e-10,1.7817460532994707,1.0847992914891922,0.7834912877389498,0.7850105856860563,14.839106124159636,1.1964802976745927e-07,1.7817466941627553
heat_pump,power,PL,5.494472641506462,0.254895817143863,2.4809628940162463,1.653234138665204,2.4279078647233865,3.5772219934273704,20.80493855479299,46.45823532030589,2.4809633790318633,1.6532341752960642
heat_pump,power,PT,1.703632595117856,1.1922949099219176e-09,0.4407420920240277,0.39092272017919566,0.3215711679257402,0.15527179660274948,1.7264447430454168,5.287948577877169e-07,0.440742153205731,0.39092268317232964
heat_pump,power,RO,1.9630703902514313e-09,5.7392950888999e-10,1.5642406292069069,0.5242241577496772,1.4895260886708088,2.2761698163388933,1.7493936746263072,3.17183252658646,3.9671627763385477,0.5242240677627799
heat_pump,power,SE,2.3064482515101877e-09,1.4026983837376357e-10,1.8520978128154728,2.84765934035967,1.1186453580336038,0.819716462671699,3.384750343310043,10.635150348044073,3.246480969391376,2.8476595462183156
heat_pump,power,SI,2.323719318106479,9.50062061290351e-10,0.053242505976297774,0.21573489842849233,0.29185790780425247,0.29213226013614185,2.3743891058455433,0.69588391375204,0.05325024581811057,0.21573506811918838
heat_pump,power,SK,3.560775383720713e-10,1.2109239927351015e-10,3.2067061001599025e-10,0.6592462047132414,0.9333176951891698,0.10973123864624953,0.7627247158204113,2.70646057858283,1.685507237917094,0.7483920644574352
heat_pump,power,UK,37.71519158073784,17.49917088091642,25.60170007310826,26.95831882586552,21.751596922350085,8.624419008643548,49.74622218441369,21.874170700323205,25.601700098742793,26.958318791003716
hydrogen_storage,energy,AT,7.951791023439767e-08,2.476410563506571e-09,2.7777115802909186e-08,4.01016372154967e-08,5.052823027418286e-08,8.040087912648086e-08,7.897171232176725e-08,1.242638473252266e-07,1.4383634715014136e-07,1.65006831635137e-06
hydrogen_storage,energy,BE,7.91131926429e-08,2.935424123867986e-09,2.770692296889506e-08,3.9571529222862644e-08,4.9674808186792594e-08,7.886682668297444e-08,7.881573785599311e-08,1.225403005151707e-07,1.3510388446716357e-07,1.6100376762574183e-06
hydrogen_storage,energy,BG,7.931435872650955e-08,2.1090342136723916e-09,2.665619424600531e-08,4.0262286091843285e-08,5.105399102638245e-08,8.115154962557548e-08,9.366635856639461e-08,1.0650098403172528e-07,1.497871574880053e-07,1.6973693347485753e-06
hydrogen_storage,energy,CH,7.950799338846948e-08,2.519208355703148e-09,2.7607841855508763e-08,4.075032492592376e-08,5.0372335900744465e-08,8.123539814193007e-08,8.021871749785916e-08,1.2450236126329116e-07,1.433156311157933e-07,1.6571479729037085e-06
hydrogen_storage,energy,CZ,7.98015903891115e-08,2.420223287271767e-09,2.7671114359546368e-08,3.9781006340629826e-08,5.046140270828014e-08,8.035087131492174e-08,8.107126449083813e-08,1.292082510608143e-07,1.4634424625394733e-07,1.6801423701640982e-06
hydrogen_storage,energy,DE,7.912183863817993e-08,2.345136861672748e-09,2.6835447191709637e-08,3.89179344615767e-08,4.9843832275780764e-08,7.731587237906558e-08,7.922209937209041e-08,1.2194106648973253e-07,1.4063226279683908e-07,1.6004021837632833e-06
hydrogen_storage,energy,DK,7.975398464454683e-08,2.5432828045317243e-09,2.761585951699268e-08,3.9973167333380555e-08,5.0095578253194895e-08,7.739714127203109e-08,8.335690434211509e-08,1.2149233611773167e-07,1.356795973161767e-07,1.6368743962144669e-06
hydrogen_storage,energy,EE,8.011747042284574e-08,1.9091514840551323e-09,2.7648493676109893e-08,4.098362555222511e-08,5.075327110653663e-08,8.034461086100559e-08,7.694280908365101e-08,1.2863489781066944e-07,1.3437296341422432e-07,1.6207324220958541e-06
hydrogen_storage,energy,EL,7.988926349724918e-08,2.740895010936307e-09,2.729722935561085e-08,4.03024592598721e-08,5.07217595390122e-08,7.986100812012681e-08,8.947541178085176e-08,1.2416694119936757e-07,1.411851943603471e-07,1.703096534384296e-06
hydrogen_storage,energy,ES,7.957171645523149e-08,2.647198043736451e-09,2.677635160203075e-08,3.8867971311094716e-08,4.892946266630414e-08,7.961989058321672e-08,8.049893508711077e-08,1.2077042115329696e-07,1.412108720283188e-07,1.6284049043299273e-06
hydrogen_storage,energy,FI,7.980600572883054e-08,2.546753067125224e-09,2.774188876149184e-08,3.964776762196204e-08,5.031902570788735e-08,7.649233183855727e-08,7.98794624091853e-08,1.2578705862152613e-07,1.3345384476412967e-07,1.6176877335961423e-06
hydrogen_storage,energy,FR,7.927382005640941e-08,2.552760345104799e-09,2.7211612858645763e-08,3.8399538758356424e-08,4.784590968209515e-08,7.603871108335322e-08,7.911878782572451e-08,1.1872789753839074e-07,1.3368818455980135e-07,1.5841751928508656e-06
hydrogen_storage,energy,HR,7.934246464013484e-08,2.3517081954954943e-09,2.7332878311871094e-08,4.0052932676734246e-08,5.2692949754244803e-08,8.01634615797925e-08,8.001092204928923e-08,1.2768051938739922e-07,1.3612333563432651e-07,1.659318909968281e-06
hydrogen_storage,energy,HU,7.96486162880672e-08,2.1995485263495008e-09,2.7270900016091377e-08,4.008066093388622e-08,5.083409217515427e-08,8.010709278698086e-08,9.602220354895789e-08,1.1000174266010289e-07,1.5581510040809268e-07,1.6634253144546078e-06
hydrogen_storage,energy,IE,7.973453138492524e-08,2.6483664132497056e-09,2.8309293872288895e-08,3.96334728046784e-08,4.9437343753117754e-08,7.529836681532174e-08,8.067279531419771e-08,1.2219385791051328e-07,1.305804299430975e-07,1.6168707794057319e-06
hydrogen_storage,energy,IT,7.960043247678553e-08,2.2938145908569967e-09,2.698448911450088e-08,3.9827730243751364e-08,5.090907862198744e-08,8.293409511081546e-08,7.87364091721258e-08,1.1868860714600179e-07,1.4057957953757093e-07,1.6181129594232136e-06
hydrogen_storage,energy,LT,8.017795504525368e-08,1.7274574254833948e-09,2.688276006164324e-08,3.956308226913526e-08,5.132472176387042e-08,7.99058259194721e-08,8.691132849554195e-08,1.2281803715934475e-07,1.4404705991448334e-07,1.6144636384932501e-06
hydrogen_storage,energy,LU,7.890301048692533e-08,2.4962550297792075e-09,2.7418401494866565e-08,3.9182927519892254e-08,4.930230937253946e-08,8.039290852576477e-08,7.622568554332983e-08,1.218737595926303e-07,1.355665417344252e-07,1.6239280907940441e-06
hydrogen_storage,energy,LV,8.019794896695853e-08,1.6423649733747564e-09,2.7190356963626055e-08,3.972518910836264e-08,5.2303032724348125e-08,8.08011147714686e-08,7.915499322783757e-08,1.2762532329316405e-07,1.3500722958903073e-07,1.6223007588517754e-06
hydrogen_storage,energy,NL,7.957151584027014e-08,2.9577409424740627e-09,2.7893656653115594e-08,3.995728719388706e-08,5.000577137937746e-08,7.849393103644815e-08,7.997015968095524e-08,1.2320324562662688e-07,1.3634162925746863e-07,1.6247916389405342e-06
hydrogen_storage,energy,NO,7.993894940492583e-08,2.5267060654392424e-09,2.7510307379100168e-08,3.9363592284734575e-08,4.944615470269161e-08,7.687263874686292e-08,7.933600637148644e-08,1.214811770112854e-07,1.3369715589369937e-07,1.5920706095320955e-06
hydrogen_storage,energy,PL,8.031863918994538e-08,2.528932704620123e-09,2.7999659566329802e-08,4.0136206034824756e-08,5.115533464744741e-08,7.915632347157526e-08,8.173451108521518e-08,1.247429929415381e-07,1.4143239779095775e-07,1.6534162669408906e-06
hydrogen_storage,energy,PT,7.941754480655618e-08,2.2951083040191984e-09,2.670018532211138e-08,3.895925220211013e-08,4.9117794347250524e-08,7.957124275324102e-08,8.457033927428927e-08,1.1668506644973307e-07,1.393925438499622e-07,1.6369596886585567e-06
hydrogen_storage,energy,RO,7.9650262011893e-08,2.0114406972198746e-09,2.7502774213369203e-08,4.072802936877999e-08,5.313179125400447e-08,8.05299654041372e-08,6.820452787726207e-08,1.3267449052172464e-07,1.9091690630144838e-07,1.664831361307198e-06
hydrogen_storage,energy,SE,7.984402054620305e-08,2.613320135255667e-09,2.7572338942977136e-08,3.950573884885656e-08,4.971203474431385e-08,7.625593881937752e-08,7.964705277969121e-08,1.2525065558331814e-07,1.3481317126333488e-07,1.6096879311301678e-06
hydrogen_storage,energy,SI,7.935438861410203e-08,2.1127629552915056e-09,2.6925464251414546e-08,4.06528234704472e-08,5.3817621689221e-08,8.213223003095291e-08,7.569796331734196e-08,1.2971817336973482e-07,1.3641105933324374e-07,1.6612107225770457e-06
hydrogen_storage,energy,SK,7.965196981150486e-08,2.4089614748671854e-09,2.7545683852508263e-08,4.01133242439971e-08,5.0290197744851474e-08,7.958451764319654e-08,8.660634445201101e-08,1.2533434108322268e-07,1.5063751110941146e-07,1.6847358718498992e-06
hydrogen_storage,energy,UK,7.966321525847078e-08,2.42889743529336e-09,2.7392498276169664e-08,3.876125538021125e-08,4.8569326576782924e-08,7.561896570626509e-08,7.952147462516116e-08,1.1868503023350422e-07,1.323581486266011e-07,1.5890448038946948e-06
hydrogen_storage,power,AT,3.9758955117198835e-08,1.2382052817532855e-09,1.3888557901454593e-08,2.005081860774835e-08,2.526411513709143e-08,4.020043956324043e-08,3.9485856160883626e-08,6.21319236626133e-08,7.191817357507068e-08,8.25034158175685e-07
hydrogen_storage,power,BE,3.955659632145e-08,1.467712061933993e-09,1.385346148444753e-08,1.9785764611431322e-08,2.4837404093396297e-08,3.943341334148722e-08,3.9407868927996554e-08,6.127015025758535e-08,6.755194223358179e-08,8.050188381287092e-07
hydrogen_storage,power,BG,3.9657179363254774e-08,1.0545171068361958e-09,1.3328097123002655e-08,2.0131143045921642e-08,2.5526995513191226e-08,4.057577481278774e-08,4.683317928319731e-08,5.325049201586264e-08,7.489357874400265e-08,8.486846673742876e-07
hydrogen_storage,power,CH,3.975399669423474e-08,1.259604177851574e-09,1.3803920927754381e-08,2.037516246296188e-08,2.5186167950372232e-08,4.0617699070965036e-08,4.010935874892958e-08,6.225118063164558e-08,7.165781555789665e-08,8.285739864518542e-07
hydrogen_storage,power,CZ,3.990079519455575e-08,1.2101116436358835e-09,1.3835557179773184e-08,1.9890503170314913e-08,2.523070135414007e-08,4.017543565746087e-08,4.053563224541906e-08,6.460412553040715e-08,7.317212312697366e-08,8.400711850820491e-07
hydrogen_storage,power,DE,3.956091931908997e-08,1.172568430836374e-09,1.3417723595854819e-08,1.945896723078835e-08,2.4921916137890382e-08,3.865793618953279e-08,3.9611049686045206e-08,6.097053324486626e-08,7.031613139841954e-08,8.002010918816417e-07
hydrogen_storage,power,DK,3.9876992322273416e-08,1.2716414022658621e-09,1.380792975849634e-08,1.9986583666690277e-08,2.5047789126597448e-08,3.869857063601554e-08,4.1678452171057546e-08,6.074616805886583e-08,6.783979865808835e-08,8.184371981072334e-07
hydrogen_storage,power,EE,4.005873521142287e-08,9.545757420275662e-10,1.3824246838054947e-08,2.0491812776112555e-08,2.5376635553268315e-08,4.0172305430502793e-08,3.8471404541825507e-08,6.431744890533472e-08,6.718648170711216e-08,8.103662110479271e-07
hydrogen_storage,power,EL,3.994463174862459e-08,1.3704475054681535e-09,1.3648614677805426e-08,2.015122962993605e-08,2.53608797695061e-08,3.993050406006341e-08,4.473770589042588e-08,6.208347059968379e-08,7.059259718017355e-08,8.51548267192148e-07
hydrogen_storage,power,ES,3.978585822761574e-08,1.3235990218682255e-09,1.3388175801015374e-08,1.9433985655547358e-08,2.446473133315207e-08,3.980994529160836e-08,4.024946754355539e-08,6.038521057664848e-08,7.06054360141594e-08,8.142024521649637e-07
hydrogen_storage,power,FI,3.990300286441527e-08,1.273376533562612e-09,1.387094438074592e-08,1.982388381098102e-08,2.5159512853943676e-08,3.824616591927864e-08,3.993973120459265e-08,6.289352931076307e-08,6.672692238206483e-08,8.088438667980711e-07
hydrogen_storage,power,FR,3.9636910028204706e-08,1.2763801725523996e-09,1.3605806429322882e-08,1.9199769379178212e-08,2.3922954841047575e-08,3.801935554167661e-08,3.955939391286226e-08,5.936394876919537e-08,6.684409227990068e-08,7.920875964254328e-07
hydrogen_storage,power,HR,3.967123232006742e-08,1.1758540977477471e-09,1.3666439155935547e-08,2.0026466338367123e-08,2.6346474877122402e-08,4.008173078989625e-08,4.0005461024644613e-08,6.384025969369961e-08,6.806166781716326e-08,8.296594549841405e-07
hydrogen_storage,power,HU,3.98243081440336e-08,1.0997742631747504e-09,1.3635450008045689e-08,2.004033046694311e-08,2.5417046087577135e-08,4.005354639349043e-08,4.8011101774478945e-08,5.500087133005144e-08,7.790755020404634e-08,8.317126572273039e-07
hydrogen_storage,power,IE,3.986726569246262e-08,1.3241832066248528e-09,1.4154646936144448e-08,1.98167364023392e-08,2.4718671876558877e-08,3.764918340766087e-08,4.0336397657098854e-08,6.109692895525664e-08,6.529021497154876e-08,8.084353897028659e-07
hydrogen_storage,power,IT,3.9800216238392766e-08,1.1469072954284983e-09,1.349224455725044e-08,1.9913865121875682e-08,2.545453931099372e-08,4.146704755540773e-08,3.93682045860629e-08,5.9344303573000894e-08,7.028978976878546e-08,8.090564797116068e-07
hydrogen_storage,power,LT,4.008897752262684e-08,8.637287127416974e-10,1.344138003082162e-08,1.978154113456763e-08,2.566236088193521e-08,3.995291295973605e-08,4.3455664247770975e-08,6.140901857967237e-08,7.202352995724167e-08,8.072318192466251e-07
hydrogen_storage,power,LU,3.9451505243462666e-08,1.2481275148896038e-09,1.3709200747433283e-08,1.9591463759946127e-08,2.465115468626973e-08,4.019645426288238e-08,3.8112842771664916e-08,6.093687979631515e-08,6.77832708672126e-08,8.119640453970221e-07
hydrogen_storage,power,LV,4.0098974483479265e-08,8.211824866873782e-10,1.3595178481813027e-08,1.986259455418132e-08,2.6151516362174062e-08,4.04005573857343e-08,3.9577496613918783e-08,6.381266164658202e-08,6.750361479451537e-08,8.111503794258877e-07
hydrogen_storage,power,NL,3.978575792013507e-08,1.4788704712370313e-09,1.3946828326557797e-08,1.997864359694353e-08,2.500288568968873e-08,3.9246965518224074e-08,3.998507984047762e-08,6.160162281331344e-08,6.817081462873431e-08,8.123958194702671e-07
hydrogen_storage,power,NO,3.9969474702462917e-08,1.2633530327196212e-09,1.3755153689550084e-08,1.9681796142367288e-08,2.4723077351345806e-08,3.843631937343146e-08,3.966800318574322e-08,6.07405885056427e-08,6.684857794684968e-08,7.960353047660477e-07
hydrogen_storage,power,PL,4.015931959497269e-08,1.2644663523100615e-09,1.3999829783164901e-08,2.0068103017412378e-08,2.5577667323723706e-08,3.957816173578763e-08,4.086725554260759e-08,6.237149647076905e-08,7.071619889547888e-08,8.267081334704453e-07
hydrogen_storage,power,PT,3.970877240327809e-08,1.1475541520095992e-09,1.335009266105569e-08,1.9479626101055064e-08,2.4558897173625262e-08,3.978562137662051e-08,4.228516963714464e-08,5.8342533224866537e-08,6.96962719249811e-08,8.184798443292784e-07
hydrogen_storage,power,RO,3.98251310059465e-08,1.0057203486099373e-09,1.3751387106684602e-08,2.0364014684389996e-08,2.6565895627002233e-08,4.02649827020686e-08,3.4102263938631035e-08,6.633724526086232e-08,9.545845315072419e-08,8.32415680653599e-07
hydrogen_storage,power,SE,3.992201027310152e-08,1.3066600676278336e-09,1.3786169471488568e-08,1.975286942442828e-08,2.4856017372156925e-08,3.812796940968876e-08,3.9823526389845605e-08,6.262532779165907e-08,6.740658563166744e-08,8.048439655650839e-07
hydrogen_storage,power,SI,3.967719430705101e-08,1.0563814776457528e-09,1.3462732125707273e-08,2.03264117352236e-08,2.69088108446105e-08,4.1066115015476455e-08,3.784898165867098e-08,6.485908668486741e-08,6.820552966662187e-08,8.306053612885228e-07
hydrogen_storage,power,SK,3.982598490575243e-08,1.2044807374335927e-09,1.3772841926254132e-08,2.005666212199855e-08,2.5145098872425737e-08,3.979225882159827e-08,4.3303172226005506e-08,6.266717054161134e-08,7.531875555470573e-08,8.423679359249496e-07
hydrogen_storage,power,UK,3.983160762923539e-08,1.21444871764668e-09,1.3696249138084832e-08,1.9380627690105625e-08,2.4284663288391462e-08,3.7809482853132543e-08,3.976073731258058e-08,5.934251511675211e-08,6.617907431330055e-08,7.945224019473474e-07
lignite_coal_plant,power,AT,5.876392022964933e-09,6.687001566392043e-11,9.970091124693186e-11,1.3589099270004718e-10,2.0608968772207474e-10,3.270355828399344e-10,5.118968936680597e-10,9.690952325566183e-10,1.3841081394858143e-09,1.987020396504955e-08
lignite_coal_plant,power,BE,4.964095231615354e-09,1.1521405395424908e-10,2.276589994904907e-10,3.1445990411532305e-10,3.9577350649379665e-10,5.08172208837485e-10,7.036037228514798e-10,1.0960933399274838e-09,1.3254419263011252e-09,2.020092225366437e-08
lignite_coal_plant,power,BG,8.826536341845485e-12,1.1137193103806047e-11,1.380639820617076e-11,1.8143653418253124e-11,2.3641078266085925e-11,3.203504023104228e-11,4.5797354115911815e-11,7.132605593289546e-11,1.2417220097435623e-10,6.081875765664897e-10
lignite_coal_plant,power,CH,5.086926441130632e-09,1.1207134852719127e-10,1.7873149627397292e-10,2.0747219761202505e-10,3.283837832839224e-10,4.6282025855982363e-10,6.645120922896163e-10,1.0743536432303229e-09,1.445736900038965e-09,1.980899879084744e-08
lignite_coal_plant,power,CZ,1.8323340483086987e-11,1.8344440205833054e-11,2.3754265583737896e-11,3.230634910191505e-11,4.293915956602357e-11,6.91316145315724e-11,1.2677780949671482e-10,7.089687334278891e-09,1.776451524012794e-09,1.9582942874235194e-08
lignite_coal_plant,power,DE,1.534402615065578e-11,1.3826748798169675e-11,1.7482680980716695e-11,2.0782947402750547e-11,2.6955742382245274e-11,3.585192322440773e-11,5.1110913657455296e-11,8.539246318736413e-11,1.7253162406703154e-10,6.189807909877167e-10
lignite_coal_plant,power,DK,5.1396485440605815e-09,7.802664681676326e-11,1.3174847490626905e-10,1.9588225089430817e-10,2.8538634714438295e-10,4.111510180071826e-10,6.223364591508008e-10,9.94395020964603e-10,1.4896264472885492e-09,1.9581949200865773e-08
lignite_coal_plant,power,EE,5.093484893301741e-09,1.0754888223276686e-10,2.1264754300733515e-10,2.608921169996622e-10,3.9191892319152923e-10,7.495460713152848e-10,6.005876312790035e-10,7.253969343194981e-10,1.3343351214173255e-09,1.8947764872905406e-08
lignite_coal_plant,power,EL,8.545468533406113e-12,9.25650896204515e-12,1.1776392633952519e-11,2.332378393985657e-11,2.383216536892917e-11,3.365397263909886e-11,4.982442225227413e-11,7.886581616069429e-11,1.5687110398828843e-10,2.339321975170369e-08
lignite_coal_plant,power,ES,1.5940046242414445e-11,1.1753280645454895e-11,1.7628564711865803e-11,2.736634860840262e-11,5.230656329228673e-11,4.259391233714793e-09,1.4657159565955855e-09,1.0834834204509838e-09,1.7032411454241282e-09,1.7128532167816467e-08
lignite_coal_plant,power,FI,4.451313559714721e-09,1.4547427339089407e-10,2.75069540939905e-10,3.7394132947999196e-10,5.149215502547053e-10,7.656279716959324e-10,6.595166112997092e-10,8.225820149486969e-10,1.4071284062475134e-09,2.01087517125883e-08
lignite_coal_plant,power,FR,3.6444585218947474e-09,3.564452268400991e-10,6.554236306389853e-10,5.087032587491119e-10,4.982443899207603e-10,5.506394980626796e-10,7.400989505383141e-10,1.140797438117407e-09,1.461332468740867e-09,1.969460368702276e-08
lignite_coal_plant,power,HR,5.591642483371698e-09,4.8848669310733336e-11,9.386674416878836e-11,1.44204059535599e-10,2.2729695775328164e-10,3.3727980948725564e-10,5.374418103117937e-10,1.0521895597548557e-09,1.4805390579001756e-09,1.940888906428734e-08
lignite_coal_plant,power,HU,3.0378684135548655e-09,1.4554180915014191e-10,3.356235898049057e-10,7.305142807690528e-10,9.571624571100558e-10,6.405448494042331e-10,7.664998216055942e-10,1.1804186401373613e-09,1.5731373526666371e-09,1.934930104730412e-08
lignite_coal_plant,power,IE,3.372512546269105e-09,3.3402067687783767e-10,6.601780139485715e-10,4.2728142249456323e-10,5.327468697271706e-10,5.63047763321441e-10,7.324691469227934e-10,1.0245630880963333e-09,1.339578953110272e-09,1.8462960924438886e-08
lignite_coal_plant,power,IT,3.6210620757670753e-09,6.318200263665628e-11,1.207851829591433e-10,2.4204966107261424e-10,5.220594318461711e-10,1.1323873884180127e-09,1.0052272463190446e-09,1.1758990250725803e-09,1.507725189460347e-09,1.8531088723770698e-08
lignite_coal_plant,power,LT,5.238646194394106e-09,1.0771456696547834e-10,2.1139409693849567e-10,2.606024585694252e-10,3.913208551897827e-10,6.802428353317518e-10,6.666514137581008e-10,7.218593946722454e-10,1.3318280477612236e-09,1.863991683916636e-08
lignite_coal_plant,power,LU,3.6158860754152194e-09,3.008442360985037e-10,5.421507355660082e-10,5.004469517983993e-10,5.030995431625071e-10,5.879778384159619e-10,7.850129439784261e-10,1.3243256972833953e-09,1.4217809549720043e-09,1.9712236397980234e-08
lignite_coal_plant,power,LV,5.250986183040052e-09,1.0608990625469703e-10,2.078426890454796e-10,2.6312379563157956e-10,3.926163094823388e-10,7.340806841813955e-10,6.2033786500936e-10,7.331365391436328e-10,1.344500964431931e-09,1.917129099042763e-08
lignite_coal_plant,power,NL,4.308782270191345e-09,1.27417660248289e-10,3.500872696070617e-10,4.6341467859258514e-10,4.936054695746507e-10,5.471404491633835e-10,7.207258454563326e-10,1.0836856888228745e-09,1.4209113993516205e-09,1.9861603699879877e-08
lignite_coal_plant,power,NO,4.267824219331662e-09,1.353953516332489e-10,2.4209608138348013e-10,3.0539452538361567e-10,3.796036757372624e-10,4.917648019141609e-10,7.027581462453149e-10,9.935663697145448e-10,1.4305862140435318e-09,1.8533309884403194e-08
lignite_coal_plant,power,PL,1.5159082854224994e-11,1.4127435914984358e-11,2.656599087505268e-11,2.4800916190441098e-11,3.179800131769504e-11,4.204755081388443e-11,5.910324598769303e-11,8.752200362054278e-11,1.4869025641784736e-10,7.439805376564183e-10
lignite_coal_plant,power,PT,2.8827962697404755e-09,9.079663083642008e-11,1.4485149254876752e-10,2.1946735809445974e-10,3.4514363617765845e-10,8.565285525056171e-10,1.3130669826635403e-09,1.0308481482583516e-09,1.6214261769315737e-09,1.6892089162381644e-08
lignite_coal_plant,power,RO,9.54269054113561e-12,1.097288050073836e-11,1.4388774458957234e-11,1.8361936185768437e-11,2.92336935053146e-11,3.486253848836745e-11,5.353592160561804e-11,7.917304602078057e-11,1.2353646921381886e-10,6.256890155797195e-10
lignite_coal_plant,power,SE,4.52796345370674e-09,1.396047108513418e-10,2.4775907456047375e-10,3.280056052266676e-10,4.139290945629179e-10,5.124510291938805e-10,7.473294169116137e-10,1.0104611751795902e-09,1.404943771819983e-09,1.959252268241972e-08
lignite_coal_plant,power,SI,3.490171582939188e-09,8.745658779742383e-11,2.0372338758886297e-10,6.49165715571492e-10,9.14847219582541e-10,6.269216010030017e-10,7.840802200947972e-10,1.253627570086912e-09,1.5645814290831869e-09,1.9610694376409833e-08
lignite_coal_plant,power,SK,4.808974767828588e-09,1.006891752001733e-10,1.881266161787683e-10,2.5382824303140876e-10,3.4605510033884e-10,4.549460842935294e-10,6.593262499342481e-10,1.1353660136543336e-09,1.5124397763594967e-09,1.9658005087331328e-08
lignite_coal_plant,power,UK,3.439581635944211e-09,3.5793398680371224e-10,8.047292262098948e-10,5.271350329202832e-10,4.99090193386246e-10,5.588051710010594e-10,7.287748190558278e-10,1.0249959671630268e-09,1.3238989888924554e-09,1.887504794954601e-08
lng_terminal,power,AT,0.0,0.0,0.0,0.0,0.0,0.0,0.0,0.0,0.0,0.0
lng_terminal,power,BE,1.6725147908544918e-10,2.1744165338268717e-10,2.9410527279882826e-10,4.2391067426974954e-10,6.84359381386343e-10,1.4556633722902925e-09,9.911340302225276e-08,1.6500005922270927e-08,2.5864564197875053e-08,2.727198698335401e-07
lng_terminal,power,BG,0.0,0.0,0.0,0.0,0.0,0.0,0.0,0.0,0.0,0.0
lng_terminal,power,CH,0.0,0.0,0.0,0.0,0.0,0.0,0.0,0.0,0.0,0.0
lng_terminal,power,CZ,0.0,0.0,0.0,0.0,0.0,0.0,0.0,0.0,0.0,0.0
lng_terminal,power,DE,9.618398655694188e-09,1.617467451437266e-10,2.0077906910108796e-10,2.525178771556086e-10,3.250628756722976e-10,4.32198594318491e-10,6.050509218264826e-10,9.258226737709843e-10,1.7147832900279568e-09,6.843066299229046e-09
lng_terminal,power,DK,0.0,0.0,0.0,0.0,0.0,0.0,0.0,0.0,0.0,0.0
lng_terminal,power,EE,9.00116370196066e-09,1.6166535806959892e-10,2.002201509591756e-10,2.5127447859687395e-10,3.2228968090141185e-10,4.267201192446113e-10,5.936925819579373e-10,8.956716463113702e-10,1.6115362968606503e-09,6.411382344720709e-09
lng_terminal,power,EL,1.674485769061903e-10,2.1776055041490433e-10,2.948981418985988e-10,4.250309170859829e-10,6.863836089810576e-10,1.461228031567713e-09,8.701963157835572e-08,1.9332605214809092e-08,2.2667562371800712e-08,2.2505031700172848e-07
lng_terminal,power,ES,1.6644658470939394e-10,2.1614335780107043e-10,2.930667580673405e-10,4.2349526793777934e-10,6.854706215780242e-10,1.4668521550439013e-09,8.192839975512048e-08,1.768894660849596e-08,2.330290104458337e-08,2.7463911164037584e-07
lng_terminal,power,FI,1.0087892024058984e-08,1.6169131516972304e-10,2.0040796659306638e-10,2.517250967496913e-10,3.2318887270167055e-10,4.2856573170638313e-10,5.976964928874059e-10,9.061015027751971e-10,1.6422038735430098e-09,6.481323757619907e-09
lng_terminal,power,FR,1.6700804343589475e-10,2.171707228363264e-10,2.937281166742242e-10,4.2433227174584994e-10,6.858216909880287e-10,1.466818389785289e-09,9.257288003261774e-08,1.997386382253016e-08,2.6289679431277962e-08,3.319283958539507e-07
lng_terminal,power,HR,9.22292895839893e-09,1.6164041726689422e-10,2.001518847094253e-10,2.511449847941561e-10,3.22040018633594e-10,4.262368730066102e-10,5.924239993241387e-10,8.930506430388565e-10,1.6034662035605374e-09,6.395612701412704e-09
lng_terminal,power,HU,0.0,0.0,0.0,0.0,0.0,0.0,0.0,0.0,0.0,0.0
lng_terminal,power,IE,0.0,0.0,0.0,0.0,0.0,0.0,0.0,0.0,0.0,0.0
lng_terminal,power,IT,1.672178846309571e-10,2.1740687064005325e-10,2.939768338588226e-10,4.237354417152724e-10,6.838262754028944e-10,1.4511232699446431e-09,9.012354785055944e-08,1.6252386341748396e-08,2.4085368389834227e-08,2.573219253543077e-07
lng_terminal,power,LT,1.676493215885538e-10,2.181169777066487e-10,2.9544754097434106e-10,4.263578237110946e-10,6.895445676029947e-10,1.4748639336141646e-09,2.2823649961495378e-06,1.0658596660313023e-09,1.8766497893932943e-09,9.034152289367467e-09
lng_terminal,power,LU,0.0,0.0,0.0,0.0,0.0,0.0,0.0,0.0,0.0,0.0
lng_terminal,power,LV,0.0,0.0,0.0,0.0,0.0,0.0,0.0,0.0,0.0,0.0
lng_terminal,power,NL,1.6724923920261693e-10,2.1744405821065403e-10,2.9409765219828896e-10,4.239049638075366e-10,6.843742478451887e-10,1.4555259838547904e-09,1.0044375229564785e-07,1.598694638233764e-08,2.5376933374559307e-08,2.6946151842257815e-07
lng_terminal,power,NO,0.0,0.0,0.0,0.0,0.0,0.0,0.0,0.0,0.0,0.0
lng_terminal,power,PL,9.77903429890802e-09,1.6227833658681361e-10,2.010176949333808e-10,2.5324117863783705e-10,3.2654935253274853e-10,4.355645159378344e-10,6.120765694061708e-10,9.411973103776253e-10,1.7651970777548266e-09,7.459449592952413e-09
lng_terminal,power,PT,1.674820005336703e-10,2.1781494259536096e-10,2.9499925965561103e-10,4.251681754032701e-10,6.866262486595213e-10,1.4613990935236447e-09,8.835074998217534e-08,2.0113463602973223e-08,2.3626123658597814e-08,2.3583228609429896e-07
lng_terminal,power,RO,0.0,0.0,0.0,0.0,0.0,0.0,0.0,0.0,0.0,0.0
lng_terminal,power,SE,0.0,0.0,0.0,0.0,0.0,0.0,0.0,0.0,0.0,0.0
lng_terminal,power,SI,0.0,0.0,0.0,0.0,0.0,0.0,0.0,0.0,0.0,0.0
lng_terminal,power,SK,0.0,0.0,0.0,0.0,0.0,0.0,0.0,0.0,0.0,0.0
lng_terminal,power,UK,1.6695693857653624e-10,2.1706113803856344e-10,2.9360336755764235e-10,4.241464402782105e-10,6.855756324383204e-10,1.4657253349147517e-09,8.520292295334517e-08,1.6262908171917223e-08,2.2276569309649685e-08,2.8854002088766134e-07
natural_gas_boiler,power,AT,12.63947125335302,1.4624524445787128,1.313329097795062,0.44980903460994714,5.267475670032451e-10,3.2105854895180157e-10,3.013596393164268e-10,4.359373916096278e-10,6.013980223337597e-10,2.5383420867807555e-09
natural_gas_boiler,power,BE,15.752430616459161,0.535821017732215,4.925433751964993,1.5023658302276917e-09,3.574905538112654e-10,2.752007974482903e-10,2.743807941959352e-10,7.395699561943673e-10,4.87798393759222e-10,2.288894577668764e-09
natural_gas_boiler,power,BG,3.560043923446575,0.15608962778972502,1.651031244552541e-10,1.081444850654511e-10,9.634255513803465e-11,9.999556097083138e-11,1.0514703622018938e-10,1.5505581313197487e-10,3.45910003221662e-10,1.8074839152021142e-09
natural_gas_boiler,power,CH,18.728900087568057,1.9814964896301688,1.26181796722508,1.127081601971238,1.7702891579645598e-09,4.526175632492955e-10,3.6087526412210215e-10,4.4486188858756196e-10,5.93361193724503e-10,2.634048299377944e-09
natural_gas_boiler,power,CZ,13.783631003689708,0.3862725361343204,1.423671632829472e-07,2.1390008155591009e-10,1.6616208184466734e-10,2.0409266461657366e-10,2.672138435986294e-09,1.206292033643198e-09,7.342437654323372e-10,1.395533860300226e-07
natural_gas_boiler,power,DE,101.91650691307409,0.8080853527131111,23.449903647634184,12.939110784198236,1.0192284639404593e-09,4.203409756812787e-10,2.8961689858409476e-10,4.189380279753549e-10,5.43919070182344e-10,2.4732032870756027e-09
natural_gas_boiler,power,DK,8.848331919436072,1.086657336541588,2.1015368729251532e-10,1.2445929703580656e-10,1.1854958775861811e-10,1.2902869467925138e-10,1.6456596270039716e-10,2.5996663479628334e-10,5.326207932504722e-10,2.703853231636274e-09
natural_gas_boiler,power,EE,2.1130299677337696,0.13829078455489488,0.03383102415864581,4.1263686482340136e-10,2.1175756684855186e-10,1.9322202663320583e-10,1.8265850843906836e-10,3.7592655928129383e-10,5.04120745587216e-10,2.73599013755416e-09
natural_gas_boiler,power,EL,1.874432610795477e-09,2.369764193876034e-09,1.3095817892683142e-10,9.295667302172372e-11,9.341150854608878e-11,1.0412370255152751e-10,1.1958535050918138e-10,2.0929887649235342e-10,3.251075923593548e-10,1.4679530764731357e-09
natural_gas_boiler,power,ES,4.2072616695000344e-11,5.7820903460839746e-11,5.3395465555941734e-11,5.539459321226665e-11,6.633805802285886e-11,8.729622503193539e-11,1.4698500250621522e-10,1.9619992816196425e-10,3.5913804280483723e-10,1.6418870875278705e-09
natural_gas_boiler,power,FI,11.59963465116181,1.1087724843084343,0.30495927890860947,2.535743077996495e-10,1.6875487956432954e-10,1.710353729039108e-10,1.6146562677189562e-10,5.593235665994283e-10,5.567217300602542e-10,3.2941905723948107e-09
natural_gas_boiler,power,FR,1.8681210218353983e-10,6.228507051994143e-08,1.994362756967855e-10,1.2410659217674187e-10,1.206313342782941e-10,1.3432313087353126e-10,2.1839418357476733e-10,2.6135023606640346e-10,4.856932888845105e-10,2.2166360646611004e-09
natural_gas_boiler,power,HR,3.2646067862631263,2.7911002247916147e-09,2.2583424276823217e-10,1.39337196800495e-10,1.3253704276846322e-10,1.5204618492544871e-10,1.8483711246455295e-10,1.9397096140829778e-10,4.952475369647225e-10,2.262307978695996e-09
natural_gas_boiler,power,HU,1.296357663002822e-10,2.075175937581843e-10,1.3812741416500546e-10,1.2041311145796942e-10,1.2262728591536204e-10,1.3961797632786792e-10,2.019852258091893e-10,2.6305757924896766e-10,4.2752212963259007e-10,2.307781682425202e-09
natural_gas_boiler,power,IE,1.1265243298209499e-10,2.1683201596013045e-10,1.0399615024868216e-10,8.274452667327426e-11,9.186890153347878e-11,1.0061123257118459e-10,1.3674323251829924e-10,1.9060700858135376e-10,3.221047518141836e-10,1.3125059151854441e-09
natural_gas_boiler,power,IT,9.973831769747e-10,4.601035631469685,8.800519207944133e-11,1.6152510195779253e-10,1.5501213312138457e-10,1.6363418863686537e-10,1.9960664198676018e-10,2.623954449902167e-10,4.529518088357257e-10,2.0177191987384703e-09
natural_gas_boiler,power,LT,0.7097094088492745,9.296544692612614e-10,1.447398761383112e-10,9.793598848047232e-11,9.791854473426734e-11,1.1362149378159273e-10,1.3028211364404496e-10,1.7480667119517475e-10,5.455932798376924e-10,1.7296080218699988e-09
natural_gas_boiler,power,LU,1.399581843909676,9.653961293764838e-11,1.321767894704667e-10,2.5116800090026363e-10,1.8137137783853713e-10,1.860453141078492e-10,1.970248299574964e-10,2.9906009696718967e-10,3.142793617637839e-10,1.6019427511137768e-09
natural_gas_boiler,power,LV,2.7280707348449043,0.09281463793152585,2.80070270585651e-10,1.350051692657859e-10,1.1903835571074545e-10,1.3026561379174619e-10,1.4580049456088152e-10,2.805380022912584e-10,5.352766899159371e-10,2.408144683129704e-09
natural_gas_boiler,power,NL,6.758038883206015,7.276897999362147,9.811945382223165,4.780284800000311e-10,2.355836336196853e-10,2.0693349337709592e-10,2.2171543930742888e-10,2.916978106326619e-10,6.13419927845927e-10,2.473869305898214e-09
natural_gas_boiler,power,NO,8.171929880930476,2.5260259989151805,4.1411504236121,3.0450686713047373e-10,1.8633850199553796e-10,1.7116390370946453e-10,1.8356469739689555e-10,3.7607381200461327e-10,8.017981132425205e-10,1.2443654255115174e-07
natural_gas_boiler,power,PL,49.83416912571812,7.979894485379786e-10,1.7432210611982372e-10,1.0932885107261135e-10,1.1116364088070358e-10,1.3535691608463726e-10,1.9934841955896535e-10,3.212410337110942e-10,5.106347590391812e-10,2.3940460371293166e-09
natural_gas_boiler,power,PT,3.6765397030452523e-11,4.62547898543905e-11,4.647671870131948e-11,4.8196931772926603e-11,5.0535623495739914e-11,8.854303156162602e-11,1.324784128679208e-10,1.9050111802894005e-10,2.652698874209195e-10,1.7668186279741871e-09
natural_gas_boiler,power,RO,2.651580375636891,0.33977565484672867,2.8998586223555436e-10,1.354345806205071e-10,1.4193460957571586e-10,1.4467952219238433e-10,1.7291110739212784e-10,1.9828708323158454e-10,4.021501014815867e-10,1.0729191640933904e-09
natural_gas_boiler,power,SE,10.451428152706631,1.5781053853279718,1.206436299655105e-07,2.1559255186271077e-10,1.553268620361274e-10,1.6344412018355195e-10,2.020273486591075e-10,4.440799205309554e-10,1.1654065159520114e-09,1.409894058850128e-07
natural_gas_boiler,power,SI,0.6157174824110876,0.08017420525895147,7.475400492486538e-10,2.987790529692321e-10,2.4141391604665093e-10,2.2839192260323564e-10,2.498054695132524e-10,6.051031486630841e-10,4.242825705572185e-08,8.706616571918231e-08
natural_gas_boiler,power,SK,2.7064605336324328,0.19181823639654022,0.9450427794052144,6.383612012855287e-10,2.8346939265716503e-10,2.387722221056225e-10,2.803624764057545e-10,3.556150925233098e-10,5.349500143056498e-10,1.6676444359954974e-09
natural_gas_boiler,power,UK,1.2941033942328542e-10,4.4472903080020925e-10,1.4575522824375248e-10,1.0578583379484777e-10,1.0120890361631423e-10,1.1284234153253705e-10,1.5429076030083371e-10,2.3160263215028737e-10,3.9987097628888624e-10,1.812195350565074e-09
natural_gas_pipeline,power,AT-CH,1.0655904816148152e-07,5.69750248881474e-10,9.534351795717628e-10,1.4185636660991837e-09,2.250665729275576e-09,3.5424176723459752e-09,7.996805483463447e-09,1.4594544575229965e-08,2.3799375461205348e-08,3.697635714793003e-07
natural_gas_pipeline,power,AT-CZ,8.468734848220192e-08,1.110315073750554e-08,1.4642551812558901e-08,2.3833425110669644e-08,2.284183617735606,0.4767115116584364,6.16729754764847e-09,1.6373301144388568e-09,2.7505599506919255e-09,1.7159947648379146e-08
natural_gas_pipeline,power,AT-DE,1.7927903646233165e-10,1.903389633532701e-10,2.3795931127374275e-10,3.125594362954578e-10,4.113808566528271e-10,5.779771601719815e-10,7.363465688108977e-10,1.1396514465760138e-09,2.0939012425934963e-09,9.509056770361684e-09
natural_gas_pipeline,power,AT-HU,2.378678697943832e-10,2.5899204963320954e-10,2.6947010929008617e-10,3.463600500810405e-10,4.3721611334743896e-10,5.534165588278771e-10,8.052683162798012e-10,1.2470204145721177e-09,2.305065954742931e-09,1.0370499540616831e-08
natural_gas_pipeline,power,AT-IT,1.4700408299926507e-10,1.669203592069928e-10,1.869257391507062e-10,2.5515097583960734e-10,3.302861450755111e-10,4.416107954753944e-10,6.112641651686353e-10,9.445286186805682e-10,1.7402261185709317e-09,8.317935714321355e-09
natural_gas_pipeline,power,AT-SI,4.835639131118831e-10,5.054144394205166e-10,6.278221995043746e-10,7.564110977701775e-10,9.850905926350433e-10,1.335251149602107e-09,1.7739023986870867e-09,2.8514939477319585e-09,5.178749259762961e-09,2.4003526633108777e-08
natural_gas_pipeline,power,AT-SK,1.7953669630557007e-10,2.2425904247542225e-10,2.938182132026288e-10,3.384602452341631e-10,4.013761163655292e-10,5.61039768712733e-10,7.509144057099713e-10,1.1936146155159152e-09,2.1525726820128386e-09,9.842795750276207e-09
natural_gas_pipeline,power,BE-DE,2.049278025079336e-10,4.854507284990145e-10,3.184447169068368e-10,3.869567717538213e-10,4.766737912000386e-10,6.406901746251526e-10,8.661276731474382e-10,1.2691716026022314e-09,2.3530552706545e-09,1.0784012741575783e-08
natural_gas_pipeline,power,BE-FR,1.547590357454048e-10,1.8234071696154226e-10,2.2499000909217254e-10,2.8307021633300607e-10,3.5451606970072585e-10,4.83089324101016e-10,6.684452628661835e-10,1.030235544459415e-09,1.7988270780601433e-09,9.176254373386768e-09
natural_gas_pipeline,power,BE-LU,6.399711226921536e-10,7.933046825991585e-10,9.911424380744535e-10,1.1981141047452241e-09,1.521833231660422e-09,1.992628378496749e-09,2.696535909208087e-09,3.9167767096875055e-09,7.334870909359059e-09,3.888333275158609e-08
natural_gas_pipeline,power,BE-NL,5.791032459274177e-10,6.234958589664893e-10,6.703994081355368e-10,7.477087273950755e-10,1.0366211220733827e-09,1.389487615774881e-09,1.921146792391822e-09,2.8799252419699822e-09,5.196886412308131e-09,2.4574392595996944e-08
natural_gas_pipeline,power,BE-NO,1.063289900901943e-08,2.718216806163091e-09,2.202673824906157e-09,2.2487208527727958e-09,2.5709724194655093e-09,2.9754562268281395e-09,3.6527610735123686e-09,4.671554929915269e-09,5.608626649051891e-09,7.194125432760964e-08
natural_gas_pipeline,power,BE-UK,1.2258261295003072e-10,1.3276009074035247e-10,1.6652299638698247e-10,2.1188140424100197e-10,2.747364437549508e-10,3.6558233902476437e-10,5.014369320019996e-10,7.626336624589801e-10,1.4275271811880578e-09,6.774317863236925e-09
natural_gas_pipeline,power,BG-EL,1.0255881606909008e-09,1.945841454076617e-10,2.466867772529843e-10,2.7255191343091283e-10,4.29894917448232e-10,5.856470292424564e-10,8.144109675700503e-10,1.2490070713522782e-09,2.142621996159249e-09,1.0128643896785442e-08
natural_gas_pipeline,power,BG-RO,3.414111148152684e-10,2.831200719637376e-10,3.4939322929842727e-10,5.039309985436538e-10,5.299479967074256e-10,7.418450446692763e-10,9.633513777770668e-10,1.6151924100439438e-09,2.8755415354874626e-09,1.258544474334943e-08
natural_gas_pipeline,power,CH-AT,3.715829438768688e-08,2.176261926597732e-08,1.080442557531354e-08,1.1049861013769399e-08,2.5052272504312044e-08,1.4355714730093176e-08,8.39543853504157e-09,1.5061011764210885e-08,2.2376388560233692e-08,3.4669170179938985e-07
natural_gas_pipeline,power,CH-DE,1.9834668575665546e-10,2.1335098788829533e-10,2.23803440397328e-10,2.890520129098326e-10,3.606468099719211e-10,5.008139978565896e-10,6.373201942077619e-10,1.0484512564444248e-09,1.8918710480554687e-09,8.680323399538699e-09
natural_gas_pipeline,power,CH-FR,4.609225067924213e-10,1.832617546512701e-10,2.340408389383485e-10,2.867354754564026e-10,3.8639071953785336e-10,5.225898263552695e-10,7.44469310293566e-10,1.1220267300923458e-09,2.0634273258325963e-09,8.862063916809795e-09
natural_gas_pipeline,power,CH-IT,1.3909584752947594e-10,1.6149919710575507e-10,1.8688843498025843e-10,2.4504330979409936e-10,3.17841063256e-10,4.2612352901880506e-10,5.87781814763202e-10,9.068122762635378e-10,1.620616817222251e-09,8.040728853677864e-09
natural_gas_pipeline,power,CZ-AT,7.089908549771756e-08,2.9682953409363433e-08,1.4393296970044869e-08,9.13340085538556e-09,7.260736067396521e-09,1.183244476533863e-08,1.6495875188477054e-08,3.9143629209643884e-08,5.270783322916822e-08,5.303681437299084e-07
natural_gas_pipeline,power,CZ-DE,1.996741720225415e-10,2.2517992896484195e-10,2.809546806164917e-10,3.5360427804692963e-10,4.5123766922464664e-10,5.905213775131904e-10,8.331637910383447e-10,1.3089641724657174e-09,2.3641722695998585e-09,1.1316562882753198e-08
natural_gas_pipeline,power,CZ-PL,1.1618799237709305e-09,2.3841613744186936e-09,3.6745626093679617e-09,1.5548152529483173e-09,1.6799336792107157e-09,1.102841091776738e-09,1.044145150929838e-09,1.1559521875254341e-09,1.8448714474689058e-09,1.1857239036114648e-08
natural_gas_pipeline,power,CZ-SK,2.2881590493284568e-10,2.714125498767628e-10,3.288488915962862e-10,4.009902031780197e-10,5.327608511766634e-10,7.121961352346258e-10,9.858909526719978e-10,1.5301048582750127e-09,2.7817462686174867e-09,1.3679670344812433e-08
natural_gas_pipeline,power,DE-AT,1.7096043801788437e-10,2.0400305916217254e-10,2.4041437281164473e-10,3.137658102502673e-10,4.0059642154750724e-10,5.591419341344777e-10,8.103402503724585e-10,1.1344996113065633e-09,2.1286548135550384e-09,9.537298946613076e-09
natural_gas_pipeline,power,DE-BE,1.9622527153057993e-10,2.140760780408188e-10,2.66831023612875e-10,3.2984672532847553e-10,4.5268869077610285e-10,6.137264640138984e-10,8.79233083006737e-10,1.322884572827244e-09,2.3512192518834988e-09,1.0654680541458879e-08
natural_gas_pipeline,power,DE-CH,1.5465581090407334e-10,1.7682549127154568e-10,2.1168204841551906e-10,2.723643364167708e-10,3.609231153872817e-10,4.902097795924917e-10,7.181777074304963e-10,1.0210085335183164e-09,1.909299335207473e-09,8.60590866724173e-09
natural_gas_pipeline,power,DE-CZ,1.9775753405107177e-10,2.3205303285468722e-10,2.5601805812244074e-10,3.5025141622906507e-10,4.5525871586789444e-10,6.110783758312549e-10,8.426503195759412e-10,1.2871554358212987e-09,2.434783410057123e-09,1.155100575822023e-08
natural_gas_pipeline,power,DE-DK,1.8915070893450273e-10,1.7515880276196775e-10,2.1315724072816774e-10,2.49046367755021e-10,3.3693968119042033e-10,4.3876798371031137e-10,6.310148222879589e-10,9.342078682057229e-10,1.746973917486706e-09,7.928092558787592e-09
natural_gas_pipeline,power,DE-FR,9.783600292528209e-11,1.0809613867471566e-10,1.3692784388060024e-10,1.7329722996958785e-10,2.2301009661670155e-10,2.9604205797429384e-10,3.9686959369976353e-10,6.287563121308369e-10,1.1527306775208344e-09,5.5233751719795054e-09
natural_gas_pipeline,power,DE-LU,2.686374434150175e-10,2.444664999811893e-10,3.169391107993953e-10,3.9865802066233015e-10,5.236123572577974e-10,6.546710640615309e-10,8.610617491758141e-10,1.195701498269875e-09,1.8973586665678236e-09,1.2342852282259207e-08
natural_gas_pipeline,power,DE-NL,2.2125763696212412e-10,2.4230066254285756e-10,3.016617593078933e-10,3.8136114936877534e-10,4.93891453174687e-10,6.547642182594194e-10,9.334057200422664e-10,1.4964560337623693e-09,2.8175420019806116e-09,1.2313304348935474e-08
natural_gas_pipeline,power,DE-NO,1.1671190928454115e-08,2.5624700386914506e-09,2.2997414084831427e-09,2.3839127584564605e-09,2.704405768522172e-09,3.099886351922164e-09,3.752334784253492e-09,4.916761022030337e-09,6.018180619541231e-09,7.701705211671088e-08
natural_gas_pipeline,power,DE-PL,2.2724786166441832e-10,3.37812986820625e-10,3.958613158518115e-10,4.3518522949562654e-10,5.025648287571605e-10,5.675808227732563e-10,7.633749317553348e-10,8.129349958423218e-10,1.519749537119774e-09,6.782804568452484e-09
natural_gas_pipeline,power,DE-SE,1.372923965678273e-08,2.9622496683221454e-09,2.6848630237078607e-09,2.799737713387484e-09,3.2736434762727093e-09,3.900146974686267e-09,4.812736529684863e-09,5.7064917780825075e-09,7.14745482936663e-09,9.747086701647419e-08
natural_gas_pipeline,power,DE-UK,2.113777568882525e-08,3.300157002635404e-09,3.4438309343581155e-09,3.2279480391877196e-09,3.9519486029260875e-09,4.375690699346654e-09,5.567507231541765e-09,7.423268862708591e-09,9.566418834974562e-09,1.2503188267779306e-07
natural_gas_pipeline,power,DK-DE,3.9420079287572886e-10,4.9922918997617105e-09,8.93424653286873e-10,7.030338671348829e-10,5.900327783672547e-10,7.136385234857898e-10,8.557853799449418e-10,5.4251538953575795e-09,1.2369396784889548e-07,3.407740737193989e-08
natural_gas_pipeline,power,DK-NL,4.215360041828359e-08,7.012848958952551e-08,1.0149317757488656e-08,3.804170827536535e-09,2.428171226407426e-09,3.460542384567676e-09,4.265097492999708e-09,3.104904926148947e-08,8.22293557299435e-08,4.053333974929068e-07
natural_gas_pipeline,power,DK-NO,1.638046016137959e-08,4.684882687873221e-09,3.49611240087354e-09,3.508930767592114e-09,3.9173722922613755e-09,4.557470094612483e-09,5.768331418566402e-09,9.022459747778636e-09,1.0804925687866965e-08,1.2572880894108517e-07
natural_gas_pipeline,power,DK-SE,8.690769186015346e-11,1.0062456157863458e-10,1.2420729045940412e-10,1.5347551882033542e-10,1.9829269770007073e-10,2.677618001657649e-10,3.764626818395952e-10,5.690934074974128e-10,1.010102850893174e-09,5.060181108462996e-09
natural_gas_pipeline,power,DK-UK,2.583981411979034e-08,7.819936349337397e-09,4.6067076650453985e-09,3.2477515000776447e-09,4.111534190581849e-09,4.604124734087982e-09,6.359550048384031e-09,1.0873815470142894e-08,1.4334153939524801e-08,1.758552185276461e-07
natural_gas_pipeline,power,EE-FI,1.7635789485525986e-10,1.2487613013379555e-10,1.57169798527158e-10,2.01200188745255e-10,2.556690981497792e-10,3.3885777097977155e-10,4.800044359601237e-10,7.430440443039819e-10,1.2799778779508185e-09,6.081568491096907e-09
natural_gas_pipeline,power,EE-LV,4.5590310782684097e-10,4.5444773414643844e-10,5.362157313105727e-10,6.501227868724878e-10,8.463078638885781e-10,1.1432713000197857e-09,1.6296943556140077e-09,2.419296342672224e-09,4.529278373660815e-09,1.6894170712441735e-08
natural_gas_pipeline,power,EL-BG,1.9956851975769568e-10,2.5936914480495383e-10,2.7447237459815097e-10,3.8717149174973446e-10,4.39265855602012e-10,5.690065103268467e-10,7.502885799315361e-10,1.2052888474153951e-09,2.287230985852458e-09,1.0328869053439816e-08
natural_gas_pipeline,power,EL-IT,7.950883456487107e-11,8.950601731763722e-11,1.1180974113715133e-10,1.414166766148483e-10,1.8131363605745077e-10,2.3917411561872897e-10,3.251848170089867e-10,5.179447093277257e-10,9.276551997670504e-10,4.493318089905471e-09
natural_gas_pipeline,power,ES-FR,9.191272152031127e-11,5.595336851756373e-10,1.4054256675385103e-10,1.6282191970473598e-10,2.226849714105052e-10,2.88603083790543e-10,3.908707086299856e-10,6.161411568875343e-10,1.1736790148160159e-09,5.313051310297577e-09
natural_gas_pipeline,power,ES-PT,2.884828653195575e-10,2.675344499725831e-10,3.1015877418882245e-10,3.6550976554303073e-10,4.993101138585197e-10,6.564744274461347e-10,9.431563689636618e-10,1.3650747818738777e-09,2.4941932338089175e-09,1.1548044540836717e-08
natural_gas_pipeline,power,FI-EE,2.660788638913417e-10,5.019011266171733e-10,4.477867978465825e-10,5.09233141608088e-10,5.157813095953061e-10,5.244769685693677e-10,5.896784001886445e-10,6.513692140266366e-10,1.1877488527221612e-09,6.011932507586515e-09
natural_gas_pipeline,power,FI-NO,4.469681642007418e-08,7.472867548496024e-09,8.411899092627927e-09,8.831099208357133e-09,9.918627752113262e-09,1.1559149321757842e-08,1.311510363844354e-08,1.56564559301347e-08,2.6393591943995512e-08,3.349146626923023e-07
natural_gas_pipeline,power,FI-SE,5.047815689208275e-08,6.193481822398513e-09,1.0531667080243978e-08,1.0782311820322362e-08,1.246842243247654e-08,1.884221892374018e-08,1.3405901674645099e-08,7.128467505376574e-09,1.871216992273797e-08,3.379493271646308e-07
natural_gas_pipeline,power,FR-BE,1.688241594003833e-10,1.997088474671018e-10,2.595308898589387e-10,3.5099240470148014e-10,3.85309060162789e-10,5.11702092595161e-10,7.052111596954265e-10,1.0645581563893454e-09,2.020016842522585e-09,9.223092461677979e-09
natural_gas_pipeline,power,FR-CH,1.6998780785074544e-10,1.3775937315764564e-09,9.342489941768568e-11,2.8695892396666414e-10,3.782727338294926e-10,5.050912981852962e-10,6.896422543428808e-10,1.0907427654916808e-09,2.0643227751039694e-09,9.49606025333484e-09
natural_gas_pipeline,power,FR-DE,1.0637500605544761e-10,1.3064306906071362e-10,1.485938903827258e-10,1.901163005127573e-10,2.358240194704419e-10,3.2509801173675035e-10,4.1207990438805233e-10,6.356308621213721e-10,1.1297350483566526e-09,4.179768619648639e-09
natural_gas_pipeline,power,FR-ES,9.119293080486035e-11,1.03684752774342e-10,1.282868228183031e-10,1.6101224869621132e-10,2.1062993322717643e-10,2.868172095709888e-10,4.014887521157532e-10,6.327427674981697e-10,1.1327270467729153e-09,5.056466919738709e-09
natural_gas_pipeline,power,FR-IT,1.9398020562302054e-08,7.792999859692657e-09,4.446638901136727e-09,3.6540530848735537e-09,3.251811803409278e-09,6.442581726607871e-09,5.841564445172203e-09,5.574813735113278e-09,8.9320724192785e-09,1.2897200225111616e-07
natural_gas_pipeline,power,FR-LU,3.9107257387123815e-08,1.60294341716839e-08,9.375488251681821e-09,9.3028542868353e-09,1.1622994119381292e-08,5.065637798131665e-08,1.1880292593704413e-08,4.577208296552269e-09,9.951746271382526e-09,3.028402736669855e-07
natural_gas_pipeline,power,FR-NO,8.498669241683424e-09,2.2539162013068867e-09,1.7871700086548461e-09,1.8059511543755132e-09,2.0705686268574003e-09,2.6822466539340926e-09,2.860084146369108e-09,3.1989313487382243e-09,4.197414568724879e-09,5.607585811113268e-08
natural_gas_pipeline,power,FR-UK,2.026942946026418e-08,5.45701042263909e-09,4.053062175102001e-09,3.512578057775961e-09,4.507385729286966e-09,6.3114465128340566e-09,6.451864455001468e-09,6.723970336715176e-09,9.693893919821188e-09,1.32096395193176e-07
natural_gas_pipeline,power,HR-HU,2.4749147756163814e-10,2.980792227903476e-10,3.386077039985691e-10,4.3966236673532913e-10,5.600766870337493e-10,7.419512673059146e-10,1.0217958684256097e-09,1.5527574683786352e-09,2.6461839052386556e-09,1.3309122495349817e-08
natural_gas_pipeline,power,HR-SI,5.289114651843829e-10,4.2361638711857287e-10,6.472602924204283e-10,7.601636202176424e-10,7.530612044647293e-10,1.1137601639986746e-09,1.4339550139352396e-09,2.9124071554899053e-09,6.13711057471457e-09,2.7149881143981476e-08
natural_gas_pipeline,power,HU-AT,6.511664822666856e-08,3.973649711954759e-09,8.691963951666643e-09,1.9020066876472704e-08,4.1051693174961574e-09,9.752113917391789e-09,1.8666135286034817e-08,3.2171601984858244e-08,7.298744743228206e-08,4.2446768651245913e-07
natural_gas_pipeline,power,HU-HR,3.1314284881198314e-10,2.563844529989763e-10,3.3096190362050156e-10,4.2442350685856107e-10,5.440096123493557e-10,7.281449191989254e-10,1.0290107683760586e-09,1.5575457294207718e-09,2.808602281037386e-09,1.2794032198059928e-08
natural_gas_pipeline,power,HU-RO,2.0655373953929058e-10,2.010171015975835e-10,2.4022905882970555e-10,3.058274407276695e-10,3.925805904124838e-10,5.290121616821674e-10,7.10376094972399e-10,1.118201338961743e-09,2.054769709300212e-09,8.499594077301464e-09
natural_gas_pipeline,power,HU-SI,9.058312852638177e-08,1.5612786174329497e-09,3.5347686870678978e-09,1.1385204450590818e-08,6.0048534500716275e-09,8.317699236862668e-09,1.507137158168662e-08,2.531464046309106e-08,4.2241485141791846e-08,4.485378073311973e-07
natural_gas_pipeline,power,HU-SK,1.2845521542396152e-07,2.433255946064998,0.6816140262879127,2.8556597948890588e-08,2.257571849892863,2.0332133491428697,1.0003567980609223,2.91546312750708e-09,4.921420942271886e-09,2.4835578147938985e-08
natural_gas_pipeline,power,IE-UK,1.1662887009001257e-06,3.330033181768038e-09,5.787118545390191e-10,4.060428673514971e-10,6.130059039967553e-10,6.546598807990649e-10,6.993268723969023e-10,1.1567293181705994e-09,2.472068129773563e-09,2.5194264633920446e-08
natural_gas_pipeline,power,IT-AT,1.7892240945314908e-10,2.497675562129269e-10,2.9959885965127716e-10,4.278347622905867e-10,6.439328397899128e-10,7.174322811856694e-10,6.972968839069385e-10,1.0240303768901962e-09,1.6561881654119674e-09,8.387501101132194e-09
natural_gas_pipeline,power,IT-CH,1.437462144562893e-10,1.6507987600828677e-10,2.0482926794905557e-10,2.6130698363255786e-10,3.451949844479129e-10,4.487665117477216e-10,6.25135418751836e-10,9.590630978151492e-10,1.7558999779629557e-09,7.865296213050567e-09
natural_gas_pipeline,power,IT-EL,1.8769725675367986e-08,5.043500065123204e-09,3.865601397957461e-09,4.004139947735432e-09,4.67587933216547e-09,5.460288506959927e-09,7.2750385936342915e-09,1.0954516875132715e-08,1.1452045694497388e-08,1.4441000234918548e-07
natural_gas_pipeline,power,IT-FR,2.6313160424430945e-08,2.3411770658548118e-09,3.6488317106068392e-09,5.440664730736609e-09,1.3534028774736471e-08,2.4982903391489415e-09,5.049375533118328e-09,2.0300212363883466e-08,1.6177284654214702e-08,1.9833896025416568e-07
natural_gas_pipeline,power,IT-SI,2.7081443937585283e-10,3.5456075260968576e-10,4.625551615205776e-10,6.791391146678418e-10,1.626070568770818e-09,6.861740354517431e-10,5.175986389407068e-10,1.0396792758873252e-09,1.9136843798280416e-09,1.1436431796921584e-08
natural_gas_pipeline,power,LT-LV,4.733823092666761e-10,5.565255338822102e-10,6.21753755835851e-10,7.734785687400609e-10,1.0921951086339505e-09,1.102363566653661e-09,1.3881783559998137e-09,2.1622508808295826e-09,3.910430566932565e-09,2.5396606759778547e-08
natural_gas_pipeline,power,LT-PL,4.481030317675519e-10,3.013844893231102e-10,3.0812397256096014e-10,2.852021064451204e-10,3.140112217323929e-10,4.1998366900783107e-10,4.897408446302485e-10,9.482282396653332e-10,1.6014063984009216e-09,8.949443555914273e-09
natural_gas_pipeline,power,LT-SE,2.3072950702560663e-08,1.8520288409449197e-09,2.84054323997189e-09,3.492371283123801e-09,4.155900130796925e-09,5.485307812844323e-09,6.820244126168255e-09,8.165616709575446e-09,1.2856264653373916e-08,1.558185239635767e-07
natural_gas_pipeline,power,LU-BE,1.32681451632268e-07,2.8330933559026015e-08,2.733194211937417e-08,2.8619134359584544e-08,3.3311253171526797e-08,3.770218536114853e-08,4.5044826706131996e-08,5.612831692451688e-08,1.0096521011164993e-07,1.1474089759848385e-06
natural_gas_pipeline,power,LU-DE,5.191804077269025e-08,4.1588300545896394e-08,1.8385742593524146e-08,1.4186111240533754e-08,1.6159700461401456e-08,2.906475703443646e-08,3.1135130083031876e-08,2.5051502695452277e-08,5.607370574417488e-08,5.476357569021797e-07
natural_gas_pipeline,power,LU-FR,5.9180665277472166e-08,5.0850800825819e-09,7.65559523549674e-09,8.78899516421317e-09,8.46126160066937e-09,4.792662213801606e-09,9.274003278648723e-09,2.7483134850492612e-08,3.252152399098188e-08,3.776730438284149e-07
natural_gas_pipeline,power,LV-EE,4.116138190739553e-10,4.2857033599862857e-10,5.475894737707812e-10,6.564608959374752e-10,8.639667151867107e-10,1.1509248639990354e-09,1.5674614721278667e-09,2.44507016561178e-09,4.014306021577294e-09,2.0779618061653942e-08
natural_gas_pipeline,power,LV-LT,4.762304500786577e-10,5.379061788495249e-10,6.475548630824323e-10,7.822642514421489e-10,1.000379187822979e-09,1.321392625904839e-09,1.6278832443234472e-09,2.2502052538617427e-09,3.962219430093729e-09,2.5348186467294044e-08
natural_gas_pipeline,power,NL-BE,4.2731634005196427e-10,5.022681421226912e-10,6.172459534796197e-10,7.743805166902631e-10,9.666365594605606e-10,1.4001131337960914e-09,1.8987247054055993e-09,3.1135778074825435e-09,5.591250054913396e-09,2.4550087724600455e-08
natural_gas_pipeline,power,NL-DE,2.08118087589881e-10,2.498231700054898e-10,2.904916570277423e-10,3.750383312669706e-10,4.833177351617255e-10,6.442392282938853e-10,8.838921363787208e-10,1.388952717150015e-09,2.5411205597796337e-09,1.2527186115082102e-08
natural_gas_pipeline,power,NL-DK,3.903832221114864e-08,5.701076542982011e-09,6.646684920913852e-09,7.764129452607351e-09,9.840743663308263e-09,1.1181956314594702e-08,1.5440365995799738e-08,1.1765195367528096e-08,1.6228641332315755e-08,2.701437868794587e-07
natural_gas_pipeline,power,NL-NO,1.1774651077198953e-08,2.8828672760635214e-09,2.408457703025194e-09,2.4838176290659834e-09,2.8070048111801064e-09,3.204300520747106e-09,3.885375936272894e-09,5.221550398286359e-09,6.2717415257353865e-09,8.09130973987918e-08
natural_gas_pipeline,power,NL-UK,1.2886654733807998e-10,1.454417165791035e-10,1.77166981058386e-10,2.2153831223566745e-10,2.9036009570001144e-10,3.8676671294560213e-10,5.349057658213153e-10,8.20493398074705e-10,1.4929385643307752e-09,7.2281659282272474e-09
natural_gas_pipeline,power,NO-BE,4.2746501626911104e-11,4.9919533383276e-11,6.152191756318311e-11,7.773107994366731e-11,9.768926703852755e-11,1.265169428246161e-10,1.8146746540599911e-10,2.848854219722751e-10,5.292653679522917e-10,2.355441718551861e-09
natural_gas_pipeline,power,NO-DE,5.6402779536191626e-11,6.828409674101257e-11,8.004180660390273e-11,9.675276312804574e-11,1.1599437887775985e-10,1.5157180390261557e-10,1.903402562163234e-10,2.4746310318163566e-10,5.378581580280109e-10,2.521796899881454e-09
natural_gas_pipeline,power,NO-DK,7.036371334178529e-11,8.404634593329327e-11,1.0100913428957707e-10,1.2471228966159867e-10,1.595551018489764e-10,2.123070572884423e-10,2.9946038088946747e-10,4.6227400472798093e-10,8.775464636683927e-10,4.007952097498602e-09
natural_gas_pipeline,power,NO-FI,0.07630583352529448,10.237732147196104,0.9311835095674085,0.34385116583375186,0.035019992507005285,6.963347156772215e-09,1.0739056837033654,1.615940805262832e-09,2.9418110833092986e-09,1.494948752480439e-08
natural_gas_pipeline,power,NO-FR,3.340557002958297e-11,3.8425324302062907e-11,4.671707731328306e-11,5.6728586474794484e-11,7.771624202609321e-11,1.0419010025195734e-10,1.4330481999650886e-10,2.236276016115269e-10,3.5559140451847026e-10,1.8133347398297162e-09
natural_gas_pipeline,power,NO-NL,4.974101841834249e-11,5.8190490220780225e-11,7.072780923805267e-11,8.715722344856039e-11,1.0385317538452604e-10,1.327221746291985e-10,2.0165331590839528e-10,3.1729044008177734e-10,5.811236618469302e-10,2.568384283315764e-09
natural_gas_pipeline,power,NO-SE,5.699600265658361,2.0209516260128217,0.2665601498499267,0.219441936745458,0.525224606621019,1.2461131945542957e-07,7.890586154659168e-09,4.580741601557131e-09,7.085034301566369e-09,2.282981918848709e-08
natural_gas_pipeline,power,NO-UK,4.475288864187014e-11,5.1787560591168984e-11,6.530427304536393e-11,7.86250459727229e-11,9.89851898316311e-11,1.3607145789052841e-10,1.7393892203197987e-10,2.8312027473979776e-10,4.3426828046899655e-10,2.471693657674153e-09
natural_gas_pipeline,power,PL-CZ,4.6672381265225446e-08,9.30250609062907e-09,9.452897566005331e-09,1.2665828072258611e-08,1.2261267610310365e-08,1.4577343437656664e-08,1.656304293798423e-08,2.2648961295375064e-08,2.8360685268419183e-08,3.6736953333699517e-07
natural_gas_pipeline,power,PL-DE,1.1943734862091046e-10,1.382532590389833e-10,1.603914107768119e-10,2.095643338458529e-10,2.7292985738286796e-10,3.6500785423530794e-10,5.058918498313653e-10,7.72899941096614e-10,1.4059496144655505e-09,6.869205109028224e-09
natural_gas_pipeline,power,PL-LT,2.101267647660718e-10,2.3689071033033556e-10,3.007775317885683e-10,4.013872435491851e-10,5.633420730747923e-10,9.025869195533176e-10,1.76014340174733e-09,1.1953551480405007e-09,1.969170408146894e-09,5.948066915955179e-09
natural_gas_pipeline,power,PL-SE,1.518100612817027e-08,2.43850462989045e-09,2.6662913829453944e-09,3.1008819865008847e-09,3.4847276988478047e-09,4.231780077090941e-09,5.509971559065662e-09,8.117669232735008e-09,9.250140923253344e-09,1.1442966509013703e-07
natural_gas_pipeline,power,PL-SK,4.2375804905807e-08,1.8639412953733226e-08,9.491076949363788e-09,8.15787926819655e-09,1.0451125407012141e-08,1.156133669544914e-08,1.3605729714709274e-08,2.01083908157927e-08,2.5481858105451655e-08,3.4375303367320896e-07
natural_gas_pipeline,power,PT-ES,2.411647236692507e-10,2.6407384549587354e-10,3.0389427809160206e-10,3.767606542709177e-10,5.163181893880097e-10,6.449871328722372e-10,9.35982435449632e-10,1.391449666579485e-09,2.5362857888589695e-09,7.440727289386158e-09
natural_gas_pipeline,power,RO-BG,2.2853040345239357e-10,2.640856018780323e-10,3.2417671783474026e-10,4.073431042287663e-10,5.23179411523325e-10,7.00347311366224e-10,9.483688621080607e-10,1.5640909999165944e-09,2.920828293943061e-09,1.3177919352026993e-08
natural_gas_pipeline,power,RO-HU,9.38973781396268e-10,4.099498796417064,0.34232830291692207,0.12915820934001374,1.258430729480057,1.5588865325294466e-09,1.0879232705958442e-09,1.0797590805970263e-09,1.934501861143719e-09,9.531056974652598e-09
natural_gas_pipeline,power,SE-DE,1.6516507592797305e-08,1.3307885895303484e-08,6.119005659551937e-09,4.748211254429835e-09,2.923670911020268e-09,3.025189986192357e-09,2.427100670452642e-09,2.6135071235417657e-09,5.812097893796515e-09,1.119810199818043e-07
natural_gas_pipeline,power,SE-DK,8.661735649175981e-11,1.0395613617100813e-10,1.2403614903969152e-10,1.5263298778716753e-10,1.933955216574788e-10,2.5675050336610244e-10,3.693815131533392e-10,5.591769926662425e-10,1.02486531331112e-09,5.028627497418957e-09
natural_gas_pipeline,power,SE-FI,9.730114310527113e-08,1.4169334481276294e-08,4.487822697780684e-08,3.280304452857428e-08,3.7630997466581995e-08,5.175771918445423e-09,1.7953206856257292e-07,1.2493259350849426e-09,2.532138266591582e-09,9.629272863613394e-08
natural_gas_pipeline,power,SE-LT,2.1156456471641373e-08,0.189839041145606,0.12292489686836268,5.4263442029218226e-09,1.4663540721382728e-09,7.446583265960705e-10,7.754777282839928e-10,4.282701329755638e-10,7.611268235793553e-10,3.4294673486506704e-09
natural_gas_pipeline,power,SE-NO,6.373790503457955e-08,1.7995616866755495e-08,1.4694498528325236e-08,1.5418172840208953e-08,1.7619044129238297e-08,1.9025958468886186e-08,2.472588187193817e-08,2.967420712881366e-08,4.062778382590071e-08,5.595497865523835e-07
natural_gas_pipeline,power,SE-PL,1.9319505649004414e-08,0.28742381389694394,1.7934941770762412e-09,6.324609490910834e-10,4.053289750042614e-10,3.293698664448108e-10,3.3744677683824483e-10,3.522854703444818e-10,6.211942406255135e-10,2.294168936191591e-09
natural_gas_pipeline,power,SI-AT,9.937459635588799e-08,8.544310309423256e-08,3.482315666633684e-08,1.0607100664232711e-08,1.1555305394380781e-08,1.7140746036427602e-07,1.3052689855040287e-07,0.006143173301757525,0.16457479045220258,5.99123878438134e-08
natural_gas_pipeline,power,SI-HR,4.4803049848282245e-10,4.947725719334363e-10,5.904371441488904e-10,7.283398859298019e-10,9.72291413081886e-10,1.2016824221854062e-09,1.1928665287635866e-09,2.0050497263301856e-09,3.5742983450905146e-09,2.2932708933366513e-08
natural_gas_pipeline,power,SI-HU,4.633856256422924e-08,2.5390491390685892e-08,1.0360909801098609e-08,7.201594295913804e-09,1.8606081348078135e-08,2.711391438517738e-08,1.5553912859287224e-08,1.8539081092885402e-08,1.979900267299378e-08,3.9185751272868835e-07
natural_gas_pipeline,power,SI-IT,2.333450209505766e-10,2.1242105951664248e-10,2.7544356427477166e-10,3.4768701638177896e-10,4.4840132346021687e-10,5.617716900368593e-10,6.583684624745009e-10,1.0616091845783002e-09,1.6519401792433609e-09,1.0463047829362028e-08
natural_gas_pipeline,power,SK-AT,1.7215797952135876e-10,1.9512255019984723e-10,2.404989004083795e-10,2.6986996721447605e-10,3.869564657932956e-10,5.179888250625409e-10,7.205858287136056e-10,1.121417901171149e-09,2.0502570526192114e-09,1.008341984314267e-08
natural_gas_pipeline,power,SK-CZ,4.466066922897496e-10,2.664318696060839e-10,3.346294229829599e-10,4.3216229072130873e-10,5.893084691165472e-10,7.649318399421333e-10,1.0159182568347219e-09,1.6067150784804213e-09,2.9368576524779893e-09,1.352783659224191e-08
natural_gas_pipeline,power,SK-HU,5.613291877529582e-10,5.666464963720089e-10,6.830770336030663e-10,8.823726908408772e-10,1.1207791566591208e-09,1.4848577909805478e-09,2.0671246251085377e-09,3.2370210909176144e-09,5.870573062388322e-09,2.6831234102378122e-08
natural_gas_pipeline,power,SK-PL,6.022931534431274,1.3499257158296152e-09,4.614489560652725e-09,5.36152384075022e-09,3.584486745491991e-09,2.018375439669766e-09,1.7391458898488648e-09,1.4442530924378375e-09,2.3663850598142744e-09,1.1926083634205888e-08
natural_gas_pipeline,power,UK-BE,1.8040271364735742e-10,2.2324768114279785e-10,3.3632606080031336e-10,5.722628370989416e-10,6.265693733276818e-10,7.365128920362054e-10,6.687498981048111e-10,7.762168157611342e-10,1.4231280926673165e-09,6.881074701576411e-09
natural_gas_pipeline,power,UK-DE,2.155688240921406e-08,1.3420929697982548e-08,7.240136835771924e-09,5.927537916754012e-08,6.614244756722944e-09,1.848668405362004e-08,1.8749878025868383e-09,1.6553389839646876e-09,3.734154823549183e-09,1.6034609413296426e-07
natural_gas_pipeline,power,UK-DK,2.620043607287666e-08,4.803251228442498e-09,5.418496427310518e-09,1.4112984737347266e-08,1.0920971428963444e-08,1.8335224066234235e-08,7.500258680321642e-09,2.8581696207241224e-09,5.643455158987216e-09,1.7424446396058276e-07
natural_gas_pipeline,power,UK-FR,3.389292331212805e-08,4.6253318097902e-09,6.1804720850749715e-09,4.221974954965685e-08,2.0330536546057777e-09,1.0832478150423364e-09,1.3197813488156558e-09,4.902738290854908e-09,1.119392407612501e-08,2.1694355146029006e-07
natural_gas_pipeline,power,UK-IE,2.3718591409710763e-10,2.5063893458979254e-10,3.32263991721442e-10,5.600861102937325e-10,5.96671484493798e-10,6.493653779148538e-10,5.459542079722424e-10,1.4856669755581591e-09,2.6448528661127224e-09,1.2095216968853209e-08
natural_gas_pipeline,power,UK-NL,2.5423148887824877e-10,4.2566063519094166e-10,6.810245048890158e-10,1.6060812266202864e-09,1.406293046695125e-09,1.29706134201213e-09,7.971269390129863e-10,9.254126218039881e-10,1.5953609389512363e-09,7.524254659508187e-09
natural_gas_pipeline,power,UK-NO,1.1450566425236475e-08,3.023552302601766e-09,2.4922756415907767e-09,2.920604843756146e-09,3.038765551976677e-09,3.726911975752829e-09,4.011742213486813e-09,5.031008884550953e-09,6.174169139307755e-09,8.127450687046016e-08
natural_gas_storage,energy,AT,0.0,0.0,0.0,0.0,0.0,0.0,0.0,0.0,0.0,0.0
natural_gas_storage,energy,BE,0.0,0.0,0.0,0.0,0.0,0.0,0.0,0.0,0.0,0.0
natural_gas_storage,energy,BG,0.0,0.0,0.0,0.0,0.0,0.0,0.0,0.0,0.0,0.0
natural_gas_storage,energy,CH,0.0,0.0,0.0,0.0,0.0,0.0,0.0,0.0,0.0,0.0
natural_gas_storage,energy,CZ,0.0,0.0,0.0,0.0,0.0,0.0,0.0,0.0,0.0,0.0
natural_gas_storage,energy,DE,0.0,0.0,0.0,0.0,0.0,0.0,0.0,0.0,0.0,0.0
natural_gas_storage,energy,DK,0.0,0.0,0.0,0.0,0.0,0.0,0.0,0.0,0.0,0.0
natural_gas_storage,energy,EE,0.0,0.0,0.0,0.0,0.0,0.0,0.0,0.0,0.0,0.0
natural_gas_storage,energy,EL,0.0,0.0,0.0,0.0,0.0,0.0,0.0,0.0,0.0,0.0
natural_gas_storage,energy,ES,0.0,0.0,0.0,0.0,0.0,0.0,0.0,0.0,0.0,0.0
natural_gas_storage,energy,FI,0.0,0.0,0.0,0.0,0.0,0.0,0.0,0.0,0.0,0.0
natural_gas_storage,energy,FR,0.0,0.0,0.0,0.0,0.0,0.0,0.0,0.0,0.0,0.0
natural_gas_storage,energy,HR,0.0,0.0,0.0,0.0,0.0,0.0,0.0,0.0,0.0,0.0
natural_gas_storage,energy,HU,0.0,0.0,0.0,0.0,0.0,0.0,0.0,0.0,0.0,0.0
natural_gas_storage,energy,IE,0.0,0.0,0.0,0.0,0.0,0.0,0.0,0.0,0.0,0.0
natural_gas_storage,energy,IT,0.0,0.0,0.0,0.0,0.0,0.0,0.0,0.0,0.0,0.0
natural_gas_storage,energy,LT,0.0,0.0,0.0,0.0,0.0,0.0,0.0,0.0,0.0,0.0
natural_gas_storage,energy,LU,0.0,0.0,0.0,0.0,0.0,0.0,0.0,0.0,0.0,0.0
natural_gas_storage,energy,LV,0.0,0.0,0.0,0.0,0.0,0.0,0.0,0.0,0.0,0.0
natural_gas_storage,energy,NL,0.0,0.0,0.0,0.0,0.0,0.0,0.0,0.0,0.0,0.0
natural_gas_storage,energy,NO,0.0,0.0,0.0,0.0,0.0,0.0,0.0,0.0,0.0,0.0
natural_gas_storage,energy,PL,0.0,0.0,0.0,0.0,0.0,0.0,0.0,0.0,0.0,0.0
natural_gas_storage,energy,PT,0.0,0.0,0.0,0.0,0.0,0.0,0.0,0.0,0.0,0.0
natural_gas_storage,energy,RO,0.0,0.0,0.0,0.0,0.0,0.0,0.0,0.0,0.0,0.0
natural_gas_storage,energy,SE,0.0,0.0,0.0,0.0,0.0,0.0,0.0,0.0,0.0,0.0
natural_gas_storage,energy,SI,0.0,0.0,0.0,0.0,0.0,0.0,0.0,0.0,0.0,0.0
natural_gas_storage,energy,SK,0.0,0.0,0.0,0.0,0.0,0.0,0.0,0.0,0.0,0.0
natural_gas_storage,energy,UK,0.0,0.0,0.0,0.0,0.0,0.0,0.0,0.0,0.0,0.0
natural_gas_storage,power,AT,0.0,0.0,0.0,0.0,0.0,0.0,0.0,0.0,0.0,0.0
natural_gas_storage,power,BE,0.0,0.0,0.0,0.0,0.0,0.0,0.0,0.0,0.0,0.0
natural_gas_storage,power,BG,0.0,0.0,0.0,0.0,0.0,0.0,0.0,0.0,0.0,0.0
natural_gas_storage,power,CH,0.0,0.0,0.0,0.0,0.0,0.0,0.0,0.0,0.0,0.0
natural_gas_storage,power,CZ,0.0,0.0,0.0,0.0,0.0,0.0,0.0,0.0,0.0,0.0
natural_gas_storage,power,DE,0.0,0.0,0.0,0.0,0.0,0.0,0.0,0.0,0.0,0.0
natural_gas_storage,power,DK,0.0,0.0,0.0,0.0,0.0,0.0,0.0,0.0,0.0,0.0
natural_gas_storage,power,EE,0.0,0.0,0.0,0.0,0.0,0.0,0.0,0.0,0.0,0.0
natural_gas_storage,power,EL,0.0,0.0,0.0,0.0,0.0,0.0,0.0,0.0,0.0,0.0
natural_gas_storage,power,ES,0.0,0.0,0.0,0.0,0.0,0.0,0.0,0.0,0.0,0.0
natural_gas_storage,power,FI,0.0,0.0,0.0,0.0,0.0,0.0,0.0,0.0,0.0,0.0
natural_gas_storage,power,FR,0.0,0.0,0.0,0.0,0.0,0.0,0.0,0.0,0.0,0.0
natural_gas_storage,power,HR,0.0,0.0,0.0,0.0,0.0,0.0,0.0,0.0,0.0,0.0
natural_gas_storage,power,HU,0.0,0.0,0.0,0.0,0.0,0.0,0.0,0.0,0.0,0.0
natural_gas_storage,power,IE,0.0,0.0,0.0,0.0,0.0,0.0,0.0,0.0,0.0,0.0
natural_gas_storage,power,IT,0.0,0.0,0.0,0.0,0.0,0.0,0.0,0.0,0.0,0.0
natural_gas_storage,power,LT,0.0,0.0,0.0,0.0,0.0,0.0,0.0,0.0,0.0,0.0
natural_gas_storage,power,LU,0.0,0.0,0.0,0.0,0.0,0.0,0.0,0.0,0.0,0.0
natural_gas_storage,power,LV,0.0,0.0,0.0,0.0,0.0,0.0,0.0,0.0,0.0,0.0
natural_gas_storage,power,NL,0.0,0.0,0.0,0.0,0.0,0.0,0.0,0.0,0.0,0.0
natural_gas_storage,power,NO,0.0,0.0,0.0,0.0,0.0,0.0,0.0,0.0,0.0,0.0
natural_gas_storage,power,PL,0.0,0.0,0.0,0.0,0.0,0.0,0.0,0.0,0.0,0.0
natural_gas_storage,power,PT,0.0,0.0,0.0,0.0,0.0,0.0,0.0,0.0,0.0,0.0
natural_gas_storage,power,RO,0.0,0.0,0.0,0.0,0.0,0.0,0.0,0.0,0.0,0.0
natural_gas_storage,power,SE,0.0,0.0,0.0,0.0,0.0,0.0,0.0,0.0,0.0,0.0
natural_gas_storage,power,SI,0.0,0.0,0.0,0.0,0.0,0.0,0.0,0.0,0.0,0.0
natural_gas_storage,power,SK,0.0,0.0,0.0,0.0,0.0,0.0,0.0,0.0,0.0,0.0
natural_gas_storage,power,UK,0.0,0.0,0.0,0.0,0.0,0.0,0.0,0.0,0.0,0.0
natural_gas_turbine,power,AT,7.721613743323105e-10,7.980963718087139e-10,1.2632435686607973e-09,1.4102357408878782e-09,7.186324884935143e-09,0.2481848561173482,0.930402403974908,1.6650276154467851,0.29077868448652855,3.1724311175529745e-06
natural_gas_turbine,power,BE,8.129350040515853e-11,5.745345357667091e-10,1.4852576208796193,3.5922062354152633,0.12699723992080209,0.49476813734262554,1.4010154502433176,4.200271386797044,1.4512375746477239e-08,1.7858486454320447e-06
natural_gas_turbine,power,BG,4.000121156631375e-11,8.288377039278547e-11,1.870156236003646e-10,0.10311844122296003,0.2771453845809624,0.20841815263308205,0.24297530850148472,5.174504031978939e-09,1.1100429681118964e-09,2.6563154181962748e-08
natural_gas_turbine,power,CH,1.031505288740477e-10,1.7907693855943918e-09,2.0151464469341653,9.976791122620577e-10,0.8716917439642752,0.10610999481444382,0.8795185819161684,3.190843039761945,0.16635882729880241,0.5806041322367774
natural_gas_turbine,power,CZ,1.2762248149574205e-09,1.39078592655036e-09,0.38919890566259574,0.2408017282508712,3.020978893526132e-08,1.1362714970806354,2.3840572844811794,1.4002855711845006,0.06153781485015523,1.2247826770518408e-07
natural_gas_turbine,power,DE,3.031714089573822,6.234425027218441,11.7141632273042,2.1931274783450108,8.543249399334856,11.678767346397406,10.348555482609543,41.01875580686381,0.32360467610646243,10.097061903579878
natural_gas_turbine,power,DK,0.30619414303303066,1.9238998178886202e-09,1.447831939130799,0.8181409092054364,0.5275273450387956,1.6099840491985228e-08,1.0617770155377106e-07,1.2303197068699794,0.3189208729073807,1.329843366077185
natural_gas_turbine,power,EE,0.14841671484737243,3.127358406862554e-10,6.753622451906225e-10,4.283174382919074e-10,5.931454302605106e-10,8.27262512210585e-10,3.273668869136391e-10,1.590102900174648e-08,1.630190294803142e-08,6.46508550140475e-08
natural_gas_turbine,power,EL,2.1987566531152553e-11,2.9011266267055037e-11,4.43608262282462e-11,8.03783948946897e-11,1.8123391294609632e-10,7.541006730324789e-10,0.44960746306375593,0.8502694484794039,1.4518561828192604e-09,0.12057217756358869
natural_gas_turbine,power,ES,1.85176688884091e-11,2.3664601188592106e-11,3.309628538172612e-11,5.1365226417203124e-11,7.99691809746838e-11,3.2167133132611426e-10,6.311301117429491,0.21197641541169518,1.0926376152991495e-08,0.05109934207038416
natural_gas_turbine,power,FI,2.503822029404934e-07,1.0054544232082545e-09,0.021861640817102877,1.1222570149962527e-09,1.6776488776680162e-09,0.6249058831700309,5.695685383558694e-10,7.083035370488441,0.6286353717659797,0.4386723270263216
natural_gas_turbine,power,FR,7.123472777635927e-11,2.8945427246509585e-10,3.9456717259420673,3.628195454746681,6.350120721331693,11.021914762088763,7.782121284664288,6.331606002583757,1.055915500724808e-06,0.9886661236237955
natural_gas_turbine,power,HR,0.25790261011435545,1.6494509412851182e-10,0.04381405258870522,0.20548069446258135,1.3748845823744436,3.3968490990665146e-08,1.3030484308190294e-08,0.4403644883030602,3.6024427692999165e-08,3.3149600833143906e-07
natural_gas_turbine,power,HU,3.1610184448180864e-11,4.851926804983597e-11,1.0090028336104618e-10,3.4887374247541064e-10,1.7453276388989564e-08,1.7015805971181508,1.2564002927631988,3.150496697396534,2.8485213856918068e-08,0.07275413441331642
natural_gas_turbine,power,IE,5.163430378952734e-11,1.655954853997436e-10,6.037377705322465e-10,6.747843167874812e-10,4.003072417822554e-09,0.6186401636690703,0.5256971967253685,4.046863747612825e-09,1.357448082030685e-08,5.126193182606363e-08
natural_gas_turbine,power,IT,2.3597917213344673e-11,3.326640495953067e-11,5.443887071431421e-11,1.0143200790544148e-10,2.9364871948552034e-10,4.5035119994324955,8.300798064584418,9.053069744238975,2.2186108596133423,7.171355888894226e-08
natural_gas_turbine,power,LT,0.296155523786293,3.5117894516029103e-10,7.608081752774399e-10,4.410536636547296e-10,7.164314664128073e-10,1.1330546427543993e-09,4.4388570057164186e-10,1.4699423316574245e-08,1.8068415473519724e-08,5.188658053260373e-08
natural_gas_turbine,power,LU,8.097320345340268e-11,3.424015809259713e-10,5.992187750339977e-09,0.1385646723198784,0.5717346902285616,9.745143716496937e-08,1.439844321949559e-07,0.4714308739793076,1.6087545212480983e-08,1.9798947922658147e-06
natural_gas_turbine,power,LV,0.6380499533324442,3.365610708797927e-10,1.2143244857789254e-09,4.989026718605733e-10,8.198424068588246e-10,1.2979338685464211e-09,4.734334768924105e-10,1.2376583157442567,0.10667786921993214,1.506712625948692e-07
natural_gas_turbine,power,NL,5.318111144310215e-11,1.66795793542544e-10,1.1549184397054973e-09,0.499593151869959,3.0088235030029593,3.1454300813907654e-08,2.3138426565500705,8.297989011805447,2.445249053216049,3.1081091115597608
natural_gas_turbine,power,NO,1.259111050565182,1.1964590051468583e-09,1.2084452668878447,1.0823164643833323e-08,0.12333337636884313,0.8490667531792917,0.4626997724650282,1.3655606466429201e-08,3.382132530640756e-08,0.4509307248116603
natural_gas_turbine,power,PL,0.8356050996262782,4.1482961052814027e-10,4.021754220643876,2.0698925893618983e-09,6.241387688511112e-09,1.4417105100189134,0.8466367907041312,23.654852660739408,5.06612762334635e-08,1.6346233272903417
natural_gas_turbine,power,PT,1.8628515074389228e-11,2.4057645687233327e-11,3.302437596224047e-11,4.986377030810609e-11,9.350244116095952e-11,2.6179994701873225e-10,0.2600605660603018,0.06174522027577405,0.13808175060581543,3.7229596187890404e-08
natural_gas_turbine,power,RO,3.645146454810089e-11,6.689594270657467e-11,1.5646490885970635e-10,7.242246741162593e-10,6.4409942228294365e-09,9.591091071384303e-10,0.310397183964531,0.5518558912953141,2.7569515819895043e-09,8.131711560132135e-08
natural_gas_turbine,power,SE,1.168411651552671,1.1095161848189124e-09,0.9423998147492706,2.5928094722125734,2.22380930044651,9.50915813673001e-09,1.874775384332446,0.5794997534939135,2.6000054660981527e-08,3.0175874092857057e-07
natural_gas_turbine,power,SI,4.987379980159652e-09,1.4479578485470413e-09,2.826395269971272e-09,1.2127740729267325e-08,9.46833278150713e-07,1.943254531566323e-06,3.027513326420072e-05,1.2060784335795354,4.965378651013497e-07,0.3602397693457406
natural_gas_turbine,power,SK,2.737224156952641e-10,3.151193804939266e-10,0.29111559568071593,0.2018840425911848,0.4372710911985977,0.9918123736130985,0.7816278288153642,1.3898569176165432,1.1449312201144827e-08,0.4216883504653175
natural_gas_turbine,power,UK,5.798117799062325e-11,2.2678524417208388e-10,0.043094062031487745,12.470286405631647,5.882952362265219,1.4920679669987313,5.237085029671647,3.292991980422671,0.8639488041273242,2.831443552106094
natural_gas_turbine_CCS,power,AT,3.75322183813256e-09,2.5173972513076993e-09,4.0731487223863964e-09,1.4455223874809377e-08,3.005596198863806e-08,2.596526146108448e-10,1.5332812702001466e-10,1.4631002136932168e-10,1.9810980855683423e-10,1.1762218860346581e-09
natural_gas_turbine_CCS,power,BE,2.5406179195037695e-09,5.186864618128345e-09,4.65351126213468e-08,4.042151994840328,1.7798799402626906e-08,2.510097665690685e-10,1.1529670913414848e-10,1.1815408007166336e-10,1.1330972220739018e-10,5.805504502072852e-10
natural_gas_turbine_CCS,power,BG,2.0143191030681823e-09,1.7195822130850355e-09,3.2176702058903616e-09,2.1337353827205287e-08,1.1456618669397994e-08,3.600633182594207e-10,1.876679426032805e-10,1.6651073827025032e-10,2.4992969851186945e-10,5.116439349678269e-09
natural_gas_turbine_CCS,power,CH,2.463658656093642e-09,4.152818096889649e-09,6.7596694459174355e-09,6.6090942832420455e-09,4.474660933671683e-08,3.6907159239544433e-10,1.50096405152609e-10,1.392278327501869e-10,1.7306540963298302e-10,7.386777690546882e-10
natural_gas_turbine_CCS,power,CZ,3.6645041465786164e-09,2.318569686708842e-09,5.534824901020735e-09,7.201372612320369e-09,2.0203980595346698e-09,3.333048422051996e-10,2.27462139581989e-10,2.2719813188243694e-10,2.984722269008354e-10,1.0589145406369161e-08
natural_gas_turbine_CCS,power,DE,3.965659209079599e-09,5.67716035412913e-09,2.531428062950735e-08,1.904460945819052e-07,5.363175324877697e-10,3.1377260306041735e-10,1.3313684688856054e-10,1.4000638711085185e-10,1.3050038932073406e-10,6.792061104055102e-10
natural_gas_turbine_CCS,power,DK,3.331146144426657e-09,2.5840540150454145e-09,1.2804574974220712e-08,1.6578291961968093e-08,5.027077396381022e-10,1.8787670391980896e-10,1.3693115276277634e-10,1.4016776921843089e-10,1.893893008458238e-10,1.8276193716337345e-09
natural_gas_turbine_CCS,power,EE,3.311325905615359e-09,1.33020483863133e-09,2.5848238673555162e-09,1.4732993300570337e-09,2.06608230985493e-09,8.568329474070261e-10,2.511995539889576e-10,4.959979043996625e-10,5.627686483950098e-10,1.639439405125475e-08
natural_gas_turbine_CCS,power,EL,2.088307891159958e-09,1.2717772162396865e-09,2.3525193761489897e-09,4.302612732837161e-09,2.067969829931042e-08,4.5398692547939585e-09,3.522363732481396e-10,2.1388053867483853e-10,3.2568500184685577e-10,1.4906188766806637e-08
natural_gas_turbine_CCS,power,ES,1.9665538955590075e-09,8.59740107851313e-10,8.320550255888879e-10,8.281454502785335e-10,1.0942848602410464e-09,3.4693106463833423e-09,3.0333661301135894e-09,8.747195434595614e-10,9.958327658323539e-10,2.7836102241062928e-08
natural_gas_turbine_CCS,power,FI,3.0123632668259206e-09,1.4173317256928595e-09,2.811926643401073e-09,1.7929127738025587e-09,5.301403448245048e-09,6.677337418409092e-09,2.804009001301626e-10,6.059818460805298e-10,4.1368388661574936e-10,1.820658413845038e-08
natural_gas_turbine_CCS,power,FR,2.087701912541807e-09,2.304908434440732e-09,2.7146148472358133e-09,2.144654839927385e-09,3.357811507449156e-09,2.631058417915924e-09,4.560413240544375e-10,2.5902999150890476e-10,2.8643161769349205e-10,1.2260016046341357e-08
natural_gas_turbine_CCS,power,HR,4.692811441068469e-09,5.789881662063826e-10,1.2767831252968341e-08,2.669851388673771e-08,3.232033094673953e-09,2.0962128516629844e-10,1.5892697743532437e-10,1.6433064677725376e-10,2.2123516953360157e-10,1.250760867025585e-09
natural_gas_turbine_CCS,power,HU,2.120624661485664e-09,1.1084763179039126e-09,1.7075265793090782e-09,3.3351639023887288e-09,4.809578855678694e-09,6.746425595251163e-10,4.355293217955364e-10,2.938202657343887e-10,4.460936460678175e-10,1.692471057421899e-08
natural_gas_turbine_CCS,power,IE,2.1342891213554044e-09,2.613768795709635e-09,4.0493619810704175e-09,4.29079739017817e-09,7.399088769474571e-09,7.470935550997507e-10,5.437096041253921e-10,2.372431315561887e-10,2.5735867162963767e-10,8.78323052890704e-09
natural_gas_turbine_CCS,power,IT,2.454445713350197e-09,1.3744271883256744e-09,3.1261715756175746e-09,6.796680609039295e-09,1.8450933780367364e-08,2.7798216674492125e-10,1.486695190447456e-10,1.6623662006383314e-10,2.3986907445401327e-10,3.3527250473065415e-09
natural_gas_turbine_CCS,power,LT,3.289760782906023e-09,1.1617146297817602e-09,2.303013210302228e-09,1.3213060323638346e-09,1.4373430310958828e-09,8.169983308349655e-10,3.804838091054434e-10,7.682826510732973e-10,6.542611986012433e-10,1.6580418572969026e-08
natural_gas_turbine_CCS,power,LU,2.1415943329807386e-09,2.4382181034872223e-09,2.735862502560462e-09,1.6982858634048343e-09,3.0907007874530986e-09,1.3565257032932835e-09,7.066142775818412e-10,4.840883946187777e-10,4.023739934784811e-10,1.4660599078403563e-08
natural_gas_turbine_CCS,power,LV,3.2272988797332783e-09,1.1994984692203974e-09,2.429253623496596e-09,1.3770617777175077e-09,1.5794268850014876e-09,8.832328765125422e-10,3.4805830857714807e-10,8.163005406810378e-10,6.647348851141759e-10,1.7987661213919706e-08
natural_gas_turbine_CCS,power,NL,2.333803437843636e-09,3.090804463478091e-09,1.6350728140333356e-08,2.9016352812803293e-08,4.3244450344151864e-10,2.0757876085689972e-10,1.294103687656679e-10,1.2473640608474342e-10,1.4892846066697102e-10,8.959350237586856e-10
natural_gas_turbine_CCS,power,NO,3.2588190924547536e-09,1.8776575263014214e-09,4.268441965488937e-09,4.864353147755272e-09,1.8691104412150647e-08,9.423099316970492e-10,2.873497455762482e-10,2.0465706280069886e-10,2.501350101047662e-10,7.171072114473804e-09
natural_gas_turbine_CCS,power,PL,3.3697225441554956e-09,1.484435682603125e-09,3.978397078180285e-09,4.0668112504908625e-09,2.6878796089618314e-09,8.346198547572112e-10,5.70408808490528e-10,5.085613888356267e-10,4.270805322732426e-10,1.505244199854719e-08
natural_gas_turbine_CCS,power,PT,1.87427757548704e-09,7.62321193068991e-10,7.158026945595907e-10,7.76118822692568e-10,1.010530653835045e-09,2.6309103729753825e-09,2.3370855590305107e-09,8.970103775407441e-10,1.1703584062069445e-09,2.3620775259007734e-08
natural_gas_turbine_CCS,power,RO,2.076054135704001e-09,1.6152762982927653e-09,2.9665036955748327e-09,5.450774684114126e-09,5.171546598009088e-09,3.547795438296467e-10,3.2534085688367856e-10,2.369170972349419e-10,3.1108956330339614e-10,1.1206366872916602e-08
natural_gas_turbine_CCS,power,SE,3.1312061269158123e-09,1.6871944240639823e-09,3.553798639924163e-09,3.940533559905347e-09,1.5496903594002556e-08,7.924621889615217e-09,7.515660601893215e-10,3.3175572213803675e-10,2.894997943277031e-10,8.14774065499079e-09
natural_gas_turbine_CCS,power,SI,2.3692254879360856e-09,1.1393574436165203e-09,2.110087948081968e-09,7.241655837222091e-09,1.1004398699765382e-08,2.2886942792603732e-10,1.7977389978104766e-10,1.9035909466743131e-10,2.7131678907336536e-10,8.298628182105978e-09
natural_gas_turbine_CCS,power,SK,3.118535025243076e-09,1.312638604441773e-09,5.481969716776941e-09,8.288503889344539e-09,1.5457828019213423e-09,5.261251921617869e-10,4.1088961021927895e-10,3.691581862431516e-10,4.029899727149278e-10,1.4647142921771493e-08
natural_gas_turbine_CCS,power,UK,2.1447069790530866e-09,2.468704193425711e-09,5.513436603734862e-09,8.479955874042935e-09,7.071277243973251e-09,4.0990194764077967e-10,1.856072167480798e-10,1.985648977114432e-10,1.952316084415881e-10,4.825732346690036e-09
nuclear,power,AT,0.0,0.0,0.0,0.0,0.0,0.0,0.0,0.0,0.0,0.0
nuclear,power,BE,0.0,0.0,0.0,5.774291643201233e-09,3.0173606103470002e-09,4.024533055353479e-09,1.863016330146695e-08,2.147803132263572,3.795196768699056,6.356713880725443e-08
nuclear,power,BG,0.0,0.0,0.0,3.6571591625088034e-09,9.046807387012077e-10,8.7265822206076e-10,1.5431571319012776e-09,1.7125133456869417e-09,1.9867265205919983e-09,2.8072653692717717e-08
nuclear,power,CH,0.0,1.478331967054683e-11,2.1156522306168667e-11,3.522656355130722e-11,6.556903291050104e-11,1.4436907867673904e-10,1.3334675199964582e-08,9.362501042689005e-09,1.9264791512281765e-08,8.389607200365235e-08
nuclear,power,CZ,0.0,0.0,0.0,0.0,0.0,0.0,0.0,0.0,0.0,0.0
nuclear,power,DE,0.0,0.0,0.0,4.575409859593167e-11,8.103095800150212e-11,1.3795023613343008e-10,4.3966912973553857e-10,5.243089762637726,1.371910213895498,2.2736535473540624e-09
nuclear,power,DK,0.0,0.0,0.0,0.0,0.0,0.0,0.0,0.0,0.0,0.0
nuclear,power,EE,0.0,0.0,0.0,0.0,0.0,0.0,0.0,0.0,0.0,0.0
nuclear,power,EL,0.0,0.0,0.0,0.0,0.0,0.0,0.0,0.0,0.0,0.0
nuclear,power,ES,0.0,0.0,0.0,0.0,0.0,0.0,8.03010000125816e-11,7.112149315923376e-09,2.2620794714071215e-09,2.33155841126808e-08
nuclear,power,FI,0.0,0.0,0.0,0.0,4.970361288243877e-11,4.316168284112554e-09,1.2618559052624051e-09,2.3124666348833927e-09,2.428988521714839e-09,2.6155362279040474e-08
nuclear,power,FR,4.774847184307873e-12,6.457291913796447e-12,8.515259840486944e-12,1.1449399183853459e-11,1.5836700469930904e-11,2.2891499249098046e-11,3.7679875083757225e-11,6.580325477147496e-11,1.3119275435698196e-10,6.211199164665947e-10
nuclear,power,HR,0.0,0.0,0.0,0.0,0.0,0.0,0.0,0.0,0.0,0.0
nuclear,power,HU,0.0,0.0,0.0,0.0,0.0,0.0,6.21177420641134e-09,2.014002025783334e-09,2.0216437760200614e-09,2.2734068744684443e-08
nuclear,power,IE,0.0,0.0,0.0,0.0,0.0,0.0,0.0,0.0,0.0,0.0
nuclear,power,IT,0.0,0.0,0.0,0.0,0.0,0.0,0.0,0.0,0.0,0.0
nuclear,power,LT,0.0,0.0,0.0,0.0,0.0,0.0,0.0,0.0,0.0,0.0
nuclear,power,LU,0.0,0.0,0.0,0.0,0.0,0.0,0.0,0.0,0.0,0.0
nuclear,power,LV,0.0,0.0,0.0,0.0,0.0,0.0,0.0,0.0,0.0,0.0
nuclear,power,NL,0.0,0.0,3.0687267513821144e-09,1.2356322329075068e-09,1.1253007847455008e-09,9.90984239143484e-10,1.8173626933662034e-09,2.8523851968550217e-09,9.24543375680905e-09,5.993602931478773e-08
nuclear,power,NO,0.0,0.0,0.0,0.0,0.0,0.0,0.0,0.0,0.0,0.0
nuclear,power,PL,0.0,0.0,0.0,0.0,0.0,0.0,0.0,0.0,0.0,0.0
nuclear,power,PT,0.0,0.0,0.0,0.0,0.0,0.0,0.0,0.0,0.0,0.0
nuclear,power,RO,0.0,0.0,0.0,0.0,0.0,0.0,0.0,0.0,0.0,0.0
nuclear,power,SE,0.0,0.0,1.0689426723644621e-11,1.7630605929188682e-11,2.802331679301848e-11,6.239794989795765e-11,5.831368635620735e-09,2.6055250311808754e-09,2.373662024618758e-09,2.5859623843157497e-08
nuclear,power,SI,0.0,0.0,0.0,0.0,0.0,0.0,8.08086285758758e-09,3.040996327388239e-09,2.5127654116254606e-09,2.2181197462439522e-08
nuclear,power,SK,0.0,0.0,1.4541159797430439e-11,1.8722214611165743e-11,2.501412084938968e-11,3.608592381581754e-11,6.187080607079715e-11,1.1746977723869856e-10,2.5242643896367234e-10,1.127065941705658e-09
nuclear,power,UK,0.0,0.0,0.0,1.033081733165568e-11,1.401630731283971e-11,1.962504632826223e-11,2.974256880466087e-11,4.9619740819448966e-11,1.1198263356458941e-10,4.6404744588173654e-10
photovoltaics,power,AT,29.129275973523743,7.050946789444719e-10,1.4380470417662623,0.9464502834515524,0.9519540526395234,1.153138078319497e-08,8.306561628199177,6.232442516283152,1.8828674062397188,9.528354919498677
photovoltaics,power,BE,6.436679308177673e-10,4.2928261106043803e-10,4.530713313583974e-09,10.803050970215692,1.3526910113446584,1.792067179391206,5.563354999130823,5.5995066958447515,0.8629615574432046,11.528414978159308
photovoltaics,power,BG,4.467452304801399,1.2251551995925764e-09,0.019732537196137354,1.1987712551575584,9.569868461235231e-09,0.4032540480941696,8.542757397565652e-09,3.352318688717568,1.3013390693750386,1.1637249191235913e-07
photovoltaics,power,CH,23.461625715339007,2.3075220158954564e-09,10.185800310338681,1.5602768421345354,1.7051217007324222,6.5310601926374226e-09,1.6181541473438623,6.959178873605874,8.560674292918677,0.9480191452471118
photovoltaics,power,CZ,5.4095336172144854,6.885708223036366e-10,1.3640777120553764,9.198940923561864e-09,3.303605202901318e-09,2.5836548444917085e-09,4.52648402832622e-09,4.005236804882271e-09,1.1283806163524653e-08,4.1936278491411884e-08
photovoltaics,power,DE,2.11567210789706e-09,5.325037487584781e-10,7.266889409333509e-08,7.389813948917574,3.6443465102433423,1.5933840308166235e-05,17.23570122325791,44.605702716675545,7.34637713900622,12.803293318725107
photovoltaics,power,DK,1.1725204060494313e-10,1.0640339496963564e-10,1.7930251507493587e-10,2.5562617149047754e-10,3.713108088140791e-10,5.238810803539115e-10,7.345033572224143e-10,1.1356870443815088e-09,2.351441020625543e-09,1.0792575175562146e-08
photovoltaics,power,EE,9.754583864088876e-11,1.0474991659593841e-10,1.8126866133184326e-10,2.791914827711231e-10,4.2251129134235147e-10,4.635542412266699e-10,5.382475443385362e-10,8.347775676721539e-10,1.6724105588762847e-09,8.807311989696927e-09
photovoltaics,power,EL,2.0787458936242873e-10,1.9794503303028352e-10,4.9004829936920846e-09,8.238451397300232e-10,1.1792619769013176e-09,2.0055727654299978e-09,2.581722686692026e-09,0.5635593394533273,0.0986302849667295,0.20925905479241633
photovoltaics,power,ES,16.89917095105727,4.60214034398402e-10,2.0413234729048706e-09,6.091069393134437e-09,5.602377794477376e-09,13.965701748832078,4.152544379497454,9.257052317882698,2.6222332958645556,9.46004667659373
photovoltaics,power,FI,5.7371864482037345e-11,5.950134461252027e-11,9.442541765099798e-11,1.3573967818590039e-10,1.9022878785471107e-10,2.725125890521053e-10,4.155982402444449e-10,7.199865412171423e-10,1.3931648639953017e-09,7.228216040643519e-09
photovoltaics,power,FR,3.754278009749782e-10,6.952474695483657e-10,5.248249806562753e-08,3.056690382229641e-09,7.005561617458348e-09,8.517775486614921,2.04521185850772e-08,10.166967693574406,9.084233425096478,1.7204269832883803e-07
photovoltaics,power,HR,2.2028977856696104,6.264393693947119e-10,0.1271951733749856,1.202072005055392e-08,7.793014866692096e-09,0.23263903944657324,6.653702362903537e-08,1.8224597555539125e-08,0.10187227404730531,1.4131350881127255e-07
photovoltaics,power,HU,2.448724194533692e-10,2.2158283083897038e-10,2.2731332049000866e-09,5.506347033554209e-10,6.934116713452776e-10,1.0416055595222235e-09,1.4333151897911847e-09,2.1758566760514046e-09,4.9120430722418495e-09,1.8148600661056227e-08
photovoltaics,power,IE,1.199186423642736e-10,1.1299287614084029e-10,1.9991471877343826e-10,3.0769953647778244e-10,4.846267997872363e-10,8.229524711684093e-10,1.1274662067735708e-09,2.2850104021955825e-09,5.869645865566497e-09,2.410078363615615e-08
photovoltaics,power,IT,35.583458542871014,8.054256157597606e-10,2.326804852815829e-08,2.124235407828283e-08,1.555272671769421e-08,4.8278275593364495e-09,6.1970720145963346e-09,7.241170274579577,1.4631160337245918e-08,1.8403479562200474e-07
photovoltaics,power,LT,1.6785789566160145e-10,1.4942931732908968e-10,3.542160767707483e-10,5.575274354025062e-10,6.771684347375477e-10,6.662240365627793e-10,6.643526676536238e-10,9.80187673700312e-10,2.3056544403321355e-09,9.601206971327231e-09
photovoltaics,power,LU,3.44052472393634e-08,1.4654784569498703e-09,4.1187535631966946e-08,8.251711044582485e-09,3.0453640797340165e-08,9.435159688433799e-08,1.106813295909295e-08,7.135696487239891e-08,3.1577336951243e-07,6.186095279596858e-07
photovoltaics,power,LV,2.289648986455942e-08,8.188164199041546e-10,8.354875500189412e-09,2.9329674160948e-08,6.67403752859752e-08,9.526971699317259e-09,3.6887898792974283e-09,1.1610874111212369e-08,3.892610908870527e-08,4.0748351276512605e-07
photovoltaics,power,NL,2.68710028327259e-10,2.53502051241332e-10,8.094674638458766e-10,1.580930561283359e-09,1.8281032148870279e-09,2.3491940807306166e-09,3.187582400818293e-09,5.367457646597791e-09,3.484762804683025e-08,1.2279538582488124e-07
photovoltaics,power,NO,6.188970882391505e-11,6.514360968087303e-11,1.0801406262987532e-10,1.4960480358633526e-10,2.377857254541104e-10,3.471710537247074e-10,5.193284839992593e-10,8.64725439005617e-10,1.6676535473737018e-09,9.008201584227487e-09
photovoltaics,power,PL,7.516177020374882e-10,3.8680474797554955e-10,5.487122463765236e-08,0.8760077241613852,8.878154393314469e-08,1.5344476854864893e-08,1.873918214762312e-09,2.718023719246242e-09,5.352909803077937e-09,3.9154129061758535e-08
photovoltaics,power,PT,10.30072734671055,4.5024028221762283e-10,4.375839393234478e-09,1.1604711689191075e-08,7.919723491931684e-09,0.9012972496292916,4.401745403020778,4.06484896471666e-08,5.6889374728774046e-08,0.279080488654616
photovoltaics,power,RO,7.524601233363482e-10,4.935792972391973e-10,1.2339606697394022e-08,2.497501036070732e-08,3.711439326028177e-08,2.245017503182871e-08,6.410205800816239e-09,1.0484276226432747e-08,0.4271203132762156,1.1569557081853274e-07
photovoltaics,power,SE,9.793770063888886e-11,6.840661975776034e-11,1.0775763065715836e-10,1.60176576346833e-10,2.331645354861923e-10,3.469439531859143e-10,5.175917055517056e-10,8.951519458738595e-10,1.7456015856969362e-09,7.749859638419295e-09
photovoltaics,power,SI,1.5341300749383549e-10,1.465954075139623e-10,2.5440773843648096e-10,3.177343505101596e-10,4.358060447284593e-10,5.896676513627712e-10,9.95436684419641e-10,1.6462158914061436e-09,2.9332997241263894e-09,1.3459224348258945e-08
photovoltaics,power,SK,0.5434595500429316,5.805986568152467e-10,6.630605519835388,4.992238951540809e-09,5.244290848827246e-09,2.1798791306815138e-08,2.8583781281666027,1.3951706050742011e-07,3.2557992062960186,0.05560151455985973
photovoltaics,power,UK,1.182674618225278e-10,1.2407683539527887e-10,2.6528566567771383e-10,1.6061557467261065e-09,2.787583077328892e-09,1.2709453860319718e-09,1.0886159933429312e-09,1.6118559840302317e-09,3.2138962550652098e-09,1.4981388024301625e-08
power_line,power,AT-CH,2.740284832519121e-10,2.379631507687667e-10,2.2388787942822942e-10,1.8764544907835677e-10,2.5498370060278453e-10,3.3859657393392807e-10,4.841871310916265e-10,7.168347460944787e-10,1.8789677973596448e-09,0.028682034343006414
power_line,power,AT-CZ,1.4999999889228444,3.1103065154099533e-09,2.52862239779396e-09,8.778568263188103e-10,4.1506664781063527e-10,3.4595919071769124e-10,4.295778545627565e-10,4.957136543268253e-10,6.893813415081963e-10,1.008162532433928e-09
power_line,power,AT-DE,3.2383831941503236,9.909870337982751e-10,1.6395419503379318,0.6685642563595628,2.5867765928993726e-09,4.652226805075842e-09,2.657334718821438e-09,2.177477260654094e-08,1.7239122801121795e-07,1.55351032028937
power_line,power,AT-HU,2.3773734072197716e-09,1.401107159232957e-09,3.616695471278642e-08,5.854614117857618e-07,4.182258934094109e-09,0.3871563779353774,1.3381675707950204e-08,2.3806163432106203e-09,1.632923010091054e-08,0.5960062665123526
power_line,power,AT-IT,1.4999999961751231,3.754760740049485e-10,1.9803770384216509e-10,1.7640904141523787e-10,1.8059240132490838e-10,2.3112209819144672e-10,2.594456190844034e-10,3.2423507712943627e-10,4.2209815634328607e-10,7.526358738610349e-10
power_line,power,AT-SI,2.4673020402408063e-09,2.0253163412239072e-09,5.183088123639769e-09,7.984367658332848e-08,2.1205334015411562e-07,0.9463031699896234,0.3265245946523215,2.4740655366594484e-09,4.46334568239521e-09,2.9401741184615967e-08
power_line,power,AT-SK,0.0,0.0,0.0,0.0,0.0,0.0,0.0,0.0,0.0,0.0
power_line,power,BE-DE,2.999999996914594,1.1249619477457576e-10,1.1400511763298212e-10,1.3441187232188224e-10,1.5596538495216174e-10,2.075838894644878e-10,2.834921923429442e-10,4.533637271384089e-10,5.196250496927076e-10,5.157097648801909e-10
power_line,power,BE-FR,1.1152879150829041e-10,1.1669446610287226e-10,1.4807281934244103e-10,1.9956611643280723e-10,2.4939930155006127e-10,3.080486411749594e-10,3.775618719183664e-10,5.646724796826711e-10,1.2213226248725464e-09,5.093211979669374e-09
power_line,power,BE-LU,1.8990724689591373e-09,7.47621732005091e-10,1.3774555171004677e-09,0.13343950141156333,3.4629767058239286e-09,1.6189429955599583e-09,1.08267280277555e-09,2.2881863078964376e-09,9.465606510105324e-09,2.067185951182918e-08
power_line,power,BE-NL,2.936308268818165e-10,3.1390774141937314e-10,4.46652953528153e-10,6.102187675529307e-10,8.761141089432822e-10,1.2250763563310054e-09,1.8670423186973285e-09,3.885399270293058e-09,1.4880641709752305,1.7927932399251183
power_line,power,BE-NO,0.0,0.0,0.0,0.0,0.0,0.0,0.0,0.0,0.0,0.0
power_line,power,BE-UK,1.5789651447629306e-10,1.978238528660619e-10,3.065845064948898e-10,4.53056892176883e-10,6.70241395058899e-10,9.43579410292181e-10,1.2227405639599914e-09,2.137580342771905e-09,4.412284025263935e-08,3.5135804297152176e-08
power_line,power,BG-EL,0.9999999967893556,1.8680437939349472e-10,2.3738557603061295e-10,2.3168629070040502e-10,2.0089767445847782e-10,2.191476304914459e-10,3.4705456792461185e-10,4.990228169209128e-10,4.1049053998479644e-10,4.0718315161371115e-10
power_line,power,BG-RO,0.9333967087506506,1.076808527028353e-09,6.193110598814789e-09,0.06660328277193124,3.4607877293373336e-10,1.8430773594323374e-10,1.4781969233617692e-10,1.3788612004893162e-10,1.351207236352764e-10,1.3978141962501646e-10
power_line,power,CH-AT,0.0,0.0,0.0,0.0,0.0,0.0,0.0,0.0,0.0,0.0
power_line,power,CH-DE,4.199999998923944,8.905516447149479e-11,1.0286634477592567e-10,9.480101435428955e-11,8.96311034184163e-11,9.218328459314412e-11,9.543010473795151e-11,1.0923661543721494e-10,1.1887013137418666e-10,1.4917174873434586e-10
power_line,power,CH-FR,6.134889447603133e-10,9.232249623185505e-10,2.599999993541989,8.629757813296184e-10,5.77021916232222e-10,6.106366327281566e-10,4.122038278028538e-10,4.869723416936892e-10,5.334514995092358e-10,7.237670925536334e-10
power_line,power,CH-IT,1.2267201717960623,2.456061248576076e-09,1.2186064935297923e-09,5.457463416475889e-10,5.280050669809325e-10,1.6194036349929906e-09,1.9441550462906257e-09,6.364813887495746e-09,2.285926048484852,1.1601872147773585e-06
power_line,power,CZ-AT,0.0,0.0,0.0,0.0,0.0,0.0,0.0,0.0,0.0,0.0
power_line,power,CZ-DE,1.4999999991073703,1.913610020180622e-10,1.2110056166452039e-10,1.0141115175303738e-10,8.459841688835262e-11,7.56902774568324e-11,6.534799545809645e-11,6.252341026462437e-11,5.962248969041463e-11,6.86811185213276e-11
power_line,power,CZ-PL,0.6170365114041468,6.223203346851065e-10,0.8829634791294482,4.237636390008571e-09,1.6499240685685625e-09,4.754361414239552e-10,3.9231443706627325e-10,4.697566168274456e-10,6.31052639701959e-10,5.487770926701914e-10
power_line,power,CZ-SK,5.263143362959728e-10,1.0310873092859792e-09,0.036841053625772884,3.6142507893423e-09,0.3772268492902289,0.1507053047264978,5.1572880119657065e-08,0.7130335929554453,0.22219313989788952,1.5762882617118844e-09
power_line,power,DE-AT,0.0,0.0,0.0,0.0,0.0,0.0,0.0,0.0,0.0,0.0
power_line,power,DE-BE,0.0,0.0,0.0,0.0,0.0,0.0,0.0,0.0,0.0,0.0
power_line,power,DE-CH,0.0,0.0,0.0,0.0,0.0,0.0,0.0,0.0,0.0,0.0
power_line,power,DE-CZ,0.0,0.0,0.0,0.0,0.0,0.0,0.0,0.0,0.0,0.0
power_line,power,DE-DK,9.664749359492503e-11,9.023211346660783e-11,1.1593024470242224e-10,1.5577589867579038e-10,2.1546320157813357e-10,2.9877231095814755e-10,4.3328033151501035e-10,8.486643872176458e-10,2.011275767455975e-09,9.938218033555395e-09
power_line,power,DE-FR,8.5276638032618e-11,7.30049433588001e-11,9.38505729089359e-11,1.3059636092135821e-10,1.7438995943162694e-10,2.1386410614833592e-10,2.5578750901424817e-10,3.8847431336419253e-10,7.780684371389435e-10,3.369111962780613e-09
power_line,power,DE-LU,4.649896742660712e-08,2.4705821679711914e-09,8.10941721440762e-09,1.4686746193181072e-07,1.6845958777804862e-08,5.810972360092792e-09,1.4734859330776478e-09,2.8834692229269617e-09,0.05357961099063707,8.468580951947466e-08
power_line,power,DE-NL,1.412203621961146e-10,1.4653661145914442e-10,2.128458318975476e-10,3.181320912946386e-10,3.391121243073543e-10,4.308354597101868e-10,5.683177470638584e-10,1.1831381280089877e-09,2.8059856984858914e-09,1.3951619841690802e-08
power_line,power,DE-NO,2.653403091609998e-11,3.286690837647285e-11,4.2958506972031147e-11,5.198883124306296e-11,6.695205783657144e-11,9.079959449915296e-11,1.3305987607397994e-10,2.317491187210558e-10,4.6399942614659814e-10,2.1709291377070553e-09
power_line,power,DE-PL,3.265282815253777e-10,1.3848989860743609e-10,2.3057525998767795e-10,2.713718297503613e-10,3.134653725584476e-10,3.008503694680769e-10,3.307466971014076e-10,4.1812432890684634e-10,7.713301126666333e-10,3.3683444225992954e-09
power_line,power,DE-SE,3.853885434004666e-11,3.97069931478703e-11,5.0990878029622526e-11,6.767530618305922e-11,9.391475208723291e-11,1.3866640414336344e-10,2.320504676105845e-10,5.380024141933026e-10,1.4054656021348882e-09,4.9167615832306555e-09
power_line,power,DE-UK,1.572852956691034e-08,2.843739632436231e-09,4.908489379747881e-09,1.3165472932606179e-08,4.35834237940063e-09,4.303712361977311e-09,4.104978328395505e-09,1.3131773512461188e-08,2.787885360578764e-08,2.3214440990704536e-07
power_line,power,DK-DE,0.0,0.0,0.0,0.0,0.0,0.0,0.0,0.0,0.0,0.0
power_line,power,DK-NL,1.9999999993337056,1.007424871586089e-10,6.18510697151704e-11,5.682258247801285e-11,5.5975685055902223e-11,5.6035068344670714e-11,5.7418908677543856e-11,6.20668494696679e-11,6.560889689786346e-11,7.843710925567356e-11
power_line,power,DK-NO,7.61394492627194e-11,4.747857406770506e-11,5.627005053316303e-11,7.27229024626883e-11,9.513360060301005e-11,1.312877961854166e-10,1.91152630416399e-10,3.3325113280172575e-10,6.004856234161978e-10,2.84186474369816e-09
power_line,power,DK-SE,1.0477931012914556e-10,6.41530830899849e-11,8.231462728442912e-11,1.1179912162629645e-10,1.5888554897339507e-10,2.5020538489110185e-10,4.854767320492022e-10,2.0364992656242232e-09,6.357870743258857e-09,1.178930225735026e-08
power_line,power,DK-UK,0.43321613267149994,1.0313915032517733e-09,5.492886995557396e-10,4.19790478609996e-08,1.89044661422097e-09,2.4703481781790678e-09,2.553012192670065e-09,0.46467336870293025,0.5021104418672764,4.54681976110679e-09
power_line,power,EE-FI,7.926083652805083e-11,7.831138187788118e-11,1.0692499054561469e-10,1.4628725735424967e-10,2.0185261717767032e-10,3.1809855460133197e-10,6.587444951932624e-10,9.602101481761782e-09,0.7337942502806155,7.96905103252603e-08
power_line,power,EE-LV,2.2643316874815445e-10,2.8682455916662297e-10,3.843042065301868e-10,5.404548569159335e-10,8.963199673448457e-10,1.9923296160754203e-09,6.762402674898816e-09,0.4322222616898965,1.6670443771269723e-08,6.656029967604273e-08
power_line,power,EL-BG,0.0,0.0,0.0,0.0,0.0,0.0,0.0,0.0,0.0,0.0
power_line,power,EL-IT,1.999999999423315,8.452027968988341e-11,7.163115340514794e-11,6.860348326407973e-11,6.297852566179427e-11,5.47767359308291e-11,4.884412441513108e-11,4.593733572393466e-11,4.450404212625791e-11,4.906258225736987e-11
power_line,power,ES-FR,5.999999999590038,1.2105432240952398e-10,5.607600704496971e-11,3.8891960177929963e-11,3.198239914266313e-11,2.841389669863686e-11,2.560414911956745e-11,2.434048900245566e-11,2.5204987429315608e-11,3.0588532003978035e-11
power_line,power,ES-PT,1.2116869583838636e-10,1.2578356857330895e-10,1.6210626542893231e-10,2.1333508473792383e-10,2.90960386143147e-10,4.237464684394914e-10,6.68058581560063e-10,1.2684001229445554e-09,2.46545978704929e-09,5.871340827329061e-09
power_line,power,FI-EE,0.0,0.0,0.0,0.0,0.0,0.0,0.0,0.0,0.0,0.0
power_line,power,FI-NO,0.45362503109490837,1.5210985971736939e-09,1.8317852480921814e-09,1.1470848594120254e-09,8.445838611821472e-10,5.798641044572728e-10,8.68640645099942e-10,7.227385674332493e-10,9.632828006595333e-10,4.747312992597038e-09
power_line,power,FI-SE,4.364226973834408e-09,2.0843726405012682e-09,0.3118116373025356,1.9851615313162276,1.3109121749351427,5.9510637570411064e-09,0.3977454107842592,7.850223781710223e-10,1.5066441446297654e-09,8.451307245463484e-09
power_line,power,FR-BE,0.0,0.0,0.0,0.0,0.0,0.0,0.0,0.0,0.0,0.0
power_line,power,FR-CH,0.0,0.0,0.0,0.0,0.0,0.0,0.0,0.0,0.0,0.0
power_line,power,FR-DE,0.0,0.0,0.0,0.0,0.0,0.0,0.0,0.0,0.0,0.0
power_line,power,FR-ES,0.0,0.0,0.0,0.0,0.0,0.0,0.0,0.0,0.0,0.0
power_line,power,FR-IT,2.0999999997057706,4.7236801647716804e-11,3.4096076938726216e-11,2.777815730560894e-11,2.3305848534281556e-11,2.1326540737939475e-11,2.1215972427863382e-11,2.2691613358014744e-11,2.6019352059053353e-11,3.5888861411748976e-11
power_line,power,FR-LU,0.0,0.0,0.0,0.0,0.0,0.0,0.0,0.0,0.0,0.0
power_line,power,FR-NO,0.0,0.0,0.0,0.0,0.0,0.0,0.0,0.0,0.0,0.0
power_line,power,FR-UK,6.921860205743632,4.608256231841384e-10,1.0802698268827824e-09,0.678139789146091,1.4820651692647186e-09,5.138995171350302e-10,3.8256380314184894e-10,3.2972885931958754e-10,2.949694325300165e-10,3.0204341731633364e-10
power_line,power,HR-HU,1.7732601409602583e-10,1.853009295853164e-10,2.576463344339007e-10,3.75301928992301e-10,5.634522207794837e-10,1.0279615036532247e-09,2.0004263302294106e-09,3.950721422618146e-09,8.464970154972334e-09,4.849953524797971e-08
power_line,power,HR-SI,3.1783425043973814e-10,2.9099162637739577e-10,3.4644478421582317e-10,5.286856507131232e-10,6.081826209927276e-10,1.0778373290026799e-09,3.1570578222453177e-09,0.0772322294252198,0.3788451846280923,0.1006157439883663
power_line,power,HU-AT,0.0,0.0,0.0,0.0,0.0,0.0,0.0,0.0,0.0,0.0
power_line,power,HU-HR,0.0,0.0,0.0,0.0,0.0,0.0,0.0,0.0,0.0,0.0
power_line,power,HU-RO,2.661646274417636,8.856149932534274e-10,5.018497754149459e-10,4.917921780246815e-10,8.119153133739504e-10,1.548817646920153e-08,0.3653536264729406,5.2237125643944844e-08,2.1600811643211084e-08,3.790067436385503e-09
power_line,power,HU-SI,0.9999999994647285,8.22188586137979e-11,7.211548460332916e-11,6.206642662179034e-11,4.670309725608638e-11,3.623605645208006e-11,3.530971140680042e-11,3.814715954404102e-11,4.375891742110598e-11,5.257066784174505e-11
power_line,power,HU-SK,0.9999999995633444,8.325161417184172e-11,5.971329634118337e-11,4.113261915886081e-11,3.3924618847727224e-11,3.114117640247808e-11,3.130890803518069e-11,3.3868083448729184e-11,3.671852332663067e-11,4.389145010117505e-11
power_line,power,IE-UK,1.082209026153562,1.3493968134784622e-09,0.17179096882680675,9.35910266302997e-10,4.855552649657318e-10,4.097068715249494e-10,3.952089486518048e-10,3.5693931832330953e-10,3.5458640724425363e-10,4.013304721628985e-10
power_line,power,IT-AT,0.0,0.0,0.0,0.0,0.0,0.0,0.0,0.0,0.0,0.0
power_line,power,IT-CH,0.0,0.0,0.0,0.0,0.0,0.0,0.0,0.0,0.0,0.0
power_line,power,IT-EL,0.0,0.0,0.0,0.0,0.0,0.0,0.0,0.0,0.0,0.0
power_line,power,IT-FR,0.0,0.0,0.0,0.0,0.0,0.0,0.0,0.0,0.0,0.0
power_line,power,IT-SI,1.3773421184138581,0.6783395315752748,0.0728565572679699,0.016461790310195516,3.9159646737925164e-10,2.7214043568955e-10,2.886718308714999e-10,2.654278086042957e-10,2.904611853227801e-10,3.9884264722330896e-10
power_line,power,LT-LV,0.5661068364373717,0.09860143894084378,0.034558369438869495,0.04718874081738462,0.041191714832095924,0.014590841524501687,0.011774490852967341,0.18598756407396852,1.351958379706512e-09,9.179827389625433e-10
power_line,power,LT-PL,0.6999999994175775,9.428730502051499e-11,7.414238174734392e-11,6.387205090253142e-11,5.344872045986131e-11,4.8241538173625865e-11,4.252682701213278e-11,4.519516607828545e-11,5.0035361648524535e-11,5.272745564547417e-11
power_line,power,LT-SE,1.2616742083553123e-10,1.4020517765283795e-10,2.190254404168473e-10,3.322288309760581e-10,6.618835884045829e-10,2.5444732545552214e-09,5.905473330131206e-09,1.5999999862454735,1.7130646449096547e-09,1.1621593499743475e-09
power_line,power,LU-BE,0.0,0.0,0.0,0.0,0.0,0.0,0.0,0.0,0.0,0.0
power_line,power,LU-DE,0.0,0.0,0.0,0.0,0.0,0.0,0.0,0.0,0.0,0.0
power_line,power,LU-FR,0.0,0.0,0.0,0.0,0.0,0.0,0.0,0.0,0.0,0.0
power_line,power,LV-EE,0.0,0.0,0.0,0.0,0.0,0.0,0.0,0.0,0.0,0.0
power_line,power,LV-LT,0.0,0.0,0.0,0.0,0.0,0.0,0.0,0.0,0.0,0.0
power_line,power,NL-BE,0.0,0.0,0.0,0.0,0.0,0.0,0.0,0.0,0.0,0.0
power_line,power,NL-DE,0.0,0.0,0.0,0.0,0.0,0.0,0.0,0.0,0.0,0.0
power_line,power,NL-DK,0.0,0.0,0.0,0.0,0.0,0.0,0.0,0.0,0.0,0.0
power_line,power,NL-NO,7.624810287181419e-11,3.3684662828173226e-11,4.0273454366600745e-11,5.2286398706901704e-11,7.07574303299648e-11,9.716012472119993e-11,1.479453040684577e-10,2.7431400222286766e-10,4.404637943699722e-10,1.959264290562763e-09
power_line,power,NL-UK,2.813518061632745e-10,4.338446070261147e-10,8.206698925376372e-10,2.038718795165666e-09,0.49302988913853546,1.8428805051396635e-09,1.8867717419121876e-09,5.2734207148035845e-09,8.09336540183239e-09,5.745646195106203e-08
power_line,power,NO-BE,0.0,0.0,0.0,0.0,0.0,0.0,0.0,0.0,0.0,0.0
power_line,power,NO-DE,0.0,0.0,0.0,0.0,0.0,0.0,0.0,0.0,0.0,0.0
power_line,power,NO-DK,0.0,0.0,0.0,0.0,0.0,0.0,0.0,0.0,0.0,0.0
power_line,power,NO-FI,0.0,0.0,0.0,0.0,0.0,0.0,0.0,0.0,0.0,0.0
power_line,power,NO-FR,0.0,0.0,0.0,0.0,0.0,0.0,0.0,0.0,0.0,0.0
power_line,power,NO-NL,0.0,0.0,0.0,0.0,0.0,0.0,0.0,0.0,0.0,0.0
power_line,power,NO-SE,0.9523511670869482,9.259009094741809e-10,2.1860791584202847e-09,0.04764881816237034,3.3941022254433e-09,5.265250170127522e-09,1.60674253445084e-09,5.955514261514841e-10,2.789287153174594e-10,2.3613044558129953e-10
power_line,power,NO-UK,1.9682660718348466,1.5614796367268366e-10,1.2662045786641717e-10,1.819777187358412e-10,2.101793410954887e-10,3.616686847110755e-10,5.815852469409019e-10,0.43173392320383513,1.6918673258379592e-09,9.271398336983196e-10
power_line,power,PL-CZ,0.0,0.0,0.0,0.0,0.0,0.0,0.0,0.0,0.0,0.0
power_line,power,PL-DE,0.0,0.0,0.0,0.0,0.0,0.0,0.0,0.0,0.0,0.0
power_line,power,PL-LT,0.0,0.0,0.0,0.0,0.0,0.0,0.0,0.0,0.0,0.0
power_line,power,PL-SE,1.2590644809615626e-10,1.4364331672138407e-10,2.5604777880361466e-10,4.279589949056791e-10,1.3609258433003413e-09,0.5421062864008337,7.083034430003066e-09,0.4578937008706395,1.396507183650415e-09,9.509198290067545e-10
power_line,power,PL-SK,0.9999999988911287,2.614924351949288e-10,1.666705176503491e-10,9.881016227292527e-11,7.110450806617313e-11,6.44934660095017e-11,7.311984141436439e-11,8.239213255654103e-11,8.509931809268792e-11,9.929602925629892e-11
power_line,power,PT-ES,0.0,0.0,0.0,0.0,0.0,0.0,0.0,0.0,0.0,0.0
power_line,power,RO-BG,0.0,0.0,0.0,0.0,0.0,0.0,0.0,0.0,0.0,0.0
power_line,power,RO-HU,0.0,0.0,0.0,0.0,0.0,0.0,0.0,0.0,0.0,0.0
power_line,power,SE-DE,0.0,0.0,0.0,0.0,0.0,0.0,0.0,0.0,0.0,0.0
power_line,power,SE-DK,0.0,0.0,0.0,0.0,0.0,0.0,0.0,0.0,0.0,0.0
power_line,power,SE-FI,0.0,0.0,0.0,0.0,0.0,0.0,0.0,0.0,0.0,0.0
power_line,power,SE-LT,0.0,0.0,0.0,0.0,0.0,0.0,0.0,0.0,0.0,0.0
power_line,power,SE-NO,0.0,0.0,0.0,0.0,0.0,0.0,0.0,0.0,0.0,0.0
power_line,power,SE-PL,0.0,0.0,0.0,0.0,0.0,0.0,0.0,0.0,0.0,0.0
power_line,power,SI-AT,0.0,0.0,0.0,0.0,0.0,0.0,0.0,0.0,0.0,0.0
power_line,power,SI-HR,0.0,0.0,0.0,0.0,0.0,0.0,0.0,0.0,0.0,0.0
power_line,power,SI-HU,0.0,0.0,0.0,0.0,0.0,0.0,0.0,0.0,0.0,0.0
power_line,power,SI-IT,0.0,0.0,0.0,0.0,0.0,0.0,0.0,0.0,0.0,0.0
power_line,power,SK-AT,0.0,0.0,0.0,0.0,0.0,0.0,0.0,0.0,0.0,0.0
power_line,power,SK-CZ,0.0,0.0,0.0,0.0,0.0,0.0,0.0,0.0,0.0,0.0
power_line,power,SK-HU,0.0,0.0,0.0,0.0,0.0,0.0,0.0,0.0,0.0,0.0
power_line,power,SK-PL,0.0,0.0,0.0,0.0,0.0,0.0,0.0,0.0,0.0,0.0
power_line,power,UK-BE,0.0,0.0,0.0,0.0,0.0,0.0,0.0,0.0,0.0,0.0
power_line,power,UK-DE,0.0,0.0,0.0,0.0,0.0,0.0,0.0,0.0,0.0,0.0
power_line,power,UK-DK,0.0,0.0,0.0,0.0,0.0,0.0,0.0,0.0,0.0,0.0
power_line,power,UK-FR,0.0,0.0,0.0,0.0,0.0,0.0,0.0,0.0,0.0,0.0
power_line,power,UK-IE,0.0,0.0,0.0,0.0,0.0,0.0,0.0,0.0,0.0,0.0
power_line,power,UK-NL,0.0,0.0,0.0,0.0,0.0,0.0,0.0,0.0,0.0,0.0
power_line,power,UK-NO,0.0,0.0,0.0,0.0,0.0,0.0,0.0,0.0,0.0,0.0
pumped_hydro,energy,AT,1.0800675909194979e-09,9.613899010219029e-09,3.5390854691286222e-09,7.326393432788289e-09,1.995451196282987e-08,2.794739415652472e-07,58.82043270710559,13.043831510464564,4.2637684339355604e-08,2.7783945077372534e-08
pumped_hydro,energy,BE,0.0,1.5994115809547793e-08,8.10842815113233e-09,1.04350066365555e-07,2.2054175289562687e-05,8.341296591573325e-06,5.561794852886866,0.14817401037741673,1.1117997655298173e-07,4.6983011645627814e-07
pumped_hydro,energy,BG,0.0,0.0,0.0,0.0,0.0,0.0,0.0,0.0,0.0,0.0
pumped_hydro,energy,CH,1.0540617267906782e-09,1.3370708984439261e-09,1.4905765510775382e-09,7.358269926169603e-09,2.9158233636223368e-08,26.472550854354523,5.518750951557462e-07,9.144156888276405e-08,0.05675102206407332,3.3809133282391732
pumped_hydro,energy,CZ,0.0,0.0,0.0,0.0,0.9780175130821234,2.5206986098424977e-07,1.647299718854356e-08,2.865684178843253e-08,8.380684590747478e-09,9.630953368144901e-09
pumped_hydro,energy,DE,8.040409227305645e-09,1.8498909071240632e-09,5.01606933767107e-09,2.747577791291229e-08,0.8849307283558566,16.84045626060482,15.028405357921494,5.5924860010990406e-08,0.9658949336691116,1.8102168763967086e-08
pumped_hydro,energy,DK,0.0,0.0,0.0,0.0,0.0,0.0,0.0,0.0,0.0,0.0
pumped_hydro,energy,EE,0.0,0.0,0.0,0.0,0.0,0.0,0.0,0.0,0.0,0.0
pumped_hydro,energy,EL,0.0,0.0,0.0,0.0,0.0,0.0,2.3163087525379398,1.9662611094872773e-08,1.403585070391955e-08,1.223082257695296e-08
pumped_hydro,energy,ES,5.075264652987244e-10,4.436088829606888e-09,5.474888098433439e-09,2.8765101997730197e-09,8.567550615249597e-09,6.864929077190678e-09,1.3358257347518327e-08,3.4156757958479135e-08,1.4575851315678782e-06,0.00011328433779381192
pumped_hydro,energy,FI,0.0,0.0,0.0,0.0,0.0,0.0,0.0,0.0,0.0,0.0
pumped_hydro,energy,FR,0.0,0.0,0.0,2.2517809838973335e-09,7.359119535976788e-09,6.935337637514749e-09,4.36354918088305e-08,23.422758848980642,24.998737179785323,2.3159704909403445e-07
pumped_hydro,energy,HR,0.0,0.0,0.0,0.0,2.1127754023586302e-05,9.202266958633786,0.07561143069602849,0.11909372281513875,7.503403764985705e-08,1.7715473532575743e-08
pumped_hydro,energy,HU,0.0,0.0,0.0,0.0,0.0,0.0,0.0,0.0,0.0,0.0
pumped_hydro,energy,IE,0.0,0.0,0.0,5.383824419493159e-06,4.3056521991050355e-07,1.3201791700567564e-06,5.98342631929937e-06,6.662975813893449e-06,1.7637830133732633e-06,4.4944346080490575e-05
pumped_hydro,energy,IT,0.0,0.0,1.8933548062705086e-09,1.773675251115492e-08,2.5899994294850334e-08,67.99565018188062,28.08164806530682,1.4276565326996096,46.74895090431901,3.532673531481123e-08
pumped_hydro,energy,LT,0.0,0.0,0.0,0.0,0.0,0.0,0.0,0.0,0.0,0.00018577939015205792
pumped_hydro,energy,LU,2.493449569040962e-08,1.749842104548094e-08,6.559965065600082e-08,4.5256748259139134e-08,1.1220306609255157e-07,3.830683085854756e-08,1.2885913705133687e-06,1.0959967902981527,5.066801140213076e-07,5.708626689084869e-08
pumped_hydro,energy,LV,0.0,0.0,0.0,0.0,0.0,0.0,0.0,0.0,0.0,0.0
pumped_hydro,energy,NL,0.0,0.0,0.0,0.0,0.0,0.0,0.0,0.0,0.0,0.0
pumped_hydro,energy,NO,4.816484988623415e-10,5.056222107668873e-10,8.683400665177032e-10,2.8761171693046763e-09,8.440585921771299e-09,1.0473238841659443e-08,6.446783600340563e-08,7.191945899962893e-07,1.664768151709084e-07,2.6576175347393188e-06
pumped_hydro,energy,PL,9.720508842292475e-10,1.7063452872889684e-09,4.022881583409799e-09,1.3704689680257354e-08,8.813596376602035e-08,6.567322150205757,8.837985602780487,0.28469176188332307,8.47713497622463e-08,3.1276298173355765e-08
pumped_hydro,energy,PT,4.99518648666708e-10,4.865420066835213e-09,4.9620311415310425e-08,7.222676647763321e-09,9.254480613439348e-10,4.874300731647581e-09,8.692984560690363e-09,1.4645171449032797e-08,3.18597509514744e-08,9.273447974311194e-08
pumped_hydro,energy,RO,0.0,0.0,0.0,0.0,0.0,0.0,0.0,0.0,0.0,0.0
pumped_hydro,energy,SE,0.0,0.0,0.0,0.0,7.827264163828732e-06,4.400589759971436e-06,1.3076185616708137e-05,1.4888310362862118,0.0014079368537553982,1.2261898629795098e-06
pumped_hydro,energy,SI,0.0,0.0,0.0,0.0,0.0,0.0,0.0,0.0,0.0,0.0
pumped_hydro,energy,SK,0.0,0.0,0.0,0.0,0.0,0.0,0.0,0.0,0.0,0.0
pumped_hydro,energy,UK,5.691944693353435e-10,6.586162726307521e-10,1.1203873384602048e-09,3.3916316147561133e-09,4.608195786211202e-09,1.4897398221119551e-08,1.1749687115061279e-05,1.517851968623234e-05,1.52879042534741e-06,6.417160191308023e-05
pumped_hydro,power,AT,7.969027193697017e-11,4.373999231198672e-10,2.1359330294157436e-10,4.3675738062348755e-10,1.0611036930788672e-09,1.2018399228803194e-08,2.450851364060308,0.9362827608842677,4.994866090570167e-09,4.709925264536804e-09
pumped_hydro,power,BE,0.0,1.675290243965573e-09,3.6399286119293323e-10,4.377687814464384e-09,9.190946864161978e-07,4.022599227818738e-07,0.26543423497743757,0.02469565152931668,1.1273236000828385e-08,7.274677564530596e-08
pumped_hydro,power,BG,0.0,0.0,0.0,0.0,0.0,0.0,0.0,0.0,0.0,0.0
pumped_hydro,power,CH,7.685790243843793e-11,9.374248250040312e-11,1.1884731113628836e-10,4.0906671465989504e-10,1.3612091707858558e-09,1.1030229524963482,2.3231230131116933e-08,4.189914886186642e-09,0.002364626712136153,0.1408713911320635
pumped_hydro,power,CZ,0.0,0.0,0.0,0.0,0.040750729800261454,1.0527544521179876e-08,7.20138121039121e-10,1.254603116691864e-09,4.695788163779796e-10,1.0496363962255775e-09
pumped_hydro,power,DE,3.5909295730577116e-10,9.9255728779443e-11,2.360010073839329e-10,1.3565942167172274e-09,0.036872113702002246,0.701685677578758,0.6261835566591968,2.4554254357596857e-09,0.04024562246201491,1.6019940211206342e-09
pumped_hydro,power,DK,0.0,0.0,0.0,0.0,0.0,0.0,0.0,0.0,0.0,0.0
pumped_hydro,power,EE,0.0,0.0,0.0,0.0,0.0,0.0,0.0,0.0,0.0,0.0
pumped_hydro,power,EL,0.0,0.0,0.0,0.0,0.0,0.0,0.09651286479164557,9.026146134597876e-10,7.752294783272952e-10,1.0742262342641436e-09
pumped_hydro,power,ES,4.077826106152851e-11,2.0616249680065007e-10,2.6169006109095467e-10,1.698911053714331e-10,4.339555680763988e-10,3.92891615633454e-10,7.258527784346367e-10,1.7128108298685678e-09,6.158708195788474e-08,4.735359230734254e-06
pumped_hydro,power,FI,0.0,0.0,0.0,0.0,0.0,0.0,0.0,0.0,0.0,0.0
pumped_hydro,power,FR,0.0,0.0,0.0,1.3743342001233775e-10,3.474335332027566e-10,3.535719841016226e-10,1.929779161874982e-09,0.9759482855572285,1.0416140494124342,1.0660261476254346e-08
pumped_hydro,power,HR,0.0,0.0,0.0,0.0,1.1166832413735383e-06,0.44768451270783016,0.012601869390724897,0.01984895278624744,1.1859091591717235e-08,1.9463742885180274e-09
pumped_hydro,power,HU,0.0,0.0,0.0,0.0,0.0,0.0,0.0,0.0,0.0,0.0
pumped_hydro,power,IE,0.0,0.0,0.0,2.2446119835002807e-07,1.8015028383579726e-08,5.5161071778455326e-08,2.511376943871913e-07,3.701870382780759e-07,8.301850161975948e-08,2.0532296742699184e-06
pumped_hydro,power,IT,0.0,0.0,1.4738508077763924e-10,8.506938441815873e-10,1.3562475865630045e-09,2.8331520946549675,1.7495612410652184,0.23794275346469185,2.542255028524928,3.1999137294354036e-09
pumped_hydro,power,LT,0.0,0.0,0.0,0.0,0.0,0.0,0.0,0.0,0.0,9.325116512142537e-06
pumped_hydro,power,LU,1.278941991219761e-09,7.354542380401244e-10,2.746979996104613e-09,1.9266413122012063e-09,4.691431086529036e-09,1.6216757421259342e-09,5.3725464558973674e-08,0.04566653296847461,2.1237428280211645e-08,2.9129960956956563e-09
pumped_hydro,power,LV,0.0,0.0,0.0,0.0,0.0,0.0,0.0,0.0,0.0,0.0
pumped_hydro,power,NL,0.0,0.0,0.0,0.0,0.0,0.0,0.0,0.0,0.0,0.0
pumped_hydro,power,NO,4.105527234195553e-11,4.472477456057024e-11,6.870864235376862e-11,1.6337130927329068e-10,4.0827190764562643e-10,4.756144024632778e-10,2.8463326607550003e-09,3.0086646041796096e-08,7.305763687592253e-09,1.1509393405939695e-07
pumped_hydro,power,PL,6.567337067620512e-11,1.1056434503208481e-10,2.1983091154238044e-10,6.42668154783468e-10,3.813100679866189e-09,0.27363842316598896,0.4675711905216545,0.04744862462738893,1.1529027371922303e-08,3.944818929125018e-09
pumped_hydro,power,PT,3.893517392133166e-11,2.2325857699712747e-10,2.1047076893060245e-09,3.5864987753579026e-10,9.212369461781907e-11,3.168771733679811e-10,4.915494066708127e-10,8.02040991595099e-10,1.6792133958956203e-09,5.265200129356425e-09
pumped_hydro,power,RO,0.0,0.0,0.0,0.0,0.0,0.0,0.0,0.0,0.0,0.0
pumped_hydro,power,SE,0.0,0.0,0.0,0.0,3.264017466620408e-07,1.8371556632726462e-07,6.368261906592639e-07,0.0656061371523896,0.0002346358792329632,7.023148055309365e-08
pumped_hydro,power,SI,0.0,0.0,0.0,0.0,0.0,0.0,0.0,0.0,0.0,0.0
pumped_hydro,power,SK,0.0,0.0,0.0,0.0,0.0,0.0,0.0,0.0,0.0,0.0
pumped_hydro,power,UK,4.639993226056956e-11,5.4259501419451125e-11,9.167578190223286e-11,2.1519771437335963e-10,3.0706706353184557e-10,8.461201822188603e-10,5.082634125421859e-07,7.766106413351859e-07,7.387347878500671e-08,3.051369857929298e-06
reservoir_hydro,power,AT,3.2839778150839987,0.023006709561324768,5.269210366050141e-10,1.6334764240842534,4.545863105527155e-10,3.0170602586311867e-10,0.14034093210337636,0.062118116688570035,5.766425669536397e-10,3.431624493385508e-10
reservoir_hydro,power,BE,0.0,0.012735668563292488,5.663842052130397e-11,3.048658834010444e-11,2.1635179103246953e-11,2.006559616607848e-11,1.4685221206110697e-11,1.6230035276425397e-11,2.011366116541362e-11,2.1124965325492634e-11
reservoir_hydro,power,BG,2.7095408296901046e-11,4.140628479531002e-11,5.063966638982858e-11,8.213424527581665e-11,1.8487109448883115e-10,1.1357726095077232e-08,1.960376133332437e-09,2.026808681047411e-09,3.3637331304437282e-09,3.355594875538572e-08
reservoir_hydro,power,CH,1.9608914965313627e-11,2.2352477352348834e-11,2.7674187582976523e-11,3.5373195209391704e-11,4.67069628120087e-11,6.325403228693797e-11,9.107559580474497e-11,1.378806119131295e-10,2.591594098322327e-10,1.1340548858671665e-09
reservoir_hydro,power,CZ,0.0,9.261418421933062e-09,2.9193453951678843e-09,3.1897203435759654e-09,2.881568675634803e-09,1.749797267572131e-09,1.4814695362289223e-09,1.4343121591181555e-09,4.176864622052889e-09,3.873935272944686e-08
reservoir_hydro,power,DE,0.189499999898777,1.6096179704929114e-11,1.0845864329186538e-11,8.906552425972413e-12,7.96193473357665e-12,7.367040076881733e-12,7.646959407638638e-12,7.647064358337374e-12,8.9348058460353e-12,1.315457966296253e-11
reservoir_hydro,power,DK,0.0,0.0,0.0,0.0,0.0,0.0,0.0,0.0,0.0,0.0
reservoir_hydro,power,EE,0.0,0.0,0.0,0.0,0.0,0.0,0.0,0.0,0.0,0.0
reservoir_hydro,power,EL,7.960142178603137e-12,1.3046232878110505e-11,1.7094361436950087e-11,2.25848961795723e-11,3.583303647483351e-11,3.3964176729582734e-11,4.308215256381548e-11,7.156844171569483e-11,1.325689389320655e-10,5.716265415506567e-10
reservoir_hydro,power,ES,1.0059550399876171e-10,1.1155702184653317e-10,2.6796944760117476e-10,4.796407492242403e-10,8.616627471283134e-10,7.725086797624274e-09,3.0815851859670704e-09,9.446750821130855e-10,1.1564188810389877e-09,7.016990195665155e-08
reservoir_hydro,power,FI,0.0,1.344999999447938,1.8855538350923965e-10,7.548292610626253e-11,5.133373770082122e-11,4.165644438300851e-11,3.203071134007512e-11,3.4409590024094915e-11,3.66930705357611e-11,4.625437315534857e-11
reservoir_hydro,power,FR,4.123628813261512,1.061937020361035,1.4837834513152872,1.2318478252799987e-09,2.8489911324076983e-08,0.8804685683200416,1.7965713687612576e-09,9.07032565561807e-10,7.573292521622482e-10,8.617048820241683e-10
reservoir_hydro,power,HR,0.0,1.3276244577299292,2.6546976341049656e-10,1.0095647141516064e-10,6.644441099800201e-11,5.871363790374023e-11,5.091510731212821e-11,5.797665908459598e-11,6.733297075587879e-11,9.731535027533554e-11
reservoir_hydro,power,HU,0.0,0.027999999713539787,5.7175626768200346e-11,3.1647195838699566e-11,2.4836390218551017e-11,2.230894422890284e-11,2.2056341893790272e-11,2.242765006851222e-11,2.5824493766273168e-11,3.3629107644571845e-11
reservoir_hydro,power,IE,0.0,2.6502968075372087e-08,0.00099996912727745,9.14699137009182e-10,4.921395896612583e-10,3.6493646625357433e-10,3.1456918359392667e-10,4.5083891769649086e-10,4.497256859176135e-10,5.843811907388101e-10
reservoir_hydro,power,IT,0.0,0.5689369939075342,4.795217142180375e-10,2.586779916011446e-10,1.9134643318973522e-10,2.1244792291506845e-10,2.604958635162479e-10,3.7154733217341543e-10,5.86738830130498e-10,2.04480259550656e-09
reservoir_hydro,power,LT,0.0,0.10099999809732253,3.8486771149441316e-10,1.210332423416035e-10,8.672673577463552e-11,6.366783730703025e-11,6.487612019670148e-11,7.13223258155736e-11,1.1535837375781943e-10,2.6180651778240726e-10
reservoir_hydro,power,LU,0.0,0.0,0.0,0.0,0.0,0.0,0.0,0.0,0.0,0.0
reservoir_hydro,power,LV,0.0,4.8003550353347625e-09,1.1463153329035457e-09,9.579254267400265e-10,1.0958645494407111e-09,9.046241906327845e-10,8.748120485957627e-10,1.1893128141612878e-09,1.8184194969130176e-09,2.0658169741315807e-08
reservoir_hydro,power,NL,0.0,0.0,0.0,0.0,0.0,0.0,0.0,0.0,0.0,0.0
reservoir_hydro,power,NO,3.181757217577157e-10,2.703024366964259e-10,0.9468882895622278,1.139100386990826e-09,1.3899040227235154e-09,7.445499021532352e-10,5.367927302865425e-10,4.607919034668783e-10,7.833135311413149e-10,3.1415866166222588e-09
reservoir_hydro,power,PL,0.0,0.0,1.706649552779095e-11,2.906229785475508e-11,2.8718611815934405e-11,3.3515029682142244e-11,4.3027413580811425e-11,6.178390480919122e-11,1.1016983194710741e-10,5.122786004010074e-10
reservoir_hydro,power,PT,1.2289152843701259e-09,3.202448051717318e-10,0.39600534547868477,1.9145658561598207e-09,6.040950958952023e-10,4.663996516189681e-10,2.0043736515019918e-10,2.0122593915104845e-10,1.7549219121873293e-10,2.712600799045512e-10
reservoir_hydro,power,RO,3.18381593685267e-11,3.557272781178097e-11,4.578078827653029e-11,5.604717189975675e-11,7.12562856171176e-11,1.0279099675157476e-10,1.633042003970104e-10,3.104752215474774e-10,2.5237149561885643e-08,4.862118290283502e-08
reservoir_hydro,power,SE,6.782058620297356,1.3532768892177414,1.1675350290834778,0.5813193102751717,0.17615736637489746,5.11521430120529e-10,1.3652195916585832,4.428471387094027e-10,3.2979764226663853e-10,0.22019670706522942
reservoir_hydro,power,SI,0.13196607019561324,6.959790388724515e-11,5.98010384199627e-11,5.824478369953457e-11,7.45403423140201e-11,0.10617959623723448,3.536741387289137e-10,3.4055309800195953e-10,0.1921345083961849,0.17190977997492643
reservoir_hydro,power,SK,0.0,0.0,0.0,0.0,0.0,0.0,0.0,0.0,0.0,0.0
reservoir_hydro,power,UK,0.0,1.4332979660772412e-11,2.3949782883932556e-11,2.312047369095061e-11,2.6115009478083766e-11,3.186741019948932e-11,4.1790850290032805e-11,6.073302481122605e-11,1.0913819021578542e-10,5.095616785422487e-10
run-of-river_hydro,power,AT,2.5458999999131295,0.5479999988215793,0.6690000005551787,0.4670000001884205,0.4370000000916761,0.6900000000435003,0.11899999998906644,0.02199999992802709,0.050000000039517614,0.35599999809981037
run-of-river_hydro,power,BE,0.05901533950581602,3.2774908971476167e-11,2.709368124770423e-11,2.2990365103693423e-11,2.010560936453551e-11,1.837452452156697e-11,1.6173324909015116e-11,2.154919861626243e-11,1.9895230066127513e-11,2.5468530200589536e-11
run-of-river_hydro,power,BG,2.74148299269012e-09,6.747683686145952e-10,6.645531833756751e-10,6.712653647000526e-10,7.205924054544174e-10,6.915914181660988e-10,1.0230799895990392e-09,1.2423379786800555e-09,2.1446704899813215e-09,2.5368542631127273e-08
run-of-river_hydro,power,CH,1.4955842913902147e-11,1.662972123231224e-11,2.110170099593255e-11,2.711621580677017e-11,3.596825323620495e-11,4.934964146717324e-11,7.070415723885828e-11,1.0964002791617809e-10,2.1468837058068688e-10,8.494686834292212e-10
run-of-river_hydro,power,CZ,4.3151932641932055e-09,1.9765735622263573e-10,5.329926682038649e-10,1.0206733940581478e-09,1.158225290129251e-09,9.885577997161458e-10,9.637275574293694e-10,1.0441924479607759e-09,2.072188840169302e-09,2.207201115032127e-08
run-of-river_hydro,power,DE,1.9439851178032515,0.01914127026333367,0.20562538258535876,0.027737649154323727,0.10888746568940028,0.04252342080857386,0.014441916492896556,0.09547711464593422,0.03908486911201122,1.3931521503657625e-10
run-of-river_hydro,power,DK,0.0,0.0,0.0,0.0,0.0,0.0,0.0,0.0,0.0,0.0
run-of-river_hydro,power,EE,0.0,0.0,0.0,0.0,0.0,0.0,0.0,0.0,0.0,0.0
run-of-river_hydro,power,EL,2.5533704984973826e-09,3.2783364491144075e-10,4.84075101099664e-10,5.373465881807062e-10,5.557512389022042e-10,5.71995885363921e-10,7.573099534994587e-10,9.704767839318358e-10,1.454905954102862e-09,1.6400427217295793e-08
run-of-river_hydro,power,ES,3.5106613871030463e-11,2.999613845581251e-11,4.4462290259333347e-11,5.590302470754129e-11,7.279897281612597e-11,9.912011318933869e-11,1.4087017701089898e-10,1.9280069053882338e-10,3.3636835242264796e-10,1.4903469559515093e-09
run-of-river_hydro,power,FI,1.2895999994419634,9.496948839209713e-11,8.481253155570041e-11,5.847105626708515e-11,4.520549919487769e-11,4.3505492106854735e-11,3.539784137661299e-11,4.0217397031036716e-11,4.370432228074965e-11,5.6121037308957264e-11
run-of-river_hydro,power,FR,4.97369486350604e-11,3.365283165085389e-11,4.2817666504315034e-11,5.140570801380459e-11,7.079986891771272e-11,1.1111716660204471e-10,1.7107818401270335e-10,2.6616588657747633e-10,5.205411328183673e-10,1.6462733947835972e-09
run-of-river_hydro,power,HR,0.27866772969331355,5.96934408400099e-11,6.147204887300312e-11,4.995260647923002e-11,4.3879964827892085e-11,5.1990125437439404e-11,3.168476834471201e-11,4.143220115020308e-11,6.906696210387923e-11,7.00380053101087e-11
run-of-river_hydro,power,HU,0.01969999955107827,5.618407038874152e-11,4.505684305511761e-11,3.635760055731935e-11,3.3169203486459986e-11,3.172594240582378e-11,3.365462570642528e-11,3.361904957386013e-11,4.0046053545706045e-11,5.602449585090039e-11
run-of-river_hydro,power,IE,4.666329869593828e-09,3.8448582829383495e-09,9.977931573672472e-09,4.210479762512752e-09,3.472176286921871e-09,2.1157419334621435e-09,4.109101250749797e-09,4.896837580331031e-09,5.608555362424187e-09,9.922125215658563e-08
run-of-river_hydro,power,IT,6.939396892331137e-08,1.4012124458205598e-10,1.7070424507512323e-10,1.8925944903705683e-10,1.961067714017962e-10,2.505970233923988e-10,3.6764633424332907e-10,5.864828963265564e-10,1.1609172422859613e-09,3.5113402115068745e-08
run-of-river_hydro,power,LT,1.0520651047186625e-11,1.7254684247031313e-11,1.6497335396156002e-11,1.8287938801858075e-11,2.1649494355880806e-11,2.7012610466689602e-11,3.587352053351426e-11,5.249314819450961e-11,9.430198267327418e-11,4.0990528695622246e-10
run-of-river_hydro,power,LU,0.0,0.0,0.0,0.0,0.0,0.0,0.0,0.0,0.0,0.0
run-of-river_hydro,power,LV,4.921829258601513e-11,3.824938778932015e-09,8.692768252435817e-10,7.660950993246316e-10,8.974058758577424e-10,7.897862796067633e-10,7.754760351626022e-10,1.0852053203066593e-09,1.5744202992759272e-09,1.7167237181023077e-08
run-of-river_hydro,power,NL,0.0,0.0,0.0,0.0,0.0,0.0,0.0,0.0,0.0,0.0
run-of-river_hydro,power,NO,0.0,0.0,0.0,0.0,0.0,0.0,0.0,0.0,0.0,0.0
run-of-river_hydro,power,PL,1.0537696814265998e-11,1.7357964288152066e-11,1.6558478801358912e-11,1.8342974144745485e-11,2.1716992153923545e-11,2.711235818695599e-11,3.604967517812877e-11,5.2851636989940875e-11,9.541052222679438e-11,4.4096442241736796e-10
run-of-river_hydro,power,PT,2.1443185550052042e-10,1.5159238288695463e-10,4.133863217759993e-10,9.526386938313011e-10,2.9828947093156585e-09,1.4093192990531704,0.20668069069471245,2.440265543625346e-09,4.6071583282833115e-08,0.1889999390192887
run-of-river_hydro,power,RO,6.498348335830309e-09,5.833233027852408e-10,1.5435356576232189e-09,1.2987598306506295e-09,1.1609210405378728e-09,1.337419473079336e-09,1.6313663687548799e-09,1.7749744850404613e-09,2.651420382479438e-09,2.790563636581546e-08
run-of-river_hydro,power,SE,1.9949999962159455,2.590446937205683e-10,1.3813385750269083e-09,5.522738135687417e-10,3.8306957346955547e-10,2.7353558471289693e-10,1.8907130411121524e-10,1.6074200414442312e-10,1.6522279285477829e-10,1.8129885753768186e-10
run-of-river_hydro,power,SI,0.5168299996790593,1.5205376521847502e-10,0.11599999888858384,9.967018778742126e-10,0.03197999845405697,3.381648564170723e-10,2.388507862551189e-10,3.233556250247946e-10,2.2574822252438318e-10,2.9886043110353575e-10
run-of-river_hydro,power,SK,2.6560775345841976e-11,1.7876731050114786e-11,3.2892863537668685e-11,5.291985166454007e-11,4.961057528767292e-11,1.0044238496092742e-10,1.8242442730615697e-10,2.6866754614733837e-10,2.4099313358078368e-08,4.218669521693305e-08
run-of-river_hydro,power,UK,4.889913992322369e-12,5.9708249282170575e-12,7.41626768894967e-12,9.36662604539305e-12,1.2105022178474666e-11,1.6186928339735716e-11,2.2828408240209394e-11,3.5310212220256844e-11,6.680500355734304e-11,2.8790104957528735e-10
waste_plant,power,AT,1.5930206739223906e-09,9.374933963338615e-11,1.512529540829126e-10,1.9236904090262971e-10,2.2609486373032545e-10,2.6687402823216525e-10,3.07275911859152e-10,4.2153612965170764e-10,5.890735242890905e-10,7.56020258345412e-09
waste_plant,power,BE,4.697065764495624e-12,4.157848493752415e-12,7.20445040536636e-12,8.800736072564734e-12,1.0385011134373784e-11,1.4172824913050734e-11,2.803954903937495e-11,6.387047764364417e-11,3.487600299885134e-09,7.846648281467378e-09
waste_plant,power,BG,1.2624998650245772e-09,1.5177774396919906e-10,2.0557091325766055e-10,2.40277220428656e-10,2.161620419864406e-10,2.557941569640902e-10,3.0829998330407005e-10,3.732916238277271e-10,4.800222882423518e-10,6.8216410061104026e-09
waste_plant,power,CH,7.188539605235339e-12,6.839326551596012e-12,1.0212524343532324e-11,1.5788084397676457e-11,3.475460437999826e-11,2.3034388400392392e-09,4.0569613124243053e-10,4.4305806379214304e-10,5.988159601757313e-10,7.492094239287789e-09
waste_plant,power,CZ,1.3602804233712097e-11,1.8409529913356108e-11,1.6655197088861585e-09,2.741418622509942e-10,2.398367620143612e-10,2.6422251052573083e-10,3.021171292535443e-10,4.069737382105214e-10,5.880342070584337e-10,7.3377342197066125e-09
waste_plant,power,DE,4.615975698827775e-12,5.066830931671413e-12,6.990512097358259e-12,9.234446034300464e-12,1.3239550828327778e-11,2.3682869496623334e-11,5.1023065209285284e-11,3.0313886713548965e-09,7.228660380974428e-10,7.627240331688927e-09
waste_plant,power,DK,4.928015614002413e-12,4.614460014471313e-12,6.096571103078952e-12,7.622303427247637e-12,1.0281133257970233e-11,1.4249194869014333e-11,1.9424422124255013e-11,3.259379120110296e-11,6.422252109820442e-11,1.1014628927394583e-08
waste_plant,power,EE,5.228771403360856e-12,5.259775214199175e-12,7.020646099731611e-12,9.793224693194591e-12,1.2052521510604064e-11,1.611166772140254e-11,2.9404344121767646e-11,2.8605296239747296e-09,7.223818528372815e-10,7.3036982239194885e-09
waste_plant,power,EL,1.267384560961022e-09,1.1944739351641082e-10,1.629665324760215e-10,1.9886531481033723e-10,2.3624676399945303e-10,3.060534945320467e-10,3.4105758000319936e-10,3.8774110436241043e-10,4.821459912789595e-10,6.833555206062039e-09
waste_plant,power,ES,7.577622813959757e-12,3.9038085512304656e-12,4.960902727459214e-12,6.017537011012796e-12,8.97890305341872e-12,1.2838082565125246e-11,1.6168557532813265e-11,2.4671456073406597e-11,3.8186720357773476e-11,2.444230257225338e-10
waste_plant,power,FI,4.338952311578778e-12,4.796159113601206e-12,6.277338393713794e-12,8.645874041431495e-12,1.2255932196548879e-11,1.750978664522288e-11,2.7311789152957508e-11,6.11713484501495e-11,3.4327616048876085e-09,7.726882875921996e-09
waste_plant,power,FR,3.801088480399999e-12,4.440727188292857e-12,5.798925501857336e-12,8.028983407536367e-12,1.021523273613622e-11,1.4401129595867573e-11,2.036056659551639e-11,3.3578963206180284e-11,7.203651685610851e-11,1.1000294194561336e-08
waste_plant,power,HR,1.5643402270083135e-09,6.555967867925491e-11,1.4822766337175933e-10,2.0220874957018654e-10,2.3923522325075074e-10,2.657825687506466e-10,3.036121221925066e-10,4.2544465754481266e-10,5.963726752328918e-10,7.395905879602497e-09
waste_plant,power,HU,1.2734639031153138e-09,1.2797765432927714e-10,1.9756994218590104e-10,2.540724198137993e-10,2.8452865503538457e-10,2.753303039939535e-10,3.1907850963267916e-10,4.246138504395128e-10,6.027680561737357e-10,7.3353190453106965e-09
waste_plant,power,IE,5.681924156664331e-12,4.529900023138216e-12,5.8690171622848974e-12,7.540656257396584e-12,1.0221506076240932e-11,1.331258639362507e-11,1.9725307600070942e-11,3.165465802150666e-11,6.279674343245603e-11,1.0715168109737533e-08
waste_plant,power,IT,8.472315466022837e-12,4.7899949436588034e-12,6.29989258915125e-12,9.675540552067633e-12,1.3381202736231187e-11,2.331563731745426e-11,4.284479429937937e-11,2.9012730053160755e-09,7.209965971615993e-10,7.322013849265718e-09
waste_plant,power,LT,5.8961612837263905e-12,4.546962761510843e-12,5.881181750946798e-12,7.56656553489352e-12,9.936587510347346e-12,1.3070170479018659e-11,1.8604494698976686e-11,2.9921241099904985e-11,5.1438492036532975e-11,2.1586675634214097e-10
waste_plant,power,LU,1.300423080547427e-09,1.7720987320165704e-10,2.3097325063334883e-10,2.2501637757202255e-10,2.358840729406874e-10,2.945872912082339e-10,3.0026141000003715e-10,4.620279825549772e-10,5.89998586854071e-10,7.452582535326282e-09
waste_plant,power,LV,1.4712799805919321e-09,1.1857672949359037e-10,1.966664442507557e-10,2.0289359966509067e-10,2.3247584799441988e-10,3.1912604819989575e-10,2.8863902296142413e-10,3.8421096452950186e-10,5.906017298233368e-10,7.25561277034744e-09
waste_plant,power,NL,4.616076964356018e-12,5.169888561681356e-12,8.289231858275983e-12,9.7957819627065e-12,1.3756441501170997e-11,2.2988110906339804e-11,3.07488063618583e-11,2.9629715835072187e-09,7.265071703241422e-10,7.601611816472124e-09
waste_plant,power,NO,7.025580856924354e-12,5.850877489353375e-12,8.152692101017748e-12,1.1748876044633049e-11,1.9302900498209908e-11,3.934228464054548e-11,2.4940468179179703e-09,5.117764377184958e-10,6.22877036946277e-10,7.253875851327469e-09
waste_plant,power,PL,6.343066285733648e-12,4.77809006636693e-12,6.19299319997521e-12,7.73013859968693e-12,1.0548652546056755e-11,1.3677862486857548e-11,1.974107032011074e-11,3.0585484210384366e-11,7.40023042000042e-11,1.1026118346237979e-08
waste_plant,power,PT,1.2625351320060872e-09,1.0085991258019534e-10,1.4654430934605832e-10,1.7583750592077769e-10,2.1239671230933662e-10,3.106286449192911e-10,3.8021635235616497e-10,3.9534388501402375e-10,6.082586801667301e-10,6.856476685613036e-09
waste_plant,power,RO,1.2867639662374252e-09,1.4121433902894638e-10,1.9930777194153902e-10,2.4131416200297504e-10,2.6382998559214287e-10,2.362234369210033e-10,3.356705091328965e-10,4.411183923701771e-10,5.643849713419499e-10,6.8321256682878706e-09
waste_plant,power,SE,4.231739525734913e-12,6.279338107609442e-12,7.168434501505173e-12,8.543168715052284e-12,1.1474245115515522e-11,1.6474108261716497e-11,2.7160267120196984e-11,5.774664757091657e-11,3.446626129606173e-09,7.684813319302714e-09
waste_plant,power,SI,1.3448595660258585e-09,9.676987913715886e-11,1.801819047448868e-10,2.696774569475714e-10,2.9173156966955954e-10,2.7283734629720477e-10,3.2205539623573947e-10,4.368063496399071e-10,6.062385762660078e-10,7.4184408369217e-09
waste_plant,power,SK,1.4748389437078368e-09,1.115045068949529e-10,1.9702493331687157e-10,2.050588949144137e-10,2.20963137876998e-10,2.576252153858912e-10,3.11932116611651e-10,4.291480038236642e-10,6.005916002620714e-10,7.464100897453959e-09
waste_plant,power,UK,3.808723744940917e-12,4.325833476363496e-12,5.334239004869339e-12,6.906047447512855e-12,9.01412054228202e-12,1.2100331244486382e-11,1.7274057617161482e-11,2.7526287239028223e-11,5.668454034571961e-11,1.8824348378804782e-10
wind_offshore,power,AT,0.0,0.0,0.0,0.0,0.0,0.0,0.0,0.0,0.0,0.0
wind_offshore,power,BE,0.0,0.0,0.0,0.0,0.0,0.0,3.9261175195629796e-10,9.697793725244188e-10,2.7780375612145364e-09,0.6931096552132957
wind_offshore,power,BG,1.025729383109868e-11,1.582655040302976e-11,1.5579284279027834e-11,1.792702088418766e-11,2.1982035795127102e-11,2.839304856983762e-11,3.876038386751969e-11,5.8068245026596313e-11,1.0647252356819983e-10,5.035645286619532e-10
wind_offshore,power,CH,0.0,0.0,0.0,0.0,0.0,0.0,0.0,0.0,0.0,0.0
wind_offshore,power,CZ,0.0,0.0,0.0,0.0,0.0,0.0,0.0,0.0,0.0,0.0
wind_offshore,power,DE,5.266292477844935e-09,3.5575489879584684e-11,6.33712604012194e-11,1.9602339178088726e-09,1.7667268092573556e-10,3.0587292909641956e-10,1.8504896374937138e-09,12.71525551000235,4.508355552556031,10.297188884161349
wind_offshore,power,DK,1.812142933247507e-11,1.6464464930615334e-11,2.390896299515278e-11,3.256846295110473e-11,4.64169623663829e-11,6.835728344551108e-11,1.0289091328075815e-10,1.549667235581682e-10,2.9908999644014453e-10,1.292934677114486e-09
wind_offshore,power,EE,1.0295454506212302e-11,1.589997585336403e-11,1.559234305288476e-11,1.7929179668692982e-11,2.1969428805976444e-11,2.8365384206390157e-11,3.873496802275548e-11,5.807996958159013e-11,1.063852804544169e-10,5.068006749681121e-10
wind_offshore,power,EL,1.0504169733876939e-11,1.5145001535031394e-11,1.4793012434478173e-11,1.6334692495905302e-11,1.9444043081065504e-11,2.4619634811058885e-11,3.314941698930129e-11,4.8903258842266513e-11,8.74613524991065e-11,3.679570745830951e-10
wind_offshore,power,ES,4.8442045835914025e-12,5.804793001618358e-12,7.33340787888573e-12,9.540766948539918e-12,1.2797193488565172e-11,1.7952464711830587e-11,2.6908969866090148e-11,4.5888017550002324e-11,1.1173368640786817e-10,4.915984423238034e-10
wind_offshore,power,FI,1.300704953662469e-11,1.5038743858853447e-11,2.1634573484972866e-11,3.0532414092470515e-11,4.6971676068215884e-11,8.668823401541721e-11,1.8143749684432026e-10,1.8867913965025817e-08,5.3418735750757695e-09,5.658126058362504e-08
wind_offshore,power,FR,4.7487778604974405e-11,4.810079726723395e-11,9.994941071669234e-11,1.4088332127191048e-10,2.498688086958248e-10,5.361616602659764e-10,1.3441246585525931e-09,7.392293506297386e-08,4.6570471365938774e-08,2.833668098099277e-07
wind_offshore,power,HR,1.0173768025716838e-11,1.5767404205724644e-11,1.542207574687726e-11,1.7702326865795872e-11,2.1661052586755746e-11,2.7933638732781356e-11,3.8128259445819975e-11,5.7232544158979216e-11,1.0594697378377525e-10,4.941720020632427e-10
wind_offshore,power,HU,0.0,0.0,0.0,0.0,0.0,0.0,0.0,0.0,0.0,0.0
wind_offshore,power,IE,0.0,0.0,0.0,0.0,0.0,0.0,0.0,0.0,0.0,0.0
wind_offshore,power,IT,1.0182721539512955e-11,1.577565109513204e-11,1.542880280022123e-11,1.7711048266195326e-11,2.1672083883362004e-11,2.794820276686648e-11,3.8143989170309476e-11,5.7245991544806285e-11,1.0595443027281072e-10,4.940809541284937e-10
wind_offshore,power,LT,1.0283733786391526e-11,1.5891392843990844e-11,1.5563749124287643e-11,1.78836270361113e-11,2.189826039501357e-11,2.8249813361102425e-11,3.852263520926872e-11,5.768073762110303e-11,1.0580934041269437e-10,4.977175675607436e-10
wind_offshore,power,LU,0.0,0.0,0.0,0.0,0.0,0.0,0.0,0.0,0.0,0.0
wind_offshore,power,LV,8.308945376905428e-12,1.4469820889379747e-11,1.4462779110837116e-11,1.6763069963497732e-11,2.0587050889799516e-11,2.6592355501160077e-11,3.645850305465143e-11,5.579174609261889e-11,1.0485506899319811e-10,5.04518387716908e-10
wind_offshore,power,NL,1.6962562151054067e-11,1.56834333467141e-11,2.19192731429643e-11,2.988053539171693e-11,4.251274369296706e-11,6.197696311890508e-11,1.0813084328264893e-10,1.716626731582931e-10,3.599863387404122e-10,1.7787654008835065e-09
wind_offshore,power,NO,5.08674096510606e-11,5.394863136592229e-11,1.552647421173731e-10,1.3970398838810885e-10,2.349882793811515e-10,3.763398607763466e-09,4.724434087936613e-10,6.529052025321972e-10,4.4296766932260363e-10,3.979816353630651e-08
wind_offshore,power,PL,8.891638434846694e-12,1.5014624254785444e-11,1.4815463553419433e-11,1.7076751352313134e-11,2.0946072286000634e-11,2.708593856830985e-11,3.70399026084935e-11,5.632411179522778e-11,1.0541900700403928e-10,5.042543671415982e-10
wind_offshore,power,PT,0.0,0.0,0.0,0.0,0.0,0.0,0.0,0.0,0.0,0.0
wind_offshore,power,RO,9.72642936284035e-12,1.5483941420514055e-11,1.517508374954839e-11,1.7415928574282362e-11,2.131755238770772e-11,2.7536859006101096e-11,3.7695319343711706e-11,5.6910451975190065e-11,1.0562799526233013e-10,4.996402460999621e-10
wind_offshore,power,SE,2.960877655398525e-11,2.8492855000118277e-11,5.1045303786799455e-11,7.726496602925178e-11,1.2670466406650203e-10,2.8668112599318385e-10,1.0378635139603541e-09,2.0969707358963144e-06,3.397446763136004,0.15179699015306342
wind_offshore,power,SI,0.0,0.0,0.0,0.0,0.0,0.0,0.0,0.0,0.0,0.0
wind_offshore,power,SK,0.0,0.0,0.0,0.0,0.0,0.0,0.0,0.0,0.0,0.0
wind_offshore,power,UK,1.2542088554740645e-11,1.530776112988323e-11,3.0213041216458616e-11,5.5695202513169664e-11,5.587124907103599e-11,4.91215139705854e-11,7.254905519891577e-11,1.213556432606159e-10,2.3531411522709537e-10,9.283263903488097e-10
wind_onshore,power,AT,8.208370503853603,9.192346493248682e-11,0.16006999986567277,0.5507500000168736,0.03349999999163437,0.16114999997712126,0.9589499999680823,0.5569699999984017,8.419870503469383,4.2784821626925787e-10
wind_onshore,power,BE,5.736189386707741,1.8009544794974323e-10,0.04415999976756323,0.14060000008597992,0.32295999997587344,0.3796299999942239,0.4466500000360631,0.5568000000066393,5.867839386152825,5.996497033850067e-10
wind_onshore,power,BG,8.806309800666664e-10,7.047181029281218e-10,0.5553746111570519,11.598868662515178,1.3117133892463981,0.9605743896624059,0.3158469936315629,1.1410940267190222,0.031951614187039803,0.7117701902073337
wind_onshore,power,CH,1.0657245727594165,6.962131535423681e-10,1.899694282886576e-09,4.915514399620645e-09,3.362510488337746e-08,5.236273456240019,5.358557271953814,8.906860879490042,7.106408392509453,0.5106819097989053
wind_onshore,power,CZ,18.573072712183308,3.201083968919964e-10,1.2431805217977833e-09,0.2830556302464404,4.267118313827806,6.586391591203504,3.4024911685876855,14.211880989885167,23.594635591013432,2.4218506874914496
wind_onshore,power,DE,8.707659933581007e-10,2.826602693649023e-10,1.1113242700114872e-08,7.5733288491866695,32.20734227930604,16.588068133007216,23.131037916115208,23.135057639724405,1.0256999979224959,2.830185532031157e-09
wind_onshore,power,DK,11.904754783728933,2.757272035562532e-10,1.251676994749054e-09,5.892088083723311e-09,0.706080393100759,5.050633872176151e-09,0.7738288297908111,7.328905007581425,15.189524953683295,0.02217773972545075
wind_onshore,power,EE,0.5743000763626224,6.468193791805252e-10,2.1348028386695752e-08,0.2336342156402887,7.211707315363969e-08,1.0745217907538633,0.06170771904902965,4.738585363199127,2.706729968947637,0.15065320085496473
wind_onshore,power,EL,15.308252924290953,3.9019205352313077e-10,2.5618246228352278e-09,1.9171443497954852,2.875216503786435,2.9592921129993868,1.9293805992316182,1.7109935513330456,15.758102372375099,0.16086174882234022
wind_onshore,power,ES,29.673577954936682,3.295166756319478e-10,1.6083572316354404e-09,16.807100189022677,13.738241293541414,8.755198109219249,20.176846612099748,5.639230719286678,34.09996513456705,3.5091536162497355e-06
wind_onshore,power,FI,15.440771351273016,7.019087093497407e-10,0.6608530705467249,4.091343839867712,6.492698146654491,1.1775688855728745,0.8366499985724014,1.054000001805477,15.543671350572419,1.417276509093132e-09
wind_onshore,power,FR,12.014676627588768,1.1033975512021852e-09,11.834567768959674,13.024532511230085,17.801916781355324,38.872958964494536,49.169740171219004,59.7297018884236,34.38969251681107,2.9220037558824505
wind_onshore,power,HR,1.6350425617635677e-10,1.1827983710354586e-10,2.794945613741584e-10,7.40243342926737e-10,2.874930973219805e-09,0.07285740016054479,1.160464605240009,2.7439467710881162,1.2920694991769022,0.9436713056167015
wind_onshore,power,HU,25.098822318292115,5.86235057551057e-10,6.6197756083058234e-09,2.8236876983413515,2.6544308258206213,3.714907654292962,7.260164585892501,1.702717313567838,25.326442148624896,0.09614877143117774
wind_onshore,power,IE,8.908521427077444,2.1145647088290256e-09,0.6787466408386177,0.44977947177474,2.7959920576851456,0.6727569122819982,0.9632442531709253,1.3007530878989941,12.165873094210358,0.18111633650705214
wind_onshore,power,IT,58.475903888854994,3.2171853902822037e-10,1.160196448478306e-09,27.750312613007004,39.58058506092672,30.238569153910728,7.77853454278067,4.543725171441538,64.32758588457224,0.8638729528961991
wind_onshore,power,LT,7.7409690166807685,6.862938716413794e-10,0.2209216187698596,0.12864517340864187,1.905633893453274,1.7227266915260593,1.0724320147242221,6.052766330161504,7.563472934187633,1.4893570425335299
wind_onshore,power,LU,1.25216952203606e-09,2.8401798895334356e-10,5.031191521818576e-10,6.537583320124109e-10,8.119259093817721e-10,1.0750518558389756e-09,2.0011210428095585e-09,0.0748591168707419,0.37514348373730955,0.0026379859344471466
wind_onshore,power,LV,2.347801910271621e-10,1.8610440157464773e-10,6.022930591149434e-10,7.758830163817056e-10,1.5062519554016756e-09,6.907257971243533e-08,4.317243235428043e-08,2.685048666533019e-06,1.6174422981771344e-06,0.0663172083555775
wind_onshore,power,NL,23.818478771709138,4.123191958144527e-10,2.1379248173768733e-09,5.325795861337016,8.039018039939837,1.4877518776246457,1.0601395409072274,5.656307207615043,25.91893746671347,2.2368576171339956e-09
wind_onshore,power,NO,24.13355354895134,5.231000955111793e-10,0.6679513732365217,5.837689926862392,3.3929305984544276,2.844745968754974,2.2834940979794953,15.774780891701822,26.568971709893123,2.490751399949822
wind_onshore,power,PL,63.66842494552206,4.4768629157421606e-10,1.8101074683407786e-09,3.4121135527667334,4.471775875171609,5.37588552609879,14.39358554272458,8.877537091171117,63.70382494641854,3.941654881409237e-09
wind_onshore,power,PT,5.9924817697171315,3.042326549904243e-10,1.23161516309241e-09,0.9287929540794532,0.15323811633737502,5.434492467355224e-09,2.4195379696097484e-08,1.186932949797763,7.053551589576627,1.1186054786231339
wind_onshore,power,RO,1.8060403780057002,7.587662435425158e-10,2.108948440913289,1.3586444027280478,3.594886100202514,4.831809183574995,2.695145776595744,4.604412565494943,4.728385375843395,0.04687811758366251
wind_onshore,power,SE,6.411959266980816e-11,6.737269884402316e-11,1.484559500714277e-10,1.560933880494785e-10,2.285675667518846e-10,4.1191800698610776e-10,8.432415551573387e-10,2.7219009551159204e-09,4.1118952374119815e-09,1.6146491579435412e-08
wind_onshore,power,SI,6.204248635849765e-11,3.0938746034525154e-11,3.98061053344797e-11,5.896732330017032e-11,8.320668515399206e-11,1.2224343313603176e-10,2.0015269053890798e-10,4.3592702785910036e-10,3.055303905321097e-08,5.8774051018496943e-08
wind_onshore,power,SK,1.1377610282499888e-10,1.0144182624777443e-10,3.1384521624748844e-10,1.94891903831191e-08,4.265714135083885e-09,4.5928959213999376e-09,7.142597043304562e-09,1.3407892669247669e-08,2.1591966533718896e-08,2.004120941359283e-07
wind_onshore,power,UK,65.43160289560807,9.745385997463436e-10,11.765971575314946,13.900866572694255,10.147009226359335,10.335085533743461,17.115217238040113,19.812010346203635,82.86228498101927,0.6475209424519153
