technology,capacity_type,location,0,1,2,3,4,5,6,7,8,9,10,11,12,13,14,15,16,17,18,19,20,21,22,23,24,25,26,27,28,29
DAC,power,AT,6.317286996565558e-11,1.4309984438256733e-11,1.0527059916263173e-11,9.268751426136058e-12,8.007307423399243e-12,7.733497920263238e-12,7.540723378566462e-12,7.39735667325743e-12,7.333413061980638e-12,7.390878038611262e-12,7.612574248457617e-12,8.11577451112125e-12,8.871054621453031e-12,9.71137103302111e-12,1.0743792600137666e-11,1.2024810823614959e-11,1.366390600076195e-11,1.59707191742866e-11,1.922725643891771e-11,2.4153746994105886e-11,3.1571464815175216e-11,3.016274076335823e-11,3.066540074266797e-11,3.059607375223299e-11,3.120612357615762e-11,3.1557860739032496e-11,3.557051869035911e-11,4.318679435528274e-11,5.636916028476702e-11,9.547132047260516e-11
DAC,power,BE,5.85757160925763e-11,1.8060909821345152e-11,1.1757818991556704e-11,9.93884269727501e-12,8.39461468017833e-12,7.512980667068538e-12,7.391020021425258e-12,7.150586682466287e-12,7.122699084645164e-12,7.162288934436341e-12,7.2671469533381524e-12,7.751037505175883e-12,8.550885582219571e-12,9.457507864814979e-12,1.0718993234978964e-11,1.1973950453640521e-11,1.3621284630178184e-11,1.577849894216701e-11,1.8822926653025814e-11,2.357817296330496e-11,3.120301858363807e-11,3.167878140547481e-11,3.272976690635359e-11,3.3219325511397286e-11,3.4861796519415605e-11,3.613243079137732e-11,3.824955907226256e-11,4.651199690677805e-11,6.04321457879569e-11,1.0441451049423999e-10
DAC,power,BG,6.43575983379695e-11,1.4236086676819233e-11,1.1023742524469479e-11,9.744638621293741e-12,8.931666214814353e-12,8.484917989032995e-12,8.360667382072749e-12,8.232299462173496e-12,8.190084054493408e-12,7.998956440783252e-12,8.066471457330689e-12,8.200752786210754e-12,8.576766849638002e-12,8.814700338341717e-12,1.0133588706617731e-11,1.1698659548126506e-11,1.3658858943797784e-11,1.6305683752700006e-11,1.9756410341946875e-11,2.53309616771206e-11,3.613972559644686e-11,3.505483493636663e-11,3.663130105458994e-11,4.0577616805509615e-11,4.2546393401177585e-11,4.340779968758534e-11,4.532364862792189e-11,5.335312136290891e-11,6.744552465455224e-11,1.2095516306765132e-10
DAC,power,CH,6.354540085029874e-11,1.4307995452562093e-11,1.0776631741271729e-11,9.583428571407626e-12,8.279191926092603e-12,7.631329498155166e-12,7.1399156644675525e-12,6.724972694901267e-12,6.849727322469756e-12,7.087387141695912e-12,7.441201642440154e-12,7.917697480037213e-12,8.725227203977979e-12,9.638268522049634e-12,1.077885079878342e-11,1.2189688584678024e-11,1.3967751629662282e-11,1.6392814632741706e-11,1.9865590864931228e-11,2.544387909585766e-11,3.458016025324151e-11,3.3903024437976826e-11,3.4897570816803564e-11,3.510284144153923e-11,3.590973872237251e-11,3.725666629584095e-11,4.214493400069337e-11,5.203584666078336e-11,6.699434323136932e-11,1.1061696897469053e-10
DAC,power,CZ,6.406993907865496e-11,1.4140753318587958e-11,1.0628676325139087e-11,9.449688443928323e-12,8.198971699147997e-12,7.630919844689924e-12,7.2473005782924866e-12,6.93284140379254e-12,7.314557512507387e-12,7.570645039570062e-12,7.926611931672711e-12,8.450828767458619e-12,9.315022892580286e-12,1.0319718799691606e-11,1.1472967809344415e-11,1.2908249157124587e-11,1.465153612349029e-11,1.7105964550525303e-11,2.0384222412111882e-11,2.549588099386233e-11,3.3632530732008615e-11,3.4020659506814183e-11,3.386773588778193e-11,3.341979428031703e-11,3.482673739442866e-11,3.644470599712606e-11,4.106879915821187e-11,4.9483895646849035e-11,6.37867692541122e-11,1.0729542419309102e-10
DAC,power,DE,5.764658388255906e-11,1.8468204971472873e-11,1.1672504920810383e-11,9.804126036689194e-12,8.273027030145722e-12,7.347459443626933e-12,7.414644817306928e-12,7.501271308071344e-12,7.43206477832254e-12,7.23251970455955e-12,7.381574920154139e-12,7.786737318438153e-12,8.569435693069761e-12,9.4030177954867e-12,1.0385749356319898e-11,1.168104117688096e-11,1.3267600582459158e-11,1.5402366220252725e-11,1.8374164478250016e-11,2.28335529375592e-11,2.9857938106783666e-11,2.9736887049172306e-11,3.0672510564798764e-11,3.131792283325463e-11,3.317219922238222e-11,3.6577894173322285e-11,4.0188058048847234e-11,4.425248821989642e-11,5.5587395852514506e-11,8.968737449711536e-11
DAC,power,DK,6.063801714681928e-11,1.6621451983869423e-11,1.1265758551859618e-11,9.35762932283324e-12,7.962751696367688e-12,7.906532917803783e-12,7.914614435786867e-12,8.038264606274868e-12,8.384253080238814e-12,8.656828411584267e-12,9.07175671823465e-12,9.574013779065399e-12,1.0436863724364631e-11,1.1441330351477372e-11,1.2714181442246444e-11,1.4410808186203933e-11,1.652935264015719e-11,1.9409374798589788e-11,2.3384994975531373e-11,2.9316870655792665e-11,3.792216397422706e-11,3.927250428158671e-11,3.946483155035241e-11,4.03895465940339e-11,4.303938606904237e-11,4.86640046879998e-11,5.567864386043522e-11,6.922928820831833e-11,8.806170540608866e-11,1.476468968555656e-10
DAC,power,EE,5.861243466246322e-11,1.7662957046851446e-11,1.1000439825289822e-11,8.990944757777899e-12,7.478960921062488e-12,7.159512748132868e-12,6.97844265209887e-12,6.921118395992568e-12,7.229767259058898e-12,7.449490281687013e-12,7.778324999016825e-12,8.210362224100488e-12,8.914510131451488e-12,9.752979946437024e-12,1.0771979677049248e-11,1.2127799518894641e-11,1.3804082666212258e-11,1.6202402108550508e-11,1.959595545168868e-11,2.4770041649509015e-11,3.3449476213708554e-11,3.4311804094168506e-11,3.5678443571719774e-11,3.6523825909370285e-11,3.905352817455114e-11,4.2838285302410915e-11,4.783690500505803e-11,5.7549869514984264e-11,7.302885650039672e-11,1.1949340710732092e-10
DAC,power,EL,6.36955243531972e-11,1.4289865677165957e-11,1.1074143376274677e-11,9.968759637845258e-12,9.24560362584464e-12,8.503329627983578e-12,8.214360417719243e-12,8.056264678518522e-12,7.908461081885761e-12,7.624158246780086e-12,7.424298789793611e-12,7.366844812685413e-12,7.434584552473327e-12,8.49365500466129e-12,9.712953903894302e-12,1.119726033022259e-11,1.307429132385853e-11,1.5854212360934396e-11,1.8927292730438525e-11,2.4177671520604207e-11,3.290587230093675e-11,3.240748951288885e-11,3.395989681385721e-11,3.534966427794525e-11,3.6095320590509553e-11,3.81198460335233e-11,4.21357321318723e-11,4.883532342115216e-11,6.27433757060024e-11,1.0792400357405874e-10
DAC,power,ES,6.050576605625617e-11,1.523630837855659e-11,1.0832514374176488e-11,9.243287859089366e-12,7.99479607229508e-12,7.90548926391217e-12,8.001129115419533e-12,8.160007470506903e-12,8.401626140017198e-12,8.524558567104457e-12,8.775882297791814e-12,9.14283574706412e-12,9.993302271069299e-12,1.0974637457850411e-11,1.21819087943766e-11,1.3830134241060572e-11,1.5753013147719825e-11,1.8303259468498793e-11,2.2043274448748066e-11,2.791527335228552e-11,3.795499135434148e-11,3.913883369451643e-11,3.875307354524345e-11,3.857246964816642e-11,3.944520599434047e-11,4.1077035187601515e-11,4.4969467568216817e-11,5.348074514014602e-11,6.875653591316247e-11,1.1645368424369752e-10
DAC,power,FI,6.019599629372005e-11,1.7632421891488105e-11,1.1477890569640519e-11,9.435217449317678e-12,7.905255264149985e-12,7.39718704611024e-12,7.463453168140346e-12,7.699073057995227e-12,8.045922320031027e-12,8.32867060475561e-12,8.756452145666155e-12,9.223917422446154e-12,9.9560328721208e-12,1.0837519143029112e-11,1.1941401413662194e-11,1.354765187420578e-11,1.550222001117167e-11,1.8370657327334957e-11,2.2365210844293412e-11,2.853035501565373e-11,3.8122462757120954e-11,3.905083902120225e-11,4.1411487434922365e-11,4.290647207766899e-11,4.6651731499050354e-11,5.1808849843004786e-11,5.742861456290609e-11,6.835814448067034e-11,8.607470072135799e-11,1.4405513715571597e-10
DAC,power,FR,6.453738530887234e-11,1.4749966407575095e-11,1.101547091135269e-11,9.778956032267898e-12,8.515010540926776e-12,8.10527688129772e-12,7.842363726726315e-12,7.555460717616315e-12,7.95918915168024e-12,8.190756806281238e-12,8.553868091714997e-12,9.001411718871317e-12,9.909043886737918e-12,1.0966062731381068e-11,1.2264907049475728e-11,1.3898482617001348e-11,1.5866059549549808e-11,1.8640790325088834e-11,2.2689760360387747e-11,2.932530803310459e-11,4.289201345176773e-11,4.214422973180333e-11,4.126309385250306e-11,4.140173020198358e-11,4.328611594195681e-11,4.477573167728972e-11,4.989410362334994e-11,6.476348392956098e-11,8.17674025940134e-11,1.347290509318803e-10
DAC,power,HR,6.35782279507984e-11,1.4732059774106885e-11,1.1103883799777532e-11,1.0024758449762128e-11,8.849361013150944e-12,8.360258314444688e-12,8.16692751383432e-12,8.017191607513026e-12,7.959464687208785e-12,7.809341331396507e-12,7.80354729619056e-12,7.863961673746737e-12,8.814742413285584e-12,9.889489182612644e-12,1.1219563263825354e-11,1.2845890097494717e-11,1.4786880705736078e-11,1.7333233617531433e-11,2.0708622696551854e-11,2.5719686600425516e-11,3.3540887215364405e-11,3.261536308367731e-11,3.34790511253441e-11,3.364909616712766e-11,3.5173903599615036e-11,3.7498232026845255e-11,4.2402152079236334e-11,5.240808147947891e-11,6.955655811476501e-11,1.21077327343603e-10
DAC,power,HU,6.489453332356893e-11,1.4341166340424113e-11,1.0783681873976597e-11,9.709530240777282e-12,8.563943212567622e-12,8.171049152444256e-12,7.969162630997515e-12,7.750667860728521e-12,7.63346451518673e-12,7.383070679899198e-12,7.864135774367704e-12,8.410750546940028e-12,9.321993783357831e-12,1.0343644215360747e-11,1.1589978806458713e-11,1.3086041726435442e-11,1.4954486067309653e-11,1.7771125359512214e-11,2.1451121303611663e-11,2.7473955588272497e-11,3.827992754568796e-11,3.984625596795759e-11,3.988721242607688e-11,3.9150916167652916e-11,4.1174315414313225e-11,4.179014616759407e-11,4.628112704213426e-11,5.7172911627029014e-11,7.29527648264861e-11,1.19872968427153e-10
DAC,power,IE,6.025770926802678e-11,1.8498005981747833e-11,1.2528813357587556e-11,1.0701720788914407e-11,8.559486196623773e-12,7.2348649925590526e-12,7.643516476435275e-12,7.936047779784094e-12,8.302556853014706e-12,8.611886712282175e-12,9.087063080387824e-12,9.53547356166028e-12,1.0365882019645875e-11,1.1396057924345757e-11,1.277897166720714e-11,1.4554490221703505e-11,1.6754874141897305e-11,1.9795847030160025e-11,2.4105585398941156e-11,3.079662448325223e-11,4.175344326127884e-11,4.570082167479583e-11,4.647057816289725e-11,4.804177182814029e-11,5.113893189662871e-11,5.514490192419037e-11,5.770386093942628e-11,7.265792883306345e-11,9.469522415399743e-11,1.6158591368916167e-10
DAC,power,IT,6.337069359950408e-11,1.4368350951181153e-11,1.0803239716742107e-11,9.6777610085035e-12,8.360048722531117e-12,7.600003779615802e-12,7.104444957536406e-12,6.668502173495585e-12,6.999739703434425e-12,7.242843225986214e-12,7.593967368417345e-12,8.139154027703106e-12,8.982343676440691e-12,9.970107265356577e-12,1.1161025362626514e-11,1.259105522739809e-11,1.443947288719061e-11,1.692783706103153e-11,2.054726653815265e-11,2.624594944963516e-11,3.5154192339612564e-11,3.431560016976717e-11,3.4640423892792826e-11,3.3482694745909485e-11,3.50220802486915e-11,3.74030726546841e-11,4.1233194816661297e-11,5.068675056954312e-11,6.575110481434987e-11,1.0992876035216967e-10
DAC,power,LT,6.186699272465115e-11,1.3416613415369772e-11,1.033300932991997e-11,9.031764276711732e-12,8.148722033586969e-12,7.894255805979914e-12,7.909549931618582e-12,7.99383003943732e-12,8.212949995858759e-12,8.447925114490487e-12,8.883552866368147e-12,9.257888593450169e-12,1.0090292321660194e-11,1.1056553796269525e-11,1.2308707508715783e-11,1.3897514001936725e-11,1.5912972093784726e-11,1.8744567834298306e-11,2.2707102306493978e-11,2.8713956033338978e-11,3.932072397745199e-11,4.00152400503623e-11,4.04655413972297e-11,4.1547740566848045e-11,4.413369452996992e-11,4.792302852050706e-11,5.380565237899042e-11,6.62572285210674e-11,8.466745697075576e-11,1.4007114904364714e-10
DAC,power,LU,5.665081047501813e-11,2.0415663088803167e-11,1.2675436603786417e-11,1.0940576889359456e-11,9.112990383612236e-12,8.368642516614324e-12,7.980887353272518e-12,7.584629970328862e-12,7.290447874494853e-12,6.860462397236368e-12,7.293407459999039e-12,7.812263623876676e-12,8.688446105140646e-12,9.696145303107637e-12,1.092197524321383e-11,1.2473768225030092e-11,1.4354540815327261e-11,1.6841006630184308e-11,2.0446044361795832e-11,2.595244591137794e-11,3.5094452985092277e-11,3.8776806359609196e-11,3.8016819650431755e-11,3.799443634944394e-11,4.032421330764118e-11,4.291016015288955e-11,4.677360566720369e-11,5.87691412851476e-11,7.345402784121892e-11,1.2370940069829325e-10
DAC,power,LV,5.90589911565628e-11,1.7025200343377445e-11,1.0767351597147999e-11,8.837370790565565e-12,7.327127545799454e-12,7.307048458437565e-12,7.440856521351486e-12,7.585652575825738e-12,7.810761206695765e-12,8.015647685459444e-12,8.38199029362001e-12,8.73603116929208e-12,9.508489661376267e-12,1.0419719989249865e-11,1.1529432481994323e-11,1.3001963814912848e-11,1.4926837843588383e-11,1.7559168250200887e-11,2.127462863748414e-11,2.690257433820063e-11,3.658634426348053e-11,3.737779234714335e-11,3.9086331525042036e-11,3.956838991826862e-11,4.2034726220204485e-11,4.609469647597225e-11,5.083071040640281e-11,6.12646553104121e-11,7.789613583400719e-11,1.2884305423323677e-10
DAC,power,NL,5.8164534089420786e-11,1.7474102489209886e-11,1.1207819440380057e-11,9.14486427707213e-12,7.548006728376178e-12,7.427852043550091e-12,7.555501145911737e-12,7.668590067432182e-12,7.855982914949458e-12,7.876558345641664e-12,8.077721116851407e-12,8.403429859378327e-12,9.090421470497691e-12,9.827652221867297e-12,1.0676017533312864e-11,1.2015156057924973e-11,1.3520866526216043e-11,1.5647317384591488e-11,1.8723238080993244e-11,2.327145352702641e-11,3.113548630681517e-11,3.130465882198687e-11,3.206096455922138e-11,3.239882497470257e-11,3.4094710518200504e-11,3.776807667527289e-11,4.1174929325851795e-11,4.99681212173605e-11,6.175770617617154e-11,1.1001974982098966e-10
DAC,power,NO,6.541604919958106e-11,1.4524331859690133e-11,1.153461174168191e-11,1.009569233609402e-11,8.850773808225666e-12,8.253729652313763e-12,7.951888443895457e-12,7.881471040642562e-12,7.960538659055847e-12,7.906638016786667e-12,7.969229714111123e-12,8.54491060231473e-12,9.525151058750261e-12,1.0628919400355658e-11,1.2008567858006208e-11,1.3751990545057355e-11,1.5936839472072534e-11,1.9023315578104055e-11,2.3343758393400745e-11,3.0306774771031704e-11,4.2964792044827916e-11,4.459369349926055e-11,4.6448892729220855e-11,4.795689587131993e-11,5.131202794641582e-11,5.647637324234183e-11,6.250880257854624e-11,7.355882724575694e-11,9.046561799189233e-11,1.5311545741359464e-10
DAC,power,PL,6.513256675751743e-11,1.469764455856031e-11,1.1140787675993951e-11,1.000325454544041e-11,8.962737919997008e-12,8.389420978270015e-12,8.324899350123905e-12,8.285083184800766e-12,8.327550970058628e-12,8.265622608838387e-12,8.254474557824731e-12,8.379815933594966e-12,8.742138572999565e-12,9.0560135832101e-12,1.0321141025524134e-11,1.1836215657688307e-11,1.372245912543771e-11,1.621829629181369e-11,1.956096583872484e-11,2.487714795460653e-11,3.3663899196310974e-11,3.5117040235070385e-11,3.562328592859009e-11,3.6138586087388674e-11,3.7414517642900146e-11,3.970530572227155e-11,4.438314867200793e-11,5.4864986839566325e-11,6.900634647009879e-11,1.1301554351833692e-10
DAC,power,PT,6.108265766117532e-11,1.4311554513764094e-11,1.0627475579947781e-11,9.291129635478714e-12,8.176178846306781e-12,8.019705149345036e-12,8.058530578787587e-12,8.191230353903543e-12,8.388595822083144e-12,8.501940818160226e-12,8.70505864226602e-12,9.184908620647847e-12,1.0019032621774016e-11,1.0996678926016943e-11,1.2235310018135387e-11,1.387407903787887e-11,1.579794951821861e-11,1.837510416991123e-11,2.202606394087807e-11,2.767894840003968e-11,3.736371551992651e-11,3.8313092734290035e-11,3.824660510469327e-11,3.831331441712168e-11,3.9348329434211955e-11,4.094689951739408e-11,4.485219867301115e-11,5.295473960447085e-11,6.824341394275857e-11,1.169502655911e-10
DAC,power,RO,5.857392325078711e-11,1.729944737879209e-11,1.0895626578734684e-11,8.800868657728652e-12,7.450862724295045e-12,7.090632659539215e-12,7.2032000635479735e-12,7.34717894494687e-12,7.572079437659663e-12,7.67589122839572e-12,7.985728454632468e-12,8.402172177577853e-12,9.239628511190772e-12,9.98925311680046e-12,1.1119518464545875e-11,1.252663908551176e-11,1.4252157524811396e-11,1.678783338154494e-11,2.01148143155755e-11,2.5359902941655157e-11,3.4321567923227756e-11,3.571907900484836e-11,3.6883757135631716e-11,3.959851358938093e-11,4.071059167106495e-11,4.02936889186205e-11,4.293096918090436e-11,5.094240533168158e-11,6.570045446471023e-11,1.1933416995413967e-10
DAC,power,SE,6.247154155817199e-11,1.4350908304301512e-11,1.13555162762735e-11,9.996853131227749e-12,8.466290030877284e-12,7.627702321418878e-12,7.652276542740706e-12,7.892840746095486e-12,8.247871788561879e-12,8.535101675831078e-12,8.950533211866684e-12,9.566134027047569e-12,1.039923641385235e-11,1.1399689926611589e-11,1.2668917167536937e-11,1.4349674456265524e-11,1.6456594767626e-11,1.9461798599300516e-11,2.363258288742307e-11,3.009886932137372e-11,4.0009959144194e-11,4.056009534083969e-11,4.3175095922643426e-11,4.4955587500855106e-11,4.957192979808933e-11,5.7181017490320215e-11,6.332639491277902e-11,7.407590561046599e-11,9.236575076166424e-11,1.539787360851774e-10
DAC,power,SI,6.42200966492957e-11,1.466535908984982e-11,1.1071304630717614e-11,1.0065666984367201e-11,8.952847067866357e-12,8.254755396963461e-12,8.094107512662504e-12,7.946980646513268e-12,7.834335635852976e-12,7.656931903661359e-12,7.501667609800959e-12,7.53341718659495e-12,8.375180566709255e-12,9.435743473761893e-12,1.0699537823685707e-11,1.2249713867044662e-11,1.4102423827556235e-11,1.6551149958696702e-11,1.9893512167467943e-11,2.5021936460365264e-11,3.333190904248026e-11,3.3328642621606644e-11,3.452409627241755e-11,3.409523151452527e-11,3.439258659664574e-11,3.513491751951107e-11,3.8738202575337716e-11,4.6443819152397233e-11,6.232735346645981e-11,1.0309772755971845e-10
DAC,power,SK,5.828411898073531e-11,1.742973127509537e-11,1.0927588147492234e-11,9.151270224013006e-12,7.676329129215971e-12,7.333712201241475e-12,7.050761032146711e-12,7.0910443060005524e-12,7.379528391072043e-12,7.564701306729903e-12,7.804975779686614e-12,8.292486428413698e-12,9.088072346598929e-12,9.999701349482458e-12,1.1100171033920345e-11,1.2472132293776671e-11,1.4169239575550236e-11,1.645884888905408e-11,1.9436051086703716e-11,2.3943495744060882e-11,3.1285769846769034e-11,3.220439775490558e-11,3.349161544205461e-11,3.385917580883333e-11,3.489068030818883e-11,3.569871213632973e-11,4.021471174072984e-11,4.945203123014487e-11,6.43027852666889e-11,1.0777064629248709e-10
DAC,power,UK,6.204854059375424e-11,1.654021308640398e-11,1.13084236439786e-11,9.54405037101537e-12,8.108072495405917e-12,8.039222481031423e-12,8.363618770672679e-12,8.49553641863135e-12,8.794406174013714e-12,8.97631624181432e-12,9.380091849115741e-12,9.758000568811649e-12,1.07148936833385e-11,1.1804789699823031e-11,1.3172613272467666e-11,1.4818367114115913e-11,1.6746768325218778e-11,1.971538176413376e-11,2.3927992114047494e-11,3.058449043601063e-11,4.138566402697558e-11,4.3027288700910346e-11,4.217826531741327e-11,4.2542960876307223e-11,4.5645711031252336e-11,5.1843276036732406e-11,5.562370143825181e-11,7.105488817834671e-11,9.19065821201301e-11,1.55823865713972e-10
battery,energy,AT,1.3461987189764415e-07,3.109458926625446e-10,1.3766367805644648e-10,2.8842865788361997e-10,8.451170300928079e-10,2.8414463020082004e-08,1.4752764984610901e-08,1.9898063633965807e-08,1.679402072063196e-08,1.9486807240081122e-08,9.71332055062564e-08,2.679409214683288e-08,3.079118389454713e-08,1.605068479260274e-07,3.790141272109813e-08,9.694302092004355e-08,3.8182173488673354e-08,1.011533410109316e-08,6.975073074647124e-08,8.050809453477027e-08,1.8212794157249935e-07,9.184856449608337e-08,9.882859738257067e-08,1.8032581171690298e-07,1.1916993772948263e-07,1.475259731419128e-07,2.782117253950494e-07,1.6277015735518697e-07,2.397515315635508e-07,2.2112442562944677e-07
battery,energy,BE,1.34811791187631e-07,3.9223442754949034e-10,1.3727329881441e-10,2.792922093621109e-10,8.287555428943806e-10,2.8173651251650183e-08,1.483847061836031e-08,1.9876179182810356e-08,1.6776836586991575e-08,1.9546255380447687e-08,9.745674708539175e-08,2.6352191688233726e-08,3.0537305261508186e-08,1.60540255797609e-07,3.784130926244089e-08,9.707829677808376e-08,3.7203115798177714e-08,1.0199351290613841e-08,6.926828305545377e-08,8.014325914003974e-08,1.770374067581774e-07,9.30227422391136e-08,9.806265168366327e-08,1.7831827575005928e-07,1.1709844291809072e-07,1.4757397922797386e-07,2.769426636205642e-07,1.588056066348176e-07,2.393825463490733e-07,2.1948146028201502e-07
battery,energy,BG,1.3464955682863543e-07,3.0597485935724785e-10,1.3745952836435687e-10,2.9066320348108817e-10,8.542518457092808e-10,2.8472414079340238e-08,1.4725301617059003e-08,1.9749197014734085e-08,1.6696306354470005e-08,1.912867258228466e-08,9.736370562975953e-08,2.695744069658219e-08,3.149149857938621e-08,1.6091924412998393e-07,3.79855923811602e-08,1.0069522779823548e-07,4.0398826038476095e-08,9.819497587936805e-09,7.182386030277684e-08,7.900926018576685e-08,1.8890278814030567e-07,8.677079993186363e-08,9.440707235530187e-08,1.8850953212215108e-07,1.2167436340686254e-07,1.3879702277780573e-07,2.845396045219007e-07,1.656092981382506e-07,2.232544721496583e-07,2.3207238039273915e-07
battery,energy,CH,1.347529805764636e-07,3.0586534603998104e-10,1.3767366286125876e-10,2.889687174755194e-10,8.449203853646278e-10,2.8495519339540722e-08,1.4814783977957107e-08,1.9827509818807245e-08,1.675874710882447e-08,1.945847715972042e-08,9.681612103279119e-08,2.6851348739682187e-08,3.069648269341362e-08,1.6062789338976524e-07,3.840425348720964e-08,9.88640019280474e-08,3.7613822630624736e-08,9.877688054124728e-09,6.958793313939647e-08,8.054042850495691e-08,1.8340597882089658e-07,9.104996014095965e-08,9.887906404052575e-08,1.808252124073335e-07,1.1678384755274792e-07,1.572572832946996e-07,2.837770464148404e-07,1.6431726897982402e-07,2.426034305027907e-07,2.1850792498331277e-07
battery,energy,CZ,1.3466592701672172e-07,3.0435208683680146e-10,1.372732468020608e-10,2.8913762955128376e-10,8.450779707054171e-10,2.839810519810041e-08,1.4706674874686663e-08,2.0088556009062e-08,1.6814766187380543e-08,1.9562378720136025e-08,9.775937759665579e-08,2.6785447013329326e-08,3.087724601440444e-08,1.607150605826369e-07,3.8558476265548296e-08,9.840314413276368e-08,3.8676740272174985e-08,9.9408657735594e-09,6.934338318867744e-08,8.056159476219861e-08,1.8362908553754572e-07,8.966953216153954e-08,9.785253774227153e-08,1.8358526475138e-07,1.1975463576342495e-07,1.516879606233808e-07,2.8356286604063693e-07,1.680264650078326e-07,2.456877159910608e-07,2.2106887881659425e-07
battery,energy,DE,1.3401797643207605e-07,3.1114849625372014e-10,1.360263325771488e-10,2.6638382193849644e-10,7.75142304620191e-10,2.8085507799312953e-08,1.4689668443243151e-08,1.9794033231807942e-08,1.6725140623884226e-08,1.94435303942038e-08,9.752284080103077e-08,2.6297673263991205e-08,3.097953043388939e-08,1.5868317781539047e-07,3.798394029451269e-08,9.786678886051375e-08,3.6762573720685313e-08,1.0374224600629636e-08,6.914171709965737e-08,7.981593162116827e-08,1.798567343590807e-07,8.9616092771917e-08,9.712727512350951e-08,1.7848934966444703e-07,1.1691302839796353e-07,1.4724950542211204e-07,2.760418497963559e-07,1.590097477650683e-07,2.406253755889809e-07,2.1770962579934618e-07
battery,energy,DK,1.3460332301878755e-07,2.894725406705978e-10,1.386560179392389e-10,2.949683467804089e-10,8.658297817580127e-10,2.8697448822496037e-08,1.4701873679909109e-08,1.9502174931407124e-08,1.65523945380976e-08,1.8824717532734613e-08,9.572553537054534e-08,2.6983906757758667e-08,3.025177569518636e-08,1.5994962208167976e-07,3.617100176977747e-08,9.536357914047617e-08,3.5023000227334467e-08,9.805985693477998e-09,6.936083080137615e-08,7.814415579510371e-08,1.7205290038736537e-07,8.873603742931945e-08,9.710239999083162e-08,1.7667538069674197e-07,1.1951080508689436e-07,1.4223683316945866e-07,2.7779387610122185e-07,1.66823579894562e-07,2.4159388481390654e-07,2.2366839200560204e-07
battery,energy,EE,1.3386453369398605e-07,3.23560996398231e-10,1.3976108883421687e-10,3.277115199513118e-10,9.123829847774711e-10,2.8917255369774978e-08,1.4784218446697838e-08,1.9697593149221637e-08,1.668270361709369e-08,1.9111242563411664e-08,9.582366762580582e-08,2.700250210265326e-08,3.045337501277733e-08,1.5858165946850252e-07,3.678009827537049e-08,9.655177847572774e-08,3.3691529903604736e-08,1.0185655012772835e-08,6.907093453028468e-08,7.874594721407985e-08,1.7277029847265677e-07,8.790145465040771e-08,9.686357822659592e-08,1.7624135245249768e-07,1.2070552962619474e-07,1.4371951806764582e-07,2.740562458787006e-07,1.6878564327407306e-07,2.4346065536096603e-07,2.1997068645706997e-07
battery,energy,EL,1.3494533018817088e-07,3.1760880184818384e-10,1.377553743946736e-10,2.887553843127318e-10,8.328082869404204e-10,2.8280020200884245e-08,1.4695766600710856e-08,1.973810127190492e-08,1.6741854955825374e-08,1.9045428097587818e-08,9.650384829772873e-08,2.72165061625028e-08,3.109342823605672e-08,1.6071638136346165e-07,3.745397368247358e-08,1.0022362090328804e-07,4.182882598832537e-08,1.175207908892776e-08,7.251376986658566e-08,7.960931972945342e-08,1.912761845552737e-07,8.334163006550258e-08,9.949494524551794e-08,1.815293687763003e-07,1.2377349072888896e-07,1.391841635837171e-07,2.830717880689301e-07,1.6503631904628277e-07,2.34062212676317e-07,2.2265023451351468e-07
battery,energy,ES,1.347441795692701e-07,3.1532314598640373e-10,1.3593528560192448e-10,2.692625605352235e-10,8.117769588065926e-10,2.8235419244742043e-08,1.4708503518506083e-08,1.9585555232104843e-08,1.6653898413832795e-08,1.9194406054697335e-08,9.445567855725583e-08,2.8124142107526127e-08,3.132165306767971e-08,1.604020724790076e-07,3.797643272276792e-08,9.846373366572495e-08,3.462989073207484e-08,9.736496817718422e-09,6.760850700620768e-08,8.124057140897785e-08,1.8154086074271668e-07,9.114591191914463e-08,9.910996820849439e-08,1.77214575120475e-07,1.3378032572999066e-07,1.471717787414117e-07,2.6308154113228635e-07,1.7687975634205816e-07,2.4672208197335357e-07,1.9665352683102734e-07
battery,energy,FI,1.347215676868776e-07,3.855266518512209e-10,1.378947266785884e-10,2.8165931139506085e-10,8.377212672447325e-10,2.835701029377149e-08,1.4810016643009978e-08,1.956474995117866e-08,1.6632787204919222e-08,1.8976087017823924e-08,9.614351926646377e-08,2.687573161755593e-08,3.037574624918649e-08,1.5999961483487403e-07,3.593017620165973e-08,9.57251898059782e-08,3.397052708206956e-08,1.0041939775714132e-08,6.892577522699763e-08,7.827718430544303e-08,1.720005046770429e-07,8.807547077729928e-08,9.675870364952041e-08,1.761418616237013e-07,1.2023127729607156e-07,1.4279396764654984e-07,2.766149334502684e-07,1.6628761507656169e-07,2.427211119129747e-07,2.226631181271202e-07
battery,energy,FR,1.342688167257769e-07,3.1071490606498934e-10,1.367602861794762e-10,2.677028408937652e-10,7.839269658470166e-10,2.8162163347964807e-08,1.469120574208371e-08,1.9665179504388266e-08,1.6648860623007914e-08,1.9241398500411496e-08,9.465902012652356e-08,2.747543744292091e-08,3.015394623659172e-08,1.5797244083291438e-07,3.752970689779514e-08,9.778093024676431e-08,3.379326869212805e-08,9.882583547212235e-09,6.682406659910375e-08,7.818032599045462e-08,1.7888451376389786e-07,9.105666533741705e-08,9.62564683715097e-08,1.7465386363351926e-07,1.18023550054443e-07,1.4232450774940336e-07,2.667127771553289e-07,1.5554652214151678e-07,2.3589603568455832e-07,2.0107156405897324e-07
battery,energy,HR,1.346486151229747e-07,3.37672067323433e-10,1.385619125587941e-10,2.9677433249396305e-10,8.547926398809905e-10,2.857128118895292e-08,1.4731619519447332e-08,1.9782411274639865e-08,1.6782958875648624e-08,1.9137750405712677e-08,9.700543443004244e-08,2.6781828028013596e-08,3.100217428548324e-08,1.5996600711128741e-07,3.831701896770933e-08,9.760402015774379e-08,3.9891135950819745e-08,1.0703255484073438e-08,7.150992195027394e-08,8.120907529075555e-08,1.8416948775654678e-07,8.182820223150864e-08,9.76315378976244e-08,1.7876823311503803e-07,1.1792241053408217e-07,1.5029903645785123e-07,2.753442689424599e-07,1.613923275506458e-07,2.552501028990801e-07,2.1772304636371023e-07
battery,energy,HU,1.3469266643364099e-07,3.160175316860516e-10,1.3769285413132808e-10,2.903035519252759e-10,8.506848409868011e-10,2.8456468752013774e-08,1.4734721565500795e-08,2.0060559709227356e-08,1.681904283367924e-08,1.9239952992332678e-08,9.791224201311767e-08,2.6687138245501413e-08,3.074892566821685e-08,1.605292038107157e-07,3.8723249161053996e-08,9.790911827514297e-08,3.656389429101659e-08,9.514407144191169e-09,7.19677749637498e-08,8.051567792889172e-08,1.8262418347863726e-07,8.898638728834884e-08,9.475958468892997e-08,1.797137000082807e-07,1.1509019344274038e-07,1.4617093354362838e-07,2.769729287088735e-07,1.633618797753658e-07,2.3244076179223017e-07,2.1454253824103716e-07
battery,energy,IE,1.3473704584151927e-07,2.9280044647978153e-10,1.3868941779531496e-10,2.963702835824798e-10,8.624939039679647e-10,2.8420388998172706e-08,1.4920867408722155e-08,1.9721379576921757e-08,1.6650629975226962e-08,1.8765950249777497e-08,9.527866289270142e-08,2.671434307066495e-08,3.001124552889106e-08,1.5947588375287252e-07,3.675626453140308e-08,9.412261961651904e-08,3.6574679079799604e-08,9.687511559983123e-09,6.763861513275631e-08,7.879235144385001e-08,1.719827190698314e-07,8.831307425543619e-08,9.726593820349787e-08,1.7564913681882908e-07,1.153794366428091e-07,1.3913973038038438e-07,2.660689087708249e-07,1.6895193883558247e-07,2.4686362417786304e-07,2.397463306617366e-07
battery,energy,IT,1.347413680591071e-07,3.165660008875456e-10,1.353080454212106e-10,2.649757978723334e-10,7.907640406365077e-10,2.805869988037025e-08,1.4708866157979354e-08,1.9707721813809007e-08,1.66923653153194e-08,1.920251856210201e-08,9.618384924711508e-08,2.711022230728695e-08,3.15633413924414e-08,1.598831196384564e-07,3.807349485383117e-08,1.0112512365684562e-07,3.820851316157654e-08,1.0403029206847434e-08,6.871789883806323e-08,8.032825006462743e-08,1.8357260020612542e-07,8.55855333225941e-08,1.0076322801830636e-07,1.803680342281878e-07,1.2768571658849745e-07,1.383555256039968e-07,2.7791047337746636e-07,1.599904328707655e-07,2.443616894865518e-07,2.151171568274409e-07
battery,energy,LT,1.3406431760367537e-07,3.3226328512938377e-10,1.4493085524016643e-10,3.192585743855582e-10,9.092391609339721e-10,2.8702808756905976e-08,1.4753936923556664e-08,1.9746698912044937e-08,1.658145581986503e-08,1.8958191252825023e-08,9.579440473380256e-08,2.7301990927909697e-08,3.0946857938311285e-08,1.5905426143614328e-07,3.722045618302968e-08,9.524371918448318e-08,3.6136458912393206e-08,1.0030540977243952e-08,6.742112902575729e-08,7.83588714084909e-08,1.7414701075372233e-07,8.65536449961058e-08,9.818788543506064e-08,1.7921948543485229e-07,1.177898125136601e-07,1.4810501291998417e-07,2.7479699268573436e-07,1.7509990764793617e-07,2.425726547529997e-07,2.0879850622546058e-07
battery,energy,LU,1.344077630122332e-07,3.4034018469642015e-10,1.4632169095599057e-10,3.108190567117167e-10,9.091137479228642e-10,2.901462981908674e-08,1.4814882647098906e-08,1.9871531213915868e-08,1.6837085088499496e-08,1.9517556071706852e-08,9.725034624941297e-08,2.643640143542545e-08,3.0416569224297764e-08,1.5905758172654893e-07,3.793253976370928e-08,9.774924170656962e-08,3.620143749958659e-08,9.870585336404984e-09,6.712009495704009e-08,7.975997343428758e-08,1.8277792828174195e-07,9.254272792844684e-08,9.791432152139188e-08,1.7928264765761687e-07,1.1888156784895008e-07,1.452424987338106e-07,2.701271023053734e-07,1.586519727086749e-07,2.3829092100960885e-07,2.066997794832734e-07
battery,energy,LV,1.3382580879670385e-07,3.25861125388288e-10,1.397108435507637e-10,3.274957675841904e-10,9.133720832092634e-10,2.88534943501947e-08,1.473997277357853e-08,1.9691080496206075e-08,1.66229133035212e-08,1.9026121632254155e-08,9.574620360493048e-08,2.724653816949391e-08,3.09467698985573e-08,1.5883869131105054e-07,3.733551756378455e-08,9.618198876165257e-08,3.5020965309412254e-08,1.0020752036233139e-08,6.80286046481066e-08,7.877510104393643e-08,1.7378465187734682e-07,8.47276280293595e-08,9.83349582666007e-08,1.792554447126146e-07,1.1800375627143715e-07,1.4894218629766982e-07,2.74695036088871e-07,1.7568182307398546e-07,2.432543182822485e-07,2.0796047890564758e-07
battery,energy,NL,1.3491825059917152e-07,3.88542268111796e-10,1.3790822255140512e-10,2.7913238906370573e-10,8.323222241061008e-10,2.815987837314884e-08,1.477223683407692e-08,1.9778539273568987e-08,1.6689566708032776e-08,1.9058232445236416e-08,9.632446541865287e-08,2.6976881477854652e-08,3.065966256227712e-08,1.6084870198785235e-07,3.722936639037668e-08,9.816404455238426e-08,3.533369260702522e-08,1.016937261669298e-08,7.113988167520748e-08,7.985472586616314e-08,1.775021164562065e-07,9.536415425321167e-08,9.817010865587292e-08,1.7929062063002584e-07,1.195962439298839e-07,1.491186195666792e-07,2.839582875017581e-07,1.5777433951288838e-07,2.4364106024129233e-07,2.2155470420284082e-07
battery,energy,NO,1.3471408666679897e-07,3.8284819619325446e-10,1.3771233123363925e-10,2.801857616118685e-10,8.382076477061916e-10,2.8124449998360262e-08,1.4789114843473163e-08,1.957459664533114e-08,1.6512755415870726e-08,1.889964375628146e-08,9.496768028473871e-08,2.7678258771869944e-08,3.049680437937395e-08,1.598834236736193e-07,3.611722657060875e-08,9.572359955544423e-08,3.349554094925211e-08,1.00993750160578e-08,6.846844792078427e-08,7.817617377832387e-08,1.7144586094992996e-07,8.907372337085971e-08,9.717386849099225e-08,1.7551889940254743e-07,1.2055688894014755e-07,1.4119653872795532e-07,2.7680288488025773e-07,1.6650797359885953e-07,2.428160457106309e-07,2.2126399760156455e-07
battery,energy,PL,1.3470508410268864e-07,3.023918349887814e-10,1.338148104149992e-10,2.698239249125604e-10,8.14859591661041e-10,2.829290477949448e-08,1.472515605703911e-08,2.0097279744949758e-08,1.6844007782527617e-08,1.951556901108655e-08,9.753409728065816e-08,2.694911748549116e-08,3.078510132875505e-08,1.6058775059390057e-07,3.867491872799132e-08,9.877738470424154e-08,3.69034935024734e-08,1.0059318301828358e-08,6.924468089002573e-08,8.019378844731483e-08,1.8344837661195436e-07,8.906149391890432e-08,9.920247668722252e-08,1.8200329876386851e-07,1.2105711670646547e-07,1.5125557937211676e-07,2.832839679660526e-07,1.693292696907365e-07,2.4741575182783094e-07,2.1750898669559894e-07
battery,energy,PT,1.3479393662344334e-07,2.90954079430929e-10,1.3852530768142684e-10,2.931537146507491e-10,8.584178473026668e-10,2.851081138441035e-08,1.472226435304002e-08,1.9618015051155614e-08,1.6616998102926297e-08,1.9147009669113768e-08,9.564861782452013e-08,2.7109010898145236e-08,3.1304783692701514e-08,1.6102790825491037e-07,3.779275089227178e-08,9.758251252139538e-08,3.662255066728086e-08,9.673642193408985e-09,6.782977319086963e-08,8.149331188485219e-08,1.8114536658002432e-07,9.113966277600378e-08,1.002292936652769e-07,1.7927161161698278e-07,1.3171078999775845e-07,1.467697175367458e-07,2.6641428383654047e-07,1.7614555366669208e-07,2.4547280095597815e-07,2.0030500358159723e-07
battery,energy,RO,1.3460360484150563e-07,2.9573829756224117e-10,1.3790825240099828e-10,2.9334294131041395e-10,8.583665105008564e-10,2.8511028713845042e-08,1.4704352188367518e-08,1.986764634851445e-08,1.677208454809591e-08,1.9683394884513895e-08,9.784675416028735e-08,2.7635967902929852e-08,2.9807407363035136e-08,1.5859485145463383e-07,3.7858475868400276e-08,9.726125312418557e-08,3.873674593472075e-08,9.810736532178469e-09,6.772316400558916e-08,8.11579230698295e-08,1.7998206063968935e-07,9.052066302921503e-08,9.285501252016088e-08,1.8342990482197164e-07,1.1080026071746968e-07,1.5466382834458343e-07,2.750106221719965e-07,1.588465272885608e-07,2.2535233735209105e-07,2.2360554709581422e-07
battery,energy,SE,1.347869621235785e-07,3.3506798515608917e-10,1.381857979548456e-10,2.822608492519885e-10,8.374611518851728e-10,2.8186640947895993e-08,1.4759209466170204e-08,1.9567003413689108e-08,1.6601310754149502e-08,1.8877242909854782e-08,9.550525072953949e-08,2.7284519564227544e-08,3.0202985470529364e-08,1.6009024781359362e-07,3.59761745779737e-08,9.589363574856981e-08,3.3591880045912166e-08,1.0075361772974953e-08,6.85715608191323e-08,7.821304656405104e-08,1.7166450372709697e-07,8.801036896885912e-08,9.659608235089328e-08,1.7526289288725886e-07,1.2040946664629903e-07,1.424065141314806e-07,2.7750456103872975e-07,1.658742447822539e-07,2.4304073424034793e-07,2.219586446403392e-07
battery,energy,SI,1.343827683304231e-07,3.575872517778189e-10,1.4484756043243323e-10,3.064899356563468e-10,8.548592066360679e-10,2.8753778138611684e-08,1.4787218236756279e-08,1.9830327224720496e-08,1.6766246089585975e-08,1.9440854831484938e-08,9.67240277010361e-08,2.7017157718238223e-08,3.093408984469949e-08,1.5964435661350077e-07,3.828760578731649e-08,9.810337564996303e-08,4.0874067887414294e-08,1.0949831583178609e-08,7.103810924622639e-08,8.149146152836616e-08,1.8562633571543504e-07,8.835197949847534e-08,9.437289510790399e-08,1.8219433708937746e-07,1.1822748451978711e-07,1.487268405930082e-07,2.780183465289928e-07,1.7177033601520568e-07,2.3507538652911793e-07,2.2298797896998913e-07
battery,energy,SK,1.345008485779158e-07,3.043520740551423e-10,1.4368541609801412e-10,2.950881268388923e-10,8.622448075502854e-10,2.848555577902296e-08,1.4769748440183797e-08,2.0193734263382582e-08,1.6821096134472284e-08,1.94084111021136e-08,9.777884355976887e-08,2.687162458327376e-08,3.099885090060459e-08,1.6048586685338672e-07,3.873658051663946e-08,9.824094375545518e-08,3.727022942786715e-08,9.64344726256497e-09,7.11463189664586e-08,8.063286268251015e-08,1.841280985436117e-07,8.905588188637378e-08,9.920879839284666e-08,1.8287661536302706e-07,1.2046798840957164e-07,1.5357274845310178e-07,2.83291097807494e-07,1.692756075382233e-07,2.459138780921381e-07,2.197113865303807e-07
battery,energy,UK,1.3453150239416707e-07,3.0857667593348176e-10,1.3562814097291636e-10,2.684076067041332e-10,7.98891228633552e-10,2.815502670786643e-08,1.49256771143956e-08,1.9719343032925302e-08,1.6650588794888523e-08,1.8813671987775885e-08,9.47280677970457e-08,2.70704879674857e-08,3.0130778840600244e-08,1.5842533263465958e-07,3.7035453432319094e-08,9.544364405159066e-08,3.4201850788293505e-08,9.877741117754511e-09,6.735773442200974e-08,7.862697049897142e-08,1.7122946890280658e-07,8.835430769338469e-08,9.725193302267923e-08,1.7476687005365096e-07,1.1582987586353164e-07,1.3776386418597866e-07,2.652970322568067e-07,1.691171819252672e-07,2.5017294397551424e-07,2.3229701669086322e-07
battery,power,AT,6.730993594882208e-08,1.554729463312723e-10,6.883183902822324e-11,1.4421432894180999e-10,4.2255851504640394e-10,1.4207231510041002e-08,7.376382492305451e-09,9.949031816982904e-09,8.39701036031598e-09,9.743403620040561e-09,4.85666027531282e-08,1.339704607341644e-08,1.5395591947273566e-08,8.02534239630137e-08,1.8950706360549064e-08,4.8471510460021775e-08,1.9091086744336677e-08,5.05766705054658e-09,3.487536537323562e-08,4.0254047267385137e-08,9.106397078624968e-08,4.5924282248041686e-08,4.941429869128534e-08,9.016290585845149e-08,5.958496886474131e-08,7.37629865709564e-08,1.391058626975247e-07,8.138507867759348e-08,1.198757657817754e-07,1.1056221281472339e-07
battery,power,BE,6.74058955938155e-08,1.9611721377474517e-10,6.8636649407205e-11,1.3964610468105544e-10,4.143777714471903e-10,1.4086825625825091e-08,7.419235309180155e-09,9.938089591405178e-09,8.388418293495788e-09,9.773127690223844e-09,4.8728373542695877e-08,1.3176095844116863e-08,1.5268652630754093e-08,8.02701278988045e-08,1.8920654631220444e-08,4.853914838904188e-08,1.8601557899088857e-08,5.099675645306921e-09,3.4634141527726884e-08,4.007162957001987e-08,8.85187033790887e-08,4.65113711195568e-08,4.9031325841831634e-08,8.915913787502964e-08,5.854922145904536e-08,7.378698961398693e-08,1.384713318102821e-07,7.94028033174088e-08,1.1969127317453664e-07,1.0974073014100751e-07
battery,power,BG,6.732477841431771e-08,1.5298742967862393e-10,6.872976418217844e-11,1.4533160174054408e-10,4.271259228546404e-10,1.4236207039670119e-08,7.362650808529502e-09,9.874598507367043e-09,8.348153177235002e-09,9.56433629114233e-09,4.8681852814879766e-08,1.3478720348291095e-08,1.5745749289693107e-08,8.045962206499196e-08,1.89927961905801e-08,5.034761389911774e-08,2.0199413019238048e-08,4.9097487939684024e-09,3.591193015138842e-08,3.9504630092883426e-08,9.445139407015283e-08,4.3385399965931815e-08,4.7203536177650935e-08,9.425476606107554e-08,6.083718170343127e-08,6.939851138890287e-08,1.4226980226095035e-07,8.28046490691253e-08,1.1162723607482915e-07,1.1603619019636958e-07
battery,power,CH,6.73764902882318e-08,1.5293267301999052e-10,6.883683143062938e-11,1.444843587377597e-10,4.224601926823139e-10,1.4247759669770361e-08,7.4073919889785535e-09,9.913754909403622e-09,8.379373554412235e-09,9.72923857986021e-09,4.8408060516395593e-08,1.3425674369841093e-08,1.534824134670681e-08,8.031394669488262e-08,1.920212674360482e-08,4.94320009640237e-08,1.8806911315312368e-08,4.938844027062364e-09,3.4793966569698236e-08,4.027021425247846e-08,9.170298941044829e-08,4.5524980070479824e-08,4.9439532020262875e-08,9.041260620366675e-08,5.839192377637396e-08,7.86286416473498e-08,1.418885232074202e-07,8.215863448991201e-08,1.2130171525139534e-07,1.0925396249165638e-07
battery,power,CZ,6.733296350836086e-08,1.5217604341840073e-10,6.86366234010304e-11,1.4456881477564188e-10,4.2253898535270857e-10,1.4199052599050205e-08,7.3533374373433316e-09,1.0044278004531e-08,8.407383093690271e-09,9.781189360068012e-09,4.8879688798327896e-08,1.3392723506664663e-08,1.543862300720222e-08,8.035753029131845e-08,1.9279238132774148e-08,4.920157206638184e-08,1.9338370136087493e-08,4.9704328867797e-09,3.467169159433872e-08,4.028079738109931e-08,9.181454276877286e-08,4.483476608076977e-08,4.892626887113576e-08,9.179263237569e-08,5.987731788171247e-08,7.58439803116904e-08,1.4178143302031847e-07,8.40132325039163e-08,1.228438579955304e-07,1.1053443940829712e-07
battery,power,DE,6.700898821603803e-08,1.5557424812686007e-10,6.80131662885744e-11,1.3319191096924822e-10,3.875711523100955e-10,1.4042753899656477e-08,7.3448342216215754e-09,9.897016615903971e-09,8.362570311942113e-09,9.7217651971019e-09,4.8761420400515384e-08,1.3148836631995603e-08,1.5489765216944695e-08,7.934158890769523e-08,1.8991970147256346e-08,4.8933394430256876e-08,1.8381286860342657e-08,5.187112300314818e-09,3.457085854982869e-08,3.9907965810584135e-08,8.992836717954035e-08,4.48080463859585e-08,4.8563637561754756e-08,8.924467483222351e-08,5.8456514198981766e-08,7.362475271105602e-08,1.3802092489817794e-07,7.950487388253415e-08,1.2031268779449044e-07,1.0885481289967309e-07
battery,power,DK,6.730166150939377e-08,1.447362703352989e-10,6.932800896961945e-11,1.4748417339020445e-10,4.3291489087900635e-10,1.4348724411248018e-08,7.3509368399545545e-09,9.751087465703562e-09,8.2761972690488e-09,9.412358766367307e-09,4.786276768527267e-08,1.3491953378879334e-08,1.512588784759318e-08,7.997481104083988e-08,1.8085500884888736e-08,4.7681789570238083e-08,1.7511500113667233e-08,4.902992846738999e-09,3.4680415400688076e-08,3.9072077897551854e-08,8.602645019368268e-08,4.4368018714659727e-08,4.855119999541581e-08,8.833769034837099e-08,5.975540254344718e-08,7.111841658472933e-08,1.3889693805061092e-07,8.3411789947281e-08,1.2079694240695327e-07,1.1183419600280102e-07
battery,power,EE,6.693226684699302e-08,1.617804981991155e-10,6.988054441710843e-11,1.638557599756559e-10,4.5619149238873556e-10,1.4458627684887489e-08,7.392109223348919e-09,9.848796574610818e-09,8.341351808546845e-09,9.555621281705832e-09,4.791183381290291e-08,1.350125105132663e-08,1.5226687506388666e-08,7.929082973425126e-08,1.8390049137685246e-08,4.827588923786387e-08,1.6845764951802368e-08,5.092827506386418e-09,3.453546726514234e-08,3.9372973607039925e-08,8.638514923632839e-08,4.395072732520386e-08,4.843178911329796e-08,8.812067622624884e-08,6.035276481309737e-08,7.185975903382291e-08,1.370281229393503e-07,8.439282163703653e-08,1.2173032768048302e-07,1.0998534322853498e-07
battery,power,EL,6.747266509408544e-08,1.5880440092409192e-10,6.88776871973368e-11,1.443776921563659e-10,4.164041434702102e-10,1.4140010100442123e-08,7.347883300355428e-09,9.86905063595246e-09,8.370927477912687e-09,9.522714048793909e-09,4.825192414886436e-08,1.36082530812514e-08,1.554671411802836e-08,8.035819068173083e-08,1.872698684123679e-08,5.011181045164402e-08,2.0914412994162686e-08,5.87603954446388e-09,3.625688493329283e-08,3.980465986472671e-08,9.563809227763685e-08,4.167081503275129e-08,4.974747262275897e-08,9.076468438815015e-08,6.188674536444448e-08,6.959208179185855e-08,1.4153589403446505e-07,8.251815952314138e-08,1.170311063381585e-07,1.1132511725675734e-07
battery,power,ES,6.737208978463506e-08,1.5766157299320187e-10,6.796764280096224e-11,1.3463128026761174e-10,4.058884794032963e-10,1.4117709622371021e-08,7.354251759253042e-09,9.792777616052421e-09,8.326949206916397e-09,9.597203027348667e-09,4.722783927862792e-08,1.4062071053763064e-08,1.5660826533839856e-08,8.02010362395038e-08,1.898821636138396e-08,4.9231866832862474e-08,1.731494536603742e-08,4.868248408859211e-09,3.380425350310384e-08,4.0620285704488926e-08,9.077043037135834e-08,4.5572955959572315e-08,4.9554984104247195e-08,8.86072875602375e-08,6.689016286499533e-08,7.358588937070585e-08,1.3154077056614318e-07,8.843987817102908e-08,1.2336104098667679e-07,9.832676341551367e-08
battery,power,FI,6.73607838434388e-08,1.9276332592561044e-10,6.89473633392942e-11,1.4082965569753042e-10,4.1886063362236623e-10,1.4178505146885745e-08,7.405008321504989e-09,9.78237497558933e-09,8.316393602459611e-09,9.488043508911962e-09,4.8071759633231887e-08,1.3437865808777966e-08,1.5187873124593245e-08,7.999980741743702e-08,1.7965088100829866e-08,4.78625949029891e-08,1.698526354103478e-08,5.020969887857066e-09,3.446288761349881e-08,3.9138592152721516e-08,8.600025233852145e-08,4.403773538864964e-08,4.8379351824760205e-08,8.807093081185065e-08,6.011563864803578e-08,7.139698382327492e-08,1.383074667251342e-07,8.314380753828084e-08,1.2136055595648736e-07,1.113315590635601e-07
battery,power,FR,6.713440836288844e-08,1.5535745303249467e-10,6.83801430897381e-11,1.338514204468826e-10,3.919634829235083e-10,1.4081081673982404e-08,7.345602871041855e-09,9.832589752194133e-09,8.324430311503957e-09,9.620699250205748e-09,4.732951006326178e-08,1.3737718721460455e-08,1.507697311829586e-08,7.898622041645719e-08,1.876485344889757e-08,4.8890465123382157e-08,1.6896634346064024e-08,4.941291773606117e-09,3.3412033299551874e-08,3.909016299522731e-08,8.944225688194893e-08,4.5528332668708526e-08,4.812823418575485e-08,8.732693181675963e-08,5.90117750272215e-08,7.116225387470168e-08,1.3335638857766445e-07,7.777326107075839e-08,1.1794801784227916e-07,1.0053578202948662e-07
battery,power,HR,6.732430756148734e-08,1.688360336617165e-10,6.928095627939706e-11,1.4838716624698152e-10,4.2739631994049525e-10,1.428564059447646e-08,7.365809759723666e-09,9.891205637319933e-09,8.391479437824312e-09,9.568875202856338e-09,4.850271721502122e-08,1.3390914014006798e-08,1.550108714274162e-08,7.998300355564371e-08,1.9158509483854666e-08,4.8802010078871895e-08,1.9945567975409873e-08,5.351627742036719e-09,3.575496097513697e-08,4.0604537645377775e-08,9.208474387827339e-08,4.091410111575432e-08,4.88157689488122e-08,8.938411655751902e-08,5.896120526704108e-08,7.514951822892562e-08,1.3767213447122995e-07,8.06961637753229e-08,1.2762505144954006e-07,1.0886152318185512e-07
battery,power,HU,6.734633321682049e-08,1.580087658430258e-10,6.884642706566404e-11,1.4515177596263796e-10,4.2534242049340055e-10,1.4228234376006887e-08,7.367360782750397e-09,1.0030279854613678e-08,8.40952141683962e-09,9.619976496166339e-09,4.8956121006558835e-08,1.3343569122750706e-08,1.5374462834108426e-08,8.026460190535786e-08,1.9361624580526998e-08,4.8954559137571484e-08,1.8281947145508294e-08,4.757203572095584e-09,3.59838874818749e-08,4.025783896444586e-08,9.131209173931863e-08,4.449319364417442e-08,4.7379792344464984e-08,8.985685000414034e-08,5.754509672137019e-08,7.308546677181419e-08,1.3848646435443676e-07,8.16809398876829e-08,1.1622038089611509e-07,1.0727126912051858e-07
battery,power,IE,6.736852292075963e-08,1.4640022323989077e-10,6.934470889765748e-11,1.481851417912399e-10,4.3124695198398235e-10,1.4210194499086353e-08,7.460433704361078e-09,9.860689788460879e-09,8.325314987613481e-09,9.382975124888749e-09,4.763933144635071e-08,1.3357171535332476e-08,1.500562276444553e-08,7.973794187643626e-08,1.837813226570154e-08,4.706130980825952e-08,1.8287339539899802e-08,4.8437557799915616e-09,3.381930756637816e-08,3.939617572192501e-08,8.59913595349157e-08,4.4156537127718094e-08,4.8632969101748936e-08,8.782456840941454e-08,5.768971832140455e-08,6.956986519019219e-08,1.3303445438541246e-07,8.447596941779123e-08,1.2343181208893152e-07,1.198731653308683e-07
battery,power,IT,6.737068402955356e-08,1.582830004437728e-10,6.76540227106053e-11,1.324878989361667e-10,3.9538202031825385e-10,1.4029349940185126e-08,7.354433078989677e-09,9.853860906904503e-09,8.3461826576597e-09,9.601259281051005e-09,4.809192462355754e-08,1.3555111153643475e-08,1.57816706962207e-08,7.99415598192282e-08,1.9036747426915586e-08,5.056256182842281e-08,1.910425658078827e-08,5.201514603423717e-09,3.4358949419031617e-08,4.0164125032313716e-08,9.178630010306271e-08,4.279276666129705e-08,5.038161400915318e-08,9.01840171140939e-08,6.384285829424872e-08,6.91777628019984e-08,1.3895523668873318e-07,7.999521643538276e-08,1.221808447432759e-07,1.0755857841372045e-07
battery,power,LT,6.703215880183768e-08,1.6613164256469188e-10,7.246542762008321e-11,1.596292871927791e-10,4.546195804669861e-10,1.4351404378452988e-08,7.376968461778332e-09,9.873349456022469e-09,8.290727909932516e-09,9.479095626412511e-09,4.789720236690128e-08,1.3650995463954848e-08,1.5473428969155643e-08,7.952713071807164e-08,1.861022809151484e-08,4.762185959224159e-08,1.8068229456196603e-08,5.015270488621976e-09,3.3710564512878645e-08,3.917943570424545e-08,8.707350537686116e-08,4.32768224980529e-08,4.909394271753032e-08,8.960974271742614e-08,5.889490625683005e-08,7.405250645999208e-08,1.3739849634286718e-07,8.754995382396808e-08,1.2128632737649986e-07,1.0439925311273029e-07
battery,power,LU,6.72038815061166e-08,1.7017009234821007e-10,7.316084547799529e-11,1.5540952835585834e-10,4.545568739614321e-10,1.450731490954337e-08,7.407441323549453e-09,9.935765606957934e-09,8.418542544249748e-09,9.758778035853426e-09,4.862517312470648e-08,1.3218200717712725e-08,1.5208284612148882e-08,7.952879086327446e-08,1.896626988185464e-08,4.887462085328481e-08,1.8100718749793294e-08,4.935292668202492e-09,3.356004747852004e-08,3.987998671714379e-08,9.138896414087098e-08,4.627136396422342e-08,4.895716076069594e-08,8.964132382880843e-08,5.944078392447504e-08,7.26212493669053e-08,1.350635511526867e-07,7.932598635433745e-08,1.1914546050480443e-07,1.033498897416367e-07
battery,power,LV,6.691290439835193e-08,1.62930562694144e-10,6.985542177538186e-11,1.637478837920952e-10,4.566860416046317e-10,1.442674717509735e-08,7.369986386789265e-09,9.845540248103037e-09,8.3114566517606e-09,9.513060816127077e-09,4.787310180246524e-08,1.3623269084746955e-08,1.547338494927865e-08,7.941934565552527e-08,1.8667758781892277e-08,4.8090994380826286e-08,1.7510482654706127e-08,5.0103760181165696e-09,3.40143023240533e-08,3.9387550521968215e-08,8.689232593867341e-08,4.236381401467975e-08,4.916747913330035e-08,8.96277223563073e-08,5.9001878135718576e-08,7.447109314883491e-08,1.373475180444355e-07,8.784091153699273e-08,1.2162715914112424e-07,1.0398023945282379e-07
battery,power,NL,6.745912529958576e-08,1.94271134055898e-10,6.895411127570256e-11,1.3956619453185286e-10,4.161611120530504e-10,1.407993918657442e-08,7.38611841703846e-09,9.889269636784494e-09,8.344783354016388e-09,9.529116222618208e-09,4.816223270932643e-08,1.3488440738927326e-08,1.532983128113856e-08,8.042435099392617e-08,1.861468319518834e-08,4.908202227619213e-08,1.766684630351261e-08,5.08468630834649e-09,3.556994083760374e-08,3.992736293308157e-08,8.875105822810324e-08,4.7682077126605834e-08,4.908505432793646e-08,8.964531031501292e-08,5.979812196494195e-08,7.45593097833396e-08,1.4197914375087906e-07,7.888716975644419e-08,1.2182053012064616e-07,1.1077735210142041e-07
battery,power,NO,6.735704333339948e-08,1.9142409809662723e-10,6.885616561681962e-11,1.4009288080593426e-10,4.191038238530958e-10,1.4062224999180131e-08,7.3945574217365816e-09,9.78729832266557e-09,8.256377707935363e-09,9.44982187814073e-09,4.7483840142369356e-08,1.3839129385934972e-08,1.5248402189686975e-08,7.994171183680966e-08,1.8058613285304376e-08,4.7861799777722115e-08,1.6747770474626056e-08,5.0496875080289e-09,3.4234223960392137e-08,3.908808688916194e-08,8.572293047496498e-08,4.4536861685429856e-08,4.8586934245496124e-08,8.775944970127372e-08,6.027844447007377e-08,7.059826936397766e-08,1.3840144244012887e-07,8.325398679942976e-08,1.2140802285531545e-07,1.1063199880078228e-07
battery,power,PL,6.735254205134432e-08,1.511959174943907e-10,6.69074052074996e-11,1.349119624562802e-10,4.074297958305205e-10,1.414645238974724e-08,7.362578028519555e-09,1.0048639872474879e-08,8.422003891263809e-09,9.757784505543274e-09,4.876704864032908e-08,1.347455874274558e-08,1.5392550664377525e-08,8.029387529695028e-08,1.933745936399566e-08,4.938869235212077e-08,1.84517467512367e-08,5.029659150914179e-09,3.4622340445012866e-08,4.009689422365741e-08,9.172418830597718e-08,4.453074695945216e-08,4.960123834361126e-08,9.100164938193426e-08,6.052855835323273e-08,7.562778968605838e-08,1.416419839830263e-07,8.466463484536826e-08,1.2370787591391547e-07,1.0875449334779947e-07
battery,power,PT,6.739696831172167e-08,1.454770397154645e-10,6.926265384071342e-11,1.4657685732537456e-10,4.292089236513334e-10,1.4255405692205176e-08,7.36113217652001e-09,9.809007525577807e-09,8.308499051463149e-09,9.573504834556884e-09,4.782430891226007e-08,1.3554505449072618e-08,1.5652391846350757e-08,8.051395412745519e-08,1.889637544613589e-08,4.879125626069769e-08,1.831127533364043e-08,4.836821096704492e-09,3.391488659543481e-08,4.0746655942426096e-08,9.057268329001216e-08,4.556983138800189e-08,5.011464683263845e-08,8.963580580849139e-08,6.585539499887922e-08,7.33848587683729e-08,1.3320714191827024e-07,8.807277683334604e-08,1.2273640047798907e-07,1.0015250179079862e-07
battery,power,RO,6.730180242075282e-08,1.4786914878112059e-10,6.895412620049914e-11,1.4667147065520698e-10,4.291832552504282e-10,1.4255514356922521e-08,7.352176094183759e-09,9.933823174257224e-09,8.386042274047954e-09,9.841697442256948e-09,4.8923377080143675e-08,1.3817983951464926e-08,1.4903703681517568e-08,7.929742572731692e-08,1.8929237934200138e-08,4.8630626562092785e-08,1.9368372967360374e-08,4.905368266089234e-09,3.386158200279458e-08,4.057896153491475e-08,8.999103031984467e-08,4.5260331514607514e-08,4.642750626008044e-08,9.171495241098582e-08,5.540013035873484e-08,7.733191417229172e-08,1.3750531108599825e-07,7.94232636442804e-08,1.1267616867604553e-07,1.1180277354790711e-07
battery,power,SE,6.739348106178925e-08,1.6753399257804458e-10,6.90928989774228e-11,1.4113042462599426e-10,4.187305759425864e-10,1.4093320473947997e-08,7.379604733085102e-09,9.783501706844554e-09,8.300655377074751e-09,9.438621454927391e-09,4.775262536476974e-08,1.3642259782113772e-08,1.5101492735264682e-08,8.004512390679681e-08,1.798808728898685e-08,4.7946817874284906e-08,1.6795940022956083e-08,5.037680886487476e-09,3.428578040956615e-08,3.910652328202552e-08,8.583225186354848e-08,4.400518448442956e-08,4.829804117544664e-08,8.763144644362943e-08,6.020473332314951e-08,7.12032570657403e-08,1.3875228051936488e-07,8.293712239112696e-08,1.2152036712017396e-07,1.109793223201696e-07
battery,power,SI,6.719138416521155e-08,1.7879362588890946e-10,7.242378021621662e-11,1.532449678281734e-10,4.2742960331803394e-10,1.4376889069305842e-08,7.393609118378139e-09,9.915163612360248e-09,8.383123044792987e-09,9.720427415742469e-09,4.836201385051805e-08,1.3508578859119111e-08,1.5467044922349743e-08,7.982217830675038e-08,1.9143802893658245e-08,4.9051687824981514e-08,2.0437033943707147e-08,5.474915791589304e-09,3.5519054623113196e-08,4.074573076418308e-08,9.281316785771752e-08,4.417598974923767e-08,4.7186447553951994e-08,9.109716854468873e-08,5.911374225989356e-08,7.43634202965041e-08,1.390091732644964e-07,8.588516800760284e-08,1.1753769326455896e-07,1.1149398948499457e-07
battery,power,SK,6.72504242889579e-08,1.5217603702757116e-10,7.184270804900706e-11,1.4754406341944614e-10,4.311224037751427e-10,1.424277788951148e-08,7.384874220091899e-09,1.0096867131691291e-08,8.410548067236142e-09,9.7042055510568e-09,4.888942177988444e-08,1.343581229163688e-08,1.5499425450302294e-08,8.024293342669336e-08,1.936829025831973e-08,4.912047187772759e-08,1.8635114713933576e-08,4.821723631282485e-09,3.55731594832293e-08,4.031643134125507e-08,9.206404927180585e-08,4.452794094318689e-08,4.960439919642333e-08,9.143830768151353e-08,6.023399420478582e-08,7.678637422655089e-08,1.41645548903747e-07,8.463780376911165e-08,1.2295693904606906e-07,1.0985569326519034e-07
battery,power,UK,6.726575119708353e-08,1.5428833796674088e-10,6.781407048645818e-11,1.342038033520666e-10,3.99445614316776e-10,1.4077513353933216e-08,7.4628385571978e-09,9.859671516462651e-09,8.325294397444261e-09,9.406835993887943e-09,4.736403389852285e-08,1.353524398374285e-08,1.5065389420300122e-08,7.921266631732979e-08,1.8517726716159547e-08,4.772182202579533e-08,1.7100925394146752e-08,4.938870558877256e-09,3.367886721100487e-08,3.931348524948571e-08,8.561473445140329e-08,4.4177153846692346e-08,4.862596651133961e-08,8.738343502682548e-08,5.791493793176582e-08,6.888193209298933e-08,1.3264851612840334e-07,8.45585909626336e-08,1.2508647198775712e-07,1.1614850834543161e-07
biomass_boiler,power,AT,2.5730377589678372e-11,2.8871131629304806e-11,3.7921746678414115e-11,4.4034875795751683e-11,9.033887575117913e-11,1.67029939256329e-10,3.6896898883494306e-10,2.34871588107293e-09,0.5668149467645609,1.3135925956496324e-09,2.637002135078376e-10,2.6750178411395344e-10,2.404724396630579e-10,2.3307689580853194e-10,2.1133615827145853e-10,1.8693379682884996e-10,1.8016872872728682e-10,1.7926603309167526e-10,1.7014761833984543e-10,1.6382010126399483e-10,1.683021295607155e-10,1.7968388478399976e-10,1.603319998090154e-10,1.648354306446348e-10,1.8265405013596557e-10,2.393533184837551e-10,2.846451644153137e-10,4.1541745348634027e-10,1.1494368582040819e-09,1.8329655663175342e-09
biomass_boiler,power,BE,3.491712586544197e-09,2.4171312492111215e-11,2.8655481382156464e-11,3.311261570622891e-11,5.402454026076579e-11,1.2988542017930548e-10,2.2886980971776167e-10,1.0063158439569235e-09,4.506808637808487e-09,8.917047628394826e-10,6.026351540221819e-10,6.271171741204491e-10,4.2846598996562154e-10,3.358251424379597e-10,2.1497802164448622e-10,2.392332310928484e-10,2.577637165760883e-10,2.1276328958736258e-10,1.8566366445979838e-10,1.6754193828418316e-10,1.545288376902709e-10,1.4634294647392555e-10,1.4063099009704775e-10,1.5154013299467427e-10,1.7445584375195654e-10,2.1997352088060137e-10,3.3748255686477226e-10,6.050094885191318e-10,1.882568672385021e-09,2.8920613740406075e-09
biomass_boiler,power,BG,7.979471855211152e-12,8.270013950484545e-12,8.798643905044594e-12,9.250838156979906e-12,1.0011372576546777e-11,1.0720431142979513e-11,1.1391761288690196e-11,1.2116100872621305e-11,1.2933508764061145e-11,1.3906057869007607e-11,1.556158327598718e-11,1.7699231534283173e-11,2.11327872856396e-11,2.6216052667800444e-11,2.7595096046459375e-11,2.996027014477212e-11,3.324357808885064e-11,3.746989313757222e-11,4.154224943396867e-11,4.471537994993745e-11,4.598243243713899e-11,5.262692005100787e-11,5.506604334303828e-11,5.768600729210044e-11,6.43645886108806e-11,7.83052833030186e-11,1.0038839084498957e-10,1.3748986867995183e-10,2.0689272744220913e-10,3.8454325272956553e-10
biomass_boiler,power,CH,1.715292897802599e-11,1.897861530672196e-11,2.222895357482543e-11,2.5766052813637495e-11,3.704084338640275e-11,6.470706086891106e-11,1.4076276517173205e-10,1.3969006076958377,0.43199250016037455,3.9037961908857436e-10,1.5131848002245248e-10,1.3895825376992875e-10,1.2045221719590776e-10,1.0844055229677798e-10,9.617819932821335e-11,8.833297746669318e-11,8.581068887116545e-11,8.631513673781052e-11,8.498128702994546e-11,8.302984141187052e-11,8.552493899378298e-11,9.194033135127606e-11,9.37267063583822e-11,1.0201441184500665e-10,1.147939178149699e-10,1.3853969760399828e-10,1.721648571791833e-10,2.2964085060863692e-10,3.351630228080595e-10,6.827156607099712e-10
biomass_boiler,power,CZ,1.4101104216799088e-11,1.5280644117589884e-11,1.6797819832482993e-11,1.7663133110810885e-11,2.114005603255219e-11,2.6096103347998604e-11,3.1870173934134114e-11,3.981908318982533e-11,3.257151162889686e-11,2.8380965808603704e-11,2.5490305399020213e-11,2.6370550409336584e-11,2.7028825105076543e-11,2.7622126913386277e-11,2.8449621567434782e-11,2.919003680622433e-11,3.091467242117176e-11,3.276887514139361e-11,3.538329042362407e-11,3.852599734125662e-11,4.0701709574103253e-11,4.3346277872848686e-11,4.794198131007968e-11,5.4569388120352744e-11,6.30398520569941e-11,7.45850377839125e-11,9.211362331787417e-11,1.2279184433943972e-10,1.8241019963965681e-10,3.604796642925021e-10
biomass_boiler,power,DE,1.214456412106435,2.3860829925901248e-11,2.9738228599844785e-11,3.573436047564687e-11,5.977766698510377e-11,9.30538132655194e-11,1.385700766853583e-09,3.3003350257684304e-09,1.1406483692082518e-09,5.432754634350423e-10,1.962199010239513e-10,1.9058998809480413e-10,1.2495849079522285e-10,9.915013102087749e-11,1.0623073039103712e-10,1.3270775662666782e-10,1.2957008347146697e-10,8.450836857124777e-11,9.507901402965283e-11,6.248921298502006e-10,2.1156905902329023e-10,1.1626026774768794e-10,9.767054758988976e-11,9.587959952059162e-11,1.0074214904839588e-10,1.0876712846818337e-10,1.4299257114222725e-10,2.123151034375906e-10,3.837025586794e-10,1.0234964592701922e-09
biomass_boiler,power,DK,3.7049574511873803e-11,1.7814351124838536e-11,1.9269153797018012e-11,2.0356254957778567e-11,2.4974174468265198e-11,2.4519114398657915e-11,2.3194141401061498e-11,2.1725016480329594e-11,1.993169563966265e-11,1.8751066467905022e-11,1.8251916937625622e-11,1.932517115601863e-11,2.0450105115838186e-11,2.183651732228373e-11,2.3328456426349747e-11,2.485318458193702e-11,2.661847940535734e-11,2.872493822065335e-11,3.092088534876152e-11,3.3638635340891645e-11,3.669522823552236e-11,4.014501702099857e-11,4.518286433908552e-11,5.1865958962109284e-11,6.117836507437108e-11,7.427195523834394e-11,9.45254425589635e-11,1.2860176858521476e-10,1.9722283606781963e-10,3.999610950129317e-10
biomass_boiler,power,EE,0.6630990437943527,3.031624267196275e-11,3.947366168246069e-11,4.810549633548128e-11,1.0615353228518322e-10,2.262964569665654e-10,8.844096704686336e-10,0.06920795138658493,2.0481656747030379e-10,1.1336782589405964e-10,8.421604372327268e-11,8.810747984655816e-11,9.07674234073329e-11,9.620538430288727e-11,1.0516244818521126e-10,1.0771352909195229e-10,1.0684468611164017e-10,1.076847683835242e-10,1.0680453964921363e-10,1.115868211851323e-10,1.2365202174293592e-10,1.184999328904823e-10,1.0878438016152426e-10,1.1607784601468704e-10,1.2797282257069327e-10,1.4578890926883631e-10,1.7290434221536462e-10,2.2410552768016567e-10,3.2436105877494186e-10,6.395843144510133e-10
biomass_boiler,power,EL,8.338869232613645e-12,9.095536185541815e-12,1.018943975841383e-11,1.1480890434596628e-11,1.2942173279373573e-11,1.4614590797134713e-11,1.6190443385528076e-11,1.822842523776433e-11,2.099431291536373e-11,2.5105616348226113e-11,3.24850945040641e-11,4.809650650571864e-11,1.0562257461520291e-10,1.4316479155737098e-10,1.3897737093989673e-10,1.6317439840339575e-10,2.2130240447125076e-10,3.0767543464171535e-10,4.122633108908282e-09,6.287118368534036e-10,3.9638139764173936e-10,3.573333977824267e-10,2.7657483255324063e-10,2.617496098174226e-10,2.845336384367084e-10,3.160654787544259e-10,3.6410013720521956e-10,4.539624189230948e-10,6.3355431192399e-10,1.137516965300191e-09
biomass_boiler,power,ES,1.3293105144888093e-11,1.0936828253419428e-11,1.13467440241442e-11,1.1389585190993999e-11,1.2491454543262422e-11,1.2516283988283374e-11,1.2402645448745106e-11,1.2388804165024642e-11,1.1954521764163202e-11,1.1865782195245645e-11,1.1766062734742174e-11,1.2854713719832938e-11,1.3627891708893358e-11,1.4889407571663733e-11,1.6314188780101868e-11,1.7035261715241567e-11,1.8342934847141837e-11,2.0126283000070717e-11,2.246985031295531e-11,3.004847590257419e-11,2.6813277946297445e-11,2.8985878577383422e-11,3.244465788725591e-11,3.717804605159833e-11,4.327399441935582e-11,5.27193472729279e-11,6.762181202045489e-11,9.192760623664814e-11,1.405216219983745e-10,2.8917976566123465e-10
biomass_boiler,power,FI,2.410852276818376e-10,2.363743693452883e-11,2.7882679309507243e-11,3.0727049924960757e-11,4.613969624733464e-11,6.543035593165045e-11,6.522592494615177e-11,5.4557098604258005e-11,4.4358490392163314e-11,3.8255384376138467e-11,3.5924481202183064e-11,3.850747869907945e-11,4.186775585315957e-11,4.6188307610612174e-11,5.087924782717231e-11,5.366024466221294e-11,5.885142549774347e-11,6.244355630802862e-11,6.637828076643047e-11,7.159706031704176e-11,9.35936596441269e-11,8.642231202797477e-11,8.524245839363397e-11,9.143244140740994e-11,1.0045568721875358e-10,1.1471066183351082e-10,1.3804254088490605e-10,1.822170689305293e-10,2.6686817925321234e-10,5.168761113632725e-10
biomass_boiler,power,FR,1.1536233651950694e-11,1.20715336344606e-11,1.3559241582022358e-11,1.553357405379695e-11,1.8877451795655544e-11,2.351717125709124e-11,3.186470518551392e-11,4.5358306617324765e-11,4.52725891208756e-11,4.402733442595012e-11,4.460540371131528e-11,5.5613773294450606e-11,6.515641762086378e-11,7.682721512604065e-11,8.886824293588107e-11,1.0709914438679797e-10,1.4685711193249905e-10,2.192179536836046e-10,4.2694768697165487e-10,3.5687245736418487e-09,5.335784305854867e-10,3.9736303262499896e-10,3.6065158202299095e-10,3.429449380121135e-10,3.3800606880797506e-10,3.779611908226298e-10,4.326614336818541e-10,5.277575623835517e-10,7.373381574048204e-10,1.258111359691963e-09
biomass_boiler,power,HR,9.182719232347073e-12,9.479795604775289e-12,1.032552354616978e-11,1.1304403029648833e-11,1.2615273488806973e-11,1.4100692775919009e-11,1.5479816383669185e-11,1.7104600986542545e-11,1.920285756831171e-11,2.2108985791410574e-11,2.6959350244361822e-11,5.819039507255489e-11,4.435941020452842e-11,4.371488903828282e-11,4.195528472436053e-11,4.391244277603542e-11,4.469011879469465e-11,4.634042390773395e-11,4.858879714181948e-11,5.0660741223177404e-11,5.1937552378038354e-11,5.800208027231522e-11,6.108850296799717e-11,6.773950175240959e-11,7.702821371427192e-11,8.983199161086544e-11,1.0917032290848297e-10,1.4446035232444457e-10,2.1005834364941027e-10,3.8012234986900773e-10
biomass_boiler,power,HU,1.1185429356799737e-11,1.2241468946918039e-11,1.3925273545865342e-11,1.5703498014491272e-11,1.877141348890387e-11,2.2884926467937588e-11,2.829559108123807e-11,3.7284099346339715e-11,5.4809716997484855e-11,1.1149618812430806e-10,1.073077612490827e-10,1.8113831858131186e-10,3.620104958622472e-10,3.6641574388880365e-09,5.392564777875997e-10,3.726396954272016e-10,3.3198312845323513e-10,2.9797691552704314e-10,2.7185223299936564e-10,2.562606654329247e-10,2.482124037443675e-10,2.6295406749048347e-10,2.4758022713283367e-10,2.4940621118860616e-10,2.6126557322352655e-10,2.991859901134468e-10,3.4346329105676247e-10,4.467822007311084e-10,6.50353112384305e-10,1.1181111997362439e-09
biomass_boiler,power,IE,5.116697690159575e-11,1.6036117468461298e-11,1.7854334555009242e-11,1.9591106614030708e-11,2.470427149265509e-11,3.150690039642106e-11,3.120117755097206e-11,3.159896630154697e-11,3.220238764323063e-11,3.349425514268306e-11,3.613384598823407e-11,4.3135215628043345e-11,5.5017940447922445e-11,8.026368258520085e-11,1.3098543158335603e-10,2.15067825372287e-10,3.133057628606795e-09,4.904739939647049e-10,3.3351252388392325e-10,2.881442550600798e-10,2.8812371360426707e-10,2.4020456009298327e-10,2.3629965184107966e-10,2.409739733665237e-10,2.5574628737787787e-10,2.8699099053864277e-10,3.2984978315134297e-10,4.0780696266138927e-10,5.636724086300567e-10,1.0182697286598606e-09
biomass_boiler,power,IT,1.3460379238706079e-11,1.3730453614205241e-11,1.626118710872339e-11,1.7595259332714718e-11,2.283207611771545e-11,3.2547026275056665e-11,4.157960733278816e-11,7.408078595772222e-11,5.1388995383402697e-11,4.0301671773554074e-11,3.5532845604430477e-11,3.715242972353741e-11,3.944414360051843e-11,4.01057995445303e-11,4.099048962376382e-11,4.462893059243448e-11,4.824251456180171e-11,5.1763818088441225e-11,5.594875706232679e-11,9.04505503938058e-11,6.118691656093731e-11,6.491959390389193e-11,6.719638214778598e-11,7.803306672718496e-11,8.823004418276531e-11,1.059266380691065e-10,1.3194792530162283e-10,1.773647270817228e-10,2.5446602497605315e-10,4.819980713442455e-10
biomass_boiler,power,LT,7.729156617373557e-11,5.0054675243406724e-11,4.221301304230207e-11,3.337984194707155e-11,3.5423629591715444e-11,3.392571417872408e-11,3.126953824818194e-11,2.9014681128932583e-11,2.6795514506427044e-11,2.471808768073814e-11,2.395435630546742e-11,2.5660044445588798e-11,2.7294282539980034e-11,2.9243977687125166e-11,3.0759836842975124e-11,3.253231567088767e-11,3.503122980551839e-11,3.77640953796752e-11,4.132943610845213e-11,4.608453577236092e-11,4.6378565818826e-11,5.011285534166948e-11,5.491315563958123e-11,6.187905648773239e-11,7.152371384109172e-11,8.557271651925838e-11,1.0705743378209369e-10,1.4395877333079213e-10,2.1810302085122046e-10,4.3448612627015384e-10
biomass_boiler,power,LU,0.18552245175303309,1.3192424937006906e-11,1.4430020556412727e-11,1.5434410712671562e-11,1.8697923494176536e-11,2.3278651255746926e-11,2.8890527339099012e-11,3.686005019579125e-11,4.9773632228185995e-11,8.125804830574301e-11,7.674214050885867e-11,8.846593597151432e-11,9.859803817664744e-11,1.098937497056918e-10,1.2069805446562946e-10,1.3299168527455482e-10,1.6582912178374866e-10,2.1573124900890654e-10,3.0935244430294566e-10,5.325272273174143e-10,4.31975408302821e-09,5.637412159783442e-10,4.4891518229113703e-10,3.939236053325552e-10,3.737277555422245e-10,3.968156935520305e-10,4.4778006105732473e-10,5.442363340082941e-10,7.6807867931486e-10,1.3167416774119175e-09
biomass_boiler,power,LV,0.1572797785132515,3.27811739063332e-11,4.072626419245834e-11,4.664714178429255e-11,9.369480878132425e-11,7.465970488255908e-11,6.005695695352901e-11,5.068758088855274e-11,4.349314238943548e-11,3.884787714023452e-11,3.572462043086397e-11,3.919889591282686e-11,4.213605889722095e-11,4.5502740318467796e-11,4.862149903987026e-11,5.086203208008365e-11,5.20215098370541e-11,5.5538157516732683e-11,5.881140875396413e-11,6.350297318806868e-11,6.780315943593202e-11,6.753282767047521e-11,6.628230542607689e-11,7.469506356386546e-11,8.492490735172172e-11,9.925172306897889e-11,1.2019599092391813e-10,1.5926970954633958e-10,2.3630608187156944e-10,4.6516272743296247e-10
biomass_boiler,power,NL,5.415526863716027e-10,2.7466837309082743e-11,3.3361700859531e-11,3.8488506031048474e-11,6.750408745230289e-11,6.508233060300359e-11,5.1713449184177595e-11,4.247882224993577e-11,3.615022506265616e-11,3.3252459372770875e-11,3.207081692289405e-11,3.4462061659598186e-11,3.7267499834755986e-11,4.103729895011265e-11,4.567065227710726e-11,4.838022965964701e-11,5.3805767298344646e-11,5.979074902562982e-11,6.395665005402236e-11,6.977828443670009e-11,8.366363521631575e-11,7.582015877233601e-11,7.695946431850069e-11,8.253833107108031e-11,9.057398749078506e-11,1.048415900337448e-10,1.390765850937912e-10,2.0753798747230875e-10,4.115344953702601e-10,7.499756186261616e-10
biomass_boiler,power,NO,9.916967824776803e-12,1.043946456237759e-11,1.1200231495042634e-11,1.1992084312118086e-11,1.367898048296282e-11,1.5780891080677937e-11,1.768901701419257e-11,1.9466827324127074e-11,2.1284532321460567e-11,2.305563961531884e-11,2.609603084197739e-11,2.72310182791459e-11,2.854677767337014e-11,3.037403493964715e-11,3.197645548559623e-11,3.297358319097506e-11,3.467981597277746e-11,3.7954407324951105e-11,3.915543856351965e-11,3.983933413332407e-11,4.1424548135553666e-11,4.4706076937605686e-11,4.7881490271323216e-11,5.2306398765652333e-11,5.791511755044841e-11,6.586749406735314e-11,8.094228761822328e-11,1.0967015548840844e-10,1.701784738501243e-10,3.7182487599237806e-10
biomass_boiler,power,PL,7.873223909762183e-12,8.227771472765023e-12,8.74131759625972e-12,9.169538000654065e-12,9.84951246184275e-12,1.0699152114407442e-11,1.1553545538234275e-11,1.2561828480583343e-11,1.3606550586696245e-11,1.4871974509436356e-11,1.704096460129364e-11,2.026691676036404e-11,2.5260051465704787e-11,3.4488140466919016e-11,3.8111193697522167e-11,4.522079252117902e-11,5.0396965867450635e-11,5.559882286812781e-11,1.0693480719277822e-10,6.604156852868617e-11,6.947889072815507e-11,7.181413570882399e-11,7.730714462411808e-11,8.654949118016637e-11,1.0038727478921304e-10,1.2008768192288933e-10,1.495698689261998e-10,2.0003817301639204e-10,2.949497654590606e-10,5.809610243027098e-10
biomass_boiler,power,PT,1.2275289188020011e-11,1.043145793893967e-11,1.0441724498626675e-11,1.0219126376012555e-11,1.1138477388557862e-11,1.147221507514285e-11,1.1698259592664859e-11,1.1638023001560218e-11,1.1662108786139817e-11,1.1399120885064841e-11,1.1394443326237007e-11,1.2733358044379213e-11,1.4001666988830738e-11,1.4845419042517992e-11,1.471282792684704e-11,1.5929163031373182e-11,1.827472707075659e-11,2.2194067588360185e-11,2.178862558034313e-11,2.604024761231607e-11,3.0615079231934415e-11,3.235629243508437e-11,3.5462473824532057e-11,4.029356059639299e-11,4.6386701383813726e-11,5.602783683728326e-11,7.095048891804834e-11,9.591235995197607e-11,1.4654433871982312e-10,3.009387770739598e-10
biomass_boiler,power,RO,2.9199395809277566e-10,2.786036615664279e-11,3.6417940887302984e-11,4.840152625339455e-11,1.1214438509383566e-10,3.0079611914924197e-10,2.3360452450806896e-10,1.6914781969023243e-10,1.0791102008314818e-10,8.340478128078799e-11,7.23728634066824e-11,7.789837858143377e-11,8.401864998964646e-11,9.979756983934192e-11,1.1314574465641123e-10,1.3606249309898044e-10,1.845568783225265e-10,2.672686209477615e-10,4.843009162158956e-10,4.405356053529901e-09,1.1708428241048757e-09,9.118662933275688e-10,4.676398580402053e-10,3.3028514529103015e-10,3.5217136447851703e-10,4.723686253995316e-10,4.854734522016924e-10,5.738096040015354e-10,8.486790659779499e-10,1.3020984867444164e-09
biomass_boiler,power,SE,3.097896526495103e-10,3.7835859111238644e-11,3.042976678580178e-11,2.593078820193536e-11,3.26504647498242e-11,4.3244500508546644e-11,3.9750751237865264e-11,3.315875361333177e-11,2.8686543862668116e-11,2.614295503035668e-11,2.527804060142278e-11,2.6715057839947055e-11,2.813274309985357e-11,2.995474334830344e-11,3.1770213251985966e-11,3.3489874994302785e-11,3.57259594899964e-11,3.8309669323981033e-11,4.12514230849778e-11,4.483398560250001e-11,5.323040076725872e-11,5.3956578838382566e-11,5.6389538990603355e-11,6.15881889165078e-11,6.816980264972867e-11,7.725557901238787e-11,9.653180702082855e-11,1.5057810913854058e-10,2.508148022139166e-10,5.085925271700163e-10
biomass_boiler,power,SI,9.10240658274288e-12,9.588198769376504e-12,1.062173886296396e-11,1.1703811488562912e-11,1.3135210372555279e-11,1.5012159401078754e-11,1.6985154202783746e-11,1.945336779543578e-11,2.154727366818814e-11,2.4548691440307654e-11,2.946356584402452e-11,3.9630175229545e-11,4.2251391093571205e-11,4.298662827217289e-11,4.377860444117148e-11,4.580736661971132e-11,4.861470904248911e-11,5.1871722487735826e-11,5.5254397130748783e-11,5.879123612774029e-11,6.208228994114271e-11,6.705796948961801e-11,7.068588596840067e-11,7.872267292637839e-11,9.205272737288013e-11,1.1093874703610241e-10,1.3875366702115777e-10,1.8768989905167896e-10,2.756229066398847e-10,5.30424038409319e-10
biomass_boiler,power,SK,0.3037227039499833,2.9387061161864813e-11,3.863577767393353e-11,4.5510858177581354e-11,9.315788345256656e-11,1.6979970397208065e-10,4.667803783939047e-10,2.9817441839732666e-10,1.0887140603492207e-10,7.405796334558696e-11,5.967612336556654e-11,5.966489518286241e-11,5.814897218269737e-11,5.804276285980453e-11,5.881483412926896e-11,6.067265356167188e-11,6.461111729496505e-11,7.090345661703575e-11,8.416309523569806e-11,1.3673024377149364e-10,1.1873068903571517e-10,1.2081875810864518e-10,1.0181312661059091e-10,1.0580164908342639e-10,1.181675935200722e-10,1.4349597298068227e-10,1.721749956337112e-10,2.246916433456954e-10,3.163335962858608e-10,5.979700152224941e-10
biomass_boiler,power,UK,2.180821417668396e-11,1.5724341716478634e-11,1.7380228227278806e-11,1.8984167140752152e-11,2.6124220844411524e-11,2.763693605397352e-11,1.9076277649315264e-11,2.3197683446368238e-11,2.3875563411408337e-11,2.4002490992610115e-11,2.6107367473084302e-11,2.978000847624017e-11,3.477094135624789e-11,4.4880178766648095e-11,5.741793271871228e-11,7.317547843662593e-11,1.0964101470151934e-10,1.6799604987235675e-10,3.2743686904066795e-10,3.4952378027514068e-09,6.306396617036802e-10,4.019978384809663e-10,3.604672192643516e-10,3.5425164667900033e-10,3.604032792912537e-10,3.5224519628570223e-10,3.97218743136052e-10,4.805854583805925e-10,6.452560934111887e-10,1.1360089402922619e-09
biomass_plant,power,AT,1.4044263248135772e-12,1.4792883029182161e-12,1.5880017124387619e-12,1.6949171538533023e-12,1.826487497396491e-12,1.9616782408888543e-12,2.1151253526326867e-12,2.303826416773161e-12,2.517800002618167e-12,2.7808529433514214e-12,3.1191002562247026e-12,3.3940334851462913e-12,3.704108489798825e-12,4.060527419861024e-12,4.547490564885691e-12,5.051505790962459e-12,5.6602958646577415e-12,6.334005556563212e-12,7.08002139940736e-12,8.16372842555656e-12,9.992213661090785e-12,1.231030502863483e-11,1.337105676245076e-11,1.576313893339304e-11,1.7965526715689674e-11,2.2154725112282766e-11,2.7813254995302497e-11,4.108380667112623e-11,7.800706160230515e-11,1.5314885478940375e-10
biomass_plant,power,BE,1.3339418989969912e-12,1.3780515404502651e-12,1.4621395238425552e-12,1.5196225404739637e-12,1.590254622296467e-12,1.6875730475035229e-12,1.8110915923419068e-12,1.9586035430665646e-12,2.14054338161754e-12,2.374290110708763e-12,2.650727760295184e-12,2.9114617302285335e-12,3.1991270174161806e-12,3.4891919968222705e-12,3.8106405353929475e-12,4.141522441467131e-12,4.554256893441403e-12,5.010063204026749e-12,5.5552175212131114e-12,6.233771869182472e-12,6.945480906110556e-12,7.741348414166728e-12,8.966249193318793e-12,1.0680591059113074e-11,1.346606897073557e-11,1.7095730275986486e-11,2.61497187152292e-11,3.436765550350355e-11,5.216799548973006e-11,1.1386716956803765e-10
biomass_plant,power,BG,2.256512002274876e-12,1.638496610342551e-12,1.746958005040251e-12,1.8520013552144227e-12,2.0070752755706727e-12,2.183865453404859e-12,2.3833781442630945e-12,2.6123183887326e-12,2.8790022018549232e-12,3.2031839830939263e-12,3.54768374289434e-12,3.957597971252108e-12,4.457631199894909e-12,5.055958687457858e-12,5.822069741675946e-12,6.7674444984488436e-12,8.007816722902857e-12,9.590419648909095e-12,1.1393773935826287e-11,1.412318185944825e-11,1.8551387768015132e-11,2.7511479602751828e-11,4.1600582706391645e-11,7.311759337391495e-11,6.98344950416568e-10,2.0508055583988608e-10,1.852180567214698e-10,1.9556673232307563e-10,2.335620945228511e-10,3.858470827501887e-10
biomass_plant,power,CH,1.6133788961079427e-12,1.5926495114173403e-12,1.714359949049296e-12,1.848834717930999e-12,2.0228728914790177e-12,2.2226656418416135e-12,2.4539213278010917e-12,2.7235080962592216e-12,3.0239456008366182e-12,3.395745126041845e-12,3.8431286729684546e-12,4.325685964580253e-12,4.894865032894206e-12,5.561407301288262e-12,6.315898976481874e-12,7.1983338515095055e-12,8.347475660572438e-12,9.812809549426264e-12,1.162344943224871e-11,1.4005187517382518e-11,1.739120356582732e-11,2.288046984575553e-11,2.9363576842394e-11,4.248811430449543e-11,7.650702529146832e-11,9.73491050328753e-10,2.9503704503739416e-10,2.848511189664539e-10,3.1809631244207816e-10,4.968141446075498e-10
biomass_plant,power,CZ,1.3338395312877868e-12,1.4031104364097088e-12,1.5011782028205046e-12,1.6022544701521963e-12,1.7180711652263704e-12,1.8389280504367096e-12,1.971891208260562e-12,2.1480968547716304e-12,2.3254833760688347e-12,2.5496777478253066e-12,2.7962172355747246e-12,3.0202096692416714e-12,3.268279926359992e-12,3.530553478386261e-12,3.873880209241458e-12,4.275079866604354e-12,4.776435921488378e-12,5.383654215104261e-12,6.021781403780483e-12,6.749716550279647e-12,7.883962394687881e-12,9.004933020913587e-12,1.0625181536075744e-11,1.3455763128548547e-11,1.5431429926090317e-11,1.849424430666465e-11,2.3142116532330368e-11,3.112993389635189e-11,4.662529043913316e-11,9.512766922012029e-11
biomass_plant,power,DE,1.4026475720636063e-12,1.4769324583789834e-12,1.5770382620554568e-12,1.670553338285021e-12,1.7438149720989286e-12,1.6651361651279598e-12,1.7019415674985478e-12,1.8680899186251362e-12,2.193602251177483e-12,2.8382778584951476e-12,3.2041301847336084e-12,3.501494299378439e-12,3.750766857924789e-12,3.897045508835586e-12,4.5023143630273165e-12,4.877259868740074e-12,5.128884304952025e-12,5.597344851671011e-12,6.1380019071512585e-12,7.112168743696827e-12,7.822850410940429e-12,9.553241756185548e-12,1.0935337928908415e-11,1.2438257622797822e-11,1.467058275884722e-11,1.8343849710459486e-11,2.45833606363142e-11,3.425229836961985e-11,5.678913025777075e-11,1.3614927744181914e-10
biomass_plant,power,DK,1.3605618366829999e-12,1.440573205519639e-12,1.5396856582472587e-12,1.6398812229230516e-12,1.7214547825874293e-12,1.8154646494292477e-12,1.941990103332779e-12,2.0966778163788977e-12,2.263834649204164e-12,2.4595330627997547e-12,2.6898034476832647e-12,2.9087847363499988e-12,3.1912376507269103e-12,3.521133405388561e-12,3.8945909627079156e-12,4.371853584553343e-12,4.959365066218293e-12,5.690447665794949e-12,6.551828554699675e-12,7.361981026278579e-12,8.721483052057584e-12,1.0034807668188246e-11,1.1836841714468672e-11,1.4192291940169674e-11,1.7546051401852828e-11,2.1557860260873772e-11,2.7555595556433855e-11,3.8359998880774235e-11,6.123148077550471e-11,1.3050016006673197e-10
biomass_plant,power,EE,1.4499392770411233e-12,1.4954130014308186e-12,1.5960757409754686e-12,1.7240358188234626e-12,1.8859946982986147e-12,2.0656459364772993e-12,2.2678450235598057e-12,2.49853128028277e-12,2.745723760971412e-12,3.023347220936025e-12,3.3317398077789317e-12,3.6333011217683117e-12,3.981821732241032e-12,4.359910162301374e-12,4.7697856436203606e-12,5.342005007624465e-12,6.125115356516692e-12,7.019954191068438e-12,8.064184204350098e-12,9.23083248570424e-12,1.0750915877035092e-11,1.2583376963572479e-11,1.4811448071239193e-11,1.789534506836015e-11,2.2047205990939704e-11,2.7280265826656154e-11,3.5397795236383716e-11,4.736681644448435e-11,7.083188442043846e-11,1.434481244932559e-10
biomass_plant,power,EL,1.5521911210996668e-12,1.554948882074745e-12,1.6616506490367598e-12,1.7778859897864152e-12,1.926748851737164e-12,2.095759724394328e-12,2.30296363915302e-12,2.546220855579496e-12,2.83134368351509e-12,3.166851580915152e-12,3.5622055930588677e-12,4.024405401886227e-12,4.604368507275442e-12,5.290976814872265e-12,6.193347790367896e-12,7.408897729246131e-12,9.35277990462057e-12,1.135454824596653e-11,1.4370187813543412e-11,1.9373276744412673e-11,2.8818096683181622e-11,5.5408957993090145e-11,6.305999925587236e-10,1.5385424852168737e-10,1.22948086566455e-10,1.2436739588757527e-10,1.388816513940284e-10,1.6141019401626357e-10,2.0594751115902394e-10,3.5965665175320036e-10
biomass_plant,power,ES,1.281758450128116e-12,1.337587543225123e-12,1.3968896837136514e-12,1.4444231204211726e-12,1.4983909339639808e-12,1.5889201193088218e-12,1.6475393099698335e-12,1.7679029743963095e-12,1.9276985839825614e-12,2.1089927724771143e-12,2.312320290896074e-12,2.493976064095793e-12,2.7363980669157838e-12,3.0194736999028834e-12,3.3372058660147265e-12,3.738863832996566e-12,4.323361822009825e-12,5.117156207097511e-12,5.987675954998705e-12,7.155698474503643e-12,7.8632638136317e-12,8.901066977657417e-12,1.0111149415266758e-11,1.2405774473123182e-11,1.4884937565722926e-11,1.8604740420693683e-11,2.4067715115607415e-11,3.404984133381205e-11,5.061289040973688e-11,1.0963973399773586e-10
biomass_plant,power,FI,1.394079581891046e-12,1.4843528293421528e-12,1.579028704640644e-12,1.6515258189996366e-12,1.69530889879165e-12,1.7861529089397562e-12,1.9514437919400008e-12,2.2085504165645484e-12,2.3492180238742722e-12,2.6056038963289756e-12,2.9366856275081768e-12,3.184822132258936e-12,3.535632163463378e-12,3.924697903159787e-12,4.379746178177167e-12,4.845659423780728e-12,5.433810026135763e-12,6.232387192334726e-12,6.857937767336015e-12,7.911911340335689e-12,9.029570524645821e-12,1.0373745057034564e-11,1.2144454023444194e-11,1.4823267338409385e-11,1.8996632999425498e-11,2.4441449949911983e-11,2.9997448150603766e-11,4.365167551331718e-11,7.309024620393663e-11,1.4839567712870018e-10
biomass_plant,power,FR,1.3849275709164174e-12,1.4655154225556031e-12,1.5730852374443416e-12,1.6931414348483375e-12,1.8173971030685653e-12,1.9387076174207248e-12,2.0624848522686627e-12,2.2176059832716542e-12,2.3994550637886387e-12,2.6040389554011595e-12,2.851461964264782e-12,3.1530278450585376e-12,3.5099008630330984e-12,3.8940696525804424e-12,4.3130522773369025e-12,4.805324581943516e-12,5.41605334702786e-12,6.228517521367007e-12,7.329072327484387e-12,8.576543353334166e-12,1.0148492772442485e-11,1.1935481897447688e-11,1.3994601232219372e-11,1.6275267332380398e-11,1.9584712291975012e-11,2.520485520691992e-11,3.2032422122559584e-11,4.5237508260887776e-11,7.047146291103583e-11,1.4764638507878722e-10
biomass_plant,power,HR,1.8822140693070153e-12,1.6844255436779811e-12,1.781350438298443e-12,1.877356313130736e-12,2.0336833254745668e-12,2.2141469344650304e-12,2.41754540098655e-12,2.64834746083983e-12,2.913243048789834e-12,3.2238089998786383e-12,3.596735344347623e-12,4.097753686791909e-12,4.463986950565248e-12,4.870758245695147e-12,5.276310339445238e-12,5.817558559357636e-12,6.4258674565172346e-12,7.1531385713279085e-12,7.992809321280985e-12,8.982359497836754e-12,1.0164689649742997e-11,1.1762451157429873e-11,1.3309947049066072e-11,1.530181299902179e-11,1.8078391401704017e-11,2.26627094547296e-11,2.9089290575550167e-11,4.040712691031291e-11,6.318881141684095e-11,1.2455858661795425e-10
biomass_plant,power,HU,1.3114226886037344e-12,1.3657993526426895e-12,1.4614694381509034e-12,1.5715941112844061e-12,1.6987097424923403e-12,1.8375108523295583e-12,1.9920699016403044e-12,2.16849562324631e-12,2.359875477243791e-12,2.574223430608344e-12,2.7908485457469034e-12,3.0196457122713943e-12,3.288590434454754e-12,3.613058933957502e-12,4.019650945322287e-12,4.515427991881718e-12,5.128324534417258e-12,5.863020745493236e-12,7.216694053926392e-12,8.512903302889275e-12,9.583108970037708e-12,1.1246869474399399e-11,1.3252003819291409e-11,1.593949703203735e-11,1.9991247475355963e-11,2.4668891373435434e-11,3.155982885335966e-11,4.3315010708934485e-11,7.552569760471679e-11,1.3724493917862425e-10
biomass_plant,power,IE,1.5900094584164126e-12,1.6257752627418458e-12,1.7411199132988934e-12,1.8812820129997647e-12,2.0562822797516073e-12,2.257477770894282e-12,2.490964914295129e-12,2.761972152522327e-12,3.087321869933779e-12,3.4740394259809555e-12,3.948498549401293e-12,4.583827037503145e-12,5.3260108974188576e-12,5.909039902703737e-12,6.519132935260558e-12,7.370287921938773e-12,9.511008195869727e-12,1.0594226551630927e-11,1.2826929863842007e-11,1.6915474980266298e-11,2.6610433787071953e-11,3.703981987597557e-11,7.109724262173303e-11,7.695632058535057e-10,2.1335425561213756e-10,1.8651452828297356e-10,1.7671877976306852e-10,1.9988254634964195e-10,2.6518071920392656e-10,4.666345879029669e-10
biomass_plant,power,IT,1.3797256960939943e-12,1.4531828612834472e-12,1.549624403783324e-12,1.5468501854741621e-12,1.6717240482592945e-12,1.8138138667904927e-12,1.982089832201387e-12,2.1923950031730266e-12,2.416262200348754e-12,2.5888296416101322e-12,2.815934910011007e-12,3.038677793270901e-12,3.3703325024158893e-12,3.772853698291255e-12,4.284206291420775e-12,4.907554594943047e-12,5.74047500141815e-12,6.67791304364267e-12,7.661093325623157e-12,8.534267655877928e-12,1.0044516775760837e-11,1.1512205354798542e-11,1.32271166292052e-11,1.5851364187479014e-11,1.9251490468205377e-11,2.3946848843708865e-11,3.0639291836472457e-11,4.27652354979369e-11,6.498285032960055e-11,1.312935534378516e-10
biomass_plant,power,LT,1.7245669228732076e-12,1.5736453064331193e-12,1.6855825194831767e-12,1.8005034105032593e-12,1.953631074361139e-12,2.1316670463202687e-12,2.3346067133183704e-12,2.566803202073826e-12,2.8175724354554917e-12,3.1061494548808387e-12,3.4482259983958014e-12,3.823456887855064e-12,4.23425902201497e-12,4.716535463347567e-12,5.241206331059405e-12,5.807227665532789e-12,6.5114113702298465e-12,7.286651004894357e-12,8.1668704132421e-12,9.19037994127723e-12,1.0460752960348022e-11,1.1944186521976544e-11,1.349275069829567e-11,1.566016010557132e-11,1.865750363104777e-11,2.326810850260247e-11,2.9787452771249074e-11,4.179525763402158e-11,6.309834600502883e-11,1.295084570021109e-10
biomass_plant,power,LU,2.2040358590078038e-10,4.0679273893080227e-11,3.175192403742048e-11,2.2325037158189826e-11,2.2491839690940295e-11,2.3740772354274548e-11,2.5294805317621198e-11,2.712764368417608e-11,2.9252838027684804e-11,3.20361176985144e-11,3.5968804544551e-11,3.9529880910802834e-11,4.2958017384253065e-11,4.583360872339116e-11,4.6722781464332244e-11,4.739306772206128e-11,5.3034005495294065e-11,5.830296712888555e-11,6.375356721884786e-11,6.93058620779234e-11,7.688554989485972e-11,8.214512476564067e-11,8.904964746847403e-11,9.589736317112072e-11,1.0435324558572001e-10,1.2341905286939998e-10,1.4571217854843678e-10,1.845410851213706e-10,2.5807274346737747e-10,4.3697359220592077e-10
biomass_plant,power,LV,1.6172935981641614e-12,1.5832512938499126e-12,1.686410840715289e-12,1.8140396089772155e-12,1.975482135661437e-12,2.1611896811243756e-12,2.379954946662369e-12,2.6343654173244235e-12,2.9207777973554627e-12,3.2609517935819028e-12,3.649808788041454e-12,4.080741974752999e-12,4.56170927490503e-12,5.1141174037912734e-12,5.724998915889417e-12,6.40193061270008e-12,7.263418866262898e-12,8.254422634766431e-12,9.435474718755439e-12,1.0856756028009877e-11,1.2669760245626911e-11,1.4910883611401944e-11,1.7612261343077693e-11,2.1461994580032045e-11,2.7261510413479487e-11,3.7058515683739353e-11,5.4559148310556757e-11,1.0541554942077387e-10,1.3027885040393038e-09,6.465514538169332e-10
biomass_plant,power,NL,1.3267713304322485e-12,1.4010240136525444e-12,1.4993616136571957e-12,1.594389045574065e-12,1.6812632415543e-12,1.7490026412930014e-12,1.8381658182927273e-12,1.9617706487167198e-12,2.1093019361988233e-12,2.282608215066887e-12,2.5204333286892113e-12,2.7673919129915895e-12,3.0846391874848284e-12,3.4462103552055994e-12,3.879623524043885e-12,4.299393564795858e-12,4.794193586296139e-12,5.4030463851647835e-12,6.175220029580578e-12,7.127872033688312e-12,8.346475129618649e-12,9.52780140989579e-12,1.0935642733419685e-11,1.2608289863025473e-11,1.459509889365253e-11,1.8065655115193768e-11,2.509621884194289e-11,3.948028884523074e-11,7.748288411290923e-11,1.6076731931902698e-10
biomass_plant,power,NO,2.4436117008798367e-12,1.7828168625120923e-12,1.8740379829716312e-12,1.991266531697978e-12,2.153321600646453e-12,2.3898122594655642e-12,2.6873443425807968e-12,3.0551237381926185e-12,3.492760109956139e-12,4.018193133947583e-12,4.697810175646074e-12,5.460298481938971e-12,6.442807167359082e-12,7.734948123184747e-12,9.345386208485585e-12,1.1476303219438583e-11,1.467986062152135e-11,1.981422964202829e-11,2.785676944695656e-11,4.9506178556902833e-11,6.263345744796658e-10,1.5726513476187554e-10,1.1142615733888413e-10,9.396038204925259e-11,8.538518934759234e-11,8.132419032111879e-11,9.263030454637688e-11,1.214552937152103e-10,1.8260103680748552e-10,3.977553174007395e-10
biomass_plant,power,PL,1.3702877735784236e-12,1.4502210285677524e-12,1.5523109358481627e-12,1.6569750514522069e-12,1.7455843848039563e-12,1.8314200965909406e-12,1.9419170643605067e-12,2.0921358722478413e-12,2.2905491104885917e-12,2.5277155707434517e-12,2.811643814787805e-12,3.0620411156573003e-12,3.42748479766401e-12,3.882837523606623e-12,4.388827410386809e-12,5.0621702229132186e-12,5.868177598821102e-12,6.969175782434786e-12,8.671409841405418e-12,9.342776425608791e-12,1.0400871722709914e-11,1.2196109333088394e-11,1.4306430017488854e-11,1.7171798650545287e-11,2.129130064112762e-11,2.8529856389534083e-11,4.035293032883815e-11,6.425945318642935e-11,1.384322211405622e-10,1.7710492154400414e-09
biomass_plant,power,PT,1.3323166576416268e-12,1.35505616345702e-12,1.4425743656594823e-12,1.5256923296737408e-12,1.6342088668167546e-12,1.7591442316385898e-12,1.8974338296494535e-12,2.0660039066456346e-12,2.2631940964747753e-12,2.4832780577717023e-12,2.7218203872941427e-12,2.9811390302792894e-12,3.2715632039598134e-12,3.5826433736380896e-12,3.9314721625431774e-12,4.313773427437548e-12,4.822328093616168e-12,5.400178589651171e-12,6.046361341186658e-12,6.952688259776356e-12,8.173594243810338e-12,9.52085259468215e-12,1.1162291194560907e-11,1.3423280680721898e-11,1.6716889549759126e-11,2.0275053092525464e-11,2.5531239931460984e-11,3.489851497595764e-11,5.432541422536035e-11,1.166761709297247e-10
biomass_plant,power,RO,1.7934273777560572e-12,1.5546135051120404e-12,1.6359471863534732e-12,1.70396836729533e-12,1.835861182778533e-12,1.9886642865975227e-12,2.161541459458101e-12,2.355206205426745e-12,2.574061495681525e-12,2.8256577637299774e-12,3.1131895563999163e-12,3.43316340848513e-12,3.814037258909698e-12,4.251134247171526e-12,4.741162684240565e-12,5.332843321516957e-12,6.074663747453535e-12,6.971649483980835e-12,7.910407781721271e-12,9.108709133861623e-12,1.071008682363045e-11,1.3137373011126763e-11,1.527625912222814e-11,1.743473526622208e-11,2.126334387545284e-11,2.7908520625485838e-11,3.594517823654624e-11,5.2484738032815745e-11,1.0541912451108276e-10,1.5365537230234068e-09
biomass_plant,power,SE,1.3959057021025524e-12,1.472637694077138e-12,1.5776985542854277e-12,1.6748518047349726e-12,1.7744026534693628e-12,1.8673998174484903e-12,1.977085988013861e-12,2.1001872568160694e-12,2.2223520380921023e-12,2.5248138205686487e-12,2.851425617572309e-12,2.973729393322379e-12,3.4132319523929373e-12,3.84875293345137e-12,4.398424715644193e-12,4.730462913475863e-12,5.2348065301794164e-12,6.0111037484521894e-12,6.9843385629338705e-12,8.060108647487296e-12,9.401902726852058e-12,1.0384910845265415e-11,1.1829402259965034e-11,1.4011231698563558e-11,1.731015167184012e-11,2.105745582308492e-11,2.7317307538020312e-11,4.286068505190408e-11,7.133302680759223e-11,1.5661618349737812e-10
biomass_plant,power,SI,2.7673585993278294e-12,1.7235018835539567e-12,1.8119122492165083e-12,1.9173231017836025e-12,2.0808813641776987e-12,2.2727492476662532e-12,2.5026789742627274e-12,2.7770151097986763e-12,3.092723819846381e-12,3.4795800502454356e-12,3.9560797657600255e-12,4.537799043782819e-12,5.223204907571657e-12,5.934741222270025e-12,6.792152284835222e-12,7.937271332953336e-12,9.281395345938464e-12,1.0876963156185597e-11,1.2962673183581452e-11,1.62836013086154e-11,2.2115023365608635e-11,3.307320878825968e-11,6.256264602565245e-11,7.992156431590595e-10,1.9851118420551657e-10,1.7321669449249472e-10,1.7385105349120687e-10,2.079776674748218e-10,2.830757921828863e-10,4.347714379180641e-10
biomass_plant,power,SK,2.8597304826857267e-12,1.7192539652391927e-12,1.76610073770503e-12,1.8493594093690553e-12,2.009587685183645e-12,2.1894151655779122e-12,2.37849867248917e-12,2.5983140803916242e-12,2.802228167181987e-12,3.0762797619206712e-12,3.4501715897774117e-12,3.909660587004324e-12,4.505377330373842e-12,5.1432352797021295e-12,5.859320135735797e-12,6.736485319922113e-12,7.89308720750213e-12,9.402507389783267e-12,1.1420373869346933e-11,1.4512928975140639e-11,1.7988344189964103e-11,2.3298903170976223e-11,3.053895010892674e-11,4.322871734736862e-11,7.745078203588638e-11,9.264006059788166e-10,2.6839714780598133e-10,2.5602205618952136e-10,2.803165809433945e-10,4.2743500805121234e-10
biomass_plant,power,UK,1.3050135101638076e-12,1.3987471626977267e-12,1.5010335931300907e-12,1.6220798538622987e-12,1.7546964347683048e-12,1.9013239252708197e-12,2.0624594762249165e-12,2.235494658678319e-12,2.4180494686129272e-12,2.6082661482756293e-12,2.8167191191723074e-12,3.0394836261880914e-12,3.337287038446165e-12,3.802754260429873e-12,4.82242960147473e-12,5.107334636873374e-12,5.712812295240303e-12,6.279376670625959e-12,6.987929483158115e-12,7.980825793477176e-12,9.266051825609809e-12,1.066878067064173e-11,1.240384298164965e-11,1.448896256589022e-11,1.7364432555041944e-11,2.1879036133074224e-11,2.852323305644605e-11,4.061073766710786e-11,6.504704556039348e-11,1.3483090204212077e-10
biomass_plant_CCS,power,AT,1.674453889508457e-10,3.5928565159350675e-11,2.497533981928572e-11,1.8449164046524574e-11,2.190318677787787e-11,2.5299081673023342e-11,2.988875882383069e-11,3.580265074215729e-11,3.966413846587685e-11,4.6397858444161254e-11,5.580149116968552e-11,6.448045645105613e-11,7.988047788082397e-11,1.0289750885757806e-10,1.3332197508225114e-10,1.7338684583147003e-10,2.510455153769572e-10,5.512294797410943e-10,1.3490254349036511e-09,3.882236406482903e-09,0.002923019861239574,3.252950438775555e-08,0.4647702749519518,1.0462473697857835,1.0231234215842884e-08,0.0016611135292086189,2.507915536392227e-08,1.8479137130281476e-09,3.168853736291574e-08,7.156415025801283e-09
biomass_plant_CCS,power,BE,1.7723342002030496e-10,3.26516805910641e-11,2.3386896759829836e-11,1.7454046490696953e-11,2.047011905327783e-11,2.4500955344113062e-11,2.989020743455893e-11,3.543165161369357e-11,4.442758194623371e-11,5.826631755349142e-11,9.081867040332104e-11,9.123914064907403e-11,1.0434564616633541e-10,1.1758423841807032e-10,1.4494605264251747e-10,2.1038380437929767e-10,5.716155081119642e-10,1.039323182400983e-09,8.198668616122203e-09,0.05746766800004251,0.3436586819600677,0.006063149496309373,0.00689371336416698,0.16669528947136372,0.09850499267469746,1.339010182004555e-08,1.0593254797191412e-09,4.539673016140492e-10,4.104908749526503e-10,1.283900351677154e-09
biomass_plant_CCS,power,BG,1.3973960779453848e-10,3.0612297879225847e-11,2.6652787251906165e-11,2.0685436678320993e-11,2.2857386337725917e-11,2.3891292777141256e-11,2.606600176339362e-11,2.939511189102921e-11,3.439440876211532e-11,4.268284751463031e-11,4.871784647969199e-11,5.617244347024713e-11,6.514282321436425e-11,9.701803563253961e-11,1.1305909618455709e-10,1.3960994095104857e-10,1.995849797909602e-10,3.4399981353357975e-10,4.255656972719146e-10,6.013025803872519e-10,1.939068391701511e-09,1.0588879899094022e-08,0.008535372657825531,0.08408429149273469,0.23741630059671648,0.010544745284730192,3.512489876204139e-09,7.052467182202284e-10,2.584479424525905e-10,3.2637289117454873e-10
biomass_plant_CCS,power,CH,1.626805249675535e-10,3.495794344324505e-11,2.395337008212192e-11,1.8109241397477265e-11,2.0434942526702548e-11,2.3753107794261576e-11,2.8925751914094425e-11,3.720232101714319e-11,4.042112742997576e-11,5.101580090486125e-11,5.937717245530689e-11,6.685197671534361e-11,7.999580541824109e-11,9.647477934005574e-11,1.1222268865868625e-10,1.385388753148462e-10,1.9268223676521245e-10,3.357604727707634e-10,6.244640376602943e-10,7.973352461037227e-10,7.779773253673627e-10,1.2961559746918737e-09,7.115842794764574e-09,3.2536698448376214e-08,1.7248201654339349e-09,6.114329116847293e-10,1.710268595064476e-09,9.846967762608655e-10,5.194483184236633e-10,7.634520310173639e-10
biomass_plant_CCS,power,CZ,1.5662004214632896e-10,3.310117515103561e-11,2.3592482526014482e-11,1.8224149330580716e-11,1.9976315000043987e-11,2.311579718752367e-11,2.7475467047327597e-11,3.375461619183819e-11,3.587337190835951e-11,3.9797971433092646e-11,4.47246263411421e-11,4.850061020233196e-11,5.44270958031103e-11,6.029841778030108e-11,6.856384569193124e-11,7.919541905639378e-11,9.713307713444734e-11,1.2497272744812837e-10,1.4470310248732392e-10,1.4992154192938686e-10,1.3132978478109851e-10,1.1561687778961057e-10,1.279644119283816e-10,1.484044678865137e-10,1.8685631200163255e-10,2.343678857421463e-10,3.7545276734676495e-10,4.586415288610591e-10,3.4326114139386264e-10,7.725438175283822e-10
biomass_plant_CCS,power,DE,1.818434917267324e-10,3.680146825650691e-11,2.553787671489582e-11,1.8836665347797333e-11,2.2995474368714656e-11,2.8010147450239244e-11,3.476715536615338e-11,4.3173632597430675e-11,4.610687612797062e-11,5.460987923391527e-11,6.446563241057104e-11,7.624858634782042e-11,9.068441433712699e-11,1.1904067879763132e-10,1.6292230999348393e-10,2.161736792011029e-10,4.3309192313715203e-10,1.1406632409822931e-09,5.04265371847509e-09,0.4560009032739805,0.23384675246326891,5.402906533520537,1.1883903237576279,0.02543200707493813,0.08906177568442085,0.12644981129855645,0.32209424210596493,2.0665691523861316e-08,1.0122413943766254e-09,0.11914185142498422
biomass_plant_CCS,power,DK,1.5792563290665111e-10,3.0611213727640264e-11,2.4031330025451752e-11,2.1107774520611696e-11,2.2805682638810984e-11,2.5499656754162327e-11,2.8493399962153044e-11,3.1297390314358686e-11,3.2617221110736405e-11,3.5472741630854497e-11,3.946911213463442e-11,4.456460891676745e-11,4.98512888321846e-11,5.70477564970992e-11,6.68941736458313e-11,7.66997301241812e-11,9.407791789690155e-11,1.12274443565126e-10,1.2741282602192597e-10,1.3221024857639278e-10,1.203135596729879e-10,1.102162163904005e-10,1.2562183101796797e-10,1.5223001924396383e-10,2.1678255821056264e-10,5.030275715834878e-10,9.122890165999727e-10,3.5890168764866296e-10,2.372083063002167e-10,3.388713217039e-10
biomass_plant_CCS,power,EE,1.5108394099726656e-10,2.844013828480932e-11,2.194348510826501e-11,1.8827514351844273e-11,1.9668140322774076e-11,2.0743060549986476e-11,2.167698938615917e-11,2.3107373425630295e-11,2.5066306978847898e-11,2.7823041910606978e-11,3.1552187874313376e-11,3.53273191824121e-11,3.9734375031270503e-11,4.5228370583996115e-11,5.0770859020053993e-11,5.754658953356953e-11,7.08708716285464e-11,8.509125298418232e-11,1.0205889157076684e-10,1.270136197054091e-10,1.6040374311893795e-10,1.8925340168643907e-10,2.490679356636276e-10,3.0594775860643033e-10,3.067716182874015e-10,3.4340477350394186e-10,3.840615596707258e-10,2.352352331431223e-10,1.8837413349706696e-10,2.9032160415707514e-10
biomass_plant_CCS,power,EL,1.4755532131137502e-10,2.8399370003664525e-11,2.2646988650030876e-11,1.887784347842898e-11,2.2070129209701192e-11,2.3366360587172928e-11,2.5352096935398083e-11,2.757562525859726e-11,3.105547310971924e-11,3.627844188162329e-11,4.237362308771667e-11,5.076024845882817e-11,6.497115556812435e-11,7.319295841993736e-11,8.888476705759506e-11,1.1199824616493724e-10,1.6975755304838543e-10,4.855131195085362e-10,7.529416596842491e-10,8.894710587368092e-10,2.532890805148483e-09,1.445500455807917e-09,7.781613427193016e-10,0.2570327735908927,0.10226541908680067,5.985033637885017e-10,2.509294229441585e-10,1.990303480532724e-10,1.7417538371411975e-10,2.7364368609985726e-10
biomass_plant_CCS,power,ES,1.3990980359613992e-10,2.634484252694923e-11,2.2284769493535535e-11,1.6656222410131684e-11,1.7272842497265565e-11,1.8065324228134485e-11,1.907012426680523e-11,2.0193143207123436e-11,2.175215771628025e-11,2.3517899304268845e-11,2.563544046044782e-11,2.765451856540562e-11,3.1006632534485776e-11,3.4896906467518076e-11,3.991765571454963e-11,4.554396397957336e-11,5.519539757392802e-11,7.09657386835265e-11,8.987492801786945e-11,1.058673281615133e-10,1.3017233561690048e-10,1.4966944892926804e-10,1.7488567846146142e-10,1.9464338809898082e-10,2.2371051419375384e-10,2.2676807399253996e-10,3.157139181160445e-10,5.665102041455269e-10,6.70378544911502e-10,1.1740591076584857e-09
biomass_plant_CCS,power,FI,1.5549228317394089e-10,3.152110738192437e-11,2.438213047222945e-11,1.965776416860031e-11,2.0093922798447002e-11,2.162533135027005e-11,2.3826681583071704e-11,2.6351838858498788e-11,2.8540883657018353e-11,3.1582386263115325e-11,3.579984738236454e-11,4.07981528440911e-11,4.702948985448083e-11,5.551833737334202e-11,6.65249633519365e-11,7.688910641750361e-11,9.821281765309376e-11,1.2057423719732545e-10,1.514936279737118e-10,2.1389311262720542e-10,3.682744006782428e-10,8.681341635221668e-10,2.096964133703938e-09,3.4647784279731537e-08,0.0467692925354839,0.25818781129606294,0.7979447543694236,3.34609825717205e-10,1.8244311159909754e-10,2.5372815530619255e-10
biomass_plant_CCS,power,FR,1.397219852193419e-10,3.318578238128528e-11,2.8393819100388687e-11,2.078609991304818e-11,2.1090739929393894e-11,2.3339053865825337e-11,2.6347284071072264e-11,3.0481517512068457e-11,3.249317184485915e-11,3.531031687537842e-11,3.8787049043083985e-11,4.232891481568847e-11,4.5899590280780255e-11,5.083585924167428e-11,5.96484108199009e-11,7.547293397083408e-11,9.048268983002976e-11,1.1817115763022382e-10,1.7813581786393796e-10,4.5538680088369176e-10,8.091155516823353e-10,1.1671027119440987e-09,2.5887718764261956e-09,4.328901574840984e-09,9.50209952472098e-10,9.442855636821233e-10,4.6491944029693765e-09,6.418797137719025e-09,6.764322990356517e-09,1.6876385704365142e-09
biomass_plant_CCS,power,HR,1.8461449511465355e-10,2.4672434103775495e-11,2.1050890302936964e-11,1.7964267793872295e-11,2.074708606655908e-11,2.3759658832583498e-11,2.5337478126442458e-11,2.7790406577937294e-11,3.37879418348998e-11,4.145543460571853e-11,5.325851064436652e-11,9.66291240336861e-11,1.00913414597033e-10,1.134440082874384e-10,1.2407472504668424e-10,1.4004297868668896e-10,1.9550243503951854e-10,3.3652356414629134e-10,6.936747460444149e-10,1.9929182757358616e-09,1.1281795698918019e-08,0.02864618995949228,9.792694622600904e-10,5.474880974323292e-10,4.1454189301026373e-10,2.498628295851104e-10,2.551651522301099e-10,2.1124537184323067e-10,1.6355779801649815e-10,2.123914450966073e-10
biomass_plant_CCS,power,HU,1.404616933858155e-10,3.144401995880655e-11,2.5346424299794138e-11,1.9588350051997915e-11,1.9758888124089418e-11,2.1103366249210417e-11,2.3078031272019967e-11,2.5544292260947197e-11,2.961380986757516e-11,3.593022287701787e-11,3.9999841942443135e-11,4.5283786938564436e-11,5.530767702020979e-11,7.386047912256854e-11,7.85665282550195e-11,8.919133433510853e-11,1.0994937794206174e-10,1.4778107276161577e-10,1.746345155498104e-10,1.8970364259065354e-10,1.816682754434899e-10,1.622567448538652e-10,1.375429575568146e-10,1.7612061874044761e-10,2.1756787379414629e-10,3.2532363102132456e-10,5.310186653932891e-10,7.773727753751192e-10,4.348925424865145e-10,5.643108104408506e-10
biomass_plant_CCS,power,IE,1.5929928651873388e-10,2.9364205589461345e-11,2.5250923096189305e-11,2.0635109149880455e-11,2.1249573722076546e-11,2.0759533348495945e-11,2.2512085750776437e-11,2.44823775475985e-11,2.702990522595113e-11,2.94402194341085e-11,3.296552384549744e-11,3.799194654306089e-11,4.510856966682199e-11,5.2842658443033146e-11,6.597794130991876e-11,8.45829110156236e-11,1.3575529575744886e-10,1.471446069471108e-10,1.765987334844027e-10,2.257460554159588e-10,3.3100527832729e-10,4.5907194699519275e-10,6.666481961199627e-10,1.3230184672782468e-09,6.929491819331353e-09,9.592773348849205e-09,4.121415852127456e-10,2.0412910048999152e-10,1.5147070279938197e-10,2.3012903925136368e-10
biomass_plant_CCS,power,IT,1.66521463000363e-10,3.5690799917065274e-11,2.395135413689128e-11,1.685780567435358e-11,1.979386659602084e-11,2.3279300041636736e-11,2.8145817176692354e-11,3.655299443191122e-11,4.229967367064941e-11,5.045582339832828e-11,6.141667987516555e-11,6.847994665724769e-11,8.289146140365933e-11,9.749865546140934e-11,1.2607083634578331e-10,1.7800660091732556e-10,2.8426206250244044e-10,6.223335237889957e-10,1.0330470725372812e-09,2.2994324614533257e-09,1.1658579933232195e-09,4.2623401565389567e-10,3.4137755089545937e-10,3.01897571929865e-10,3.227367836002395e-10,2.0078758163640899e-10,2.5547280953462287e-10,2.6258944279856357e-10,2.5087671284139797e-10,4.411733641802438e-10
biomass_plant_CCS,power,LT,1.513285142864668e-10,2.8377152792207436e-11,2.2385161996885095e-11,1.87018946656838e-11,1.9526917366368614e-11,2.0534302417311425e-11,2.153316861886272e-11,2.2996170043097477e-11,2.497149948965172e-11,2.7246823721229004e-11,3.032543760628946e-11,3.337975834403798e-11,3.668171719796841e-11,4.0736816054889615e-11,4.5307200021974165e-11,5.0890834749614615e-11,6.003985498546086e-11,7.091697494222373e-11,8.207485297379061e-11,9.636608817295097e-11,1.128174324323078e-10,1.2859800719592997e-10,1.460773414244159e-10,1.636317735524746e-10,1.9459113603958988e-10,2.6253096534670384e-10,3.2396939492671714e-10,2.264768758573672e-10,2.0707532088581542e-10,3.2353497208588484e-10
biomass_plant_CCS,power,LU,1.5644964607319135e-10,3.109154519478578e-11,2.7726714337382978e-11,1.8454467214300446e-11,1.9853320067326342e-11,2.230626190172978e-11,2.4870300266691876e-11,2.6908418369917204e-11,2.938938214766537e-11,3.215988981381167e-11,3.4607347039498466e-11,3.7429724510687936e-11,4.008584045386562e-11,4.3347171756681366e-11,5.002703337975047e-11,6.28626621270407e-11,7.270953740750348e-11,8.739901829634957e-11,1.1980737576901225e-10,1.9696476548116532e-10,5.221967008893092e-10,3.8646128727934805e-10,3.6852128452005504e-10,4.024853450051221e-10,6.108191172389728e-10,1.7502801220639633e-09,3.2511132573880705e-09,4.8075160874475925e-09,7.32385592787944e-09,1.6676578869204123e-09
biomass_plant_CCS,power,LV,1.4839938008879903e-10,2.9182768881592803e-11,2.2095593686761213e-11,1.9060841501684936e-11,1.981629585751175e-11,2.0770456707625873e-11,2.158953525431882e-11,2.289979984866876e-11,2.5013903410385793e-11,2.7736953783532455e-11,3.100051682459964e-11,3.413652176784152e-11,3.759858902883607e-11,4.189330254318211e-11,4.711433551308719e-11,5.347034594979319e-11,6.32630882036947e-11,7.61130484253885e-11,9.078623398750863e-11,1.0951484969397498e-10,1.3077285832345118e-10,1.487947573059304e-10,1.6996290921105626e-10,1.95006821402961e-10,2.3224803808921284e-10,2.914391985692703e-10,3.209558608005982e-10,2.1219831082244197e-10,1.8398346896768808e-10,2.866153289233943e-10
biomass_plant_CCS,power,NL,1.7119028071812813e-10,3.016010745698427e-11,2.2891042521453733e-11,1.7713358192307158e-11,1.9933914273772872e-11,2.3115168710786603e-11,2.7194031314919724e-11,3.029478216981784e-11,3.4925417141330826e-11,4.006656171693783e-11,4.5419066868953906e-11,5.2984298610210356e-11,6.715379146019205e-11,8.966543655677852e-11,1.6291802165727203e-10,1.803495839112252e-10,2.972079327819438e-10,5.599304608193432e-10,1.1097903573870577e-09,1.7673412891078377e-09,4.965650214050087e-09,3.262667217492462e-09,1.6420068118110187e-08,0.4634805985985215,0.08293351701632541,0.021807969493599134,2.8351827433221138e-08,2.299321632075746e-09,0.04916958539912565,2.4457368251024597e-09
biomass_plant_CCS,power,NO,1.526666338244302e-10,3.0028736693957765e-11,2.3200719620836392e-11,2.0248369195420195e-11,2.0515031671725592e-11,2.1486907025774456e-11,2.293793961501479e-11,2.5027689874987536e-11,2.8764569176757414e-11,3.477207456434138e-11,4.57675507072758e-11,4.789884602175281e-11,5.321324192968811e-11,6.030396069485363e-11,7.036108905339012e-11,8.172633687188139e-11,1.0155121283228952e-10,1.3021551266498594e-10,1.6571099751295488e-10,2.369581810941105e-10,3.9996287372867636e-10,8.13218735358692e-10,2.6768768162314924e-09,0.11226450833792405,4.717705089178883e-09,0.1787593614232744,9.82290988061218e-10,2.270279365721742e-10,1.5406918630720454e-10,2.633220852625353e-10
biomass_plant_CCS,power,PL,1.419613458811954e-10,3.2151556956281567e-11,2.4664992524417343e-11,2.167076140856899e-11,2.1027208750195916e-11,2.071698343817833e-11,2.232801775004111e-11,2.4023069091733702e-11,2.6305278348372426e-11,2.9029467904713167e-11,3.243744968443417e-11,3.742384272882433e-11,4.6808509873577125e-11,6.218154787115305e-11,7.824260863040829e-11,1.2743661551342247e-10,1.375002864967516e-10,1.8441818311209338e-10,2.9448355523051726e-10,3.524173030937819e-10,3.67644728381083e-10,3.1997498176784414e-10,3.2012869825885286e-10,4.371503843376118e-10,6.361869549855639e-10,2.553221354305508e-09,1.1752046807978025e-08,8.448932614735536e-10,3.6201544805327277e-10,5.189757639166344e-10
biomass_plant_CCS,power,PT,1.3341473483615202e-10,2.5270136321602944e-11,2.1291428555271697e-11,1.5959860039596062e-11,1.6392823058620457e-11,1.711061246769929e-11,1.7995567048048178e-11,1.898582258409186e-11,2.034848177387444e-11,2.190213536095884e-11,2.3739460585803686e-11,2.588007420844832e-11,2.868918868563171e-11,3.1855607605201484e-11,3.592666862982464e-11,4.042738506371293e-11,4.7544802823752974e-11,5.827078324298497e-11,7.26134228271516e-11,8.734610918000837e-11,1.0579695304499778e-10,1.2267602327314312e-10,1.4295277948055393e-10,1.5417841988184156e-10,1.6684900641173438e-10,1.7182249653804348e-10,2.349254575473311e-10,3.781677636227807e-10,4.819999503502458e-10,8.257474516959998e-10
biomass_plant_CCS,power,RO,1.4688723282784634e-10,3.207304880762878e-11,2.8030574086221185e-11,1.976330607231125e-11,2.231488541819943e-11,2.346180583229346e-11,2.5271376613445466e-11,2.74740414036132e-11,3.097365382575991e-11,3.5398348960125085e-11,4.0085599297356243e-11,4.390502156654365e-11,4.8767980158775846e-11,6.035890965596255e-11,7.11658393175442e-11,8.70866400718065e-11,1.1536400096050428e-10,1.694733542644071e-10,2.3879256555334713e-10,4.918522858130038e-10,4.980283981689758e-10,5.627482101949392e-10,4.77248270766225e-10,3.594826794243059e-10,6.575517714864691e-10,2.667415513537931e-09,1.1588473040252378e-09,7.874807738945621e-10,3.971816055262073e-10,5.402395428877543e-10
biomass_plant_CCS,power,SE,1.6094337294702468e-10,3.2101448328532674e-11,2.4763406030882415e-11,1.9725794358769462e-11,2.094995612088732e-11,2.2793574109148693e-11,2.6013103200651176e-11,2.8786764515045228e-11,3.099784418927308e-11,3.4281986342556436e-11,3.9026399867286066e-11,4.4265287708362444e-11,5.015874317082434e-11,5.768957485516962e-11,6.716188082786857e-11,7.871101833456265e-11,1.0041849068924933e-10,1.2720763963911542e-10,1.6364238624274834e-10,2.368549033856099e-10,4.3682221766032017e-10,1.1984340234716167e-09,2.964538210384679e-09,0.12414164726195036,0.36246231405565027,1.4122819170975305,0.0534053141405078,0.02300692390089735,3.71144745668505e-10,3.5648068237673487e-10
biomass_plant_CCS,power,SI,1.5850256072920215e-10,3.104428997208008e-11,2.2084354450610266e-11,1.7843396137867546e-11,1.969056517355032e-11,2.0825723097429792e-11,2.36632999217805e-11,2.723071720740229e-11,3.172316661141244e-11,3.728947321231088e-11,4.5977962975648965e-11,6.458480855037717e-11,8.023988967972637e-11,8.513295272924707e-11,9.873794441741479e-11,1.2189155236589822e-10,1.7443037620440879e-10,3.1487866949333256e-10,5.442269443463691e-10,6.983843334704903e-10,4.340857113845033e-10,1.6303978218845824e-10,1.1863107084535836e-10,1.34710752629049e-10,1.4626244123008848e-10,1.8248634976477396e-10,2.980949003847745e-10,3.3635461176787485e-10,2.4742632038056387e-10,4.084776145393134e-10
biomass_plant_CCS,power,SK,1.5185940930910565e-10,3.240327766446569e-11,2.5571824650269933e-11,1.9363024970020887e-11,2.1534874314788996e-11,2.3777497325270388e-11,2.7133384482270288e-11,3.2911153395233416e-11,3.491768126302895e-11,3.909201181327361e-11,4.494645018384367e-11,5.0309495640588446e-11,5.689487494411542e-11,6.408103999372256e-11,7.424763773959136e-11,8.771853875387877e-11,1.106393267907071e-10,1.5331019033643067e-10,2.2068964395656063e-10,4.4554073946828673e-10,3.939852577087041e-10,2.83399545398875e-10,2.437895863445601e-10,3.269784700488401e-10,4.859077426061495e-10,7.696515709995368e-10,1.6904511986745064e-09,1.2784082124396005e-09,3.936882020744916e-10,5.241854361437133e-10
biomass_plant_CCS,power,UK,1.534704260847744e-10,3.099427167437619e-11,2.4790887276255087e-11,2.063682621966113e-11,2.2658980395572485e-11,2.4342978281375997e-11,2.554537852356119e-11,2.6969261731446494e-11,2.883339170856399e-11,3.081478945595259e-11,3.406783175841206e-11,3.728235262586575e-11,4.0043236501428646e-11,4.312125695353137e-11,5.2581642911325036e-11,7.115230850807483e-11,1.1973651420782084e-10,1.4527239740294425e-10,1.9529601807748025e-10,3.6170850781415596e-10,3.810253956511981e-10,3.804638467758482e-10,3.5648668398303137e-10,4.097057005979028e-10,1.2260152938939103e-09,1.6935823431807728e-09,6.86831731544267e-10,3.4705142047116753e-10,2.2012754195224835e-10,3.1363242015369316e-10
carbon_pipeline,power,AT-CH,1.0915640123648579e-09,2.0569994755581365e-10,1.623250928919039e-10,1.3697720130125138e-10,1.2430406087043282e-10,1.2138137429805967e-10,1.204602504466521e-10,1.1943838128572278e-10,1.2088085702897714e-10,1.2357207595260317e-10,1.2677902997537925e-10,1.3157523635533197e-10,1.4098589784592282e-10,1.5165628163254873e-10,1.64872580098e-10,1.8439475405183679e-10,2.1219287531821758e-10,2.2222658800705666e-10,2.462301307974758e-10,3.0330702916822736e-10,4.4671165778756644e-10,1.2140472001877943e-09,5.339355221849393e-09,1.0214780817485878,2.4750136450830424e-09,1.206098258016024e-08,2.8104341328805032e-09,3.207240319307033e-09,1.891560038323602e-08,1.5221517507681215e-09
carbon_pipeline,power,AT-CZ,1.7140429296246151e-09,3.2055613259711955e-10,2.4594131682446683e-10,1.9747199950184325e-10,1.72684490700099e-10,1.708819112801757e-10,1.714912310644678e-10,1.7320776378993747e-10,1.7623134471789834e-10,1.803953542574348e-10,1.8537097845729965e-10,1.877820086865228e-10,1.9732903095468037e-10,2.0683572468322846e-10,2.1802746778764985e-10,2.3476746748910804e-10,2.6029609134552174e-10,2.7695030847962414e-10,2.9520380972223336e-10,3.2356832006434753e-10,3.710314280757389e-10,4.6154854045885904e-10,5.991035311115599e-10,8.388691547915195e-10,1.243214452341657e-09,7.3973492999058045e-09,4.5406132702173405e-09,1.7268396417365952e-09,2.140569138847974e-09,2.4301498489373243e-09
carbon_pipeline,power,AT-DE,1.1589360632963354e-09,2.1766632240134862e-10,1.739027971500665e-10,1.4288636825619415e-10,1.2318839414601227e-10,1.3166945411149498e-10,1.3515558920436452e-10,1.296235422558772e-10,1.2240904580677353e-10,1.1646501406843326e-10,1.0976633255625425e-10,1.0919981137749475e-10,1.1139205552682453e-10,1.1188776999708575e-10,1.1471120241917054e-10,1.272915940491609e-10,1.5241587581431083e-10,1.6467047290287625e-10,1.6605636748621953e-10,1.6443529326433305e-10,1.6782086604332288e-10,1.9750469673857206e-10,2.524099370846136e-10,3.4739282003124646e-10,5.394081104991687e-10,4.269312889544912e-09,1.311729083682811e-08,9.581420755757917e-10,2.9623158817829154e-09,1.1877907021201904e-09
carbon_pipeline,power,AT-HU,1.0217799431104807e-09,1.9371162365303754e-10,1.4930660348736443e-10,1.2384156165246324e-10,1.1399432252184678e-10,1.0868641222145237e-10,1.0748000238199988e-10,1.0901048058397554e-10,1.1215371667235465e-10,1.1653282206056756e-10,1.226916960790802e-10,1.2633410744240855e-10,1.3403142593623077e-10,1.4274160638318751e-10,1.5426860017483423e-10,1.6829786602987298e-10,1.864037490719276e-10,1.9866370821850587e-10,2.1552483844919905e-10,2.449112362405008e-10,3.0026198170565437e-10,3.8973092364581966e-10,4.950930965078461e-10,8.382378379732062e-10,1.5036879078928345e-09,5.0401052934682275e-09,1.2603474243918325e-09,1.1916187228839922e-09,2.014550930830207e-09,2.1984274775219656e-09
carbon_pipeline,power,AT-IT,8.797727016649911e-10,1.7544427653760973e-10,1.5231861872507624e-10,1.518303572671479e-10,1.9486958094934109e-10,1.7244298543297243e-10,1.7195158423582195e-10,1.8712951492031207e-10,1.926781240131539e-10,2.1345969432725524e-10,2.506214692682823e-10,2.8162718203313657e-10,3.248112508274381e-10,4.2384762431376725e-10,5.577336267307404e-10,8.279069546499968e-10,1.8587916136378161e-09,9.459227802357634e-10,1.1769589901783177e-09,2.2698423439668656e-09,0.002853810654454533,2.255112048690147e-08,0.4537671092309542,4.849475228488271e-09,3.2423891482032754e-09,0.0016217418960846517,1.334235128334355e-09,1.4525495206910944e-09,2.2084478237972114e-09,1.366763992722269e-09
carbon_pipeline,power,AT-SI,2.3842948424944896e-09,4.725926159990697e-10,3.785381928736418e-10,3.2335724256299154e-10,3.0817989830393485e-10,2.927205526831985e-10,2.930408502494652e-10,3.0569359335391637e-10,3.2138186681030495e-10,3.464558267253093e-10,3.8571671397543397e-10,4.161602439023248e-10,4.690941048634226e-10,5.598837303546651e-10,7.104330128181183e-10,9.63728274352743e-10,1.5004412103538944e-09,1.2375689175822475e-09,1.4481881164932547e-09,2.305029292384847e-09,9.274519107654662e-09,6.246285073070756e-09,3.923701192927364e-09,4.07326364638058e-09,4.202109995487593e-09,7.814776887435144e-09,2.9030279103043744e-09,3.1965208236218446e-09,1.4702390234905933e-08,8.15796450787872e-09
carbon_pipeline,power,AT-SK,9.71144190786886e-10,1.8470210292021664e-10,1.4148283848601396e-10,1.1541517759044907e-10,1.0426665608828936e-10,1.0023315088838396e-10,9.944221511288458e-11,1.008390598919308e-10,1.0373579347302384e-10,1.0759903393277898e-10,1.128255811225521e-10,1.157446834626978e-10,1.2234079527957354e-10,1.2945373894373008e-10,1.3814918249244527e-10,1.4884309428523066e-10,1.6277176116790937e-10,1.7279079404071358e-10,1.8711785261225644e-10,2.0965851348313127e-10,2.4884255138065474e-10,3.126104230346755e-10,3.9267404038356185e-10,5.630091264848151e-10,8.162128824860078e-10,1.7837776786001774e-09,1.0045331276495309e-09,8.963879693476865e-10,1.1062607055852059e-09,1.5927542000353247e-09
carbon_pipeline,power,BE-DE,1.0545025787743714e-09,2.0117497491360054e-10,1.5759741308422232e-10,1.3003491967640478e-10,1.1946801772163168e-10,1.1303265263156437e-10,1.1018464396239946e-10,1.1517611914036557e-10,1.251982796105482e-10,1.3971131671670148e-10,1.627649973289516e-10,1.6954784023432516e-10,1.630819846076071e-10,1.5728576829837136e-10,1.4334856365940187e-10,1.2768675418919851e-10,1.3430745946000283e-10,1.4120993752789455e-10,1.4040544339257643e-10,1.3882152416278094e-10,1.2880909427011805e-10,1.3302271025975622e-10,1.5327866516369993e-10,1.7863267702426694e-10,2.102524063663289e-10,2.698282564155164e-10,3.6046062734373314e-10,4.2169902026270603e-10,5.908032499392455e-10,9.850424179387215e-10
carbon_pipeline,power,BE-FR,9.100616844183833e-10,1.7341717693639625e-10,1.346530886463866e-10,1.1239499359640993e-10,1.0246907969708749e-10,9.695570592029875e-11,9.64721825327296e-11,1.0309212667584699e-10,1.1390270880930397e-10,1.3014839683850465e-10,1.5760849312691821e-10,1.7761586751534017e-10,1.9517657444309268e-10,2.267181152755196e-10,2.474905347082314e-10,2.370813274344529e-10,2.6099072155289723e-10,3.1444150495793123e-10,4.042623203092113e-10,7.395295239723659e-10,1.8601364368739815e-09,5.693652164491945e-09,6.470329471599666e-08,4.4016736104234225e-10,1.7407453219702988e-10,1.4886155534032262e-10,2.2477714740783872e-10,4.1420798697947834e-10,1.2833622243778848e-09,9.546494950035363e-10
carbon_pipeline,power,BE-LU,3.1097314715058694e-09,6.026322943026561e-10,4.689357210146352e-10,3.8728289599915364e-10,3.5162689182072747e-10,3.3370244337170554e-10,3.2863188053919937e-10,3.4036036209287593e-10,3.615663341664761e-10,3.9527835279189483e-10,4.424858652392271e-10,4.713091449045346e-10,4.872992798083318e-10,5.095959550681914e-10,5.167765629365213e-10,5.100671417131979e-10,5.562639658384539e-10,6.199539761819283e-10,6.729037476612994e-10,7.635855315840459e-10,8.269626909660001e-10,9.527687837455894e-10,1.420186593735295e-09,9.648769345779069e-10,8.268396636106787e-10,9.088187123233998e-10,1.228321543211913e-09,1.4906749330820105e-09,2.2211807596145728e-09,3.4008446379115224e-09
carbon_pipeline,power,BE-NL,2.5555044510097905e-09,5.104700967772103e-10,4.2210793128907246e-10,3.7404449568767365e-10,3.8722373827875165e-10,4.3097799759269377e-10,5.171189799972149e-10,5.364389688362715e-10,5.962985971924366e-10,8.30655190464239e-10,3.4905114910004232e-09,2.243928755486581e-08,0.1446494173035524,0.1407386674958831,6.696300379027606e-10,2.3407626795607766e-10,1.58141503158155e-10,1.2387293477467026e-10,1.0801026053542382e-10,9.995017785181208e-11,9.137458101672688e-11,8.632513697014631e-11,9.900606127709695e-11,1.15534998063152e-10,1.3799206435786967e-10,1.6844254917092915e-10,2.1153346135090454e-10,2.912233892522876e-10,4.483935043022766e-10,9.955034352139373e-10
carbon_pipeline,power,BE-NO,2.8467664105383577e-10,5.2975038094486824e-11,4.0907151401120075e-11,3.3207001946810886e-11,2.915199618581228e-11,2.8614837471194323e-11,2.880814204599923e-11,3.0514904700480525e-11,3.260975316357547e-11,3.5707170566135627e-11,4.0496222614346646e-11,4.349903755124814e-11,4.643691629538263e-11,5.1022909077031855e-11,5.4703562142021124e-11,5.6354032316480923e-11,6.142475643605008e-11,7.012011603045452e-11,8.37064974265728e-11,1.116478004990986e-10,1.5509263385311448e-10,2.187663630285793e-10,3.390503785832977e-10,3.6204973270335264e-10,2.269416731229884e-10,4.2001640966795677e-10,1.0214231998637151e-09,3.710754326792397e-10,3.601231827258797e-10,3.9168569587352865e-10
carbon_pipeline,power,BE-UK,7.593929371272605e-10,1.4739318547511555e-10,1.2362519918351415e-10,1.1340124531615598e-10,1.2113676898041484e-10,1.1006626087211927e-10,1.0848115896423517e-10,1.1921206125067043e-10,1.3247437146754702e-10,1.6244693442148775e-10,2.460114387359711e-10,3.1494709168604524e-10,3.5991349200339204e-10,5.844638421841328e-10,7.705103440152699e-10,5.187009249159661e-10,5.310775671495066e-10,6.285185479603961e-10,8.615209109265836e-10,3.861328332782916e-09,0.3355227681442745,0.00591962298788595,0.006730439679579902,0.16274888064615373,0.09617295183999497,1.7097734819092837e-08,2.5575793552281946e-09,1.0321585115156427e-09,1.3533425991066108e-09,1.1185657341808454e-09
carbon_pipeline,power,BG-EL,1.16413660174777e-09,2.354112153243926e-10,2.152889249067797e-10,2.2726469959817546e-10,3.5916237604847434e-10,2.982829617617027e-10,2.9275457746456153e-10,3.1233283721339243e-10,3.1433454764047464e-10,3.5497283153116183e-10,4.026184736999785e-10,4.5341887918389063e-10,5.173031813946459e-10,8.77903725796158e-10,8.060071816088911e-10,8.870650815017773e-10,8.753895061358906e-10,7.713812130017686e-10,9.036583872873255e-10,1.3921166817907977e-09,3.0765097576840183e-09,1.2647996213218807e-08,0.008333302764207729,0.0820936514132728,0.23179561963964554,0.010295117710954095,2.532085836368711e-09,2.106995389868353e-09,2.5577446176015863e-09,2.1907793866639067e-09
carbon_pipeline,power,BG-RO,1.3385856786445357e-09,2.4741660941654563e-10,1.791112527751196e-10,1.36672462413292e-10,1.094319902019979e-10,1.1038256546023113e-10,1.1267470426736888e-10,1.1580736901150067e-10,1.2071360180388322e-10,1.260569661964816e-10,1.310383089659437e-10,1.3492124447686167e-10,1.4122716848719972e-10,1.475181986572685e-10,1.5358268517832574e-10,1.603799222042021e-10,1.6731345216282768e-10,1.7665541282955504e-10,1.8494134158496652e-10,1.9220624968768425e-10,2.026178987019086e-10,2.1619429072264705e-10,2.3843725934108266e-10,2.5667233932648244e-10,2.869007128405742e-10,3.2748628898210327e-10,4.0044659841655e-10,5.06194495742688e-10,6.985059784136779e-10,1.2238332897684522e-09
carbon_pipeline,power,CH-AT,1.0050506531253152e-09,1.9248310376971527e-10,1.4943180897439734e-10,1.2341481717318042e-10,1.1396565490149173e-10,1.0830080623946831e-10,1.0708637553427169e-10,1.0941836965636167e-10,1.1270330440632262e-10,1.1721910189509845e-10,1.233128335847324e-10,1.2648508728350536e-10,1.3032327294111926e-10,1.3437728800999797e-10,1.3790251432477686e-10,1.3923319577644726e-10,1.3845043224769687e-10,1.4604697191817836e-10,1.5007816429470255e-10,1.491250236953984e-10,1.4310141982521112e-10,1.336621833576896e-10,1.4160186018950875e-10,1.6087175610795874e-10,1.909733973488134e-10,2.282035291155391e-10,2.895710478625932e-10,3.851686416223977e-10,5.401463437827117e-10,9.50611487213691e-10
carbon_pipeline,power,CH-DE,9.678416300915758e-10,1.8169607308629066e-10,1.4269609428213028e-10,1.157931350381056e-10,1.0149295555827439e-10,1.0484764296790609e-10,1.0687162437872839e-10,1.0596705506082229e-10,1.0338228353601507e-10,1.0130300604103389e-10,9.855253865239083e-11,9.814520758938867e-11,9.863103068389508e-11,9.796448472278713e-11,9.853093422914294e-11,1.031138277829482e-10,1.1226610605526996e-10,1.1892644192835817e-10,1.2272028273510296e-10,1.2247581422936809e-10,1.2111172956237902e-10,1.2886277973330817e-10,1.5207760843939418e-10,1.9161025045380349e-10,2.5994240436125206e-10,4.2609137286853645e-10,6.611105973069181e-10,6.593491715953622e-10,1.0810112124218053e-09,9.397903878002215e-10
carbon_pipeline,power,CH-FR,1.0785359061803505e-09,2.0322891213630543e-10,1.566999387087411e-10,1.2897888351186237e-10,1.1121948458744702e-10,1.162391285120654e-10,1.236165051253255e-10,1.2920198017592473e-10,1.3059503194409874e-10,1.3363725436309847e-10,1.3659337171387683e-10,1.4509883806591612e-10,1.6148510043685633e-10,1.8121549517271822e-10,2.0955376043941402e-10,2.539208317498808e-10,3.084633618850723e-10,3.491773465606424e-10,4.4416302286527884e-10,6.059826157623509e-10,1.3750508707042674e-09,6.225702341976744e-09,1.7400526240135825e-08,1.021478116408132,3.849218557562674e-09,8.374665723480172e-09,1.40803671212148e-09,2.290676480009751e-09,1.578249010386455e-08,3.4606140449538647e-09
carbon_pipeline,power,CH-IT,8.15481492265608e-10,1.6274935997146384e-10,1.385967021287123e-10,1.3352909623527777e-10,1.6245369699375448e-10,1.427084672924773e-10,1.4137007404663663e-10,1.5480137389690042e-10,1.6161222759034226e-10,1.8021099428728457e-10,2.1491964845231117e-10,2.3782384118424063e-10,2.6268508298635347e-10,3.153088522273524e-10,3.5678408281413096e-10,3.6087999180411096e-10,3.2089900114488134e-10,2.5292109350754367e-10,2.2317184367611895e-10,1.9449495074262532e-10,1.5123148442650638e-10,1.0875049222905237e-10,9.997380718763186e-11,1.092926301354906e-10,1.381321752705076e-10,1.7751596579879978e-10,2.1953731949394238e-10,2.9118728883490435e-10,4.224903209213113e-10,8.369334239783833e-10
carbon_pipeline,power,CZ-AT,1.6865342160411737e-09,3.3010373145146064e-10,2.6725196036437857e-10,2.3401730550591946e-10,2.2947166212408813e-10,2.1328532848909617e-10,2.086673804283935e-10,2.1176965347296917e-10,2.190019115789602e-10,2.302851591033544e-10,2.464030640562231e-10,2.550942858008386e-10,2.704057801424514e-10,2.8907224821189133e-10,3.0634290385399504e-10,3.107802914457354e-10,2.9514280963284946e-10,3.174715826143992e-10,3.3071990029077243e-10,3.349628168165702e-10,3.203100977417226e-10,2.7595946076254805e-10,2.62456842771043e-10,2.6084511677634745e-10,2.789564173094749e-10,2.936352716247817e-10,3.7597033045573176e-10,5.208978058429076e-10,7.689925735382584e-10,1.4762302144940953e-09
carbon_pipeline,power,CZ-DE,1.4360536640592714e-09,2.7490388410536735e-10,2.2639165461965957e-10,1.9554222965340898e-10,1.747570242425133e-10,1.918468670096625e-10,1.9963556077852235e-10,1.882504710313212e-10,1.7360912912070725e-10,1.6180767019588034e-10,1.487678797079531e-10,1.4609948777187585e-10,1.470709777926853e-10,1.450914307664264e-10,1.4597002675469624e-10,1.5987488824450856e-10,1.8802779983514036e-10,1.9916339444362228e-10,1.9745823314921042e-10,1.871904934543029e-10,1.8080168867072357e-10,2.0472738715500113e-10,2.5218290571183593e-10,3.3305156136544743e-10,4.954488909878817e-10,1.4823703344382373e-09,3.2905338944346145e-09,1.3243431237136942e-09,3.164561957134397e-09,1.4448488595423155e-09
carbon_pipeline,power,CZ-PL,1.1519183661369816e-09,2.1522009666489839e-10,1.646781902491287e-10,1.3191272754795354e-10,1.1679524057045595e-10,1.144693003149088e-10,1.1531967338378066e-10,1.1880917642259119e-10,1.2238912772966548e-10,1.2708405041479188e-10,1.3261167196720064e-10,1.3890510265650592e-10,1.460440709164946e-10,1.5494378429418756e-10,1.6556861981957488e-10,1.7879779996131562e-10,1.960315434974001e-10,2.1514508744235142e-10,2.449119771862863e-10,2.9048895888015505e-10,3.7411458390256885e-10,5.276972170633109e-10,7.27278377932971e-10,9.561717668859622e-10,1.1976323384649825e-09,5.671858545417267e-09,3.264303488635787e-09,3.1194589254974705e-09,2.0897221358502095e-09,1.754545445546542e-09
carbon_pipeline,power,CZ-SK,1.3067938096734456e-09,2.5122648775675633e-10,1.968983857287835e-10,1.6502478258566041e-10,1.5444894757854239e-10,1.4482944229240068e-10,1.4221619111530606e-10,1.4446394914155336e-10,1.4961725578539664e-10,1.566703838783346e-10,1.6660978312665954e-10,1.7281836806592373e-10,1.8363552815751634e-10,1.9661286563604466e-10,2.12735605239402e-10,2.2883633076151033e-10,2.430423212240406e-10,2.6093206215381983e-10,2.859187069862299e-10,3.2357857973724206e-10,3.839444995797939e-10,4.31750409390357e-10,4.666846820004069e-10,5.468582122240616e-10,6.081467579630783e-10,5.905069532477031e-10,6.165599517587946e-10,8.339370872862183e-10,1.1785352617259023e-09,1.999888388383789e-09
carbon_pipeline,power,DE-AT,8.855781074642503e-10,1.717358082629048e-10,1.3466392165494254e-10,1.1314749707237527e-10,1.0772233039561769e-10,9.7070046007596e-11,9.427491254412568e-11,9.710932644744735e-11,1.0269311601628341e-10,1.1022105105251824e-10,1.211052053271382e-10,1.3090342496021012e-10,1.411166259820619e-10,1.5623227113876773e-10,1.7417443712256451e-10,1.8476302193849518e-10,1.761095789712933e-10,1.9996552536033136e-10,2.341753090418032e-10,2.921958892133878e-10,3.747912244653883e-10,3.166771678537705e-10,2.694082961824292e-10,2.339826653105197e-10,2.199415199545147e-10,1.762412739045765e-10,2.451270061806733e-10,4.135157899011363e-10,9.217005327944658e-10,1.3686773456167197e-09
carbon_pipeline,power,DE-BE,1.1513383341680627e-09,2.1936884555257109e-10,1.745183337244888e-10,1.4711855486593747e-10,1.3426569537350394e-10,1.3208631927612954e-10,1.3440579493942726e-10,1.2965000811646343e-10,1.2224911842093772e-10,1.1579620356984081e-10,1.087602758350979e-10,1.150666157493876e-10,1.2771755822894452e-10,1.4240634640265418e-10,1.676636517717445e-10,2.1011046132410874e-10,2.3065131586285732e-10,2.5117866803809264e-10,3.0624725955630244e-10,4.074964862740869e-10,8.693408305487971e-10,4.5583789683283514e-09,1.897541050623441e-09,1.7002262404105767e-09,2.0885580307274083e-09,3.684118152730216e-10,2.8127021078726843e-10,5.236876270535515e-10,8.634071488159579e-10,4.546055934526353e-09
carbon_pipeline,power,DE-CH,8.23454550812376e-10,1.5773575539843732e-10,1.240934094775332e-10,1.0489950348424952e-10,9.916576289807454e-11,9.009439965162131e-11,8.732932301550286e-11,8.885176435286079e-11,9.315419188349251e-11,9.897370858461467e-11,1.071293619486004e-10,1.1560173826550781e-10,1.2541391398628018e-10,1.3957617850191934e-10,1.5697948757607585e-10,1.719853557575556e-10,1.7537025287972121e-10,1.949187917861931e-10,2.351601504943524e-10,3.354355005181307e-10,7.063597248582683e-10,2.3922488259239966e-09,3.255651436188729e-09,5.222844539014331e-10,2.3160209757883196e-10,1.4504330366117808e-10,2.0848394526088013e-10,5.068646181366122e-10,3.0099514691754565e-09,1.3094956584218984e-09
carbon_pipeline,power,DE-CZ,1.0387096651096238e-09,2.011474192234676e-10,1.5527428617298614e-10,1.284188626499909e-10,1.1976429101674651e-10,1.0955637070885237e-10,1.0715026987205796e-10,1.1055586278982083e-10,1.1680961897923513e-10,1.2495893801194852e-10,1.3627950947377712e-10,1.4618612179336414e-10,1.5654348094534497e-10,1.711475235057003e-10,1.88503387944185e-10,2.0214019539100293e-10,2.0357121979701733e-10,2.2770531042964818e-10,2.6362702405226395e-10,3.2881877278767457e-10,4.484486994342718e-10,4.97520043442784e-10,4.839457094182355e-10,4.4535325846092207e-10,4.015492071971313e-10,2.7950733946961566e-10,4.0376711780502634e-10,8.181723447155887e-10,2.298389686448231e-09,2.2654124484090346e-09
carbon_pipeline,power,DE-DK,8.904113102327714e-10,1.7885907598268463e-10,1.4710669501919946e-10,1.303291182572628e-10,1.3947260913389307e-10,1.8955287911228263e-10,1.680152646045017e-10,1.747327827136953e-10,1.776733661210277e-10,1.9792027549418743e-10,2.4715817764689466e-10,2.8965852624120907e-10,3.4031860575117865e-10,5.330949324495565e-10,1.0024520195880122e-09,1.6866978109375149e-09,9.442004900954918e-10,7.150801935332145e-10,1.042449713853361e-09,3.118896878964203e-09,0.22831048757879407,2.853881276226606,6.693460352791155e-09,1.927367629366973e-08,7.780755652694856e-09,5.00333915991104e-09,3.930796837234389e-09,2.188556967911659e-09,1.924237521759387e-09,2.5601089083834666e-09
carbon_pipeline,power,DE-FR,5.892043393547299e-10,1.1024992414839128e-10,8.53689852859366e-11,7.152921823086323e-11,6.50821626638952e-11,6.23762829628827e-11,6.241391836208104e-11,6.399792142749709e-11,6.631936101971996e-11,6.962301483982997e-11,7.402143101308447e-11,7.925849584384583e-11,8.756924151110488e-11,9.909681501472131e-11,1.1447250325047393e-10,1.3222570737632215e-10,1.4128064748455674e-10,1.5638197950077764e-10,1.9472943079949193e-10,2.8916810878254007e-10,8.398334401616133e-10,9.569977277368484e-09,0.3940467252241121,4.0890289420947866e-10,1.6282172015047312e-10,1.0566361322745845e-10,1.2192981493263112e-10,2.2205499182187375e-10,4.6444129123482086e-10,7.585423311276709e-10
carbon_pipeline,power,DE-LU,1.3733510777809638e-09,2.6225092171969563e-10,2.0638297587590112e-10,1.7369277710385665e-10,1.5768975295817078e-10,1.5427698456419588e-10,1.5658881754873265e-10,1.521192129768155e-10,1.4427911473510381e-10,1.3910427799450599e-10,1.3273242334032617e-10,1.4105237770622702e-10,1.5690251036813938e-10,1.7559188041104167e-10,2.0688518266813324e-10,2.585566316986845e-10,2.8321646053985046e-10,3.0907145909439226e-10,3.74496999224544e-10,5.13233812171283e-10,1.241911130619702e-09,1.587093173602949e-08,1.0447052888311458e-07,1.2933398145248345e-09,8.236219267825026e-10,2.8972575461609535e-10,2.4290172995178004e-10,4.0051175415805293e-10,6.248158357378948e-10,2.0626251537799263e-09
carbon_pipeline,power,DE-NL,1.344136008963975e-09,2.658746509107036e-10,2.199455244940474e-10,1.9597671405471963e-10,1.9533707685318232e-10,2.1685413975641327e-10,2.6283440597301926e-10,2.632621945316275e-10,2.552474612544626e-10,2.6509169999104296e-10,2.9260126545737293e-10,3.536626844793519e-10,4.680897928480017e-10,7.909953710264014e-10,1.7490584173155009e-09,1.91779637046531e-09,7.21026445852191e-10,4.80922675486611e-10,5.548163223208468e-10,8.485999223892378e-10,1.2966781676728224e-08,1.7808220822202756,2.5787969696721113e-08,8.465055378354077e-09,1.1186138766546794e-08,3.964706225407856e-10,2.8740082259186043e-10,5.520974741273425e-10,9.164189244416908e-10,0.11632120642456115
carbon_pipeline,power,DE-NO,3.2313992258295236e-10,5.968747034531692e-11,4.649949548707219e-11,3.78731236678886e-11,3.308110724284356e-11,3.270388958911823e-11,3.3122363983504654e-11,3.4804187298924377e-11,3.6546959614249177e-11,3.908890393219539e-11,4.2727178996170125e-11,4.55240464446183e-11,4.950477465156832e-11,5.551963666653826e-11,6.256456298201111e-11,6.942676191493354e-11,7.44376324013459e-11,8.366053030171235e-11,1.0434402578578458e-10,1.5406348710763035e-10,3.3180803260457506e-10,9.794311536220007e-10,2.8331301556754687e-09,0.020332086115852147,3.891803582953018e-09,0.12345619515787433,0.3144688681299089,9.454767215480716e-10,5.857424875767721e-10,6.230381836026926e-10
carbon_pipeline,power,DE-PL,6.611036043202229e-10,1.2464995606550177e-10,9.542717703365412e-11,7.735781539365517e-11,7.02708522851164e-11,6.597424330105536e-11,6.521815091301465e-11,6.734248308923e-11,7.062606609616242e-11,7.486302216117758e-11,8.049940894963328e-11,8.561591782139578e-11,9.104572784449855e-11,9.84971254083851e-11,1.0726590894767392e-10,1.1554344781431995e-10,1.2123462790383422e-10,1.3497452311532636e-10,1.566530895674869e-10,1.959959599286339e-10,2.753446639961845e-10,3.8070375547614917e-10,4.6512302858981484e-10,5.025260125059852e-10,4.77709845379527e-10,3.481723073847864e-10,4.934075959210503e-10,1.419139435699809e-09,2.8366491085302106e-09,1.4504676873622502e-09
carbon_pipeline,power,DE-SE,3.7514677613161006e-10,6.91908367867539e-11,5.36395453794196e-11,4.338776529486126e-11,3.777731740349314e-11,3.7408095712759894e-11,3.78377087395099e-11,3.989130938554134e-11,4.199366387950566e-11,4.5040646048951106e-11,4.9401889479361405e-11,5.281070952834922e-11,5.7475137000478184e-11,6.46821500876769e-11,7.306336234032492e-11,8.1022253355341e-11,8.617629502020435e-11,9.646988208060425e-11,1.204786688215512e-10,1.7906807122386786e-10,3.9626783517432324e-10,1.1834006911263622e-09,3.425765934210076e-09,2.5207728031604403e-08,1.3947832208537023e-08,6.701192619264209e-09,8.104675609149572e-09,9.01242869267598e-10,8.258314668542056e-10,8.235153413075765e-10
carbon_pipeline,power,DE-UK,5.114201929149858e-10,9.851386667914196e-11,8.021316937441399e-11,7.175163243284655e-11,7.215529443408368e-11,6.826054266337858e-11,6.86258287699409e-11,7.133802368016568e-11,7.322201194097883e-11,7.816458540655784e-11,8.700479654391748e-11,9.431768920957814e-11,1.0620369626401244e-10,1.2870656451306552e-10,1.6007701120745813e-10,1.8716598441324904e-10,1.8768765461785413e-10,1.944830818105323e-10,2.475080318651134e-10,4.1882373167572056e-10,1.9600637486358256e-09,0.6402925744591768,0.7662090235960333,0.004497773518793749,0.08695324691966527,3.5732970850470043e-10,2.3789497624770954e-10,3.4594841742424976e-10,5.293657636689273e-10,9.708767898479268e-10
carbon_pipeline,power,DK-DE,7.62251591750381e-10,1.4355466805280568e-10,1.0884192257082935e-10,8.690090384084511e-11,7.44586083240937e-11,6.405747607621167e-11,6.573309456720088e-11,6.692455455447317e-11,6.938110910652593e-11,7.171390919541026e-11,7.365066789980707e-11,7.668380431370177e-11,8.065601329994588e-11,8.38528673151949e-11,8.754436514333137e-11,9.203083941514005e-11,9.671510272143315e-11,1.0158073639350862e-10,1.0677423075523788e-10,1.1191217153581738e-10,1.1936438717371183e-10,1.2727888328641191e-10,1.4153008842202147e-10,1.5845577451082378e-10,1.7975485361897062e-10,2.090609722869878e-10,2.501508354698751e-10,3.074182594365447e-10,4.2665713147937663e-10,7.320887485153139e-10
carbon_pipeline,power,DK-NL,8.662249076530922e-10,1.6456834514417794e-10,1.2551551839084998e-10,1.0197695884273503e-10,8.857197572293967e-11,7.736409229283449e-11,8.324207592838642e-11,8.318542009842526e-11,8.430119337007695e-11,8.563282775656917e-11,8.69044599594667e-11,8.927245449196047e-11,9.598763605662057e-11,1.0222688891170294e-10,1.0900253049837853e-10,1.1502781456873021e-10,1.1966676219717803e-10,1.257241226861886e-10,1.3540140681244973e-10,1.4878444473897533e-10,1.7077233907614007e-10,1.9308725407891503e-10,2.1530245972113226e-10,2.403495455663249e-10,2.774418153107043e-10,2.672134235524354e-10,2.863309470962024e-10,3.887639171049703e-10,5.784226332208367e-10,1.108855997398468e-09
carbon_pipeline,power,DK-NO,4.5732843978725596e-10,8.347562900838506e-11,6.315335897818468e-11,4.913216454011156e-11,4.0055994727073886e-11,3.6913854437128655e-11,3.85102663009071e-11,4.081774383113843e-11,4.3246272087012265e-11,4.604132497916563e-11,4.935527344933353e-11,5.190839402055758e-11,5.566179335150558e-11,6.004938616380684e-11,6.520696646405178e-11,7.150405761475646e-11,7.99040922057068e-11,9.295640798779836e-11,1.137189040557517e-10,1.5453885747815736e-10,2.739689820731252e-10,7.799632000462477e-10,2.390519458275427e-09,1.316848994405266e-08,2.300795542495123e-09,5.062605947285309e-09,8.155147510608527e-09,1.192638487026783e-09,7.591838597296502e-10,7.982012582643197e-10
carbon_pipeline,power,DK-SE,5.698555808534669e-10,1.0213799248869743e-10,7.672004331300176e-11,5.89573528095538e-11,4.751318816406086e-11,4.3439467198110626e-11,4.5408633546045995e-11,4.833944895145416e-11,5.1517959960053024e-11,5.517289534611646e-11,5.950606537444913e-11,6.11668914968236e-11,6.586494768224271e-11,7.114357508580078e-11,7.718201167979847e-11,8.456867619580129e-11,9.443306187984387e-11,1.098486850590904e-10,1.3390081864282156e-10,1.7985616741756047e-10,3.078417240547958e-10,8.244722927492165e-10,2.363392359766903e-09,5.07323942997262e-09,2.472373149307383e-09,2.095310964834024e-09,2.7693130623440704e-09,1.0030814590774017e-09,1.115454284288416e-09,1.0774164808164242e-09
carbon_pipeline,power,DK-UK,5.704817872950046e-10,1.0793668767071893e-10,8.569124856115688e-11,7.306000496377794e-11,6.79021858296998e-11,5.609306290791523e-11,5.7619632943570816e-11,5.888302856841238e-11,6.048267023876448e-11,6.264267085829967e-11,6.536061409072339e-11,6.888253061410144e-11,7.357028981271704e-11,7.936519498457174e-11,8.667525387593973e-11,9.52577397096957e-11,1.0519722512701002e-10,1.1849419903655975e-10,1.394474671952828e-10,1.7774507677074824e-10,2.7142733288388813e-10,4.101907373447769e-10,3.409305176733e-10,3.1919815132080615e-10,3.5639418885580666e-10,2.203263969020474e-10,1.8831339476865916e-10,2.6868459967824035e-10,4.098573653534024e-10,7.494681926216029e-10
carbon_pipeline,power,EE-FI,8.869663966944117e-10,1.6550161613353663e-10,1.4198720940232584e-10,1.273949351352621e-10,1.1401307111502388e-10,1.2406233284665194e-10,1.2708236645281715e-10,1.3256232868123406e-10,1.3688141010971674e-10,1.4625095546736056e-10,1.6134400937217556e-10,1.6770020007487e-10,1.8125632384608648e-10,2.0321576500710765e-10,2.2781680444057577e-10,2.581765724080353e-10,2.9275635300361627e-10,3.179867691215333e-10,3.7292180765813546e-10,4.864968332413813e-10,7.122500671144805e-10,1.1130535415406368e-09,1.2183004175048436e-09,1.0663195798785656e-09,6.433043279799365e-10,5.607346907553946e-10,6.969123095023487e-10,6.759168435388597e-10,6.215346087577196e-10,8.809462002416624e-10
carbon_pipeline,power,EE-LV,1.9974798121131836e-09,3.890559767647045e-10,2.937515484220986e-10,2.484268093029043e-10,2.3149066944670083e-10,2.199716763580812e-10,2.1568154066244827e-10,2.1542257281710165e-10,2.1910006733230933e-10,2.2500819555133403e-10,2.329750305993194e-10,2.3604878770999826e-10,2.4639060334565544e-10,2.562143087462234e-10,2.669844184583867e-10,2.783906420104458e-10,2.909400059512442e-10,3.045598325346513e-10,3.1618392940445847e-10,3.239136155808678e-10,3.351463311638725e-10,3.520044008302058e-10,3.838492930767711e-10,4.2944864145860536e-10,4.907918099709599e-10,5.753734008934941e-10,6.754472934402689e-10,8.314426361771847e-10,1.1490100780905258e-09,2.0387623324995073e-09
carbon_pipeline,power,EL-BG,1.0006070079183525e-09,1.8576742762331013e-10,1.34992235237208e-10,1.0247539514026026e-10,8.305982475577737e-11,8.399240013108453e-11,8.594196214808575e-11,8.873074363552068e-11,9.32534918799004e-11,9.766864850073537e-11,1.0290587819423056e-10,1.0851373284428343e-10,1.1520115942180682e-10,1.1970565631304032e-10,1.2710437772259577e-10,1.346133555682716e-10,1.4114111831949533e-10,1.4844759547666529e-10,1.5319499702740622e-10,1.5825971315445076e-10,1.6517618137358488e-10,1.7415618816503126e-10,1.8625551722834052e-10,2.081840273920639e-10,2.3207546769106322e-10,2.6155926047907477e-10,3.066193215175722e-10,3.8776037518307495e-10,5.400837002136148e-10,9.516089053358868e-10
carbon_pipeline,power,EL-IT,4.966713304391006e-10,9.247281056137894e-11,6.90524142718117e-11,5.1873969897190654e-11,4.065493216954446e-11,4.13542929619992e-11,4.250444463440794e-11,4.384480375198988e-11,4.558836988863246e-11,4.761929087360822e-11,4.9723439692891445e-11,5.067196254901805e-11,5.3170150182681576e-11,5.580456244311237e-11,5.806317754583686e-11,6.034223377096465e-11,6.260266268544122e-11,6.525751777352732e-11,6.785018970856845e-11,6.943328599697555e-11,6.953224422224481e-11,7.02246276429995e-11,7.660867160557285e-11,8.037538346345184e-11,8.940325782904315e-11,1.028402581414222e-10,1.2761895749002284e-10,1.6693586019192638e-10,2.3737438579120546e-10,4.2576662183035766e-10
carbon_pipeline,power,ES-FR,7.260241623542969e-10,1.3063454028136802e-10,1.3228215329444557e-10,1.1530111728893967e-10,1.2459864772107414e-10,1.2752848398993218e-10,1.2822517406484853e-10,1.268929244109327e-10,1.2065357734329782e-10,1.2214529927584648e-10,1.2703468391461652e-10,1.3539612273380313e-10,1.488074362399345e-10,1.6227640824042483e-10,1.8176308771231902e-10,2.017978982940769e-10,2.4164920178514245e-10,3.1281504841754335e-10,4.176235838757782e-10,5.029531181442067e-10,5.687321316997794e-10,5.033053707795783e-10,5.01686714813348e-10,4.990935425747132e-10,5.255692509093354e-10,4.96958382722139e-10,6.257194229225793e-10,1.2729545617768785e-09,1.508303337709533e-09,2.2910015049971066e-09
carbon_pipeline,power,ES-PT,8.694484923615827e-10,1.8740015172382438e-10,1.4395478603384488e-10,1.1936847303928716e-10,1.0852896712482607e-10,1.0374507887107515e-10,1.0218961282726389e-10,1.0267231670788477e-10,1.0473134989015633e-10,1.0790078342618868e-10,1.1208605262802896e-10,1.1576252399281e-10,1.2147169123211662e-10,1.2788262687977423e-10,1.3375126886062028e-10,1.4038639716445387e-10,1.4778252146461006e-10,1.5607312922506406e-10,1.6545576353580162e-10,1.7642273451441456e-10,1.892724475940344e-10,2.0374091196974997e-10,2.213258726150977e-10,2.4347266517069613e-10,2.722243567498191e-10,3.109396469358199e-10,3.658670782750537e-10,4.539981511695549e-10,6.211931699740773e-10,1.0869433448726534e-09
carbon_pipeline,power,FI-EE,5.457841438850097e-10,1.058424716335914e-10,8.001124787885073e-11,6.532957488409767e-11,6.04260511053341e-11,5.690519886530562e-11,5.635585660690881e-11,5.696866162647261e-11,5.84910243595751e-11,6.053313090749042e-11,6.29783846582732e-11,6.406816424311088e-11,6.72846514758107e-11,7.044938306185911e-11,7.379214386352079e-11,7.74591213631473e-11,8.141279533477062e-11,8.589055930304586e-11,9.07547113984725e-11,9.57043197019355e-11,1.0163343990633618e-10,1.0855755963025014e-10,1.178940140773585e-10,1.2803546398360654e-10,1.4133878922367904e-10,1.6145245540943556e-10,1.8761136785688922e-10,2.3156353523162267e-10,3.218580587300114e-10,5.655791250906467e-10
carbon_pipeline,power,FI-NO,1.1358181281384826e-09,2.217349349205739e-10,1.830869397253825e-10,1.6007433283075216e-10,1.4989718490800122e-10,1.4890555544747266e-10,1.499837699781438e-10,1.526106045074446e-10,1.5579016640924315e-10,1.6191021667658254e-10,1.7049081300731788e-10,1.8086743062743484e-10,1.9467782998004287e-10,2.1250561595432937e-10,2.343002134112333e-10,2.580604383319412e-10,2.8839607910868794e-10,3.2470664782864466e-10,3.778563219940354e-10,4.685381902236313e-10,6.343390725941429e-10,9.337979489777284e-10,1.1808436337798714e-09,1.3982478642584736e-09,1.1764754038062148e-09,0.2520753677747407,0.7790538919055313,1.2584920861383589e-09,8.066263889782561e-10,1.147029225347689e-09
carbon_pipeline,power,FI-SE,9.27890185373492e-10,1.7839703834342562e-10,1.4175382497028409e-10,1.2107051871528482e-10,1.1309141485231679e-10,1.1013266489971158e-10,1.0842960684255774e-10,1.087711485463746e-10,1.1072195125082934e-10,1.1434634508353167e-10,1.1957357922422003e-10,1.1886837004185648e-10,1.260791167202954e-10,1.3353308056405035e-10,1.4158102804793407e-10,1.4986217452720487e-10,1.5922058130594396e-10,1.6865324787011935e-10,1.7893482795745814e-10,1.9065335607450856e-10,2.0431839768970014e-10,2.2390322827939106e-10,2.5149508273788947e-10,2.884509030348649e-10,3.717024737259626e-10,5.788995009201516e-10,6.013807359929277e-10,5.161200525252717e-10,6.370661855471808e-10,1.0317477865678636e-09
carbon_pipeline,power,FR-BE,9.680368562370578e-10,1.8242687486872023e-10,1.4616706397756483e-10,1.2158687795347053e-10,1.1223493472002428e-10,1.1013069956150755e-10,1.0855408164070611e-10,1.0180654003703533e-10,9.524508755632463e-11,8.938482774331435e-11,8.339918256317403e-11,8.283884675104046e-11,8.625664495301492e-11,8.895195444879373e-11,9.413386313250237e-11,1.0225592960829336e-10,1.0766309614847954e-10,1.1253759825398547e-10,1.180421235724371e-10,1.2212440553808602e-10,1.2924569576658953e-10,1.4037595314971066e-10,1.5873245061312683e-10,1.8776977735166848e-10,2.3173611835278184e-10,2.9256325280811344e-10,3.418941226129888e-10,4.288556979389314e-10,5.989184691352185e-10,1.0141685324953288e-09
carbon_pipeline,power,FR-CH,8.881335444595292e-10,1.7007717899207478e-10,1.3391635080154532e-10,1.126162966017267e-10,1.07530285150275e-10,9.764717818688619e-11,9.300155607649191e-11,9.262021681900394e-11,9.556195987793965e-11,9.954095177094348e-11,1.0498597742310703e-10,1.069581737994452e-10,1.0882627666978336e-10,1.1076804691458635e-10,1.1212405895601774e-10,1.1239984451108681e-10,1.1468792842715466e-10,1.1906276804970523e-10,1.220205622706946e-10,1.2551179003122465e-10,1.2951003388963323e-10,1.3655596158824735e-10,1.509984231665638e-10,1.6965552740826215e-10,1.9438869880871163e-10,2.2519096741066816e-10,2.783398071970392e-10,3.5355534643153367e-10,4.84927048959675e-10,8.631581533796035e-10
carbon_pipeline,power,FR-DE,5.837045590789365e-10,1.0842946659089673e-10,8.46220893993196e-11,7.008131820380394e-11,6.446756332211903e-11,6.195178612055456e-11,6.043398863508251e-11,5.978290053837099e-11,6.009688526436952e-11,6.086861459157275e-11,6.192659860827872e-11,6.171753920562674e-11,6.21719955896389e-11,6.224349644799599e-11,6.240618343500919e-11,6.338507406155337e-11,6.633651489954267e-11,6.906706606354691e-11,7.079949856300928e-11,7.078482242040875e-11,7.089606940178484e-11,7.4790066977377e-11,8.480565592331412e-11,9.927196925952166e-11,1.1996981277560582e-10,1.515196024322218e-10,1.889716644603665e-10,2.2528145815653098e-10,3.067001617683497e-10,5.160117293567097e-10
carbon_pipeline,power,FR-ES,3.939323332194539e-10,8.33182389065333e-11,6.289847922160972e-11,5.202776083362029e-11,4.696488804198964e-11,4.495123888467653e-11,4.445970685570376e-11,4.4930289172589554e-11,4.619138666264362e-11,4.782242855657445e-11,4.988839448045634e-11,5.150458735644135e-11,5.415227057723837e-11,5.711697754114064e-11,6.042021749718523e-11,6.425299428373052e-11,6.845685417287966e-11,7.321039951315657e-11,7.87938907257279e-11,8.459546440070781e-11,9.108634534234213e-11,9.709048990696527e-11,1.0441517715261693e-10,1.1386261996361651e-10,1.266174727728574e-10,1.437067005589556e-10,1.6889874282913851e-10,2.1442313390336424e-10,2.9532059669930446e-10,5.065738691963526e-10
carbon_pipeline,power,FR-IT,4.670935248849679e-10,9.203137173139433e-11,7.39604480979242e-11,6.630824523399465e-11,7.036626465526782e-11,6.21033823580907e-11,5.92500465751784e-11,6.041085976761126e-11,6.233614778237828e-11,6.603721484793423e-11,7.202750992807678e-11,7.367770305722055e-11,7.569808285379217e-11,7.883243626127106e-11,8.000136893412302e-11,7.832422235410006e-11,7.687115834048075e-11,7.577604029612907e-11,7.520040778091241e-11,7.298253631836988e-11,6.735771704125114e-11,6.16197272711924e-11,6.653520494663879e-11,7.633683501987832e-11,9.19396111058616e-11,1.1168185744842252e-10,1.4082773925558644e-10,1.8108360855288114e-10,2.538012610577009e-10,4.682012368743428e-10
carbon_pipeline,power,FR-LU,1.0131314898027873e-09,1.919518978285042e-10,1.5203704997157675e-10,1.2594921858907534e-10,1.1574494961358855e-10,1.1283026850406514e-10,1.1072529630316559e-10,1.047928904296324e-10,9.909923647816576e-11,9.500320268518592e-11,9.034954340671174e-11,9.02033493882809e-11,9.354099035970904e-11,9.609193482332173e-11,1.0081621977936496e-10,1.0837611065986496e-10,1.1400851276594006e-10,1.1935726906542315e-10,1.2297420857250306e-10,1.272049679753752e-10,1.3436756304437694e-10,1.4417589848320361e-10,1.632373891916914e-10,1.9099197634081323e-10,2.3405982255441846e-10,2.939848383705637e-10,3.4536014521507467e-10,4.234122600201464e-10,5.892560270324097e-10,9.975160276877638e-10
carbon_pipeline,power,FR-NO,2.2677630676767494e-10,4.2692020368597923e-11,3.291439751797889e-11,2.6786595070521462e-11,2.3697845614691222e-11,2.3125348381102456e-11,2.305728592556325e-11,2.367820740392661e-11,2.4422862173375366e-11,2.558334172877586e-11,2.7231281324007553e-11,2.7857458978025774e-11,2.9274541198616195e-11,3.098843777914782e-11,3.271036006614595e-11,3.44345562033631e-11,3.676993035884852e-11,3.9932864460436424e-11,4.409752432005063e-11,4.955571803441925e-11,5.638493826543555e-11,6.497854277922147e-11,7.507997971966087e-11,8.98647119677528e-11,1.0725715316026082e-10,1.7303486831958915e-10,2.0413942664408237e-10,1.590061793730126e-10,1.8160192209187333e-10,2.658464367814832e-10
carbon_pipeline,power,FR-UK,5.452521329026001e-10,1.052269653753974e-10,8.632507635012371e-11,7.723915738961756e-11,7.897455110259494e-11,7.488515293503259e-11,7.415325597278324e-11,7.548704447221739e-11,7.600337838005746e-11,7.928264016649629e-11,8.554157254607016e-11,8.741648187411533e-11,9.055889417511356e-11,9.620076417443367e-11,1.0053110412278708e-10,1.0158873342697349e-10,1.034774121051188e-10,1.049842007733698e-10,1.0902570577961564e-10,1.1566771678645621e-10,1.2010705723345458e-10,1.2093801426180856e-10,1.2545612972207778e-10,1.595329072716433e-10,2.679932708476241e-10,5.320293682160793e-10,4.6103392064772347e-10,4.388435563245022e-10,6.605670620209545e-10,8.166690657042344e-10
carbon_pipeline,power,HR-HU,1.2708798725054446e-09,2.3885515135996645e-10,1.8526420909842915e-10,1.5615769512621616e-10,1.4762615353054008e-10,1.4053963548171219e-10,1.3788865175848466e-10,1.3626968953813652e-10,1.3700098282400026e-10,1.399099298764772e-10,1.4299387854396314e-10,1.458809935752576e-10,1.516233124249997e-10,1.561211783752729e-10,1.6130672118771494e-10,1.6829673064752426e-10,1.7840805442174484e-10,1.9285840965737811e-10,2.0651071766658516e-10,2.2418559938638178e-10,2.5023232736982943e-10,2.962308399377236e-10,3.623997595444895e-10,4.845203008803551e-10,6.658957916552968e-10,9.36528536265186e-10,8.900478781610103e-10,1.045928166651533e-09,1.4283932579107204e-09,1.908551234547314e-09
carbon_pipeline,power,HR-SI,2.2653798797136315e-09,4.3780672416486103e-10,3.549113606652491e-10,3.0832010878062276e-10,3.0738582759781823e-10,2.91308530594231e-10,2.8452505043985383e-10,2.7949727345272007e-10,2.7924721704772835e-10,2.8457676451269407e-10,2.88032387649814e-10,2.9323962376602395e-10,3.0229787484776054e-10,3.0752287568308603e-10,3.0701431155198493e-10,3.080494283009728e-10,3.1187881193835036e-10,3.2533539678816627e-10,3.352805221796862e-10,3.435764253000501e-10,3.490801363569572e-10,3.7369172474921446e-10,4.1493347480842394e-10,4.5031602901081653e-10,5.050403733548596e-10,5.805416572003382e-10,7.360713893044004e-10,9.743621483677516e-10,1.3845956327828442e-09,2.3856371373889483e-09
carbon_pipeline,power,HU-AT,1.0938136030386694e-09,2.087411371360457e-10,1.6615577723860372e-10,1.3941193675134389e-10,1.2701735682129221e-10,1.2352283093492378e-10,1.2243472138549299e-10,1.2252550473772256e-10,1.2413141709925738e-10,1.2701650920593474e-10,1.3023092014015318e-10,1.3127509695728475e-10,1.3597355805684814e-10,1.4051138815375536e-10,1.433358300687729e-10,1.4601579280774314e-10,1.478435089234998e-10,1.5677787904185252e-10,1.6113119001876807e-10,1.6213410693260837e-10,1.5911861389243607e-10,1.581053882069722e-10,1.6506541465394452e-10,1.709666103398342e-10,1.8822562071408704e-10,2.1627032463858785e-10,2.7777018781451084e-10,3.719420932270705e-10,5.26360195477339e-10,9.541274171374641e-10
carbon_pipeline,power,HU-HR,1.4170951043162194e-09,2.778413326662232e-10,2.2204399792783525e-10,1.8290397874930685e-10,1.6083721885296752e-10,1.5882188595846503e-10,1.61780101730605e-10,1.659211127373199e-10,1.7104294821091418e-10,1.821638548088723e-10,1.97508802858739e-10,2.096537916125205e-10,2.2661718633859553e-10,2.5269098783864525e-10,2.8365026103652066e-10,3.1573963582235455e-10,3.437156357431637e-10,3.5601222943944627e-10,3.6855782455181695e-10,3.7142709444389703e-10,3.4936388456961747e-10,2.7755642851974317e-10,2.4906865493156006e-10,2.308706003012619e-10,2.449260912370561e-10,2.867002464295964e-10,3.953689402612479e-10,6.019047057365633e-10,1.181128044470005e-09,1.8521348791477055e-09
carbon_pipeline,power,HU-RO,8.876525556549023e-10,1.7531971985972006e-10,1.3753173598711062e-10,1.2829164824325996e-10,1.4493307512847033e-10,1.2660357762549128e-10,1.1961562750257208e-10,1.1916849141464936e-10,1.1986022303588032e-10,1.221061556943922e-10,1.2843588428839606e-10,1.3227823425724235e-10,1.406024701047269e-10,1.462226827638655e-10,1.627162625160238e-10,1.824536242315813e-10,2.0979237259199564e-10,2.3555969017734817e-10,2.7036845179300734e-10,3.3778696382645276e-10,5.098014839609172e-10,9.688412185623152e-10,6.955460126209697e-10,3.7236471402683987e-09,6.353060708888448e-09,1.0247888472027656e-08,1.2968809055782067e-09,2.1395748388222627e-09,3.700621138332027e-09,5.825724962940426e-09
carbon_pipeline,power,HU-SI,1.271153652166077e-09,2.4857305726368724e-10,2.0069806572065516e-10,1.7099154165433298e-10,1.5931588001466806e-10,1.546974369860852e-10,1.5478732536483485e-10,1.579963588500835e-10,1.6273499741386103e-10,1.7058541797115736e-10,1.805917456689206e-10,1.8974163735608661e-10,2.0197619145603634e-10,2.1841853193467042e-10,2.3265839488679567e-10,2.4434166891399995e-10,2.4974012946919445e-10,2.5140954358783933e-10,2.540835295855511e-10,2.5055982838349126e-10,2.3271610057893544e-10,2.0257901816454486e-10,1.9529450500427152e-10,1.8758521318872867e-10,2.0092831552951955e-10,2.3077088960352743e-10,3.016103232614755e-10,4.1197063416878586e-10,5.971239186946492e-10,1.1042693330113226e-09
carbon_pipeline,power,HU-SK,2.7657322289017076e-09,5.25395118199275e-10,4.072359521270948e-10,3.271827704697441e-10,2.8539720812706917e-10,2.7952962591511017e-10,2.7824583177885664e-10,2.7953840190998666e-10,2.850253759128732e-10,2.921814328533662e-10,2.99269111292865e-10,3.055946586506038e-10,3.172973096292361e-10,3.293467519022802e-10,3.395355122055893e-10,3.5340168860941046e-10,3.7162060206048766e-10,3.9239842327934555e-10,4.142073589223137e-10,4.373016915862086e-10,4.656170777368803e-10,5.083421858258836e-10,5.637848224951836e-10,6.046185634058816e-10,6.729899468328195e-10,8.186123891042987e-10,1.0479714207020482e-09,1.3263169539417016e-09,1.8849771350733573e-09,3.0461363938134005e-09
carbon_pipeline,power,IE-UK,1.1361395545708289e-09,2.2352755379450225e-10,1.8104968407383115e-10,1.5913415017523504e-10,1.5986591881505965e-10,1.480192992138782e-10,1.4249307309278304e-10,1.3936345532877246e-10,1.3877182225301486e-10,1.3995650245190325e-10,1.4216845447667455e-10,1.469958925276976e-10,1.5337950554751592e-10,1.5966390845242085e-10,1.6752615535487297e-10,1.7600152124725597e-10,1.831458654019554e-10,1.8645054227283056e-10,1.87197752031981e-10,1.851551342991991e-10,1.8203455517649074e-10,1.798527122576613e-10,1.8420913298022378e-10,2.0372432979680272e-10,2.3827792713219543e-10,2.85168253456198e-10,3.517383669770406e-10,4.6146648860818377e-10,6.687553651679603e-10,1.192239461614009e-09
carbon_pipeline,power,IT-AT,8.410445725546395e-10,1.533470701070358e-10,1.111289537033093e-10,8.38461347836467e-11,6.796372346575335e-11,6.837226393220723e-11,6.95142337492098e-11,7.107496897837477e-11,7.442101412906434e-11,7.790336496446784e-11,8.16107832784967e-11,8.391400429639968e-11,8.82528228170305e-11,9.198345141639035e-11,9.590526097967178e-11,9.993782869879094e-11,1.032765238681178e-10,1.0879797848457562e-10,1.1331945927724003e-10,1.1734475415204466e-10,1.2314027735481294e-10,1.2964498916615829e-10,1.4164609109160707e-10,1.5887418210329417e-10,1.8071351323299821e-10,2.0761230813519164e-10,2.557536931655883e-10,3.2873390668485595e-10,4.553756407466076e-10,7.882901273016834e-10
carbon_pipeline,power,IT-CH,8.311957540525601e-10,1.4988216406518327e-10,1.0875528923793841e-10,8.231160384268914e-11,6.59456528290988e-11,6.667745308664414e-11,6.779275371250997e-11,6.872435213378403e-11,7.164383965303435e-11,7.47078065622807e-11,7.78978714318929e-11,8.035537343113171e-11,8.563861020089171e-11,9.052980144948496e-11,9.600326577860045e-11,1.0242176956416471e-10,1.0909566880727071e-10,1.1731183098132082e-10,1.2593625822318272e-10,1.3600332900803931e-10,1.5310461258735135e-10,1.782883745717226e-10,2.118842803444274e-10,2.4356940872056446e-10,2.535819717374527e-10,2.8058776354338895e-10,3.34590994014285e-10,3.8713755706228404e-10,5.277328534159005e-10,8.606889190247135e-10
carbon_pipeline,power,IT-EL,4.577219139916787e-10,8.87020783547275e-11,7.001330775718767e-11,6.32527643927702e-11,6.945098462716922e-11,6.123972853008255e-11,5.786621915688778e-11,5.706750931147302e-11,5.7273510194173744e-11,5.851975771132694e-11,6.116254045111361e-11,6.226662964787414e-11,6.590700723433331e-11,6.997317302959488e-11,7.466936111153465e-11,8.065084576816196e-11,8.858545949254893e-11,9.818841963441092e-11,1.1470624536378517e-10,1.339537589600083e-10,1.818189515537082e-10,3.4201890131240443e-10,3.186778148765318e-10,1.3554920159368083e-09,3.7120729422061054e-09,0.0016217445137266411,6.361667288002593e-10,7.461266903371081e-10,1.242416114381808e-09,2.0289238069171573e-09
carbon_pipeline,power,IT-FR,5.175096182620834e-10,9.47515801501485e-11,6.832420185609292e-11,5.2731460547808656e-11,4.267174959208752e-11,4.339044423015139e-11,4.4419708116988154e-11,4.50276499064961e-11,4.629294472314228e-11,4.781583880985659e-11,4.948963338737839e-11,5.070959786735462e-11,5.4928150706704926e-11,5.917834952421718e-11,6.442962731750752e-11,7.140189538433184e-11,7.947753999747609e-11,8.918187466954018e-11,1.0132368161737464e-10,1.1410232947546584e-10,1.4368297471279967e-10,2.0904194173008102e-10,2.913379098940166e-10,3.335150256365866e-10,2.666525426329755e-10,2.7858644174566855e-10,3.0295305129691933e-10,3.6263300017205123e-10,5.53379533138689e-10,7.433961062674054e-10
carbon_pipeline,power,IT-SI,1.1122783698753077e-09,2.0493768451606547e-10,1.4698840689347738e-10,1.0884854292311091e-10,8.662385650497888e-11,8.7929185042922e-11,9.025668316175402e-11,9.327841123139882e-11,9.874134139007876e-11,1.0431174564929991e-10,1.1015688574306383e-10,1.1629138411956414e-10,1.224116547435883e-10,1.281175236851078e-10,1.344159250208285e-10,1.4093301596345566e-10,1.4615425607042423e-10,1.534621284512906e-10,1.5740029950035457e-10,1.6293059107821888e-10,1.708080094715242e-10,1.8127006702455652e-10,1.9777698850183048e-10,2.210587462252842e-10,2.4974170489993064e-10,2.845948669939224e-10,3.4711393358622954e-10,4.4013728126945586e-10,5.941895367539319e-10,1.0414413416143756e-09
carbon_pipeline,power,LT-LV,2.5544918042755796e-09,4.91257454870907e-10,3.7332298540917034e-10,3.086824013558079e-10,2.787989404682185e-10,2.707405861680616e-10,2.7151795755371976e-10,2.7756920195400395e-10,2.8509678285300146e-10,2.9577190701306294e-10,3.0958270069367295e-10,3.1746993409136646e-10,3.350936318312523e-10,3.5449569224077355e-10,3.750369131229245e-10,3.9861537288896703e-10,4.2583572207152517e-10,4.586851326575355e-10,5.023020291617211e-10,5.482489722403945e-10,6.093687610498566e-10,6.760892487856021e-10,7.286940187566442e-10,7.687390917993129e-10,8.093820768262566e-10,8.793542621785739e-10,1.030666841576589e-09,1.2913233653813981e-09,1.752501622499967e-09,2.951042946750822e-09
carbon_pipeline,power,LT-PL,9.75460054565663e-10,1.8988428468934605e-10,1.539368813311544e-10,1.395962478874853e-10,1.4270086743800956e-10,1.3014454799935422e-10,1.2119095552209623e-10,1.1430235178100582e-10,1.1307861306280506e-10,1.1251336046603711e-10,1.126383272829329e-10,1.1220899599308548e-10,1.1600604487867303e-10,1.188728396926516e-10,1.2184726299877606e-10,1.233160959542425e-10,1.250414476795651e-10,1.2637212983456752e-10,1.2645823566398066e-10,1.2638660044673912e-10,1.284395807277777e-10,1.354331593567486e-10,1.5122335055865303e-10,1.7346183127602972e-10,2.0051326214828174e-10,2.3391404853178225e-10,2.786240158707528e-10,3.477846326391189e-10,4.962969415432167e-10,9.140757887363777e-10
carbon_pipeline,power,LT-SE,6.314614391394212e-10,1.2176778767999254e-10,1.0123719348177303e-10,8.94969965133564e-11,8.11892047791623e-11,8.670111000394762e-11,8.818393340395289e-11,9.13619783778157e-11,9.376341237207036e-11,9.912179899844612e-11,1.074436883277665e-10,1.1436576817851879e-10,1.2333638493463902e-10,1.372750328025344e-10,1.5328248098712529e-10,1.7279509263663583e-10,1.9596414855666257e-10,2.150958982164174e-10,2.5318625208484305e-10,3.325988174767732e-10,4.869004310193521e-10,8.089934893784265e-10,1.004185013020591e-09,9.915947487386337e-10,8.920409548512667e-10,2.2980758047663316e-09,2.1242254134058982e-09,6.679105119011481e-10,5.312846905948163e-10,7.009751784693997e-10
carbon_pipeline,power,LU-BE,3.460363701122568e-09,6.766759234896035e-10,5.515570396262729e-10,4.641474840138528e-10,4.299990117244891e-10,4.213481041243736e-10,4.198490152851393e-10,4.0225319837168433e-10,3.7948196966602697e-10,3.6435286086197784e-10,3.4678777351184243e-10,3.557578472727067e-10,3.773194282537533e-10,3.991704979355757e-10,4.3636405720985137e-10,4.923073699355031e-10,5.182002695889846e-10,5.414961785544938e-10,5.680112029396758e-10,6.017148078788617e-10,6.666747711286355e-10,7.318444712203132e-10,7.065038362982949e-10,8.870236716356989e-10,1.155370814071388e-09,1.4460449624425306e-09,1.6050867881913943e-09,2.416392844630425e-09,3.5969986315778964e-09,6.4590036198767e-09
carbon_pipeline,power,LU-DE,1.268884855725536e-09,2.4465023006824216e-10,1.9355101543868417e-10,1.595722267433435e-10,1.4706570125877716e-10,1.391955258362547e-10,1.351406053643191e-10,1.4021497248910225e-10,1.5102509783560762e-10,1.686391090959587e-10,1.9580800406782047e-10,2.0256491124925647e-10,1.9319837719457677e-10,1.8437617939105743e-10,1.6720457052713996e-10,1.4933202095823812e-10,1.5688520972661787e-10,1.646055745475764e-10,1.6083376980220002e-10,1.58462300715121e-10,1.474691055986833e-10,1.529864314582058e-10,1.754105037757793e-10,2.0727447096913608e-10,2.481709328304257e-10,3.183214639663088e-10,4.21152670991127e-10,5.018808014841078e-10,6.908305238876691e-10,1.1554348773194313e-09
carbon_pipeline,power,LU-FR,9.632744715827832e-10,1.8501671254225552e-10,1.4445068956578935e-10,1.2060196062173978e-10,1.100647090474361e-10,1.043439699522607e-10,1.0385678488364654e-10,1.1021288851057107e-10,1.2023218896166028e-10,1.366073810217054e-10,1.631071496436299e-10,1.8271002305880965e-10,2.0226502061956087e-10,2.3617868247000103e-10,2.6396679638858537e-10,2.6300235505178385e-10,2.8560856339138385e-10,3.3769281743099627e-10,4.318796582901218e-10,7.84997587271009e-10,2.343597086056347e-09,1.5510236154786093e-08,1.1210511776294183e-07,6.193645301498822e-10,2.108222241853977e-10,1.742121416173031e-10,2.6553137270393195e-10,5.63419440577866e-10,2.720002525994051e-09,1.2608445055313805e-09
carbon_pipeline,power,LV-EE,2.1509721124051763e-09,4.1135380156141156e-10,3.152298440973838e-10,2.644088557435848e-10,2.399275794746088e-10,2.3540229218954057e-10,2.3657199257584675e-10,2.421795567422054e-10,2.4953160769667257e-10,2.5995515020555304e-10,2.7378295450310774e-10,2.8037305491791824e-10,2.98034785757332e-10,3.184840130802252e-10,3.414584343052956e-10,3.6910387493330845e-10,4.011602226659961e-10,4.417081158775924e-10,4.931001473566235e-10,5.562372632385034e-10,6.453145328984754e-10,7.513457492315349e-10,8.061450314848985e-10,8.226005979200124e-10,8.221661804662993e-10,8.478181229096103e-10,9.732933950924093e-10,1.1775368183229095e-09,1.516536300915243e-09,2.4883530172115e-09
carbon_pipeline,power,LV-LT,2.591471490420507e-09,5.073274418280819e-10,3.9389752720533433e-10,3.381152379294664e-10,3.177546038407339e-10,3.0303888573198755e-10,2.9552937083125696e-10,2.931264840493831e-10,2.969851647280992e-10,3.0394546569556825e-10,3.1407797334632615e-10,3.1833854661473223e-10,3.3239913832828877e-10,3.45986114543827e-10,3.606189838151997e-10,3.751391748245411e-10,3.9077361983250656e-10,4.072434068950891e-10,4.24350651941698e-10,4.352155889695274e-10,4.4906576084427276e-10,4.711842163839797e-10,5.164402354733895e-10,5.822515485608056e-10,6.721330204379525e-10,7.919230980375496e-10,9.191074049330671e-10,1.1053197146678478e-09,1.4956263611067706e-09,2.6183212424954747e-09
carbon_pipeline,power,NL-BE,2.445975067293174e-09,4.6177963134588597e-10,3.558052507827531e-10,2.8320612971796287e-10,2.400288047050398e-10,2.1550937753447914e-10,2.0123540279191386e-10,2.0577610700163233e-10,2.1125821906114017e-10,2.1263626398320044e-10,2.07888932474572e-10,2.2436133215174303e-10,2.483848699575428e-10,2.684802834433925e-10,2.9260191399990344e-10,3.210911033621419e-10,3.3924157185319427e-10,3.612278759932662e-10,3.9780755889848885e-10,4.3599684803974984e-10,4.97836538633225e-10,5.846731767280733e-10,6.103506869613086e-10,6.547945457441944e-10,7.077146365357831e-10,7.934617071729637e-10,9.352805691770251e-10,1.1035685632981022e-09,1.4505626230620953e-09,2.35071077891996e-09
carbon_pipeline,power,NL-DE,1.1844407560912537e-09,2.2351714848692121e-10,1.722292301812719e-10,1.3839875314586049e-10,1.2187905141209213e-10,1.106279620922123e-10,1.0388159745191019e-10,1.0741699345608701e-10,1.1364833886593379e-10,1.2005562561809132e-10,1.2648143276839672e-10,1.303026777432295e-10,1.32031293951437e-10,1.3279879173441234e-10,1.3460923402950881e-10,1.4010129960377538e-10,1.4987349064171085e-10,1.590661254578314e-10,1.657480367800019e-10,1.6917075576057592e-10,1.726835496349389e-10,1.8009858969695613e-10,2.0163589128679652e-10,2.2896557933703546e-10,2.630341004408723e-10,3.309876489489719e-10,4.3433862250624934e-10,4.990252791127282e-10,6.986791035777874e-10,1.1410807924732563e-09
carbon_pipeline,power,NL-DK,9.4466839472268e-10,1.8262708096795356e-10,1.4638583121372292e-10,1.2614143247900694e-10,1.2542128045117272e-10,1.438064642216307e-10,1.1896635463544946e-10,1.2444883743472373e-10,1.3169649174292688e-10,1.4364932009387506e-10,1.6341035038170752e-10,1.6845471691536585e-10,1.6905141136241034e-10,1.764832550368868e-10,1.857720698768874e-10,2.070348847949897e-10,2.4498296177576597e-10,2.9203642907630744e-10,3.2240594834092703e-10,3.439954580275544e-10,2.963890809018784e-10,2.761629550123215e-10,2.8478811535145393e-10,3.08254773040134e-10,3.0591547273281035e-10,6.597310592142776e-10,3.465491168734574e-09,8.526293020566245e-10,1.0892029035480266e-09,1.007673497450315e-09
carbon_pipeline,power,NL-NO,3.170127546184864e-10,5.851771924183794e-11,4.486789758306787e-11,3.5950899346792394e-11,3.093635905608592e-11,2.9914872885034786e-11,2.9606052600647415e-11,3.1136650939431555e-11,3.2834850821714034e-11,3.5000301433504235e-11,3.782508213338929e-11,3.9784061041093585e-11,4.197250583689027e-11,4.493935096829003e-11,4.850475559636623e-11,5.3478808352048265e-11,6.083608594509867e-11,7.192880388470667e-11,8.804604011383986e-11,1.1834112123998277e-10,1.8352553583540356e-10,3.530502088304779e-10,5.544995756513083e-10,5.707227521699788e-10,2.832012894286258e-10,6.110734037291307e-10,2.591857780377531e-09,4.5104759469633843e-10,4.084685128369331e-10,4.044143291692612e-10
carbon_pipeline,power,NL-UK,8.006887969357368e-10,1.5354925176909585e-10,1.2695247277069523e-10,1.1363760687052918e-10,1.1518260499556955e-10,9.89704817970964e-11,9.223955183679472e-11,9.791275276620413e-11,1.0277466322642586e-10,1.1071341413261359e-10,1.229872565495082e-10,1.3027075193252029e-10,1.3562434917196887e-10,1.4751230235292368e-10,1.6492493565357303e-10,1.9145227228687706e-10,2.3392726307208245e-10,3.010462253808517e-10,4.0968838386816815e-10,7.274232778442326e-10,2.2173924230397845e-09,1.6926729271900927e-07,3.8060319758542334e-08,0.4525079795561449,0.08097013074491564,0.02129167911185264,4.28623805168317e-09,1.0821894752839436e-09,1.3770451767978196e-09,9.891983361307364e-10
carbon_pipeline,power,NO-BE,2.5332679347215634e-10,4.833256777454418e-11,3.6849196174729453e-11,3.0894033988084565e-11,2.894533706040603e-11,2.7199643845192833e-11,2.643511142118485e-11,2.5571874303953e-11,2.525267929048155e-11,2.507030476707456e-11,2.491648304204393e-11,2.527726435486639e-11,2.645606018229244e-11,2.7500722967263803e-11,2.8885749255785195e-11,3.067758940626716e-11,3.2071603536083864e-11,3.3261460058939294e-11,3.455866884065323e-11,3.571857496084478e-11,3.7446189554782955e-11,3.9887888620192287e-11,4.3325654316691195e-11,4.820547386787898e-11,5.5087645138812505e-11,6.297212796888108e-11,7.416414132650138e-11,9.458807919465655e-11,1.352155219891607e-10,2.4176561425051676e-10
carbon_pipeline,power,NO-DE,2.7921944816921234e-10,5.296125163843275e-11,4.031497859319392e-11,3.3941456711038795e-11,3.1937222784769725e-11,2.988698960151018e-11,2.8930804777709444e-11,2.8228051393642906e-11,2.8199759039330125e-11,2.8380283465803548e-11,2.8676484032552463e-11,2.87860113176474e-11,2.975522396272558e-11,3.053910929165939e-11,3.1457711205743565e-11,3.2637599962596897e-11,3.4019799670900187e-11,3.51832839854514e-11,3.613569911519441e-11,3.6842456746270634e-11,3.77660761673269e-11,3.9794977588149555e-11,4.389082438732417e-11,4.930763797795786e-11,5.6531205475709866e-11,6.633574698626467e-11,7.96375158203286e-11,9.946277542739372e-11,1.399840126666464e-10,2.4458326462350705e-10
carbon_pipeline,power,NO-DK,3.960945503961027e-10,7.741962978649965e-11,6.011047735484978e-11,5.211980898829261e-11,5.2222569870692205e-11,5.2612602930434805e-11,4.8964149715217984e-11,4.67590758883161e-11,4.60439703669982e-11,4.6048923398227744e-11,4.655794350683672e-11,4.681805457415131e-11,4.8121448613510445e-11,4.932686262751114e-11,5.055120887399332e-11,5.1783694223053e-11,5.28261724981566e-11,5.2937201154014264e-11,5.282968567367704e-11,5.227023200741391e-11,5.1478123367915094e-11,5.3087267266906136e-11,5.850802582160772e-11,6.627325679660692e-11,7.694906917119762e-11,9.15474719040107e-11,1.1136219184910627e-10,1.4205200115552226e-10,2.044107333309681e-10,3.6727732043157327e-10
carbon_pipeline,power,NO-FI,1.0053272725549826e-09,1.896058987632871e-10,1.447116788345251e-10,1.1697486178767937e-10,1.0627932576351806e-10,1.0049245770179368e-10,9.886157495848866e-11,9.960087153507681e-11,1.0179209353467875e-10,1.0459528883439947e-10,1.0783261964709147e-10,1.1185961307513562e-10,1.156268234387069e-10,1.1958968794230288e-10,1.2363691853232727e-10,1.2842900971600974e-10,1.3332083526175366e-10,1.3863797229629805e-10,1.438847167904001e-10,1.4897902247481646e-10,1.542360795022579e-10,1.6006524715305007e-10,1.7024939248006023e-10,1.8412739484437025e-10,2.058956738628607e-10,2.2546442296235815e-10,2.733051972235216e-10,3.553098240012932e-10,5.117658087805335e-10,9.265588468558664e-10
carbon_pipeline,power,NO-FR,2.058456682285251e-10,3.9614182739072775e-11,3.001201672616755e-11,2.5034731320668158e-11,2.3220838504269752e-11,2.1768179161976112e-11,2.1178404351824427e-11,2.085984881322562e-11,2.100433490344585e-11,2.1333256216922078e-11,2.1818157951642858e-11,2.2100591489950986e-11,2.316937104245224e-11,2.420058618400968e-11,2.5383678817969295e-11,2.6760915653699575e-11,2.8128810288791042e-11,2.950156552657454e-11,3.1050270870183664e-11,3.250000331730987e-11,3.4398656964905905e-11,3.6711980314225856e-11,3.949959053014207e-11,4.255845257363457e-11,4.636363573929499e-11,5.10730883462277e-11,6.136413269545511e-11,8.068119950846916e-11,1.2024655802507346e-10,1.9919512424363576e-10
carbon_pipeline,power,NO-NL,2.7939653709246075e-10,5.372988555115813e-11,4.117313550498878e-11,3.4857232600267885e-11,3.3202507581114496e-11,3.1580501215200944e-11,3.1103429381147724e-11,3.003425599045912e-11,2.97274419764718e-11,2.973531513590317e-11,2.992569758767125e-11,3.047529389797347e-11,3.172507286181079e-11,3.2866231729812343e-11,3.4062750007186785e-11,3.513694148764353e-11,3.5967793177960275e-11,3.655697648329365e-11,3.735280300303056e-11,3.815427943313448e-11,3.937543704512978e-11,4.153821484888651e-11,4.565539835763445e-11,5.127975881507408e-11,5.909055447754641e-11,6.811574098130195e-11,8.076827849802634e-11,1.0382044511013732e-10,1.4961835026323724e-10,2.6899519782150955e-10
carbon_pipeline,power,NO-SE,1.6686137009814937e-09,3.2259486917888324e-10,2.484805605337701e-10,2.0358837107711416e-10,1.8855649794887533e-10,1.7916502986586346e-10,1.7382625361149356e-10,1.7337882646197898e-10,1.7631135595192847e-10,1.8048754554758445e-10,1.854638699963244e-10,1.9149503260900106e-10,1.9782685553887392e-10,2.0409257823810114e-10,2.1048669282974838e-10,2.1789930374029548e-10,2.25367920722654e-10,2.325940832543195e-10,2.392238194467295e-10,2.449130185189101e-10,2.5089195785907355e-10,2.602436173707813e-10,2.804321355970405e-10,3.079447088571658e-10,3.5706032875241934e-10,4.1393850489038014e-10,4.954425783288392e-10,6.180197768985956e-10,8.816505278063077e-10,1.5586474319684985e-09
carbon_pipeline,power,NO-UK,2.786104761626136e-10,5.3608161009924256e-11,4.1685257146551934e-11,3.6114381450059466e-11,3.539367928252145e-11,3.267990934681931e-11,3.158459204961755e-11,3.083147747355581e-11,3.073544358684727e-11,3.106072316457281e-11,3.173990327362583e-11,3.176914336172007e-11,3.311769263021391e-11,3.451428652404324e-11,3.60273781802128e-11,3.7551097540432865e-11,3.8927766255942714e-11,3.986585635796869e-11,4.087671864200987e-11,4.18796269169343e-11,4.2995108555334063e-11,4.440322891110134e-11,4.714488336947026e-11,5.2146034808860055e-11,6.005321140619178e-11,6.760463700819075e-11,7.847474920032025e-11,1.001593707826031e-10,1.4322663209477112e-10,2.574921999351964e-10
carbon_pipeline,power,PL-CZ,1.1796408030677276e-09,2.2810081222100885e-10,1.8353419692236222e-10,1.6079904004933777e-10,1.5498238223689994e-10,1.4579451074963698e-10,1.4149553762677877e-10,1.3899699362843992e-10,1.4037633359844409e-10,1.431346089869252e-10,1.4706669484465243e-10,1.5246041667368333e-10,1.5861715860045092e-10,1.6433181532161373e-10,1.692717410183684e-10,1.7323924181790108e-10,1.7565726891627866e-10,1.7969982016369629e-10,1.7954692023630047e-10,1.734135981627804e-10,1.654357935952856e-10,1.6187310044015328e-10,1.71108624625543e-10,1.904785327500664e-10,2.1905730145700072e-10,2.504113708488524e-10,3.2274405495769264e-10,4.4403506814716445e-10,6.319711247287912e-10,1.1147474039961477e-09
carbon_pipeline,power,PL-DE,7.979074195060614e-10,1.523124631275224e-10,1.2515461554243187e-10,1.0977779878645938e-10,1.0247514898115838e-10,1.0428773525039936e-10,1.0437611349347567e-10,9.96732788221537e-11,9.596746194193769e-11,9.323844757603997e-11,9.00256482698557e-11,9.026614487844098e-11,9.174522903089863e-11,9.183174181550054e-11,9.260361547946619e-11,9.724820095424992e-11,1.0540687417424657e-10,1.0754145005014469e-10,1.0583673293154436e-10,1.0099448130282247e-10,9.658445573956894e-11,1.022568075242605e-10,1.1709334575919512e-10,1.41930298169783e-10,1.8229345675887775e-10,2.6414860827385043e-10,3.957610631490907e-10,4.608302065094209e-10,6.945299608704086e-10,7.734848389007048e-10
carbon_pipeline,power,PL-LT,9.559535606899848e-10,1.8006700968032375e-10,1.3530370382599238e-10,1.0566791683312915e-10,9.083016803055991e-11,9.13174499994047e-11,9.547321238648339e-11,1.0223741107859957e-10,1.0705430437345484e-10,1.1330367112144404e-10,1.2064603835784406e-10,1.2855846121212936e-10,1.4040025601700476e-10,1.5621708769372364e-10,1.729078736018217e-10,1.9067876978324053e-10,2.1393031329831883e-10,2.4034354916108264e-10,2.9075715518815896e-10,3.845686007376747e-10,5.998102759709338e-10,1.0414319052965967e-09,1.280741438342012e-09,1.3742939936907103e-09,1.1195061750849279e-09,2.447377441422437e-09,2.5105511163700624e-09,6.768919864452216e-10,1.461369449630434e-09,2.210349713406871e-09
carbon_pipeline,power,PL-SE,4.500198051766828e-10,8.509403855610348e-11,6.686406430896905e-11,5.5148191339049657e-11,4.7761716124845834e-11,4.9612081925094036e-11,5.129155870790837e-11,5.4297741571545786e-11,5.648469382067244e-11,6.015689666255424e-11,6.541204743641324e-11,6.941277675199235e-11,7.563988480089128e-11,8.468880156504699e-11,9.491277509824403e-11,1.0765535571598645e-10,1.2300629125211228e-10,1.376746433616799e-10,1.70098463909718e-10,2.422209711718531e-10,4.275983818923004e-10,9.810537005660583e-10,1.431423397726814e-09,1.4737915808194073e-09,9.445995122332428e-10,9.577155750443656e-09,1.4246136503645219e-08,4.2702784249726346e-10,4.665573121287153e-10,5.98996479518119e-10
carbon_pipeline,power,PL-SK,1.1604610084190797e-09,2.2590413018971574e-10,1.8039571893330974e-10,1.5832370398731585e-10,1.5560294111395816e-10,1.429272328517818e-10,1.3827059076051112e-10,1.3632665982736606e-10,1.38742358370894e-10,1.4426237498677753e-10,1.5207668702110392e-10,1.5811730880375754e-10,1.671099904063529e-10,1.7680147038261754e-10,1.871604077123592e-10,1.9424073203569282e-10,1.961939862800808e-10,2.014507883280322e-10,2.0357705392365154e-10,2.0359113640484871e-10,1.997474145175246e-10,1.9073331626329298e-10,1.9608123280666136e-10,2.1805896627604232e-10,2.474321136272407e-10,2.6419419212881625e-10,3.331293421437275e-10,4.661783491027109e-10,6.959199040355588e-10,1.2461657096611386e-09
carbon_pipeline,power,PT-ES,1.0362838033311833e-09,2.1302001577146495e-10,1.814607180960693e-10,1.499916847461583e-10,1.3924949426843923e-10,1.340303309246252e-10,1.3147427671102483e-10,1.2986353345262676e-10,1.2793148783762395e-10,1.3471402029447078e-10,1.4255944527556538e-10,1.515504353073451e-10,1.640025819075616e-10,1.800180054117683e-10,1.872977118574288e-10,1.9845137842203078e-10,2.1388177684494843e-10,2.3275096646737612e-10,2.540209174534927e-10,2.7414931466898205e-10,2.9241432206964316e-10,3.181672899024341e-10,3.446784404992872e-10,3.7113863389783875e-10,4.01761413559902e-10,4.4584367202866355e-10,5.20799424971741e-10,6.275404496697298e-10,8.221361636286015e-10,1.445842814584706e-09
carbon_pipeline,power,RO-BG,1.335806737875342e-09,2.689130226409417e-10,2.229093596394773e-10,2.142741256568697e-10,2.5681908392668653e-10,2.2784616372175384e-10,2.18414223826855e-10,2.19109884083704e-10,2.1939294011493206e-10,2.258965820488547e-10,2.400030428445578e-10,2.516262771137144e-10,2.6679203550092417e-10,2.8454087853746953e-10,3.17367746357158e-10,3.5438564814630594e-10,4.087743339845936e-10,4.4725533350115324e-10,5.3740017969008e-10,7.410439488552711e-10,1.0747092132559098e-09,1.719002956286636e-09,1.1056781370285367e-09,4.221464086415497e-09,7.021250623801663e-09,1.2500592947496166e-08,1.5872420743515932e-09,2.1461904595594453e-09,3.118441317286965e-09,3.5727972482928223e-09
carbon_pipeline,power,RO-HU,1.0715009312591878e-09,2.02451495016872e-10,1.5076260371428642e-10,1.0672945629276662e-10,7.793486431402482e-11,8.102686049716569e-11,8.438355720964983e-11,8.719445647550935e-11,9.114034223039235e-11,9.610161806320249e-11,9.991129587685022e-11,1.013824927669649e-10,1.0505133770975675e-10,1.1153710019651497e-10,1.1373453364012264e-10,1.1697730038298557e-10,1.2036643949610404e-10,1.273584379647971e-10,1.334946422186772e-10,1.3750179566121926e-10,1.3984188569020842e-10,1.4582276286348826e-10,1.6446581831106422e-10,1.748630268916416e-10,1.9955399612750374e-10,2.347084667378136e-10,2.953547081336149e-10,3.7951394247434355e-10,5.314862114725718e-10,9.695271703801806e-10
carbon_pipeline,power,SE-DE,3.230184472309247e-10,6.142329808642244e-11,4.698299478498167e-11,3.981167579947462e-11,3.7639060398036247e-11,3.519678638470217e-11,3.4122739686720684e-11,3.320620407640604e-11,3.3122042423856613e-11,3.327178389491076e-11,3.354607899359839e-11,3.3599952582987736e-11,3.477374980188454e-11,3.568146772900676e-11,3.677287242923397e-11,3.81962510778706e-11,3.989321094311549e-11,4.1288326721042894e-11,4.240085954221414e-11,4.320968232601412e-11,4.431555233167179e-11,4.684118694758271e-11,5.188958079969904e-11,5.857813918326487e-11,6.707010748265652e-11,7.898140461475513e-11,9.499020660233527e-11,1.186194335153896e-10,1.6652060355764275e-10,2.899533445774368e-10
carbon_pipeline,power,SE-DK,4.961719356245917e-10,9.655235346236129e-11,7.62592143955471e-11,6.765412254964974e-11,6.966713096495299e-11,7.202637740518427e-11,6.646734272630998e-11,6.286747471921388e-11,6.153164419091358e-11,6.14488247985666e-11,6.230308714484999e-11,6.052492833606959e-11,6.258200397093354e-11,6.433254295031917e-11,6.597708257186146e-11,6.744453022898752e-11,6.849571437471294e-11,6.779317820217617e-11,6.680659400907876e-11,6.51693734868199e-11,6.317978143646266e-11,6.489482293306994e-11,7.206335143000445e-11,8.253772559381467e-11,9.601400840487704e-11,1.1519135987191393e-10,1.4056295380191171e-10,1.7943684648087525e-10,2.5671630845468395e-10,4.581876023071181e-10
carbon_pipeline,power,SE-FI,9.014133200138354e-10,1.689345577908078e-10,1.301047042004419e-10,1.0629083840755321e-10,9.585799270796222e-11,9.133164724257496e-11,9.09115352817446e-11,9.224130912652315e-11,9.474302835780172e-11,9.820903147135593e-11,1.027920268122351e-10,1.0219728326249474e-10,1.0740711010990541e-10,1.1263511117659025e-10,1.1801391061936568e-10,1.2404581718953681e-10,1.3047143846828274e-10,1.3795602903149186e-10,1.463185476042458e-10,1.557236878404759e-10,1.6631799749606006e-10,1.769373934807853e-10,1.8818381033066533e-10,2.0173157470345965e-10,2.1074602561313594e-10,2.1669770161620832e-10,2.628319813947776e-10,3.5231496286734773e-10,4.990128686810986e-10,8.90817115535193e-10
carbon_pipeline,power,SE-LT,4.256133013868278e-10,8.293202993216166e-11,6.174606111032737e-11,5.0286217669130666e-11,4.637657697278088e-11,4.353279220219025e-11,4.3067639361436595e-11,4.345568757370018e-11,4.454492515533594e-11,4.595441692194428e-11,4.7589502405579654e-11,4.907868319148502e-11,5.123089088596474e-11,5.338461749762141e-11,5.570308145944045e-11,5.82816975097267e-11,6.104090445737865e-11,6.416023490233073e-11,6.739813380789187e-11,7.072015352345645e-11,7.457395075403665e-11,7.906617748113077e-11,8.543173312881619e-11,9.286325750212339e-11,1.020144405457817e-10,1.1435422882638679e-10,1.3491403670197941e-10,1.7099241114694013e-10,2.409691815878707e-10,4.312834350685719e-10
carbon_pipeline,power,SE-NO,1.9452939420425494e-09,3.7890410095094386e-10,3.1191969685453095e-10,2.658099956793471e-10,2.3955179369046876e-10,2.3632618958570156e-10,2.4383032654637825e-10,2.530500844402683e-10,2.617455766545462e-10,2.748320071838113e-10,2.9237753065227507e-10,3.1301411669970744e-10,3.3738355768532786e-10,3.7065220881889267e-10,4.1178905308103146e-10,4.588905481654247e-10,5.175965382620702e-10,5.98020115167654e-10,7.326340528223186e-10,1.0117781510590433e-09,1.7875824038232305e-09,4.409858422838859e-09,9.804891952628339e-09,0.1212026828392077,3.5592411108278452e-09,1.3788470131432295,0.05214100313298829,0.02246224977539894,1.9539184913837254e-09,2.563121258000366e-09
carbon_pipeline,power,SE-PL,3.4141358740382544e-10,6.645539386661109e-11,5.018343592143844e-11,4.170066710063151e-11,3.913611546519334e-11,3.616351196135039e-11,3.5091190199647984e-11,3.471015589503457e-11,3.524489578364022e-11,3.6028995761305136e-11,3.7065084905202963e-11,3.775175705289422e-11,3.930491409711787e-11,4.0719783146995966e-11,4.2304481251888174e-11,4.3998945189213386e-11,4.574940490166054e-11,4.770637832023336e-11,4.957023610126792e-11,5.150482848025734e-11,5.386317533463011e-11,5.708653719171572e-11,6.237160074893218e-11,6.888116772172866e-11,7.66855187519206e-11,8.680436065886459e-11,1.0252722539381769e-10,1.2946549000878118e-10,1.824200015178122e-10,3.300516741858651e-10
carbon_pipeline,power,SI-AT,2.4428888459164633e-09,4.5834536259962785e-10,3.564376627277083e-10,2.921092391489706e-10,2.597105437870949e-10,2.5241497817368386e-10,2.4798657408791636e-10,2.4425350033210034e-10,2.4516704609257186e-10,2.4694054430217743e-10,2.4878785191560457e-10,2.473599517636887e-10,2.5504126332054e-10,2.597036582082383e-10,2.6398992068939827e-10,2.7116763205297025e-10,2.8018279580092497e-10,3.0204984905206814e-10,3.15934390810403e-10,3.269101432671106e-10,3.3912382895005496e-10,3.5977145406399577e-10,3.972833610088888e-10,4.493681575505558e-10,5.180778918430058e-10,6.05649739295094e-10,7.613867400788224e-10,1.0064764092684021e-09,1.4657790255409405e-09,2.4496038279997807e-09
carbon_pipeline,power,SI-HR,2.421578464679156e-09,4.683797518328233e-10,3.591064218214064e-10,2.796028138662253e-10,2.364604687400247e-10,2.3330797055113447e-10,2.369422441683317e-10,2.4144250837146703e-10,2.4808572386406533e-10,2.6141377408821287e-10,2.7985877883369565e-10,2.9163716047820945e-10,3.100940988859099e-10,3.334944433959294e-10,3.6706442692499935e-10,4.1410344337897373e-10,4.795700692223968e-10,5.416144484714591e-10,6.0999387141247e-10,6.3164224091675e-10,6.610084549052545e-10,8.387104858662358e-10,9.224402992689019e-10,1.190949222027555e-09,1.4955640343131266e-09,2.060831619566713e-09,1.8341222603597756e-09,2.287882410025893e-09,8.225927045834267e-09,7.3389236982079836e-09
carbon_pipeline,power,SI-HU,1.1837871252639e-09,2.2321855121364574e-10,1.7067866958032283e-10,1.4022078886103967e-10,1.2732485932701068e-10,1.220729160158778e-10,1.204133866924867e-10,1.2098109884765755e-10,1.2344597474011917e-10,1.2667396751484725e-10,1.3092384833427899e-10,1.343301881741419e-10,1.4034295632813493e-10,1.4601973280217598e-10,1.5331974924707887e-10,1.6221935686864568e-10,1.7338125886987886e-10,1.8720499646375498e-10,2.0272833347226514e-10,2.2369964965877565e-10,2.564770754788524e-10,3.1198231119395223e-10,3.914421348303429e-10,5.658788737585803e-10,8.518119168110914e-10,1.4040532487245306e-09,9.646604057056487e-10,9.825760816098974e-10,1.2320238316075936e-09,1.7515201340688536e-09
carbon_pipeline,power,SI-IT,1.2003330457479975e-09,2.4133187849021974e-10,2.1696025174310646e-10,2.3019858730616393e-10,3.486744517581496e-10,2.999679649477198e-10,3.0183015545794616e-10,3.3887382348223283e-10,3.4270438844812767e-10,3.849023621897377e-10,4.6124880610901613e-10,5.364247197773834e-10,6.205960264826672e-10,8.241274823657449e-10,9.881455114508154e-10,1.3429463266983712e-09,2.5929828404268046e-09,1.4925755112835832e-09,1.8312337852028192e-09,3.1363365230160843e-09,1.000215962339111e-08,4.489542778695909e-09,2.9811929793275826e-09,1.8459055608587152e-09,1.6868051127678847e-09,2.8351794605338047e-09,1.384398556064238e-09,1.672200421299207e-09,1.8650020411081214e-09,1.4911082760215442e-09
carbon_pipeline,power,SK-AT,1.0287870553681015e-09,1.9985615220417513e-10,1.601134832966464e-10,1.3593536165256072e-10,1.2668431175190308e-10,1.2217192769963276e-10,1.2094008735364965e-10,1.2138050099971674e-10,1.2312627071418536e-10,1.2645009807744908e-10,1.3080947109835679e-10,1.3263945106754927e-10,1.3807314101680747e-10,1.432786706299026e-10,1.4713530182501926e-10,1.498706862381056e-10,1.5042097619494272e-10,1.5839083604121195e-10,1.6342565991385764e-10,1.64339244259373e-10,1.596647112214322e-10,1.546295730740309e-10,1.585978014473886e-10,1.6402898294555946e-10,1.800840691676799e-10,2.028323960800179e-10,2.5951301600891463e-10,3.4937325379717985e-10,4.938018141229793e-10,9.059397591995196e-10
carbon_pipeline,power,SK-CZ,1.4366024264204305e-09,2.7303723039650653e-10,2.1787517491218815e-10,1.799125715226895e-10,1.602611704555425e-10,1.5848731639864255e-10,1.5827162270597485e-10,1.5795881451633626e-10,1.5847412215791872e-10,1.604489422630295e-10,1.6264522379154763e-10,1.639451983702093e-10,1.701153948218655e-10,1.7565044441623913e-10,1.806492333795724e-10,1.8862821898360134e-10,1.9996910405685355e-10,2.1122680073929093e-10,2.2041655552162093e-10,2.2660134347857695e-10,2.3022263312851287e-10,2.451741999700298e-10,2.7026132336109657e-10,2.9503012181459736e-10,3.367250622615646e-10,4.165443372798767e-10,5.340093902634428e-10,6.54573864875417e-10,8.916127892502813e-10,1.4322725051791995e-09
carbon_pipeline,power,SK-HU,2.708737208338927e-09,5.354077976096735e-10,4.2895630225316657e-10,3.726053787394538e-10,3.625581160022191e-10,3.407339020347745e-10,3.3549545776187257e-10,3.4081897906884534e-10,3.488982293851075e-10,3.6264501647491846e-10,3.8454203842973697e-10,4.0280627196870134e-10,4.2948008590525604e-10,4.61946939414673e-10,5.077477759409417e-10,5.545510426499227e-10,5.985302447959835e-10,6.461133168917239e-10,7.155566663558527e-10,8.110755453713892e-10,9.189134280620762e-10,9.355469934699662e-10,9.617804054566509e-10,1.2003167361652819e-09,1.438281663149317e-09,1.2812367178572191e-09,1.305269584423121e-09,1.9129346566746496e-09,4.492221420026197e-09,4.822436123753954e-09
carbon_pipeline,power,SK-PL,1.2266660236621957e-09,2.2860246852126562e-10,1.7555472784805206e-10,1.38923115380656e-10,1.203362378602181e-10,1.209692401330709e-10,1.2359902821798008e-10,1.2572635756270318e-10,1.267920054994421e-10,1.3065969876944336e-10,1.3431135471452287e-10,1.3800656793084755e-10,1.4437062072394853e-10,1.5156807635702095e-10,1.5938734611382585e-10,1.706691338488524e-10,1.8747413273282356e-10,2.0545900626070705e-10,2.3093137682060258e-10,2.686968292836089e-10,3.2095169620123915e-10,4.1677110793715277e-10,5.418164768068327e-10,6.204484296831883e-10,7.453118948627737e-10,2.1359943327588552e-09,2.7887616581618013e-09,2.292899693194263e-09,2.0394354346808334e-09,1.5782174015368643e-09
carbon_pipeline,power,UK-BE,6.770499810692159e-10,1.2528507369632807e-10,9.392583157825021e-11,7.392395101288484e-11,6.296264285163059e-11,6.222942140783695e-11,6.234095492187473e-11,6.148502078189874e-11,6.153234712525183e-11,6.13187627669342e-11,6.040892895409876e-11,6.294617501588197e-11,6.697087669377529e-11,7.037831981591455e-11,7.48461768826935e-11,8.056925490131368e-11,8.455317985492853e-11,8.875260339667432e-11,9.393511555671297e-11,9.881882749351581e-11,1.0562808424662068e-10,1.1358621271243606e-10,1.2541955621993801e-10,1.4003713364330843e-10,1.583433466695983e-10,1.8394341188902738e-10,2.2016780867029666e-10,2.76900824381887e-10,3.833940692666204e-10,6.700748215100429e-10
carbon_pipeline,power,UK-DE,4.5787016789061326e-10,8.516603193301906e-11,6.347620677268602e-11,5.075704001218508e-11,4.419906615345532e-11,4.297152892594568e-11,4.2511038651116184e-11,4.257802208253063e-11,4.347245891893662e-11,4.451088803779412e-11,4.555727127642699e-11,4.6123861307739846e-11,4.7875798037113175e-11,4.914842291164926e-11,5.0590170765388215e-11,5.260842152122659e-11,5.5212822553150355e-11,5.780027151918912e-11,6.001957128393048e-11,6.174103320903175e-11,6.384594721666136e-11,6.738944410960368e-11,7.51446969283817e-11,8.47066733771012e-11,9.663336925012337e-11,1.1580566936885704e-10,1.4232438905696426e-10,1.7392017479386122e-10,2.380104830215377e-10,4.096664904049783e-10
carbon_pipeline,power,UK-DK,5.551579389243334e-10,1.0356666572326741e-10,7.962767536688009e-11,6.476966185941993e-11,5.856973209773274e-11,6.274153808705774e-11,5.988383899570311e-11,5.948666744896012e-11,6.012324525399333e-11,6.139525558800798e-11,6.308617077492274e-11,6.485324603353433e-11,6.638119879895386e-11,6.784830531184872e-11,6.914998727525824e-11,7.070734018484746e-11,7.271966645131453e-11,7.459940071205252e-11,7.58044464029089e-11,7.612391711224375e-11,7.553781252630016e-11,7.89687971859018e-11,8.868340874553721e-11,1.0095925366062442e-10,1.1557817050020423e-10,1.4288686518443905e-10,1.815478215778293e-10,2.1817740095915972e-10,2.9142397008923657e-10,5.038172641659688e-10
carbon_pipeline,power,UK-FR,4.875203856118423e-10,9.142936469082411e-11,6.770128804272259e-11,5.4180809711104486e-11,4.683742160969027e-11,4.551099065810143e-11,4.53254679949214e-11,4.581232131659739e-11,4.7196296333002994e-11,4.876946173934116e-11,5.0420633913726674e-11,5.199800231076405e-11,5.519531544625199e-11,5.824541275314396e-11,6.184869997972596e-11,6.640334497588847e-11,7.138587724578123e-11,7.745724579954295e-11,8.481553157188777e-11,9.381228933015304e-11,1.065262763302458e-10,1.2260154041925557e-10,1.4014445293000625e-10,1.437507377797049e-10,1.3084688384930564e-10,1.413715594401098e-10,1.9050767924922792e-10,2.9062883602248575e-10,5.547441374091515e-10,6.124804555673078e-10
carbon_pipeline,power,UK-IE,1.3627562734869858e-09,2.4744362354071903e-10,1.8752717116435068e-10,1.4476792923211665e-10,1.186527377295013e-10,1.1889135368221218e-10,1.2174205602509587e-10,1.2735070556665958e-10,1.3415502295825505e-10,1.4191642307062465e-10,1.511653123196905e-10,1.5949788887593147e-10,1.6773367696772095e-10,1.779830346419706e-10,1.8786274503074003e-10,1.9821087429218563e-10,2.128673968542614e-10,2.3689341156435145e-10,2.725329079824025e-10,3.3104833844522476e-10,4.391084492684924e-10,6.989314690581832e-10,1.9864511356696313e-09,6.659633721714015e-08,0.26409633160387774,0.021291698747964934,3.6170780541643923e-09,1.771935660169879e-09,2.9947310349157056e-09,3.31305778883191e-09
carbon_pipeline,power,UK-NL,7.170029502983467e-10,1.3399681571828687e-10,1.0130398485013309e-10,8.058608892842824e-11,6.987370120787966e-11,7.084226951234727e-11,7.285883513569565e-11,7.169509191011251e-11,7.191277741656703e-11,7.249018057312382e-11,7.299340463309369e-11,7.570540979422917e-11,7.942663320387398e-11,8.251128100428347e-11,8.55307399812778e-11,8.802222187890409e-11,9.002472793103977e-11,9.246023089474731e-11,9.59153587919259e-11,9.955499766973458e-11,1.0476582683991671e-10,1.1219953155111963e-10,1.2556823888686753e-10,1.417014059669887e-10,1.6190569861090338e-10,1.8990409492677454e-10,2.2903981348005104e-10,2.9108523660517587e-10,4.064661917801319e-10,7.184918863892673e-10
carbon_pipeline,power,UK-NO,3.0186330740589304e-10,5.537423188327944e-11,4.1714235096238224e-11,3.297520577562727e-11,2.792956462999839e-11,2.7609355066710428e-11,2.775727162405527e-11,2.8664021391465392e-11,2.981020019968782e-11,3.1260342416551517e-11,3.305272834532064e-11,3.397746677186802e-11,3.5895013208061525e-11,3.799277202853764e-11,4.0295159285301685e-11,4.3047289424571906e-11,4.665481373797502e-11,5.157177292091721e-11,5.7854187902824915e-11,6.656977485224046e-11,7.929528702358602e-11,9.920275909057966e-11,1.2651612667784023e-10,1.3841504408712614e-10,1.2226839620803506e-10,1.6539150818050694e-10,2.391321188999477e-10,2.1085237060794814e-10,2.357769617958518e-10,3.4377568310674026e-10
carbon_storage,power,AT,0.0,0.0,0.0,0.0,0.0,0.0,0.0,0.0,0.0,0.0,0.0,0.0,0.0,0.0,0.0,0.0,0.0,0.0,0.0,0.0,0.0,0.0,0.0,0.0,0.0,0.0,0.0,0.0,0.0,0.0
carbon_storage,power,BE,1.1280230694280144e-09,2.579560999505646e-10,1.911196306389301e-10,1.5476101348183992e-10,1.226757884800339e-10,1.296306146166706e-10,1.396620317522335e-10,1.6550796046237327e-10,1.9776226153326662e-10,2.5941204962160465e-10,4.338458741244488e-10,6.71008226175812e-10,9.086803735221487e-10,3.026218095447193e-09,0.36270696404044395,0.47071756269009574,0.11701342843327295,1.0099376160664577,0.015480740579391555,0.05610714814245886,1.5285362266155133e-09,4.3478614083778845e-10,2.117098811291745e-10,1.1356097965030846e-10,6.759152373799416e-11,5.120423406782425e-11,4.232557991789137e-11,3.524392980812688e-11,3.1823864779078956e-11,3.077177059770085e-11
carbon_storage,power,BG,0.0,0.0,0.0,0.0,0.0,0.0,0.0,0.0,0.0,0.0,0.0,0.0,0.0,0.0,0.0,0.0,0.0,0.0,0.0,0.0,0.0,0.0,0.0,0.0,0.0,0.0,0.0,0.0,0.0,0.0
carbon_storage,power,CH,0.0,0.0,0.0,0.0,0.0,0.0,0.0,0.0,0.0,0.0,0.0,0.0,0.0,0.0,0.0,0.0,0.0,0.0,0.0,0.0,0.0,0.0,0.0,0.0,0.0,0.0,0.0,0.0,0.0,0.0
carbon_storage,power,CZ,0.0,0.0,0.0,0.0,0.0,0.0,0.0,0.0,0.0,0.0,0.0,0.0,0.0,0.0,0.0,0.0,0.0,0.0,0.0,0.0,0.0,0.0,0.0,0.0,0.0,0.0,0.0,0.0,0.0,0.0
carbon_storage,power,DE,1.1606322728824948e-09,2.670962615549692e-10,1.9805007183770214e-10,1.607989836599112e-10,1.2459910159808356e-10,1.3492993409173034e-10,1.4921281005540482e-10,1.7742926859544828e-10,1.9945680694603854e-10,2.3848183218789197e-10,3.159060754731233e-10,4.038464175471396e-10,5.162594035553346e-10,9.659959675028007e-10,2.793501327040296e-09,5.2008007825076765e-08,5.297756510111319e-09,1.7969422167691076e-09,3.501491155843776e-09,0.4452053527306494,5.559665055227164e-08,3.590230296151285e-10,1.2208897946469963e-10,6.920931406108172e-11,4.524632072667224e-11,3.326938312146981e-11,2.781253261327307e-11,2.5378237364086084e-11,2.4241344988653027e-11,2.5137429106290187e-11
carbon_storage,power,DK,4.843402287087752e-10,1.155651654359241e-10,2.472505829646606e-11,1.5230987124010933e-11,1.0290031423777249e-10,5.489247622948421e-11,1.3279410163098265e-11,1.535386664363841e-11,1.8263750912363908e-11,2.1607181137157905e-11,2.3693767379499073e-11,2.654295030933324e-11,2.6679635925054517e-11,2.8223847892239335e-11,3.185508670346841e-11,3.799744819614794e-11,4.862887376558154e-11,6.816099607447793e-11,1.2922939897149148e-10,2.824222221271697e-10,1.0848772032972263e-09,2.8538812738130614,1.29122079370443e-09,2.8190774026771346e-10,1.2141530015339892e-10,7.221862759911063e-11,5.474833562448928e-11,4.720259793533822e-11,4.1501996491782915e-11,3.8195930928286845e-11
carbon_storage,power,EE,0.0,0.0,0.0,0.0,0.0,0.0,0.0,0.0,0.0,0.0,0.0,0.0,0.0,0.0,0.0,0.0,0.0,0.0,0.0,0.0,0.0,0.0,0.0,0.0,0.0,0.0,0.0,0.0,0.0,0.0
carbon_storage,power,EL,5.204187561086963e-10,3.679641988976882e-11,1.965972119414937e-11,1.322818305484897e-11,1.0056747611230746e-11,1.1071657138438499e-11,1.2740995259478582e-11,1.464947970046687e-11,1.6497870788460565e-11,1.882687844347427e-11,2.1551027165318324e-11,2.5079702945908872e-11,2.8259663827088673e-11,3.270881274945975e-11,3.7921027163750136e-11,4.7526299180786894e-11,6.426061693427035e-11,9.15405009521757e-11,8.425308483753727e-11,1.1021251561521921e-10,1.9435318339514996e-10,3.6000723639850647e-10,5.974522621833289e-09,0.33304133054556045,0.3316399707809643,0.011916863352276754,7.105731392394656e-10,1.7622071852402042e-10,1.0563426590557805e-10,7.149101735507295e-11
carbon_storage,power,ES,0.0,0.0,0.0,0.0,0.0,0.0,0.0,0.0,0.0,0.0,0.0,0.0,0.0,0.0,0.0,0.0,0.0,0.0,0.0,0.0,0.0,0.0,0.0,0.0,0.0,0.0,0.0,0.0,0.0,0.0
carbon_storage,power,FI,8.722104274234423e-10,1.815886416924762e-10,1.307867891789827e-10,1.1437830395359788e-10,1.0450985026058168e-10,1.0517687021009411e-10,1.0826162456862965e-10,1.1175279385965273e-10,1.1546064141041903e-10,1.2120251809529216e-10,1.291194560717247e-10,1.4140394106020455e-10,1.5313596669418425e-10,1.6964286181072314e-10,1.906629442593603e-10,2.1405576454470515e-10,2.4500803933626296e-10,2.8099337530031073e-10,3.331166956001543e-10,4.2895107872275466e-10,6.253933466688612e-10,1.084048291864556e-09,2.0911691391624075e-09,3.369578338127054e-08,0.045662057640308534,5.791224182656504e-10,2.0501835903490968e-10,1.3831327920572044e-10,8.954664577299895e-11,6.0020932189363e-11
carbon_storage,power,FR,1.1575884560072617e-09,2.647892487793927e-10,2.002421658853481e-10,1.6190299754656654e-10,1.283320313974458e-10,1.4091694083946567e-10,1.557793131834876e-10,1.8298212638002344e-10,2.0876003174009244e-10,2.52444104138048e-10,3.395298677789601e-10,4.179404325356001e-10,4.902531365257483e-10,6.844076414614734e-10,8.873566440324613e-10,8.860920585143636e-10,9.293256367296738e-10,1.0279135004592812e-09,1.4048830433720118e-09,3.090183763396039e-09,8.604275119981179e-09,4.039181598655214e-08,0.3940469259583857,1.0214781248504832,7.52144877944333e-10,2.655541696146353e-10,1.1727373396572856e-10,6.912302486353257e-11,5.226684821141734e-11,4.4791192912779664e-11
carbon_storage,power,HR,1.089482046319836e-09,2.3024924791395914e-10,1.762719789020966e-10,1.3693172558714293e-10,9.78587925036351e-11,1.2645755344040458e-10,1.6114080186337547e-10,2.2054796132170128e-10,2.34617984705947e-10,2.8784624238903843e-10,3.616416070362486e-10,4.620750330827058e-10,5.658540322983677e-10,7.74941053672594e-10,8.619667752702443e-10,1.0923526622668898e-09,1.4786530620954392e-09,1.0903551817707335e-09,1.4231943786715628e-09,2.6304075150886713e-09,1.279351667611175e-08,0.027968009582396793,3.2599635861153043e-10,1.2298586033392337e-10,6.416217240191631e-11,4.551994740862822e-11,3.2125991380110445e-11,2.5327473518400306e-11,2.274941422649734e-11,2.2963088550256612e-11
carbon_storage,power,HU,0.0,0.0,0.0,0.0,0.0,0.0,0.0,0.0,0.0,0.0,0.0,0.0,0.0,0.0,0.0,0.0,0.0,0.0,0.0,0.0,0.0,0.0,0.0,0.0,0.0,0.0,0.0,0.0,0.0,0.0
carbon_storage,power,IE,1.0026725315899877e-09,2.19672543162617e-10,1.5569750641922598e-10,1.24623968024226e-10,1.0002522911958542e-10,1.0272092886184987e-10,1.064439312757915e-10,1.1185975966230303e-10,1.168544877258432e-10,1.2288759197595136e-10,1.3055556522311047e-10,1.417553219966932e-10,1.5113530692950055e-10,1.6302589272378943e-10,1.7816707359119015e-10,1.9755612977920835e-10,2.2553497980091748e-10,2.6216424234086604e-10,3.1529085748246687e-10,4.076025218552745e-10,5.945251200887281e-10,1.155409331772933e-09,3.866163882458448e-09,6.892660182983884e-08,0.2640963387234877,0.021291708142470497,1.5743924027029408e-09,2.904065754114758e-10,1.330408611364042e-10,7.981131910455501e-11
carbon_storage,power,IT,5.218602440524926e-10,4.066477826948789e-11,2.1943188616676468e-11,1.5347865987949684e-11,1.2030245450062575e-11,1.3487389010160306e-11,1.505390181866506e-11,1.7098089536678193e-11,1.8669065735342182e-11,2.100554589732878e-11,2.3793595569235212e-11,2.7796362687088998e-11,3.219129439119181e-11,3.8554945898426186e-11,4.671856227136317e-11,6.208293912986589e-11,9.698656514273487e-11,1.3521439655770313e-10,1.6868740766435752e-10,2.8563975612961863e-10,6.70052546680581e-10,8.119004346439595e-09,0.45376711188756413,5.760654735020821e-10,1.6089254300223528e-10,9.488872965697968e-11,5.846606113163574e-11,4.272834849505107e-11,3.6276741156456304e-11,3.3620133653967495e-11
carbon_storage,power,LT,0.0,0.0,0.0,0.0,0.0,0.0,0.0,0.0,0.0,0.0,0.0,0.0,0.0,0.0,0.0,0.0,0.0,0.0,0.0,0.0,0.0,0.0,0.0,0.0,0.0,0.0,0.0,0.0,0.0,0.0
carbon_storage,power,LU,0.0,0.0,0.0,0.0,0.0,0.0,0.0,0.0,0.0,0.0,0.0,0.0,0.0,0.0,0.0,0.0,0.0,0.0,0.0,0.0,0.0,0.0,0.0,0.0,0.0,0.0,0.0,0.0,0.0,0.0
carbon_storage,power,LV,0.0,0.0,0.0,0.0,0.0,0.0,0.0,0.0,0.0,0.0,0.0,0.0,0.0,0.0,0.0,0.0,0.0,0.0,0.0,0.0,0.0,0.0,0.0,0.0,0.0,0.0,0.0,0.0,0.0,0.0
carbon_storage,power,NL,5.489545505878326e-10,1.57326564366688e-10,2.795186530093733e-11,1.9168087571342578e-11,2.882785297940846e-10,3.536705614328765e-11,1.3003955858392304e-11,1.3633506100955084e-11,1.5426021925309477e-11,1.7690893695317384e-11,2.053564029092302e-11,2.4325820258291436e-11,2.938551948404267e-11,3.7510346568960094e-11,5.113133524733901e-11,7.026664813109084e-11,1.0976340548450296e-10,1.5565460109569005e-10,2.537054452542896e-10,5.374660159552848e-10,1.2748942801215564e-08,1.7808219017492715,4.133476230358407e-10,1.546030609591321e-10,8.015387687138806e-11,5.8067160981682805e-11,4.6862978244982496e-11,3.803512273836299e-11,3.375077789452251e-11,3.202598474652484e-11
carbon_storage,power,NO,7.775843974756493e-12,3.60255614619708e-11,8.361706262914084e-12,3.596209830878539e-11,3.3539190820581087e-11,1.3865771507292261e-11,1.7898091356115265e-11,2.3171555840602273e-11,2.5432136624949404e-11,2.7518085998135088e-11,2.8711218042613413e-11,3.115301981396465e-11,2.967726901825809e-11,2.683004434068059e-11,2.705738237753165e-11,2.958506024152701e-11,2.6288081044457098e-11,3.5781295195150656e-11,6.038384917598567e-11,1.0115502012939311e-10,1.8717117328693878e-10,5.738240808442234e-10,6.006402230884888e-10,6.689418922316133e-10,6.44605382014702e-09,1.9289059246353284,1.145663774953239,0.02246225453067544,0.0799086758414057,1.600675207377303e-10
carbon_storage,power,PL,0.0,0.0,0.0,0.0,0.0,0.0,0.0,0.0,0.0,0.0,0.0,0.0,0.0,0.0,0.0,0.0,0.0,0.0,0.0,0.0,0.0,0.0,0.0,0.0,0.0,0.0,0.0,0.0,0.0,0.0
carbon_storage,power,PT,0.0,0.0,0.0,0.0,0.0,0.0,0.0,0.0,0.0,0.0,0.0,0.0,0.0,0.0,0.0,0.0,0.0,0.0,0.0,0.0,0.0,0.0,0.0,0.0,0.0,0.0,0.0,0.0,0.0,0.0
carbon_storage,power,RO,0.0,0.0,0.0,0.0,0.0,0.0,0.0,0.0,0.0,0.0,0.0,0.0,0.0,0.0,0.0,0.0,0.0,0.0,0.0,0.0,0.0,0.0,0.0,0.0,0.0,0.0,0.0,0.0,0.0,0.0
carbon_storage,power,SE,9.8491333047606e-10,2.253831314599167e-10,1.6261585467796788e-10,1.4115646228450235e-10,1.2700224106591396e-10,1.2523220364121221e-10,1.2740170455978072e-10,1.30233988150573e-10,1.3339271617907605e-10,1.3810137428016406e-10,1.445887028868432e-10,1.542593980939319e-10,1.6360550783371952e-10,1.7649592922679564e-10,1.9292220602006134e-10,2.1290424874273538e-10,2.390663147577888e-10,2.723691305826185e-10,3.218505484280411e-10,4.041776528678801e-10,5.624111843652954e-10,9.000201507914534e-10,1.6643588677563106e-09,1.7118681826903014e-08,0.3538812522677471,6.035549117278672e-10,3.2242072473184876e-10,2.715014544800234e-10,1.5142004511693767e-10,8.827326848610194e-11
carbon_storage,power,SI,0.0,0.0,0.0,0.0,0.0,0.0,0.0,0.0,0.0,0.0,0.0,0.0,0.0,0.0,0.0,0.0,0.0,0.0,0.0,0.0,0.0,0.0,0.0,0.0,0.0,0.0,0.0,0.0,0.0,0.0
carbon_storage,power,SK,0.0,0.0,0.0,0.0,0.0,0.0,0.0,0.0,0.0,0.0,0.0,0.0,0.0,0.0,0.0,0.0,0.0,0.0,0.0,0.0,0.0,0.0,0.0,0.0,0.0,0.0,0.0,0.0,0.0,0.0
carbon_storage,power,UK,4.13936380676888e-10,2.5403733762667647e-11,2.0702421969926433e-11,9.289855179964155e-11,8.036279709072116e-12,2.0201147057816476e-11,7.542809532136203e-12,1.0756012400441633e-11,1.1894186583933041e-11,1.3218713196989128e-11,1.4792388851585068e-11,1.666805297719702e-11,1.8903072854110353e-11,2.1661099787344965e-11,2.5059722674413197e-11,2.9591864902404044e-11,3.599833702141606e-11,4.5272260475347535e-11,6.082888008413477e-11,9.488185153339687e-11,2.363229595394848e-10,9.037915025838615e-10,0.7729394958791002,0.6197545648039791,4.4319547617649535e-10,2.3665411737923597e-10,1.5896717552780828e-10,1.0170969252559346e-10,7.246093371443601e-11,5.527737124599602e-11
hard_coal_plant_CCS,power,AT,1.9643680729639682e-10,4.404688652443824e-11,4.035931893277134e-11,4.248132691831544e-11,7.602318435099268e-11,1.1141368447797863e-10,1.5962168034138752e-10,2.5430944626350084e-10,1.1748808041601953e-10,1.1557643404342018e-10,1.164183934308487e-10,1.016440813389359e-10,9.376013405917281e-11,8.577755993338857e-11,7.361800417647408e-11,6.183204603557625e-11,5.2162318934405306e-11,4.469768267321842e-11,3.721731824953285e-11,3.106430478706292e-11,2.701497367959819e-11,2.4481646929970892e-11,2.3273024559558218e-11,2.3499265581119614e-11,2.478914905301971e-11,2.79430556081574e-11,3.355486768113681e-11,4.0846204107315284e-11,5.705126655632639e-11,1.1005669302873946e-10
hard_coal_plant_CCS,power,BE,1.9716828818584618e-10,4.302786041317365e-11,3.8950023991722836e-11,3.9548738563694084e-11,6.447236406498629e-11,9.612023638573183e-11,1.405138688973534e-10,1.9189043562753067e-10,1.4763107506628402e-10,2.0041649202653263e-10,6.496247974487495e-10,1.5456122319239623e-10,9.349243366105799e-11,6.748372872733406e-11,5.5405018923649646e-11,4.9113490439052564e-11,4.686049244772162e-11,4.266956474315762e-11,3.877180404391496e-11,3.3340847602884556e-11,3.035265656676742e-11,3.030130908748106e-11,2.8164245624957594e-11,2.8091568778974727e-11,2.925032392506029e-11,3.303370950642691e-11,3.686146540292177e-11,4.283259081411023e-11,5.915885316274206e-11,1.0885380227381007e-10
hard_coal_plant_CCS,power,BG,1.735861029957322e-10,4.0956341098910956e-11,4.0203479704987346e-11,4.4907437300139064e-11,7.384050877675954e-11,9.175716981109047e-11,1.0955409867438296e-10,1.335777989996882e-10,1.0273708198022956e-10,1.2696933051111877e-10,1.0478653838416926e-10,8.467168392100228e-11,6.55999008189593e-11,6.374245785104084e-11,5.908574245267597e-11,5.526686924594409e-11,5.063937719040192e-11,4.46572293425965e-11,3.6278810624708823e-11,3.1591642341152364e-11,2.9277306064881834e-11,2.711339940396239e-11,2.4881766638280498e-11,2.3884941350785405e-11,2.4427294477771135e-11,2.7210137378511254e-11,3.2841464916201924e-11,4.166412905168042e-11,5.901159979296918e-11,1.127259836312207e-10
hard_coal_plant_CCS,power,CH,1.9824218363864315e-10,4.4673940906446266e-11,4.007471870540323e-11,4.037439896463932e-11,7.228536502764851e-11,1.0379030736699089e-10,1.4684590146032275e-10,2.615422290787604e-10,1.1655679242588264e-10,1.0645796223420995e-10,9.782415031075362e-11,8.010341694603997e-11,6.786285884468199e-11,5.749258568080957e-11,4.764078093267971e-11,4.147175700458704e-11,3.699834791534616e-11,3.374225948871836e-11,3.0524337844934136e-11,2.703072683065074e-11,2.4655212593945223e-11,2.3631556667142277e-11,2.346237044190837e-11,2.404669866778343e-11,2.5206585598899335e-11,2.8589242851689034e-11,3.442277794499418e-11,4.2297311897967166e-11,5.924598847130773e-11,1.128182867694832e-10
hard_coal_plant_CCS,power,CZ,1.883282077747489e-10,4.1948425953855526e-11,3.889365679571383e-11,4.170331259792639e-11,6.811389758498317e-11,9.267492017514386e-11,1.1249109784850057e-10,1.1793621463918806e-10,6.851764069559925e-11,5.97916141273482e-11,5.346234277459468e-11,4.3972806311566504e-11,3.827872879610435e-11,3.3933374797266326e-11,3.1038404108683144e-11,2.885467411547698e-11,2.724798166043739e-11,2.5626671485899893e-11,2.3846212978542397e-11,2.2522291463302e-11,2.142224872420546e-11,2.1073495903077632e-11,2.2034507538758602e-11,2.364840207195038e-11,2.629268019609657e-11,3.0696141421183924e-11,3.7720307546435464e-11,4.807845653351463e-11,6.859065995005779e-11,1.3269359216867054e-10
hard_coal_plant_CCS,power,DE,2.0132510600279e-10,4.509107199820775e-11,4.166001658819066e-11,4.4120985587861175e-11,8.323550092796691e-11,1.3406846254162834e-10,2.2542618527933101e-10,4.89220159682485e-10,1.5700942461698568e-10,1.4020234928711457e-10,1.186645229564329e-10,1.0236619967028504e-10,9.233637076953447e-11,8.264647073912042e-11,7.151126407585463e-11,5.949858169377435e-11,5.2418296540158256e-11,4.353330117429633e-11,3.512751871113781e-11,2.911880446804002e-11,2.5540088381475842e-11,2.4116374875688762e-11,2.378908819628367e-11,2.5028728214371177e-11,2.7182134137666048e-11,3.2784117095316985e-11,3.864185329874231e-11,4.412893655834235e-11,6.039578829022029e-11,1.099330875541244e-10
hard_coal_plant_CCS,power,DK,1.8801475024703513e-10,4.1512743252152394e-11,3.854334118062821e-11,4.197886936999156e-11,6.268923499181016e-11,8.06156529416065e-11,9.21638300405359e-11,8.194226834729542e-11,5.695140423941968e-11,5.269141464881933e-11,5.124654128871229e-11,4.8630072907530514e-11,4.5725210801402376e-11,4.5354952874814964e-11,4.545916377533782e-11,4.325253887914982e-11,4.1936113337267525e-11,3.941724447898911e-11,3.663170024709638e-11,3.4235160785571076e-11,3.2322435726765657e-11,3.149195428179406e-11,3.2524486000216385e-11,3.463019329738768e-11,3.844016265128743e-11,4.48473612659982e-11,5.0979567514194575e-11,5.4579837826749506e-11,7.159968005794246e-11,1.272209314188165e-10
hard_coal_plant_CCS,power,EE,1.8257479976340815e-10,3.990968862439857e-11,3.686825524203122e-11,3.9005467025048893e-11,5.2140122837792506e-11,5.992141008069091e-11,5.804886874354822e-11,5.5490818796611456e-11,4.6068241161601095e-11,4.537232990390571e-11,4.804708197401801e-11,4.662092772822139e-11,4.5001193635519824e-11,4.49781380927671e-11,4.546286716371977e-11,4.5166690986712164e-11,4.685173430872105e-11,4.5831935268569903e-11,4.4327677512686815e-11,4.3503112472727095e-11,4.29350284809847e-11,4.202028618272471e-11,4.2761401847280007e-11,4.4179361866147627e-11,4.612973117710646e-11,5.010168688336594e-11,5.549064975748355e-11,5.997174241633136e-11,7.702106037138039e-11,1.353204178941572e-10
hard_coal_plant_CCS,power,EL,1.8097453883020553e-10,3.98950850859599e-11,3.7438574232096895e-11,3.9864445678431624e-11,6.521477606988905e-11,8.293686638071811e-11,9.498033624362775e-11,9.529904158045815e-11,6.96399047335317e-11,6.996988067786221e-11,6.610657276136764e-11,6.045861145805672e-11,5.5566509608673735e-11,5.680203770923635e-11,6.130463067657241e-11,6.685360975227862e-11,7.428569641272312e-11,8.353167807955696e-11,5.594489068404547e-11,4.307270878938469e-11,3.712428671717591e-11,3.2149017215021886e-11,3.0217927360416034e-11,3.118042296973489e-11,3.2087619233938844e-11,3.304526681918017e-11,3.70458271998604e-11,4.472164813826825e-11,6.18835893887121e-11,1.1861476837449106e-10
hard_coal_plant_CCS,power,ES,1.7002887428034205e-10,3.695600878994468e-11,3.412810995054372e-11,3.252086714093066e-11,4.012628998363662e-11,4.386499353418716e-11,4.4694466278038315e-11,4.2853046157089224e-11,3.5408011602842826e-11,3.346606035520636e-11,3.3001658159967686e-11,3.250540116572649e-11,3.309476621331872e-11,3.398011809048464e-11,3.5506669042927855e-11,3.69742576489449e-11,3.9848213833422975e-11,4.3985416647896e-11,4.704813089892845e-11,4.7750621877174355e-11,4.778739447081697e-11,4.4936295182662613e-11,4.318675651277908e-11,4.270345196430273e-11,4.3773031926812236e-11,4.602487309671543e-11,5.287303123506094e-11,6.832920631849e-11,9.393495933079235e-11,1.625555245892394e-10
hard_coal_plant_CCS,power,FI,1.8634378090583276e-10,4.1285210553390015e-11,3.736402832423762e-11,3.892653907939454e-11,5.105086772707662e-11,5.859759224743861e-11,6.469818342949718e-11,6.583936666896563e-11,5.215283105153636e-11,5.1299951896982815e-11,5.33492137975401e-11,5.474518299449026e-11,5.5869663269101656e-11,6.039841173540178e-11,6.472531620823119e-11,6.439494457424934e-11,6.685835513151363e-11,6.373315050508307e-11,6.006542168130451e-11,5.859556034784253e-11,5.823488630528099e-11,5.704835294294351e-11,5.3118577250614444e-11,4.953908130364833e-11,4.639972990908799e-11,4.7070560184932445e-11,5.067160782964121e-11,5.436664712940452e-11,6.939149253161891e-11,1.2376193695439652e-10
hard_coal_plant_CCS,power,FR,1.801140675290513e-10,4.170701913295705e-11,4.049144179497447e-11,3.9350768691490786e-11,5.845112543611695e-11,7.358740769735064e-11,8.147505284675209e-11,7.89653698223537e-11,5.669959983678356e-11,5.265214107601695e-11,5.028119884125032e-11,4.675628933910344e-11,4.30570700561795e-11,4.195223916981837e-11,4.347169230099978e-11,4.631079580747613e-11,4.6932988490575546e-11,4.925315967523537e-11,5.231768892927785e-11,5.410754625550539e-11,5.834003374558797e-11,5.159096928765052e-11,4.5422683028698166e-11,4.1707854888727263e-11,3.972585130489065e-11,4.333689877050585e-11,5.007603021126895e-11,5.847917081376164e-11,7.998633368201721e-11,1.389578846356715e-10
hard_coal_plant_CCS,power,HR,2.4107121954541435e-10,3.054050932068896e-11,3.543990386820648e-11,4.1569444380650896e-11,9.400449478321918e-11,1.6529798588499026e-10,1.8448337131774513e-10,2.3040741074931446e-10,1.63203573149174e-10,1.5109129947574486e-10,9.566204385167341e-11,7.536589108336508e-11,6.217661869830322e-11,5.100218776224681e-11,4.157897297533598e-11,3.596259352579763e-11,3.3311257858928794e-11,3.0909842818944865e-11,2.8338040114632352e-11,2.5638959852633685e-11,2.3058721398221498e-11,2.1266472202309353e-11,2.0362534364436388e-11,2.0647299929541473e-11,2.198206437414037e-11,2.4690859221875876e-11,2.994365994528913e-11,3.8147369042200576e-11,5.5184638615825845e-11,1.019341167915359e-10
hard_coal_plant_CCS,power,HU,1.754450876282671e-10,4.123545746367528e-11,3.970587343460938e-11,4.123184082455183e-11,6.046446800343206e-11,7.059341270660181e-11,7.258283362280186e-11,6.625361199164713e-11,4.999131876843481e-11,4.640142066596604e-11,4.4687427321380164e-11,4.1454391432353093e-11,3.9655363919679503e-11,3.845779463772192e-11,3.788977006501187e-11,3.759809824741849e-11,3.7572247800406654e-11,3.7246779500540207e-11,3.462952646926133e-11,3.1966825109382167e-11,2.996896286101205e-11,2.9114348513721934e-11,2.79359770938278e-11,2.9190364130928895e-11,3.172575100476217e-11,3.747788588391207e-11,4.563071121107812e-11,5.6943228506847154e-11,7.932177238110569e-11,1.4021255039581901e-10
hard_coal_plant_CCS,power,IE,1.8258629714906634e-10,4.004872756453963e-11,3.7911435824804235e-11,4.023053510908261e-11,5.7965583394266434e-11,6.988617284787444e-11,6.996975704743183e-11,6.54505496999365e-11,4.9361148564415616e-11,4.410635385536056e-11,4.374619287192333e-11,4.426479920092811e-11,4.716246968148114e-11,4.9345403828103234e-11,5.3326085666596157e-11,5.348798546491356e-11,5.496545738328776e-11,5.402244518186271e-11,5.228730839179622e-11,5.103066487739027e-11,5.1470773241247876e-11,5.106781819732769e-11,5.077534002101238e-11,5.186007056820589e-11,5.5479108134243633e-11,5.717561410222455e-11,5.709162120430315e-11,5.746935432336877e-11,7.157578416855167e-11,1.26024486296095e-10
hard_coal_plant_CCS,power,IT,1.9956906917904946e-10,4.491845927217774e-11,3.994024994863782e-11,3.925098414286406e-11,7.411595588335581e-11,1.0624627088025081e-10,1.320300055707015e-10,1.7135445309480486e-10,1.243638129430476e-10,1.3231364385905503e-10,1.3068350679025625e-10,9.806227751483676e-11,8.453645812174182e-11,7.127702813965797e-11,6.476022584273943e-11,6.03789939101478e-11,5.395807657659337e-11,4.6272046982120476e-11,3.718372514074599e-11,3.1593594753190507e-11,2.7354048363160334e-11,2.3540193649827097e-11,2.2567167690193356e-11,2.234445929631457e-11,2.33568635228668e-11,2.5051022391645194e-11,2.9888023558933245e-11,3.7838809243766326e-11,5.406489957244231e-11,1.0638091971731336e-10
hard_coal_plant_CCS,power,LT,1.8105206399688666e-10,3.952877428862585e-11,3.641290424012397e-11,3.858025122048014e-11,5.0829466647884416e-11,5.7358805097138195e-11,5.518770757325875e-11,5.192819217351182e-11,4.380903726422869e-11,4.224059453605669e-11,4.3011712256280556e-11,4.1231600064236845e-11,3.968823589227682e-11,3.9744083580679673e-11,3.979404811165339e-11,3.934464382284341e-11,4.006136367227254e-11,3.944353649227963e-11,3.824632280974383e-11,3.79075224728828e-11,3.796187197502518e-11,3.835042601568428e-11,3.8797305136574757e-11,4.025142327236787e-11,4.308595582696723e-11,4.806748716737211e-11,5.434386399053855e-11,5.878441502908388e-11,7.679510907952832e-11,1.3607399682515307e-10
hard_coal_plant_CCS,power,LU,1.8063784766980683e-10,4.152541923999367e-11,4.1015149587213386e-11,4.021479080276932e-11,6.154078099317957e-11,7.945264388896447e-11,8.904638416369925e-11,8.342140597585626e-11,5.701127466735783e-11,5.0575787656591645e-11,4.5728647765647843e-11,4.1336110280846145e-11,3.7693314062374835e-11,3.606228000952907e-11,3.694727770955536e-11,3.927987581590325e-11,3.9509588260311925e-11,4.0709995006180834e-11,4.326658219109408e-11,4.458622938791556e-11,4.741507027823201e-11,4.358594985598031e-11,4.051991423090847e-11,4.013865085932145e-11,4.1878510643763905e-11,4.80998584772774e-11,5.567645432814952e-11,6.455622654207101e-11,8.715251509162472e-11,1.4519300631717463e-10
hard_coal_plant_CCS,power,LV,1.8196497520367316e-10,3.967117162097458e-11,3.6525966178571944e-11,3.8758047534178655e-11,5.152244263318261e-11,5.886043325042901e-11,5.638759857005924e-11,5.312293294621783e-11,4.4677281698803237e-11,4.317090749243608e-11,4.452912219272827e-11,4.289905945071431e-11,4.1431811098856844e-11,4.177066912273566e-11,4.222235585607417e-11,4.2038322552472476e-11,4.286612897319031e-11,4.2468519623272877e-11,4.14846491878314e-11,4.103028166198542e-11,4.066077621672786e-11,4.0182506219779145e-11,4.0657486172323746e-11,4.2441711891235796e-11,4.5529764109988025e-11,5.0321535664838095e-11,5.599734516356393e-11,6.047640774217936e-11,7.794480610743079e-11,1.367708351233281e-10
hard_coal_plant_CCS,power,NL,1.9202728693995878e-10,4.028385264981966e-11,3.712313131910152e-11,3.8973126096512775e-11,5.912623615079064e-11,8.07345277904974e-11,1.0634406556741114e-10,1.1116372995063875e-10,8.389550296200505e-11,8.210045611984282e-11,8.053750865874627e-11,8.248648774254032e-11,9.405968832977888e-11,1.1216919596631195e-10,1.622137777092212e-10,1.1100437449473769e-10,9.09573949366133e-11,7.106784870934464e-11,5.435233725472383e-11,4.2177828651166003e-11,3.571342323024698e-11,3.207854465949564e-11,3.0470815238051424e-11,3.064374977014891e-11,3.256140758435304e-11,3.666433825944661e-11,4.063013672835049e-11,4.6785700927184396e-11,6.38792561019931e-11,1.1626971633852694e-10
hard_coal_plant_CCS,power,NO,1.9207292605794295e-10,4.2728233193802496e-11,3.924240077689765e-11,4.1761515503037684e-11,6.081030427052744e-11,7.319122954097125e-11,8.191962547832861e-11,7.818847508349504e-11,5.7644114007949106e-11,5.4848040187933086e-11,5.5079157390027785e-11,5.426198281143776e-11,5.384953246082246e-11,5.6157726657910904e-11,5.894685630354544e-11,5.930876526059948e-11,6.065307160954982e-11,6.062795571031717e-11,5.908945296713551e-11,5.941014295747024e-11,6.07758526169531e-11,6.07986780505819e-11,5.7210905852057243e-11,5.2747018328161545e-11,4.957996670355681e-11,5.175689662757325e-11,5.426769939402501e-11,5.434515420325312e-11,6.646269580077076e-11,1.1766537472522233e-10
hard_coal_plant_CCS,power,PL,1.8062253574965307e-10,4.0821864157587275e-11,3.817387653025542e-11,4.343834242465679e-11,6.593849650162636e-11,8.454499889175152e-11,1.0153927330250412e-10,1.1244865039664235e-10,7.531886131545095e-11,7.09541488986761e-11,7.217139695636552e-11,7.061799442888594e-11,6.710732070842673e-11,6.247402631350308e-11,5.638571383204164e-11,5.115465405403478e-11,4.822262141618036e-11,4.5309904155256857e-11,4.2266638770350756e-11,3.728616605344479e-11,3.32750938315621e-11,3.060143435907007e-11,2.9846120009556717e-11,3.0882965231613234e-11,3.30516039733728e-11,3.8487661379785556e-11,4.551668751255923e-11,5.365885019239507e-11,7.094370729708855e-11,1.2750529033546011e-10
hard_coal_plant_CCS,power,PT,1.6528336544731743e-10,3.5831321006048294e-11,3.298326214313878e-11,3.136008193120589e-11,3.7107750663723256e-11,3.9934797259433394e-11,4.0351117737299594e-11,3.901202160210239e-11,3.341838458500852e-11,3.204367009909612e-11,3.179687917514081e-11,3.160651393074381e-11,3.20640681338268e-11,3.2576898018859755e-11,3.3609881083303036e-11,3.452004281650878e-11,3.648865131441298e-11,3.942467551870288e-11,4.275700435190126e-11,4.4504509544549166e-11,4.502464545621397e-11,4.3463040389952245e-11,4.281430842780702e-11,4.276720222803795e-11,4.399720047142821e-11,4.669620960911676e-11,5.4238269921254326e-11,7.016949651175591e-11,9.649980837155963e-11,1.6260308364990582e-10
hard_coal_plant_CCS,power,RO,1.7421338495125243e-10,4.160578793938239e-11,4.149110613017086e-11,4.3325639360756074e-11,6.86960991556838e-11,8.237661433151429e-11,8.848922638824226e-11,8.538839639875284e-11,6.260047577015697e-11,6.06701037629376e-11,5.683696387184027e-11,4.9791828074673095e-11,4.472663312082149e-11,4.606231894631923e-11,4.4198655273249414e-11,4.337278109186771e-11,4.2635216328121196e-11,4.122376812673047e-11,3.767168657859905e-11,3.534984134774535e-11,3.360490902542557e-11,3.29352410421264e-11,3.114872075494368e-11,3.037164528433998e-11,3.279766453209944e-11,3.9191066913853506e-11,4.434935480279278e-11,5.288116388600366e-11,7.411518238288647e-11,1.338063060600224e-10
hard_coal_plant_CCS,power,SE,1.9040789608414013e-10,4.232942400296666e-11,3.8700559654555204e-11,4.092867700391273e-11,5.79136981968492e-11,6.751085506271951e-11,8.241787021168062e-11,8.038812250460019e-11,5.89250475300665e-11,5.663382802163982e-11,5.803574657954957e-11,5.762569953526239e-11,5.65203568043694e-11,5.866029712331561e-11,6.111449786885559e-11,6.136060699445523e-11,6.339296418024835e-11,6.196316857189714e-11,5.953594023977644e-11,5.88288081104687e-11,5.908446831170925e-11,5.793364284970701e-11,5.308619243194823e-11,4.9784316624680225e-11,4.7701952180850417e-11,4.964831617279701e-11,5.3067230972291584e-11,5.404605225641917e-11,6.795819688280878e-11,1.2110145075123444e-10
hard_coal_plant_CCS,power,SI,1.9295297170000985e-10,4.17865253707197e-11,3.8037226168688435e-11,3.955614917809585e-11,6.621549278259254e-11,9.331663854815748e-11,1.1687840749094093e-10,1.501664184835793e-10,9.426518919196531e-11,8.491981097939387e-11,8.096795191449986e-11,7.254969473839814e-11,7.828693091248229e-11,6.406415769355493e-11,5.6368890905259484e-11,5.184450986057538e-11,4.860843924068881e-11,4.41556764617305e-11,3.73235722716944e-11,3.1168838288466335e-11,2.667979472169358e-11,2.3187768291994786e-11,2.191339081813871e-11,2.2543015749309516e-11,2.4147733689131812e-11,2.7946481188209848e-11,3.421912599809349e-11,4.335752728928638e-11,6.224536489718987e-11,1.1568382724553505e-10
hard_coal_plant_CCS,power,SK,1.802674363590169e-10,4.167168282832605e-11,3.963635782436263e-11,4.2746750326338344e-11,6.678722853180208e-11,8.681355217532943e-11,1.1041049841893565e-10,1.515452894845069e-10,7.864409785883586e-11,7.136785361005997e-11,7.006660653236782e-11,6.169597248172944e-11,5.440179282063119e-11,4.892403841827105e-11,4.5406624022063664e-11,4.282409495895815e-11,4.1259894395032223e-11,3.984010850383553e-11,3.813344812853371e-11,3.7367251178149364e-11,3.279177282727671e-11,2.967300952530884e-11,2.842791706767956e-11,2.914798601560428e-11,3.10332304028812e-11,3.54656585499129e-11,4.204419078515487e-11,5.080402538920912e-11,6.760186307370267e-11,1.2184411298577374e-10
hard_coal_plant_CCS,power,UK,1.8290111856989456e-10,4.100059920197502e-11,3.8010064723225766e-11,4.0325489256042415e-11,5.988000054855005e-11,7.328825023354175e-11,7.391681157543273e-11,6.853550063218216e-11,5.053566421127433e-11,4.621337411039122e-11,4.751417347406995e-11,4.791130180337212e-11,4.8141011172428225e-11,5.0077407522089266e-11,5.39195797340544e-11,5.2781879405971924e-11,5.319961458882348e-11,5.0997409048280854e-11,4.811235476771248e-11,4.573664577074537e-11,4.4876379825320866e-11,4.388217855402356e-11,4.32956287034717e-11,4.485037885735353e-11,4.9713649119045205e-11,5.367417296954438e-11,5.680847273336787e-11,5.803805860914205e-11,7.269353907427052e-11,1.274825287360805e-10
heat_pump,power,AT,1.0895506581694967e-10,1.72596338158094e-11,2.0737343731478448e-11,2.6771199386098832e-11,4.1413767606741554e-11,5.682763092824491e-11,8.284166492018448e-11,1.4189619221665615e-10,5.616421152059896e-10,0.9071481756683124,1.2578569496651097,0.4704085506371671,0.6088357868164941,1.27303240735825,0.7643725679585213,0.610092806659336,0.19558955207517775,1.3148557848542197,0.11371860938782544,0.13902695713364227,0.6356633488413209,11.802075194913488,1.7497502962224702e-09,1.611878604911743e-09,2.5498011061142353e-09,0.8130081375789838,1.363852185449828,1.1559823531117812,2.7609653751586007,1.2578569570384828
heat_pump,power,BE,1.2022823614169433e-10,1.9885693044448147e-11,2.3210273394608798e-11,2.9492904433907764e-11,4.3741075928644786e-11,7.714511445056672e-11,1.3166685275913398e-10,3.872742976811656e-10,1.5074383482220644,0.8038870722608294,3.3090397209888605,1.3638015636374414,0.9834771554074931,2.8481160778250034,1.0735376853431893e-09,1.5457783119356687,0.27335177880691736,1.6881614679073786,0.61066425144917,0.262701981360298,1.4306038097821991,15.630122185907513,1.5849071419184818e-09,1.5768001040282478e-09,2.383857989052924e-09,3.483852510216813e-09,0.5358210186818722,2.510792833713417,3.340836392712321,3.3090397324560916
heat_pump,power,BG,1.8123231486207034,8.285750281754756e-11,6.105618327947514e-11,7.524862466182468e-11,2.8472528771128535e-10,0.09439046302762777,0.18756183734669035,0.228742013811143,0.14916103866245528,0.19238802596415633,4.727566074673652e-10,0.03990180893725434,0.06982066389953215,0.177979337982168,0.025275625238087508,0.2110927356293798,0.06102866829655671,0.28300955051336973,0.8741067329683693,2.07085041585864,2.5006041338319103e-09,4.500884905822873,2.3569100374409824e-09,7.042099277408809e-09,0.09439047011453104,0.24926101492484928,0.22874205031200728,0.14916111871193094,0.23328752009401088,1.5673538129094516e-07
heat_pump,power,CH,2.6383881453375963e-11,1.6614798311473346e-11,1.989811456621613e-11,2.624440925531171e-11,4.0720835209402207e-11,5.943817515278495e-11,9.904537485754808e-11,2.2967096830132616e-10,0.33599270016925065,1.2291072671391892,1.7042873017053524,0.6373628730965533,0.8249197974840204,1.724848733172183,1.035658674434398,0.8266229506842632,0.26500691506063395,1.7815157901257077,0.1540788735032477,0.18836949488468238,0.8612688215739076,17.946058162312617,2.564482344765015e-09,2.7020164289215184e-09,3.830695102703547e-09,0.7221458234560473,1.2593506886221626,2.3633976746348675,2.167980773693337,1.7042873176979965
heat_pump,power,CZ,12.937950235100459,3.371869731171764e-11,4.774357974461513e-11,8.051013880549781e-11,0.16470806760527587,0.22156445908752123,1.111869023363881,0.2534259530962044,0.21981226726444883,0.7565390286958852,0.5325239790200922,0.8329442801762921,1.070759352558325,0.874488178715293,0.90650065021001,0.20918912855680985,3.1649531719690467,1.815928977068478,2.6019657949144217,13.880942358388873,1.3473195029945766,2.0013105899103708e-09,2.772098001992481e-09,0.1647080675746927,0.22156446064246565,1.1118690289251811,0.2534259540114555,0.21981226910578958,0.7565390304161626,0.5325239831712612
heat_pump,power,DE,9.885777814349577e-10,1.4490845280381874e-11,1.6558963542761326e-11,2.018030493062766e-11,2.796134911705068e-11,4.801719539899152e-11,5.7702092218186785e-11,9.607191890923418e-11,8.061918332556226e-10,6.919864405800195e-10,9.983768340031244,3.11338253570721,5.644925960662417,12.093855956015384,7.058324299864109,5.714626443778591,9.568008969266396,20.377600381590362,11.345063509141008,10.978931225948362,3.8600364308674604,96.22931803423057,1.3893115558022428e-09,1.2606674175047237e-09,1.6754290761241012e-09,2.6667923855304372e-09,1.913593498014224,6.5451547597561595,8.384167194426611,23.410214104241533
heat_pump,power,DK,13.420211605343345,4.100154428738377e-11,5.3077375633959884e-11,8.721011789388088e-11,0.48351058088415766,0.6031467634795022,0.5415144709145636,0.8158241910993302,0.18330178844283962,0.13440202786588734,0.4053429821740094,0.25562734636933576,0.31269431978935985,0.7131468323839958,0.580161578176977,0.7457747019664365,0.17209120319914384,0.6610464889601707,0.7376213443316946,13.480038367569064,0.23851018717911465,6.868159614902999e-09,2.1115572349181098e-08,0.4910844164203693,0.6031468978215485,0.5415146212647987,1.2676908452881974,0.18330181979065896,0.13440204145494553,0.4053429899729451
heat_pump,power,EE,9.547905001049017e-11,1.902199949925711e-11,2.3258271676183777e-11,3.0379844828549276e-11,5.2606382986783954e-11,8.224367235221828e-11,1.8816008428122778e-10,0.17842114474686974,0.03888297076959265,0.05966284299933383,0.00794267496164466,0.021312123092384255,0.013336584550614438,0.10106516551075158,0.22841023506420363,0.4450490845608256,0.09398016739231549,0.13708170761656127,0.006541737721215799,0.025901278361003043,0.736586348363159,1.6423931410385582,2.440562960577017e-09,2.1809478960480567e-09,3.5805629020196595e-09,0.13243927081303564,0.1842726715608008,0.16090810466576386,0.05966576278503971,0.0079427223280245
heat_pump,power,EL,0.048210784129028246,9.044831176112672e-11,6.694626889516049e-11,7.729583133977727e-11,1.4346405828224461e-10,0.0845480680077302,0.25168620653424034,0.5162839372171262,0.5995613638077504,0.4273772922495296,0.6070289662457862,0.64407661787269,1.1400720091574001,3.647482920757793,0.332410848289257,0.729252773009549,1.041945884464087,1.883990031296093e-09,0.3970418661495803,0.15956956940788444,0.2752619749736803,14.504199539569534,2.0259518271426122e-09,2.4190135745978006e-09,0.08454806882666638,0.25168620786367324,0.5162839393439692,0.5995613684794412,0.42737729742952574,0.6070289852337043
heat_pump,power,ES,17.6861063212733,7.548955544630157e-11,7.487906010034653e-11,1.251963993224807e-10,0.3075717341519982,0.6004570063667901,1.1850170532864956,5.26082804031405,0.552756409095141,1.128546614423774,0.5969518088925146,2.3155603143562504,0.4299146277247577,1.686021824541334,0.790596530817965,0.8859530200781607,0.22618018067010276,0.2832564594763562,0.7782533552398991,18.811787994374363,1.4140322240809338,3.351331393771083e-08,1.327525766715993,0.34044147866574376,0.600458284344281,1.1850170886360263,5.260828041586384,0.5527564176426031,1.1285466209098511,0.5969518115819993
heat_pump,power,FI,1.3371299719362482e-10,2.665174781393457e-11,3.3005352838715235e-11,4.696841573030299e-11,1.1353898064550498e-10,5.74380363836176e-10,0.46531138412285644,0.5310876574936779,0.7171130280840068,0.32855896547883473,0.8121926593210892,0.24415817441114782,0.3067011897358044,0.1877950783411903,0.18664917206790324,0.2132848573377054,0.977861473079298,0.6750648916667776,0.23820117307062394,0.115413135565926,0.012062429366679978,11.6051215282505,4.523700202917269e-09,4.270287675673689e-09,9.986213977900794e-09,1.602482572866595,0.531087685221957,0.7171130443790434,0.3285590051480325,1.0049542922186905
heat_pump,power,FR,71.45908270022895,5.625218730798094e-11,6.329028093769639e-11,1.0799502513859784e-10,3.6053382712882556,8.256503845562065,5.213492631965616,3.9515453969746743,5.104609444063206,4.555424396495232,9.554509698810453,5.672192503891944,6.942733281205743,7.425547187790138,2.018878076128929,4.124923885834356,4.990041657417508,2.858148566993454,5.317792944748208,72.87612830930036,6.1725279023930585e-09,9.72988838809511e-09,8.919977725143513e-08,6.893542889371367,8.256503902765775,5.2134926405614666,3.951545399668783,5.1046094465695795,4.555424401584049,9.554509694216115
heat_pump,power,HR,1.0021472617662286,3.894218607118161e-11,5.467783341930059e-11,9.172701653309054e-11,6.881780913499852e-09,0.15241740733559397,0.23891485577220495,0.11100411559379099,0.07684369080084263,0.18407421159153878,0.14207696350840432,1.3127645335746987,0.30577142982905997,0.48168199802999523,0.07887229409981038,0.5589693189064866,0.11617142394115967,0.4989688347763809,0.2699616900225658,1.192025949624674,0.2444440139280443,3.424344729385737,3.728151200318756e-09,8.42506720063986e-09,0.15241740796711326,0.3433009477674255,0.11100415311832738,0.13121849871837699,0.20302522253092511,0.14207698975225522
heat_pump,power,HU,8.544279970103531,4.124892339692041e-11,5.293766413137207e-11,8.807744445858285e-11,0.6523503209849999,0.9907329628020303,0.29276333022962997,0.2042182195365115,0.1857053170037812,1.052399696452518,0.5952745117202326,0.9614218106603541,1.2311616751943473,2.1252816737949294,0.4502830809164839,3.1612719743328848,0.9804994917450287,2.1253813553366747,2.0638235334801993,9.42289942957073,0.42940764552178584,6.063547768360916e-09,4.82458089434233e-08,0.8149488805922057,2.1905797726732317,0.2927633386961998,0.20421822302536105,0.18570531806804258,1.052399698616562,0.5952745124021037
heat_pump,power,IE,7.409649865815899,2.570994751681072e-11,2.7689128686274968e-11,3.429079789438005e-11,7.011208942520417e-11,0.07621760028209866,0.04793822859618491,0.19010294283375562,0.04098223434222801,0.07951621885054108,0.108641939796419,0.2625742372363933,0.04894699817204856,0.6305167485236435,0.29797894370363187,0.2313222447009914,0.1272649594640532,0.07990538185049628,0.3775911862360498,7.442230602528804,0.19456278491520004,6.019946327306057e-09,1.7949138423939443e-08,0.46269444037352275,0.07621805041112928,0.04793826470696875,0.19010294689052198,0.04098223667267877,0.0795162207937112,0.1086419413476719
heat_pump,power,IT,1.517174425946021e-09,2.98817541226303e-11,4.0625480940701815e-11,7.767813597155677e-11,7.8197388776655785,9.148254512112695,4.992343648982233,8.873594760846965,7.268109917798577,4.965516042759919,9.527535312382119,10.819277006852852,14.166939777955632,9.513993735713825,0.8327793578009668,5.493155889407752,8.228009727784674,4.015918141974963,3.749579690572581,1.0380146487555197,4.718293933106307,37.79205913538475,3.5629164833241167e-09,7.8197388763394375,9.148254514594367,4.992343666887015,8.873594754889364,7.26810993261952,4.965516186485326,11.384707946672313
heat_pump,power,LT,3.1097691761441375,4.0844853861048617e-10,2.0395540575749343e-10,1.916539988598437e-10,0.03425726748117809,0.12098268607385738,0.023991392499213924,0.052065177653521116,0.24293620742108385,0.033147872001293814,0.03376342448958329,0.12634705466646523,0.024964381465748534,0.564182489112664,0.021948384547594752,0.14802590489312334,0.27111495788651574,0.24546550136947715,0.23779889963677595,3.370779119835375,0.03709139657637724,7.4243511123577e-09,2.9202717571133358e-08,0.1477868258715441,0.12098272106541726,0.023991416697098727,0.05206522979652562,0.5085073285789583,0.03314797548171675,0.03376345282574985
heat_pump,power,LU,1.3787618291891917,1.3017751616706223e-11,1.4125415368074839e-11,1.629104011087473e-11,2.072956885235611e-11,2.6479422972722406e-11,3.623482632654663e-11,5.6189726041700345e-11,1.1529954632795032e-10,0.006777119319814972,0.013932092662405653,0.10527571601680087,0.049896155547107565,0.03298049420911211,0.054525505466510464,0.1274619264572867,0.047776982928910666,0.14951860234169242,0.0731707217364705,1.3787618298423534,0.22389966780195725,1.9672884169577746e-09,2.780771577607384e-09,4.5348505327615015e-09,1.6228283151470533e-08,0.31488864776345127,7.72652035049522e-08,1.778326096001724e-08,0.006777111994037008,0.01393209451986332
heat_pump,power,LV,0.9364130243032939,3.466593466984511e-11,4.5476268630001665e-11,7.183074828894566e-11,0.05953390955539396,0.08594019884239439,0.020438598057497797,0.04993505726072779,0.0541856116478168,0.19780076617377246,0.0026326034083457794,0.2790879216609462,0.18337930980533815,0.16075851853730258,0.19468953259698044,0.2662156671673996,0.06283427419504549,0.21846345176183934,0.11612447725027222,1.099483769228017,0.18949651082637628,1.5573222472618904,6.823599377450875e-09,0.05953391548791585,0.0859402121392193,0.10053086767267444,0.04993508626494738,0.054185621047890126,0.19780077384481723,0.0026326238321813644
heat_pump,power,NL,3.202786208805431,3.438034750049547e-11,4.595626743504004e-11,8.41359873772359e-11,2.191280798690007e-09,3.422040678446485,3.3366027558551394,3.2889639665806967,3.186378669794839,4.358007660462696,3.3560144678481754,4.597774787114381,3.2229146177858086,2.6711119633144103,0.4306387897471502,0.10566714440866919,0.5453918265430178,0.5773406982229378,0.9523946985925594,3.381233317717583,2.142904939152858e-09,3.6103857592001125,2.114686699779082e-09,3.240375716521252e-09,3.422040678942439,7.191460079963893,3.2889639695644397,3.1863786858940073,4.358007645499293,3.3560144929325317
heat_pump,power,NO,2.0148949433906803e-10,2.54135345414806e-11,2.3598294821589865e-11,2.716062600257726e-11,4.180936816853534e-11,5.412685583195003e-11,1.6127201509578047e-10,1.265016821320354,1.0378566446129087,0.9054241021504179,0.7995619600625238,0.2560767242459788,0.3607409835774365,0.5091641123973019,0.22581840853497087,0.270418291238921,0.14165558406412462,0.37141739436216525,0.6620777163534108,0.07155427581067991,0.05137853145895253,7.981688906832756,9.035684886727718e-09,1.4523265078951503e-08,1.1465675411097887e-07,4.364302797705289,1.2650168465121339,1.0378566998577194,1.0800765459616553,0.7995621166960203
heat_pump,power,PL,53.59770339025915,2.6695804816404107e-11,3.310873069582708e-11,4.432347200053782e-11,9.378082759397845e-11,0.2548958171775721,0.6565902744746979,0.3692923379182579,1.4550802962545433,0.3788374893674699,0.8888007911947796,0.3855958590254954,0.5772405920586782,1.6165056465989096,1.6644323533761396,0.28538523968538454,1.1774157481222238,2.4150885797746975,8.33572362880416,55.40045457720444,3.2499264453076404,2.173560215820227e-09,3.4814828123785808e-09,5.341861931179213e-09,0.2548958307599203,0.6565902860959698,0.36929243690637603,2.950779063594864,0.378837507740689,0.8888007976559029
heat_pump,power,PT,1.6141867071622493,1.1333625474507256e-10,8.640107014126223e-11,1.248906524783464e-10,0.01965567498639482,0.06979019926298197,0.1604040156381293,0.11250276057200745,0.16783531388900683,0.09722805537337269,0.07806800762410944,0.215626646973219,0.12801391736464127,0.19259791438672505,0.0009593053857904087,0.007979148339284306,0.0429059888334049,0.04554518599233982,0.01886357428605731,1.634297061726956,0.009925263420595262,0.03275503962996039,4.062787588680859e-08,0.01965567981980715,0.06979021280083518,0.16040402187877492,0.11250276149457307,0.1678353170509262,0.09722805733682334,0.07806800920446459
heat_pump,power,RO,1.5535523917091197e-10,2.479463245046652e-11,2.972149251466429e-11,4.596920411421232e-11,1.105486251675149e-10,7.921512826224995e-10,0.00789704650005449,2.078872440367345,1.0446196462968749,0.023798088399736933,0.4226971513043893,0.07772891413606851,0.15554336755308612,0.9868305241126522,0.3471521919277112,0.00010599327099504054,1.3082222641726478,0.9678415511452232,0.2472402164938812,0.4261915157187518,0.5630920499724614,3.1644502236780676,1.8936372296411078e-09,5.019936286204463e-09,1.0561184258437604e-08,0.7631305116691983,2.5510524079499546,1.107151827897333,0.08987830832018853,0.4226972619970356
heat_pump,power,SE,4.677034588405046e-10,6.617856770595707e-11,5.102175279930548e-11,5.4756377237161725e-11,1.0656677267280343e-10,9.295643500848083e-10,0.5908476736240795,0.5478823922086355,0.7133679046699671,0.22707362320144633,1.428509545346778,1.1920761661450978,0.41766372555450265,0.3357324857991191,0.3652491348365115,0.4606044632421341,0.005373352609607989,0.3537386229479466,0.7398696435220992,0.07986312737059831,0.03164786158211863,12.98479773847825,1.0642628816101023e-08,1.2715101790764788e-08,0.2983537913276425,1.8705992367422672,1.036683765688141,0.7133682233554275,0.22707364331506963,1.4285095540129666
heat_pump,power,SI,1.2675612976917017,2.5583368833470503e-11,3.266907490296845e-11,4.598844037414583e-11,9.54619493702916e-11,0.0801741949700638,0.030533964689432844,0.014002639608428027,0.008705901895493584,0.030353629439877815,0.11755318587423653,0.1574577875919382,0.21422495521222826,0.12953822495889655,0.07617331607137279,0.04675606851060781,0.10883571676992917,0.13654046130039332,0.04369872879459117,1.267561298053714,0.006971028368772577,1.570746115495048,2.8791872834634724e-09,2.3449001456362625e-09,0.08017419551101185,0.03053396581577362,0.014002646088611856,0.00870590153111706,0.030353632596590862,0.11755318635196751
heat_pump,power,SK,3.158641538489337e-10,2.3761442184375375e-11,2.989965811967175e-11,4.080500433754157e-11,8.402788367656247e-11,1.6245008704449627e-10,1.3919678818189654e-09,0.07073270730897525,0.008503337075274033,0.01854738708609917,0.1071735927349831,0.6226713906327868,0.011387690910551704,0.7864281358876912,0.15556827121507716,0.07264560103116108,0.0019045332996033117,0.1005807305247537,0.26969880863288787,1.474017864222341,0.5065897959054936,2.45219741451005,2.9931415624833966e-09,2.9367786566329345e-09,4.526984364134031e-09,0.1802644604684063,0.08228648879985698,0.87962723421276,0.5738434932434594,0.1071754822812117
heat_pump,power,UK,37.71519154928224,5.486972880265614e-11,6.593165751956426e-11,1.1196131242303477e-10,8.17927316967833,9.31989766355876,8.228611499354153,7.9071355589642325,9.465953055265008,8.192791501383155,8.539784730793874,10.225742563769433,8.168519451662904,11.68478193173196,1.898295556752599,1.3104175343735973,2.1991015618483627,5.114899904604702,7.281907627996892,39.949138726519564,2.515175627430918,5.774740141631182e-09,1.471788679044262e-08,8.179273465225346,13.694897397849177,8.228611545954578,7.9071355648074535,9.465953058907388,8.192791500290197,8.539784735036987
hydrogen_storage,energy,AT,5.6509172296572316e-08,2.675933364476535e-10,1.1284746180733157e-10,2.972590323273627e-10,1.4731580380853195e-09,8.686523121242788e-09,5.727008270566105e-09,6.1292055691121305e-09,6.727216146495778e-09,7.673303213439716e-09,1.6746884589837336e-08,8.381428162421458e-09,9.575128333354587e-09,1.0572160247600603e-08,1.2022414147753641e-08,2.2515916819634873e-08,1.3920112942934154e-08,1.4656494835314989e-08,1.5981207973384428e-08,1.7982015177697583e-08,2.8751424449689388e-08,2.0172140547189513e-08,2.0872310920045218e-08,2.247539368104267e-08,2.4274278063758313e-08,2.6601658715322678e-08,2.908116953034011e-08,3.164127102284312e-08,3.51223613933409e-08,4.160186798145533e-08
hydrogen_storage,energy,BE,5.655226751613029e-08,2.831814957966351e-10,1.126502269088758e-10,2.9577313916151124e-10,1.4701390969150768e-09,8.674885112032988e-09,5.705944363399978e-09,6.117329638327778e-09,6.734337040066588e-09,7.6937707777754e-09,1.6811314192102498e-08,8.317018382988369e-09,9.56789664215765e-09,1.0570395851984131e-08,1.2016577716527704e-08,2.235013737340728e-08,1.3951070039070129e-08,1.4632445084256731e-08,1.5958804607546923e-08,1.7914021317662522e-08,2.8429448528198476e-08,1.9852397794232562e-08,2.065929796218442e-08,2.235652240667376e-08,2.4098463456543897e-08,2.656355053404364e-08,2.8905647289898612e-08,3.138423347540681e-08,3.490956919626464e-08,4.147692042314851e-08
hydrogen_storage,energy,BG,5.6347895531712054e-08,2.863505200819798e-10,1.0457737372603024e-10,2.617299630856212e-10,1.3757778267390985e-09,8.6069729334004e-09,5.6889103049040114e-09,6.115433849131228e-09,6.7846611847822015e-09,7.771602777684061e-09,1.6026985116538975e-08,9.313616488537578e-09,9.945985049897295e-09,1.0626074705907884e-08,1.1690552441079501e-08,2.1875429546248103e-08,1.3960572364567782e-08,1.421240463702773e-08,1.6006132699831598e-08,1.7477635745466238e-08,2.7929242966439092e-08,1.933081283090926e-08,2.036530490250863e-08,2.251454946263205e-08,2.437042493862384e-08,2.6559109183218274e-08,2.923555252367063e-08,3.154926131274514e-08,3.4359130909643074e-08,4.090590097382109e-08
hydrogen_storage,energy,CH,5.655447269396624e-08,2.6306156985008704e-10,1.1531650648046626e-10,3.0558246176763667e-10,1.4871470355647604e-09,8.629382834964098e-09,5.6943446196596e-09,6.113613453808102e-09,6.72417565540165e-09,7.684638224985129e-09,1.670067102453576e-08,8.433595821458139e-09,9.583790075595329e-09,1.0580253480824986e-08,1.2086349786587527e-08,2.260276576874127e-08,1.3945339796376058e-08,1.470275246120577e-08,1.6045359315800605e-08,1.7956255293697866e-08,2.871045067202407e-08,2.0088004249241882e-08,2.0728664390356535e-08,2.2443707153048618e-08,2.4205616178903505e-08,2.685054654502507e-08,2.9183867947194116e-08,3.164303324290838e-08,3.514802445854356e-08,4.152840938236992e-08
hydrogen_storage,energy,CZ,5.62921487319587e-08,2.8374268466541326e-10,1.0486527935929292e-10,2.548375742958482e-10,1.3637526826906836e-09,8.579986507130904e-09,5.739550532873171e-09,6.133235829302673e-09,6.751789352279403e-09,7.788005373765366e-09,1.654621826536047e-08,9.074741284404587e-09,9.928530998534966e-09,1.0614795202505583e-08,1.223295538116215e-08,2.2090614912016718e-08,1.3652167973153975e-08,1.4473577390543203e-08,1.546335059915292e-08,1.76776888120845e-08,2.78205722448168e-08,1.91203166487636e-08,2.02139706866499e-08,2.238761247168218e-08,2.397600147619621e-08,2.6361078214788708e-08,2.90221253571942e-08,3.1550044998117885e-08,3.501452595514299e-08,4.121234463982594e-08
hydrogen_storage,energy,DE,5.611203686318721e-08,2.973314716400096e-10,1.0491200052010038e-10,2.7313711543539853e-10,1.4066225208874613e-09,8.630905408575348e-09,5.666787984838665e-09,6.093848441449755e-09,6.695472527816332e-09,7.609687686476419e-09,1.673961412342385e-08,8.347786101459791e-09,9.556565464393431e-09,1.0553659598844072e-08,1.197837473984962e-08,2.2445819771434403e-08,1.3949102440837464e-08,1.4655573187312636e-08,1.5962853064084294e-08,1.790382378385143e-08,2.8598454569474235e-08,1.969194989717321e-08,2.0581898805801467e-08,2.2304240115241595e-08,2.4116711807253885e-08,2.643867167899981e-08,2.8883263621023072e-08,3.127492667688088e-08,3.4785455510703705e-08,4.133883604109755e-08
hydrogen_storage,energy,DK,5.6533260453461905e-08,2.6388623288739755e-10,1.1426888432098455e-10,3.0354522789016945e-10,1.4953921106104413e-09,8.687979994309969e-09,5.706230764099725e-09,6.097868470841068e-09,6.712680446789054e-09,7.623817683827473e-09,1.6687248890804072e-08,8.43227394249326e-09,9.559792768284957e-09,1.0552032182588048e-08,1.1959125134268763e-08,2.2536113314035054e-08,1.3870467429269632e-08,1.4606359968720874e-08,1.5954424389028417e-08,1.786286766289018e-08,2.8564541168204167e-08,1.976110816381843e-08,2.0638473160077843e-08,2.2362747036493364e-08,2.421550423210816e-08,2.650481871520123e-08,2.9108428458664413e-08,3.1706606646786346e-08,3.5117251566208326e-08,4.162625366096156e-08
hydrogen_storage,energy,EE,5.630758289752418e-08,2.6243053081687433e-10,1.246644811751372e-10,2.786566532107722e-10,1.4104639004211686e-09,8.381706475288968e-09,5.603868917254466e-09,5.992840136113398e-09,6.636893297103898e-09,7.621389241605872e-09,1.6061341029196068e-08,8.700189608613947e-09,9.51934215456598e-09,1.0580279880322294e-08,1.1899160840498556e-08,2.1941035297989465e-08,1.357771203425865e-08,1.4431174952976891e-08,1.6010073896651723e-08,1.7746742714550626e-08,2.790332836559867e-08,1.945384308043361e-08,2.0461088102931432e-08,2.2193678610303613e-08,2.4042799089964704e-08,2.62802890009926e-08,2.8680832716066212e-08,3.1361252511448525e-08,3.4683474487787685e-08,4.1061796875574386e-08
hydrogen_storage,energy,EL,5.6311360982678884e-08,2.690921066347855e-10,9.914438196377972e-11,2.6309140539502767e-10,1.3879387861925152e-09,8.59031923751347e-09,5.727700181714276e-09,6.135441941289622e-09,6.7370759611612105e-09,7.764996477178634e-09,1.6437118814887406e-08,8.663038970224216e-09,9.677429808316046e-09,1.0794745519152118e-08,1.2025110199412856e-08,2.2436035137008292e-08,1.4026408382851263e-08,1.496083720616634e-08,1.6067804207930944e-08,1.7907446570748964e-08,2.7635880194086812e-08,1.9395557418593523e-08,2.0529863635791763e-08,2.227451631286824e-08,2.4208460562981483e-08,2.6452569140159392e-08,2.9034246126446388e-08,3.15428360478892e-08,3.483559607134132e-08,4.040665303641459e-08
hydrogen_storage,energy,ES,5.6376292442783854e-08,2.1754149971183935e-10,1.073475136836914e-10,2.821111573471023e-10,1.4112342436595361e-09,8.663110296825813e-09,5.6942068201868376e-09,6.103230570599694e-09,6.749041880342299e-09,7.723966735947123e-09,1.6242706974933785e-08,8.782075395883578e-09,9.554459306534095e-09,1.0552161370917146e-08,1.198824721707007e-08,2.2507612360383377e-08,1.381805468843775e-08,1.4617630728305729e-08,1.597847245974708e-08,1.7988738160771028e-08,2.8589558025417266e-08,1.986591641354082e-08,2.0730911152782056e-08,2.246716657310959e-08,2.4397737605321855e-08,2.6455690261704748e-08,2.8719205685044973e-08,3.164448388410802e-08,3.496897112224139e-08,4.122795386809992e-08
hydrogen_storage,energy,FI,5.648666588433302e-08,2.6600149248067964e-10,1.1365861810854002e-10,2.9947591903345507e-10,1.4861961314191971e-09,8.690367850351968e-09,5.701433775365544e-09,6.090548854831043e-09,6.702260648947648e-09,7.635304278937663e-09,1.671300587771459e-08,8.416520493219471e-09,9.569142971582429e-09,1.0571162801667081e-08,1.196697272262417e-08,2.2566344672973945e-08,1.3888734177799946e-08,1.464422399779217e-08,1.5977165670830322e-08,1.7874908444405395e-08,2.8554665665071936e-08,1.9711010468654085e-08,2.061593642693659e-08,2.2345779054443624e-08,2.4249469419203754e-08,2.65385613843035e-08,2.904347938850386e-08,3.1714635148229246e-08,3.5089708206071156e-08,4.159250950631462e-08
hydrogen_storage,energy,FR,5.6114273271304474e-08,2.989358333014222e-10,1.0541024137953541e-10,2.739861188968993e-10,1.3838155259179228e-09,8.59551494856912e-09,5.661177638004877e-09,6.067229357202311e-09,6.680080842264254e-09,7.625773331685644e-09,1.6045214290799994e-08,8.92210971277406e-09,9.552999592927235e-09,1.0515420149734421e-08,1.1980999968030085e-08,2.2517407075729626e-08,1.3874332757816723e-08,1.4569601996999442e-08,1.6016972674867434e-08,1.7918910376123916e-08,2.8552967128634596e-08,1.9858908694237683e-08,2.0774760206653542e-08,2.2356374940734774e-08,2.414118887886574e-08,2.6455817432395e-08,2.873935253922542e-08,3.124853065486455e-08,3.473070645514377e-08,4.112320612488566e-08
hydrogen_storage,energy,HR,5.647174542773841e-08,2.8757570221359635e-10,1.095856334820443e-10,2.853380305580027e-10,1.448136575506773e-09,8.590732570485294e-09,5.4797618942615126e-09,5.982867328060693e-09,7.004884639275384e-09,7.593552671070162e-09,1.589590546156306e-08,9.162966638896342e-09,9.639131716208943e-09,1.0743133438936627e-08,1.1996454947303956e-08,2.1971840735686716e-08,1.3859694351405907e-08,1.4004200049789346e-08,1.5857271696594706e-08,1.7668363813320126e-08,2.8097018626735377e-08,1.966226530678463e-08,2.058192318050524e-08,2.2318612769518658e-08,2.415537487930096e-08,2.649842084616113e-08,2.8857804521672488e-08,3.118898339950806e-08,3.49158331242894e-08,4.1088522185779887e-08
hydrogen_storage,energy,HU,5.636092655408992e-08,2.869008585093575e-10,1.0654555719463017e-10,2.6144511419905985e-10,1.37725465370978e-09,8.725034594173136e-09,5.731319628450033e-09,6.073143550127968e-09,6.718597672505206e-09,7.638318919240422e-09,1.6556562171953306e-08,8.793330332939473e-09,9.732149548220021e-09,1.0538676195886284e-08,1.1727100155757807e-08,2.21233038931706e-08,1.3335660886582337e-08,1.4451529610371903e-08,1.588808194156834e-08,1.7595363776958467e-08,2.8174711473240255e-08,1.9797790764479166e-08,2.064376441258194e-08,2.245074467620995e-08,2.4082129012981026e-08,2.651302979559795e-08,2.9001416899607657e-08,3.145815397511755e-08,3.4379208594636326e-08,4.081774635663194e-08
hydrogen_storage,energy,IE,5.653896338119029e-08,2.644239564682416e-10,1.1317985206072298e-10,3.0079085640903304e-10,1.4967042197539996e-09,8.682058885604065e-09,5.719946668889369e-09,6.095227125570013e-09,6.6802138445695465e-09,7.613392596988155e-09,1.6618752610402433e-08,8.478883445210283e-09,9.566386024715143e-09,1.0551508104328654e-08,1.200467325403357e-08,2.24832188272763e-08,1.3898415531191295e-08,1.4604125776277578e-08,1.592318644891435e-08,1.7905757214076136e-08,2.8499571493811952e-08,1.9805600037752514e-08,2.082517944841161e-08,2.2424216850530855e-08,2.4195888574617627e-08,2.6556142858091653e-08,2.8852452393628437e-08,3.1687642535745544e-08,3.5217219668125815e-08,4.2069448210569176e-08
hydrogen_storage,energy,IT,5.635985206604168e-08,2.528253280932572e-10,1.068707027857013e-10,2.795720255408627e-10,1.3821271183389676e-09,8.608983340181321e-09,5.669298768050604e-09,6.088042242570498e-09,6.720250437437292e-09,7.741342792408513e-09,1.677459962256975e-08,8.267940408304423e-09,9.612301639190796e-09,1.0631768937389649e-08,1.210722943529636e-08,2.2471276412154835e-08,1.4274347805034341e-08,1.4834777925551246e-08,1.6024604016948817e-08,1.8017740194431615e-08,2.8735373917554663e-08,2.0055909884496518e-08,2.089529190125883e-08,2.2563005759010428e-08,2.437783391207712e-08,2.6396762088035713e-08,2.8957654576547828e-08,3.1443194201201706e-08,3.4924097649123444e-08,4.170551874798241e-08
hydrogen_storage,energy,LT,5.6324424539014364e-08,2.660683587737325e-10,1.0530853550406175e-10,2.897382041142325e-10,1.4166074477079472e-09,8.46816265570576e-09,5.652483703388317e-09,6.054438091945615e-09,6.628372272171066e-09,7.592939438544007e-09,1.6202697236147415e-08,8.557065271173945e-09,9.493714977355782e-09,1.04415255811383e-08,1.182643610392489e-08,2.2108443492363147e-08,1.3711916203083915e-08,1.4391772833830636e-08,1.570255501893777e-08,1.7635947689293303e-08,2.8133407113592437e-08,1.951454344903216e-08,2.0449396971928677e-08,2.2148571667402962e-08,2.386629017004642e-08,2.6304920292934775e-08,2.8844564606720354e-08,3.145073271347863e-08,3.473823339998238e-08,4.099806186047109e-08
hydrogen_storage,energy,LU,5.6347789939965245e-08,2.576240907050683e-10,1.1228341374551542e-10,2.891031072772225e-10,1.4523383976764338e-09,8.490348830454359e-09,5.652725493493736e-09,6.025544816423014e-09,7.029552325383214e-09,7.57547257630888e-09,1.5838518372359918e-08,9.070024810563503e-09,9.530734588500223e-09,1.0394584613377699e-08,1.1398221963629919e-08,2.2630058186487442e-08,1.3125388349799949e-08,1.4273777377150523e-08,1.569510689908182e-08,1.770088768213937e-08,2.8331790567766818e-08,1.967649951091964e-08,2.057968167018562e-08,2.218253568082964e-08,2.391524044795664e-08,2.6253595350812014e-08,2.8609906867941154e-08,3.110110796443171e-08,3.4556541386467873e-08,4.0836116590713346e-08
hydrogen_storage,energy,LV,5.6321761415673e-08,2.637558169166234e-10,1.1939768341178928e-10,2.808515769670632e-10,1.4237068665655607e-09,8.443127194488316e-09,5.639922797970077e-09,6.030359546022909e-09,6.634245508857452e-09,7.598075427189235e-09,1.616787196214586e-08,8.548670694226536e-09,9.492521551263336e-09,1.0448366731486674e-08,1.1844960874350632e-08,2.209955148906161e-08,1.3716326406081392e-08,1.4392997910447185e-08,1.5752282023362464e-08,1.7656050663364327e-08,2.8105539645293174e-08,1.9357817864071417e-08,2.0431061712523257e-08,2.2161007375305537e-08,2.38766865181098e-08,2.6317568121022273e-08,2.8839851286460403e-08,3.1433899667236804e-08,3.469731960981354e-08,4.095762768017178e-08
hydrogen_storage,energy,NL,5.654278689240532e-08,2.8297418425356073e-10,1.135652946742331e-10,3.0320863037550746e-10,1.4793154109853911e-09,8.663642414479462e-09,5.717177561575437e-09,6.118358089118782e-09,6.733815537122766e-09,7.691568254771167e-09,1.6622193052688996e-08,8.443663476914993e-09,9.601205766926299e-09,1.062169331695908e-08,1.206485666587399e-08,2.246494241004138e-08,1.3929982171172899e-08,1.4661501118521766e-08,1.6047683468685274e-08,1.7937926888593804e-08,2.839292991478988e-08,1.993720542798447e-08,2.067079264271211e-08,2.2354227986855448e-08,2.414096323692711e-08,2.654531875136843e-08,2.9054181134287847e-08,3.139617404644154e-08,3.495584841683459e-08,4.157698653105271e-08
hydrogen_storage,energy,NO,5.653593626523246e-08,2.6570407242621375e-10,1.1328319255684649e-10,2.998067920016282e-10,1.4939260338000155e-09,8.698048909727466e-09,5.716198361833675e-09,6.11141853783416e-09,6.741153883686339e-09,7.67941830054028e-09,1.5970137610696168e-08,9.098585262869625e-09,9.604675415959125e-09,1.0563711124099987e-08,1.1969004169242272e-08,2.2406903552524345e-08,1.3834922259574305e-08,1.4590288473435367e-08,1.594425513163326e-08,1.786635833107401e-08,2.8424889739197936e-08,1.9777107039070053e-08,2.0685345709287824e-08,2.2347010281706156e-08,2.419032218694648e-08,2.6407394749959695e-08,2.8991144629957558e-08,3.166719281178703e-08,3.502061116771911e-08,4.162590859370632e-08
hydrogen_storage,energy,PL,5.648485781131259e-08,2.9193202035585346e-10,1.1036095598213556e-10,2.9096038335981454e-10,1.4566500032257185e-09,8.679367666038493e-09,5.695802437740377e-09,6.161667909239936e-09,6.7428540926524104e-09,7.695749596732072e-09,1.677079325103214e-08,8.404945576174456e-09,9.59463801673672e-09,1.0605205907562766e-08,1.2093357408005447e-08,2.2531125785909285e-08,1.4005113348711922e-08,1.4686135084751354e-08,1.6001054585691873e-08,1.7954270444149127e-08,2.8589300529347095e-08,1.9755169078287958e-08,2.0685124183692306e-08,2.2454525332126273e-08,2.425124679241686e-08,2.661924599263076e-08,2.91868542895601e-08,3.164756656359429e-08,3.5055419190685304e-08,4.150084533680713e-08
hydrogen_storage,energy,PT,5.6536613135089577e-08,2.63706153701117e-10,1.1171983976606693e-10,2.8780932592616854e-10,1.4017060116760585e-09,8.604014326151459e-09,5.6731503830777265e-09,6.073857243296896e-09,6.707622934572255e-09,7.669408596302187e-09,1.662967497572591e-08,8.50442232868648e-09,9.671418988528691e-09,1.0723016423529485e-08,1.2191303656429815e-08,2.2500125779143495e-08,1.3846914751208094e-08,1.4730235437377313e-08,1.6122904441294994e-08,1.8102985569040438e-08,2.8423242315819034e-08,1.9828386615811833e-08,2.0847410576598945e-08,2.2627688555363997e-08,2.4612415064100203e-08,2.6689759265727717e-08,2.8980072254554638e-08,3.173032579023054e-08,3.50812235444158e-08,4.118269772864129e-08
hydrogen_storage,energy,RO,5.6315547269572164e-08,2.560790182365535e-10,1.0859626654161943e-10,2.8313298831010404e-10,1.4128878537456167e-09,8.497008644602167e-09,5.651890699972981e-09,6.050066979443294e-09,6.654082510226463e-09,7.627633038203852e-09,1.619671112580069e-08,8.594476677997448e-09,9.460870095759615e-09,1.0401651743479378e-08,1.1861822039114453e-08,2.2107342826713418e-08,1.3788657206235865e-08,1.446531733116675e-08,1.5695714117760693e-08,1.7704572391512255e-08,2.8197248731779686e-08,1.954711996949929e-08,2.030993096391644e-08,2.2104774202333883e-08,2.371631928326311e-08,2.6588939240868342e-08,2.8725726846044355e-08,3.10575613580096e-08,3.4354157827115316e-08,4.1156419864971265e-08
hydrogen_storage,energy,SE,5.652494143909437e-08,2.8764934881452004e-10,1.1205742965462102e-10,2.9558193205442407e-10,1.4760422800571665e-09,8.694913124884971e-09,5.7123663173518085e-09,6.105926977396127e-09,6.714150018539749e-09,7.666995882597313e-09,1.6468287620773567e-08,8.63932187683452e-09,9.588759415729746e-09,1.056827787119233e-08,1.1977220889656961e-08,2.2412009026561135e-08,1.3845269163182074e-08,1.4610257953656451e-08,1.594560150819495e-08,1.7883825799004025e-08,2.8439072682526447e-08,1.9735334018149406e-08,2.0634172253066644e-08,2.2333479438127907e-08,2.4190138459286415e-08,2.6471818350183963e-08,2.900954712272919e-08,3.1600329146842843e-08,3.50247659270629e-08,4.164736010175011e-08
hydrogen_storage,energy,SI,5.636470939601415e-08,2.5949079851050533e-10,1.119855626821284e-10,2.899329832542655e-10,1.4515729558164817e-09,8.487273536764924e-09,5.656283607927374e-09,6.018466704261505e-09,6.9840403157839985e-09,7.561844970499773e-09,1.5864791311738803e-08,9.115981214848138e-09,9.634070844788966e-09,1.0586533376696741e-08,1.1858658267759599e-08,2.2021376112736455e-08,1.3242506361264465e-08,1.4498363607286381e-08,1.5869314489235254e-08,1.7729156355692954e-08,2.8362790607507918e-08,1.987795807909016e-08,2.0517026974362182e-08,2.2354123473318185e-08,2.4049586340466283e-08,2.635525995817975e-08,2.8758670938808617e-08,3.1462905101406964e-08,3.457706964051842e-08,4.107826286720508e-08
hydrogen_storage,energy,SK,5.646516603965879e-08,2.891157581577706e-10,1.0924256236026388e-10,2.8649385351187004e-10,1.513813840297541e-09,8.607279258401177e-09,5.571094626773796e-09,6.043207685821659e-09,6.958879996171541e-09,7.585235388402832e-09,1.605536263136221e-08,8.930649572939736e-09,9.459267297277603e-09,1.0613001334000425e-08,1.2242558484471556e-08,2.272846524016376e-08,1.395410565800769e-08,1.3839049327482222e-08,1.5825560172403568e-08,1.7975038434981587e-08,2.8708464913360217e-08,1.904405437367608e-08,2.045356037561734e-08,2.2075057561806235e-08,2.373250854040017e-08,2.6146357324243206e-08,2.8707349501804568e-08,3.129528854874969e-08,3.476890467305967e-08,4.085730277403863e-08
hydrogen_storage,energy,UK,5.6230078200829645e-08,2.9303511080771724e-10,1.0608701610338494e-10,2.7599808563669615e-10,1.4054906074261422e-09,8.62841446888454e-09,5.689488198071047e-09,6.099324851168921e-09,6.718201855468226e-09,7.659667414748022e-09,1.64484033356978e-08,8.54844301228711e-09,9.489278855722992e-09,1.0489990514363285e-08,1.1946848841842646e-08,2.242306343201005e-08,1.3854062559660992e-08,1.4579265629113773e-08,1.5921579406769332e-08,1.791649544225015e-08,2.846251674167155e-08,1.981585437108828e-08,2.081840902866743e-08,2.241220102393317e-08,2.415789838689344e-08,2.670536734727891e-08,2.8825409744267042e-08,3.165639491907498e-08,3.51279600231081e-08,4.1845945400221614e-08
hydrogen_storage,power,AT,2.8254586148286158e-08,1.3379666822382676e-10,5.642373090366578e-11,1.4862951616368135e-10,7.365790190426598e-10,4.343261560621394e-09,2.8635041352830523e-09,3.0646027845560652e-09,3.363608073247889e-09,3.836651606719858e-09,8.373442294918668e-09,4.190714081210729e-09,4.787564166677293e-09,5.2860801238003015e-09,6.0112070738768205e-09,1.1257958409817437e-08,6.960056471467077e-09,7.328247417657494e-09,7.990603986692214e-09,8.991007588848791e-09,1.4375712224844694e-08,1.0086070273594756e-08,1.0436155460022609e-08,1.1237696840521335e-08,1.2137139031879156e-08,1.3300829357661339e-08,1.4540584765170056e-08,1.582063551142156e-08,1.756118069667045e-08,2.0800933990727664e-08
hydrogen_storage,power,BE,2.8276133758065147e-08,1.4159074789831755e-10,5.63251134544379e-11,1.4788656958075562e-10,7.350695484575384e-10,4.337442556016494e-09,2.852972181699989e-09,3.058664819163889e-09,3.367168520033294e-09,3.8468853888877e-09,8.405657096051249e-09,4.1585091914941846e-09,4.783948321078825e-09,5.2851979259920655e-09,6.008288858263852e-09,1.117506868670364e-08,6.975535019535064e-09,7.3162225421283654e-09,7.979402303773461e-09,8.957010658831261e-09,1.4214724264099238e-08,9.926198897116281e-09,1.032964898109221e-08,1.117826120333688e-08,1.2049231728271948e-08,1.328177526702182e-08,1.4452823644949306e-08,1.5692116737703403e-08,1.745478459813232e-08,2.0738460211574256e-08
hydrogen_storage,power,BG,2.8173947765856027e-08,1.431752600409899e-10,5.228868686301512e-11,1.308649815428106e-10,6.878889133695493e-10,4.3034864667002e-09,2.8444551524520057e-09,3.057716924565614e-09,3.3923305923911008e-09,3.8858013888420304e-09,8.013492558269488e-09,4.656808244268789e-09,4.9729925249486476e-09,5.313037352953942e-09,5.845276220539751e-09,1.0937714773124052e-08,6.980286182283891e-09,7.106202318513865e-09,8.003066349915799e-09,8.738817872733119e-09,1.3964621483219546e-08,9.66540641545463e-09,1.0182652451254315e-08,1.1257274731316025e-08,1.218521246931192e-08,1.3279554591609137e-08,1.4617776261835315e-08,1.577463065637257e-08,1.7179565454821537e-08,2.0452950486910545e-08
hydrogen_storage,power,CH,2.827723634698312e-08,1.3153078492504352e-10,5.765825324023313e-11,1.5279123088381834e-10,7.435735177823802e-10,4.314691417482049e-09,2.8471723098298e-09,3.056806726904051e-09,3.362087827700825e-09,3.8423191124925644e-09,8.35033551226788e-09,4.216797910729069e-09,4.7918950377976645e-09,5.290126740412493e-09,6.043174893293763e-09,1.1301382884370635e-08,6.972669898188029e-09,7.351376230602885e-09,8.022679657900303e-09,8.978127646848933e-09,1.4355225336012035e-08,1.0044002124620941e-08,1.0364332195178268e-08,1.1221853576524309e-08,1.2102808089451752e-08,1.3425273272512536e-08,1.4591933973597058e-08,1.582151662145419e-08,1.757401222927178e-08,2.076420469118496e-08
hydrogen_storage,power,CZ,2.814607436597935e-08,1.4187134233270663e-10,5.243263967964646e-11,1.274187871479241e-10,6.818763413453418e-10,4.289993253565452e-09,2.8697752664365855e-09,3.0666179146513366e-09,3.3758946761397017e-09,3.894002686882683e-09,8.273109132680236e-09,4.5373706422022935e-09,4.964265499267483e-09,5.307397601252792e-09,6.116477690581075e-09,1.1045307456008359e-08,6.8260839865769875e-09,7.236788695271602e-09,7.73167529957646e-09,8.83884440604225e-09,1.39102861224084e-08,9.5601583243818e-09,1.010698534332495e-08,1.119380623584109e-08,1.1988000738098106e-08,1.3180539107394354e-08,1.45110626785971e-08,1.5775022499058943e-08,1.7507262977571494e-08,2.060617231991297e-08
hydrogen_storage,power,DE,2.8056018431593603e-08,1.486657358200048e-10,5.245600026005019e-11,1.3656855771769927e-10,7.033112604437307e-10,4.315452704287674e-09,2.8333939924193325e-09,3.0469242207248776e-09,3.347736263908166e-09,3.8048438432382094e-09,8.369807061711925e-09,4.1738930507298956e-09,4.7782827321967156e-09,5.276829799422036e-09,5.98918736992481e-09,1.1222909885717201e-08,6.974551220418732e-09,7.327786593656318e-09,7.981426532042147e-09,8.951911891925714e-09,1.4299227284737117e-08,9.845974948586605e-09,1.0290949402900734e-08,1.1152120057620797e-08,1.2058355903626943e-08,1.3219335839499904e-08,1.4441631810511536e-08,1.563746333844044e-08,1.7392727755351853e-08,2.0669418020548773e-08
hydrogen_storage,power,DK,2.8266630226730952e-08,1.3194311644369878e-10,5.7134442160492277e-11,1.5177261394508473e-10,7.476960553052207e-10,4.343989997154984e-09,2.8531153820498626e-09,3.048934235420534e-09,3.356340223394527e-09,3.811908841913737e-09,8.343624445402036e-09,4.21613697124663e-09,4.779896384142478e-09,5.276016091294024e-09,5.979562567134381e-09,1.1268056657017527e-08,6.935233714634816e-09,7.303179984360437e-09,7.977212194514208e-09,8.93143383144509e-09,1.4282270584102084e-08,9.880554081909215e-09,1.0319236580038921e-08,1.1181373518246682e-08,1.210775211605408e-08,1.3252409357600614e-08,1.4554214229332206e-08,1.5853303323393173e-08,1.7558625783104163e-08,2.081312683048078e-08
hydrogen_storage,power,EE,2.815379144876209e-08,1.3121526540843717e-10,6.23322405875686e-11,1.393283266053861e-10,7.052319502105843e-10,4.190853237644484e-09,2.801934458627233e-09,2.996420068056699e-09,3.318446648551949e-09,3.810694620802936e-09,8.030670514598034e-09,4.350094804306974e-09,4.75967107728299e-09,5.290139940161147e-09,5.949580420249278e-09,1.0970517648994733e-08,6.788856017129325e-09,7.215587476488446e-09,8.005036948325861e-09,8.873371357275313e-09,1.3951664182799335e-08,9.726921540216805e-09,1.0230544051465716e-08,1.1096839305151807e-08,1.2021399544982352e-08,1.31401445004963e-08,1.4340416358033106e-08,1.5680626255724263e-08,1.7341737243893843e-08,2.0530898437787193e-08
hydrogen_storage,power,EL,2.8155680491339442e-08,1.3454605331739275e-10,4.957219098188986e-11,1.3154570269751384e-10,6.939693930962576e-10,4.295159618756735e-09,2.863850090857138e-09,3.067720970644811e-09,3.3685379805806052e-09,3.882498238589317e-09,8.218559407443703e-09,4.331519485112108e-09,4.838714904158023e-09,5.397372759576059e-09,6.012555099706428e-09,1.1218017568504146e-08,7.013204191425631e-09,7.48041860308317e-09,8.033902103965472e-09,8.953723285374482e-09,1.3817940097043406e-08,9.697778709296761e-09,1.0264931817895882e-08,1.113725815643412e-08,1.2104230281490741e-08,1.3226284570079696e-08,1.4517123063223194e-08,1.57714180239446e-08,1.741779803567066e-08,2.0203326518207296e-08
hydrogen_storage,power,ES,2.8188146221391927e-08,1.0877074985591967e-10,5.36737568418457e-11,1.4105557867355114e-10,7.056171218297681e-10,4.331555148412907e-09,2.8471034100934188e-09,3.051615285299847e-09,3.3745209401711496e-09,3.861983367973562e-09,8.121353487466892e-09,4.391037697941789e-09,4.777229653267047e-09,5.276080685458573e-09,5.994123608535035e-09,1.1253806180191688e-08,6.909027344218875e-09,7.308815364152864e-09,7.98923622987354e-09,8.994369080385514e-09,1.4294779012708633e-08,9.93295820677041e-09,1.0365455576391028e-08,1.1233583286554796e-08,1.2198868802660928e-08,1.3227845130852374e-08,1.4359602842522487e-08,1.582224194205401e-08,1.7484485561120694e-08,2.061397693404996e-08
hydrogen_storage,power,FI,2.824333294216651e-08,1.3300074624033982e-10,5.682930905427001e-11,1.4973795951672754e-10,7.430980657095986e-10,4.345183925175984e-09,2.850716887682772e-09,3.0452744274155216e-09,3.351130324473824e-09,3.817652139468832e-09,8.356502938857294e-09,4.2082602466097355e-09,4.7845714857912144e-09,5.285581400833541e-09,5.983486361312085e-09,1.1283172336486973e-08,6.944367088899973e-09,7.322111998896085e-09,7.988582835415161e-09,8.937454222202697e-09,1.4277332832535968e-08,9.855505234327043e-09,1.0307968213468296e-08,1.1172889527221812e-08,1.2124734709601877e-08,1.326928069215175e-08,1.452173969425193e-08,1.5857317574114623e-08,1.7544854103035578e-08,2.079625475315731e-08
hydrogen_storage,power,FR,2.8057136635652237e-08,1.494679166507111e-10,5.270512068976771e-11,1.3699305944844966e-10,6.919077629589614e-10,4.29775747428456e-09,2.8305888190024383e-09,3.0336146786011557e-09,3.340040421132127e-09,3.812886665842822e-09,8.022607145399997e-09,4.46105485638703e-09,4.776499796463617e-09,5.257710074867211e-09,5.990499984015042e-09,1.1258703537864813e-08,6.9371663789083614e-09,7.284800998499721e-09,8.008486337433717e-09,8.959455188061958e-09,1.4276483564317298e-08,9.929454347118841e-09,1.0387380103326771e-08,1.1178187470367387e-08,1.207059443943287e-08,1.32279087161975e-08,1.436967626961271e-08,1.5624265327432275e-08,1.7365353227571886e-08,2.056160306244283e-08
hydrogen_storage,power,HR,2.8235872713869205e-08,1.4378785110679818e-10,5.479281674102215e-11,1.4266901527900134e-10,7.240682877533866e-10,4.295366285242647e-09,2.7398809471307563e-09,2.9914336640303466e-09,3.502442319637692e-09,3.796776335535081e-09,7.94795273078153e-09,4.581483319448171e-09,4.819565858104472e-09,5.371566719468314e-09,5.998227473651978e-09,1.0985920367843358e-08,6.929847175702953e-09,7.002100024894673e-09,7.928635848297353e-09,8.834181906660063e-09,1.4048509313367688e-08,9.831132653392315e-09,1.029096159025262e-08,1.1159306384759329e-08,1.207768743965048e-08,1.3249210423080565e-08,1.4428902260836244e-08,1.559449169975403e-08,1.74579165621447e-08,2.0544261092889943e-08
hydrogen_storage,power,HU,2.818046327704496e-08,1.4345042925467874e-10,5.3272778597315084e-11,1.3072255709952992e-10,6.8862732685489e-10,4.362517297086568e-09,2.8656598142250165e-09,3.036571775063984e-09,3.359298836252603e-09,3.819159459620211e-09,8.278281085976653e-09,4.396665166469736e-09,4.8660747741100105e-09,5.269338097943142e-09,5.863550077878903e-09,1.10616519465853e-08,6.6678304432911685e-09,7.225764805185952e-09,7.94404097078417e-09,8.797681888479234e-09,1.4087355736620128e-08,9.898895382239583e-09,1.032188220629097e-08,1.1225372338104976e-08,1.2041064506490513e-08,1.3256514897798975e-08,1.4500708449803828e-08,1.5729076987558776e-08,1.7189604297318163e-08,2.040887317831597e-08
hydrogen_storage,power,IE,2.8269481690595145e-08,1.322119782341208e-10,5.658992603036149e-11,1.5039542820451652e-10,7.483521098769998e-10,4.341029442802032e-09,2.8599733344446844e-09,3.0476135627850064e-09,3.3401069222847732e-09,3.806696298494078e-09,8.309376305201217e-09,4.2394417226051414e-09,4.783193012357571e-09,5.275754052164327e-09,6.002336627016785e-09,1.124160941363815e-08,6.9492077655956475e-09,7.302062888138789e-09,7.961593224457175e-09,8.952878607038068e-09,1.4249785746905976e-08,9.902800018876257e-09,1.0412589724205805e-08,1.1212108425265427e-08,1.2097944287308813e-08,1.3278071429045826e-08,1.4426226196814219e-08,1.5843821267872772e-08,1.7608609834062908e-08,2.1034724105284588e-08
hydrogen_storage,power,IT,2.817992603302084e-08,1.264126640466286e-10,5.343535139285065e-11,1.3978601277043136e-10,6.910635591694838e-10,4.304491670090661e-09,2.834649384025302e-09,3.044021121285249e-09,3.360125218718646e-09,3.870671396204257e-09,8.387299811284875e-09,4.133970204152211e-09,4.806150819595398e-09,5.315884468694824e-09,6.05361471764818e-09,1.1235638206077418e-08,7.137173902517171e-09,7.417388962775623e-09,8.012302008474409e-09,9.008870097215807e-09,1.4367686958777331e-08,1.0027954942248259e-08,1.0447645950629416e-08,1.1281502879505214e-08,1.218891695603856e-08,1.3198381044017856e-08,1.4478827288273914e-08,1.5721597100600853e-08,1.7462048824561722e-08,2.0852759373991206e-08
hydrogen_storage,power,LT,2.8162212269507182e-08,1.3303417938686624e-10,5.2654267752030874e-11,1.4486910205711625e-10,7.083037238539736e-10,4.23408132785288e-09,2.8262418516941587e-09,3.0272190459728074e-09,3.314186136085533e-09,3.7964697192720035e-09,8.101348618073707e-09,4.278532635586972e-09,4.746857488677891e-09,5.22076279056915e-09,5.913218051962445e-09,1.1054221746181573e-08,6.8559581015419575e-09,7.195886416915318e-09,7.851277509468885e-09,8.817973844646652e-09,1.4066703556796219e-08,9.75727172451608e-09,1.0224698485964339e-08,1.1074285833701481e-08,1.193314508502321e-08,1.3152460146467387e-08,1.4422282303360177e-08,1.5725366356739315e-08,1.736911669999119e-08,2.0499030930235545e-08
hydrogen_storage,power,LU,2.8173894969982622e-08,1.2881204535253414e-10,5.614170687275771e-11,1.4455155363861124e-10,7.261691988382169e-10,4.2451744152271794e-09,2.826362746746868e-09,3.012772408211507e-09,3.514776162691607e-09,3.78773628815444e-09,7.919259186179959e-09,4.535012405281751e-09,4.765367294250112e-09,5.1972923066888495e-09,5.6991109818149596e-09,1.1315029093243721e-08,6.562694174899974e-09,7.1368886885752615e-09,7.84755344954091e-09,8.850443841069685e-09,1.4165895283883409e-08,9.83824975545982e-09,1.028984083509281e-08,1.109126784041482e-08,1.195762022397832e-08,1.3126797675406007e-08,1.4304953433970577e-08,1.5550553982215857e-08,1.7278270693233937e-08,2.0418058295356673e-08
hydrogen_storage,power,LV,2.81608807078365e-08,1.318779084583117e-10,5.969884170589464e-11,1.404257884835316e-10,7.118534332827804e-10,4.221563597244158e-09,2.8199613989850385e-09,3.0151797730114543e-09,3.317122754428726e-09,3.799037713594618e-09,8.08393598107293e-09,4.274335347113268e-09,4.746260775631668e-09,5.224183365743337e-09,5.922480437175316e-09,1.1049775744530804e-08,6.858163203040696e-09,7.196498955223592e-09,7.876141011681232e-09,8.828025331682163e-09,1.4052769822646587e-08,9.678908932035708e-09,1.0215530856261629e-08,1.1080503687652768e-08,1.19383432590549e-08,1.3158784060511137e-08,1.4419925643230201e-08,1.5716949833618402e-08,1.734865980490677e-08,2.047881384008589e-08
hydrogen_storage,power,NL,2.827139344620266e-08,1.4148709212678037e-10,5.678264733711655e-11,1.5160431518775373e-10,7.396577054926956e-10,4.331821207239731e-09,2.8585887807877184e-09,3.059179044559391e-09,3.366907768561383e-09,3.8457841273855835e-09,8.311096526344498e-09,4.221831738457497e-09,4.800602883463149e-09,5.31084665847954e-09,6.032428332936995e-09,1.123247120502069e-08,6.964991085586449e-09,7.330750559260883e-09,8.023841734342637e-09,8.968963444296902e-09,1.419646495739494e-08,9.968602713992235e-09,1.0335396321356055e-08,1.1177113993427724e-08,1.2070481618463554e-08,1.3272659375684215e-08,1.4527090567143924e-08,1.569808702322077e-08,1.7477924208417296e-08,2.0788493265526355e-08
hydrogen_storage,power,NO,2.826796813261623e-08,1.3285203621310688e-10,5.6641596278423244e-11,1.499033960008141e-10,7.469630169000078e-10,4.349024454863733e-09,2.8580991809168374e-09,3.05570926891708e-09,3.3705769418431695e-09,3.83970915027014e-09,7.985068805348084e-09,4.549292631434813e-09,4.802337707979562e-09,5.281855562049993e-09,5.984502084621136e-09,1.1203451776262173e-08,6.9174611297871525e-09,7.295144236717684e-09,7.97212756581663e-09,8.933179165537004e-09,1.4212444869598968e-08,9.888553519535027e-09,1.0342672854643912e-08,1.1173505140853078e-08,1.209516109347324e-08,1.3203697374979848e-08,1.4495572314978779e-08,1.5833596405893515e-08,1.7510305583859556e-08,2.081295429685316e-08
hydrogen_storage,power,PL,2.8242428905656296e-08,1.4596601017792673e-10,5.518047799106778e-11,1.4548019167990727e-10,7.283250016128593e-10,4.339683833019246e-09,2.8479012188701884e-09,3.080833954619968e-09,3.3714270463262052e-09,3.847874798366036e-09,8.38539662551607e-09,4.202472788087228e-09,4.79731900836836e-09,5.302602953781383e-09,6.046678704002723e-09,1.1265562892954642e-08,7.002556674355961e-09,7.343067542375677e-09,8.000527292845936e-09,8.977135222074564e-09,1.4294650264673547e-08,9.877584539143979e-09,1.0342562091846153e-08,1.1227262666063137e-08,1.212562339620843e-08,1.330962299631538e-08,1.459342714478005e-08,1.5823783281797145e-08,1.7527709595342652e-08,2.0750422668403565e-08
hydrogen_storage,power,PT,2.8268306567544788e-08,1.318530768505585e-10,5.585991988303346e-11,1.4390466296308427e-10,7.008530058380293e-10,4.3020071630757295e-09,2.8365751915388633e-09,3.036928621648448e-09,3.3538114672861277e-09,3.8347042981510935e-09,8.314837487862956e-09,4.25221116434324e-09,4.835709494264346e-09,5.361508211764742e-09,6.095651828214908e-09,1.1250062889571747e-08,6.923457375604047e-09,7.365117718688657e-09,8.061452220647497e-09,9.051492784520219e-09,1.4211621157909517e-08,9.914193307905917e-09,1.0423705288299472e-08,1.1313844277681998e-08,1.2306207532050102e-08,1.3344879632863859e-08,1.4490036127277319e-08,1.586516289511527e-08,1.75406117722079e-08,2.0591348864320646e-08
hydrogen_storage,power,RO,2.8157773634786082e-08,1.2803950911827675e-10,5.4298133270809715e-11,1.4156649415505202e-10,7.064439268728084e-10,4.2485043223010835e-09,2.8259453499864904e-09,3.025033489721647e-09,3.3270412551132315e-09,3.813816519101926e-09,8.098355562900346e-09,4.297238338998724e-09,4.730435047879808e-09,5.200825871739689e-09,5.9309110195572265e-09,1.1053671413356709e-08,6.8943286031179325e-09,7.232658665583375e-09,7.847857058880346e-09,8.852286195756127e-09,1.4098624365889843e-08,9.773559984749646e-09,1.015496548195822e-08,1.1052387101166941e-08,1.1858159641631554e-08,1.3294469620434171e-08,1.4362863423022177e-08,1.55287806790048e-08,1.7177078913557658e-08,2.0578209932485632e-08
hydrogen_storage,power,SE,2.8262470719547186e-08,1.4382467440726002e-10,5.602871482731051e-11,1.4779096602721203e-10,7.380211400285832e-10,4.3474565624424854e-09,2.8561831586759043e-09,3.0529634886980634e-09,3.3570750092698746e-09,3.8334979412986566e-09,8.234143810386784e-09,4.31966093841726e-09,4.794379707864873e-09,5.284138935596165e-09,5.988610444828481e-09,1.1206004513280568e-08,6.922634581591037e-09,7.3051289768282256e-09,7.972800754097475e-09,8.941912899502013e-09,1.4219536341263224e-08,9.867667009074703e-09,1.0317086126533322e-08,1.1166739719063954e-08,1.2095069229643207e-08,1.3235909175091981e-08,1.4504773561364594e-08,1.5800164573421422e-08,1.751238296353145e-08,2.0823680050875054e-08
hydrogen_storage,power,SI,2.8182354698007076e-08,1.2974539925525266e-10,5.59927813410642e-11,1.4496649162713276e-10,7.257864779082408e-10,4.243636768382462e-09,2.828141803963687e-09,3.0092333521307525e-09,3.4920201578919993e-09,3.780922485249887e-09,7.932395655869401e-09,4.557990607424069e-09,4.817035422394483e-09,5.293266688348371e-09,5.9293291338797996e-09,1.1010688056368228e-08,6.6212531806322325e-09,7.249181803643191e-09,7.934657244617627e-09,8.864578177846477e-09,1.4181395303753959e-08,9.93897903954508e-09,1.0258513487181091e-08,1.1177061736659093e-08,1.2024793170233142e-08,1.3177629979089875e-08,1.4379335469404308e-08,1.5731452550703482e-08,1.728853482025921e-08,2.053913143360254e-08
hydrogen_storage,power,SK,2.8232583019829394e-08,1.445578790788853e-10,5.462128118013194e-11,1.4324692675593502e-10,7.569069201487705e-10,4.303639629200588e-09,2.785547313386898e-09,3.0216038429108297e-09,3.4794399980857706e-09,3.792617694201416e-09,8.027681315681105e-09,4.465324786469868e-09,4.729633648638801e-09,5.306500667000212e-09,6.121279242235778e-09,1.136423262008188e-08,6.977052829003845e-09,6.919524663741111e-09,7.912780086201784e-09,8.987519217490793e-09,1.4354232456680108e-08,9.52202718683804e-09,1.022678018780867e-08,1.1037528780903117e-08,1.1866254270200086e-08,1.3073178662121603e-08,1.4353674750902284e-08,1.5647644274374844e-08,1.7384452336529833e-08,2.0428651387019315e-08
hydrogen_storage,power,UK,2.8115039100414823e-08,1.4651755540385862e-10,5.304350805169247e-11,1.3799904281834807e-10,7.027453037130711e-10,4.31420723444227e-09,2.8447440990355234e-09,3.0496624255844605e-09,3.359100927734113e-09,3.829833707374011e-09,8.2242016678489e-09,4.274221506143555e-09,4.744639427861496e-09,5.2449952571816426e-09,5.973424420921323e-09,1.1211531716005024e-08,6.927031279830496e-09,7.289632814556886e-09,7.960789703384666e-09,8.958247721125076e-09,1.4231258370835775e-08,9.90792718554414e-09,1.0409204514333715e-08,1.1206100511966586e-08,1.207894919344672e-08,1.3352683673639455e-08,1.4412704872133521e-08,1.582819745953749e-08,1.756398001155405e-08,2.0922972700110807e-08
lignite_coal_plant,power,AT,7.144980885043846e-10,3.612373523801131e-11,2.0915111981556186e-11,1.289556170578655e-11,1.4663453080458618e-11,1.7087302562141226e-11,2.0016271220540567e-11,2.3594342956425055e-11,2.456234922029541e-11,2.68220359101624e-11,2.985676765966244e-11,3.31375641847681e-11,3.47998811097679e-11,3.696945799111064e-11,3.798703970313133e-11,3.883978479802456e-11,4.1218567857369235e-11,4.376834457502848e-11,4.5687891629678346e-11,4.7465243288534575e-11,5.011607398680551e-11,5.344480725775001e-11,5.644226440535472e-11,6.076799357608493e-11,6.757976015633362e-11,7.916581523775944e-11,9.47553333679227e-11,1.2320603498079064e-10,1.7575962007780666e-10,3.2220196303058217e-10
lignite_coal_plant,power,BE,7.05351935208923e-10,2.982740673388131e-11,1.7636734072775148e-11,1.166996928540449e-11,1.3213225445352626e-11,1.537430099498027e-11,1.8103165776063286e-11,2.143574661303797e-11,2.5316302221699262e-11,3.0281842860857734e-11,3.778105706880784e-11,4.008207094658178e-11,3.985777298634323e-11,4.0307311959046585e-11,3.923369371314085e-11,3.856274182060855e-11,4.114125514078845e-11,4.3912455781050025e-11,4.649892596132254e-11,4.8948955736169724e-11,5.247805172003415e-11,5.663609459519456e-11,6.089911480709202e-11,6.498995447291731e-11,7.129299321569746e-11,8.338329199345322e-11,9.827709864221208e-11,1.2414874334332176e-10,1.7723921705835274e-10,3.26921697363555e-10
lignite_coal_plant,power,BG,1.8260759123438966e-12,1.8361058648353288e-12,1.94641290025728e-12,2.0075134101458457e-12,2.283594949095452e-12,2.300970538769108e-12,2.3789923327031856e-12,2.5025206681719598e-12,2.6746985324793666e-12,2.8909957106324815e-12,3.0883300829486843e-12,3.3834144150334023e-12,3.696975208444399e-12,4.055279170504822e-12,4.458250081376808e-12,4.9255447034222525e-12,5.47604436581567e-12,6.1201631558577694e-12,6.789834446139732e-12,7.615139348794238e-12,8.619446268302263e-12,1.0005552361591591e-11,1.127323821938749e-11,1.2571688506550227e-11,1.4482690840436272e-11,1.7827927140962088e-11,2.2886800801267886e-11,3.1563790840160184e-11,4.974285596826751e-11,1.0516222126320162e-10
lignite_coal_plant,power,CH,7.371580338780937e-10,3.5260079874239787e-11,1.9213036393462545e-11,1.1642158776754225e-11,1.329029627689291e-11,1.5541687279920934e-11,1.8378666244839307e-11,2.191771238242647e-11,2.3199104998711952e-11,2.5566690259026113e-11,2.8664853276278413e-11,3.1874982973144085e-11,3.355519789591591e-11,3.5365532775635275e-11,3.6081271578207426e-11,3.7288246073159695e-11,4.0017904805413936e-11,4.331317641578156e-11,4.5856200710361476e-11,4.800138487988899e-11,5.081521892312716e-11,5.423092013474859e-11,5.76734590809197e-11,6.253071245522653e-11,6.906778836585613e-11,8.017473946281367e-11,9.480347786184898e-11,1.2116021663192928e-10,1.6716298629984447e-10,3.10701601592294e-10
lignite_coal_plant,power,CZ,2.742828535729953e-12,2.6600657497445736e-12,2.758034090934522e-12,2.82490799878131e-12,2.930699296284062e-12,3.1977406630310048e-12,3.5490692083192e-12,4.035441032872663e-12,4.528965152243393e-12,4.7150886089133165e-12,5.514335763000312e-12,6.5383300817152175e-12,7.196201748220345e-12,8.040182609286092e-12,9.020049496146338e-12,1.0309740834450696e-11,1.1308095805202194e-11,1.3052115265697194e-11,1.5678320361283118e-11,2.033495503041452e-11,2.9881712877964084e-11,5.747019969042018e-11,6.062370816677107e-10,1.4949935518868917e-10,1.1607885676572242e-10,1.078402283714554e-10,1.1401856514980293e-10,1.339748429757914e-10,1.773292690991392e-10,3.108454278735872e-10
lignite_coal_plant,power,DE,2.62802282333126e-12,2.6283598202314143e-12,2.6176218790573316e-12,2.5190891888812053e-12,2.714894492452094e-12,2.8948779091085355e-12,2.8562352362514828e-12,2.824502348853637e-12,3.2670180977152686e-12,3.675404770199052e-12,4.110037121564571e-12,4.305846727603633e-12,4.658085659423679e-12,5.003528068640568e-12,5.378457619160566e-12,5.8205283748764895e-12,6.391528120849511e-12,7.1680916312270275e-12,8.123228118640579e-12,8.956094482060357e-12,1.008140231864132e-11,1.1533288333388007e-11,1.3568640237720568e-11,1.7331744625958374e-11,2.085871946772652e-11,2.884205023556184e-11,3.442808194125898e-11,4.5855348921332184e-11,6.872646563290003e-11,1.4052508448621357e-10
lignite_coal_plant,power,DK,4.883692202112362e-10,5.178168857314672e-11,3.6245433062008016e-11,2.417435349528471e-11,2.529794101658603e-11,2.7354293513622038e-11,3.026812845578119e-11,3.3018309161927125e-11,3.2845952759051495e-11,3.3695064819576514e-11,3.542725954748857e-11,3.843564204489722e-11,4.0587301609963887e-11,4.3505391101986945e-11,4.4694009776303793e-11,4.5352597510656303e-11,4.7442400477246335e-11,4.959591676277117e-11,5.083815619530153e-11,5.2987598846525484e-11,5.6171260493905306e-11,5.918628782388571e-11,6.308267498679947e-11,6.717858279230703e-11,7.385941552967479e-11,8.564041287213972e-11,9.990410519820904e-11,1.2514982011751388e-10,1.7716404118553742e-10,3.243770132854305e-10
lignite_coal_plant,power,EE,4.685558428015192e-10,5.4208276103251294e-11,3.827717266073227e-11,2.579034548182426e-11,2.737752616668578e-11,3.005211512879205e-11,3.291196819373978e-11,3.657685720164273e-11,3.660874785079724e-11,3.810680410692227e-11,4.100409507201404e-11,4.4858842521254356e-11,4.7400760104717174e-11,5.0506408839177946e-11,5.1219794211593036e-11,5.169143300108314e-11,5.526196944912678e-11,5.681726402446954e-11,5.73492488333202e-11,5.87049019726923e-11,6.116328355084324e-11,6.28321338932913e-11,6.759346118149751e-11,7.360713078081957e-11,8.146866857831889e-11,9.260323841143358e-11,1.0638040223725475e-10,1.352269506034321e-10,1.8732285234530975e-10,3.35125812286041e-10
lignite_coal_plant,power,EL,1.9738889541058e-12,1.9815223034076262e-12,2.002702026121721e-12,1.8700724757087853e-12,1.9067644368857166e-12,1.9930325582210495e-12,2.126317776948144e-12,2.2984369757342435e-12,2.5767011442626555e-12,3.029100786735929e-12,3.5448916879214098e-12,3.8134796802910776e-12,4.088682830242073e-12,4.3775940888594015e-12,4.641405230402403e-12,4.938738859865155e-12,5.3481549657481125e-12,5.86522074648225e-12,6.515628795185832e-12,7.322746557675038e-12,8.331688330850878e-12,9.66410681882649e-12,1.1364396133575857e-11,1.3483695415528683e-11,1.6592837018453877e-11,2.1227731960684723e-11,2.875290536806228e-11,4.437210980496075e-11,9.007276805184264e-11,1.2166171419075744e-09
lignite_coal_plant,power,ES,5.1141493946501125e-12,2.9040666933311272e-12,3.1006316070346933e-12,3.0401853613894e-12,3.3354918420403174e-12,3.69955590257099e-12,4.138248657103359e-12,4.670835754784433e-12,5.328365283320245e-12,6.18651211903612e-12,7.348643168781381e-12,8.996846972268547e-12,1.1428231599557452e-11,1.5363018298953862e-11,2.2938742102711545e-11,4.3788051055845035e-11,4.755786854677838e-10,1.1479972539324401e-10,8.58345706564496e-11,7.567564616663561e-11,6.900965528487838e-11,6.440707651185588e-11,6.322950486541768e-11,6.511290973938406e-11,6.934158417809258e-11,7.867182408736518e-11,9.320752416699497e-11,1.1671171159799793e-10,1.6359194501592812e-10,3.029776365235381e-10
lignite_coal_plant,power,FI,4.557918305622626e-10,5.596653379151072e-11,3.773912385191761e-11,2.5043722939087746e-11,2.60943737313484e-11,2.8334797077829e-11,3.105761784973396e-11,3.412773035199271e-11,3.4072981356774605e-11,3.558294656736419e-11,3.831474340162377e-11,4.307249198069552e-11,4.629767584026151e-11,5.023969534894667e-11,5.2014277784810835e-11,5.331272860015238e-11,5.711557476836936e-11,5.893942753360999e-11,5.94194105301779e-11,6.148314544712232e-11,6.501422275126057e-11,6.815873532099297e-11,7.089863637625618e-11,7.395813395917134e-11,7.825463247274928e-11,8.727810668852458e-11,9.997087482229202e-11,1.294322716334097e-10,1.8408236644539073e-10,3.371986953656528e-10
lignite_coal_plant,power,FR,4.5484125935874755e-10,6.225698215534031e-11,4.8980900450891393e-11,2.078064041506805e-11,2.251792628114925e-11,2.4772407947193723e-11,2.7126461350279253e-11,2.9598610226962584e-11,3.150860000595283e-11,3.496796314513303e-11,3.986476326883633e-11,4.3067182228615274e-11,4.646386123257955e-11,4.888592636229757e-11,4.7610180279072054e-11,4.6160473503887184e-11,4.947944944798019e-11,5.2087212529419675e-11,5.327086686132739e-11,5.397646423329934e-11,5.657592603203791e-11,5.993818056553626e-11,6.400578420042764e-11,6.773377969186092e-11,7.355409079029295e-11,8.536520445241484e-11,9.988976700960649e-11,1.2530557416119914e-10,1.7750654125392954e-10,3.2603894473102857e-10
lignite_coal_plant,power,HR,1.1233181698358929e-09,1.508892628429723e-11,1.1544419756239488e-11,8.519370289231325e-12,9.58802285375163e-12,1.0680738919376672e-11,1.1501128072834743e-11,1.2724901298152484e-11,1.442737640093282e-11,1.6260276747047615e-11,1.748638055267385e-11,1.9151380171446897e-11,2.0586334624592416e-11,2.1937646035850966e-11,2.2888140179433127e-11,2.4645513548285012e-11,2.662723154491469e-11,2.866646952890346e-11,3.100624624139963e-11,3.3582115291437716e-11,3.633181059441534e-11,4.045117038053063e-11,4.3832675606758504e-11,4.761422792506022e-11,5.3662806610900984e-11,6.353652262984175e-11,7.646892191803093e-11,1.0102661206643738e-10,1.5208609304216328e-10,2.7666619445577424e-10
lignite_coal_plant,power,HU,4.285135353111832e-10,6.214465715877902e-11,4.9124452951625223e-11,2.1587051347100375e-11,2.182653505538004e-11,2.248011066002864e-11,2.3077356900609964e-11,2.3613469094652793e-11,2.4310836944002616e-11,2.522398626093369e-11,2.6365587059941463e-11,2.7620998541568716e-11,2.9162734474807715e-11,3.1219307889569796e-11,3.329741271490887e-11,3.624907718800839e-11,4.047525622412164e-11,4.612342910433754e-11,4.810630481716153e-11,5.1523453620821994e-11,5.7882329275611674e-11,6.955989341212891e-11,6.868673029519916e-11,6.826706109310589e-11,7.235911107271952e-11,8.192396322965941e-11,9.383305057049873e-11,1.1886006871998747e-10,1.7233386439036925e-10,3.043427073810164e-10
lignite_coal_plant,power,IE,4.356670337369706e-10,5.126592440788185e-11,3.70417987658179e-11,2.2491022038638873e-11,2.3175967052057186e-11,2.4190093904749906e-11,2.5018387469844805e-11,2.6084401201869476e-11,2.755070970720883e-11,2.9357869585031495e-11,3.172021946621882e-11,3.567704844235851e-11,4.1417208512408444e-11,4.7903405610201346e-11,5.222304420719057e-11,5.301339574175915e-11,5.6307262984825385e-11,5.880249312059363e-11,6.046242365626951e-11,6.26197089917559e-11,6.728606217047308e-11,6.884277439002735e-11,7.153133233174402e-11,7.39644029919397e-11,8.038890595152876e-11,9.311908563233764e-11,1.0435018787481892e-10,1.2962856794602403e-10,1.8325871413838304e-10,3.4168753744071403e-10
lignite_coal_plant,power,IT,7.227136282105768e-10,3.170902077930189e-11,1.6601093807936078e-11,9.990736552140559e-12,1.0999109624136449e-11,1.236446634297677e-11,1.3887449461134875e-11,1.5625928759044444e-11,1.7587761429833168e-11,1.983593941825056e-11,2.2271019027623998e-11,2.4782778573469874e-11,2.8540625554105782e-11,3.06605791195427e-11,3.376454542455761e-11,3.891521448750582e-11,4.3028067702962804e-11,4.6623539786397194e-11,4.830812210439898e-11,4.9809194242068817e-11,5.3057768316713575e-11,5.5732980973319864e-11,5.678721000947933e-11,5.841664412699956e-11,6.293205342665818e-11,7.15623234147241e-11,8.258401517325302e-11,1.062653458374229e-10,1.4930557163070044e-10,2.798028437682538e-10
lignite_coal_plant,power,LT,4.641486244287299e-10,5.582726566067021e-11,3.964749719090363e-11,2.671830109925209e-11,2.813679106868296e-11,3.0708961103258925e-11,3.356760871975351e-11,3.7180932226051727e-11,3.7100939123665685e-11,3.815836822919969e-11,4.028746629105166e-11,4.232337021383258e-11,4.4465153515933786e-11,4.716989388465215e-11,4.749230859028769e-11,4.75032609054294e-11,5.007332670465829e-11,5.105687532450814e-11,5.1323950831149686e-11,5.286408846582815e-11,5.5344236432859145e-11,5.820947984992561e-11,6.067827850615765e-11,6.471952387218092e-11,7.075131159305565e-11,8.097366638828542e-11,9.531670536203022e-11,1.2019890338416258e-10,1.7144672424324725e-10,3.165472802369289e-10
lignite_coal_plant,power,LU,4.703105064361182e-10,6.282812701977777e-11,4.990448452025776e-11,2.0727115664710486e-11,2.3102671782678244e-11,2.6234903759224716e-11,2.975511827138707e-11,3.2968700179335487e-11,3.3899372130812365e-11,3.3219695753635236e-11,3.2392647642791004e-11,3.829040885279473e-11,4.036997822436908e-11,4.287520310390677e-11,4.296238927164557e-11,4.2413396590305173e-11,4.597272590889891e-11,4.8700669116983956e-11,5.109700970992407e-11,5.3055277802865796e-11,5.593284590175e-11,5.938616826186005e-11,6.376421422247137e-11,6.785835463484068e-11,7.411596549869614e-11,8.609062826094776e-11,1.006462867696381e-10,1.2610778107091117e-10,1.7862022612234432e-10,3.274976644164189e-10
lignite_coal_plant,power,LV,4.71255702950632e-10,5.519337519027577e-11,3.906459231490862e-11,2.6295033134929958e-11,2.7821361572015884e-11,3.054796493273845e-11,3.345838097576549e-11,3.723618319745129e-11,3.721574438379769e-11,3.840339655444336e-11,4.0925914314333946e-11,4.4149823296330946e-11,4.6655098811067985e-11,4.973460334396625e-11,5.029254367739642e-11,5.055887592488877e-11,5.370067722379514e-11,5.52267315839927e-11,5.608792004008052e-11,5.777642386929056e-11,6.041589246128592e-11,6.238412064592724e-11,6.608957663372699e-11,7.201217835056219e-11,7.994712035394749e-11,9.120935790404425e-11,1.0504988725840229e-10,1.3366594246092728e-10,1.8560526222548448e-10,3.3242488456513473e-10
lignite_coal_plant,power,NL,5.802215450711198e-10,3.414660199559402e-11,2.136712783479158e-11,1.3817490781532297e-11,1.4988681814170172e-11,1.6642170542731494e-11,1.8448757188395565e-11,2.0213209010218277e-11,2.2254413120641845e-11,2.450213987913083e-11,2.713411919154036e-11,3.063012334540607e-11,3.4807098018038585e-11,4.012038542099049e-11,4.8738660071158374e-11,4.964813835816091e-11,5.3064257517679345e-11,5.803612197800926e-11,5.97439996179436e-11,6.201144595928751e-11,6.609654055234582e-11,6.816922175757767e-11,7.110255459617544e-11,7.414408261389874e-11,7.998359734057057e-11,9.186164538032939e-11,1.061008165715167e-10,1.3172858636170113e-10,1.8489158084395374e-10,3.3651251675982246e-10
lignite_coal_plant,power,NO,4.99318588112483e-10,5.411988143464494e-11,3.5879112717529564e-11,2.3426102500315594e-11,2.4751542246279835e-11,2.6806050793504995e-11,2.915772555043951e-11,3.1557974847902365e-11,3.146273441049055e-11,3.2637965590024866e-11,3.470499832549482e-11,3.748889337490717e-11,3.998650591013941e-11,4.285895647461099e-11,4.4125146439457856e-11,4.4963580421071216e-11,4.7049936444375665e-11,4.999666185317237e-11,5.165033358477469e-11,5.487824510240507e-11,5.947494406815918e-11,6.451506010484754e-11,6.676023052868135e-11,6.940179693335882e-11,7.412281794707229e-11,8.316138401259266e-11,9.758580945665217e-11,1.2274997839751823e-10,1.7151294209577585e-10,3.138665140599342e-10
lignite_coal_plant,power,PL,2.228353166269624e-12,2.2614316602450274e-12,2.0859452784036193e-12,2.0831153809631518e-12,2.3135516136862522e-12,2.580178503610306e-12,2.9962929841218207e-12,3.7867046945999855e-12,4.024359985085933e-12,4.2504429881105634e-12,4.5105958572318065e-12,4.838460068271626e-12,5.095982902030229e-12,5.420044688601557e-12,5.774911111859202e-12,6.2173077569020764e-12,6.804529138401103e-12,7.503200931752545e-12,8.368592571299496e-12,9.278979133846991e-12,1.0405128218461952e-11,1.1733992765212427e-11,1.3262173710915953e-11,1.528408059827544e-11,1.8038639024747802e-11,2.2243471998988494e-11,2.858149255261145e-11,3.9805757331395737e-11,6.11983385308335e-11,1.2964849837701932e-10
lignite_coal_plant,power,PT,4.67835042393508e-10,3.473754015088359e-11,3.2388629246686256e-11,1.7203534934165142e-11,1.800927255413096e-11,1.9010985545809712e-11,1.9894201755843507e-11,2.0701210931611885e-11,2.154060562622095e-11,2.2487296834470976e-11,2.3512445057737272e-11,2.4988736349562135e-11,2.651980885742745e-11,2.8144508826352227e-11,3.0085414236073675e-11,3.2194298907194705e-11,3.5181700156513403e-11,3.895182460347931e-11,4.285724065399045e-11,4.6538907442319165e-11,4.893065073181993e-11,5.041674755265693e-11,5.290064010995681e-11,5.703760941191759e-11,6.291545047403728e-11,7.306611142666056e-11,8.823415490168081e-11,1.1231736620115923e-10,1.5952110656798118e-10,2.9879616280696513e-10
lignite_coal_plant,power,RO,1.900567759475888e-12,1.950464628369523e-12,2.1835186945851606e-12,2.133639185987028e-12,2.1834001730737014e-12,2.291274394704052e-12,2.4143958472669928e-12,2.553103706221324e-12,2.7219919449814622e-12,2.9166017842361486e-12,3.1453658614338676e-12,3.487055473913624e-12,3.986361106414579e-12,5.25790386759428e-12,5.6052356019961515e-12,5.939698894768107e-12,6.51755398260468e-12,7.478468625498648e-12,8.644605585742215e-12,9.991797649954019e-12,1.1281609370174637e-11,1.281711089546083e-11,1.4261053662794562e-11,1.5916279427576508e-11,1.875114210527746e-11,2.3248896057676234e-11,2.8509340767777355e-11,3.8004146063984204e-11,5.96607210847986e-11,1.2346179759843253e-10
lignite_coal_plant,power,SE,4.953446900317179e-10,5.5198231643542737e-11,3.6922541275642947e-11,2.41810486857677e-11,2.555897215673213e-11,2.7852417366883532e-11,3.1182041274338946e-11,3.434241335427719e-11,3.4146566391465475e-11,3.557335516601633e-11,3.822281238861358e-11,4.194602816480121e-11,4.468119085017083e-11,4.7961322718984286e-11,4.901790150187591e-11,4.969573928000115e-11,5.230715856520742e-11,5.4727707895117605e-11,5.619262278644922e-11,5.903920363510227e-11,6.337412755117998e-11,6.686998096704348e-11,6.817322273561838e-11,7.140999898456359e-11,7.677508299625748e-11,8.696989980744696e-11,1.0175847560449739e-10,1.280133159527111e-10,1.8207471006029864e-10,3.348951784281705e-10
lignite_coal_plant,power,SI,6.461519140702571e-10,3.4786190406346894e-11,1.9943826930569203e-11,1.2432477875665524e-11,1.3830699685211244e-11,1.57189124751737e-11,1.780756620240633e-11,2.0179317387188706e-11,2.1900566488589946e-11,2.394040121430191e-11,2.6500229516467595e-11,2.941910713946456e-11,3.398259378857117e-11,3.54812022881912e-11,3.768041374501523e-11,4.199611688469057e-11,4.6159754476581686e-11,4.96975511757725e-11,5.108620696039249e-11,5.223165113986532e-11,5.529431244166438e-11,5.790359058483747e-11,5.905393320271786e-11,6.095621154892138e-11,6.598378331213431e-11,7.586464121888525e-11,8.847366068976066e-11,1.1381993094812303e-10,1.6716319569891689e-10,2.9809459388256755e-10
lignite_coal_plant,power,SK,4.821381551501977e-10,6.344987065117407e-11,4.8210805097814986e-11,2.294934664600697e-11,2.5038413468787584e-11,2.8124095424325244e-11,3.204728837746551e-11,3.724094575749384e-11,3.5560282422667475e-11,3.633810751909373e-11,3.84285513768415e-11,3.939935057200014e-11,3.902808602478457e-11,3.954860606621293e-11,3.959788645558356e-11,4.0497466600107165e-11,4.341573073550475e-11,4.697369581755917e-11,5.1126765764975e-11,6.102243368181242e-11,6.291253586930635e-11,6.603794037770048e-11,6.702361709002915e-11,6.96831875811142e-11,7.448587011039023e-11,8.388326679804145e-11,9.686143177437621e-11,1.2363943568788212e-10,1.6586731788411234e-10,2.963468765327834e-10
lignite_coal_plant,power,UK,4.38183708938511e-10,5.326487648348017e-11,3.675707620583322e-11,2.303365207230441e-11,2.3847071543476425e-11,2.4905172942323895e-11,2.579237554351045e-11,2.697113195940887e-11,2.8644909413630296e-11,3.089374176287739e-11,3.413531890071769e-11,3.733441794285205e-11,4.247439538683602e-11,4.8929461038927816e-11,5.367985355755272e-11,5.365906454580135e-11,5.674653814042951e-11,5.905064618407322e-11,6.051163883400584e-11,6.244802387937548e-11,6.681715838825724e-11,6.938429579149628e-11,7.285734502029695e-11,7.553859884037115e-11,8.136916132903851e-11,9.332308151042644e-11,1.07578684478173e-10,1.330515344977139e-10,1.8680152154230965e-10,3.42872645510096e-10
lng_terminal,power,AT,0.0,0.0,0.0,0.0,0.0,0.0,0.0,0.0,0.0,0.0,0.0,0.0,0.0,0.0,0.0,0.0,0.0,0.0,0.0,0.0,0.0,0.0,0.0,0.0,0.0,0.0,0.0,0.0,0.0,0.0
lng_terminal,power,BE,4.1617542203281235e-11,4.554513933989682e-11,4.902531624478745e-11,5.3299047306376466e-11,5.817401673563432e-11,6.372521740820766e-11,7.009044774999879e-11,7.745292602150196e-11,8.610463402057164e-11,9.634742437445013e-11,1.0865359060985493e-10,1.2370953913319071e-10,1.4253189349422584e-10,1.6669701436291427e-10,1.988119742494412e-10,2.437417522892401e-10,3.1059978480058735e-10,4.2035689448741634e-10,6.346114892119293e-10,1.2281930769842998e-09,1.0576340603265459e-08,2.647855322040777e-09,2.177484496335106e-09,2.061255064316366e-09,2.0889646857976017e-09,2.2255367705087322e-09,2.4933920919286152e-09,2.976166665840334e-09,3.949590038543371e-09,6.791974089260455e-09
lng_terminal,power,BG,0.0,0.0,0.0,0.0,0.0,0.0,0.0,0.0,0.0,0.0,0.0,0.0,0.0,0.0,0.0,0.0,0.0,0.0,0.0,0.0,0.0,0.0,0.0,0.0,0.0,0.0,0.0,0.0,0.0,0.0
lng_terminal,power,CH,0.0,0.0,0.0,0.0,0.0,0.0,0.0,0.0,0.0,0.0,0.0,0.0,0.0,0.0,0.0,0.0,0.0,0.0,0.0,0.0,0.0,0.0,0.0,0.0,0.0,0.0,0.0,0.0,0.0,0.0
lng_terminal,power,CZ,0.0,0.0,0.0,0.0,0.0,0.0,0.0,0.0,0.0,0.0,0.0,0.0,0.0,0.0,0.0,0.0,0.0,0.0,0.0,0.0,0.0,0.0,0.0,0.0,0.0,0.0,0.0,0.0,0.0,0.0
lng_terminal,power,DE,1.1563838571407438e-09,7.624878402073436e-11,3.9607898426048985e-11,4.2346352239456356e-11,4.529705993665577e-11,4.852512044224923e-11,5.2060174940506046e-11,5.593543228558159e-11,6.019340665006609e-11,6.48908624315677e-11,7.009638674580648e-11,7.589169131130876e-11,8.237654231000244e-11,8.967232162292418e-11,9.793214800129647e-11,1.0735063406219771e-10,1.1817030398475122e-10,1.307171653304498e-10,1.4542609642116977e-10,1.6288628585663045e-10,1.839221953684776e-10,2.0971925088440098e-10,2.420526272514173e-10,2.8372098165906473e-10,3.393832328586831e-10,4.174263759838581e-10,5.345636419987086e-10,7.297673492276789e-10,1.1204685802171252e-09,2.288932441058605e-09
lng_terminal,power,DK,0.0,0.0,0.0,0.0,0.0,0.0,0.0,0.0,0.0,0.0,0.0,0.0,0.0,0.0,0.0,0.0,0.0,0.0,0.0,0.0,0.0,0.0,0.0,0.0,0.0,0.0,0.0,0.0,0.0,0.0
lng_terminal,power,EE,1.1088305419399769e-09,7.628687555950826e-11,3.961029597317008e-11,4.234968877143354e-11,4.530468896030252e-11,4.853440251225153e-11,5.206527639879287e-11,5.5931952994982856e-11,6.018200448588397e-11,6.487218044765572e-11,7.007027011068546e-11,7.585764281148425e-11,8.233394533008752e-11,8.962167038250604e-11,9.787306106285107e-11,1.0728185961378749e-10,1.1808798593415758e-10,1.3062098544163644e-10,1.4531240557498508e-10,1.627523165823185e-10,1.8376232563166356e-10,2.0952426135331512e-10,2.418223969643541e-10,2.8341826184292526e-10,3.3893371258941195e-10,4.1674664353176566e-10,5.335532934571472e-10,7.281473809059292e-10,1.1160681284989166e-09,2.272945967340156e-09
lng_terminal,power,EL,4.2411885894500534e-11,4.608215130340878e-11,4.992601190916621e-11,5.4323964814339474e-11,5.930644459282904e-11,6.497836007360527e-11,7.14857283302763e-11,7.902007851820224e-11,8.78354143010929e-11,9.827744407247916e-11,1.1082735599780732e-10,1.2617244725038086e-10,1.4534242462289372e-10,1.6996230121246398e-10,2.0269394603165857e-10,2.4825720894125463e-10,3.159429237657255e-10,4.2704116968621756e-10,6.420005879941677e-10,1.2331276377821142e-09,9.627384108538128e-09,2.8553159981515123e-09,2.2139752226892213e-09,2.0412888227281746e-09,2.0416865659112984e-09,2.1595243855459764e-09,2.4091688104363454e-09,2.8735348984103694e-09,3.826766081747507e-09,6.647338889437986e-09
lng_terminal,power,ES,3.8935100375046286e-11,4.359101342562179e-11,4.608321877977556e-11,4.986846485653001e-11,5.436153115149026e-11,5.950863639185593e-11,6.539329165748765e-11,7.236241817310552e-11,8.050893302902317e-11,9.015579291291176e-11,1.0177627484527823e-10,1.1604458024454e-10,1.339475913176418e-10,1.5698993753741883e-10,1.8759537457558048e-10,2.306938376371864e-10,2.9531321999968046e-10,4.015294490510131e-10,6.063332713756392e-10,1.1702971829387682e-09,8.711645498820212e-09,2.4401209650253673e-09,1.893209108801481e-09,1.7617330032333932e-09,1.774632293711895e-09,1.8834620185338893e-09,2.1161701863083677e-09,2.5598047178168285e-09,3.490815473483604e-09,6.266610933774409e-09
lng_terminal,power,FI,1.113671956074394e-09,7.627512954469734e-11,3.960997560858451e-11,4.2350025475873254e-11,4.53036646139127e-11,4.8532870162342314e-11,5.206673024414543e-11,5.593494490929172e-11,6.018651797846021e-11,6.487812361637758e-11,7.007785652436761e-11,7.586716330001486e-11,8.23447765352643e-11,8.963417473706184e-11,9.78874746089916e-11,1.0729853166251061e-10,1.1810791549512884e-10,1.3064409359165823e-10,1.4533948857345035e-10,1.6278380555907424e-10,1.8380015552866467e-10,2.0956865223315844e-10,2.418735065168622e-10,2.8351622689098235e-10,3.3904918509270293e-10,4.168920484403969e-10,5.337478078872013e-10,7.285251725634012e-10,1.116944053583921e-09,2.2752622975094036e-09
lng_terminal,power,FR,3.954803868049409e-11,4.4083447507498206e-11,4.6743313365836786e-11,5.069036011310217e-11,5.53465700571605e-11,6.066464256183018e-11,6.675191597643078e-11,7.378215628075746e-11,8.200293127396821e-11,9.17831427811967e-11,1.0353042326749728e-10,1.1792107436695152e-10,1.3596563976510709e-10,1.5923989262044313e-10,1.9032767735515545e-10,2.3375997656857786e-10,2.9909977017089504e-10,4.0736184144213486e-10,6.18197994998605e-10,1.201380317266913e-09,1.0355674130395321e-08,2.7509781172648084e-09,2.1483043696076636e-09,1.9799687540758474e-09,1.97614018186082e-09,2.0917185584173885e-09,2.33745771912631e-09,2.794595855289705e-09,3.732255519121885e-09,6.5794287192369106e-09
lng_terminal,power,HR,1.1293264703540565e-09,7.635981219295901e-11,3.9613885898824244e-11,4.2350074927585493e-11,4.530484195722192e-11,4.853430586332291e-11,5.206469979831426e-11,5.5931068525683726e-11,6.018080254061891e-11,6.487075324942506e-11,7.006848122560249e-11,7.585552863880485e-11,8.2331613672742e-11,8.961901587675241e-11,9.787007447817644e-11,1.0727847850766755e-10,1.180853416800523e-10,1.306179361130739e-10,1.4530882718482432e-10,1.627481379949333e-10,1.837577617309523e-10,2.0951905082937515e-10,2.418166492390673e-10,2.83405362399246e-10,3.3892062173920077e-10,4.167290749742484e-10,5.335309072209681e-10,7.280945640345198e-10,1.115961305300963e-09,2.2727279214017408e-09
lng_terminal,power,HU,0.0,0.0,0.0,0.0,0.0,0.0,0.0,0.0,0.0,0.0,0.0,0.0,0.0,0.0,0.0,0.0,0.0,0.0,0.0,0.0,0.0,0.0,0.0,0.0,0.0,0.0,0.0,0.0,0.0,0.0
lng_terminal,power,IE,0.0,0.0,0.0,0.0,0.0,0.0,0.0,0.0,0.0,0.0,0.0,0.0,0.0,0.0,0.0,0.0,0.0,0.0,0.0,0.0,0.0,0.0,0.0,0.0,0.0,0.0,0.0,0.0,0.0,0.0
lng_terminal,power,IT,4.133105417919457e-11,4.5322933315760856e-11,4.869446754203935e-11,5.2917564156738343e-11,5.7747856151159383e-11,6.324228026008715e-11,6.953654656825086e-11,7.686167657397602e-11,8.545823359344816e-11,9.563523150310633e-11,1.0786625898219566e-10,1.2282819854385454e-10,1.415230531836706e-10,1.6549291226503202e-10,1.974399971474845e-10,2.420301099337543e-10,3.083272420053257e-10,4.170409677968144e-10,6.294836395700347e-10,1.2134125005857198e-09,9.737964863805132e-09,2.498528541309782e-09,2.0615418603889444e-09,1.9621277947867958e-09,1.9997137454840044e-09,2.14127641722706e-09,2.4108522935946427e-09,2.8983833978901273e-09,3.887283525178276e-09,6.795172644914347e-09
lng_terminal,power,LT,4.236399649717241e-11,4.608102409845872e-11,4.9903989750690393e-11,5.4304905330341806e-11,5.92967839610887e-11,6.498119286481917e-11,7.150489255763675e-11,7.906040339317424e-11,8.790435674278119e-11,9.838523280096855e-11,1.10988286962834e-10,1.264114873225851e-10,1.4571560844358572e-10,1.7052592418070818e-10,2.0354584664958982e-10,2.495833246450445e-10,3.1819140784351614e-10,4.3103955204542953e-10,6.506862654372975e-10,1.2635370672892968e-09,1.163226185652656e-08,2.4459562509281175e-09,2.064102048750846e-09,1.9684654966880658e-09,1.9912256241466216e-09,2.118291727399648e-09,2.3632261775584596e-09,2.7932519002449975e-09,3.661187173582656e-09,6.343304946261047e-09
lng_terminal,power,LU,0.0,0.0,0.0,0.0,0.0,0.0,0.0,0.0,0.0,0.0,0.0,0.0,0.0,0.0,0.0,0.0,0.0,0.0,0.0,0.0,0.0,0.0,0.0,0.0,0.0,0.0,0.0,0.0,0.0,0.0
lng_terminal,power,LV,0.0,0.0,0.0,0.0,0.0,0.0,0.0,0.0,0.0,0.0,0.0,0.0,0.0,0.0,0.0,0.0,0.0,0.0,0.0,0.0,0.0,0.0,0.0,0.0,0.0,0.0,0.0,0.0,0.0,0.0
lng_terminal,power,NL,4.1559160314877354e-11,4.5492756481854553e-11,4.895605308452997e-11,5.322424530759149e-11,5.809215305278777e-11,6.363509949436459e-11,6.9988000531652e-11,7.73374822257777e-11,8.597728004899642e-11,9.620201307616413e-11,1.0849118818221553e-10,1.235268943601424e-10,1.4232518413236614e-10,1.6645757795124282e-10,1.9855354156216962e-10,2.4343595928298675e-10,3.1022387823633565e-10,4.198696984308649e-10,6.342003969956828e-10,1.227396159076052e-09,1.0566943731884002e-08,2.558292163150605e-09,2.113904286145207e-09,2.0128486261993702e-09,2.045864808293588e-09,2.1846912000670846e-09,2.4523441356832844e-09,2.9294961434141975e-09,3.910512445602131e-09,6.743490281032549e-09
lng_terminal,power,NO,0.0,0.0,0.0,0.0,0.0,0.0,0.0,0.0,0.0,0.0,0.0,0.0,0.0,0.0,0.0,0.0,0.0,0.0,0.0,0.0,0.0,0.0,0.0,0.0,0.0,0.0,0.0,0.0,0.0,0.0
lng_terminal,power,PL,1.1064880411568513e-09,7.577513588141674e-11,3.956126912594889e-11,4.229499926043809e-11,4.522994357554667e-11,4.844980773063863e-11,5.197596877376006e-11,5.585868529747466e-11,6.013457126911335e-11,6.485130982315916e-11,7.007308760052478e-11,7.588054737324404e-11,8.237724547389933e-11,8.968693269259346e-11,9.79618020522627e-11,1.073928959282734e-10,1.1823179162481157e-10,1.3080057469379891e-10,1.4553453144229293e-10,1.6302625738181567e-10,1.840988862985254e-10,2.0994919854693425e-10,2.423560050587084e-10,2.8412328098224614e-10,3.3996871549837154e-10,4.1831865435086233e-10,5.360363959322333e-10,7.325630278720628e-10,1.1260861583455226e-09,2.308989895284385e-09
lng_terminal,power,PT,4.2448295258815195e-11,4.611206065271616e-11,4.99636935908417e-11,5.4366072485092363e-11,5.935285350316592e-11,6.503065716389673e-11,7.154585512027761e-11,7.9090923704537e-11,8.792059751842531e-11,9.837990320756653e-11,1.1095290708926067e-10,1.2633017142990726e-10,1.4554411063422874e-10,1.7021293535360743e-10,2.0301869735680762e-10,2.486986426688905e-10,3.1656830494075657e-10,4.279938346230382e-10,6.437934516845568e-10,1.2384334395135494e-09,9.897417972586765e-09,2.849061171545107e-09,2.1917397729226104e-09,2.0058574701457555e-09,2.0149189089166786e-09,2.1392518381644022e-09,2.3919527835156013e-09,2.8567857392219366e-09,3.807969206529757e-09,6.613728842104898e-09
lng_terminal,power,RO,0.0,0.0,0.0,0.0,0.0,0.0,0.0,0.0,0.0,0.0,0.0,0.0,0.0,0.0,0.0,0.0,0.0,0.0,0.0,0.0,0.0,0.0,0.0,0.0,0.0,0.0,0.0,0.0,0.0,0.0
lng_terminal,power,SE,0.0,0.0,0.0,0.0,0.0,0.0,0.0,0.0,0.0,0.0,0.0,0.0,0.0,0.0,0.0,0.0,0.0,0.0,0.0,0.0,0.0,0.0,0.0,0.0,0.0,0.0,0.0,0.0,0.0,0.0
lng_terminal,power,SI,0.0,0.0,0.0,0.0,0.0,0.0,0.0,0.0,0.0,0.0,0.0,0.0,0.0,0.0,0.0,0.0,0.0,0.0,0.0,0.0,0.0,0.0,0.0,0.0,0.0,0.0,0.0,0.0,0.0,0.0
lng_terminal,power,SK,0.0,0.0,0.0,0.0,0.0,0.0,0.0,0.0,0.0,0.0,0.0,0.0,0.0,0.0,0.0,0.0,0.0,0.0,0.0,0.0,0.0,0.0,0.0,0.0,0.0,0.0,0.0,0.0,0.0,0.0
lng_terminal,power,UK,3.945221487582819e-11,4.401772655539596e-11,4.6645247527885255e-11,5.056948655668029e-11,5.5204306448458e-11,6.04979657882314e-11,6.655270908706885e-11,7.353793155183345e-11,8.173416823898175e-11,9.145255565644044e-11,1.0312863293737722e-10,1.1743771938771785e-10,1.353854628562007e-10,1.5853344570410814e-10,1.8943102604828822e-10,2.325306268592973e-10,2.9747405695707684e-10,4.046631000240274e-10,6.123201113379134e-10,1.1812386751006054e-09,9.089103296480199e-09,2.5690918278960913e-09,2.006419647477394e-09,1.8516443963807322e-09,1.8468750475510315e-09,1.954831876780568e-09,2.1886790820189737e-09,2.624579638972979e-09,3.518910829296085e-09,6.225851974938285e-09
natural_gas_boiler,power,AT,11.802075196267634,3.3221207533948286e-11,5.761730356475183e-11,1.6875702910904185e-10,0.8130081381062414,1.3638521842226485,1.1559823489568581,1.2870022503549179,1.5240416422376579e-09,2.106528227738065e-10,1.3771829790296758e-10,1.1619466060832947e-10,9.935848635075454e-11,9.295889580128438e-11,8.569718634880877e-11,7.911604494464134e-11,7.568225622535672e-11,7.274849125433686e-11,7.04170893436597e-11,7.0744599640747e-11,7.562329884118677e-11,9.413109781719341e-11,8.366780662821211e-11,8.875313798745102e-11,1.0035698953851044e-10,1.2203879885348595e-10,1.5206617793617322e-10,2.0450024727249864e-10,2.884524684468528e-10,5.38412643943609e-10
natural_gas_boiler,power,BE,15.63012218687499,2.992542365884103e-11,4.6300635606577355e-11,1.0288221396251275e-10,2.3391737874525083e-10,0.5358210192237706,1.0033544817759947,2.5369493160709853,4.5577877283494106e-10,1.386177121989809e-10,1.1489125098902914e-10,9.174756003173634e-11,7.465371895896246e-11,6.489537033885816e-11,5.47237918647428e-11,5.335469237307373e-11,5.2283663524745287e-11,5.269325925902251e-11,5.4199970428767364e-11,5.77911947909221e-11,6.345894236433354e-11,6.976302111198085e-11,6.853677755616445e-11,7.261023449384212e-11,7.974100658468502e-11,9.376515866017299e-11,1.1697043581053984e-10,1.5207208795736834e-10,2.253020456867683e-10,4.2447537343713647e-10
natural_gas_boiler,power,BG,4.500884906389904,1.307464742646809e-10,1.684783857163483e-10,5.420837169090269e-10,0.06169916491982949,2.0752945988419107e-10,9.335837046973018e-11,5.754471512552554e-11,4.0573036664816965e-11,3.316592985792836e-11,2.8363436623684035e-11,2.922757055977229e-11,2.8709360293021613e-11,2.8993174086638334e-11,2.88223957821214e-11,2.9549306606782775e-11,3.0661553135067594e-11,3.249015694630896e-11,3.4879331445939215e-11,3.7412385137657747e-11,3.980156039690595e-11,4.722696262786446e-11,4.6809813040499984e-11,4.869775215162561e-11,5.386897835900896e-11,6.45593869468302e-11,8.517981944817544e-11,1.1157817257014256e-10,1.6061528582201404e-10,3.1796675401983855e-10
natural_gas_boiler,power,CH,17.946058162849933,3.322092640219674e-11,5.689269130193988e-11,1.6502302355084765e-10,0.722145818107726,1.2593506708228812,0.6305018223803667,0.2953233874973398,3.548539605221674e-10,1.0649635636452261e-10,7.916898010630755e-11,6.887844841603013e-11,6.023895500140837e-11,5.581926310898644e-11,5.197776831164507e-11,4.9530126633998595e-11,4.923545829921499e-11,5.081992464883584e-11,5.086578109787554e-11,5.162844411626981e-11,5.542195111847935e-11,6.144584190381244e-11,6.101023473736312e-11,6.545503617867143e-11,7.312999987351233e-11,8.66072498150897e-11,1.0599109460774411e-10,1.441817747155011e-10,2.1951561473990266e-10,4.3560021105251033e-10
natural_gas_boiler,power,CZ,6.434856237666225e-10,3.5691669773375934e-11,5.895190157584842e-11,1.5875742340594477e-10,8.252787137334934e-09,3.110009278322347e-10,1.5759933174812242e-10,1.0467025380599923e-10,7.107809476834095e-11,5.71557228936154e-11,5.074319326584194e-11,5.012297758664397e-11,4.929441543065914e-11,4.979037861824631e-11,5.116634959949979e-11,5.372301302580369e-11,5.865166672858928e-11,6.735193234567571e-11,8.146399373624293e-11,9.91934655708551e-11,1.3118352269907258e-10,1.476258954141332e-10,1.8398499891234017e-10,2.592627535710411e-10,4.463876461018392e-10,2.1082162746632155e-09,8.185317717407146e-10,6.891187930750327e-10,7.338114735575443e-10,1.1040471853753174e-09
natural_gas_boiler,power,DE,96.2293180354345,2.3728371161761995e-11,4.196115640719129e-11,8.559730743968855e-11,1.9004547556316254e-10,1.9135934637826262,6.545154779653449,8.384167193778852,13.426445766622347,2.344238478668687,5.034437877295652e-10,2.6282724172992244e-10,1.8238584423239917e-10,1.5023986943243367e-10,1.266215538825607e-10,1.0846353559347168e-10,9.42533746481912e-11,8.214947318713774e-11,8.583835500970241e-11,8.787123591356634e-11,8.990444861565549e-11,9.16582712145734e-11,9.086285552250211e-11,9.593052166351815e-11,1.0530073327734489e-10,1.2237927752231204e-10,1.500828366612329e-10,1.855262043627347e-10,2.646349436158869e-10,5.193623631753701e-10
natural_gas_boiler,power,DK,8.685143181240931e-11,2.986951083148757e-11,4.359858680659036e-11,7.604737498458627e-11,1.8949904655063112e-10,5.964643425123977e-11,4.18932077357879e-11,3.2256432523230546e-11,2.5324938757969135e-11,2.2511728356545654e-11,2.1592447250295105e-11,2.180826094709164e-11,2.2126489233412935e-11,2.291835247487665e-11,2.369831941687982e-11,2.4556354343287133e-11,2.5692007861569786e-11,2.7662539976898943e-11,3.002726966243063e-11,3.249900109611115e-11,3.5279628517517354e-11,3.820708353733117e-11,4.367393016954405e-11,5.173635112382179e-11,6.466090603504144e-11,8.941378276856109e-11,1.0134365550102829e-10,1.3241681598338852e-10,1.985803054278645e-10,3.948215847663678e-10
natural_gas_boiler,power,EE,1.6423931419154412,3.508754206477152e-11,5.7881421817095805e-11,1.513041654221166e-10,0.13243926333535133,0.005851509711929834,0.03503472805611966,1.0440608221921396e-09,1.089431957095668e-10,6.79048849289504e-11,5.900616218285849e-11,5.5799971178625433e-11,5.292582185616526e-11,5.1403283810833675e-11,5.056708699295169e-11,4.9681795162471726e-11,5.0126891710304135e-11,5.1246353408898446e-11,5.305093931189475e-11,5.6264266320123384e-11,5.981580446624344e-11,7.288418838824686e-11,6.562869239244303e-11,7.065278138863197e-11,7.86806474388478e-11,9.043209993229642e-11,1.0625518748371821e-10,1.3917080597356533e-10,2.495213851708759e-10,4.359532438638304e-10
natural_gas_boiler,power,EL,14.50419954016522,9.912632431065933e-11,8.931557661660652e-11,1.042603198583419e-10,9.492884524610508e-11,1.1551493232401655e-10,6.51063971714929e-11,4.414849579782523e-11,3.390126001015143e-11,2.9014067714702286e-11,2.7567881472764972e-11,2.7259158666312527e-11,2.7374423008459013e-11,2.783665823071339e-11,2.8421321300773234e-11,2.960070660609735e-11,3.119682175469302e-11,3.2203972373209463e-11,3.543263044683385e-11,3.882299411730805e-11,4.245634485331511e-11,5.877844130065549e-11,4.949008137287781e-11,5.415931544618851e-11,6.244842443347257e-11,7.379627874302758e-11,9.022243667272217e-11,1.167418838166359e-10,1.6817150745144346e-10,3.190018836526103e-10
natural_gas_boiler,power,ES,1.5175547632393292e-11,1.33205170166431e-11,1.513369850334238e-11,1.7084127430116074e-11,1.7510947200897675e-11,1.5682358220857103e-11,1.4620823726176703e-11,1.3734047371199837e-11,1.2310295500123612e-11,1.1853340393321608e-11,1.2086217807831502e-11,1.278722877459964e-11,1.3063035916019286e-11,1.3527024566007063e-11,1.4133167095076366e-11,1.494920603817819e-11,1.6212422742942145e-11,1.8266113326206666e-11,2.1155760594801683e-11,2.3880980327567448e-11,2.6462061408313694e-11,2.862054029755827e-11,3.2490471085413096e-11,3.795792906359812e-11,4.5204568753214545e-11,5.5501430113884806e-11,7.069040463169404e-11,9.470613118056282e-11,1.433544440252824e-10,2.910462360786936e-10
natural_gas_boiler,power,FI,11.605121529944205,3.630327643362051e-11,6.423199931666528e-11,2.1510608020777433e-10,0.533537195684342,0.5752352605256335,2.210802191976507e-10,9.073801687315255e-11,5.607458043902996e-11,4.3804589976452824e-11,3.990096409591237e-11,4.0075968452743897e-11,4.0071816795747554e-11,4.0691320689294235e-11,4.126747347931196e-11,4.12322821770247e-11,4.2828049838828815e-11,4.44058426024597e-11,4.66374677955097e-11,5.0341896011813496e-11,5.5760015448600557e-11,6.37201129311286e-11,6.480736920059521e-11,7.170392071107802e-11,8.236062132025324e-11,1.0301159330667051e-10,1.3312463596102e-10,1.7310906516848419e-10,2.565965099699118e-10,5.030762776622708e-10
natural_gas_boiler,power,FR,2.135860836482045e-11,2.0213847557390594e-11,2.537305622102004e-11,3.289142341022557e-11,3.7758186254519035e-11,3.149113498815674e-11,2.7282772647942987e-11,2.425430808800253e-11,2.1991817992976767e-11,2.0196795065336964e-11,1.891557115163206e-11,1.8257587295003813e-11,1.9453818255866313e-11,2.0883748960244222e-11,2.076575253662678e-11,2.189807428639465e-11,2.330622602623181e-11,2.5569938377539163e-11,2.7802142470331102e-11,2.920183361199307e-11,3.049680415021498e-11,3.2417223024550135e-11,3.757650378853948e-11,4.419082010306098e-11,5.241886783089616e-11,6.487598251206885e-11,8.25845614548866e-11,1.1246559867804179e-10,1.710548681641104e-10,3.451646008715513e-10
natural_gas_boiler,power,HR,3.4243447309064017,3.626928838842553e-11,6.210592198605804e-11,1.7987599970765656e-10,0.10438608064476951,1.9172306746675634e-10,8.58809672600518e-11,5.6480198258402143e-11,4.242939196828893e-11,3.553191302909757e-11,3.269851306442637e-11,3.256711599532251e-11,3.178311517356158e-11,3.196139598537311e-11,3.2061221667676865e-11,3.3491530379811556e-11,3.4856358764332e-11,3.698243215457526e-11,3.9276181770595544e-11,4.232245325422135e-11,4.529589667292378e-11,5.57977623097676e-11,5.205389451174643e-11,5.6252811517011135e-11,6.307696504787362e-11,7.398049049118791e-11,8.904965382245797e-11,1.1654828422621202e-10,1.761358309515036e-10,3.421653237520736e-10
natural_gas_boiler,power,HU,2.8827318408433257e-11,1.8321465512232066e-11,2.2283402669203034e-11,2.843698317444172e-11,3.2721880706176875e-11,2.7191844971868787e-11,2.317758721492528e-11,2.009196504517176e-11,1.7895004464933222e-11,1.7182944354704578e-11,1.715987476961825e-11,1.788642457151959e-11,1.8463837942006896e-11,1.937870717472298e-11,2.0226147935658005e-11,2.2613541332137375e-11,2.4121341035025524e-11,2.6593675455912373e-11,2.97169560844599e-11,3.222367593607377e-11,3.460626843612869e-11,3.747991234436605e-11,4.170862177235989e-11,4.7882811107342395e-11,5.6368864642022797e-11,6.815174978635518e-11,8.487787387351863e-11,1.1443500077783332e-10,1.7670265982184668e-10,3.502772825869855e-10
natural_gas_boiler,power,IE,2.7016379865665848e-11,1.3817908080590428e-11,1.6249094642528505e-11,1.9068784200931826e-11,2.2701913446835e-11,2.764348910460623e-11,2.3592804082338885e-11,2.0987177203194684e-11,1.9120740242193128e-11,1.8221280518157366e-11,1.8335646921949886e-11,1.9169745756647747e-11,1.9996219299406944e-11,2.1109059949937703e-11,2.1979679251909235e-11,2.292194535016263e-11,2.4138443566753983e-11,2.562726308168796e-11,2.753945036992199e-11,2.966506426503909e-11,3.208321114211333e-11,3.4774958916558e-11,3.920702275156815e-11,4.5270019972077615e-11,5.4000249101949186e-11,6.651467564442173e-11,8.441767259161038e-11,1.148641518149197e-10,1.761187750144031e-10,3.5779645876028466e-10
natural_gas_boiler,power,IT,37.79205913636253,3.180708802002125e-11,5.52741291926969e-11,1.4373719363934846e-10,2.23994812505638e-09,1.422018976290799e-10,7.680700874359039e-11,5.439660145746152e-11,4.257472756740861e-11,3.6326679007136935e-11,3.526487582496619e-11,3.469819266407526e-11,3.180369690959243e-11,3.056678675557572e-11,3.164351667461014e-11,3.186612035044215e-11,3.396924721468307e-11,3.609268598651679e-11,3.844503319841279e-11,4.0471903182969234e-11,4.409156632651216e-11,4.642250877758876e-11,4.908861461832565e-11,5.398401645744137e-11,5.946839856881222e-11,6.813930255153447e-11,8.13996141804313e-11,1.0642768825924137e-10,1.5557932182223201e-10,3.189018393985848e-10
natural_gas_boiler,power,LT,1.1787776040482298e-10,5.904576562408479e-11,6.542292124952e-11,8.420365681489891e-11,6.911018759668918e-11,5.671270572818106e-11,3.8062632965675556e-11,3.2121620999038234e-11,2.795504364896433e-11,2.5069560225120385e-11,2.436697563772369e-11,2.4889342051536996e-11,2.523110589411962e-11,2.610957252936045e-11,2.670278709144798e-11,2.7682520169583563e-11,2.925036757960586e-11,3.1017625358435434e-11,3.311087569746998e-11,3.619008598452605e-11,3.9774768405604105e-11,4.597513419016849e-11,4.9670234482040756e-11,5.670523431005307e-11,6.712535050365427e-11,8.206951744367642e-11,1.0416145224581038e-10,1.4013299114444004e-10,2.1177700886899986e-10,4.1703552550596597e-10
natural_gas_boiler,power,LU,2.874223665906496e-10,1.287491150906551e-11,1.498741369867511e-11,1.7592552720099588e-11,1.9933815253572127e-11,2.162771163487098e-11,2.3767578856156333e-11,2.6350258160436977e-11,2.911247144452208e-11,3.3160289813759734e-11,3.1983041445504996e-11,3.2254359457457744e-11,3.175272603594881e-11,3.1486536177101543e-11,3.123675027597254e-11,3.124007411233784e-11,3.1951223312138225e-11,3.302993698960275e-11,3.4326254128568626e-11,3.6073907785348924e-11,3.829855488120682e-11,4.1461149546844905e-11,4.541931649772737e-11,5.111207007189462e-11,5.916327319888002e-11,7.166168505063245e-11,9.114186644387705e-11,1.238833002401352e-10,1.899316738447094e-10,3.8504011564736183e-10
natural_gas_boiler,power,LV,1.557322248546514,3.700510533625478e-11,6.011409261990608e-11,1.49449276790586e-10,1.1255468379363168e-09,1.3910229484865723e-10,6.702571073781579e-11,4.854627835442594e-11,3.7854058394372504e-11,3.2765061444663235e-11,3.098691894638324e-11,3.129304327345387e-11,3.118519241473692e-11,3.1604443986522494e-11,3.2257621572814706e-11,3.301578978953596e-11,3.449115657693242e-11,3.673172122118555e-11,3.9370003775581626e-11,4.266931199319823e-11,4.63463324258643e-11,5.777642946457261e-11,5.519741077478644e-11,6.155518291432612e-11,7.129530612120178e-11,8.621743932773978e-11,1.0734970253227867e-10,1.4166943268155693e-10,2.0975800034127662e-10,4.1368565975286175e-10
natural_gas_boiler,power,NL,3.610385760528021,3.668342289512445e-11,6.225426834189709e-11,1.7660124577119254e-10,3.8548573167195577,2.2311130780175482e-10,1.0343076624755103e-10,6.60221603416271e-11,5.011519229225407e-11,4.163801089947604e-11,3.9986862001354244e-11,4.3029121228054065e-11,4.443836949549606e-11,4.6244394411579614e-11,4.456820064903194e-11,4.405496260952786e-11,4.5967302751529004e-11,4.788091839078894e-11,5.004574766900445e-11,5.279586369771259e-11,5.4448181086523305e-11,5.788488491527986e-11,6.421870972439692e-11,7.175355539003262e-11,8.307612935891601e-11,1.076483610524717e-10,1.1801010581012088e-10,1.4789374884442553e-10,2.1067602083857523e-10,3.93046555471505e-10
natural_gas_boiler,power,NO,7.981688906103466,1.9398338194861703e-10,2.35717538872951e-10,1.1849422130801443e-09,1.5005611343872276,1.0254648597741178,1.8382769539681472,8.424481948825298e-09,1.5193909436619922e-10,8.252240996751261e-11,6.151584039609542e-11,5.523187497088283e-11,5.0095364804771514e-11,4.708087188940708e-11,4.469226312984869e-11,4.313015914147082e-11,4.3002974428107873e-11,4.366187629343152e-11,4.473924398537622e-11,4.654568042964195e-11,4.7794721837735206e-11,5.90644654508236e-11,5.70469178342096e-11,7.369816957135318e-11,1.0271687685264807e-10,1.6385669368929732e-10,2.720599172320556e-10,8.703131046211001e-10,4.115137983481625e-09,2.035375100648513e-09
natural_gas_boiler,power,PL,1.6811737713990614e-10,2.4637629116684734e-11,3.455044520586397e-11,5.449082541047379e-11,8.020311885122804e-11,1.3048061529932657e-10,7.58808454496075e-11,5.4521192627447513e-11,4.206032741153967e-11,3.60941119067428e-11,3.4662723460645524e-11,3.4629624629518804e-11,3.421725209078256e-11,3.419201331081979e-11,3.467258021276128e-11,3.5691199507053685e-11,3.7955451249406776e-11,4.043541964353322e-11,4.324663323779943e-11,4.660929431364122e-11,5.0959175807808915e-11,5.1098952451679e-11,5.402712083629946e-11,5.950425738263754e-11,6.790427313591076e-11,8.050448824342782e-11,9.995745665860908e-11,1.3528420127721377e-10,2.012900470283016e-10,4.1499500255319385e-10
natural_gas_boiler,power,PT,1.2282042984103998e-11,1.134916920923112e-11,1.2673902961916195e-11,1.451911031601543e-11,1.5221162677366493e-11,1.4442315763917816e-11,1.3881549264987985e-11,1.2849957948526025e-11,1.2253661549089906e-11,1.1979340316564502e-11,1.2349508815598431e-11,1.3165858135473875e-11,1.3749922421024241e-11,1.4472863816965069e-11,1.488722794488072e-11,1.597225240409142e-11,1.7782033930060936e-11,1.9512349581500472e-11,2.1500176869093907e-11,2.4353450179923428e-11,2.5349415339223874e-11,2.8290340280013254e-11,3.2373661123771734e-11,3.776679938346034e-11,4.492828435918895e-11,5.531994796493764e-11,7.082609285297262e-11,9.743291208936319e-11,1.471572990818443e-10,2.9451407284378055e-10
natural_gas_boiler,power,RO,3.1644502239884233,3.654123448046593e-11,6.504281109773327e-11,1.9622087866365618e-10,0.7552334505115753,0.10479422221423354,1.859861620074337e-10,8.884950927392996e-11,5.7741591842579555e-11,4.441909700643172e-11,4.087165328194175e-11,3.9855892048229786e-11,3.8799577307574567e-11,3.969726864441183e-11,3.862430691343648e-11,3.84405053868017e-11,3.9556886208334784e-11,4.066429477953222e-11,4.2073158204908474e-11,4.412719926742633e-11,4.697580399736125e-11,5.0866066477968525e-11,5.3362525895810483e-11,5.685399861694166e-11,6.524200448208098e-11,8.061550960150257e-11,9.720219279471332e-11,1.2767358484189123e-10,1.96497310917459e-10,3.987712669454217e-10
natural_gas_boiler,power,SE,12.984797734336455,3.58822724354483e-10,4.034230614750498e-10,2.935920682392915e-09,0.6812672269571262,0.89683812576058,3.449472210052554e-10,1.2817649652652177e-10,7.540740800063647e-11,5.579522714748596e-11,4.763336484387195e-11,4.5680865301467906e-11,4.389305847729292e-11,4.3331690829694286e-11,4.314108952196479e-11,4.343993267054956e-11,4.5342534062461026e-11,4.8651369402190197e-11,5.388098367703004e-11,6.11323300059645e-11,7.174751067319004e-11,8.878210943840854e-11,1.0028625955563522e-10,1.278550138606522e-10,1.8471000169193454e-10,3.6389158559141594e-10,3.669111828194422e-09,1.1936657016348761e-09,1.097481081545623e-09,1.5439038232190239e-09
natural_gas_boiler,power,SI,1.5707461169171093,2.7726028517917426e-11,4.183763392131274e-11,7.926864860160802e-11,1.6126389262131187e-10,1.1175373401162515e-08,3.065279337981843e-10,1.704844018128548e-10,1.0544479501337826e-10,8.055154226714265e-11,7.248734825087056e-11,7.242185068876963e-11,7.617261336144855e-11,7.58674030970973e-11,7.70822994419635e-11,8.274504859740642e-11,9.165145228027642e-11,1.0218652756297742e-10,1.1500259104080804e-10,1.3626370560760807e-10,1.6587114319490972e-10,2.4133966431820524e-10,1.9759972596110812e-10,2.176891890205737e-10,2.894145021306809e-10,4.971885768325992e-10,2.8225689988217075e-09,1.1406395821501175e-09,1.0246995290175697e-09,1.3722988941927669e-09
natural_gas_boiler,power,SK,2.452197415699361,3.3543993493960615e-11,5.614951941414167e-11,1.5046229612299767e-10,0.18026445797420226,0.011553775393740888,0.8711238777939678,2.1787823338535355e-10,8.349604347522482e-11,5.742395355141953e-11,5.1445688484294454e-11,4.903734958644459e-11,4.613959007382338e-11,4.575153916076386e-11,4.462239641192965e-11,4.443233196152302e-11,4.5662979787851245e-11,4.8589109378736334e-11,5.3252872672970004e-11,5.892427501955523e-11,6.121359386859603e-11,6.390135840432338e-11,6.545190374109384e-11,7.044371392188145e-11,7.861661581727523e-11,9.243923814562968e-11,1.1123376100105381e-10,1.456154570027369e-10,2.1006654390314723e-10,4.1461241799041155e-10
natural_gas_boiler,power,UK,2.2730007668914097e-11,1.6413433147439473e-11,2.2544186592453283e-11,3.1203940629241287e-11,3.672140209403097e-11,3.0223279726128286e-11,2.5600262016974887e-11,2.292938382891917e-11,2.114300446040655e-11,2.0471015527842153e-11,2.0744407686253686e-11,2.1376003799679114e-11,2.0819010779539555e-11,1.9244190772530203e-11,1.995282505726361e-11,2.089282578096969e-11,2.2074798230124902e-11,2.401777246135985e-11,2.659128741857798e-11,2.947180065516963e-11,3.141585695584935e-11,3.1007815917656093e-11,3.611671749143127e-11,4.264981802011521e-11,5.16848018868834e-11,6.237664401940808e-11,8.018553388063838e-11,1.0953322251537632e-10,1.6790453781802345e-10,3.429387607905546e-10
natural_gas_pipeline,power,AT-CH,1.3880136361533798e-08,6.020480007516836e-10,3.2673762588311676e-10,3.710227525912486e-10,4.083381468083415e-10,4.478305909893519e-10,4.909544941748329e-10,5.370498918705358e-10,5.862220014357034e-10,6.379868436014399e-10,6.824382563594438e-10,7.317115712018851e-10,7.871527522216241e-10,8.446692509659789e-10,9.032586113338067e-10,9.67483947067337e-10,1.0441865321500636e-09,1.122569388985054e-09,1.208670675188043e-09,1.3055274637305176e-09,1.4159659610582194e-09,1.5472203285436468e-09,1.70511468460908e-09,1.8817150624934606e-09,2.115736484680563e-09,2.4442879202960338e-09,2.9456250473635628e-09,3.765073857211862e-09,5.036585655340283e-09,9.670329336904134e-09
natural_gas_pipeline,power,AT-CZ,1.1519453307248299e-08,2.424425947470222e-09,2.0217983919482207e-09,1.8311740556948557e-09,1.5862632130656334e-09,1.4693634053883602e-09,1.4292950181889163e-09,1.4350596934997783e-09,1.477483104746072e-09,1.5521723001748394e-09,1.6655714053162142e-09,1.7848121008509426e-09,2.005432813771056e-09,2.3344647323901996e-09,2.878992791478028e-09,3.9984807844009435e-09,7.748820389659178e-09,1.972006668410495e-09,1.1526585906545622e-09,1.2782766364907075e-09,1.483635358736411e-09,1.7670290862807144e-09,2.001556246604113e-09,2.3091358600748635e-09,2.6950603646439528e-09,3.2348482432842043e-09,4.038560488955406e-09,5.264859418928102e-09,7.238454026434589e-09,1.271989632914323e-08
natural_gas_pipeline,power,AT-DE,4.058864580411915e-11,4.208958425672525e-11,4.448216336168537e-11,4.7473813115718783e-11,5.0076711981716166e-11,5.289620845789309e-11,5.6190007843567474e-11,6.003173962507097e-11,6.527069303155992e-11,7.167030979523677e-11,7.87053896513696e-11,8.498290670081813e-11,9.252784955935657e-11,1.0097557503191194e-10,1.103877507948311e-10,1.20948399715457e-10,1.322368804787556e-10,1.4488862392561613e-10,1.591562728797222e-10,1.7599333366677303e-10,1.9797476470198494e-10,2.2281684679702607e-10,2.5773643411384257e-10,3.0154008751532476e-10,3.5846328775064155e-10,4.3982167503185964e-10,5.650499579136607e-10,7.800657290191904e-10,1.2184757008283494e-09,2.523032227627941e-09
natural_gas_pipeline,power,AT-HU,4.4072030664316535e-11,4.609330014431154e-11,4.9544798429607685e-11,5.261260539939564e-11,5.582027932447166e-11,5.951421000939778e-11,6.355812833140608e-11,6.788146370538034e-11,7.253436944113174e-11,7.771793075359773e-11,8.366172751026696e-11,9.064458366689377e-11,9.880039038721068e-11,1.0837234100062735e-10,1.1934781828122024e-10,1.3150319228796912e-10,1.4500853207976777e-10,1.604822965809645e-10,1.7856168900747026e-10,1.9965489045223856e-10,2.2481777997673833e-10,2.5562960609506313e-10,2.9272618935539745e-10,3.4087972016277566e-10,4.035651663539995e-10,4.904828231622948e-10,6.226477331677822e-10,8.548350838801205e-10,1.3292431698732297e-09,2.732519624376127e-09
natural_gas_pipeline,power,AT-IT,3.499916732786087e-11,3.672609353862571e-11,3.906803039037508e-11,4.1028398438374116e-11,4.1921550450951184e-11,4.313049462252519e-11,4.6020646248695197e-11,4.9907829804727873e-11,5.4150287296456187e-11,5.909691149790913e-11,6.468614380801299e-11,6.940330530757029e-11,7.50490461263143e-11,8.092243114910021e-11,8.734745642509731e-11,9.547082531956152e-11,1.050206397020462e-10,1.1575615156962529e-10,1.277866623640597e-10,1.4152035118902266e-10,1.5779153102797676e-10,1.7693932123816538e-10,2.0192920401113083e-10,2.341829256781574e-10,2.778378301430032e-10,3.46003824937247e-10,4.509704748211502e-10,6.282920747373709e-10,9.847222770103911e-10,2.0663985762667537e-09
natural_gas_pipeline,power,AT-SI,1.1476812370788343e-10,1.0764242384231214e-10,1.1458782833221918e-10,1.2195748215777973e-10,1.2969659620292193e-10,1.3886366219423248e-10,1.4862729352394084e-10,1.5914680449220742e-10,1.7052047145281616e-10,1.8315412294993812e-10,1.969701889002669e-10,2.1253673121260716e-10,2.3026442741185492e-10,2.5040251272116355e-10,2.7336926435332115e-10,2.997928152165258e-10,3.3061429015770513e-10,3.6635119701094486e-10,4.082309417402416e-10,4.5785021835925476e-10,5.176708709302621e-10,5.909673862484975e-10,6.826775709925312e-10,8.002818224990639e-10,9.574790291941498e-10,1.1779062473467584e-09,1.5092035497872128e-09,2.0626118420057357e-09,3.1684416853771036e-09,6.4693544582056e-09
natural_gas_pipeline,power,AT-SK,4.160714298006147e-11,4.342374655246077e-11,4.6531041901835336e-11,4.981482044355169e-11,5.3220072341853314e-11,5.66455470843945e-11,6.063978989849858e-11,6.50625158263883e-11,6.987076721650343e-11,7.499847695842473e-11,8.049752920676982e-11,8.656794451552795e-11,9.381618216947589e-11,1.0226245872320476e-10,1.1183555291968186e-10,1.2266172019082248e-10,1.3526817209254682e-10,1.4934322815939217e-10,1.6540500545494223e-10,1.837482664222278e-10,2.0554054767222986e-10,2.32859450114708e-10,2.6691987352259825e-10,3.137797248812934e-10,3.809693662219742e-10,4.716724186658337e-10,6.039894082500297e-10,8.263703283529373e-10,1.259518833336515e-09,2.550479653416631e-09
natural_gas_pipeline,power,BE-DE,4.562856552166491e-11,4.7541211630016665e-11,5.182510076293531e-11,5.5882670055074895e-11,5.921857383105445e-11,6.305867494547513e-11,6.71807218810183e-11,7.163928687869777e-11,7.677632538870074e-11,8.250222919137768e-11,8.903249894026844e-11,9.598504607242772e-11,1.0470188501473227e-10,1.1373830800047397e-10,1.237275976621384e-10,1.343932088900715e-10,1.4559350224796174e-10,1.580514673559176e-10,1.7371663378909681e-10,1.9173504954139667e-10,2.1320277006150562e-10,2.393939103469576e-10,2.787337833500852e-10,3.3267389114339605e-10,4.0473838871292977e-10,5.043017935185549e-10,6.508693014835592e-10,8.975100383337153e-10,1.380985146538352e-09,2.814381200848572e-09
natural_gas_pipeline,power,BE-FR,3.8233136215956005e-11,3.968044126863745e-11,4.288933881774627e-11,4.580565107832524e-11,4.838059026238612e-11,5.092533389353943e-11,5.390093934672919e-11,5.721615192586863e-11,6.121608996338219e-11,6.552301971919447e-11,7.02986106693601e-11,7.458885724897868e-11,8.018057731455455e-11,8.583952641082978e-11,9.241733157803435e-11,1.0030363492659094e-10,1.0936456505597468e-10,1.200931861740382e-10,1.3449800827696017e-10,1.5227053137872026e-10,1.7315013801754996e-10,1.986572269016671e-10,2.303352564523419e-10,2.705106527430115e-10,3.254153819691626e-10,4.02055500818599e-10,5.209690942983928e-10,7.252509455185022e-10,1.1292011240363203e-09,2.3222601984769316e-09
natural_gas_pipeline,power,BE-LU,2.5927808287067953e-10,1.746658815338096e-10,2.069559873394389e-10,2.0490961211872986e-10,2.09896032439307e-10,2.1922236083242366e-10,2.3241264414599611e-10,2.487074470912085e-10,2.6760528955117426e-10,2.8889069671199433e-10,3.134423310763311e-10,3.4231521735609783e-10,3.751953393407383e-10,4.1369453115925285e-10,4.574705630668235e-10,5.089905120267492e-10,5.704367289222193e-10,6.463543802035754e-10,7.412634918677734e-10,8.630566657947771e-10,1.0212727379444263e-09,1.2403322884393005e-09,1.42070169169879e-09,1.6684150996642296e-09,2.007844417766707e-09,2.4957359755605748e-09,3.306369729511783e-09,4.763045120200532e-09,7.787860542545208e-09,1.4538979060587087e-08
natural_gas_pipeline,power,BE-NL,1.0527019145052894e-10,1.0864062807528478e-10,1.1650060311583876e-10,1.251652411985573e-10,1.3203490834600032e-10,1.402121596918601e-10,1.4967314012754865e-10,1.6092009852289834e-10,1.7398458517154248e-10,1.8897790017788814e-10,2.049093289452684e-10,2.2143832883868104e-10,2.4060280215628784e-10,2.6155154393099e-10,2.849219419317288e-10,3.113854856621264e-10,3.418350774190862e-10,3.77073278367224e-10,4.1827731262561906e-10,4.669130458998453e-10,5.23931683737163e-10,5.936845576474607e-10,6.806138711807783e-10,7.86395810240769e-10,9.334797761802936e-10,1.1475525527983506e-09,1.4921202915966156e-09,2.06204806262787e-09,3.1868895623272586e-09,6.518893444105041e-09
natural_gas_pipeline,power,BE-NO,1.6526617986602632e-09,3.264485504263866e-10,2.551373957919949e-10,2.3660543257753427e-10,2.065999705816225e-10,1.9160678462834483e-10,1.8559402428978192e-10,1.845349675660591e-10,1.8648293803188196e-10,1.909560365366509e-10,1.9791652100816782e-10,2.0346783217645423e-10,2.1301552128804765e-10,2.240743997200589e-10,2.3569965671907315e-10,2.492970755833032e-10,2.618149008026227e-10,2.761872365109879e-10,2.9439829665630395e-10,3.156014914790935e-10,3.4151975025204793e-10,3.7210904837761755e-10,3.972972865286005e-10,4.3056467451623257e-10,4.752195284344826e-10,5.372835448232038e-10,6.287061491595307e-10,7.765209731473305e-10,1.060971667216396e-09,1.881469182092578e-09
natural_gas_pipeline,power,BE-UK,2.8959069868108212e-11,3.034707173012185e-11,3.201710027332613e-11,3.277331811859045e-11,3.3813812343895675e-11,3.6500875423496516e-11,3.946888751034475e-11,4.2749143733192174e-11,4.6226197356354216e-11,4.9618991571257004e-11,5.348369869008267e-11,5.641075908650334e-11,6.09985884823944e-11,6.632407955442868e-11,7.251092541279174e-11,7.919199967895355e-11,8.650801207506784e-11,9.479702881672075e-11,1.0360513406956963e-10,1.1395729598785945e-10,1.2670206820198108e-10,1.430894842697858e-10,1.6417119364653452e-10,1.9363327199324572e-10,2.3430766012999796e-10,2.9188445808033263e-10,3.7897411340496977e-10,5.265215996781019e-10,8.277217841271145e-10,1.7307730845397838e-09
natural_gas_pipeline,power,BG-EL,4.925042392994302e-11,4.6133822103578544e-11,4.757401084820687e-11,5.105747410155002e-11,5.423692280211335e-11,5.7791058255367036e-11,6.197335454346521e-11,6.683200941730117e-11,7.238901195465232e-11,7.888937197312107e-11,8.622535539710864e-11,9.363339895134722e-11,1.0192896869121926e-10,1.111248626572574e-10,1.2139224421676615e-10,1.329013980148646e-10,1.4600651622039837e-10,1.6107201966650378e-10,1.7836498333523922e-10,1.9896919871725436e-10,2.2363793202273427e-10,2.5263337533829953e-10,2.8681253809710813e-10,3.3463172289293507e-10,4.0342446130622805e-10,5.008526899760545e-10,6.462359135334304e-10,8.869376101471634e-10,1.3716239576696293e-09,2.8199921491478333e-09
natural_gas_pipeline,power,BG-RO,5.768650106506494e-11,5.846532982649192e-11,6.247084413774055e-11,6.72696475478843e-11,7.119536653496572e-11,7.723930867114113e-11,8.32193482832571e-11,8.90718725681512e-11,9.530308507732243e-11,1.0213073301648324e-10,1.098428467924686e-10,1.186993834331137e-10,1.2872181608126916e-10,1.4004027267592828e-10,1.5266290389802273e-10,1.665856984829274e-10,1.8192364395337285e-10,1.9827761644631464e-10,2.180096468200262e-10,2.4388274424363713e-10,2.7976144324286076e-10,3.2292713764884987e-10,3.745882568623697e-10,4.398683468501921e-10,5.258406600288673e-10,6.4593606389563e-10,8.259519257620768e-10,1.1265713407355397e-09,1.7328740771183009e-09,3.5611546415393503e-09
natural_gas_pipeline,power,CH-AT,6.225761439391008e-09,1.6093466059150835e-09,1.6002542620530078e-09,1.2996293191768865e-09,1.0325421493794455e-09,9.159324251423918e-10,8.631435069244276e-10,8.427410688307078e-10,8.399905881984238e-10,8.497153015107399e-10,8.793202573527368e-10,9.159218671449482e-10,9.509059841325561e-10,9.922918138458746e-10,1.040874472645285e-09,1.094687162690009e-09,1.1447325101268765e-09,1.1982023797253336e-09,1.2605065400971967e-09,1.3301844114026519e-09,1.4125663072062783e-09,1.5115882504731845e-09,1.6117761707575718e-09,1.754244035281889e-09,1.936582017140109e-09,2.179348778855627e-09,2.5215106297439992e-09,3.0702068863609317e-09,4.227043712024669e-09,7.215155565027729e-09
natural_gas_pipeline,power,CH-DE,3.6604992197374284e-11,3.835346567185492e-11,4.089367315133615e-11,4.3609891491762015e-11,4.644041557037917e-11,4.943667821702427e-11,5.2559966228438505e-11,5.587667460394571e-11,5.988999525395765e-11,6.476249052841504e-11,7.024130436281272e-11,7.666063634479721e-11,8.325234010443019e-11,9.026771757028528e-11,9.772265529271904e-11,1.0576511955320575e-10,1.1515094065558056e-10,1.2681878171069174e-10,1.4392619416371528e-10,1.638302888630999e-10,1.8666357297259992e-10,2.1397417299648473e-10,2.456904826521779e-10,2.851769068212199e-10,3.3677242943270313e-10,4.0948833702504084e-10,5.203904685182882e-10,7.106441334668247e-10,1.1017969557623804e-09,2.2677901581034245e-09
natural_gas_pipeline,power,CH-FR,4.261323445402301e-11,4.1849819191933505e-11,4.399868861163205e-11,4.670066225002277e-11,4.9254533481637864e-11,5.20797535771648e-11,5.5683432396047795e-11,5.96254238008094e-11,6.442043808463886e-11,7.029378012241193e-11,7.709282522108869e-11,8.433021016166641e-11,9.191181178085983e-11,1.0026820248181403e-10,1.095439683922405e-10,1.1989454512545287e-10,1.3150761635847347e-10,1.448357846899959e-10,1.6043153770368837e-10,1.790327417752772e-10,2.0187018414086307e-10,2.3049817810119154e-10,2.662502813776972e-10,3.1297638103034433e-10,3.747218210297778e-10,4.605090333608511e-10,5.909745472819659e-10,8.086856996921878e-10,1.2479355113761967e-09,2.562358936363224e-09
natural_gas_pipeline,power,CH-IT,3.347402980831028e-11,3.5173230945895206e-11,3.7665878500710774e-11,4.0169441594641074e-11,4.258346863069273e-11,4.488841438903081e-11,4.7334585776005414e-11,4.9845125865944194e-11,5.252939533823117e-11,5.5703176755094456e-11,5.883780157632919e-11,6.2572826477315e-11,6.730377503775266e-11,7.28911872372116e-11,7.96943797638775e-11,8.8459713001783e-11,9.828182779677267e-11,1.0939431627724758e-10,1.221673615444336e-10,1.3713512669844644e-10,1.546783069157432e-10,1.7649476287279887e-10,2.04042490829816e-10,2.391591267071589e-10,2.8700797189633914e-10,3.5596578715069906e-10,4.610751069777895e-10,6.408871399813292e-10,9.96718318799482e-10,2.0542206615113496e-09
natural_gas_pipeline,power,CZ-AT,1.3023052136248598e-08,2.5464060712740395e-09,2.045696013359433e-09,1.8696741835287064e-09,1.6114440337577599e-09,1.4767600605927535e-09,1.4060731686289516e-09,1.3774876854446219e-09,1.3656153272501917e-09,1.3708260610842346e-09,1.3846304893007945e-09,1.3806028278370662e-09,1.4039374355259569e-09,1.4242985721974084e-09,1.4403949410354046e-09,1.4508837500423064e-09,1.456746874686498e-09,1.717296140814284e-09,2.0764852995379178e-09,2.32002748518644e-09,2.4032240824974955e-09,2.3564501900097486e-09,2.6086196806602525e-09,2.866991909142686e-09,3.1963864710414623e-09,3.593127536461318e-09,4.119921071974058e-09,5.001123940242262e-09,6.884572539858951e-09,1.2163353877177167e-08
natural_gas_pipeline,power,CZ-DE,4.7922288726581236e-11,5.002164745231784e-11,5.381795029057241e-11,5.7466242753075154e-11,6.100185949407908e-11,6.445739949658775e-11,6.807718954689893e-11,7.205056939498069e-11,7.696899935608723e-11,8.28638230103548e-11,8.935715870074147e-11,9.489776960702132e-11,1.023150885028382e-10,1.100774448634579e-10,1.1843695021583253e-10,1.2760981092492236e-10,1.3848610624494097e-10,1.5137364801033842e-10,1.6691780631889887e-10,1.855901445401642e-10,2.108197045383134e-10,2.4214009524259787e-10,2.8125236973838164e-10,3.3265317335496385e-10,3.994478768261034e-10,4.947796775349572e-10,6.414609300831959e-10,8.938423119790905e-10,1.404676611880515e-09,2.9025912648785035e-09
natural_gas_pipeline,power,CZ-PL,5.519697482355234e-11,5.2985841084494754e-11,5.65928158388851e-11,6.048457221733846e-11,6.374299436439755e-11,6.786168164001858e-11,7.264022300554382e-11,7.796004657778384e-11,8.378878863315276e-11,9.026244638798662e-11,9.74083495643592e-11,1.0558803113282804e-10,1.1468829519936655e-10,1.25055082014414e-10,1.365174750251042e-10,1.496463312706257e-10,1.6466077441314407e-10,1.821088580785591e-10,2.0279235659401067e-10,2.260298861162882e-10,2.543201056456374e-10,2.8994518131233843e-10,3.336835931376856e-10,3.9012451788936033e-10,4.659305110191604e-10,5.722521151497486e-10,7.32156675967067e-10,9.98956572173022e-10,1.5333206233086882e-09,3.1284491776363425e-09
natural_gas_pipeline,power,CZ-SK,5.5895809446043794e-11,5.882570601516965e-11,6.324121611027084e-11,6.738730896511296e-11,7.154278008146201e-11,7.573857773912934e-11,8.028537361115777e-11,8.495668500331886e-11,8.991735214917314e-11,9.504610936293614e-11,1.0078266975896685e-10,1.0638295081932044e-10,1.1461676511273471e-10,1.2374198713241421e-10,1.3423759064582526e-10,1.4864260472892313e-10,1.6547204966675672e-10,1.8443582161414518e-10,2.0600491742411709e-10,2.3161426842389625e-10,2.6145670775024045e-10,2.98022664435139e-10,3.447581340135946e-10,4.0418016410112015e-10,4.831449510456311e-10,6.001196651967948e-10,7.774133240872111e-10,1.077301444722483e-09,1.6728303976263722e-09,3.433723612794013e-09
natural_gas_pipeline,power,DE-AT,4.0536778606556484e-11,4.2377589053557396e-11,4.5662604602251183e-11,4.863853270698135e-11,5.1644384244310055e-11,5.5128949635189384e-11,5.90513668220706e-11,6.357053611406347e-11,6.855288896842863e-11,7.365967817160861e-11,7.925856817762168e-11,8.524466785904712e-11,9.268891836883671e-11,1.0087690120713322e-10,1.1000089176448406e-10,1.2024458649909389e-10,1.3173111201637506e-10,1.445229951802458e-10,1.5919293750850947e-10,1.76618579055354e-10,1.982850163865718e-10,2.2651230039878603e-10,2.614258655723621e-10,3.0692091963506567e-10,3.673583233259272e-10,4.5019755063620115e-10,5.737777107550786e-10,7.83679221487675e-10,1.207499185682947e-09,2.499273425441441e-09
natural_gas_pipeline,power,DE-BE,4.526003883349525e-11,4.74049323704276e-11,5.041295352198796e-11,5.3761609525531956e-11,5.685003547878146e-11,6.029927410120004e-11,6.409856807764844e-11,6.83718821816232e-11,7.306291775570311e-11,7.888349406398217e-11,8.58311914486496e-11,9.377205307008458e-11,1.030187812289909e-10,1.1314465358535266e-10,1.2337941924675056e-10,1.3505357701399482e-10,1.4848292010930103e-10,1.6401459605037052e-10,1.8213126426245622e-10,2.028349417480753e-10,2.267957819888678e-10,2.5604471033664304e-10,2.909866523757229e-10,3.3930979325932595e-10,4.0443375803645584e-10,5.005097693065418e-10,6.409093252410175e-10,8.756943983380536e-10,1.3476927001847057e-09,2.780194567775318e-09
natural_gas_pipeline,power,DE-CH,3.785377733683863e-11,3.9285951013109904e-11,4.1579762014410965e-11,4.38922742277573e-11,4.666675665127778e-11,4.9478715466289655e-11,5.2540113058464364e-11,5.6120449303867645e-11,6.038375739997716e-11,6.556955445341414e-11,7.098093491143297e-11,7.683693033162218e-11,8.317320134645567e-11,9.016174748619291e-11,9.816252279723e-11,1.0747311650241731e-10,1.182905786100025e-10,1.306816114676394e-10,1.446099843152992e-10,1.604349100491976e-10,1.7911678904547335e-10,2.0218739464565586e-10,2.3154986955451416e-10,2.714435943473442e-10,3.253590609394945e-10,4.0136209957502375e-10,5.124288162402571e-10,6.988281249895241e-10,1.076006889948843e-09,2.2258780649875593e-09
natural_gas_pipeline,power,DE-CZ,4.805313802760823e-11,5.0585229208612245e-11,5.4045439014174665e-11,5.6823892061311314e-11,5.817661522203644e-11,5.947800816555898e-11,6.270988545741582e-11,6.764812180910332e-11,7.341171547220303e-11,7.955051473066081e-11,8.824051866633953e-11,9.587625861641808e-11,1.038120805177055e-10,1.1178544809538912e-10,1.205909743158509e-10,1.3065778701466724e-10,1.4330966392833432e-10,1.5845286126281893e-10,1.753906185795421e-10,1.9452176917158988e-10,2.16871897715265e-10,2.439742425978701e-10,2.772345233300591e-10,3.208756906246089e-10,3.792867253972039e-10,4.619065886542843e-10,5.965951325098407e-10,8.325475241696786e-10,1.3162005452955908e-09,2.799530297236412e-09
natural_gas_pipeline,power,DE-DK,3.382601354281558e-11,3.517948247571418e-11,3.75190845981006e-11,4.0024589059739256e-11,4.268591059205433e-11,4.5629223642574527e-11,4.876029526208149e-11,5.193504816184002e-11,5.532934911291301e-11,5.908251882157728e-11,6.374479635572843e-11,6.942972818266307e-11,7.545730203573185e-11,8.239728307544348e-11,8.988377660060779e-11,9.829954289042185e-11,1.0782596334516495e-10,1.188634857090264e-10,1.3224128502315494e-10,1.4891170300619105e-10,1.696073696950833e-10,1.9576626924394406e-10,2.263023690371187e-10,2.647440861834272e-10,3.155050993545282e-10,3.850989581206818e-10,4.873891604382559e-10,6.615359027198763e-10,1.0122466762604635e-09,2.0788962902079997e-09
natural_gas_pipeline,power,DE-FR,2.3564726419451936e-11,2.454378335221342e-11,2.553779286011733e-11,2.6897351316343652e-11,2.892264348363986e-11,3.097352500635552e-11,3.3032892607438277e-11,3.496379963998427e-11,3.700440564256512e-11,3.9313442521305456e-11,4.234624931086431e-11,4.575115689028404e-11,4.976052890384613e-11,5.392639112263664e-11,5.841807818111836e-11,6.334538675450825e-11,6.868841338441071e-11,7.465614678598993e-11,8.195413851449668e-11,9.071437046725749e-11,1.015164982140635e-10,1.1587648884344713e-10,1.3524906084133127e-10,1.5984907544069467e-10,1.9309260169560962e-10,2.3959209889514896e-10,3.1030642319131627e-10,4.306992752988297e-10,6.786699358371927e-10,1.4145633088244781e-09
natural_gas_pipeline,power,DE-LU,9.836903152895047e-11,6.038869502543546e-11,6.320185016167661e-11,6.793868741333708e-11,7.25236481280942e-11,7.743929509668827e-11,8.285117304550998e-11,8.883705174499971e-11,9.556101249274505e-11,1.0325133850596592e-10,1.1234564622118811e-10,1.1831993278518718e-10,1.2889973532493112e-10,1.4048426112914834e-10,1.5335135752446468e-10,1.679396142565958e-10,1.8466019444986678e-10,2.0415568740766195e-10,2.2707117591306025e-10,2.5428748486533543e-10,2.8707096808991413e-10,3.275057467079375e-10,3.772403957315871e-10,4.409299069512098e-10,5.261390851042011e-10,6.45936500716154e-10,8.26132352853148e-10,1.1273643939159736e-09,1.7301219404637288e-09,3.530128267812889e-09
natural_gas_pipeline,power,DE-NL,5.1977521479933935e-11,5.3748625269704174e-11,5.631703157777275e-11,5.956614683205195e-11,6.24678348619017e-11,6.67311369931733e-11,7.142191028832887e-11,7.64155662693337e-11,8.202881036679644e-11,8.819044168698231e-11,9.528368267117078e-11,1.0199337355029362e-10,1.1060871426580272e-10,1.2029273503019125e-10,1.3117309783892275e-10,1.452397402007471e-10,1.6189714213701233e-10,1.8232460952544184e-10,2.0591458350809376e-10,2.3111988563351522e-10,2.60743713608427e-10,2.980802134436308e-10,3.4221768889442506e-10,3.9711363840007653e-10,4.682773171054444e-10,5.684090850600538e-10,7.223223125018373e-10,9.879587641513186e-10,1.5362195528023334e-09,3.158619722559371e-09
natural_gas_pipeline,power,DE-NO,1.7943041232102466e-09,3.4332611152962004e-10,2.665135861477837e-10,2.477158770180115e-10,2.187653281375788e-10,2.040514018683861e-10,1.9813508200180035e-10,1.9721556717569125e-10,1.9933201414352536e-10,2.0392958857299078e-10,2.1036589415744022e-10,2.1902591514206694e-10,2.2853222231615286e-10,2.398546970409779e-10,2.5232034671314564e-10,2.6702186411062627e-10,2.8114910127125535e-10,2.9770103625433345e-10,3.1739125654503213e-10,3.4107326279976565e-10,3.703072312936952e-10,4.057277976272673e-10,4.347032677311557e-10,4.710824762775076e-10,5.202818744289505e-10,5.882927949771466e-10,6.884871686774321e-10,8.514106074327164e-10,1.161446500360437e-09,2.062124745415581e-09
natural_gas_pipeline,power,DE-PL,2.9107030767754065e-11,3.0328922009571926e-11,3.266112543658716e-11,3.483516194568049e-11,3.6970486595522025e-11,3.9228072941346893e-11,4.200263781545626e-11,4.531940411491803e-11,4.9072544680621e-11,5.291778390323028e-11,5.702081945727037e-11,6.154444003057141e-11,6.696922263779953e-11,7.299949429380942e-11,7.96715538935966e-11,8.69802726499889e-11,9.504975762049747e-11,1.0421348836735778e-10,1.1475937015011613e-10,1.2763063209668232e-10,1.4432114234849985e-10,1.6553614405143283e-10,1.9147495712673844e-10,2.2372640148402292e-10,2.6551897593901875e-10,3.236342531972464e-10,4.12291132286507e-10,5.633057974992507e-10,8.763688204342868e-10,1.8100682751997782e-09
natural_gas_pipeline,power,DE-SE,2.1714045295412765e-09,4.0324826755345387e-10,3.1088153622037676e-10,2.9390188122520926e-10,2.6152089937624504e-10,2.4510992113946823e-10,2.340934344656391e-10,2.2958140390307238e-10,2.3002933886916721e-10,2.3850678546670283e-10,2.4913233031567175e-10,2.5939621087518214e-10,2.7379061368906007e-10,2.905227102999781e-10,3.0709120214901026e-10,3.26499700857175e-10,3.4482063008736244e-10,3.6255080828617467e-10,3.800094397792712e-10,4.0885492408652647e-10,4.4788893294166e-10,4.861917385196969e-10,5.214182838820002e-10,5.646565816108826e-10,6.235142776659938e-10,7.047499709338684e-10,8.258129918653936e-10,1.0250207563500373e-09,1.4022310872248662e-09,2.4920396122986366e-09
natural_gas_pipeline,power,DE-UK,3.107749782273996e-09,5.777493794244115e-10,4.5941364589608907e-10,4.2089433830429017e-10,3.6221175260320715e-10,3.3278900577014285e-10,3.1816224814403414e-10,3.1100086509874953e-10,3.116339570378583e-10,3.1923101080465865e-10,3.2843800513827095e-10,3.3979771796221056e-10,3.5208997795847863e-10,3.6589835042784556e-10,3.8801281014463924e-10,4.1279943596874526e-10,4.370619779775255e-10,4.645070337763023e-10,5.018572635197962e-10,5.460549056658283e-10,5.995677933462311e-10,6.640996224213117e-10,7.147633613930596e-10,7.774500665428798e-10,8.613715468810514e-10,9.762382986362337e-10,1.144642243796452e-09,1.4180752629283828e-09,1.935639203465952e-09,3.433029013340644e-09
natural_gas_pipeline,power,DK-DE,3.658303481423884e-10,8.188230462684067e-10,0.017400275894719697,3.2457573713853545e-09,2.2513898035065655e-08,0.02134755050636895,0.177127842816666,0.056877828648293785,0.07350932350391921,0.03720114455776897,0.04415772359387577,0.06682514896051128,0.041341641671385654,0.13846591719312848,0.010511544321076082,4.669646999762657e-09,1.0549516836707471e-09,1.7431859673564363e-09,0.05823344155780304,1.8436475912529571e-09,6.159017482964559e-10,6.839217638848259e-10,7.364425732386951e-10,8.565513404681537e-10,9.974623471708602e-10,1.1914654931546156e-09,1.4322560494139795e-09,1.6954109832313433e-09,2.2147648044045794e-09,3.0467814096738547e-09
natural_gas_pipeline,power,DK-NL,9.410723252057131e-09,2.7324285881983547e-09,4.6626742809734965e-09,3.0669904040409333e-09,2.7430061469024117e-09,1.9707052921116685e-09,1.651654263556096e-09,1.4509482196630105e-09,1.4413367929361747e-09,1.4931097303795868e-09,1.5720635547956676e-09,1.6768400701330204e-09,1.8627082451165096e-09,2.167611890059918e-09,2.576768175139364e-09,1.4557889964542445e-09,9.500121131223163e-10,1.2672377214433525e-09,2.8904554397941085e-09,1.471037165675539e-09,6.484929383162585e-10,7.461787800089955e-10,8.318701539114836e-10,9.817411481921954e-10,1.1663998704184997e-09,1.4213735806182317e-09,1.7606288854954136e-09,2.2020965195207856e-09,3.0836618450369513e-09,5.037395552625137e-09
natural_gas_pipeline,power,DK-NO,2.7815327945851943e-09,5.359571334932624e-10,4.0357791090386187e-10,3.835596320040738e-10,3.401905615077313e-10,3.1643783514463353e-10,3.0724117546063933e-10,3.0635094996087495e-10,3.1075455652728034e-10,3.197647389833315e-10,3.3222115983076393e-10,3.4740377645784154e-10,3.6543095352257546e-10,3.879454055065325e-10,4.129398097705792e-10,4.3509992444991275e-10,4.473750070223823e-10,4.825256778977401e-10,5.388696570824959e-10,5.73103548408657e-10,5.887595150394693e-10,6.643325480915185e-10,7.01940596907273e-10,7.546631709186145e-10,8.275491065133974e-10,9.307060554807391e-10,1.0823964575759702e-09,1.3265893315139028e-09,1.7950805811823356e-09,3.129614178675325e-09
natural_gas_pipeline,power,DK-SE,2.1133211565282184e-11,2.2218662199701503e-11,2.3694307070901537e-11,2.5152737767850574e-11,2.641348647717087e-11,2.785584866632808e-11,2.9536309399374346e-11,3.141248501311335e-11,3.34162272817334e-11,3.5622072517134044e-11,3.7738540180577277e-11,4.070791861272267e-11,4.332721393020462e-11,4.643211908658658e-11,5.0137581941025493e-11,5.4989917384523444e-11,6.14837618885502e-11,6.8697160388162e-11,7.675040897386718e-11,8.612370364836079e-11,9.696936925308187e-11,1.1083046334222926e-10,1.2792703331016267e-10,1.4962107523341866e-10,1.795741018336918e-10,2.2236959181066503e-10,2.889504146722235e-10,4.005137270462296e-10,6.235609956511213e-10,1.2877610592191385e-09
natural_gas_pipeline,power,DK-UK,4.404830100237135e-09,8.370534860526306e-10,6.498303539830315e-10,5.882410274876617e-10,4.870172776129099e-10,4.279098151125331e-10,3.9387948800350063e-10,3.710925862680435e-10,3.678231524062819e-10,3.790915640705253e-10,3.9137569130165387e-10,4.049710619442296e-10,4.199368259178664e-10,4.366139749972151e-10,4.732104619395208e-10,5.005317763050059e-10,5.145386177618459e-10,5.602093117150048e-10,6.449914451999965e-10,7.053614749882617e-10,7.360016988325666e-10,8.506706968780638e-10,9.064889168854689e-10,9.82480021035586e-10,1.0840557242675034e-09,1.2250865735731764e-09,1.4293925023005582e-09,1.7542938741863762e-09,2.3715863904094498e-09,4.10712665812652e-09
natural_gas_pipeline,power,EE-FI,2.733837105145648e-11,2.7243044137255734e-11,2.8498158602461866e-11,3.076732568635556e-11,3.2835013729114625e-11,3.4923390934369235e-11,3.7195515686056066e-11,3.960072544410228e-11,4.2449281069484346e-11,4.602875959174222e-11,5.053341506644431e-11,5.2491331343988296e-11,5.897278397693366e-11,6.515439634636669e-11,7.150523723603346e-11,7.854454274043787e-11,8.649456177555179e-11,9.555213403100273e-11,1.0616819142477348e-10,1.1903211951334357e-10,1.352489354317236e-10,1.5197378385484211e-10,1.7163182826739435e-10,1.9742607209328588e-10,2.357472233537196e-10,2.936820940300415e-10,3.802675330415025e-10,5.234826327836764e-10,8.102498238335456e-10,1.667088807531163e-09
natural_gas_pipeline,power,EE-LV,9.142648274688256e-11,9.104193834744832e-11,9.887854028258329e-11,1.067196484316513e-10,1.1215856768881972e-10,1.1866019269485776e-10,1.2642443752602293e-10,1.3536474390222811e-10,1.4551640405395595e-10,1.5677952658856087e-10,1.6980216887915613e-10,1.811362716133984e-10,1.9360867106960904e-10,2.090527670492004e-10,2.2771049934798045e-10,2.519024583574467e-10,2.801527863966407e-10,3.118826978568652e-10,3.4847267978583475e-10,3.9084354717006764e-10,4.4115630033362326e-10,5.024363956640787e-10,5.788375078202111e-10,6.760638114017693e-10,8.05453512210019e-10,9.905193214717676e-10,1.2742714379213946e-09,1.7513142825458566e-09,2.7028587534082405e-09,5.540921989477652e-09
natural_gas_pipeline,power,EL-BG,4.431084445851699e-11,4.651863203448164e-11,5.087444009928135e-11,5.340859993784502e-11,5.639329297442348e-11,6.030002380989115e-11,6.491270239797557e-11,7.067324016169466e-11,7.667097097604095e-11,8.297271470918819e-11,8.909276473827815e-11,9.555557556009533e-11,1.0317900662809851e-10,1.1206863742033939e-10,1.2229000414924704e-10,1.3391984702725933e-10,1.4661252301695396e-10,1.6075629285421544e-10,1.7621572453828093e-10,1.92473298037719e-10,2.1361973020867758e-10,2.380321564966144e-10,2.7442021550250353e-10,3.2728267759427265e-10,3.992012936461023e-10,4.994921708342934e-10,6.482875612355977e-10,8.918120849394931e-10,1.3765225330620829e-09,2.8188982136719167e-09
natural_gas_pipeline,power,EL-IT,1.9259830142941242e-11,1.9642689067803262e-11,2.1243348931023254e-11,2.2787929737022598e-11,2.408034592916086e-11,2.5172573038283038e-11,2.6260238416082566e-11,2.772016301955427e-11,2.940331222684872e-11,3.145823754351463e-11,3.408914401171384e-11,3.646607625804999e-11,3.951783707375452e-11,4.266177501242765e-11,4.602274498723416e-11,4.971296536315876e-11,5.406635872538392e-11,5.939901949015518e-11,6.537136721140345e-11,7.279693857345534e-11,8.36285926752032e-11,9.565750712860601e-11,1.1099355638834972e-10,1.311537754369661e-10,1.578669206080366e-10,1.9579821301761957e-10,2.5359361815692635e-10,3.532873166413541e-10,5.561651320890022e-10,1.1541132877852254e-09
natural_gas_pipeline,power,ES-FR,2.2038094239476032e-11,2.3261314524745443e-11,2.521679788072874e-11,2.6627919244510437e-11,2.8602479370153604e-11,3.050409547319714e-11,3.288474837462247e-11,3.5416186528838306e-11,3.779902191239747e-11,4.0493288261425126e-11,4.3569477618853585e-11,4.673712301896933e-11,5.031912030844929e-11,5.4194268872152514e-11,5.907714270621805e-11,6.439043654974505e-11,7.074387595327468e-11,7.796564684148233e-11,8.629496106958133e-11,9.53110739413303e-11,1.0550276414230719e-10,1.1806220580675225e-10,1.3714457726514944e-10,1.6157054336852618e-10,1.944237790497429e-10,2.3981850743386993e-10,3.096151681943282e-10,4.3048590281118506e-10,6.750556107343788e-10,1.3973419686291859e-09
natural_gas_pipeline,power,ES-PT,5.094963942944919e-11,5.2298834601288446e-11,5.6002455009420026e-11,5.974097170611473e-11,6.326983526219823e-11,6.736519685703753e-11,7.215486376837797e-11,7.771425128002534e-11,8.41475705389823e-11,9.122149865901603e-11,9.859303846788063e-11,1.067039955525198e-10,1.1573827857534047e-10,1.2567930593263707e-10,1.368104229531544e-10,1.496696654698624e-10,1.645152813870928e-10,1.817495706848746e-10,2.0150896463311262e-10,2.2400587217709568e-10,2.5061795929561716e-10,2.8139477161116745e-10,3.2101215818207044e-10,3.7747991260900627e-10,4.568928748700352e-10,5.678361047201419e-10,7.320624573950662e-10,1.0029039372622308e-09,1.5467253909276872e-09,3.164068722234464e-09
natural_gas_pipeline,power,FI-EE,3.268262150512696e-11,3.455105142929264e-11,4.2370243569960215e-11,4.57823390735223e-11,4.279361026246541e-11,4.397981209744271e-11,4.525393615596715e-11,4.6644639742384986e-11,4.8026641092212396e-11,4.965263296383674e-11,5.161938685544679e-11,5.290092113414895e-11,5.710802069784797e-11,6.207438631231725e-11,6.785440760448678e-11,7.519483586285449e-11,8.380515833104637e-11,9.383050724609734e-11,1.0549751333875052e-10,1.1925352552553986e-10,1.3603521441018896e-10,1.5420984746405282e-10,1.7688246356339286e-10,2.0618972223612136e-10,2.451054121884765e-10,3.0070712449230735e-10,3.853732404648195e-10,5.291270228170758e-10,8.202934385246583e-10,1.6854245948342533e-09
natural_gas_pipeline,power,FI-NO,6.983386306205892e-09,1.2287364503377198e-09,8.994010416269047e-10,8.624190090012687e-10,7.865174222854127e-10,7.487472617641754e-10,7.350208800327861e-10,7.348157512217644e-10,7.434001858378852e-10,7.598663274920204e-10,7.831494332718148e-10,8.156756791712461e-10,8.509943919891308e-10,8.916963192174593e-10,9.386867674175075e-10,9.92171660724003e-10,1.05303367571747e-09,1.1214074256325617e-09,1.1887035735737315e-09,1.2835756822366079e-09,1.387454353100011e-09,1.515996952010259e-09,1.6350016941859857e-09,1.7940576377635507e-09,2.0117118966234017e-09,2.322270337297383e-09,2.74221294911178e-09,3.4433533088390088e-09,4.833008198451975e-09,8.310926225557248e-09
natural_gas_pipeline,power,FI-SE,7.426734585307051e-09,9.581475436640406e-10,6.698959956570655e-10,6.988913664496142e-10,6.736786407660009e-10,6.688784271982232e-10,6.373097849044506e-10,6.132973597313274e-10,6.052658822087428e-10,6.390541225702102e-10,6.76658021371845e-10,7.227048628299595e-10,7.738330049624456e-10,8.327242147448647e-10,8.93901510270337e-10,9.604957580737576e-10,1.049833579539371e-09,1.1301852361145388e-09,1.09216501163103e-09,1.2108145598368133e-09,1.3503789006483546e-09,1.4024319901336166e-09,1.5393053443465335e-09,1.708253070313812e-09,1.9451237945168844e-09,2.2950323726832458e-09,2.671050403786731e-09,3.36611231032103e-09,4.760629070342072e-09,7.939664409799949e-09
natural_gas_pipeline,power,FR-BE,3.8679934076526915e-11,4.025642044730996e-11,4.303938281804989e-11,4.588255724537661e-11,4.899050066377352e-11,5.2660845569034286e-11,5.645363215532319e-11,6.053094092655685e-11,6.50898156488981e-11,7.017783272978754e-11,7.584920692988855e-11,8.189319056071374e-11,8.854631697442976e-11,9.588653533041217e-11,1.043783702431977e-10,1.1423992718159228e-10,1.256118171513315e-10,1.3864235235452368e-10,1.5430172662502124e-10,1.7170484910217303e-10,1.9176501810689087e-10,2.1699131735246636e-10,2.4765657727235127e-10,2.8718951756488e-10,3.4105897611390803e-10,4.2148484198710675e-10,5.527792294291659e-10,7.634221854531981e-10,1.179251642403577e-09,2.392521110386366e-09
natural_gas_pipeline,power,FR-CH,3.979850594864812e-11,4.1617130845458556e-11,4.5709167394248375e-11,4.985478854625817e-11,5.237523899726697e-11,5.573077834697326e-11,5.892840031274229e-11,6.32040248874462e-11,6.738323704731003e-11,7.207772054325469e-11,7.706685593684581e-11,8.248819214531556e-11,8.876462944291026e-11,9.579434187504736e-11,1.0412544749523613e-10,1.1312106835955095e-10,1.237988162518776e-10,1.3614479553989206e-10,1.510279700291332e-10,1.6772622539341375e-10,1.8721754677006624e-10,2.1164027692654913e-10,2.4800144360694916e-10,2.949935836086005e-10,3.5801585580138024e-10,4.4384933940535e-10,5.699587896953657e-10,7.785056813530903e-10,1.1963991997482106e-09,2.4436178196388584e-09
natural_gas_pipeline,power,FR-DE,2.4553273093571968e-11,2.5660554905615263e-11,2.815241112458258e-11,2.977184974785176e-11,3.1026630214875184e-11,3.2842702703448024e-11,3.511836444669055e-11,3.785682067977182e-11,4.0920009507266596e-11,4.419997622181174e-11,4.778856405707109e-11,5.1740675119376046e-11,5.605292272478697e-11,6.089372755841916e-11,6.643882643708349e-11,7.282095659166877e-11,8.018732005716786e-11,8.887321023717331e-11,9.897882124331524e-11,1.1083995250229372e-10,1.2498740609316263e-10,1.4220581680348797e-10,1.6412684013389274e-10,1.9235296627694925e-10,2.301431378471749e-10,2.829405231680878e-10,3.6226520611094893e-10,4.944451270599595e-10,7.581468422547652e-10,1.5454303748542667e-09
natural_gas_pipeline,power,FR-ES,2.1846630486228125e-11,2.2393821174733234e-11,2.408505079125664e-11,2.564343682729729e-11,2.6926574496787723e-11,2.8236230078561355e-11,2.98467951137827e-11,3.150070927673636e-11,3.357537588095953e-11,3.637607615624885e-11,3.978427432076406e-11,4.438806496179868e-11,4.931529873052694e-11,5.394169624519522e-11,5.871716712167243e-11,6.4375265023616e-11,7.08934015874999e-11,7.829671885163756e-11,8.647464222537755e-11,9.569804668090573e-11,1.0671405289681079e-10,1.2023032227030512e-10,1.3743236395190343e-10,1.6019594284098804e-10,1.9204483188049493e-10,2.363647851659218e-10,3.024651303676612e-10,4.1452292056245564e-10,6.424412440276858e-10,1.3438351113242737e-09
natural_gas_pipeline,power,FR-IT,3.332456884611087e-09,8.392173725008205e-10,8.406007180072678e-10,8.342282436172239e-10,6.04556199793287e-10,5.206207660372078e-10,4.3880043510550704e-10,3.8767183096463885e-10,3.498647953069645e-10,3.2029984984616527e-10,3.0987986367544053e-10,3.087199385020581e-10,3.1175823053165746e-10,3.192261010960527e-10,3.468107894724887e-10,3.757797272049509e-10,4.0372543799722427e-10,4.3016035242061606e-10,4.565047300766106e-10,4.824178020275299e-10,5.075168329612301e-10,5.334136865737032e-10,5.997284630914441e-10,6.789598544709768e-10,7.772839263427127e-10,9.059441484718388e-10,1.086306409967609e-09,1.3681711533698447e-09,1.89534516646142e-09,3.3766068313792403e-09
natural_gas_pipeline,power,FR-LU,6.2518410502353016e-09,1.3731335814178637e-09,1.1777759692801652e-09,1.0783594800454029e-09,9.031369747905803e-10,8.235285221902721e-10,7.900995801525294e-10,7.82242447323674e-10,7.93319144187258e-10,8.201502132956214e-10,8.693646247960373e-10,9.317177292271711e-10,1.0110231590175027e-09,1.1142461703336876e-09,1.2721343465395614e-09,1.51866661900865e-09,1.9140458482033674e-09,1.7946648379806442e-09,1.6064697160574175e-09,1.4231978473080796e-09,1.1805114454276993e-09,1.1063652166567142e-09,1.2339157477908455e-09,1.390925767768241e-09,1.5818067817770938e-09,1.8234496462323125e-09,2.1992126186893075e-09,2.786012526312435e-09,3.8552619854667654e-09,6.693089767595376e-09
natural_gas_pipeline,power,FR-NO,1.2916833627100653e-09,2.583419576227491e-10,2.054127014627207e-10,1.8893599120735912e-10,1.6366156931171914e-10,1.511261519805424e-10,1.4585843560476633e-10,1.4463968575993452e-10,1.4593851424768949e-10,1.4926196636253452e-10,1.54644677185161e-10,1.611484521281245e-10,1.6888836233305088e-10,1.7814651891451286e-10,1.8872324163107806e-10,2.016003927857343e-10,2.1460133123681347e-10,2.2377953067773451e-10,2.351641359838794e-10,2.4797785519615644e-10,2.6240862683177275e-10,2.7992929261965083e-10,3.0118015587921023e-10,3.283874928443645e-10,3.641115950939897e-10,4.1298219251954954e-10,4.842007742348636e-10,5.983750144639274e-10,8.16155705286367e-10,1.4398067800048092e-09
natural_gas_pipeline,power,FR-UK,3.1069271248647325e-09,6.484140580407083e-10,5.333193622579855e-10,4.836147324693768e-10,4.0366703257052033e-10,3.661910110803447e-10,3.483095663062634e-10,3.3963822590559375e-10,3.4044696707781775e-10,3.4980332798402345e-10,3.6416039686562224e-10,3.7394514053465046e-10,3.918336049889196e-10,4.1140653803133436e-10,4.417201348807461e-10,4.772885271060639e-10,5.134751141491542e-10,5.312064720780271e-10,5.643164602892493e-10,5.998028276599978e-10,6.373565907356877e-10,6.831650995675855e-10,7.370100914925228e-10,8.063067615810316e-10,8.96851507522667e-10,1.0201349495343852e-09,1.1991361426788685e-09,1.4853678461953848e-09,2.0287404518054444e-09,3.5684641452045933e-09
natural_gas_pipeline,power,HR-HU,6.224368504264376e-11,5.981740939623255e-11,6.41234646282135e-11,6.787819412931382e-11,7.2317422625302e-11,7.725040967748619e-11,8.260242837718535e-11,8.843121695755974e-11,9.489759658186297e-11,1.020776413752447e-10,1.1015153895503815e-10,1.1917060062290277e-10,1.2937649180887577e-10,1.4087654931712163e-10,1.540397548463097e-10,1.6913067756769727e-10,1.8652167837837417e-10,2.0666189889525063e-10,2.3015690000092727e-10,2.58004603822592e-10,2.917559502048585e-10,3.3320739357363375e-10,3.8315661235051947e-10,4.4770317156819493e-10,5.343491638575985e-10,6.562189660840197e-10,8.403267143777866e-10,1.1478691410479572e-09,1.7630061088158338e-09,3.6000784567002607e-09
natural_gas_pipeline,power,HR-SI,3.6259392640945134e-10,1.1947453162565942e-10,1.1898234953339048e-10,1.2700514700017074e-10,1.341145576135247e-10,1.4247772053153828e-10,1.5219494185891405e-10,1.621681068112747e-10,1.7426714766841234e-10,1.8892517209548908e-10,2.064927925398891e-10,2.076940646709626e-10,2.290321220268174e-10,2.5151826526767854e-10,2.7591785820223026e-10,3.0623058860622096e-10,3.5167347709859915e-10,4.090237439059659e-10,4.848537917653819e-10,5.774495199459676e-10,5.599263422348513e-10,5.865519005622744e-10,6.810209041147418e-10,8.015855056960184e-10,9.622914060347053e-10,1.1878080464517373e-09,1.5206011438503045e-09,2.0643513614585523e-09,3.126093805564574e-09,6.243455809791808e-09
natural_gas_pipeline,power,HU-AT,9.490583744433022e-09,1.1797759221930012e-09,7.424822136481881e-10,6.397054986206506e-10,6.177867913149237e-10,6.630397284118203e-10,7.212686601050542e-10,7.956825651015948e-10,8.977100866753977e-10,1.0439332630217456e-09,1.272408684228231e-09,1.6105239702455068e-09,1.8708812739584577e-09,2.4719386887386002e-09,3.3528994098561925e-09,5.224866276645645e-09,2.2282086850960025e-09,4.5400359116549975e-09,5.513542706088205e-09,3.621670457021178e-09,1.6041955519650165e-09,1.0902693689918576e-09,1.294493884850121e-09,1.5120380474334557e-09,1.772450851837795e-09,2.0374636116234833e-09,2.3386086124144983e-09,2.762980073248428e-09,3.876099727407139e-09,6.368207827907543e-09
natural_gas_pipeline,power,HU-HR,7.047696038411843e-11,5.8756350059104e-11,6.205443346492795e-11,6.63466491449435e-11,7.080703196871808e-11,7.576536212375318e-11,8.134238375326358e-11,8.751688861167043e-11,9.435045202668156e-11,1.0187521621817674e-10,1.1015646290530699e-10,1.1921011686886264e-10,1.2943013241033058e-10,1.4074446569526227e-10,1.534253307559788e-10,1.6790152755744443e-10,1.8460429111204905e-10,2.0399934659479987e-10,2.2704624995451127e-10,2.544475302154899e-10,2.8704727725696945e-10,3.2683191875624303e-10,3.776958125267367e-10,4.4322954626602626e-10,5.305665974732088e-10,6.529061184067778e-10,8.372264789399292e-10,1.1449667178264575e-09,1.7598762302410622e-09,3.5959528115511896e-09
natural_gas_pipeline,power,HU-RO,4.10030004340748e-11,4.200693544740368e-11,4.469880440342722e-11,4.7757126165616196e-11,5.088217178098648e-11,5.448125668789772e-11,5.865061543110498e-11,6.300858421251007e-11,6.779120763180925e-11,7.303715568210547e-11,7.873534171472846e-11,8.503229334500231e-11,9.21212961715005e-11,1.0008777972076424e-10,1.0903057766861862e-10,1.193136839196175e-10,1.3073792157739005e-10,1.4386550719659794e-10,1.591114832292931e-10,1.77992153766186e-10,2.019071740301902e-10,2.31587481039955e-10,2.677913926365976e-10,3.140140613697674e-10,3.7509928645967113e-10,4.615256151363005e-10,5.924194473246929e-10,8.114656982545928e-10,1.2552314292590207e-09,2.5754490826776443e-09
natural_gas_pipeline,power,HU-SI,1.51805596725852e-08,1.0412050295324415e-09,5.818375030787722e-10,4.70859356587704e-10,4.904091837463988e-10,5.564561653043348e-10,6.343439560527094e-10,7.323893372276171e-10,8.630085834878622e-10,1.0461715527632738e-09,1.3283829750065277e-09,1.775132973800732e-09,1.8422893316593243e-09,1.9991219032923122e-09,2.552062798593279e-09,3.2549221003251763e-09,1.9669121011530803e-09,2.7762561075640556e-09,2.8293493029678568e-09,2.152803889681446e-09,1.346719606174275e-09,1.013180055545433e-09,1.2007040975013838e-09,1.4179780340638596e-09,1.6950154162308002e-09,2.0462058200025888e-09,2.5331986852825865e-09,3.2911094465547155e-09,4.678402637813956e-09,8.325252139309826e-09
natural_gas_pipeline,power,HU-SK,2.2779111887888523e-08,7.161518244456309e-09,2.7266959251119314e-08,6.813098020251283e-10,6.696562880936731e-10,8.054138888051717e-10,9.940065200472475e-10,1.2654890021555057e-09,1.69749345607377e-09,2.511314549216996e-09,4.930355268394396e-09,0.20389181765630576,0.4957663217920112,0.7637145943097993,3.3778780599465e-09,1.827188121646828e-08,0.6348489359747429,2.9144884995735527e-09,9.749497456719066e-10,8.370048152178545e-10,7.156793246357654e-10,6.804285963367838e-10,7.811830410104229e-10,9.120237290376206e-10,1.0877813008858535e-09,1.3346562122521542e-09,1.7058083191176749e-09,2.3233169497778702e-09,3.553855062363724e-09,7.1882720492508484e-09
natural_gas_pipeline,power,IE-UK,1.9686408040611e-08,4.341054736504693e-09,2.85240125733266e-08,5.259934870724211e-10,3.746166226867835e-10,3.1077765492798197e-10,2.7009539338853304e-10,2.3522011062853217e-10,2.11263773450087e-10,2.1821930066799537e-10,2.258514486259997e-10,2.3734357146404693e-10,2.4908340627659e-10,2.6250298229244454e-10,2.9118749881909063e-10,3.2370310438696167e-10,3.633502696698703e-10,4.0732599376535365e-10,4.679660806862587e-10,5.416969557079434e-10,6.334800268581481e-10,7.48991369917569e-10,9.003339328823926e-10,1.108947680862596e-09,1.4059894821300924e-09,1.7888633559062158e-09,2.309166756600796e-09,3.141896494616071e-09,4.5745730849427064e-09,8.347302948505283e-09
natural_gas_pipeline,power,IT-AT,3.5290238265628565e-11,3.6785590959272655e-11,3.987852116740118e-11,4.244024377499051e-11,4.5089157691167816e-11,4.794564051373002e-11,5.1052613265383035e-11,5.43754193977545e-11,5.82613357435431e-11,6.299861595684869e-11,6.882653597656316e-11,7.46624418038571e-11,8.111570489868342e-11,8.842005634847927e-11,9.726224451177071e-11,1.076557877425971e-10,1.198700532857672e-10,1.3196925154777846e-10,1.4612496338334973e-10,1.6218201394408816e-10,1.8135397150418028e-10,2.0192003147116118e-10,2.3077551598437128e-10,2.6895702987175813e-10,3.1954056850903525e-10,3.9163247832148935e-10,5.013944461147954e-10,6.884340162145767e-10,1.0716656956112871e-09,2.2030355439149522e-09
natural_gas_pipeline,power,IT-CH,3.3734700797576176e-11,3.5090761849615197e-11,3.693532908829529e-11,3.8772671564681213e-11,3.949889211453554e-11,4.109942969890702e-11,4.436448150509203e-11,4.7619794634414246e-11,5.112642759129067e-11,5.5002236465319276e-11,5.929710716016684e-11,6.408301519151722e-11,6.94726799685718e-11,7.588566985137682e-11,8.432585655511982e-11,9.473667114454301e-11,1.0616206102395856e-10,1.1797038604233703e-10,1.312782311334233e-10,1.4718959013689696e-10,1.663900751827971e-10,1.8869938015739707e-10,2.1485382446432375e-10,2.482995102641274e-10,2.93729921778732e-10,3.588402598931166e-10,4.6067366170477084e-10,6.357383130508926e-10,9.954391774247912e-10,2.06070431729781e-09
natural_gas_pipeline,power,IT-EL,2.8512428390960446e-09,6.082400663139976e-10,4.947986928659266e-10,4.400437698041254e-10,3.767255752206939e-10,3.459561298402336e-10,3.336873920060206e-10,3.305919181361454e-10,3.3387669437419563e-10,3.418737475876346e-10,3.5351650674244053e-10,3.696366414945399e-10,3.8746610391326544e-10,4.085325934771784e-10,4.31467533012583e-10,4.5920899054215564e-10,4.91731871504408e-10,5.293286625592895e-10,5.760045107063404e-10,6.324021369688169e-10,7.006422770656549e-10,7.953756226509783e-10,8.203265045440753e-10,8.651631473434686e-10,9.348629976042624e-10,1.0395267263844694e-09,1.2020962629760897e-09,1.4747943100972719e-09,2.0089693509889103e-09,3.5401627509828183e-09
natural_gas_pipeline,power,IT-FR,3.4339955541850547e-09,5.713547887421244e-10,4.346563416072542e-10,3.947488113287585e-10,3.656626131436511e-10,3.504843525799924e-10,3.544826278018545e-10,3.661584045716157e-10,3.858355193702342e-10,4.145550918781261e-10,4.4828395079475435e-10,4.76762701733632e-10,5.225629440356101e-10,5.763981320402843e-10,5.920150596037359e-10,6.177908075135301e-10,6.589926524324938e-10,7.145783336949422e-10,7.945982782429496e-10,9.143811613082553e-10,1.1123008781728397e-09,1.4910546416664183e-09,1.3795625844255284e-09,1.3584145671637531e-09,1.4015969663823448e-09,1.5062021307162952e-09,1.692978607417162e-09,2.0204190104559406e-09,2.6775440980871195e-09,4.623322612897342e-09
natural_gas_pipeline,power,IT-SI,5.3912181108463344e-11,5.3126033380369265e-11,6.00940067846839e-11,6.039596071864843e-11,6.417007143649359e-11,6.859469321830445e-11,7.364244757452356e-11,7.918516773277115e-11,8.538418937817858e-11,9.228441971202716e-11,1.0069345604097586e-10,1.1097695270405231e-10,1.2125820442892497e-10,1.3189712766534493e-10,1.4388948805028443e-10,1.582796439951699e-10,1.750157897177438e-10,1.894070467684092e-10,2.0790148159959572e-10,2.2900076460497156e-10,2.5626024500266896e-10,2.900123459443697e-10,3.3243048419054943e-10,3.875712811975388e-10,4.614475412021243e-10,5.658501906384795e-10,7.234159840262659e-10,9.85869614666389e-10,1.5093715463512689e-09,3.06668465925135e-09
natural_gas_pipeline,power,LT-LV,1.4351796288546648e-10,1.1739112341908238e-10,1.2391843559883294e-10,1.330362166085784e-10,1.4172918325536987e-10,1.5144172349342863e-10,1.6169807214791783e-10,1.7303245226006663e-10,1.8579896124103338e-10,2.0060127747783142e-10,2.1825822468774292e-10,2.295866080948215e-10,2.502386952276747e-10,2.731553931688291e-10,2.9847167262856316e-10,3.2729677248871244e-10,3.6127696223471147e-10,4.0356912276034957e-10,4.4138596509894443e-10,4.898890700487752e-10,5.505716769310604e-10,6.254824285597777e-10,7.22391337349613e-10,8.465461125710122e-10,1.0122385406786441e-09,1.2451376303890438e-09,1.5958223983305836e-09,2.1822242850201326e-09,3.356182510111473e-09,6.855238485470529e-09
natural_gas_pipeline,power,LT-PL,4.729435823317404e-11,4.263011917785408e-11,4.5667199148957703e-11,4.9507229591074045e-11,5.277560850243798e-11,5.630312078696298e-11,6.007639140282574e-11,6.397838223961471e-11,6.810104954892396e-11,7.283211981275162e-11,7.825578503500291e-11,8.425203595642062e-11,9.11710443656172e-11,9.911081783724469e-11,1.081753495950222e-10,1.1844306637099123e-10,1.3037615779777563e-10,1.444799117450462e-10,1.6122275715230013e-10,1.8111765983860921e-10,2.0517303703374203e-10,2.3487508233585126e-10,2.716838307817315e-10,3.189924878018065e-10,3.8190246894009557e-10,4.698709415208929e-10,6.019968736730075e-10,8.225157616403441e-10,1.2639431800088386e-09,2.583204239481016e-09
natural_gas_pipeline,power,LT-SE,3.5120859358108833e-09,4.897561605081681e-10,3.303227986365977e-10,3.35382456513463e-10,3.2741894460602033e-10,3.248521976379457e-10,3.232882558783217e-10,3.2539768616123963e-10,3.318360310206965e-10,3.4842767858982933e-10,3.6880777990238207e-10,3.8430395143857547e-10,4.044725899041857e-10,4.275586622175078e-10,4.527927865436786e-10,4.824073472598957e-10,5.194091378656518e-10,5.565953706169069e-10,5.767547836878862e-10,6.33528921775521e-10,6.988939038328641e-10,7.694311029691841e-10,8.20520589445568e-10,8.84365109970455e-10,9.768437330308e-10,1.1033862434552997e-09,1.2972687068298562e-09,1.631300332449453e-09,2.2910606999701404e-09,4.051907703182363e-09
natural_gas_pipeline,power,LU-BE,2.0371577908947e-08,4.383485412615563e-09,3.6510934731174762e-09,3.243512061410748e-09,2.764039316382112e-09,2.523912544485777e-09,2.4126568183784507e-09,2.3709708365244106e-09,2.372941704553967e-09,2.4053280721193028e-09,2.4609203419082793e-09,2.5422529252404966e-09,2.633772011977141e-09,2.7426323021433147e-09,2.8655117698398274e-09,3.0071661524949695e-09,3.164366171018303e-09,3.3434012555918123e-09,3.5512604159128905e-09,3.791682007382133e-09,4.078040530628043e-09,4.424246427877753e-09,4.897506883722533e-09,5.516944969551324e-09,6.3777860525575975e-09,7.666075991187484e-09,8.950026482717524e-09,1.073868253988968e-08,1.4111348707260062e-08,2.3915216275760578e-08
natural_gas_pipeline,power,LU-DE,8.990090923327692e-09,2.3904215586103395e-09,2.29938606497287e-09,2.093987610979785e-09,1.571435952448771e-09,1.355656642800102e-09,1.2932794853980604e-09,1.2716643789214365e-09,1.2733773939361445e-09,1.2895868853867057e-09,1.3879346299511524e-09,1.4959661049372936e-09,1.5669894848609223e-09,1.6445954091172865e-09,1.6905846028190249e-09,1.7327726217090772e-09,1.7398077274084982e-09,1.6937278796066621e-09,1.758666250126593e-09,1.757890562107693e-09,1.7371655662498886e-09,1.683958567977594e-09,1.8519905178620762e-09,2.1330479111572093e-09,2.495226923571168e-09,3.0367592059697744e-09,3.5803005391753775e-09,4.270419928839693e-09,5.787606077039809e-09,9.87440711345164e-09
natural_gas_pipeline,power,LU-FR,8.487459101568316e-09,1.5811405766040727e-09,1.2324862785278341e-09,1.0449579443266952e-09,9.358545533458612e-10,8.761879067276661e-10,8.48535648214117e-10,8.38395669572881e-10,8.349489116848327e-10,8.347182901216752e-10,8.241135338522932e-10,8.189279780152946e-10,8.144245445926256e-10,8.115063804246177e-10,7.915403808116519e-10,7.657782273546342e-10,7.503330026580435e-10,8.419836883842335e-10,9.575362710158383e-10,1.1066593702126647e-09,1.3125223878914488e-09,1.578132520279582e-09,1.7172132403959888e-09,1.899520321378112e-09,2.1536334368765765e-09,2.5323401283671863e-09,2.9608795529695317e-09,3.631422160247996e-09,5.005985743606516e-09,9.669699561176625e-09
natural_gas_pipeline,power,LV-EE,1.000722162652932e-10,9.321237826821052e-11,1.0090428528008614e-10,1.0753793756092908e-10,1.1319521345780815e-10,1.1997069569823675e-10,1.2809378411988203e-10,1.3733633007130716e-10,1.477139094239096e-10,1.5923990399287953e-10,1.7222161232769326e-10,1.8686341147789238e-10,2.0313989993580474e-10,2.2147259988812596e-10,2.4195466895662736e-10,2.6541622641228613e-10,2.921025559946191e-10,3.224343030234078e-10,3.58062122982931e-10,3.9928443307896763e-10,4.4892411528927164e-10,5.097863984459326e-10,5.878698892398608e-10,6.879528004406812e-10,8.21779192692376e-10,1.0104532155710912e-09,1.2949059256354596e-09,1.7708861839531675e-09,2.723838596247753e-09,5.565429013733334e-09
natural_gas_pipeline,power,LV-LT,1.4942790481693298e-10,1.177702377045912e-10,1.252229830202509e-10,1.3555385838641076e-10,1.4305877768575385e-10,1.5176224711260385e-10,1.616928953234041e-10,1.727430103033647e-10,1.8532567325876753e-10,1.999562334360224e-10,2.1742125028256867e-10,2.2885960202743855e-10,2.4903763252193347e-10,2.7100421712294814e-10,2.958207172189057e-10,3.240402268197193e-10,3.5671574914202746e-10,3.961339485761384e-10,4.458919367554117e-10,4.920651703430936e-10,5.537384015215786e-10,6.320878877279867e-10,7.288783078735711e-10,8.528649176327504e-10,1.0186030671130334e-09,1.2500798576981078e-09,1.5972264133132076e-09,2.1811206483815527e-09,3.352874325114532e-09,6.849293205062231e-09
natural_gas_pipeline,power,NL-BE,1.0288229449081755e-10,1.0780302834884703e-10,1.1479159759369651e-10,1.2205198810932463e-10,1.3020929115517722e-10,1.3929280251703958e-10,1.487912226436069e-10,1.5888493073645215e-10,1.7003390468124182e-10,1.8307357272860275e-10,1.980393595627756e-10,2.1132929578374722e-10,2.2901875910879887e-10,2.4826055447817086e-10,2.718840605257984e-10,3.018029055753512e-10,3.357358099339381e-10,3.745376902657062e-10,4.171451920878624e-10,4.656398364343029e-10,5.245533834135771e-10,5.971092102904788e-10,6.887036882240147e-10,8.017912402264648e-10,9.456665034499497e-10,1.1455562845793417e-09,1.447215615227686e-09,1.9748811134920417e-09,3.0524362387236165e-09,6.262301139344907e-09
natural_gas_pipeline,power,NL-DE,5.1593258515587653e-11,5.410744279526296e-11,5.846274706763467e-11,6.221667080246148e-11,6.564592035965482e-11,6.897651637913103e-11,7.223590496634006e-11,7.578139456895694e-11,8.006179150971737e-11,8.517840959465706e-11,9.05561320227772e-11,9.499566315937249e-11,1.0220074579571273e-10,1.104027559606879e-10,1.2001747411339761e-10,1.3252327584468973e-10,1.469286660826879e-10,1.635272562614668e-10,1.8327631504935522e-10,2.060601047631159e-10,2.3387464606143677e-10,2.6818912219581514e-10,3.1121130866200935e-10,3.653034947906612e-10,4.380798700204101e-10,5.42308925168163e-10,7.065087242667038e-10,9.795413261558734e-10,1.5242750523346115e-09,3.1324582118516337e-09
natural_gas_pipeline,power,NL-DK,5.4844957288982285e-09,1.1294110916927327e-09,9.123171393426657e-10,8.122936471184363e-10,7.092543692687786e-10,6.635327334579463e-10,6.447609213339128e-10,6.422460983734609e-10,6.474340474676545e-10,6.590207457634037e-10,6.760185442727105e-10,6.998465057571129e-10,7.261481313552152e-10,7.561151691365379e-10,7.901885876507457e-10,8.448720927288914e-10,9.11958842386936e-10,9.525857492846581e-10,9.595384797313562e-10,1.0467247608601967e-09,1.1786011032143184e-09,1.2640811989629273e-09,1.3695518574873166e-09,1.4946001975431853e-09,1.6614885479575837e-09,1.8872513339816016e-09,2.2192522079957107e-09,2.7636371881174456e-09,3.785123870663138e-09,6.771477223839744e-09
natural_gas_pipeline,power,NL-NO,1.8451527083071102e-09,3.591174298630121e-10,2.766701187384726e-10,2.566693284389981e-10,2.2612825607255579e-10,2.1075110918487296e-10,2.0460421200385065e-10,2.0377627946713135e-10,2.0591894243848903e-10,2.1067061359251828e-10,2.1742933402454e-10,2.267081841885925e-10,2.3669293882648073e-10,2.4867832247325636e-10,2.6199463550622307e-10,2.7779516655486865e-10,2.926939082297086e-10,3.1028966120179903e-10,3.3150043875476793e-10,3.574073738938667e-10,3.900363105590491e-10,4.3042930268755274e-10,4.6315067118726586e-10,4.967280543397282e-10,5.45171551642615e-10,6.140783182693193e-10,7.170465011763954e-10,8.858507841784735e-10,1.2070834824541184e-09,2.141573236921003e-09
natural_gas_pipeline,power,NL-UK,3.066602521838691e-11,3.210090395074168e-11,3.422443762638211e-11,3.649242099301034e-11,3.866079441203343e-11,4.092749832820968e-11,4.301407591929518e-11,4.473630002264831e-11,4.6521942378736593e-11,4.9022548101829604e-11,5.2965044609200925e-11,5.677764822733531e-11,6.13316125607262e-11,6.720241107139252e-11,7.436072278138865e-11,8.230194371980193e-11,9.127168180133641e-11,1.0175847005021149e-10,1.1300229486350073e-10,1.2612866490096167e-10,1.4228990327101273e-10,1.6221292641593252e-10,1.8790717796767915e-10,2.202568384220347e-10,2.6751513315968926e-10,3.3320701703496933e-10,4.3083900084916855e-10,5.943630766816323e-10,9.167909377426586e-10,1.8747718574484135e-09
natural_gas_pipeline,power,NO-BE,1.0572163485984388e-11,1.1034631202433188e-11,1.1764778089257246e-11,1.2560884329683521e-11,1.3242950867218126e-11,1.3837379558494572e-11,1.4355267114491443e-11,1.496378166752564e-11,1.575228322754643e-11,1.674659726329857e-11,1.7980352802867805e-11,1.8969785232628274e-11,2.0566708553308452e-11,2.238986944989235e-11,2.4550475959881532e-11,2.706832133083463e-11,2.995183347578266e-11,3.322151244436301e-11,3.728413364439766e-11,4.199344225344466e-11,4.7475988871556175e-11,5.408111850608215e-11,6.225252349403621e-11,7.269312232627965e-11,8.683431492652536e-11,1.0691113909878166e-10,1.3708666520305766e-10,1.8858488777399581e-10,2.9218611855058154e-10,6.024139182971431e-10
natural_gas_pipeline,power,NO-DE,1.3333577999153502e-11,1.4330615963621046e-11,1.5442110717311256e-11,1.610128097918449e-11,1.5661824340565348e-11,1.5114043866270442e-11,1.5176075191781304e-11,1.5679984742969615e-11,1.6539817602541835e-11,1.7751830957884778e-11,1.9413907160158427e-11,2.1123251574454443e-11,2.3135824599767753e-11,2.5182595773778752e-11,2.7352251858911418e-11,2.961031606956774e-11,3.243372748724081e-11,3.565222910207997e-11,3.940808350392327e-11,4.385862348700246e-11,4.925819456191932e-11,5.610984594579899e-11,6.486955855943194e-11,7.708557975079917e-11,9.334888197668142e-11,1.1608580632058112e-10,1.5031425135967005e-10,2.0802710827215919e-10,3.233783164999314e-10,6.661751059537081e-10
natural_gas_pipeline,power,NO-DK,1.708355689522001e-11,1.7955990917814877e-11,1.923040835887657e-11,2.023145321247183e-11,2.1510540857447785e-11,2.2784648239838607e-11,2.4058607710684524e-11,2.5312698575381e-11,2.6691939447641818e-11,2.835032300341951e-11,3.027567956922539e-11,3.240523246437176e-11,3.4803332040411556e-11,3.7683417675568456e-11,4.121315118194e-11,4.5364061906545203e-11,5.0319379666718816e-11,5.621713355744395e-11,6.324995412975747e-11,7.159264635425147e-11,8.132282616211685e-11,9.321929442112947e-11,1.0781882988119309e-10,1.263855515847628e-10,1.517596144821913e-10,1.868982138921639e-10,2.3845450171559216e-10,3.2533814331668367e-10,5.003578635480329e-10,1.0248784686141862e-09
natural_gas_pipeline,power,NO-FI,9.229775847245528e-09,3.443807080186709e-09,8.322209084151467,1.3323705635662995e-09,1.1387260836126619e-09,8.72138349039739e-10,6.895712800199136e-10,5.911711133750689e-10,5.380493502270768e-10,4.881322907160908e-10,4.465380054139862e-10,4.0045593024277704e-10,3.6684561526507317e-10,3.410696880756061e-10,3.164859452480264e-10,2.976878876850254e-10,2.8410072015321555e-10,2.766441552294423e-10,2.8828826189816376e-10,2.808314102903861e-10,2.8852222317553574e-10,3.0032608655130255e-10,3.3612823722369336e-10,3.8030356380092486e-10,4.331258103566487e-10,4.990271240117905e-10,6.415296576024556e-10,8.777757446312836e-10,1.3517279600893184e-09,2.763269265837667e-09
natural_gas_pipeline,power,NO-FR,8.234656769540334e-12,7.879294930072067e-12,9.078036476569305e-12,9.700797045225057e-12,1.015084823795927e-11,1.0465324843508142e-11,1.0838232579524351e-11,1.1331523611374924e-11,1.1975809377296617e-11,1.2799861825932566e-11,1.3847692921194376e-11,1.4748628643007903e-11,1.6211257426538614e-11,1.7861746958067886e-11,1.9628442943368838e-11,2.1567879736649733e-11,2.3725002167081593e-11,2.6159805634302774e-11,2.8970774960390837e-11,3.2270158788547306e-11,3.622577580810674e-11,4.116261395139586e-11,4.737966840249439e-11,5.559100196636829e-11,6.683629988764675e-11,8.283247037329198e-11,1.0707176402152095e-10,1.4922053853779196e-10,2.330639164224305e-10,4.811542635183719e-10
natural_gas_pipeline,power,NO-NL,1.216304245756532e-11,1.250451981362015e-11,1.1429525094514713e-11,1.2379589880772044e-11,1.3682677393428993e-11,1.4766514923970627e-11,1.5720068643052366e-11,1.6596126033598654e-11,1.7486168019949186e-11,1.846588985112413e-11,1.963294609512274e-11,2.1114578423986117e-11,2.27702595307694e-11,2.4691582315309426e-11,2.6924802304263437e-11,2.9557268371206915e-11,3.288463488361945e-11,3.676036862028262e-11,4.114880222210309e-11,4.61840528525771e-11,5.207131380903908e-11,5.934469593139462e-11,6.846608290886033e-11,8.009241893486186e-11,9.567334650778074e-11,1.1817450872995655e-10,1.527877085674402e-10,2.1124134269405132e-10,3.3076082100356627e-10,6.890946477937736e-10
natural_gas_pipeline,power,NO-SE,7.417351513951261,6.49808678318151e-09,5.2252460181336875e-08,1.1689820292576366e-08,0.3889320240430914,0.4543021165080394,3.6090367845100715e-09,9.622147276643214e-10,7.744986985122604e-10,1.041592050034267e-09,1.5364514872282764e-09,1.6330295308943124e-09,3.3289322860978198e-09,3.17330780424575e-08,1.2738217454816223,0.05936639327013298,0.21074387853606527,3.8311499015248904e-09,1.5083941581608151e-09,1.367574308980772e-09,1.5420069411738617e-09,1.1365033686651396e-09,1.3367342709040133e-09,1.5890814957153696e-09,1.9095620065796473e-09,2.3221362266545598e-09,2.990609278632012e-09,4.2056097774063485e-09,6.529064076629951e-09,1.2451996411241878e-08
natural_gas_pipeline,power,NO-UK,1.0236124040969086e-11,1.1831420349787402e-11,1.265795523582622e-11,1.3492874235059994e-11,1.437083417579983e-11,1.5265684068588374e-11,1.602587926103097e-11,1.6488671083240957e-11,1.682487875302821e-11,1.7294917684928696e-11,1.7952964748142218e-11,1.884265970909294e-11,2.0012229287165344e-11,2.1554379808828028e-11,2.3532853002901007e-11,2.6131760189205777e-11,2.945938251951219e-11,3.327296244267772e-11,3.7601013243155804e-11,4.252345840485915e-11,4.8199797820917464e-11,5.499414432399263e-11,6.334683865323036e-11,7.425221926229457e-11,8.884915154186311e-11,1.0955251491162447e-10,1.4192184009594953e-10,1.9830965090249934e-10,3.1053321068492477e-10,6.429307652073415e-10
natural_gas_pipeline,power,PL-CZ,9.472868913605799e-09,1.6722522733460662e-09,1.2726184499262544e-09,8.357350871221585e-10,8.822918632931841e-10,9.379294145766873e-10,1.0355657404424358e-09,1.1404193901611402e-09,1.2950263702325784e-09,1.542977422743788e-09,2.0331201606246636e-09,2.0634806351047703e-09,1.994186688733012e-09,1.9195046564096953e-09,2.077764861831913e-09,2.0922657776584275e-09,3.1192549533730745e-09,3.2131906051355193e-09,8.089698809379548e-10,1.0103138623739987e-09,1.1968341461211218e-09,1.3700512600169329e-09,1.5729126694597446e-09,1.8135525814579858e-09,2.1078527948658727e-09,2.4844433332597495e-09,3.0018837785557748e-09,3.795157001236045e-09,5.252540154035224e-09,9.289266011123458e-09
natural_gas_pipeline,power,PL-DE,2.8996021503901653e-11,3.041815431399214e-11,3.231274463934069e-11,3.3500440327809334e-11,3.4161988013745414e-11,3.630620898592033e-11,3.9157129395118265e-11,4.219647747681417e-11,4.593051262541906e-11,4.9686323118708007e-11,5.367452951477823e-11,5.671575045422951e-11,6.135195137658726e-11,6.610479568644815e-11,7.200997912768428e-11,7.886457714939706e-11,8.656324549116334e-11,9.512826060390406e-11,1.0485567269089198e-10,1.1605107170551773e-10,1.2920682980633164e-10,1.4574202281197698e-10,1.6646371722562598e-10,1.9345075828701076e-10,2.3286268845754323e-10,2.9042814949206026e-10,3.77984449119576e-10,5.256558960772605e-10,8.241225745877467e-10,1.7231070060999352e-09
natural_gas_pipeline,power,PL-LT,4.104675625589147e-11,4.248938264647995e-11,4.57353208982186e-11,4.914025206491322e-11,5.2273611778036896e-11,5.568021637146027e-11,5.95040092206362e-11,6.372748681309766e-11,6.840191590178335e-11,7.35945199434523e-11,7.935337240001994e-11,8.566456314749134e-11,9.316781662909053e-11,1.0205653106074675e-10,1.1230144743835126e-10,1.239603768608259e-10,1.3737549103363472e-10,1.5283236539976012e-10,1.6827919189307756e-10,1.8894012169650472e-10,2.1312871694654564e-10,2.358467300242733e-10,2.719080389641888e-10,3.18285394233905e-10,3.789780280931853e-10,4.670984195565668e-10,5.99510542890864e-10,8.206359082778538e-10,1.263106860417193e-09,2.583348326231867e-09
natural_gas_pipeline,power,PL-SE,2.5975261656465033e-09,4.067630243409009e-10,2.8530585106318087e-10,2.789170538580111e-10,2.653144598288985e-10,2.5928130562030076e-10,2.566337463527108e-10,2.5820928425023346e-10,2.6402720628892485e-10,2.78375301655377e-10,2.9686894582127184e-10,3.1034607985325256e-10,3.287477467705341e-10,3.50979014784724e-10,3.759637004212206e-10,4.0610977947293396e-10,4.4424061101516623e-10,4.792139755952641e-10,4.803934772598092e-10,5.416243100888351e-10,5.999863338833215e-10,6.436419605567725e-10,6.763012239626363e-10,7.180764718974624e-10,7.810908517713946e-10,8.713230242968799e-10,1.0112506184464184e-09,1.2493432256783038e-09,1.6993156694471367e-09,3.0289876530931132e-09
natural_gas_pipeline,power,PL-SK,8.924042622891699e-09,2.6902964405802217e-09,4.4369731845820946e-09,7.323855413096173e-10,8.544764172332197e-10,9.92965451317716e-10,1.1806665551773726e-09,1.3794047194840675e-09,1.683402367526623e-09,2.230824299527328e-09,3.882293343295368e-09,1.9702216097469536e-09,1.1381578205120103e-09,7.728396087624647e-10,6.213770069723886e-10,6.669354685510708e-10,8.05906527824751e-10,9.47167223471132e-10,6.831800949645154e-10,8.07636957297847e-10,9.38459297570869e-10,1.0821600250820856e-09,1.2552745109095562e-09,1.4660560857301065e-09,1.7307108981587286e-09,2.0781493574050525e-09,2.5589043848739893e-09,3.3054699715956796e-09,4.641007734365231e-09,8.549329836296925e-09
natural_gas_pipeline,power,PT-ES,5.1964266770178783e-11,5.391029816644764e-11,5.7417873633460704e-11,6.100485859887343e-11,6.433690489921742e-11,6.825220452679763e-11,7.26578950083154e-11,7.758480246611795e-11,8.334985978230067e-11,8.991938487983629e-11,9.753641971278576e-11,1.0592632931804992e-10,1.1534876380034947e-10,1.257865335560056e-10,1.3742679852546724e-10,1.505477739640791e-10,1.655335236192503e-10,1.8275786310098108e-10,2.0290222830299162e-10,2.2707204390835758e-10,2.561997543745324e-10,2.921893923693236e-10,3.3769582576752196e-10,3.965551291745963e-10,4.751344811946704e-10,5.852215435014733e-10,7.506027784075969e-10,1.0268142200893445e-09,1.5789762013368342e-09,3.227217917071398e-09
natural_gas_pipeline,power,RO-BG,5.5014916594685804e-11,5.7779414260521275e-11,6.161656195459343e-11,6.558851048622008e-11,6.854913003777877e-11,7.07848780066898e-11,7.387306520584026e-11,7.858797110259638e-11,8.575789810808395e-11,9.339686470255237e-11,1.0140184339199204e-10,1.1089752527211165e-10,1.2032548392203227e-10,1.304435905435414e-10,1.4231752533803937e-10,1.557864639926334e-10,1.709993251214836e-10,1.8803933724033922e-10,2.0884697806624647e-10,2.3429567632428077e-10,2.686617719929374e-10,3.1086468777064434e-10,3.6178343890218077e-10,4.2336759930041615e-10,5.066780961987452e-10,6.219807349409091e-10,7.930876368548559e-10,1.076713186238527e-09,1.6455492050373435e-09,3.340039620102039e-09
natural_gas_pipeline,power,RO-HU,3.3352352587603244e-10,6.429654592518837e-10,2.3483823412688722,3.5929952493782874e-10,6.552047270345957e-10,7.806436692553082e-10,1.5949864031512002e-09,0.1543545023905537,0.027645075032606985,0.06914571157163704,0.1603301929609659,7.874687837289182e-09,0.08163074729699286,1.9096098882929293e-09,3.9834199315007465e-10,2.3299877131693546e-10,1.9136343714738253e-10,1.7304919343798519e-10,1.7003785264919574e-10,1.7672173382410854e-10,1.9815135378820886e-10,2.2168033068954006e-10,2.5737351710077794e-10,3.035313384643159e-10,3.651526198342142e-10,4.5158085747703907e-10,5.819145867321172e-10,8.010109052220956e-10,1.2417103301582101e-09,2.5542938238720274e-09
natural_gas_pipeline,power,SE-DE,2.606802551509476e-09,7.389442750241405e-10,1.0240017856975901e-09,5.285346245129824e-10,4.1510146296253727e-10,3.677757975211172e-10,3.6978245976015127e-10,3.721297061406902e-10,3.7580321881177134e-10,3.378832294111423e-10,3.152811863316706e-10,3.0708062045350716e-10,2.978728928237061e-10,2.8556731946184553e-10,2.8741428667056704e-10,2.8738924878396855e-10,3.0365178066521694e-10,3.2290594375586256e-10,3.4289973013887945e-10,3.54051494946518e-10,3.56350974987844e-10,3.7230531443132764e-10,4.198016416619895e-10,4.795655283385167e-10,5.523338671002993e-10,6.477615382151333e-10,7.806413111512858e-10,9.828642119444617e-10,1.3638249754087164e-09,2.3791619257549645e-09
natural_gas_pipeline,power,SE-DK,2.1126177210410132e-11,2.2264429816051983e-11,2.398196054317549e-11,2.5286692413311056e-11,2.557529292879944e-11,2.5965129024245272e-11,2.7302824631628395e-11,2.943932752457239e-11,3.163578472105774e-11,3.401471418568818e-11,3.662672484112295e-11,3.9311781611047474e-11,4.25440517166841e-11,4.618851719872385e-11,5.038805085667815e-11,5.528426865216336e-11,6.109546799832741e-11,6.777778849773793e-11,7.560182155779613e-11,8.482195964655076e-11,9.575384092406181e-11,1.0885693798909011e-10,1.2660983582857672e-10,1.504941732628095e-10,1.8242607407185408e-10,2.2700932365988988e-10,2.929941535576574e-10,4.042124483134823e-10,6.253668451593383e-10,1.2855127317825796e-09
natural_gas_pipeline,power,SE-FI,6.418769992207594e-09,2.156010591644708e-09,4.398346515958687e-09,1.338773896400658e-09,1.0738044785089642e-09,8.995502806281294e-10,1.0559795458165288e-09,1.4042260144699447e-09,2.2151806340324355e-09,1.4867112154134082e-09,1.1323786577166171e-09,8.876373821130874e-10,7.568924499652231e-10,6.666205693367953e-10,6.465468769957881e-10,6.391974512009852e-10,6.40557003152066e-10,6.919488953177457e-10,8.151197882396526e-10,8.335734068313181e-10,8.704882206136848e-10,9.965620490129278e-10,1.0876475193411955e-09,1.1888138369140798e-09,1.3033226799982869e-09,1.4372930813049314e-09,1.7698923857952516e-09,2.2610561197450982e-09,3.138139809270557e-09,5.831689105780458e-09
natural_gas_pipeline,power,SE-LT,3.5829403689165814e-09,1.3197702101370148e-09,8.562511652634818e-09,1.7242049820264806e-09,7.341563842862025e-10,5.125539154263777e-10,4.753302413824985e-10,4.5434896764772783e-10,4.308894518696021e-10,3.248945751331284e-10,2.6571050313351945e-10,2.555965051140757e-10,2.5211228639390916e-10,2.4739524712330543e-10,2.477618667031433e-10,2.491106672256888e-10,2.5053029726249524e-10,2.602157753911866e-10,2.82368868627621e-10,2.8195371095716504e-10,2.884854702629268e-10,3.0462763270565485e-10,3.5532076935246263e-10,4.208868600777726e-10,5.051677255106384e-10,6.210477756949038e-10,7.859702888425371e-10,1.0377752526105277e-09,1.4936298471500256e-09,2.830197346151382e-09
natural_gas_pipeline,power,SE-NO,1.0582780563764356e-08,2.384341875143952e-09,1.941689696564415e-09,1.6591527683594375e-09,1.4320575781805448e-09,1.3265396393248112e-09,1.3129612716185109e-09,1.333867251019383e-09,1.3738939960148677e-09,1.3610111168699102e-09,1.369316751438442e-09,1.3854653906460166e-09,1.416714983464316e-09,1.453224430139785e-09,1.5234403957960328e-09,1.6055083215239179e-09,1.6891944628207877e-09,1.7934013666291407e-09,1.918532198395576e-09,2.053186025054434e-09,2.202568076011072e-09,2.4175836972072995e-09,2.601723727056001e-09,2.841640693417167e-09,3.160752267906484e-09,3.604467676748928e-09,4.256804184003869e-09,5.302908261762087e-09,7.279348251044366e-09,1.2789072787987914e-08
natural_gas_pipeline,power,SE-PL,2.800065506536217e-09,9.612912578584355e-10,2.941045223286379e-09,1.3486717833931984e-09,5.955073321112243e-10,4.1953796901800823e-10,3.638884857922631e-10,3.2407088054038954e-10,2.918922297688929e-10,2.3332504812182783e-10,1.9647279899805423e-10,1.9312176178920886e-10,1.9271652383632527e-10,1.9084937582518072e-10,1.9243335078792754e-10,1.9491093263251379e-10,1.9756244747311423e-10,2.085596574834466e-10,2.3744910510225305e-10,2.422076211429271e-10,2.6582102102458025e-10,2.991865761351952e-10,3.4809846126682735e-10,4.096569647432804e-10,4.875695173177822e-10,5.91394178258456e-10,7.375373859091258e-10,9.629966173215399e-10,1.382269239265311e-09,2.5106895355380386e-09
natural_gas_pipeline,power,SI-AT,1.515353599483661e-08,3.211024529248598e-09,2.596649973641871e-09,2.377061253984581e-09,2.097748205094429e-09,1.9762137208562384e-09,1.9528618064483874e-09,1.9926581711550774e-09,2.093092472052721e-09,2.2585677318578787e-09,2.5072224999675517e-09,2.7515870160895607e-09,3.303527679437287e-09,4.330620180742956e-09,4.64402458269238e-09,5.086439485042552e-09,5.21777274664034e-09,6.0934968949373915e-09,7.433836621353763e-09,1.0879489234916966e-08,1.4680478895605995e-08,0.006144568328174038,8.951493471289053e-09,6.9923471970915855e-09,5.761709711035546e-09,4.865476376907371e-09,4.191943959435669e-09,3.8449984281506985e-09,5.0242236582433e-09,6.927123893889628e-09
natural_gas_pipeline,power,SI-HR,1.2123816484544904e-10,1.0759353609097706e-10,1.1495227161655895e-10,1.2264707781830897e-10,1.2985821543641823e-10,1.382570954326292e-10,1.4769975035343126e-10,1.581194883428678e-10,1.6972524384105173e-10,1.8253172925321498e-10,1.9680500690059805e-10,2.128588384959764e-10,2.3049634543000522e-10,2.5042298251274814e-10,2.728884902881235e-10,2.986036102307192e-10,3.2839659716027073e-10,3.6223596052032884e-10,4.0186424866357826e-10,4.4935468408665983e-10,5.066846520721184e-10,5.770662411271996e-10,6.653347081019624e-10,7.79051268795698e-10,9.307776742374669e-10,1.1426333940775916e-09,1.4622309857611753e-09,1.9957374505693252e-09,3.0623335606886236e-09,6.241367303352665e-09
natural_gas_pipeline,power,SI-HU,7.452239536230506e-09,1.8673684144842033e-09,1.8104473995806356e-09,1.880237216503435e-09,1.712235139617504e-09,1.2829111396728283e-09,1.0867879046061224e-09,9.73268709017054e-10,8.917110515899416e-10,8.271862719386161e-10,7.724489472309759e-10,7.573743486813641e-10,8.206014730857058e-10,8.85912309510427e-10,9.362860810266509e-10,1.0017817709540784e-09,1.1180120021366416e-09,1.1741679946311148e-09,1.285968206340808e-09,1.439307650818095e-09,1.6614756516702077e-09,1.960326421780455e-09,2.0144689890305028e-09,2.1623087338448464e-09,2.3684487812107173e-09,2.677181512147046e-09,3.1358492420189593e-09,3.8657989680579294e-09,5.249055767212497e-09,9.26056435243822e-09
natural_gas_pipeline,power,SI-IT,1.7722016219479867e-10,5.4121214961034985e-11,5.586613322762552e-11,6.099323045110365e-11,6.488874599958833e-11,6.879712326838747e-11,7.268810005038264e-11,7.740972551302606e-11,8.275638412669017e-11,8.868263249080572e-11,9.515577035019713e-11,1.026592328152655e-10,1.1139077150110087e-10,1.213425926952922e-10,1.3264911846557775e-10,1.455088399873626e-10,1.6030497572219784e-10,1.7746691294671399e-10,1.97522756010899e-10,2.2148814595986466e-10,2.501828689247165e-10,2.852968262642207e-10,3.2910322229596377e-10,3.854694372924194e-10,4.606741408329056e-10,5.660912367864631e-10,7.242650000823753e-10,9.875851618677344e-10,1.510608431456392e-09,3.068701250602979e-09
natural_gas_pipeline,power,SK-AT,4.1152664743158444e-11,4.314454423244536e-11,4.6061081700479075e-11,4.8750944829700194e-11,5.0848191116390704e-11,5.2543005566057946e-11,5.452323671074172e-11,5.750035778246057e-11,6.196774300079067e-11,6.760749356912358e-11,7.444079215883604e-11,7.959843784304528e-11,8.85377962032957e-11,9.686988597807283e-11,1.0534652346422223e-10,1.1452096125523321e-10,1.2472386823007537e-10,1.361357799408226e-10,1.5098460727877957e-10,1.688067107356175e-10,1.8932644054058473e-10,2.140043859863565e-10,2.4415288289884995e-10,2.8265092351042384e-10,3.3570897295085934e-10,4.110640218613327e-10,5.286939424846164e-10,7.340831917258325e-10,1.1503632752099616e-09,2.402964452217712e-09
natural_gas_pipeline,power,SK-CZ,5.755874436626338e-11,5.891460054935719e-11,6.217504606060306e-11,6.628441151382546e-11,7.066679296514543e-11,7.581266239161193e-11,8.167907611664821e-11,8.812912984543524e-11,9.480604694195897e-11,1.0208473349587082e-10,1.1038204609572004e-10,1.1943007349773236e-10,1.2967829546989335e-10,1.4097493447663325e-10,1.5324247071461128e-10,1.6683464005721042e-10,1.818183600547387e-10,1.9903562595369646e-10,2.2013527816722987e-10,2.460107443680642e-10,2.769019564251756e-10,3.161351755717082e-10,3.6373368295194394e-10,4.237118156689963e-10,5.022388168432801e-10,6.14166407257197e-10,7.878152552171257e-10,1.0889486651569259e-09,1.7002170640008913e-09,3.5107281597301712e-09
natural_gas_pipeline,power,SK-HU,1.2897593072878807e-10,1.221358049615305e-10,1.3018255856378645e-10,1.3817575905215583e-10,1.4612138057950625e-10,1.5649214357211554e-10,1.6783382951422446e-10,1.8004483761897879e-10,1.9306217920608543e-10,2.072752466012386e-10,2.2297491987045163e-10,2.4027577960134645e-10,2.599840000003768e-10,2.8224609536232e-10,3.0790713332286875e-10,3.3720200814336674e-10,3.714962518442987e-10,4.114814359120181e-10,4.5899992178542905e-10,5.154401017497149e-10,5.83385630802056e-10,6.667318156176489e-10,7.706702262155744e-10,9.041771329588109e-10,1.0819427054419825e-09,1.3314682712601515e-09,1.7059441373759005e-09,2.3318838840538454e-09,3.5822735833404995e-09,7.313418414578339e-09
natural_gas_pipeline,power,SK-PL,8.520951131774618e-09,1.4654998048832201e-09,1.0635592777575556e-09,1.1865970067364198e-09,9.961791263222762e-10,8.96312896123403e-10,8.413878007480263e-10,8.259680228523889e-10,8.339949064202097e-10,8.55857631670186e-10,8.820660539329456e-10,9.578159887233373e-10,1.08348139432671e-09,1.2512845375412286e-09,1.4742616685326395e-09,1.692194028381606e-09,1.6321284920607376e-09,1.810791045949127e-09,2.4768580762436332e-09,1.5953391869901738e-09,1.6439345309525215e-09,1.7797802979671237e-09,1.9162237777728287e-09,2.0876307945654317e-09,2.310066618070985e-09,2.6085569255812087e-09,3.0495678737204293e-09,3.740364316010932e-09,5.10572557082905e-09,8.658649126803826e-09
natural_gas_pipeline,power,UK-BE,4.382280895855212e-11,4.7237800696718726e-11,5.2726175539797754e-11,5.7834618364091624e-11,6.013156514692565e-11,6.386471616753699e-11,7.109367559757124e-11,8.276810078267429e-11,9.639601115829844e-11,9.978271884927354e-11,9.852860588925158e-11,1.0572082305298959e-10,1.1647492167304332e-10,1.2500218540080178e-10,1.2825110737440717e-10,1.3097495912436116e-10,1.3952883159066862e-10,1.496194696068953e-10,1.4846925287617396e-10,1.4874854051811175e-10,1.4844408192864246e-10,1.5259690348881985e-10,1.769033457026194e-10,2.0934733523022972e-10,2.5268987366829406e-10,3.139325012191926e-10,4.051134698920856e-10,5.558615224085274e-10,8.577570850108268e-10,1.7657510802765226e-09
natural_gas_pipeline,power,UK-DE,3.753281926162306e-09,9.285984897236563e-10,9.503707157476818e-10,8.038965619669322e-10,7.497166760510839e-10,7.595924624088017e-10,8.86811259496601e-10,1.2378029320592401e-09,2.4031503232903108e-09,1.408710374284432e-09,1.2013205423202723e-09,1.2364217193557375e-09,1.2591368443876983e-09,1.2570573182333497e-09,9.53964591654019e-10,7.514314064521872e-10,7.486020959142004e-10,7.286111838139668e-10,5.811711630888741e-10,4.760081114380638e-10,3.9950162186082705e-10,3.5598343439199324e-10,4.135817714712999e-10,4.919722247255214e-10,5.910120508482545e-10,7.241434797717181e-10,9.111570988105113e-10,1.188073704140417e-09,1.7132501497882299e-09,3.026875161063895e-09
natural_gas_pipeline,power,UK-DK,3.6803100765649096e-09,7.742110550860121e-10,6.643864581341005e-10,6.129359665319983e-10,5.509092106355817e-10,5.331559022618801e-10,5.437062631548121e-10,5.829544508531852e-10,6.391986802763461e-10,5.87123654860789e-10,5.729926240025502e-10,5.94478331304238e-10,6.151546425117594e-10,6.35482664936548e-10,6.169736119859857e-10,6.480176012715893e-10,7.359752525498267e-10,7.410710719011396e-10,5.881378671798036e-10,6.201360998094088e-10,6.99010554739205e-10,6.631273789713367e-10,7.444074824472919e-10,8.390858490631255e-10,9.56376706933914e-10,1.1092294194998471e-09,1.3260021581207378e-09,1.6676483665010555e-09,2.306644466095868e-09,4.107974874570532e-09
natural_gas_pipeline,power,UK-FR,5.269055245957814e-09,9.989292654458006e-10,9.165951184466099e-10,6.646758451049641e-10,7.271867223397797e-10,8.094563555537799e-10,9.968136625922366e-10,1.5143893320179078e-09,3.1725918732480313e-09,1.36827761328933e-09,8.663817882942911e-10,6.90573359245477e-10,5.947354745819563e-10,5.119183706718063e-10,3.9802742711968767e-10,3.229819589565072e-10,3.0010230054636204e-10,3.4337583798973996e-10,3.72448972954951e-10,4.149169493645846e-10,4.789051102869753e-10,5.539429042710192e-10,6.547678096637595e-10,7.742472787032618e-10,9.224934935629657e-10,1.1147688830228743e-09,1.3799291124666842e-09,1.7869251582806022e-09,2.5463742140329556e-09,4.760255260455699e-09
natural_gas_pipeline,power,UK-IE,5.088465966194029e-11,5.330718025090166e-11,5.7001977618046924e-11,6.074722475310532e-11,6.466341946956097e-11,6.944730828318913e-11,7.483082511282267e-11,8.011947963722184e-11,8.589563445564958e-11,9.245997639458743e-11,9.994106447835629e-11,1.0821025937192373e-10,1.1735419895026014e-10,1.2724574342913875e-10,1.3788853000010742e-10,1.4996029275651447e-10,1.6421044328530568e-10,1.8177806155763321e-10,2.028634276727342e-10,2.2760851856161339e-10,2.5754117438577733e-10,2.932408791262366e-10,3.3655203875362124e-10,3.913669093350611e-10,4.644312409893088e-10,5.684866005423891e-10,7.246725259132662e-10,1.0041270067850815e-09,1.5563414398973633e-09,3.184974137834108e-09
natural_gas_pipeline,power,UK-NL,5.163505204810231e-11,5.583887914966661e-11,6.432913892010234e-11,7.34163227324166e-11,8.25270290511244e-11,9.354882453303141e-11,1.0469431142693324e-10,1.169038136594126e-10,1.3394387962034e-10,1.4126601047216294e-10,1.6164230948060608e-10,1.8567188326270964e-10,2.006027527464743e-10,2.128006125534333e-10,2.0896623397277468e-10,2.0384892718751547e-10,2.0895878609201441e-10,2.124132303055022e-10,2.0231671223817476e-10,1.890111584902121e-10,1.7643023461629727e-10,1.6674914719091078e-10,1.9311189580598e-10,2.2617517721271191e-10,2.7100275832075086e-10,3.351495639085286e-10,4.3198753376765283e-10,6.006139952831491e-10,9.359941429282302e-10,1.927628503602259e-09
natural_gas_pipeline,power,UK-NO,1.8118846059034288e-09,3.566155676372511e-10,2.7962732682825917e-10,2.6201959889696455e-10,2.328870556277786e-10,2.1863843507311422e-10,2.146272048494291e-10,2.1703117462086485e-10,2.2218376529447555e-10,2.254186410796508e-10,2.3227915873632996e-10,2.4311764511338396e-10,2.552546016759094e-10,2.704006827192493e-10,2.8037263470165476e-10,2.932503551784849e-10,3.0713775737333696e-10,3.2390265266286697e-10,3.3734480799087106e-10,3.536618146856078e-10,3.737881158088881e-10,3.983003325550122e-10,4.288475761342225e-10,4.670377995106459e-10,5.17101014577292e-10,5.855504127189169e-10,6.852480428621523e-10,8.451863969194042e-10,1.1506992518663518e-09,2.02703290545017e-09
natural_gas_storage,energy,AT,0.0,0.0,0.0,0.0,0.0,0.0,0.0,0.0,0.0,0.0,0.0,0.0,0.0,0.0,0.0,0.0,0.0,0.0,0.0,0.0,0.0,0.0,0.0,0.0,0.0,0.0,0.0,0.0,0.0,0.0
natural_gas_storage,energy,BE,0.0,0.0,0.0,0.0,0.0,0.0,0.0,0.0,0.0,0.0,0.0,0.0,0.0,0.0,0.0,0.0,0.0,0.0,0.0,0.0,0.0,0.0,0.0,0.0,0.0,0.0,0.0,0.0,0.0,0.0
natural_gas_storage,energy,BG,0.0,0.0,0.0,0.0,0.0,0.0,0.0,0.0,0.0,0.0,0.0,0.0,0.0,0.0,0.0,0.0,0.0,0.0,0.0,0.0,0.0,0.0,0.0,0.0,0.0,0.0,0.0,0.0,0.0,0.0
natural_gas_storage,energy,CH,0.0,0.0,0.0,0.0,0.0,0.0,0.0,0.0,0.0,0.0,0.0,0.0,0.0,0.0,0.0,0.0,0.0,0.0,0.0,0.0,0.0,0.0,0.0,0.0,0.0,0.0,0.0,0.0,0.0,0.0
natural_gas_storage,energy,CZ,0.0,0.0,0.0,0.0,0.0,0.0,0.0,0.0,0.0,0.0,0.0,0.0,0.0,0.0,0.0,0.0,0.0,0.0,0.0,0.0,0.0,0.0,0.0,0.0,0.0,0.0,0.0,0.0,0.0,0.0
natural_gas_storage,energy,DE,0.0,0.0,0.0,0.0,0.0,0.0,0.0,0.0,0.0,0.0,0.0,0.0,0.0,0.0,0.0,0.0,0.0,0.0,0.0,0.0,0.0,0.0,0.0,0.0,0.0,0.0,0.0,0.0,0.0,0.0
natural_gas_storage,energy,DK,0.0,0.0,0.0,0.0,0.0,0.0,0.0,0.0,0.0,0.0,0.0,0.0,0.0,0.0,0.0,0.0,0.0,0.0,0.0,0.0,0.0,0.0,0.0,0.0,0.0,0.0,0.0,0.0,0.0,0.0
natural_gas_storage,energy,EE,0.0,0.0,0.0,0.0,0.0,0.0,0.0,0.0,0.0,0.0,0.0,0.0,0.0,0.0,0.0,0.0,0.0,0.0,0.0,0.0,0.0,0.0,0.0,0.0,0.0,0.0,0.0,0.0,0.0,0.0
natural_gas_storage,energy,EL,0.0,0.0,0.0,0.0,0.0,0.0,0.0,0.0,0.0,0.0,0.0,0.0,0.0,0.0,0.0,0.0,0.0,0.0,0.0,0.0,0.0,0.0,0.0,0.0,0.0,0.0,0.0,0.0,0.0,0.0
natural_gas_storage,energy,ES,0.0,0.0,0.0,0.0,0.0,0.0,0.0,0.0,0.0,0.0,0.0,0.0,0.0,0.0,0.0,0.0,0.0,0.0,0.0,0.0,0.0,0.0,0.0,0.0,0.0,0.0,0.0,0.0,0.0,0.0
natural_gas_storage,energy,FI,0.0,0.0,0.0,0.0,0.0,0.0,0.0,0.0,0.0,0.0,0.0,0.0,0.0,0.0,0.0,0.0,0.0,0.0,0.0,0.0,0.0,0.0,0.0,0.0,0.0,0.0,0.0,0.0,0.0,0.0
natural_gas_storage,energy,FR,0.0,0.0,0.0,0.0,0.0,0.0,0.0,0.0,0.0,0.0,0.0,0.0,0.0,0.0,0.0,0.0,0.0,0.0,0.0,0.0,0.0,0.0,0.0,0.0,0.0,0.0,0.0,0.0,0.0,0.0
natural_gas_storage,energy,HR,0.0,0.0,0.0,0.0,0.0,0.0,0.0,0.0,0.0,0.0,0.0,0.0,0.0,0.0,0.0,0.0,0.0,0.0,0.0,0.0,0.0,0.0,0.0,0.0,0.0,0.0,0.0,0.0,0.0,0.0
natural_gas_storage,energy,HU,0.0,0.0,0.0,0.0,0.0,0.0,0.0,0.0,0.0,0.0,0.0,0.0,0.0,0.0,0.0,0.0,0.0,0.0,0.0,0.0,0.0,0.0,0.0,0.0,0.0,0.0,0.0,0.0,0.0,0.0
natural_gas_storage,energy,IE,0.0,0.0,0.0,0.0,0.0,0.0,0.0,0.0,0.0,0.0,0.0,0.0,0.0,0.0,0.0,0.0,0.0,0.0,0.0,0.0,0.0,0.0,0.0,0.0,0.0,0.0,0.0,0.0,0.0,0.0
natural_gas_storage,energy,IT,0.0,0.0,0.0,0.0,0.0,0.0,0.0,0.0,0.0,0.0,0.0,0.0,0.0,0.0,0.0,0.0,0.0,0.0,0.0,0.0,0.0,0.0,0.0,0.0,0.0,0.0,0.0,0.0,0.0,0.0
natural_gas_storage,energy,LT,0.0,0.0,0.0,0.0,0.0,0.0,0.0,0.0,0.0,0.0,0.0,0.0,0.0,0.0,0.0,0.0,0.0,0.0,0.0,0.0,0.0,0.0,0.0,0.0,0.0,0.0,0.0,0.0,0.0,0.0
natural_gas_storage,energy,LU,0.0,0.0,0.0,0.0,0.0,0.0,0.0,0.0,0.0,0.0,0.0,0.0,0.0,0.0,0.0,0.0,0.0,0.0,0.0,0.0,0.0,0.0,0.0,0.0,0.0,0.0,0.0,0.0,0.0,0.0
natural_gas_storage,energy,LV,0.0,0.0,0.0,0.0,0.0,0.0,0.0,0.0,0.0,0.0,0.0,0.0,0.0,0.0,0.0,0.0,0.0,0.0,0.0,0.0,0.0,0.0,0.0,0.0,0.0,0.0,0.0,0.0,0.0,0.0
natural_gas_storage,energy,NL,0.0,0.0,0.0,0.0,0.0,0.0,0.0,0.0,0.0,0.0,0.0,0.0,0.0,0.0,0.0,0.0,0.0,0.0,0.0,0.0,0.0,0.0,0.0,0.0,0.0,0.0,0.0,0.0,0.0,0.0
natural_gas_storage,energy,NO,0.0,0.0,0.0,0.0,0.0,0.0,0.0,0.0,0.0,0.0,0.0,0.0,0.0,0.0,0.0,0.0,0.0,0.0,0.0,0.0,0.0,0.0,0.0,0.0,0.0,0.0,0.0,0.0,0.0,0.0
natural_gas_storage,energy,PL,0.0,0.0,0.0,0.0,0.0,0.0,0.0,0.0,0.0,0.0,0.0,0.0,0.0,0.0,0.0,0.0,0.0,0.0,0.0,0.0,0.0,0.0,0.0,0.0,0.0,0.0,0.0,0.0,0.0,0.0
natural_gas_storage,energy,PT,0.0,0.0,0.0,0.0,0.0,0.0,0.0,0.0,0.0,0.0,0.0,0.0,0.0,0.0,0.0,0.0,0.0,0.0,0.0,0.0,0.0,0.0,0.0,0.0,0.0,0.0,0.0,0.0,0.0,0.0
natural_gas_storage,energy,RO,0.0,0.0,0.0,0.0,0.0,0.0,0.0,0.0,0.0,0.0,0.0,0.0,0.0,0.0,0.0,0.0,0.0,0.0,0.0,0.0,0.0,0.0,0.0,0.0,0.0,0.0,0.0,0.0,0.0,0.0
natural_gas_storage,energy,SE,0.0,0.0,0.0,0.0,0.0,0.0,0.0,0.0,0.0,0.0,0.0,0.0,0.0,0.0,0.0,0.0,0.0,0.0,0.0,0.0,0.0,0.0,0.0,0.0,0.0,0.0,0.0,0.0,0.0,0.0
natural_gas_storage,energy,SI,0.0,0.0,0.0,0.0,0.0,0.0,0.0,0.0,0.0,0.0,0.0,0.0,0.0,0.0,0.0,0.0,0.0,0.0,0.0,0.0,0.0,0.0,0.0,0.0,0.0,0.0,0.0,0.0,0.0,0.0
natural_gas_storage,energy,SK,0.0,0.0,0.0,0.0,0.0,0.0,0.0,0.0,0.0,0.0,0.0,0.0,0.0,0.0,0.0,0.0,0.0,0.0,0.0,0.0,0.0,0.0,0.0,0.0,0.0,0.0,0.0,0.0,0.0,0.0
natural_gas_storage,energy,UK,0.0,0.0,0.0,0.0,0.0,0.0,0.0,0.0,0.0,0.0,0.0,0.0,0.0,0.0,0.0,0.0,0.0,0.0,0.0,0.0,0.0,0.0,0.0,0.0,0.0,0.0,0.0,0.0,0.0,0.0
natural_gas_storage,power,AT,0.0,0.0,0.0,0.0,0.0,0.0,0.0,0.0,0.0,0.0,0.0,0.0,0.0,0.0,0.0,0.0,0.0,0.0,0.0,0.0,0.0,0.0,0.0,0.0,0.0,0.0,0.0,0.0,0.0,0.0
natural_gas_storage,power,BE,0.0,0.0,0.0,0.0,0.0,0.0,0.0,0.0,0.0,0.0,0.0,0.0,0.0,0.0,0.0,0.0,0.0,0.0,0.0,0.0,0.0,0.0,0.0,0.0,0.0,0.0,0.0,0.0,0.0,0.0
natural_gas_storage,power,BG,0.0,0.0,0.0,0.0,0.0,0.0,0.0,0.0,0.0,0.0,0.0,0.0,0.0,0.0,0.0,0.0,0.0,0.0,0.0,0.0,0.0,0.0,0.0,0.0,0.0,0.0,0.0,0.0,0.0,0.0
natural_gas_storage,power,CH,0.0,0.0,0.0,0.0,0.0,0.0,0.0,0.0,0.0,0.0,0.0,0.0,0.0,0.0,0.0,0.0,0.0,0.0,0.0,0.0,0.0,0.0,0.0,0.0,0.0,0.0,0.0,0.0,0.0,0.0
natural_gas_storage,power,CZ,0.0,0.0,0.0,0.0,0.0,0.0,0.0,0.0,0.0,0.0,0.0,0.0,0.0,0.0,0.0,0.0,0.0,0.0,0.0,0.0,0.0,0.0,0.0,0.0,0.0,0.0,0.0,0.0,0.0,0.0
natural_gas_storage,power,DE,0.0,0.0,0.0,0.0,0.0,0.0,0.0,0.0,0.0,0.0,0.0,0.0,0.0,0.0,0.0,0.0,0.0,0.0,0.0,0.0,0.0,0.0,0.0,0.0,0.0,0.0,0.0,0.0,0.0,0.0
natural_gas_storage,power,DK,0.0,0.0,0.0,0.0,0.0,0.0,0.0,0.0,0.0,0.0,0.0,0.0,0.0,0.0,0.0,0.0,0.0,0.0,0.0,0.0,0.0,0.0,0.0,0.0,0.0,0.0,0.0,0.0,0.0,0.0
natural_gas_storage,power,EE,0.0,0.0,0.0,0.0,0.0,0.0,0.0,0.0,0.0,0.0,0.0,0.0,0.0,0.0,0.0,0.0,0.0,0.0,0.0,0.0,0.0,0.0,0.0,0.0,0.0,0.0,0.0,0.0,0.0,0.0
natural_gas_storage,power,EL,0.0,0.0,0.0,0.0,0.0,0.0,0.0,0.0,0.0,0.0,0.0,0.0,0.0,0.0,0.0,0.0,0.0,0.0,0.0,0.0,0.0,0.0,0.0,0.0,0.0,0.0,0.0,0.0,0.0,0.0
natural_gas_storage,power,ES,0.0,0.0,0.0,0.0,0.0,0.0,0.0,0.0,0.0,0.0,0.0,0.0,0.0,0.0,0.0,0.0,0.0,0.0,0.0,0.0,0.0,0.0,0.0,0.0,0.0,0.0,0.0,0.0,0.0,0.0
natural_gas_storage,power,FI,0.0,0.0,0.0,0.0,0.0,0.0,0.0,0.0,0.0,0.0,0.0,0.0,0.0,0.0,0.0,0.0,0.0,0.0,0.0,0.0,0.0,0.0,0.0,0.0,0.0,0.0,0.0,0.0,0.0,0.0
natural_gas_storage,power,FR,0.0,0.0,0.0,0.0,0.0,0.0,0.0,0.0,0.0,0.0,0.0,0.0,0.0,0.0,0.0,0.0,0.0,0.0,0.0,0.0,0.0,0.0,0.0,0.0,0.0,0.0,0.0,0.0,0.0,0.0
natural_gas_storage,power,HR,0.0,0.0,0.0,0.0,0.0,0.0,0.0,0.0,0.0,0.0,0.0,0.0,0.0,0.0,0.0,0.0,0.0,0.0,0.0,0.0,0.0,0.0,0.0,0.0,0.0,0.0,0.0,0.0,0.0,0.0
natural_gas_storage,power,HU,0.0,0.0,0.0,0.0,0.0,0.0,0.0,0.0,0.0,0.0,0.0,0.0,0.0,0.0,0.0,0.0,0.0,0.0,0.0,0.0,0.0,0.0,0.0,0.0,0.0,0.0,0.0,0.0,0.0,0.0
natural_gas_storage,power,IE,0.0,0.0,0.0,0.0,0.0,0.0,0.0,0.0,0.0,0.0,0.0,0.0,0.0,0.0,0.0,0.0,0.0,0.0,0.0,0.0,0.0,0.0,0.0,0.0,0.0,0.0,0.0,0.0,0.0,0.0
natural_gas_storage,power,IT,0.0,0.0,0.0,0.0,0.0,0.0,0.0,0.0,0.0,0.0,0.0,0.0,0.0,0.0,0.0,0.0,0.0,0.0,0.0,0.0,0.0,0.0,0.0,0.0,0.0,0.0,0.0,0.0,0.0,0.0
natural_gas_storage,power,LT,0.0,0.0,0.0,0.0,0.0,0.0,0.0,0.0,0.0,0.0,0.0,0.0,0.0,0.0,0.0,0.0,0.0,0.0,0.0,0.0,0.0,0.0,0.0,0.0,0.0,0.0,0.0,0.0,0.0,0.0
natural_gas_storage,power,LU,0.0,0.0,0.0,0.0,0.0,0.0,0.0,0.0,0.0,0.0,0.0,0.0,0.0,0.0,0.0,0.0,0.0,0.0,0.0,0.0,0.0,0.0,0.0,0.0,0.0,0.0,0.0,0.0,0.0,0.0
natural_gas_storage,power,LV,0.0,0.0,0.0,0.0,0.0,0.0,0.0,0.0,0.0,0.0,0.0,0.0,0.0,0.0,0.0,0.0,0.0,0.0,0.0,0.0,0.0,0.0,0.0,0.0,0.0,0.0,0.0,0.0,0.0,0.0
natural_gas_storage,power,NL,0.0,0.0,0.0,0.0,0.0,0.0,0.0,0.0,0.0,0.0,0.0,0.0,0.0,0.0,0.0,0.0,0.0,0.0,0.0,0.0,0.0,0.0,0.0,0.0,0.0,0.0,0.0,0.0,0.0,0.0
natural_gas_storage,power,NO,0.0,0.0,0.0,0.0,0.0,0.0,0.0,0.0,0.0,0.0,0.0,0.0,0.0,0.0,0.0,0.0,0.0,0.0,0.0,0.0,0.0,0.0,0.0,0.0,0.0,0.0,0.0,0.0,0.0,0.0
natural_gas_storage,power,PL,0.0,0.0,0.0,0.0,0.0,0.0,0.0,0.0,0.0,0.0,0.0,0.0,0.0,0.0,0.0,0.0,0.0,0.0,0.0,0.0,0.0,0.0,0.0,0.0,0.0,0.0,0.0,0.0,0.0,0.0
natural_gas_storage,power,PT,0.0,0.0,0.0,0.0,0.0,0.0,0.0,0.0,0.0,0.0,0.0,0.0,0.0,0.0,0.0,0.0,0.0,0.0,0.0,0.0,0.0,0.0,0.0,0.0,0.0,0.0,0.0,0.0,0.0,0.0
natural_gas_storage,power,RO,0.0,0.0,0.0,0.0,0.0,0.0,0.0,0.0,0.0,0.0,0.0,0.0,0.0,0.0,0.0,0.0,0.0,0.0,0.0,0.0,0.0,0.0,0.0,0.0,0.0,0.0,0.0,0.0,0.0,0.0
natural_gas_storage,power,SE,0.0,0.0,0.0,0.0,0.0,0.0,0.0,0.0,0.0,0.0,0.0,0.0,0.0,0.0,0.0,0.0,0.0,0.0,0.0,0.0,0.0,0.0,0.0,0.0,0.0,0.0,0.0,0.0,0.0,0.0
natural_gas_storage,power,SI,0.0,0.0,0.0,0.0,0.0,0.0,0.0,0.0,0.0,0.0,0.0,0.0,0.0,0.0,0.0,0.0,0.0,0.0,0.0,0.0,0.0,0.0,0.0,0.0,0.0,0.0,0.0,0.0,0.0,0.0
natural_gas_storage,power,SK,0.0,0.0,0.0,0.0,0.0,0.0,0.0,0.0,0.0,0.0,0.0,0.0,0.0,0.0,0.0,0.0,0.0,0.0,0.0,0.0,0.0,0.0,0.0,0.0,0.0,0.0,0.0,0.0,0.0,0.0
natural_gas_storage,power,UK,0.0,0.0,0.0,0.0,0.0,0.0,0.0,0.0,0.0,0.0,0.0,0.0,0.0,0.0,0.0,0.0,0.0,0.0,0.0,0.0,0.0,0.0,0.0,0.0,0.0,0.0,0.0,0.0,0.0,0.0
natural_gas_turbine,power,AT,7.861053556613588e-12,8.542743268417172e-12,1.036881128097917e-11,1.2699611445635497e-11,1.5501012185350962e-11,1.9466695636526206e-11,2.581922339136734e-11,3.824267739567148e-11,3.256255874855077e-11,5.047980956794619e-11,8.307793202573179e-11,7.318281022164951e-11,1.20896353412845e-10,2.060533866214136e-10,2.848989735475645e-10,3.606743838140461e-10,5.460340154602526e-10,7.454409933451237e-10,9.778359905654852e-10,1.0954962901111743e-09,1.769380153011583e-09,2.4971313688408786e-08,2.0733125098823815e-09,1.1444692491456656e-09,8.916816302821252e-10,1.376555713476235e-09,2.1248962163211577e-09,3.174471027416829e-08,2.635297890129745e-08,6.3428439574890335e-09
natural_gas_turbine,power,BE,7.67526578807011e-12,8.481577722187952e-12,1.0169556181842065e-11,1.251908970681372e-11,1.5489980575031034e-11,1.943523533044005e-11,2.589391434112114e-11,3.766036339280614e-11,5.87200954333916e-11,9.553603056141592e-11,1.349056822513228,0.6764830611664131,1.4501209624236517e-09,8.982190480286139e-10,4.35407799874539e-10,2.8047848415871164e-10,3.175062063593605e-10,5.380553570722278e-10,1.193420098662943e-09,1.9843376011276323e-09,4.256641463343636e-09,3.4303935290812104,8.695836837293234e-09,4.396799507841729e-09,1.579697096150299e-09,3.3205363303934577e-09,4.084850863189434e-09,6.936711531910011e-09,7.456686395207738e-08,3.472456425469463e-09
natural_gas_turbine,power,BG,7.993227591532028e-12,8.171942185273742e-12,9.37037896206849e-12,1.1276716977218848e-11,1.295364610447113e-11,1.492602670741878e-11,1.7936004067155678e-11,2.283368402666584e-11,2.9031971210824462e-11,4.536392804933722e-11,5.0831340842036717e-11,7.693333634790144e-11,1.4977468308449752e-10,5.337195079508145e-10,1.1436160483166612e-09,0.11904304001524073,0.04112324685661803,3.55473055267721e-09,1.9190558386315222e-10,1.3718679048657347e-10,1.4349178499065108e-10,1.5022512895743533e-10,1.24880320160528e-10,9.017662102382185e-11,8.176300734337825e-11,1.0331397699554723e-10,1.3580783749974047e-10,1.7897940388252353e-10,2.4810212140444094e-10,5.100181812776413e-10
natural_gas_turbine,power,CH,8.931872848459352e-12,9.006447205785205e-12,1.0505334722554989e-11,1.2813174216470105e-11,1.5614166425653636e-11,1.9454594014958266e-11,2.477179302168374e-11,3.5551747439195944e-11,3.2028973556304747e-11,3.9094760017448495e-11,6.314228354823097e-11,8.148082584369234e-11,9.494088084269932e-11,1.2840345348903247e-10,1.3640314850213477e-10,1.5438477486152874e-10,2.3057283335217048e-10,5.142885795043383e-10,1.8542876775103442e-09,4.421020486701503e-08,1.7244482812106715e-08,4.018105357568977,1.9279703257259056e-09,1.7102982650477918e-09,1.1439609819038816e-09,1.6810945994851006e-09,2.1851140086861303e-09,7.295533373066233e-09,2.484721682677474e-09,2.6948294631040874e-09
natural_gas_turbine,power,CZ,6.444853541580094e-12,6.6561326482486726e-12,7.744393602879455e-12,9.275890246785327e-12,1.0817947775883955e-11,1.2560181619206922e-11,1.4566747987404965e-11,1.72559847335422e-11,1.7651603685921635e-11,1.869904216337784e-11,2.0630482124376833e-11,2.202512289904719e-11,2.358862514916219e-11,2.5361464090732558e-11,2.667533880793888e-11,2.8338526311391875e-11,3.04894888678079e-11,3.2849534705595296e-11,3.608485258703514e-11,4.2326655363373295e-11,5.2382718918034056e-11,7.112126641534016e-11,1.1399768142967511e-10,2.131533765852483e-10,1.8345650215525663e-09,3.99921491380697e-10,3.249305105591431e-10,3.7241358504078466e-10,4.3122469531422856e-10,7.116724878787367e-10
natural_gas_turbine,power,DE,1.4211886025972087e-10,7.794183800099912e-12,1.4176282757180436e-11,2.1296546096764884e-11,1.7807127150802952e-11,4.1677710046332236e-11,6.753850794470334e-11,1.3572531473235994e-10,6.565816601425598e-10,3.202067158420616e-10,5.9161650653123294e-09,0.5314054924851384,3.10416509126049e-09,2.5007989883156747,2.103083984884642,0.0558455700887252,2.2878338117054193,5.721794231049389,0.8752980848064508,8.03822144892417e-09,7.551838056490667e-09,18.715550221975512,3.763001854591064e-09,6.434313820134847e-09,2.6969204283684622e-09,0.09387060260915296,1.1892075579613364,1.8373175756407896,0.3627503756638927,5.569640687016804e-09
natural_gas_turbine,power,DK,1.0378668978416785e-11,1.1976357284664686e-11,1.5124878692583354e-11,2.0082202180155583e-11,2.5932583422353334e-11,3.679468322235207e-11,6.79801799671056e-11,1.7044813453960888e-10,1.9118069437473464e-09,5.414157963304534e-10,7.404177539133405e-10,1.44106478402504e-09,1.4113537732624559e-09,5.8899057925044085e-09,6.468037843653647e-09,3.849892786533136e-09,1.3666803399439502e-09,1.2395031615446722e-09,1.1948699770484561e-09,1.015237331555146e-09,8.660035071758336e-10,9.414931533558378e-10,8.990999187961912e-10,7.264767927043083e-10,7.507440863363137e-10,1.2623563840900588e-09,1.3986430075364262e-09,1.8357291182580023e-09,3.4929836858039727e-09,6.150218119082697e-09
natural_gas_turbine,power,EE,8.230833250811084e-12,9.092360694841146e-12,1.0420926637142115e-11,1.2444602564908516e-11,1.4267224110523356e-11,1.6914662447322395e-11,2.1107210925046158e-11,2.8583565603244393e-11,3.4823733196807767e-11,4.667033038270072e-11,7.200697463814856e-11,1.1397786715750433e-10,1.7707737953333787e-10,3.359220688952758e-10,5.35852609788412e-10,9.12367000218607e-10,0.4591467481383362,0.1724415833105297,2.722590124391628e-09,1.700446182720977e-08,0.1113503097902822,5.969086563771974e-09,8.541989374821683e-08,0.1200001407170412,0.24560301755918776,0.039863393626290614,3.835484219194782e-09,0.06916710607462408,0.021988936445834308,0.0010608699262279473
natural_gas_turbine,power,EL,4.614910608268312e-12,4.907990667586649e-12,5.142881852263517e-12,5.424423190814579e-12,5.7569876221070036e-12,6.205870008791034e-12,6.8145606802417114e-12,7.5768407041882e-12,8.519214750171511e-12,9.691240769319664e-12,1.1303823624675818e-11,1.3352590052036298e-11,1.613706812303678e-11,1.98265809613289e-11,2.555550493832187e-11,3.5545214361342e-11,5.749155459554386e-11,1.3431966418444724e-10,1.2209504329064933e-10,1.257817973504854e-10,1.94676566962215e-10,3.067324974521305e-10,3.4073677663430566e-09,6.365160169406728e-10,4.828138627884185e-10,5.277393022328796e-10,6.732634802178566e-10,6.787217825576912e-10,6.580627292813427e-10,1.1669747191500716e-09
natural_gas_turbine,power,ES,3.27011181817042e-12,4.281857535986496e-12,4.8895948010056e-12,5.33523925207572e-12,5.807675503422592e-12,6.343970553720846e-12,6.963361122798047e-12,7.660501935591583e-12,8.49134179381731e-12,9.452247908187963e-12,1.0624853950543616e-11,1.1914808158616365e-11,1.3554505186993862e-11,1.575897713284481e-11,2.0251076163322155e-11,2.744205896753659e-11,3.964025608674914e-11,6.381977654532876e-11,1.2938661106364208e-10,3.330710311364839e-10,8.594783397237123e-09,5.331266086862157e-10,3.212803581276067e-10,2.2487638861011096e-10,1.787293802945253e-10,1.6135633282945456e-10,1.5444202666100696e-10,1.8251046741700637e-10,2.632113659611528e-10,6.550329445873847e-10
natural_gas_turbine,power,FI,6.448444546587525e-10,1.4920703054592943e-10,1.471077441396996e-10,1.8466893481123517e-10,1.614195251651767e-10,1.7072042220314574e-10,2.1642173271536286e-10,3.5300253632566254e-10,2.476839283075788e-10,2.7887160811317086e-10,4.678019941657026e-10,9.138121891644729e-10,1.1455149230450376e-09,2.8877845644293675e-09,2.425660940375669e-09,2.9952699529887563e-09,5.927599145159625e-08,7.800800869784553e-08,2.0640185544592956e-09,3.3295379290083744e-09,0.4962141367868858,3.846435788967745,1.6739287244652693e-07,3.0376638443402053e-09,1.5024279593370732e-09,2.1289691308229173e-09,1.6699246434303275e-09,5.693661847785125e-09,0.19063060203784502,0.0012110332959366786
natural_gas_turbine,power,FR,6.197256533135768e-12,6.034080672326573e-12,6.733910687705283e-12,7.811082251852729e-12,8.968144881957602e-12,1.037129858986186e-11,1.2289576842213604e-11,1.501079401079021e-11,1.8562756531998923e-11,2.407000020632922e-11,3.4366167057002616e-11,4.9084777823552196e-11,7.083989645508559e-11,1.0465442853620002e-10,1.408881678908731e-10,1.85814408398282e-10,4.247286081794932e-10,1.5301539288077549e-09,3.3861761325043624,2.3507464597580503,0.19447476426382113,3.8681592009182246,0.4842854926838558,4.205135326190228e-09,1.6431778686060596e-09,4.3203935360124855e-09,6.575491902117934e-09,0.044638245039128444,1.373700112595007e-08,4.378058322461952e-09
natural_gas_turbine,power,HR,4.916158420334859e-09,3.36051192229547e-11,4.441087259370541e-11,7.44292088224623e-11,1.8120107075358528e-10,3.184199660132048e-10,2.177492252723349e-10,2.4782225991925e-10,7.123857255185861e-10,0.05103797235821601,0.023976614410558095,0.3890115611390614,0.083154164091055,4.7078532636720434e-09,1.086108379521892e-09,0.11547921674885246,0.02758625139403982,0.1609306829193991,0.09281062987734927,0.08520011827536747,1.9105094799625163e-09,0.15122168971184038,6.554595680613092e-10,3.752514113361504e-10,3.2144496574030077e-10,3.691889753399635e-10,4.2108587738143165e-10,6.533536499332448e-10,1.1912029494186507e-09,1.2536067207144111e-09
natural_gas_turbine,power,HU,4.6586210901857044e-12,4.85610805187446e-12,5.271469484337985e-12,5.519648089217078e-12,5.855649569339532e-12,6.332671977026833e-12,6.940243142331484e-12,7.75204966877685e-12,8.797062311543226e-12,1.0073458076916556e-11,1.1959919200258825e-11,1.3841737863715037e-11,1.6122202937279525e-11,1.9180430292490297e-11,2.3038433061982607e-11,2.8872347966004154e-11,3.8058574844044124e-11,5.486708924775652e-11,7.103533938672583e-11,1.0173471811441755e-10,1.8952857807643052e-10,8.441433893277808e-09,9.11033608483661e-10,4.40000781205944e-10,3.8001249349927006e-10,4.3450744797463793e-10,4.5211247595199386e-10,6.441138294934086e-10,1.3092501320671386e-09,1.7731063013769922e-09
natural_gas_turbine,power,IE,5.183124446139116e-12,5.523270027779366e-12,5.898858027454235e-12,6.203173507305732e-12,6.764039882349491e-12,7.507473049129608e-12,8.465920771182658e-12,9.750671941512998e-12,1.1400858608475621e-11,1.3622262457393527e-11,1.6821949475059565e-11,2.1709785053627147e-11,3.031839415511877e-11,4.362952465618676e-11,6.300580228067119e-11,8.808838796185201e-11,1.406108987896816e-10,2.4347292031484745e-10,4.1875627273436053e-10,8.471910916352541e-10,0.2448555289868497,4.136446571823169e-09,2.101892106660043e-09,9.648703390921727e-10,9.098927913667649e-10,1.8380709779043638e-09,1.1349335531848937e-09,1.4826271283476824e-09,3.6157161923275487e-09,7.151032020985589e-08
natural_gas_turbine,power,IT,3.7023598511069174e-12,4.693904380775328e-12,5.428434714380437e-12,6.1181099611118436e-12,6.9491181699522385e-12,8.002299842466433e-12,9.364985349259219e-12,1.1184135110721353e-11,1.3541371545674334e-11,1.6827518839312428e-11,2.1285902893360346e-11,2.702455655011915e-11,3.809150648818465e-11,4.9021794922992365e-11,6.802279802184435e-11,1.3684448039717916e-10,3.9426757938741537e-10,0.164145170614046,2.549347839771504,0.5766376880508762,1.9490698029422988,7.405642787162672e-10,3.103392642778696e-10,2.2300756323060323e-10,1.9584177468142397e-10,2.127902949001068e-10,2.2514695509481534e-10,2.997133203242218e-10,3.912732277497951e-10,6.96483855825549e-10
natural_gas_turbine,power,LT,8.206122222320326e-12,9.028229945234458e-12,1.0399320949194127e-11,1.2580912806910674e-11,1.5140417569865792e-11,1.87882699390481e-11,2.4270256642385055e-11,3.3719121277311904e-11,3.977499872240083e-11,5.000908747387907e-11,7.271664142591995e-11,9.477418602431192e-11,1.3243858809703113e-10,2.2091024956659282e-10,2.6495117828227786e-10,3.04484145215368e-10,5.040610811125557e-10,5.678415891300457e-10,4.964992533675431e-10,7.567271117846582e-10,1.3430866415585949e-09,1.2868175814578105e-08,1.3096919833510546e-09,8.094563794385961e-10,6.799567388464823e-10,7.752781609701599e-10,8.95199800508644e-10,1.217437896124165e-09,2.1860757446164727e-09,4.529125856583334e-09
natural_gas_turbine,power,LU,7.0677370575521835e-12,7.739986782613034e-12,8.996917042813271e-12,1.045077767421627e-11,1.1983609686695103e-11,1.4861185745954572e-11,1.9022457474060666e-11,2.5411919490446367e-11,3.0170069674631594e-11,4.1986160064588416e-11,7.558078399505361e-11,1.787721749559711e-10,3.5825937697548416e-09,3.300018626253514e-09,1.3683092385035754e-09,6.270615033844121e-10,1.6037078075216957e-09,2.871735790220521e-09,1.1832875458758835e-08,3.88645277172337e-08,9.773323369140863e-08,1.0327988855479389,3.1258524825302234e-08,3.1618341780034532e-09,1.4847311864391945e-09,3.927894805570433e-09,6.005581697903132e-09,0.12667190835130052,2.9438825963877387e-08,5.810885926052854e-09
natural_gas_turbine,power,LV,9.075664230220805e-12,9.450572330685894e-12,1.093889160653886e-11,1.3305538124648609e-11,1.6011315776506864e-11,1.9866915278794286e-11,2.585441271262161e-11,3.668740189909145e-11,4.142545768691739e-11,5.218325469145728e-11,7.72490173060208e-11,1.1647339901418865e-10,1.7447523119762027e-10,3.4903461731551507e-10,4.6389275673778085e-10,7.220628676240292e-10,7.397538116150997e-09,6.5194553489406454e-09,2.4501704619793994e-09,5.2648919106036965e-08,1.2640824812288344e-07,6.5477390008605454e-09,3.7229633466509016e-09,4.593076750057781e-09,5.873289741119099e-09,7.1906162699100245e-09,2.8083755517419704e-09,1.2152456906976412e-08,1.7612341287263222e-08,3.341887014929392e-08
natural_gas_turbine,power,NL,5.1238533435340654e-12,5.632695168782264e-12,6.19189338286025e-12,6.5608776578107e-12,6.7409073433186e-12,7.132127684029639e-12,7.769095631461767e-12,9.012727542834544e-12,1.0932530524944774e-11,1.3308163944853139e-11,1.6434397890659384e-11,2.0449883155785104e-11,2.6155967879371258e-11,3.507948362386054e-11,5.353188195812363e-11,6.68803810228608e-11,9.09611189865566e-11,1.4533043941354027e-10,2.1563850717237373e-10,3.593142705277411e-10,9.95027955632946e-10,3.108135166748819e-09,2.2631426179811873,1.7042738865348361,3.1440196299864167e-09,0.5449493496647906,3.584700289106847e-08,6.238153113846521e-07,0.11521886156207957,4.327662900688943e-09
natural_gas_turbine,power,NO,1.0961943402669723e-11,1.2377973930251116e-11,1.5267431968051745e-11,1.8827113696069754e-11,2.2259524031687938e-11,2.7070633489391238e-11,3.475788705469881e-11,4.9225844221704204e-11,5.936397537240355e-11,8.426992477968079e-11,1.5457733377618506e-10,3.114039120523677e-10,7.094375921833513e-10,0.5798918739821187,0.3838718494835768,1.3785987311777152e-08,3.941478947759295e-09,4.150051327885144e-09,1.4111305872141622e-09,1.684726357764403e-09,5.167783952166191e-09,0.17958520782985396,1.6029745819455156e-09,7.597707883042787e-10,5.678962801738308e-10,5.853198489689154e-10,6.879548579376092e-10,9.17251885879271e-10,1.287530105356794e-09,2.2889030012394197e-09
natural_gas_turbine,power,PL,8.11485631974866e-12,8.947389316930753e-12,1.0029432690861983e-11,1.1923329824246718e-11,1.3894792451113975e-11,1.7888061347249802e-11,2.5007887959016686e-11,4.453617151073877e-11,5.392654093163593e-11,7.442094941007907e-11,1.415656567162715e-10,2.578925666493311e-10,5.755473791405826e-10,0.6900836578724103,0.7850136633832941,5.8677920940955235e-09,0.5457564171682204,1.6510539295963527,1.0979097922633145,1.3198035265596624,0.9303459876184297,7.875946093809488e-09,1.6821000506473162e-09,1.0920743226915871e-09,9.346443648362988e-10,1.3121073613288323e-09,2.1977630055151885e-09,0.3472682449494341,0.36800186256115813,0.08074853609772246
natural_gas_turbine,power,PT,4.4174847679644175e-12,4.518248718047667e-12,4.773022850434708e-12,5.085486278896859e-12,5.40456812566722e-12,5.8313124409511166e-12,6.37586273452387e-12,7.04685072174153e-12,7.918743462323402e-12,8.844315670986697e-12,1.0092035296073641e-11,1.1613954231118458e-11,1.3545749568929775e-11,1.6205789883882235e-11,2.020916645192935e-11,2.5117670674089125e-11,3.413404953156404e-11,5.2633669580535744e-11,9.847719760143295e-11,2.6167075772230303e-10,4.909846634123526e-09,9.323736094156055e-10,6.895924743845613e-10,3.36205507069896e-10,2.2154233786532738e-10,1.8472570357737346e-10,1.7995900456640338e-10,2.1253925451159644e-10,3.120819487060267e-10,7.968110492476542e-10
natural_gas_turbine,power,RO,6.061414545424548e-12,6.245272435357353e-12,6.662487654527553e-12,7.420563653375458e-12,8.20934658861218e-12,9.090994337005456e-12,1.0234744521056666e-11,1.17238316130073e-11,1.3499186342580354e-11,1.583001894871377e-11,1.9262515126971672e-11,2.20925719259934e-11,2.7441272954528915e-11,3.4881686947074126e-11,4.124932161196903e-11,5.164095316730474e-11,7.01237872481756e-11,1.0860129876725689e-10,1.2727020911453792e-10,1.67286779087907e-10,3.0886956486893015e-10,0.11255578893968378,0.8434598454071968,4.883765260707725e-10,4.848774423253501e-10,1.0097581178537888e-09,4.2533391079524324e-10,3.7917194984726384e-10,6.987164866202708e-10,1.5859098880242143e-09
natural_gas_turbine,power,SE,9.30853765670636e-12,1.0692469989990812e-11,1.2684158169274523e-11,1.563212987979952e-11,1.8127662676882646e-11,2.213350889522047e-11,2.894267270642718e-11,4.2036723346945805e-11,5.307154258100223e-11,7.645231457637165e-11,1.410652082364932e-10,3.02240131965367e-10,6.92931445309692e-10,0.07082238038914966,1.419816215549447,0.4258725944026006,0.4146353427544776,0.5102114619205477,0.24598210762205244,0.2686270514763259,0.47928800758530177,3.8725934280286927,1.308075985298889e-09,7.863594725305784e-10,6.432732304996288e-10,7.532467806595812e-10,9.021641844939003e-10,1.2578337495787065e-09,2.404195211919923e-09,4.992795934528143e-09
natural_gas_turbine,power,SI,6.791625621825824e-10,1.3526423655412601e-10,1.1289983300492978e-10,1.3234542667118675e-10,1.319348961550907e-10,1.3578535384124e-10,1.4902958736124596e-10,1.8403885114981348e-10,1.6733117287644274e-10,1.8156168858482965e-10,2.376077909559516e-10,2.3185532123989525e-10,4.90493537940152e-10,3.639459585964362e-10,3.7269613589022833e-10,8.39789625827207e-10,1.8557651636422818e-09,4.3002096923436074e-09,3.3073595210378383e-09,2.1024871904332023e-09,6.852371421262628e-09,4.778266436871799e-08,6.770324622025151e-10,3.8824213573045093e-10,3.335471841596446e-10,3.8918884045712253e-10,4.503423171744076e-10,7.40130203106316e-10,1.4707364209547885e-09,1.5740586180956746e-09
natural_gas_turbine,power,SK,7.193826175339557e-12,7.92558249985108e-12,9.04739242807021e-12,1.0760688046198767e-11,1.2739965724531995e-11,1.55445828733623e-11,2.008090618295391e-11,2.967554582253124e-11,3.649319198187836e-11,4.313997475737972e-11,5.7129103794940776e-11,6.750943327061471e-11,8.080829516870112e-11,1.0232477981929455e-10,1.0460643805875442e-10,1.1432688860439458e-10,1.3765081905151115e-10,1.7711389198009418e-10,2.7853493698262333e-10,0.08007847069527281,1.524536366737085e-08,3.1106847285350685e-09,8.399893370412102e-10,5.455334679173898e-10,4.4687138636314236e-10,4.674318304614034e-10,4.925797202899872e-10,7.132949151118462e-10,7.705321868910316e-10,1.2225679360319676e-09
natural_gas_turbine,power,UK,3.805668082167383e-12,4.842931792480643e-12,5.620923990148123e-12,6.3303127630668044e-12,7.224264980991921e-12,8.365486008910975e-12,9.892755364228017e-12,1.1804607000578333e-11,1.4383919581349656e-11,1.754389751957549e-11,2.147302980032949e-11,2.6341463528449434e-11,3.4981244145599e-11,5.333617232255906e-11,8.088339787649304e-11,1.0749237404973247e-10,1.6593499033959162e-10,2.8995207982919256e-10,4.948078815304226e-10,1.0182617856118702e-09,4.747463852953999,0.28074654999691945,1.856553526179045e-08,1.688841653000923e-09,1.1926760823530898e-09,2.308016530547284e-09,2.322330205851916e-09,3.182204628879301e-09,1.1796772176821254e-08,0.2966109752673693
natural_gas_turbine_CCS,power,AT,3.303591038702964e-10,7.054807218196454e-11,6.251329719275434e-11,1.1115195822512178e-10,1.184813207413456e-10,1.1724653660267066e-10,1.398386886586143e-10,2.1272094628978637e-10,1.694759459169216e-10,2.1663435485771766e-10,3.6603770463671894e-10,4.0763570000734984e-10,4.871775138272318e-10,7.603423477109942e-10,1.0457340081497179e-09,1.9596385972639823e-09,1.7161470670166156e-08,1.9548394097546912e-09,4.742443497801296e-10,2.0560302430728724e-10,1.366994985540615e-10,1.0227149474347965e-10,7.240489507927546e-11,6.302687544940126e-11,5.88706597826243e-11,6.399542547804027e-11,7.151677650562736e-11,7.990511997807709e-11,1.0435796067617181e-10,1.999567766890048e-10
natural_gas_turbine_CCS,power,BE,3.298901410576023e-10,7.458152016338752e-11,6.833741749834018e-11,1.0116497298723343e-10,9.643900718833944e-11,1.0029116510032128e-10,1.207687914113252e-10,1.4721658404297604e-10,1.8608225713723128e-10,2.959974631283798e-10,1.7150390987850616e-08,7.219958088225018e-08,0.42717067445255114,0.4156216765298887,1.0711261849254414,1.3900971064475847,0.345557592853614,2.982491990487836,0.04571684482159897,4.0358605234462466e-10,2.886198404772066e-10,2.645571364806065e-10,1.2574314873799142e-10,9.668766603309093e-11,8.194059175794318e-11,8.539081426653705e-11,8.07067248807427e-11,7.877470820729852e-11,9.834625705591144e-11,1.8415187991119485e-10
natural_gas_turbine_CCS,power,BG,2.63697334536271e-10,6.552362057297182e-11,7.216429243688419e-11,1.0799747432236781e-10,1.0588952045394438e-10,8.752869412759058e-11,9.000647053209559e-11,1.058277201363537e-10,1.3218282271583672e-10,2.39931006851441e-10,3.245720514323328e-10,4.569149652498949e-10,4.862466180550894e-10,2.183254205888436e-09,1.1307160906359714e-09,1.482248616929116e-09,6.434344579362552e-10,2.767055740312408e-10,1.0697278082766283e-10,7.48260876832072e-11,6.345936236696233e-11,5.27981587114354e-11,4.345833743352478e-11,3.746406135053534e-11,3.618617357158978e-11,3.988121441332531e-11,4.747881219578283e-11,5.729141646900123e-11,7.945336779517343e-11,1.520887148555201e-10
natural_gas_turbine_CCS,power,CH,3.2072079701943494e-10,7.264289207559698e-11,6.61827281203663e-11,1.01618651124204e-10,1.1077364229379945e-10,1.0909844317388203e-10,1.356148838298955e-10,2.2675637731550377e-10,1.785229084985103e-10,2.1984425100352275e-10,3.768585218916056e-10,4.081867117714499e-10,4.3131653900719054e-10,4.821329106140048e-10,4.0986805317743043e-10,4.421715404729779e-10,4.884647657271056e-10,3.509834437823743e-10,2.594672280353315e-10,1.5765212662262977e-10,1.1660122735122426e-10,9.221651039836593e-11,7.324133926563078e-11,6.617779680131459e-11,6.135159023640119e-11,6.825668063434375e-11,7.666705475549013e-11,8.646092225627243e-11,1.1453636296945661e-10,2.1306607147418023e-10
natural_gas_turbine_CCS,power,CZ,3.111216936862596e-10,6.688027897567887e-11,5.96387071209908e-11,9.938931931562475e-11,1.0331827462491596e-10,1.0233657097352448e-10,1.1267313345343436e-10,1.342928290151551e-10,1.1676262234949652e-10,1.309868082754059e-10,1.58040792223428e-10,1.2507090214256802e-10,1.0899359902397099e-10,9.815943988430916e-11,8.886411894317284e-11,8.3510254020143e-11,7.912899005206178e-11,7.312310384716115e-11,6.58187752831994e-11,5.924136533215859e-11,5.2975422735250513e-11,4.892902363322668e-11,4.848860673090567e-11,4.871289368443743e-11,5.0735244475052765e-11,5.710202009083952e-11,6.666762758161658e-11,7.961906399549963e-11,1.0697195121920807e-10,2.038821534077798e-10
natural_gas_turbine_CCS,power,DE,3.468821823226741e-10,8.177479062902759e-11,7.656096924125925e-11,1.460750210892177e-10,1.6691256534591716e-10,1.7645072436139234e-10,2.439372197983914e-10,5.381969676222003e-10,3.399669025217956e-10,4.847639139440999e-10,1.1204213384183867e-09,1.65324513038986e-09,2.108471367722105e-09,6.687650752629406e-09,2.007251689038636e-08,1.7452923747805761e-07,1.714186114224209e-08,8.173310310501967e-10,2.6208614238294423e-10,1.3779224725964833e-10,1.0296176870402548e-10,8.69485750038784e-11,6.823444030706894e-11,6.370366909848409e-11,6.060154250032454e-11,7.054965961178885e-11,7.380048108458563e-11,7.187028734897013e-11,8.967268409779031e-11,1.7204924770029625e-10
natural_gas_turbine_CCS,power,DK,3.057229670315973e-10,6.928309997649494e-11,6.987625025257403e-11,1.270962391063146e-10,1.0739098559334422e-10,9.78002014366787e-11,1.0314114299021007e-10,9.500787032628262e-11,9.019617209352522e-11,9.486779001336681e-11,1.0415214588140493e-10,1.28152108440413e-10,1.450237621040202e-10,2.0405802224944166e-10,2.3311715036662344e-10,2.1612244260726087e-10,2.028833962700723e-10,2.0110298284514345e-10,1.930239034596422e-10,1.656308795454179e-10,1.3684618751510775e-10,1.2432894299605537e-10,1.1855066284790449e-10,1.1615143284571691e-10,1.2175584733876457e-10,1.3890267126761015e-10,1.4014542951063952e-10,1.2762117178090658e-10,1.5347148392556196e-10,2.699528551264882e-10
natural_gas_turbine_CCS,power,EE,2.900359985235855e-10,6.123907394057411e-11,5.340541146511409e-11,7.536035930963453e-11,7.066307298189684e-11,6.888714164658297e-11,6.329173691141222e-11,6.734586599759033e-11,6.73282622562954e-11,7.381711202855768e-11,8.772752613413586e-11,1.0178763814504391e-10,1.1275309241990371e-10,1.3733699078112536e-10,1.4584407120100702e-10,1.4777721406595932e-10,1.7723751240059722e-10,1.8192550195708557e-10,1.7235355115155042e-10,1.7604282775993487e-10,1.7337715930903312e-10,1.534019404419027e-10,1.4947594435551372e-10,1.4703788117550503e-10,1.4646934508712134e-10,1.5218242117518864e-10,1.518582650294757e-10,1.4755462661378377e-10,1.7962697987040636e-10,3.163188770909654e-10
natural_gas_turbine_CCS,power,EL,2.9199918799146913e-10,6.258655799446562e-11,5.948109352964785e-11,8.063591857934301e-11,8.452522278629846e-11,7.56378142121069e-11,7.468144308555336e-11,7.482992204895067e-11,8.222356597748358e-11,1.0220096416062993e-10,1.1742064524227063e-10,1.1995706684508335e-10,1.221891349741184e-10,1.478891408696011e-10,1.8091214984273623e-10,2.5893261479288764e-10,5.088844618514556e-10,2.8367646561714583e-09,1.9302507117051585e-10,1.0510548862212062e-10,8.113459803640033e-11,6.277793397866518e-11,5.766414653538194e-11,5.683626783301899e-11,5.613306369789436e-11,5.5742950971127116e-11,6.166389202369352e-11,6.944291609201678e-11,9.203296109701468e-11,1.7013711885405002e-10
natural_gas_turbine_CCS,power,ES,2.701617225551965e-10,5.5248329171345916e-11,5.6497483653379406e-11,6.491519833393385e-11,5.745836343144184e-11,5.173323938020292e-11,4.9170880771862845e-11,4.801879182658074e-11,4.8598980490361325e-11,5.1016822946237063e-11,5.5829442424894224e-11,5.966403480659061e-11,6.544077463724245e-11,7.229276813811767e-11,8.316562514475659e-11,9.681035850692157e-11,1.2763856974952436e-10,1.887914533400465e-10,2.9966317093982983e-10,3.9563388459260243e-10,4.78306549996407e-10,2.304986182937053e-10,1.5991339911402336e-10,1.3296063060777068e-10,1.1838539661043442e-10,1.1041515693207579e-10,1.1617950650202917e-10,1.3975918229851697e-10,1.7723164273678773e-10,2.9389768656708035e-10
natural_gas_turbine_CCS,power,FI,2.9743092542662353e-10,6.574245974715877e-11,6.081894237260028e-11,8.471248386413431e-11,7.13573897583274e-11,7.02280611383882e-11,7.632705355889607e-11,8.150532980075384e-11,7.661383299244354e-11,8.133191203575238e-11,9.256487879659434e-11,1.1388985089231691e-10,1.3562687962589602e-10,1.8676601612446488e-10,2.164512785293309e-10,2.3661565448347134e-10,3.2157712625147996e-10,3.4103207048235376e-10,3.0219538258631227e-10,3.511037866897732e-10,4.306572111684369e-10,3.8437003797103407e-10,2.8802504273674806e-10,2.1154623537853546e-10,1.6326914326175585e-10,1.5272654751813668e-10,1.4033785479507894e-10,1.329096008933444e-10,1.586409639731916e-10,2.762789059301263e-10
natural_gas_turbine_CCS,power,FR,2.7405484949999144e-10,6.706371917880239e-11,6.628604753046404e-11,8.323574703186659e-11,7.721039081361895e-11,7.106675374471905e-11,6.953754438281767e-11,7.075232313865167e-11,7.313897869137951e-11,8.270082360996195e-11,1.0214006672947016e-10,1.0816671688392773e-10,1.0766544561197053e-10,1.2443408056316176e-10,1.3433847230414322e-10,1.4025819991223834e-10,1.9062545274058067e-10,2.4270250535128633e-10,2.8027058608547595e-10,2.740867246311509e-10,4.2825855573810464e-10,2.221583921917826e-10,1.3590556056974853e-10,1.045134963887941e-10,8.626363527529835e-11,9.468497504250205e-11,1.032862050185483e-10,1.1154918820302209e-10,1.491881627068113e-10,2.629979044598214e-10
natural_gas_turbine_CCS,power,HR,5.648012092799299e-10,3.212936952255565e-11,4.113732129959636e-11,8.392144949548032e-11,1.6879993406550873e-10,1.9304083962081028e-10,1.473493487733259e-10,1.6248049421454266e-10,2.856094199637694e-10,6.068402413418513e-10,5.506359998608306e-10,7.820719308293942e-10,1.2789501370441787e-09,1.8412454455547738e-09,1.0953058888170342e-09,1.7629864025476183e-09,1.7661964982028232e-09,7.440410243091522e-10,2.931188466222429e-10,1.5216561343681622e-10,9.058322491927886e-11,6.55430799044675e-11,5.006296117900295e-11,4.474514147779351e-11,4.3389898184351337e-11,4.615541794275709e-11,5.306191941252593e-11,6.376270538187336e-11,9.069534804724399e-11,1.600054363448451e-10
natural_gas_turbine_CCS,power,HU,2.673396946012173e-10,6.2920383332236e-11,6.19421145745043e-11,8.33150050593848e-11,6.946765742923224e-11,6.021464144664421e-11,5.691526005561634e-11,5.599461656784016e-11,6.021623387810352e-11,6.824022117840374e-11,8.21906364570545e-11,8.767456769562087e-11,9.194016572750773e-11,1.0351468878222873e-10,1.1654274633847555e-10,1.425536034353639e-10,1.7476601162327828e-10,2.2366968429913985e-10,1.7306122076466383e-10,1.3641310058333728e-10,1.1173711870044855e-10,9.841363966557621e-11,7.381269361676039e-11,6.814958957407705e-11,6.789374994640688e-11,8.054124567793518e-11,9.33610042225467e-11,1.1040287891298382e-10,1.5558477580735296e-10,2.665283996854652e-10
natural_gas_turbine_CCS,power,IE,2.8923187809827035e-10,6.62800552244889e-11,6.768036834192387e-11,1.0168252421647103e-10,9.010325174444815e-11,7.885928644936922e-11,6.784343722197168e-11,6.28033059650582e-11,6.15314671221451e-11,6.015146081694682e-11,6.934647058674078e-11,8.524785190387543e-11,1.1222872565090061e-10,1.5925426125736953e-10,2.1903453396681115e-10,2.3087417207451212e-10,2.8835400489770867e-10,3.0782628708393396e-10,2.897554617673951e-10,2.8821429644119697e-10,3.465006944983132e-10,3.1826748977632846e-10,2.87596943916178e-10,2.5955761318655055e-10,2.761603222403037e-10,2.3108555657554355e-10,1.6613483142916144e-10,1.3449688276316412e-10,1.4681824309991718e-10,2.6080806188088866e-10
natural_gas_turbine_CCS,power,IT,3.3812477941747156e-10,7.249296307244397e-11,5.944515734131731e-11,7.715289715693824e-11,8.819853556702616e-11,8.094678767987334e-11,8.26146242490201e-11,9.379548261930583e-11,1.1667921958277102e-10,1.6105418688431755e-10,2.4408945267896024e-10,2.438083131703574e-10,4.1735827440759575e-10,4.395328797215938e-10,4.853533567930235e-10,1.3605582190247648e-09,1.2402621371162489e-08,7.435365725105315e-09,4.05833911806248e-10,2.1953180780795231e-10,1.428182626295313e-10,8.079911133185874e-11,6.111631015353593e-11,5.0993495680022704e-11,4.691897893763879e-11,4.55680972298552e-11,5.0192064652245315e-11,5.784844463879733e-11,7.83320340334425e-11,1.5037899744326656e-10
natural_gas_turbine_CCS,power,LT,2.858553952285309e-10,5.928075121391578e-11,5.2482042739430746e-11,7.205125679576608e-11,6.741532495687961e-11,6.558687662908963e-11,6.20636605200237e-11,6.659641107750567e-11,6.757669998119629e-11,7.2440215624199e-11,8.299960189683216e-11,9.336889915082995e-11,1.0256874207114068e-10,1.213971248023475e-10,1.2388730212060482e-10,1.2246693877496362e-10,1.3843668466624897e-10,1.3672936252894254e-10,1.2564928682625297e-10,1.3507380255770263e-10,1.4256160079832552e-10,1.4483377124520497e-10,1.2999819111533753e-10,1.237324227150187e-10,1.239187151921074e-10,1.3252145944283302e-10,1.3953578784908688e-10,1.3644952854509658e-10,1.6915996431845365e-10,2.9428741402107185e-10
natural_gas_turbine_CCS,power,LU,2.777432238276875e-10,6.74374635391748e-11,7.225838479452292e-11,9.286225162351754e-11,8.803882539895787e-11,8.146141935679507e-11,8.012682729157147e-11,8.055033475172436e-11,8.218221130057374e-11,9.016946544827772e-11,1.0400139120124982e-10,1.0713590703708287e-10,1.0001572373478612e-10,1.0673459777244864e-10,1.128321534522394e-10,1.1490090528334708e-10,1.344198704828985e-10,1.6153921835673962e-10,1.9988222027045652e-10,2.16591681999066e-10,3.245952855625497e-10,2.0655259888856195e-10,1.3254955097247663e-10,1.1018962191225502e-10,9.955806397317788e-11,1.1499256733867977e-10,1.2241723705183543e-10,1.2843437471124075e-10,1.6930058714107869e-10,2.857961232397119e-10
natural_gas_turbine_CCS,power,LV,2.8617311349840826e-10,6.105633216759043e-11,5.266017369176579e-11,7.3550402043454e-11,6.94238288501475e-11,6.783333161226488e-11,6.272015932225795e-11,6.685757565559623e-11,6.821806116870026e-11,7.342295220131166e-11,8.492616409492639e-11,9.60965134010792e-11,1.0591769147587171e-10,1.2768954145854443e-10,1.323956323740325e-10,1.3297451335040795e-10,1.5447300260807101e-10,1.5662737242698822e-10,1.4760088914072335e-10,1.6105924611430173e-10,1.6413870078173553e-10,1.5282014150861128e-10,1.435621583180225e-10,1.429765709983529e-10,1.4661236555451217e-10,1.5415661326939405e-10,1.5437436586246334e-10,1.4987231205654727e-10,1.8005143802587869e-10,3.0769355323383044e-10
natural_gas_turbine_CCS,power,NL,3.1836461240481276e-10,6.464100038658028e-11,6.044377614009602e-11,8.815357524609125e-11,8.058894158775278e-11,8.062114098306361e-11,8.720969454080882e-11,8.518862232936599e-11,9.42597390397549e-11,1.0823946543531416e-10,1.3084693164454413e-10,1.4595690503384642e-10,1.8724301324182157e-10,2.7164381174541325e-10,1.3081214705102699e-09,9.082617207862279e-10,1.2737487753265536e-09,2.725606471248604e-09,1.076921986275058e-09,3.137465430750532e-10,1.9568489640178253e-10,1.3846031387536711e-10,9.877436380666351e-11,8.280761756066008e-11,7.574162712108164e-11,8.094962822006047e-11,7.904034118017315e-11,7.985205499182067e-11,1.0183047599999766e-10,1.9289351979215403e-10
natural_gas_turbine_CCS,power,NO,3.252730288304726e-10,7.65118371242943e-11,7.936196684111926e-11,1.3102641916899935e-10,1.153345405301044e-10,1.0988927364516118e-10,1.1677175015578576e-10,1.0875871707883145e-10,9.822075568406436e-11,1.0207339029477154e-10,1.1306761905351704e-10,1.403516594656043e-10,1.6878376153353755e-10,2.4218121830585133e-10,2.8178203365853235e-10,2.9509804619397237e-10,3.4379763648387755e-10,4.148997604903184e-10,3.8573346025553654e-10,4.873645961217741e-10,7.212511853541305e-10,6.446047734411669e-10,3.6022806448345266e-10,2.2257057640876361e-10,1.6297306211359907e-10,1.510847851019659e-10,1.3986952507873468e-10,1.2130089247699495e-10,1.399876076926182e-10,2.4296903056590244e-10
natural_gas_turbine_CCS,power,PL,2.82801919633481e-10,6.242893343061e-11,5.856620042384462e-11,1.0168617949413152e-10,9.402876528244931e-11,9.001485848591405e-11,1.0160747167167714e-10,1.2836217383754833e-10,1.2382807805456405e-10,1.472169930148813e-10,2.3099566066162913e-10,2.7542083813458725e-10,3.1033775027904823e-10,3.6319638406446004e-10,3.5255984404792577e-10,3.530587367065785e-10,5.101752606997455e-10,6.165413288613019e-10,3.9534893500452447e-10,3.1030118360038544e-10,1.8640760572981252e-10,1.2056148661807875e-10,9.264551692084352e-11,8.36074667377869e-11,7.951858147122771e-11,9.137606968083682e-11,1.0050056708197777e-10,1.0719939870934049e-10,1.3482910557297786e-10,2.5081498530338985e-10
natural_gas_turbine_CCS,power,PT,2.56575876225737e-10,5.3122865055231586e-11,5.309599909676904e-11,5.987546907506834e-11,5.2372970425540886e-11,4.7762216054329415e-11,4.553419231607697e-11,4.476775409268644e-11,4.557697509739476e-11,4.861171129236085e-11,5.3543480841462554e-11,5.687772662213666e-11,6.231852290759214e-11,6.812635695218952e-11,7.598768063373736e-11,8.544781217768533e-11,1.0520484889209011e-10,1.3884789781331067e-10,2.1148351761287415e-10,2.8929578071435115e-10,3.405374203204806e-10,2.1082757332588822e-10,1.6395120115059294e-10,1.3923757529287847e-10,1.2112377078322344e-10,1.1384743506254625e-10,1.2297026763918352e-10,1.476349281823076e-10,1.8988855245752714e-10,3.0649460200790986e-10
natural_gas_turbine_CCS,power,RO,2.6795129133402566e-10,6.922082641634481e-11,8.41944390966642e-11,1.0671327519009618e-10,1.0053345746183555e-10,8.237223095011765e-11,8.013245382808865e-11,8.313838482337474e-11,9.415202538208843e-11,1.237376111839608e-10,1.6621390183294269e-10,1.7931301839434326e-10,1.9398962441436497e-10,3.2249236093287605e-10,2.541039401022217e-10,2.5739646989238106e-10,2.693881455338863e-10,2.628912581046446e-10,1.6837369255732193e-10,1.378903609740705e-10,1.1930994391971632e-10,1.061391558735941e-10,7.99797777945096e-11,6.459724239302361e-11,6.572205471656652e-11,8.213173179356451e-11,8.373620816333234e-11,9.106677471652115e-11,1.3192089458945315e-10,2.4474881714634117e-10
natural_gas_turbine_CCS,power,SE,3.0645177444664105e-10,7.045106851494332e-11,7.15727875659734e-11,1.08735862462671e-10,9.136323695392636e-11,8.281328073572647e-11,1.0514338034074296e-10,1.1030795817793288e-10,1.0510969607507873e-10,1.0577918752796633e-10,1.173355085323567e-10,1.4562163346470833e-10,1.6556322824209366e-10,2.2224422932702165e-10,2.4790524885240825e-10,2.5816763532144617e-10,3.09417061327869e-10,3.544153091909939e-10,3.699250328652285e-10,4.234730931475607e-10,4.681299348172968e-10,4.179478538009093e-10,2.652858147489762e-10,1.9628670848577163e-10,1.597441350900375e-10,1.543136641216423e-10,1.4633446478874426e-10,1.2863630477258847e-10,1.527089004945066e-10,2.624245896038663e-10
natural_gas_turbine_CCS,power,SI,3.225165700912087e-10,6.469839454822143e-11,5.496742265027185e-11,8.184768572881023e-11,8.769337741132948e-11,8.73022260053308e-11,9.219957919267559e-11,1.105650357163178e-10,1.1323505727526989e-10,1.2599589261435517e-10,1.6006634627981426e-10,1.6803760192239487e-10,3.0614923856548327e-10,2.7611832597357375e-10,2.907914162444959e-10,4.837082843613445e-10,1.2055693228590099e-09,1.2263283854422914e-09,3.7463195270773994e-10,1.690746470113786e-10,1.0421734899550708e-10,6.996154280665972e-11,5.271244642937182e-11,4.8450446952574147e-11,4.756743117395747e-11,5.3611609236251805e-11,6.193211253980245e-11,7.379909051911531e-11,1.0425329758116636e-10,1.9118937780199724e-10
natural_gas_turbine_CCS,power,SK,2.807834294917092e-10,6.339169494850256e-11,5.973932721082835e-11,9.719011858638935e-11,9.246457787199716e-11,8.77097222705172e-11,1.0041780203714595e-10,1.4665874944722953e-10,1.2161674655339826e-10,1.4101287118249705e-10,2.063568935135544e-10,2.0980736241894406e-10,2.0736815367298147e-10,2.2997434950369817e-10,2.6241427052542194e-10,2.909778053077087e-10,3.1707815188033904e-10,3.794690049993475e-10,4.933707296362987e-10,8.243338147083848e-10,2.374906453773247e-10,1.285887531711137e-10,8.977556870789476e-11,7.773162154114034e-11,7.219604013680736e-11,7.938891801865461e-11,8.629163693385693e-11,9.53425577123208e-11,1.1954824422484957e-10,2.1437632579373243e-10
natural_gas_turbine_CCS,power,UK,2.851026035266388e-10,6.73269690630547e-11,6.469383011058238e-11,9.603794835324664e-11,9.069131885002509e-11,8.102246534292552e-11,7.28395066568591e-11,7.05898906742257e-11,7.29320634966414e-11,7.301588636882147e-11,9.093201007771483e-11,1.1011066756967639e-10,1.329966226902764e-10,1.9508388583351945e-10,2.706684603152524e-10,2.586843438618299e-10,3.0718732901989845e-10,3.1959505280573634e-10,2.6978889004844463e-10,2.493295737025735e-10,2.6171567394815576e-10,2.413340025304312e-10,2.1973516917772695e-10,2.0768646108327954e-10,2.3016418949328488e-10,2.1620788736908747e-10,1.797392694230896e-10,1.4578834727087583e-10,1.5919459756168348e-10,2.749610487681934e-10
nuclear,power,AT,0.0,0.0,0.0,0.0,0.0,0.0,0.0,0.0,0.0,0.0,0.0,0.0,0.0,0.0,0.0,0.0,0.0,0.0,0.0,0.0,0.0,0.0,0.0,0.0,0.0,0.0,0.0,0.0,0.0,0.0
nuclear,power,BE,0.0,0.0,0.0,0.0,0.0,0.0,0.0,0.0,0.0,0.0,5.82678518000371e-10,1.8217075474044888e-10,1.3389682844856668e-10,1.2142664521839254e-10,1.1389135835002197e-10,1.0622635119999094e-10,1.4568766258292508e-10,2.0198125890285864e-10,3.039548814993089e-10,3.8095853748254323e-10,5.499267626022089e-10,1.6093820131307286e-09,1.1313190142422248e-09,1.0280398439419522e-09,5.520421579898731e-10,2.263285809165714e-09,7.668829522148751e-09,2.5893071167281607e-09,0.417071020689556,0.16431988021789132
nuclear,power,BG,0.0,0.0,0.0,0.0,0.0,0.0,0.0,0.0,0.0,4.009217875370075e-10,1.0331920195913258e-10,7.121772486391513e-11,5.736710419789584e-11,5.852585554966591e-11,5.749185884851593e-11,5.756045772169451e-11,6.433555119108315e-11,7.106258924397648e-11,7.292288838546436e-11,7.699038802994761e-11,8.504990697152463e-11,8.556939681984826e-11,8.019243603539097e-11,6.669708677623975e-11,6.636747700538718e-11,8.125849261626731e-11,1.0780963998556685e-10,1.3519818727262981e-10,1.8317639192806209e-10,3.025558589240258e-10
nuclear,power,CH,0.0,0.0,0.0,0.0,2.535895564559163e-12,3.062429969077288e-12,3.5973107736236767e-12,4.1955506042003805e-12,4.817555909575272e-12,5.583002178275707e-12,6.5761186167986295e-12,7.707653597345824e-12,9.179393070989758e-12,1.1155180964647264e-11,1.3443375160942112e-11,1.7537965906318875e-11,2.4736395861780004e-11,3.9331992062352016e-11,8.218888676021635e-11,8.146871556713278e-10,2.4576564083408993e-10,1.844065609981007e-10,1.6203752333331898e-10,1.6281695404347485e-10,1.6544642487981312e-10,1.9967995805366874e-10,2.2793535752020905e-10,2.474493915927017e-10,3.2504370386314345e-10,5.616134045671673e-10
nuclear,power,CZ,0.0,0.0,0.0,0.0,0.0,0.0,0.0,0.0,0.0,0.0,0.0,0.0,0.0,0.0,0.0,0.0,0.0,0.0,0.0,0.0,0.0,0.0,0.0,0.0,0.0,0.0,0.0,0.0,0.0,0.0
nuclear,power,DE,0.0,0.0,0.0,0.0,0.0,0.0,0.0,0.0,0.0,0.0,0.0,7.874278900080333e-12,9.177488096017211e-12,1.1176363863079276e-11,1.3844349580803262e-11,1.6770918497193216e-11,2.193727168712318e-11,2.9273793795076264e-11,3.9709587718802024e-11,6.010305548436542e-11,9.041434613750985e-11,1.6248818827289582e-10,3.10188384125495e-10,3.9908147790842085e-09,1.265188186329294e-09,6.150430681981937e-09,1.8995727678219158e-08,3.796626107170285e-09,2.1136338491381,4.501366082387353
nuclear,power,DK,0.0,0.0,0.0,0.0,0.0,0.0,0.0,0.0,0.0,0.0,0.0,0.0,0.0,0.0,0.0,0.0,0.0,0.0,0.0,0.0,0.0,0.0,0.0,0.0,0.0,0.0,0.0,0.0,0.0,0.0
nuclear,power,EE,0.0,0.0,0.0,0.0,0.0,0.0,0.0,0.0,0.0,0.0,0.0,0.0,0.0,0.0,0.0,0.0,0.0,0.0,0.0,0.0,0.0,0.0,0.0,0.0,0.0,0.0,0.0,0.0,0.0,0.0
nuclear,power,EL,0.0,0.0,0.0,0.0,0.0,0.0,0.0,0.0,0.0,0.0,0.0,0.0,0.0,0.0,0.0,0.0,0.0,0.0,0.0,0.0,0.0,0.0,0.0,0.0,0.0,0.0,0.0,0.0,0.0,0.0
nuclear,power,ES,0.0,0.0,0.0,0.0,0.0,0.0,0.0,0.0,0.0,0.0,0.0,0.0,0.0,0.0,0.0,0.0,0.0,0.0,9.870999089307229e-12,1.394899848338975e-11,1.964830923431949e-11,2.9361860964803824e-11,5.824857094314329e-11,7.532172552408749e-10,1.833075369132687e-10,1.5022908599725677e-10,1.4627900365610866e-10,1.63373412938777e-10,2.061786442486196e-10,3.3856683183787346e-10
nuclear,power,FI,0.0,0.0,0.0,0.0,0.0,0.0,0.0,0.0,0.0,0.0,0.0,0.0,7.748053365486212e-12,1.0620957256403218e-11,1.6474816066663336e-11,3.0836927002148224e-11,4.3869565352199567e-10,1.0770335656949229e-10,8.503951416983312e-11,8.163826900111198e-11,8.56098955865751e-11,8.762821382738736e-11,8.724794702741961e-11,8.943398494804307e-11,8.936411638348948e-11,9.378466428008513e-11,1.0701808793215826e-10,1.3467408290590089e-10,1.858992888867674e-10,3.273870267899989e-10
nuclear,power,FR,0.0,0.0,1.3216094885137863e-12,1.3713489279030243e-12,1.5003088006682135e-12,1.6395038260859902e-12,1.7935288638723238e-12,1.9684723440412713e-12,2.1274694539412326e-12,2.323653036721207e-12,2.5297537542583694e-12,2.754982215861583e-12,3.017767787722084e-12,3.3411393597476757e-12,3.724342516725166e-12,3.660488946693746e-12,4.396308334989795e-12,5.129813533003264e-12,5.873198725031296e-12,6.8919338786945125e-12,8.120825635996618e-12,9.48023335027559e-12,1.0569344013646753e-11,1.2366827655784669e-11,1.51624012825045e-11,1.9746957525708413e-11,2.5529194995517504e-11,3.410917691363943e-11,5.344528528919836e-11,1.1004832020261976e-10
nuclear,power,HR,0.0,0.0,0.0,0.0,0.0,0.0,0.0,0.0,0.0,0.0,0.0,0.0,0.0,0.0,0.0,0.0,0.0,0.0,0.0,0.0,0.0,0.0,0.0,0.0,0.0,0.0,0.0,0.0,0.0,0.0
nuclear,power,HU,0.0,0.0,0.0,0.0,0.0,0.0,0.0,0.0,0.0,0.0,0.0,0.0,0.0,0.0,0.0,0.0,0.0,0.0,5.982999319423075e-10,1.4435596091632825e-10,1.0750474437745987e-10,9.299500285135366e-11,7.899542650040774e-11,8.028514052165959e-11,8.153315325895047e-11,9.770170483384023e-11,1.1037423377071753e-10,1.2779822206104803e-10,1.6925160685894452e-10,2.9754176757081416e-10
nuclear,power,IE,0.0,0.0,0.0,0.0,0.0,0.0,0.0,0.0,0.0,0.0,0.0,0.0,0.0,0.0,0.0,0.0,0.0,0.0,0.0,0.0,0.0,0.0,0.0,0.0,0.0,0.0,0.0,0.0,0.0,0.0
nuclear,power,IT,0.0,0.0,0.0,0.0,0.0,0.0,0.0,0.0,0.0,0.0,0.0,0.0,0.0,0.0,0.0,0.0,0.0,0.0,0.0,0.0,0.0,0.0,0.0,0.0,0.0,0.0,0.0,0.0,0.0,0.0
nuclear,power,LT,0.0,0.0,0.0,0.0,0.0,0.0,0.0,0.0,0.0,0.0,0.0,0.0,0.0,0.0,0.0,0.0,0.0,0.0,0.0,0.0,0.0,0.0,0.0,0.0,0.0,0.0,0.0,0.0,0.0,0.0
nuclear,power,LU,0.0,0.0,0.0,0.0,0.0,0.0,0.0,0.0,0.0,0.0,0.0,0.0,0.0,0.0,0.0,0.0,0.0,0.0,0.0,0.0,0.0,0.0,0.0,0.0,0.0,0.0,0.0,0.0,0.0,0.0
nuclear,power,LV,0.0,0.0,0.0,0.0,0.0,0.0,0.0,0.0,0.0,0.0,0.0,0.0,0.0,0.0,0.0,0.0,0.0,0.0,0.0,0.0,0.0,0.0,0.0,0.0,0.0,0.0,0.0,0.0,0.0,0.0
nuclear,power,NL,0.0,0.0,0.0,0.0,0.0,0.0,0.0,0.0,3.3993127361069813e-10,9.061948237016921e-11,7.043436935121429e-11,6.312506035009777e-11,6.502420600414356e-11,7.314858938002867e-11,9.447273960622407e-11,8.801181470880627e-11,1.1015344524393806e-10,1.3553384448564298e-10,1.5406186286551225e-10,1.769699298325484e-10,2.2738245151260134e-10,2.4152167427596956e-10,2.4510990533283895e-10,2.5363913129479245e-10,2.4957645940890255e-10,3.3982999521599643e-10,3.453088933743904e-10,3.1072081133442186e-10,4.3027624726020817e-10,6.964777645376233e-10
nuclear,power,NO,0.0,0.0,0.0,0.0,0.0,0.0,0.0,0.0,0.0,0.0,0.0,0.0,0.0,0.0,0.0,0.0,0.0,0.0,0.0,0.0,0.0,0.0,0.0,0.0,0.0,0.0,0.0,0.0,0.0,0.0
nuclear,power,PL,0.0,0.0,0.0,0.0,0.0,0.0,0.0,0.0,0.0,0.0,0.0,0.0,0.0,0.0,0.0,0.0,0.0,0.0,0.0,0.0,0.0,0.0,0.0,0.0,0.0,0.0,0.0,0.0,0.0,0.0
nuclear,power,PT,0.0,0.0,0.0,0.0,0.0,0.0,0.0,0.0,0.0,0.0,0.0,0.0,0.0,0.0,0.0,0.0,0.0,0.0,0.0,0.0,0.0,0.0,0.0,0.0,0.0,0.0,0.0,0.0,0.0,0.0
nuclear,power,RO,0.0,0.0,0.0,0.0,0.0,0.0,0.0,0.0,0.0,0.0,0.0,0.0,0.0,0.0,0.0,0.0,0.0,0.0,0.0,0.0,0.0,0.0,0.0,0.0,0.0,0.0,0.0,0.0,0.0,0.0
nuclear,power,SE,0.0,0.0,0.0,0.0,0.0,0.0,0.0,2.225609918598223e-12,2.496800894575743e-12,3.0022756937741003e-12,3.5814223223165437e-12,3.8189878680391015e-12,4.572415643113612e-12,5.42168385214464e-12,6.514428112098239e-12,7.582114207111479e-12,1.0308823017109184e-11,1.3379819590155383e-11,2.0525642305554014e-11,4.118282835266469e-11,5.837032559673117e-10,1.576168575114573e-10,1.166270681235346e-10,1.0723688812141848e-10,1.0112100023392054e-10,1.0287469123453241e-10,1.1669118524787133e-10,1.4023468850695559e-10,1.8995207424644176e-10,3.291993594867643e-10
nuclear,power,SI,0.0,0.0,0.0,0.0,0.0,0.0,0.0,0.0,0.0,0.0,0.0,0.0,0.0,0.0,0.0,0.0,0.0,0.0,9.161330732513654e-10,2.6076070337252046e-10,2.005347024055388e-10,1.4364542342035056e-10,1.1696569310598906e-10,1.254537430384652e-10,1.2692257701778645e-10,1.7012521237578853e-10,2.0443693722395848e-10,2.370305611477259e-10,3.0152237203840135e-10,5.230017763269976e-10
nuclear,power,SK,0.0,0.0,0.0,0.0,0.0,0.0,0.0,2.5621283831596428e-12,2.779762933474708e-12,3.0465790270015933e-12,3.358044454852457e-12,3.683465308795047e-12,4.064776737065234e-12,4.504132021834632e-12,5.0222405792215204e-12,5.626181957724696e-12,6.415544620033257e-12,7.377023639127755e-12,8.571083710257613e-12,1.0066219456822002e-11,1.16250250404004e-11,1.3324871196199254e-11,1.5198471155925367e-11,1.789441163629343e-11,2.1447476290935427e-11,2.71605546480384e-11,3.4973333193577855e-11,4.704377991835935e-11,7.19198022385191e-11,1.4562772221300243e-10
nuclear,power,UK,0.0,0.0,0.0,0.0,0.0,0.0,0.0,0.0,0.0,0.0,0.0,2.406183742653095e-12,2.581443506764769e-12,2.8577062342489845e-12,3.1679995300776982e-12,3.515763577516874e-12,3.941759741345343e-12,4.437948786748591e-12,5.02427840417248e-12,5.7312927746201075e-12,6.614336733913012e-12,7.657653885268775e-12,8.934772172536218e-12,9.900736755556695e-12,1.3004919353298116e-11,1.582559345515301e-11,2.0376263612142817e-11,2.822240046844874e-11,4.3481765638679844e-11,8.909976276963809e-11
photovoltaics,power,AT,0.5098552261753749,1.7797765220342584e-10,1.801695132033083e-10,1.9033530721894762e-10,3.910922120123843e-10,8.214553844727627e-10,6.132410503489372e-10,3.9913737988214645e-10,3.6532682432613425e-10,3.63513117389128e-10,6.789081948589885e-10,5.401612993376834e-10,8.091426008000482e-10,1.7165509019632244e-09,5.092618238601686e-09,3.6715934447196408,1.4697044750568533,3.135572112889674,4.457987860844975,9.179132032055437,14.468669171388825,57.30107673721001,50.32756452616157,0.2631003461811102,1.6679600415226407e-07,0.3111238780958428,0.15580005115358647,0.17247994246418316,0.16830005002172588,0.24719996689331009
photovoltaics,power,BE,5.899791016417953e-11,4.7036296191235376e-11,5.290176751899466e-11,6.250060073550132e-11,9.057983738973834e-11,1.3541364301303178e-10,1.7550262953131222e-10,2.1865503032312336e-10,3.310636148276205e-10,5.280268895007459e-10,5.923430678072303,0.4385384300042085,0.2656728288586107,0.609156372645697,4.250493873153707,1.7455292692274897,0.17190353043838624,1.472099599069184,1.207466068984657,1.0038270218164596,1.9539157974033402e-07,11.315699280250398,4.02862211039105,6.941365900475654e-08,1.3045033043760802e-08,2.6665459996625006e-08,0.38116032894390756,1.295421438582771,0.8109909210409562,6.444577764191402e-08
photovoltaics,power,BG,1.763574512486031e-10,1.08954830546489e-10,1.7260435390451908e-10,2.0623860969530276e-10,5.179366488173759e-10,9.955993824267575e-09,0.931815054570354,2.6476837518535422e-09,4.169404422333856e-09,1.6788115707188924,2.9501772779655085e-09,1.5347078500489911e-09,8.311185192187862e-10,1.888447344195809e-09,1.0226369955930114e-08,2.4097563974148803,0.38313407346359124,2.778643606117264e-08,2.5262449160275434e-09,4.5956094474738754e-09,1.7270572075636104e-08,2.206168160017087,5.370935912590529e-09,2.3122823740923444e-09,1.8732102543594284e-09,3.4857653214226298e-09,1.1975566874819534e-08,0.06033550480072736,6.871229474599049e-08,0.2465726617281494
photovoltaics,power,CH,5.408561240143262,2.5106786727245203e-10,2.655664588214315e-10,2.59816539004955e-10,9.874220676712304e-10,6.169191573092731,3.869110349105545,0.8816811172675926,3.8313370053528756e-09,1.608248839566987e-09,7.1659878921952405e-09,6.174903444058895e-09,9.276279645066533e-09,4.827344554928731e-08,4.9731796938563645e-09,3.766571092332331e-09,9.794917209408613e-09,1.9721085920591486,1.5115267723846257,0.35369973371365027,3.0596383980862307,10.332669015963562,0.2682937580481039,0.34327892552103184,0.35729453052615157,1.180703000350461,4.777116539553729,4.022957298940787,10.96081265248013,3.0900055050004314
photovoltaics,power,CZ,3.8960332105208015e-11,3.2991933875330956e-11,3.5587072920329156e-11,3.8805550854887256e-11,4.7013016712700015e-11,5.467569601265458e-11,5.786606470366598e-11,5.908843626693491e-11,6.121679153117448e-11,6.348793042869973e-11,6.979458847823169e-11,7.536627819762152e-11,8.480044480613955e-11,9.6223377202106e-11,1.08778577919843e-10,1.223676360750529e-10,1.3280273978518388e-10,1.4823144233296492e-10,1.701467353262172e-10,1.9985457520263867e-10,2.4431194015253284e-10,2.7454356060835236e-10,3.406077217791682e-10,4.6175666507347204e-10,4.909841688579345e-10,5.661370811692513e-10,6.987305786693218e-10,9.487776887979423e-10,1.538456231983362e-09,3.4688110488988767e-09
photovoltaics,power,DE,1.0831229066701505e-10,5.6087315558086136e-11,5.941488549065299e-11,6.578506811223658e-11,8.81105545994319e-11,1.1542632723087556e-10,2.0193269493837345e-10,1.1896434828522348e-10,1.1887009874427289e-10,1.205724965531781e-10,1.421621810960342e-10,1.7028436869035863e-10,2.3701841283028286e-10,3.762340090502655e-10,6.647590935889125e-10,1.0657744290580413e-09,1.169812905952155e-09,1.399750076569195e-09,1.5405616597146196e-09,2.1334434510536956e-09,6.419483359924275e-09,16.17174720228774,6.88164057344656,6.435520757213737,2.4200214633862625,1.0533420585612194,2.2321217279616268e-08,2.898031277794001,4.117151475976793,9.017846177546495
photovoltaics,power,DK,1.2684152213412709e-11,1.2670471018302664e-11,1.3496027561186372e-11,1.5200744321377956e-11,1.7222528443812854e-11,1.9513404197101055e-11,2.1749400447388872e-11,2.3971957610925855e-11,2.6515454598885305e-11,2.936908188268482e-11,3.264953570459424e-11,3.585448312870917e-11,3.993648084258892e-11,4.49127878656749e-11,5.100103533219236e-11,5.68994314817178e-11,6.233342701970021e-11,6.890206684645442e-11,7.618037569373524e-11,8.613811325990849e-11,9.982018326564242e-11,1.1562869071570117e-10,1.3382456118966388e-10,1.5619650899012404e-10,1.8599010920450492e-10,2.262566050662682e-10,2.8394967695023705e-10,3.9636050495247407e-10,5.987708816463295e-10,1.1723094258652808e-09
photovoltaics,power,EE,1.3951346121744587e-11,1.3179190922737135e-11,1.4259075343177733e-11,1.6285329880444e-11,1.871003758030969e-11,2.0903744192150945e-11,2.2320802843513957e-11,2.3786458572152933e-11,2.61639473655832e-11,2.8945476792259e-11,3.343052675452925e-11,3.59009405586752e-11,4.00909904411293e-11,4.476004166608075e-11,5.047486191881373e-11,5.6143046105988914e-11,6.067932960075322e-11,6.600476773271514e-11,7.208550288417347e-11,8.090281110190302e-11,9.278632176485931e-11,1.0581259542134683e-10,1.2086739548145334e-10,1.4008320581537168e-10,1.6525048288220816e-10,1.990079816224333e-10,2.485922068766607e-10,3.4332870035676537e-10,5.188953241845551e-10,1.0236254796779544e-09
photovoltaics,power,EL,7.46452441024878e-11,5.318868082394728e-11,6.280198181776539e-11,6.716229291981115e-11,8.760574626628069e-11,1.0859132475242613e-10,1.1141624255851814e-10,1.0709342063527587e-10,1.1005483133979411e-10,1.1528354353204208e-10,1.1632894705165339e-10,1.1722218388463075e-10,1.1689274334350757e-10,1.3390181092864168e-10,1.5435002784151615e-10,1.7131294717615326e-10,2.0448796003813757e-10,2.459392648307111e-10,2.8133467219455837e-10,3.211704507444251e-10,3.7601877598973084e-10,4.2999625398996153e-10,4.891587757525648e-10,5.683770656176555e-10,6.789251350263277e-10,9.822190595651407e-10,1.126094387280624e-09,1.5771650771501575e-09,2.7974907388484757e-09,5.6966052674766045e-09
photovoltaics,power,ES,1.8105847689819603,1.5400011477867137e-10,2.4003354676608646e-10,1.650574513664435e-10,3.657413128628633e-10,2.715535879033736e-09,0.6023728342044596,8.262376762284156e-09,1.316392291430036e-09,9.94574587830676e-10,2.837663702414278e-09,9.870935182904093e-10,8.821993839164821e-10,1.4088041751392224e-09,4.24909728311915e-09,3.499690339082788,6.489449429302487,5.023897061791884,11.56420001916462,5.377588164299832e-09,1.1514002949826576e-08,9.540843484750304e-09,8.388994879294395e-09,7.365104728897706e-09,6.653268004379054e-09,9.93447682080323e-09,1.8630155451392072e-08,1.717966446626899e-08,3.0301280853480547e-08,9.47510043429896
photovoltaics,power,FI,1.1027275979137966e-11,9.850782622009095e-12,1.0528752559338734e-11,1.1817853292159907e-11,1.3307548620272637e-11,1.5079382650686772e-11,1.680202169998901e-11,1.8684042672738522e-11,2.0897743544324958e-11,2.3499387276561335e-11,2.688162327791012e-11,2.9147752001406044e-11,3.264364611364805e-11,3.6572725374603784e-11,4.137927062500234e-11,4.629669112159412e-11,5.067352568482327e-11,5.5823045735540466e-11,6.176239215267783e-11,6.959205558166701e-11,7.931093578083744e-11,9.135059588733894e-11,1.0438483762849113e-10,1.2097862854485802e-10,1.4289357259514133e-10,1.7273689643848144e-10,2.169760657279193e-10,2.996846032764084e-10,4.544064542461191e-10,9.002958732133894e-10
photovoltaics,power,FR,2.516576031923566e-11,2.5028812899209538e-11,2.842670036110852e-11,3.1369521711703736e-11,3.784727122443805e-11,4.4935261704860995e-11,4.9569688272683544e-11,5.382415947976605e-11,6.037098599654084e-11,6.856468436779899e-11,8.365950264892664e-11,9.62872790930322e-11,1.107315947260366e-10,1.2889585079284482e-10,1.496543546932912e-10,1.7373117500022597e-10,1.8868634722973674e-10,2.0323127610450049e-10,2.1761112555602066e-10,2.3169081754212379e-10,2.714941901013649e-10,3.2038009237586607e-10,3.8153029697033987e-10,4.59040925702754e-10,5.547702077108985e-10,7.328642402434134e-10,9.668586236232477e-10,1.2945556918805605e-09,2.131012702707938e-09,4.597541658324067e-09
photovoltaics,power,HR,0.8443383379128845,9.78916443161901e-11,1.1603650673839242e-10,1.501157955500907e-10,3.8121692521797316e-10,0.06421621448530065,0.15593691105818128,2.196103816796182e-09,5.3332995381745706e-09,3.1519616797862867e-09,1.706362989464292e-09,2.234675972499185e-09,4.231130141186722e-09,1.2691388520172442,0.49378892139952624,0.5207308581216166,4.6805044461796555e-09,2.927865838213387e-09,3.563685006747392e-09,1.1775233689313926e-08,2.15924027577143,9.8628155813524,0.00399982338729473,0.015000003551597056,0.013999653873190023,0.10703440198930693,0.00800007513492474,0.05346183998958495,0.32483967997218405,0.9557968422997857
photovoltaics,power,HU,2.622053753178323e-11,2.5045003308645745e-11,2.811842046249725e-11,3.107689019920046e-11,3.712096556941002e-11,4.309424975194985e-11,4.688061653810166e-11,4.9917618479585337e-11,5.36192988610241e-11,5.815534604416149e-11,6.456087262251836e-11,7.13803327504342e-11,8.066222893012327e-11,9.197327931524456e-11,1.0421259809113163e-10,1.179650549342061e-10,1.3031936656892813e-10,1.4104048159214652e-10,1.5292163274755107e-10,1.7753846711003236e-10,2.090444400595887e-10,2.460412445123313e-10,2.800306704541079e-10,3.3529243418201327e-10,4.054679661891211e-10,5.390582824733244e-10,7.042686491638582e-10,9.761326707467163e-10,1.518381318332023e-09,3.2015000423696408e-09
photovoltaics,power,IE,3.418129657477829e-11,1.4999688781220662e-11,1.608148622036358e-11,1.8467778081808252e-11,2.1966659151344784e-11,2.645000348304523e-11,2.8620544999470448e-11,3.225597185282945e-11,3.6674913363145395e-11,4.1983809106273646e-11,4.860300450272648e-11,5.279393992091663e-11,5.816456274899971e-11,6.407033490682101e-11,7.101636611517737e-11,7.941510956998494e-11,8.578685852008945e-11,9.446651157622042e-11,1.0563036954740768e-10,1.1870510921927657e-10,1.4443301272684872e-10,1.7642720347334495e-10,2.1581704465108648e-10,2.731398311093034e-10,3.6770652741340893e-10,4.4628626377547194e-10,5.166463225487147e-10,5.905945055198547e-10,7.417490638012376e-10,1.322327720760735e-09
photovoltaics,power,IT,39.330015966849814,2.328979023231711e-10,2.2769049335880098e-10,2.1028675756685251e-10,7.647570433091453e-10,5.828170864338895,2.5173214490186323e-09,1.381315103098093e-09,1.4700788708186227e-09,1.1607226413158176e-09,3.222459381011144e-09,1.097206793397214e-09,6.979209184057301e-10,9.873365542502456e-10,1.4900818970279137e-09,2.6642723401113733e-09,7.449661280279475e-09,2.599590718491052e-08,26.260093821403796,3.515601009980016,1.0424710581202334,70.72461028711844,11.062395954947833,22.038805838999373,14.006107099534265,0.5912900432211661,3.993520712205512e-08,3.041285562775118e-08,4.997970903129451e-08,0.18428007947941796
photovoltaics,power,LT,2.5730583312523704e-11,1.405548427371098e-11,1.510538959182548e-11,1.7325644499417273e-11,2.0166401272564132e-11,2.2845933983603984e-11,2.3846373960293173e-11,2.4902850397279897e-11,2.690678609323753e-11,2.918407297187205e-11,3.269772095717657e-11,3.526999529296721e-11,3.905990106639451e-11,4.3533969822263606e-11,4.885521994771172e-11,5.375015792349401e-11,5.814081275190893e-11,6.333801291925913e-11,6.917870381131435e-11,7.777243044107473e-11,8.911312572607255e-11,1.0158585787776394e-10,1.1328720858804344e-10,1.2981569245349473e-10,1.5500277892438682e-10,1.863364882202116e-10,2.3423994400458437e-10,3.218489680154335e-10,4.97738288023485e-10,1.0185773770451598e-09
photovoltaics,power,LU,3.018001451399906e-09,2.464647214775244e-10,2.894725904633299e-10,2.586279416225163e-10,4.4747474053133815e-10,6.672464608487627e-10,4.848409178883573e-10,3.7607503643579335e-10,3.878222494466967e-10,4.156818959235213e-10,7.059195661580392e-10,8.067750951309168e-10,8.824293477278056e-10,1.0455268591665712e-09,1.2632825028624058e-09,1.6372195269452783e-09,1.300548378369918e-09,1.1491005351644138e-09,1.074770851897015e-09,1.007420214879967e-09,1.3368731264226964e-09,1.5312209127941794e-09,1.6960129111557729e-09,1.8721433906061097e-09,1.983751536319861e-09,2.585296700198444e-09,2.9296807125736875e-09,3.113255022776198e-09,4.513616389642819e-09,7.98882783346532e-09
photovoltaics,power,LV,2.3076681538121867e-09,1.7746692655099783e-10,1.559484556714648e-10,2.381798388790218e-10,4.562699993992577e-10,5.399423028149502e-10,3.536018770447308e-10,2.5392503011869314e-10,2.633025849455456e-10,2.663664918448159e-10,3.3876462666516793e-10,3.6246520515606947e-10,4.2323339907030756e-10,5.046487083000278e-10,6.610258264227569e-10,6.878999723725361e-10,6.15063729595828e-10,5.758159256144597e-10,5.25381115850784e-10,5.763517631041747e-10,6.827282288284119e-10,7.724339717810018e-10,7.063897902564899e-10,7.260592480025789e-10,8.333924128212351e-10,8.192140136106748e-10,9.540697961103086e-10,1.239845378185962e-09,1.7611222477790963e-09,3.1568470587649396e-09
photovoltaics,power,NL,1.9368122031213526e-11,1.8072685391037706e-11,1.9243598433958775e-11,2.2224397385328233e-11,2.680685336990317e-11,3.283673500277839e-11,3.885551772452582e-11,4.509029795652411e-11,5.2718641892370494e-11,6.140231511730506e-11,7.17064252961061e-11,8.344395198564364e-11,1.030865783267447e-10,1.3230106359013024e-10,1.783893737886079e-10,2.1295577571683777e-10,2.410767050870906e-10,2.7938503161526225e-10,3.150524280927911e-10,3.7358338068493453e-10,4.83359661677093e-10,6.080277148047356e-10,7.03063663739619e-10,8.052367006290541e-10,9.377278759034537e-10,1.1128400159347975e-09,1.2530737033448405e-09,1.6993170287821044e-09,2.3860003271417984e-09,4.095013365112151e-09
photovoltaics,power,NO,1.2846088310515463e-11,1.1329611889979327e-11,1.2123405900545355e-11,1.3673766073918196e-11,1.5664028808730284e-11,1.8032206353529635e-11,2.00993485374788e-11,2.236587200454098e-11,2.4984949451035203e-11,2.7831207276461314e-11,3.119314090868675e-11,3.333612388780295e-11,3.654369815238757e-11,4.065274117663264e-11,4.577278964086233e-11,5.088710695991274e-11,5.566344072570852e-11,6.147995441003404e-11,6.812189066374442e-11,7.719904392636277e-11,8.950821228323337e-11,1.0332962997580249e-10,1.1846859858331503e-10,1.371426556875959e-10,1.619507959352083e-10,1.9515554737505648e-10,2.434639396565394e-10,3.352287628427726e-10,5.045448020370194e-10,9.956482463334051e-10
photovoltaics,power,PL,2.251915601669728e-11,2.122263465622876e-11,2.2961478781428275e-11,2.612715811031709e-11,3.040300865747029e-11,3.4539301006591384e-11,3.719269565642925e-11,3.9371260419200005e-11,4.3265092476465526e-11,4.759108307523391e-11,5.58328833968203e-11,6.138237674818339e-11,7.05223187036695e-11,8.12772936078146e-11,9.337814125996536e-11,1.0708587589496302e-10,1.195018294059823e-10,1.370840486167879e-10,1.6176121800565547e-10,1.8974736213820844e-10,2.2385918750474558e-10,2.5766499035316147e-10,2.989824925100298e-10,3.5391664024237827e-10,4.23751674360455e-10,5.353371052764009e-10,6.952667873190586e-10,9.526423637187363e-10,1.5258170791186538e-09,3.2882533866515788e-09
photovoltaics,power,PT,2.507520978822531,1.4430410190324082e-10,2.2573607791080047e-10,1.6327445962431236e-10,3.503054476377095e-10,2.5539829946099245e-09,1.55917949374208,0.7362439306770668,1.9031680591514816e-09,1.4443213955586269e-09,4.8285360150390456e-08,1.4769476802311167e-09,1.2193998969575777e-09,2.097192705837239e-09,8.369582311789447e-09,4.001599540631849,1.0937894806961487e-08,5.99983679233933e-09,0.1716532972192891,1.1426989473402625e-08,0.2280012745443256,1.4605988472727978,1.2597729562464715e-07,2.449370440268631e-08,1.3683681048642918e-08,2.5590279177817957e-08,2.2012731957823352e-07,3.650034139005998e-08,8.80018160772319e-08,0.25200022404184846
photovoltaics,power,RO,6.769293789362476e-11,5.662767485145793e-11,7.294103951817416e-11,8.042062062520026e-11,1.1399759840246689e-10,1.618831861211611e-10,1.8655422995585458e-10,1.9519519340104613e-10,2.2829791184004686e-10,2.8109368091867564e-10,3.2669024265389574e-10,3.6051864337028087e-10,3.757241759027689e-10,6.048282593494365e-10,1.0821006997589546e-09,3.0491794098726527e-09,9.424461430931146e-09,0.15470317782944512,2.3666635965065422e-08,7.892783366945258e-09,0.20234632872253255,9.333940250736572e-07,0.5122531051353333,1.5543686145415396e-08,0.36318081147349135,1.5801160473054352,3.2572644456112514e-08,1.3684353991919933e-08,2.190701806864622e-08,9.2037000391518e-08
photovoltaics,power,SE,1.0564579115103346e-11,1.073737636087586e-11,1.1406980551640615e-11,1.2786121793142084e-11,1.4454291108275423e-11,1.6267125822189315e-11,1.809770968535632e-11,1.9939294093821026e-11,2.2069100123572672e-11,2.447971903661099e-11,2.7258280448703794e-11,2.987389110905389e-11,3.329659873662268e-11,3.737050092013612e-11,4.2307020488266924e-11,4.731436422952414e-11,5.217446532326055e-11,5.787056314829014e-11,6.430328506334268e-11,7.283091412993544e-11,8.430463672150935e-11,9.762182784427572e-11,1.1251877633297577e-10,1.3116435287432197e-10,1.5571518027987965e-10,1.8873918178862668e-10,2.375710486012264e-10,3.2945720196811926e-10,5.0051273924043e-10,9.938741582466525e-10
photovoltaics,power,SI,7.47586347851974e-11,4.087858153677176e-11,4.540234778573531e-11,5.094218494596354e-11,6.7619271998014e-11,8.952078489734265e-11,9.758598706961424e-11,1.0248892267605395e-10,1.1171181199081716e-10,1.1999619484989723e-10,1.4447138739539706e-10,1.650587666693723e-10,2.0448095906828055e-10,2.4507230012293824e-10,2.9516018724320043e-10,3.636530872526904e-10,3.9955641402494314e-10,4.3912992808562387e-10,5.45432067678249e-10,6.811754490078913e-10,8.492252602656056e-10,9.577806357451946e-10,1.0437507346458206e-09,1.3424348640802868e-09,1.6099637368471633e-09,2.866802304668776e-09,4.830358448138999e-09,8.130182798363777e-09,1.48046236348497e-08,4.2902339060022245e-08
photovoltaics,power,SK,5.972831175398771e-11,4.9455041812592226e-11,5.7765470943367726e-11,6.776208769807618e-11,9.66609594068933e-11,1.3752482755978428e-10,1.6168653306660765e-10,1.750672586578003e-10,1.6969618746520668e-10,1.7264675766311433e-10,1.9834885314912197e-10,2.278970432863874e-10,2.894308177026074e-10,3.8860525919625915e-10,5.255884096409409e-10,7.186442586345674e-10,8.351953000452434e-10,9.163680860403143e-10,1.0656024916956709e-09,3.0093774668567127e-09,1.2707544595410121e-08,3.614405125658034,3.4107677697579274e-08,4.245128032349538e-08,2.234774542241566e-08,0.13366079448429008,0.6280946353174668,2.649576288266993,5.947455331440804,0.005000019331144216
photovoltaics,power,UK,1.44162095480461e-11,1.4426130725992472e-11,1.5515960846095567e-11,1.7765511231264378e-11,2.074101589034394e-11,2.4382172950114706e-11,2.6714784311910008e-11,3.026513547458183e-11,3.4471345852900274e-11,3.948841411168439e-11,4.538723638228133e-11,5.038953213349075e-11,5.585282523539357e-11,6.20592189137358e-11,6.926774234977794e-11,7.762348527910397e-11,8.450896502959258e-11,9.368304021966384e-11,1.0508977942616552e-10,1.1802479981184676e-10,1.4447068348389795e-10,1.78552964522746e-10,2.2079661507459e-10,2.815907447420379e-10,3.8388999476933457e-10,4.6544043764492197e-10,5.431443499677978e-10,6.205725349195996e-10,7.67528011170969e-10,1.3446861177778276e-09
power_line,power,AT-CH,2.8895306322921918e-11,2.8570362134220084e-11,2.7698281999639603e-11,2.6586852485528835e-11,2.847319211410994e-11,3.0540245490299196e-11,3.284830988569092e-11,3.541282911973696e-11,3.8267452054488006e-11,4.143405406820772e-11,4.4758987290187443e-11,4.891487879632251e-11,5.33294206873657e-11,5.849475303354835e-11,6.444179245259553e-11,7.13629976073177e-11,7.949902135106383e-11,8.919137949191984e-11,1.0089660973349298e-10,1.1527102279263056e-10,1.3312481921057772e-10,1.5282730663513907e-10,1.817283583729017e-10,2.1715533327642972e-10,2.607374867194127e-10,3.198985266669518e-10,4.1058754790350905e-10,5.591650314774788e-10,8.534918803870918e-10,1.7243257212640812e-09
power_line,power,AT-CZ,4.785670970538784e-11,5.2260944403671284e-11,5.852879986434086e-11,6.489883802301544e-11,7.151317190295128e-11,7.941655693955643e-11,8.864871099219781e-11,9.813610229857614e-11,1.0133440724807081e-10,9.893376575984026e-11,9.673061568090839e-11,1.078020695952051e-10,1.211067247447031e-10,1.3766433993822658e-10,1.5855541684584554e-10,1.8534040825353104e-10,2.0538267522067358e-10,2.4469226849379374e-10,2.997406793017154e-10,3.506406679856467e-10,3.937625700070134e-10,4.2830691100367266e-10,4.512079974135906e-10,4.687618776338412e-10,4.979264329237462e-10,5.326065708916392e-10,6.389249144963973e-10,8.561263527926967e-10,1.2849418493948695e-09,2.5546051884965136e-09
power_line,power,AT-DE,3.775419329166888e-11,4.117694036941987e-11,4.737423807209788e-11,5.497055565434304e-11,6.442587301271107e-11,7.679758219202113e-11,9.39091787171959e-11,1.1453445495707957e-10,1.3022288595058647e-10,1.3794163235753988e-10,1.4771317472663778e-10,1.9857480194832875e-10,2.783018688391389e-10,5.244537955310072e-10,3.422125793406844e-09,0.8564052134137362,1.8387247087024083,2.0625176856496297,3.705555618166399e-09,3.3680499858088466e-09,1.59483050503872,0.7475218667501075,2.3829178732900973e-09,1.2024219355173391e-09,7.334151568372647e-10,5.128354068829097e-10,4.348985746032525e-10,4.369878298397385e-10,4.758303564954077e-10,6.869365749377876e-10
power_line,power,AT-HU,2.5937805037782233e-11,2.68891258881065e-11,2.9966236927215984e-11,3.211959146036868e-11,3.424986847839072e-11,3.6848238928209413e-11,3.9935667312031326e-11,4.3451594077491125e-11,4.718311215885515e-11,5.1421772912494965e-11,5.1793384200650104e-11,5.66850460046734e-11,6.224392686110597e-11,6.883647554723039e-11,7.670202845362059e-11,8.603439992722694e-11,9.595336067215191e-11,1.0146591687307973e-10,1.0289046281962723e-10,1.1608193176558382e-10,1.3252534869154826e-10,1.5194276884035495e-10,1.758423620539739e-10,2.0524078762384822e-10,2.44105086198611e-10,2.985736240864051e-10,3.7936795748706347e-10,5.133391892466756e-10,7.810020437544955e-10,1.5815424026840574e-09
power_line,power,AT-IT,9.941982236901092e-11,5.115564492626165e-11,4.5412649942492045e-11,3.85734715728509e-11,4.342006832979314e-11,4.942159727744892e-11,5.697259620911574e-11,6.735636092673075e-11,7.979351610749179e-11,9.670174313522668e-11,1.1570421759957584e-10,1.0169647961681314e-10,7.801471344435124e-11,9.131373000235513e-11,1.104909005103702e-10,1.3826769832437162e-10,1.8117670242898068e-10,2.602624688484814e-10,3.519254645957746e-10,5.872304930010424e-10,1.348226030348834e-09,9.048764049387695e-10,1.3212073628981744,0.17879260719711804,1.5877711810413677e-08,4.799812485685332e-10,5.583672895153844e-10,6.451332558473145e-10,8.671667283281895e-10,1.3969869368409916e-09
power_line,power,AT-SI,5.4604795729205366e-11,5.854522684546109e-11,6.335370257080743e-11,6.83659415872668e-11,7.34152774825514e-11,7.937170132218082e-11,8.601765758777465e-11,9.350396365437951e-11,1.0198470495843579e-10,1.1160544032875109e-10,1.2263973737985493e-10,1.353649890376367e-10,1.5020454029584933e-10,1.6760818825862496e-10,1.883869286003682e-10,2.087915292930307e-10,2.3657857474290667e-10,2.7360343891279225e-10,3.2150855295352945e-10,3.8578184513714503e-10,4.769542046868035e-10,6.157216219501476e-10,6.667508087108209e-10,6.028199062272044e-10,7.111010481130725e-10,8.72102995017356e-10,1.1041013209430604e-09,1.4699223995245442e-09,2.2510869091216095e-09,4.711444133779051e-09
power_line,power,AT-SK,0.0,0.0,0.0,0.0,0.0,0.0,0.0,0.0,0.0,0.0,0.0,0.0,0.0,0.0,0.0,0.0,0.0,0.0,0.0,0.0,0.0,0.0,0.0,0.0,0.0,0.0,0.0,0.0,0.0,0.0
power_line,power,BE-DE,2.7160480214647063,0.283951976763917,2.5969049154709624e-10,1.2884826193635354e-10,7.81432028359579e-11,5.2973033363235336e-11,4.226701330554449e-11,3.671695580825553e-11,2.8298125237169734e-11,2.4467110353119855e-11,2.1819058183769774e-11,2.3163493699790217e-11,2.4630680044372787e-11,2.6249928157573147e-11,2.8049668022850617e-11,3.0061535832700245e-11,3.2346655944648465e-11,3.337942707700946e-11,3.443833612150819e-11,3.679226633781936e-11,3.903681480867553e-11,4.0120320316566715e-11,4.2393280844536234e-11,4.499066314211655e-11,4.8379026428469513e-11,5.4612877328782534e-11,6.330029343210402e-11,7.631159843329429e-11,9.905556193699596e-11,1.5267876088886718e-10
power_line,power,BE-FR,2.127522500004793e-11,2.2900097897123998e-11,2.4411504773416986e-11,2.6291091624889313e-11,2.8399542826788795e-11,3.0739901746650033e-11,3.3360885647730023e-11,3.6346397563491295e-11,3.971413415108157e-11,4.354235655988348e-11,4.793493777317064e-11,5.310723614115477e-11,5.913026128980314e-11,6.628816425478076e-11,7.491321153353974e-11,8.547008113141894e-11,9.813847618770663e-11,1.0664089939905632e-10,1.1045142546350311e-10,1.1384786197481457e-10,1.308682732139314e-10,1.5035062584757557e-10,1.7586070063321675e-10,2.0289167506078064e-10,2.459547226160016e-10,3.077866871803673e-10,4.003647303995177e-10,5.654826809712961e-10,8.203266177711813e-10,2.0088000413186534e-09
power_line,power,BE-LU,1.1219132793457182e-10,1.182545740802738e-10,1.2417514128570713e-10,1.2655155498399927e-10,1.3988529358075747e-10,1.5597347694093826e-10,1.7539150862708125e-10,1.99137092455129e-10,2.2814669148673206e-10,2.6319306814908704e-10,3.075621711385447e-10,3.708165863951329e-10,4.68660611277185e-10,6.425112995244449e-10,1.0400940348247082e-09,2.2942363788766525e-09,0.4999999449211591,3.1937075992032445e-09,8.325902577167191e-10,5.059871334976481e-10,6.242025058098465e-10,7.202224184207123e-10,8.831583095381613e-10,9.074667197306351e-10,1.1551521854326372e-09,1.5423954687419053e-09,2.1358625914966107e-09,3.685647302021675e-09,3.3704887765963904e-09,1.945770852773321e-08
power_line,power,BE-NL,6.291351195558439e-11,6.635745813951139e-11,7.236580322724385e-11,7.856793167695902e-11,8.572370895620133e-11,9.364814975600345e-11,1.026999013487964e-10,1.1298897626760251e-10,1.2418200021306538e-10,1.3786072419997945e-10,1.5369156407010212e-10,1.7438934135141089e-10,1.985009429723012e-10,2.290818663230075e-10,2.684465133040313e-10,3.206252700604162e-10,3.926420575715128e-10,4.868547206726643e-10,6.28103381433117e-10,8.816444785941747e-10,1.4708234997770173e-09,3.9044355365902165e-09,1.3657982434030756e-09,8.110151479523844e-10,6.312718760071456e-10,7.982248344261351e-10,1.0411367995684092e-09,1.5256547646056983e-09,2.655977950764493e-09,4.311533404492331e-09
power_line,power,BE-NO,0.0,0.0,0.0,0.0,0.0,0.0,0.0,0.0,0.0,0.0,0.0,0.0,0.0,0.0,0.0,0.0,0.0,0.0,0.0,0.0,0.0,0.0,0.0,0.0,0.0,0.0,0.0,0.0,0.0,0.0
power_line,power,BE-UK,2.1726035811251212e-11,2.3626770586462508e-11,2.577009770086308e-11,2.8280367586559475e-11,3.1133543720863434e-11,3.4404119699956317e-11,3.834114033890014e-11,4.3207724212573995e-11,4.884654677011792e-11,5.597926368703031e-11,6.42537312871246e-11,7.736648005035012e-11,9.001141580739722e-11,1.0283308131836482e-10,1.1823244003294198e-10,1.315744043269319e-10,1.4423256765979944e-10,1.6394178242992827e-10,1.9755648100639686e-10,2.1898472026284878e-10,3.4210568421944413e-10,7.444122659367353e-10,1.1213267754316064e-09,1.9549162774547686e-09,1.61119576280671,0.25446532689170803,2.89056821870627e-09,8.934226696560481e-10,7.612820535973422e-10,1.072655150208849e-09
power_line,power,BG-EL,0.6341080019408338,5.0435588714265026e-11,2.7422420730417408e-11,2.5677245798490022e-11,2.7461659471432238e-11,2.9400829136749735e-11,3.1517310358063374e-11,3.3835383868839225e-11,3.6379400655089354e-11,3.918165390644463e-11,4.2314537796078423e-11,4.579006094398287e-11,4.968158216052673e-11,5.40508113763186e-11,5.899265797120025e-11,6.462755113077007e-11,7.109990407699329e-11,7.859505479948802e-11,8.7365563359524e-11,9.776032776145095e-11,1.1020067635646588e-10,1.2539911070947236e-10,1.442455974411865e-10,1.6812107094080984e-10,1.9948700873402408e-10,2.4218536521367554e-10,3.0370252650377803e-10,4.021442564364033e-10,5.944192657991454e-10,1.1561226036739673e-09
power_line,power,BG-RO,7.652060271721112e-11,8.97803493721762e-11,1.1666959186484416e-10,7.555038071878867e-11,8.836261841213498e-11,1.0603788719635681e-10,1.3076270584561332e-10,1.6292737083151157e-10,2.1964630748711842e-10,3.2967432613164666e-10,6.372976857396502e-10,1.0841979611761326e-09,0.0077320003738312534,0.11631914300405594,0.21217081292025908,0.2075309253582129,0.22194609892927453,0.23430101055036318,2.1052973442562275e-09,4.466727556126795e-10,4.04965941225678e-10,2.949043772193711e-10,3.2689318406445864e-10,3.75453228148944e-10,4.815646564031348e-10,2.59854051471413e-10,1.5742660278474313e-10,1.338693340099193e-10,1.5056512371576046e-10,1.9499787168880613e-10
power_line,power,CH-AT,0.0,0.0,0.0,0.0,0.0,0.0,0.0,0.0,0.0,0.0,0.0,0.0,0.0,0.0,0.0,0.0,0.0,0.0,0.0,0.0,0.0,0.0,0.0,0.0,0.0,0.0,0.0,0.0,0.0,0.0
power_line,power,CH-DE,3.822673747816331,3.251309366687693e-10,3.386613328318864e-10,3.0561395502526756e-10,3.0575129811839417e-10,4.420258005829153e-10,3.2181330803329063e-10,1.8661837783944823e-10,1.6930896499420823e-10,1.561948421515767e-10,1.495370195836267e-10,1.7942652020746132e-10,2.7331278370562784e-10,5.626489047082173e-10,0.37732624329764736,3.4701764705828425e-09,5.735910858194387e-10,2.7278717675664684e-10,1.641063616938077e-10,1.275871221681971e-10,1.1244293525398014e-10,9.221816343263875e-11,7.14215333906932e-11,5.997588417065047e-11,5.139803150106151e-11,4.708615976175306e-11,4.312087504943394e-11,4.1204105852421107e-11,4.260969993564522e-11,5.1734966092209515e-11
power_line,power,CH-FR,2.5206902300793778e-11,2.852766144197221e-11,3.150629482303638e-11,3.4952451506126244e-11,3.882688624048863e-11,4.33456741625449e-11,4.870210044222104e-11,5.518474233587154e-11,6.318251816518647e-11,7.328363061102241e-11,8.650845970344201e-11,1.0454983944452322e-10,1.304453923135571e-10,1.7128625857201208e-10,2.2838176676029834e-10,2.70003353186317e-10,2.547341599910329e-10,2.352104826618421e-10,2.1191481649726597e-10,1.7272275652865497e-10,1.7428336946965735e-10,1.9615447901277306e-10,2.244365366124307e-10,2.625926188841744e-10,3.13324737593825e-10,3.8316306999422543e-10,4.874929551555463e-10,6.621339758413276e-10,1.0085887145987755e-09,2.0259150672416497e-09
power_line,power,CH-IT,3.265708516524697e-11,2.912297768388569e-11,3.131062681489091e-11,3.3157123474056917e-11,3.748288367427726e-11,4.271355000173723e-11,4.915682716091845e-11,5.7339269897148554e-11,6.647551727147471e-11,7.795457999783864e-11,9.38193826453533e-11,8.713710676966183e-11,7.096551380769286e-11,8.336137274346859e-11,1.0023392674620648e-10,1.2428580578356102e-10,1.6076860173164453e-10,2.2424505273449636e-10,2.9238875381865084e-10,4.566590549891722e-10,8.551604144886713e-10,6.522042473472661e-10,4.202399031952854e-09,0.4101947766061391,0.08779710031478337,5.048645077792491e-10,6.001848882057584e-10,7.130611043185015e-10,1.008071396523552e-09,1.6775282439587984e-09
power_line,power,CZ-AT,0.0,0.0,0.0,0.0,0.0,0.0,0.0,0.0,0.0,0.0,0.0,0.0,0.0,0.0,0.0,0.0,0.0,0.0,0.0,0.0,0.0,0.0,0.0,0.0,0.0,0.0,0.0,0.0,0.0,0.0
power_line,power,CZ-DE,1.4999999994057085,8.992379792917402e-11,4.472051964866436e-11,3.073235223873766e-11,2.7947126513440337e-11,2.6077777951682725e-11,2.4865959666747137e-11,2.3939611504583132e-11,2.2005977771981772e-11,2.0337756899914036e-11,1.90911030408178e-11,1.8186958840013524e-11,1.751787160186398e-11,1.7067998829894818e-11,1.6290854357578202e-11,1.5084826942128017e-11,1.4032014620795394e-11,1.3060696325502142e-11,1.2149357805604448e-11,1.1488471636609024e-11,1.1111264812869296e-11,1.0838457968209588e-11,1.0499130585178473e-11,1.0325021383394873e-11,1.0228677897889968e-11,1.0374204314048382e-11,1.0678928121157878e-11,1.1355966586473921e-11,1.2894367543853909e-11,1.7253340145353555e-11
power_line,power,CZ-PL,4.681454817349672e-11,5.093300216575341e-11,5.85078130834821e-11,6.785618879550467e-11,7.909103344259545e-11,9.465536169049441e-11,1.1642734588863532e-10,1.490337349456671e-10,1.828471509038536e-10,2.2205514604023787e-10,2.8485708194197607e-10,4.4098609911988866e-10,7.522701039824503e-10,2.1496056332560846e-09,0.35667833572390234,0.6654268741424925,0.2726313138488367,0.08278348111437576,0.12247998846230505,6.373267696350998e-10,3.0641469353939374e-10,1.8457816782567543e-10,1.2207908527914276e-10,1.0355692357817471e-10,9.170324262595792e-11,8.936996935221795e-11,8.56319879695116e-11,8.308910697921016e-11,8.697447840747028e-11,1.0632782598549255e-10
power_line,power,CZ-SK,7.308304678033198e-11,8.66062859668157e-11,1.0706707300320091e-10,1.377437844508172e-10,1.880892506045316e-10,2.8812238782095163e-10,5.865314272777556e-10,0.5151961470510136,1.1304332521259625e-09,2.094031961819016e-09,0.026255205033808408,0.11516700836925053,0.009117214274723636,0.21834934593658661,0.04025893071065605,0.03046206822571615,0.09421362186204157,1.667622730344058e-09,1.1084845284148961e-09,0.4509804493469369,5.440506284567408e-10,2.552319044909922e-10,1.417186334220829e-10,1.127105497173836e-10,9.614812885738385e-11,9.195286399073049e-11,8.656128677404764e-11,8.474101712779839e-11,8.861023299569141e-11,1.1025794563711781e-10
power_line,power,DE-AT,0.0,0.0,0.0,0.0,0.0,0.0,0.0,0.0,0.0,0.0,0.0,0.0,0.0,0.0,0.0,0.0,0.0,0.0,0.0,0.0,0.0,0.0,0.0,0.0,0.0,0.0,0.0,0.0,0.0,0.0
power_line,power,DE-BE,0.0,0.0,0.0,0.0,0.0,0.0,0.0,0.0,0.0,0.0,0.0,0.0,0.0,0.0,0.0,0.0,0.0,0.0,0.0,0.0,0.0,0.0,0.0,0.0,0.0,0.0,0.0,0.0,0.0,0.0
power_line,power,DE-CH,0.0,0.0,0.0,0.0,0.0,0.0,0.0,0.0,0.0,0.0,0.0,0.0,0.0,0.0,0.0,0.0,0.0,0.0,0.0,0.0,0.0,0.0,0.0,0.0,0.0,0.0,0.0,0.0,0.0,0.0
power_line,power,DE-CZ,0.0,0.0,0.0,0.0,0.0,0.0,0.0,0.0,0.0,0.0,0.0,0.0,0.0,0.0,0.0,0.0,0.0,0.0,0.0,0.0,0.0,0.0,0.0,0.0,0.0,0.0,0.0,0.0,0.0,0.0
power_line,power,DE-DK,1.5820434251195425e-11,1.7123416102004833e-11,1.8408823222221235e-11,1.9804193651684845e-11,2.125777030561106e-11,2.280699308742755e-11,2.4500841120429568e-11,2.6354920125872528e-11,2.839955655337574e-11,3.064276020117128e-11,3.313893836664532e-11,3.5706179575842064e-11,3.869765377796573e-11,4.2048164031947136e-11,4.5942927248477755e-11,5.040152980559197e-11,5.551931555766938e-11,6.135816245977717e-11,6.817346951157894e-11,7.640458540608314e-11,8.633794701295765e-11,9.854904406712599e-11,1.1384805154793728e-10,1.3360921471775216e-10,1.6011994047981935e-10,1.9738246282282021e-10,2.5339991913040635e-10,3.473450891576215e-10,5.366641046029952e-10,1.1047991228380178e-09
power_line,power,DE-FR,1.1825139134273467e-11,1.2692413388748638e-11,1.3653872698954679e-11,1.4681362988210634e-11,1.5823330224350058e-11,1.70768747865959e-11,1.8433118836991658e-11,1.9921633960681825e-11,2.157935461498169e-11,2.3423609171564074e-11,2.5493081185418863e-11,2.7825463726189738e-11,3.0478749092378034e-11,3.352611910150791e-11,3.706084660564485e-11,4.119460535452292e-11,4.606580761609125e-11,5.021720441588317e-11,5.3611991446903094e-11,5.72642678081802e-11,6.511695350566556e-11,7.467509369240329e-11,8.71035215947425e-11,1.0169970687363936e-10,1.2280421649215037e-10,1.528551532448355e-10,1.98986604430195e-10,2.792350457085494e-10,4.241978104888445e-10,9.128713595133157e-10
power_line,power,DE-LU,3.598909412397461e-09,9.10236543484834e-10,6.309014631849157e-10,5.271644537590928e-10,4.974991844871447e-10,4.990273159559096e-10,5.130627161602239e-10,5.511376940525783e-10,6.236947448602006e-10,7.259877354613549e-10,8.82271883837684e-10,1.184198945293778e-09,1.7771694014259611e-09,1.7093156503729405e-09,1.1188090824503553e-09,9.670041216498926e-10,1.4870992193134006e-09,1.0471351254121732e-09,6.372056396035718e-10,4.578973230344495e-10,5.391541926594481e-10,6.252543975795585e-10,7.698622526108355e-10,8.464557411553559e-10,1.0376103949511094e-09,1.3159888729060446e-09,1.7985149188506514e-09,2.8113099364361205e-09,3.440428656447335e-09,9.202549188321455e-09
power_line,power,DE-NL,2.5386248961692027e-11,2.7042881405725337e-11,2.916483937522563e-11,3.121278777153036e-11,3.349104513935368e-11,3.593081786024359e-11,3.860897599422448e-11,4.1555835324083124e-11,4.4825724888333276e-11,4.844793613464843e-11,5.251091014796594e-11,5.6330768328321044e-11,6.095209091879468e-11,6.60786444988211e-11,7.210721646086618e-11,7.917433471178321e-11,8.729231732635075e-11,9.67216274581637e-11,1.0784546660451414e-10,1.2109910436198295e-10,1.371556457907641e-10,1.5697349374129548e-10,1.8209635662462782e-10,2.1478518140973484e-10,2.5900925956232646e-10,3.219644777922534e-10,4.1279876300118654e-10,5.679783003692884e-10,8.77408345979255e-10,1.7942244519825342e-09
power_line,power,DE-NO,5.398435786390627e-12,5.7889956379132696e-12,6.278004159684097e-12,6.746049324581481e-12,7.248709806014132e-12,7.788260408119589e-12,8.371311342246062e-12,9.010229130350248e-12,9.715625760024295e-12,1.0489690634463966e-11,1.1350472557717306e-11,1.2298258004614403e-11,1.3367452280934813e-11,1.4568989673743468e-11,1.5931921113573288e-11,1.7490220271681094e-11,1.9279972202341736e-11,2.135920132851963e-11,2.3800642674311257e-11,2.6699737964867196e-11,3.019828036393907e-11,3.4499175020689835e-11,3.9882815404584066e-11,4.681516278453277e-11,5.5949829720953273e-11,6.869719252260388e-11,8.77339893484699e-11,1.1926911983834756e-10,1.8312763130312023e-10,3.7502006195865334e-10
power_line,power,DE-PL,1.3068438925570544e-11,1.4847822806060884e-11,1.6146961301488593e-11,1.733352710248665e-11,1.864108815105058e-11,2.003570781847782e-11,2.1553780976745753e-11,2.3216813430090996e-11,2.4889516022017773e-11,2.652126966215028e-11,2.8351775130964128e-11,3.0699242855334373e-11,3.3339616313592955e-11,3.630667124314183e-11,3.967724261044369e-11,4.3530309966273354e-11,4.797229213349521e-11,5.314928745979023e-11,5.908714037247662e-11,6.633473974996443e-11,7.479299546709825e-11,8.518244393240021e-11,9.838006186007513e-11,1.1539839487197624e-10,1.3816346977962628e-10,1.7016389023899204e-10,2.1829550042032994e-10,2.987110112144238e-10,4.589061460927872e-10,9.386842080142829e-10
power_line,power,DE-SE,6.7182582707112825e-12,7.074065586841795e-12,7.586196107259383e-12,8.130794137465574e-12,8.69278006970832e-12,9.320929011437801e-12,1.0008325920731724e-11,1.0764033036435954e-11,1.1605550481232435e-11,1.2530525518585408e-11,1.3555511731285593e-11,1.4700184629763504e-11,1.5982191769732348e-11,1.7430424104704494e-11,1.9077268478207536e-11,2.0959122904589488e-11,2.311879785680569e-11,2.560845650962643e-11,2.854291890643959e-11,3.205958289880468e-11,3.630929747996261e-11,4.153153617852188e-11,4.793009048364702e-11,5.6234984007749756e-11,6.715576067691864e-11,8.236423083907623e-11,1.0498988592109919e-10,1.4258841689709085e-10,2.1871890061062318e-10,4.449044090393236e-10
power_line,power,DE-UK,1.4530660945528496e-09,3.620666409526909e-10,2.526468438456995e-10,2.339986826012919e-10,2.2228959765028484e-10,2.2175575459612274e-10,2.3417966324433207e-10,2.696144785049078e-10,3.352702705144666e-10,4.776526117921101e-10,8.207447670196225e-10,6.916633416582747e-10,4.0173120982580965e-10,2.7599315898077577e-10,2.1388598785023048e-10,2.2260304015875595e-10,2.218906658578743e-10,2.3214809608428775e-10,2.57553675309783e-10,2.496422977883162e-10,3.2011471062435276e-10,4.2941847267831483e-10,6.11324559531769e-10,1.014380445074676e-09,3.88894097352764e-09,2.927166774889666e-09,1.574094775898983e-09,7.355527990866533e-10,6.64916643738105e-10,1.0601509075165772e-09
power_line,power,DK-DE,0.0,0.0,0.0,0.0,0.0,0.0,0.0,0.0,0.0,0.0,0.0,0.0,0.0,0.0,0.0,0.0,0.0,0.0,0.0,0.0,0.0,0.0,0.0,0.0,0.0,0.0,0.0,0.0,0.0,0.0
power_line,power,DK-NL,1.9999999995608426,5.0974904370599526e-11,2.22213627272269e-11,1.472741100000156e-11,1.5584834597447946e-11,1.6661397849285744e-11,1.7936929399161713e-11,1.9415866709807588e-11,1.8861871866120218e-11,1.7883429278905013e-11,1.653649767607307e-11,1.5795839842167414e-11,1.511037680678668e-11,1.456651113277035e-11,1.3732750038827236e-11,1.2548493709183725e-11,1.1753585958527168e-11,1.08864300531205e-11,1.0180890151816213e-11,9.65361005207755e-12,9.283092476219078e-12,9.024959786825493e-12,8.836804724007016e-12,8.749649832111766e-12,8.759899371950335e-12,9.003975807393543e-12,9.372068223654251e-12,1.0006679845510911e-11,1.1556491733629064e-11,1.578379037661435e-11
power_line,power,DK-NO,8.542544679380445e-12,9.189190352419105e-12,9.866754279258412e-12,1.0577846105923568e-11,1.1343106086045918e-11,1.219366690350654e-11,1.2632756600859422e-11,1.3575448996806188e-11,1.462012425857784e-11,1.576189154639399e-11,1.703027200728735e-11,1.8435657657113633e-11,2.0022777419832256e-11,2.1812088593713993e-11,2.3840578868779347e-11,2.616041713073333e-11,2.883896145252323e-11,3.1959381341455746e-11,3.5639119850889426e-11,4.002870592698542e-11,4.5209641789209543e-11,5.187579971198076e-11,5.983062639640478e-11,7.001568962123996e-11,8.354371507588204e-11,1.0236992777888474e-10,1.304903223633885e-10,1.768010326904346e-10,2.711442267781584e-10,5.542666481231819e-10
power_line,power,DK-SE,1.1029494976022424e-11,1.1753781097956722e-11,1.299054330882201e-11,1.407051905059138e-11,1.523516624877076e-11,1.6537385193928047e-11,1.7976037340208793e-11,1.958100452912033e-11,2.1386599987548597e-11,2.3440360247511102e-11,2.5793677499190386e-11,2.8527945754564546e-11,3.170359271919519e-11,3.546282885061159e-11,3.997331375115792e-11,4.548254928016703e-11,5.2343712025606223e-11,6.109118798916407e-11,7.274725398205753e-11,8.906589706763513e-11,1.1383480927732532e-10,1.6072344529438467e-10,1.5852267611849213e-10,1.6902704528858652e-10,1.600664784975357e-10,1.678775729241128e-10,2.2315286764953627e-10,3.0290073084224027e-10,4.636879751678468e-10,9.44236088383571e-10
power_line,power,DK-UK,0.9579291811827049,5.260778914178871e-10,0.22652838591685404,8.188931661013184e-11,1.242553143487743e-10,2.5860408665194505e-10,2.3128606306376548e-10,0.21554242600383325,4.541242607959186e-10,1.9072795974062783e-10,1.3511181683368817e-10,1.4848400116018587e-10,1.3962673072324906e-10,1.284129847648572e-10,1.1055752800291255e-10,1.1655360168769917e-10,1.1506315781418539e-10,1.0458181615701132e-10,9.755391473963291e-11,1.016492955466536e-10,1.1293604802269289e-10,1.3316094824170371e-10,1.6073256945239836e-10,1.9030699734943292e-10,2.2710882717784836e-10,2.4536250330537076e-10,2.7017688643361574e-10,2.6290193307538877e-10,3.02797843834029e-10,4.945025774350976e-10
power_line,power,EE-FI,1.2844076853321567e-11,1.3549376101302195e-11,1.446404089404475e-11,1.550673088774474e-11,1.662607505388866e-11,1.7815377049000767e-11,1.9104221665231384e-11,2.052251056311888e-11,2.2085052768465483e-11,2.381497281214789e-11,2.573876333763545e-11,2.7919088743013986e-11,3.035295244888807e-11,3.3074168884268945e-11,3.618140395806849e-11,3.974390666896048e-11,4.388981417806758e-11,4.8800090730605275e-11,5.4881957852683555e-11,6.29615945227435e-11,7.556376068253267e-11,1.0428958175482908e-10,1.0915983401827667e-10,1.1828810879270277e-10,1.3480254995075398e-10,1.6209611344328977e-10,2.06796344561522e-10,2.8061917016593246e-10,4.2643295718975447e-10,8.603888236467824e-10
power_line,power,EE-LV,4.1802246319135914e-11,4.4536825520869536e-11,4.798330549961943e-11,5.147248346562224e-11,5.511116439170787e-11,5.901216448153236e-11,6.320196560658024e-11,6.778887345334078e-11,7.280488175626752e-11,7.833028825567516e-11,8.440638093180079e-11,9.124432815742586e-11,9.88007459890756e-11,1.0731651134044004e-10,1.1693689338744617e-10,1.2794175688698348e-10,1.4057617858877889e-10,1.5524080016080104e-10,1.7235297782290257e-10,1.9264240618091606e-10,2.1706739872285025e-10,2.470092663169705e-10,2.8447925378136684e-10,3.326807296012649e-10,3.968624193487043e-10,4.864746184986297e-10,6.204977131071944e-10,8.399262401261544e-10,1.2684463245609596e-09,2.493817354633981e-09
power_line,power,EL-BG,0.0,0.0,0.0,0.0,0.0,0.0,0.0,0.0,0.0,0.0,0.0,0.0,0.0,0.0,0.0,0.0,0.0,0.0,0.0,0.0,0.0,0.0,0.0,0.0,0.0,0.0,0.0,0.0,0.0,0.0
power_line,power,EL-IT,1.9999999993576558,9.049976010329244e-11,2.783017068454901e-11,1.7520878389663833e-11,1.6739504388477087e-11,1.5987969766187828e-11,1.588460346173841e-11,1.6386639487653538e-11,1.7193994190815897e-11,1.7578971544321277e-11,1.7699369511165066e-11,1.761251372907707e-11,1.766288825209568e-11,1.7789029573821084e-11,1.801177789053622e-11,1.836497092918492e-11,1.8748906569598807e-11,1.8993165579311278e-11,1.8177662732105652e-11,1.7519107362075168e-11,1.718811681178318e-11,1.6353875861253133e-11,1.6000042479042673e-11,1.6066672678878807e-11,1.633901600914428e-11,1.7061610052229763e-11,1.8195887523004882e-11,2.032825589960219e-11,2.4059793582431798e-11,3.395178103119653e-11
power_line,power,ES-FR,5.999999998425099,5.032872658939365e-10,7.234156018667688e-11,5.571720938557021e-11,5.7310797491663227e-11,6.210678141303416e-11,6.627313276435877e-11,6.950627450393167e-11,6.64010532239972e-11,6.256626080433379e-11,6.00067866384248e-11,5.175553867703863e-11,4.3245922921944586e-11,3.612372206497539e-11,2.986563244082017e-11,2.567408927458739e-11,2.33736612457435e-11,2.1098151806163694e-11,1.9421315001661016e-11,1.7598470131821627e-11,1.668669746997662e-11,1.6777718262869217e-11,1.7043128051965654e-11,1.729784568896827e-11,1.7712739497883236e-11,1.8213547172225175e-11,1.909396814600128e-11,2.0998136316953188e-11,2.4584574249511327e-11,3.356564760641908e-11
power_line,power,ES-PT,2.284225507149406e-11,2.481349533052038e-11,2.6872058130364872e-11,2.879709666664773e-11,3.090584788487081e-11,3.315762521374997e-11,3.560218094559488e-11,3.82760169693354e-11,4.121025228411769e-11,4.445461875163581e-11,4.807100265377571e-11,5.2042193847879956e-11,5.6521454794931996e-11,6.157678587670516e-11,6.729821708597246e-11,7.382365262715011e-11,8.13225035258081e-11,9.002868091655775e-11,1.0008991690720164e-10,1.1239850909515636e-10,1.270656966310793e-10,1.4508640901807136e-10,1.6772403748433585e-10,1.9695508783571476e-10,2.359795345667891e-10,2.9090994034979806e-10,3.724700494849515e-10,5.080817584021027e-10,7.786734018927845e-10,1.5878590774983552e-09
power_line,power,FI-EE,0.0,0.0,0.0,0.0,0.0,0.0,0.0,0.0,0.0,0.0,0.0,0.0,0.0,0.0,0.0,0.0,0.0,0.0,0.0,0.0,0.0,0.0,0.0,0.0,0.0,0.0,0.0,0.0,0.0,0.0
power_line,power,FI-NO,0.9999999967869627,6.238329752977987e-10,1.7915154341988248e-10,1.007531977952822e-10,1.1287446526884991e-10,8.24685940704843e-11,6.308060868446357e-11,5.079646512009788e-11,4.540185703100831e-11,4.1519616828225614e-11,3.8808667045011064e-11,3.641526676246346e-11,3.471284815380867e-11,3.375427226938212e-11,3.3595047304173785e-11,3.5990531119823806e-11,3.866174281835742e-11,4.1713732747322386e-11,4.5157397122523846e-11,4.909610933009864e-11,5.364768477318448e-11,5.899173501639714e-11,6.540455775866495e-11,7.32492763863177e-11,8.310947366995062e-11,9.592581018385697e-11,1.1353030856125959e-10,1.3986775413948978e-10,1.8488461799919815e-10,2.9433151854217286e-10
power_line,power,FI-SE,2.1543089882405044,0.31706015908681023,3.611274638155193e-10,1.7060934274581596e-10,2.414602292043057e-10,1.4801597567966125e-10,1.5078299756669778e-10,1.0444204467514954e-10,8.620406075593241e-11,7.464642137355339e-11,6.725495497615321e-11,6.018610955650967e-11,5.5155417555110806e-11,5.2263454866168297e-11,5.114238254212423e-11,5.595191229317345e-11,6.144993979481043e-11,6.794221562545299e-11,7.558567347753346e-11,8.465279705619828e-11,9.550033961043629e-11,1.0894499380521997e-10,1.2581582757316677e-10,1.4754761307483245e-10,1.765469762725924e-10,2.1720747965034668e-10,2.782355808622984e-10,3.7995297948463396e-10,5.834280047022274e-10,1.194008172309416e-09
power_line,power,FR-BE,0.0,0.0,0.0,0.0,0.0,0.0,0.0,0.0,0.0,0.0,0.0,0.0,0.0,0.0,0.0,0.0,0.0,0.0,0.0,0.0,0.0,0.0,0.0,0.0,0.0,0.0,0.0,0.0,0.0,0.0
power_line,power,FR-CH,0.0,0.0,0.0,0.0,0.0,0.0,0.0,0.0,0.0,0.0,0.0,0.0,0.0,0.0,0.0,0.0,0.0,0.0,0.0,0.0,0.0,0.0,0.0,0.0,0.0,0.0,0.0,0.0,0.0,0.0
power_line,power,FR-DE,0.0,0.0,0.0,0.0,0.0,0.0,0.0,0.0,0.0,0.0,0.0,0.0,0.0,0.0,0.0,0.0,0.0,0.0,0.0,0.0,0.0,0.0,0.0,0.0,0.0,0.0,0.0,0.0,0.0,0.0
power_line,power,FR-ES,0.0,0.0,0.0,0.0,0.0,0.0,0.0,0.0,0.0,0.0,0.0,0.0,0.0,0.0,0.0,0.0,0.0,0.0,0.0,0.0,0.0,0.0,0.0,0.0,0.0,0.0,0.0,0.0,0.0,0.0
power_line,power,FR-IT,2.099999999634721,2.973759936206653e-11,1.1558482765495195e-11,1.0235529290546136e-11,1.0324528733984357e-11,1.0427656791132172e-11,1.075437884778878e-11,1.1329529323517053e-11,1.1676894676509298e-11,1.1723318100517736e-11,1.1775737594004975e-11,1.145787067144294e-11,1.0853196912740456e-11,1.0613844947785509e-11,1.0117216435967334e-11,9.519889541832709e-12,9.438168088887986e-12,9.33115109249471e-12,9.021075356990762e-12,8.64046696963389e-12,8.524894154079587e-12,8.736581505806635e-12,9.241577368720577e-12,9.739246453733124e-12,1.034790237510481e-11,1.0928582311211367e-11,1.2072313585511086e-11,1.3748414851366359e-11,1.666028991410719e-11,2.4119945625080876e-11
power_line,power,FR-LU,0.0,0.0,0.0,0.0,0.0,0.0,0.0,0.0,0.0,0.0,0.0,0.0,0.0,0.0,0.0,0.0,0.0,0.0,0.0,0.0,0.0,0.0,0.0,0.0,0.0,0.0,0.0,0.0,0.0,0.0
power_line,power,FR-NO,0.0,0.0,0.0,0.0,0.0,0.0,0.0,0.0,0.0,0.0,0.0,0.0,0.0,0.0,0.0,0.0,0.0,0.0,0.0,0.0,0.0,0.0,0.0,0.0,0.0,0.0,0.0,0.0,0.0,0.0
power_line,power,FR-UK,1.6106925780192927,1.3394098759692722e-10,7.513412813088679e-11,7.187319804039679e-11,8.501636705232156e-11,1.0229404119658176e-10,1.243630065219139e-10,1.5302616686256012e-10,1.9115548576108127e-10,2.434701180612296e-10,3.164744064530283e-10,4.2546751656985146e-10,6.034655538555765e-10,9.24162370178287e-10,2.036031221797957e-09,1.0224599031764974,0.8517595860622481,0.28871668903881686,1.877945339137491,1.5666175569118106,0.3818083409447431,3.824557720249699e-10,1.883179940410614e-10,1.3139690431181173e-10,1.0678615144436345e-10,8.44071022485286e-11,6.947479184469022e-11,6.130484855555667e-11,5.959973441884093e-11,7.285922896099754e-11
power_line,power,HR-HU,2.919011621867687e-11,3.11887374962619e-11,3.364992547441363e-11,3.625399780136317e-11,3.8988161844466623e-11,4.19907315153202e-11,4.532875321728591e-11,4.9009809147547056e-11,5.310690320055202e-11,5.772567795796647e-11,6.290466152650334e-11,6.87927688341592e-11,7.54930814024051e-11,8.32375571361447e-11,9.228712395758204e-11,1.0285597770006698e-10,1.1422225351057338e-10,1.1868844866827504e-10,1.2349435130856012e-10,1.3922041134054795e-10,1.5859866471833445e-10,1.8116734683027687e-10,2.0847272106186863e-10,2.43622201084303e-10,2.9034349948274073e-10,3.557129028868251e-10,4.5331482528945763e-10,6.150669578204417e-10,9.317104827720613e-10,1.8501747193431615e-09
power_line,power,HR-SI,5.419621195330533e-11,5.4309665597841064e-11,5.6976152138394136e-11,6.056501370482035e-11,6.446764922758093e-11,6.868694455302555e-11,7.339605966506309e-11,7.860145196208882e-11,8.43318058483877e-11,9.057834934329056e-11,9.752518400337633e-11,1.0524736459516372e-10,1.1401861515962468e-10,1.2391428974128078e-10,1.3514269804721542e-10,1.479254080759884e-10,1.6259695633753246e-10,1.795599384069286e-10,1.9944541216118512e-10,2.22903575443088e-10,2.510931361701057e-10,2.853973977192743e-10,3.283500863620272e-10,3.8349826452303545e-10,4.5705252495421407e-10,5.600228934654522e-10,7.139475917709654e-10,9.69828024918468e-10,1.4796991829117546e-09,2.9900429114528824e-09
power_line,power,HU-AT,0.0,0.0,0.0,0.0,0.0,0.0,0.0,0.0,0.0,0.0,0.0,0.0,0.0,0.0,0.0,0.0,0.0,0.0,0.0,0.0,0.0,0.0,0.0,0.0,0.0,0.0,0.0,0.0,0.0,0.0
power_line,power,HU-HR,0.0,0.0,0.0,0.0,0.0,0.0,0.0,0.0,0.0,0.0,0.0,0.0,0.0,0.0,0.0,0.0,0.0,0.0,0.0,0.0,0.0,0.0,0.0,0.0,0.0,0.0,0.0,0.0,0.0,0.0
power_line,power,HU-RO,1.6680405769403777,9.56516046979825e-10,0.3455482257074651,0.04250051772210346,0.05696569745412884,0.039088516035950906,0.14628032266878133,0.4154907707319307,0.1266175177422434,0.18646785042704606,1.1925452083399692e-09,4.2016870334385923e-10,2.0565133622259493e-10,3.3142905959415615e-10,1.9319584133130128e-10,1.4091543077764043e-10,1.1232971995137528e-10,9.437453656136709e-11,8.124819456346694e-11,7.202382032875496e-11,6.705236084488037e-11,6.430654112434168e-11,6.56530370160382e-11,5.26144893941561e-11,5.467472405675952e-11,5.905725254289372e-11,6.112911597164332e-11,6.588742405038706e-11,7.61996018242364e-11,9.923498882404662e-11
power_line,power,HU-SI,0.9999999995886515,2.972237239172229e-11,1.6119237132120283e-11,1.4312544740109056e-11,1.487332339604129e-11,1.580213273665853e-11,1.59221055833066e-11,1.6063727866719943e-11,1.5420588008379314e-11,1.4563393616356237e-11,1.3722827178901927e-11,1.311521399613269e-11,1.293971184509824e-11,1.2275442364107742e-11,1.1679205648236765e-11,1.1216145831709509e-11,1.095827896656226e-11,1.0732181220648939e-11,1.0522756132457524e-11,1.0353588913712182e-11,1.0225940853705421e-11,1.0035138180785903e-11,1.0048911792070678e-11,1.0204791415350515e-11,1.0467163727266592e-11,1.0956717777233242e-11,1.172682215665464e-11,1.2926211044521721e-11,1.5102686209219766e-11,2.096095959053108e-11
power_line,power,HU-SK,0.9999999989346532,1.47641818101114e-10,7.805644365319603e-11,7.289283500732619e-11,7.04022448259656e-11,6.869619121381514e-11,6.751229467867641e-11,6.659426134528372e-11,4.465283576486828e-11,3.5564045667114967e-11,3.023703939831186e-11,2.6761288901312242e-11,2.417358036918741e-11,2.2212781610680682e-11,2.0723906661240866e-11,1.965333710711512e-11,1.8921319460301263e-11,1.7601457908601477e-11,1.7393447662074907e-11,1.7475795564877566e-11,1.6809336758767473e-11,1.61791760149446e-11,1.5730225520601526e-11,1.5321993353216796e-11,1.5303335727515825e-11,1.5443732764342024e-11,1.6064068171818703e-11,1.726423329263464e-11,1.9866836345172557e-11,2.6986112592632083e-11
power_line,power,IE-UK,4.0676855146554545e-11,4.556866260753727e-11,4.141359837240719e-11,4.542975049092853e-11,5.0162804825414997e-11,5.464856132237886e-11,5.929942165596088e-11,6.442414016416692e-11,7.04328304828392e-11,7.749867336492902e-11,8.581494300119223e-11,8.622274777103351e-11,8.053821267568733e-11,8.32382161668027e-11,8.907015396755013e-11,9.451155562088116e-11,1.0372694240486326e-10,1.1482745667700317e-10,1.2731661510709998e-10,1.4159384599523868e-10,1.6268857455935525e-10,1.8147816272107406e-10,2.0437562058278886e-10,2.387463156218581e-10,2.931189529945361e-10,3.4550381248550105e-10,3.865691030865086e-10,5.20394071426089e-10,7.967767674964495e-10,1.6275589418427094e-09
power_line,power,IT-AT,0.0,0.0,0.0,0.0,0.0,0.0,0.0,0.0,0.0,0.0,0.0,0.0,0.0,0.0,0.0,0.0,0.0,0.0,0.0,0.0,0.0,0.0,0.0,0.0,0.0,0.0,0.0,0.0,0.0,0.0
power_line,power,IT-CH,0.0,0.0,0.0,0.0,0.0,0.0,0.0,0.0,0.0,0.0,0.0,0.0,0.0,0.0,0.0,0.0,0.0,0.0,0.0,0.0,0.0,0.0,0.0,0.0,0.0,0.0,0.0,0.0,0.0,0.0
power_line,power,IT-EL,0.0,0.0,0.0,0.0,0.0,0.0,0.0,0.0,0.0,0.0,0.0,0.0,0.0,0.0,0.0,0.0,0.0,0.0,0.0,0.0,0.0,0.0,0.0,0.0,0.0,0.0,0.0,0.0,0.0,0.0
power_line,power,IT-FR,0.0,0.0,0.0,0.0,0.0,0.0,0.0,0.0,0.0,0.0,0.0,0.0,0.0,0.0,0.0,0.0,0.0,0.0,0.0,0.0,0.0,0.0,0.0,0.0,0.0,0.0,0.0,0.0,0.0,0.0
power_line,power,IT-SI,1.5213914089352375e-10,1.313867600150875e-10,1.652703177004387e-10,2.1884872561788523e-10,3.1707992510587734e-10,7.79994583289845e-10,0.4592179077941633,0.07989838495645568,2.119944236126242e-09,1.187726134955254e-09,0.3287432889275073,0.028328890311183984,0.049877494597894714,0.02205688439851415,0.03209004051214508,0.2792410273633414,1.1648500825836345e-08,3.184184645846561e-08,0.8655460282632574,2.11835207944133e-09,7.535960785566909e-10,2.1577468346048107e-10,1.4281816524178936e-10,1.3479722436311015e-10,1.1905339094137127e-10,1.1920283622746704e-10,1.2159289333841342e-10,1.2346616953349463e-10,1.238839337194312e-10,1.5316261347131386e-10
power_line,power,LT-LV,0.4123879529732817,0.009366546591777212,8.822109206067469e-10,4.899060871523478e-10,8.988194089494588e-10,0.05772966046684834,0.09496834915784402,0.1559992108416524,1.642062244963547e-09,1.123389838117254e-09,0.11578822663269953,0.05593351627451017,0.036242430323551435,0.031655883628658135,0.029928209194860438,3.039447346370273e-09,1.0127911776594226e-09,7.639884584328333e-10,6.351620354228301e-10,4.945192144346799e-10,3.796041086193881e-10,3.1300695963153823e-10,2.4560578488373613e-10,2.2580949482483747e-10,2.096762287188511e-10,1.912211078903787e-10,1.874929488093298e-10,2.0323085904383819e-10,2.230773101759037e-10,2.903580710076707e-10
power_line,power,LT-PL,0.6999999995582805,7.051584698892981e-11,3.189864161926411e-11,2.055201372224501e-11,1.5751164537057828e-11,1.5173741406647087e-11,1.578064409683897e-11,1.5808138663946128e-11,1.457950535745078e-11,1.3435659975409455e-11,1.2288257737351085e-11,1.2183398498076337e-11,1.2009569471462572e-11,1.1803775181375985e-11,1.1465801019482895e-11,1.0795068007846313e-11,1.03566474858911e-11,9.922611150319091e-12,9.562862854164176e-12,9.246433521037549e-12,9.01006961349057e-12,8.799898983676015e-12,8.605107976864873e-12,8.661678948330931e-12,8.857035758462373e-12,9.242836259429555e-12,9.797020059836623e-12,1.0686111509271801e-11,1.2501427458764629e-11,1.7309078759078174e-11
power_line,power,LT-SE,1.7677837182371246e-10,2.7962505951990573e-10,1.8589537273833613e-10,1.336849859434126e-10,3.245076506399361e-10,3.2119447918897537e-10,7.953625234280078e-10,3.6235606406142186e-10,2.071040008510163e-10,1.781760202662452e-10,2.0837431880198355e-10,2.237507846560379e-10,2.5167614683290547e-10,2.815976048262891e-10,3.247481252702105e-10,3.438880703983541e-10,5.416837437057264e-10,5.262550875211039e-10,6.173572402717451e-10,8.943922654016486e-10,1.6198090030605775e-09,1.5999999722201452,3.229573638486993e-09,1.4551460416881036e-09,5.204561802364905e-10,3.8768729403657445e-10,4.6433202170393384e-10,6.765742444974978e-10,1.0176698926922342e-09,2.1916277155686603e-09
power_line,power,LU-BE,0.0,0.0,0.0,0.0,0.0,0.0,0.0,0.0,0.0,0.0,0.0,0.0,0.0,0.0,0.0,0.0,0.0,0.0,0.0,0.0,0.0,0.0,0.0,0.0,0.0,0.0,0.0,0.0,0.0,0.0
power_line,power,LU-DE,0.0,0.0,0.0,0.0,0.0,0.0,0.0,0.0,0.0,0.0,0.0,0.0,0.0,0.0,0.0,0.0,0.0,0.0,0.0,0.0,0.0,0.0,0.0,0.0,0.0,0.0,0.0,0.0,0.0,0.0
power_line,power,LU-FR,0.0,0.0,0.0,0.0,0.0,0.0,0.0,0.0,0.0,0.0,0.0,0.0,0.0,0.0,0.0,0.0,0.0,0.0,0.0,0.0,0.0,0.0,0.0,0.0,0.0,0.0,0.0,0.0,0.0,0.0
power_line,power,LV-EE,0.0,0.0,0.0,0.0,0.0,0.0,0.0,0.0,0.0,0.0,0.0,0.0,0.0,0.0,0.0,0.0,0.0,0.0,0.0,0.0,0.0,0.0,0.0,0.0,0.0,0.0,0.0,0.0,0.0,0.0
power_line,power,LV-LT,0.0,0.0,0.0,0.0,0.0,0.0,0.0,0.0,0.0,0.0,0.0,0.0,0.0,0.0,0.0,0.0,0.0,0.0,0.0,0.0,0.0,0.0,0.0,0.0,0.0,0.0,0.0,0.0,0.0,0.0
power_line,power,NL-BE,0.0,0.0,0.0,0.0,0.0,0.0,0.0,0.0,0.0,0.0,0.0,0.0,0.0,0.0,0.0,0.0,0.0,0.0,0.0,0.0,0.0,0.0,0.0,0.0,0.0,0.0,0.0,0.0,0.0,0.0
power_line,power,NL-DE,0.0,0.0,0.0,0.0,0.0,0.0,0.0,0.0,0.0,0.0,0.0,0.0,0.0,0.0,0.0,0.0,0.0,0.0,0.0,0.0,0.0,0.0,0.0,0.0,0.0,0.0,0.0,0.0,0.0,0.0
power_line,power,NL-DK,0.0,0.0,0.0,0.0,0.0,0.0,0.0,0.0,0.0,0.0,0.0,0.0,0.0,0.0,0.0,0.0,0.0,0.0,0.0,0.0,0.0,0.0,0.0,0.0,0.0,0.0,0.0,0.0,0.0,0.0
power_line,power,NL-NO,9.762267560622355e-12,1.0738227172816923e-11,1.1297476279149384e-11,1.1707603046267724e-11,1.193979522080328e-11,1.2139193668827187e-11,1.2650021702412756e-11,1.3638585135763727e-11,1.399810077820925e-11,1.4519618020999936e-11,1.5133824606166562e-11,1.5698453272177254e-11,1.6213568499663082e-11,1.679074094717646e-11,1.6956516059215706e-11,1.8567363450828145e-11,2.0205763566821706e-11,2.2003849861247084e-11,2.436467967752314e-11,2.734788943715304e-11,3.09529847767814e-11,3.538581618683754e-11,4.08243466077333e-11,4.78257936860522e-11,5.714874181611523e-11,7.016555382323976e-11,8.9564095133256e-11,1.216054827253013e-10,1.8619163281407897e-10,3.794547677468013e-10
power_line,power,NL-UK,3.2020023361288765e-11,3.6321823365292945e-11,4.140601928702079e-11,4.741106126515332e-11,5.532545445026065e-11,6.568062548884536e-11,5.929552874745927e-11,7.077496469447696e-11,8.646302672765063e-11,1.1005843469395898e-10,1.4502034811900213e-10,1.6331323845404833e-10,1.5451332766270777e-10,1.4431912872829193e-10,1.0317802416427889e-10,1.1177296225561965e-10,1.1923716279736266e-10,1.200581309998148e-10,1.363888941168473e-10,1.451739710247152e-10,1.8846295464942392e-10,2.6408682312640436e-10,4.014642005967079e-10,8.012673045688825e-10,4.994910635821064e-08,1.5658989936211403e-08,2.4096662790743563e-09,8.099376421745143e-10,6.911833642457656e-10,1.0856895761681317e-09
power_line,power,NO-BE,0.0,0.0,0.0,0.0,0.0,0.0,0.0,0.0,0.0,0.0,0.0,0.0,0.0,0.0,0.0,0.0,0.0,0.0,0.0,0.0,0.0,0.0,0.0,0.0,0.0,0.0,0.0,0.0,0.0,0.0
power_line,power,NO-DE,0.0,0.0,0.0,0.0,0.0,0.0,0.0,0.0,0.0,0.0,0.0,0.0,0.0,0.0,0.0,0.0,0.0,0.0,0.0,0.0,0.0,0.0,0.0,0.0,0.0,0.0,0.0,0.0,0.0,0.0
power_line,power,NO-DK,0.0,0.0,0.0,0.0,0.0,0.0,0.0,0.0,0.0,0.0,0.0,0.0,0.0,0.0,0.0,0.0,0.0,0.0,0.0,0.0,0.0,0.0,0.0,0.0,0.0,0.0,0.0,0.0,0.0,0.0
power_line,power,NO-FI,0.0,0.0,0.0,0.0,0.0,0.0,0.0,0.0,0.0,0.0,0.0,0.0,0.0,0.0,0.0,0.0,0.0,0.0,0.0,0.0,0.0,0.0,0.0,0.0,0.0,0.0,0.0,0.0,0.0,0.0
power_line,power,NO-FR,0.0,0.0,0.0,0.0,0.0,0.0,0.0,0.0,0.0,0.0,0.0,0.0,0.0,0.0,0.0,0.0,0.0,0.0,0.0,0.0,0.0,0.0,0.0,0.0,0.0,0.0,0.0,0.0,0.0,0.0
power_line,power,NO-NL,0.0,0.0,0.0,0.0,0.0,0.0,0.0,0.0,0.0,0.0,0.0,0.0,0.0,0.0,0.0,0.0,0.0,0.0,0.0,0.0,0.0,0.0,0.0,0.0,0.0,0.0,0.0,0.0,0.0,0.0
power_line,power,NO-SE,5.103747947237887e-11,5.978896501994916e-11,6.79288139406124e-11,7.64172670183559e-11,8.670915040364174e-11,9.933596628633555e-11,1.152201507537707e-10,1.3583994959789551e-10,1.6368337033002347e-10,2.0337723518093145e-10,2.644944634868523e-10,3.657817787390794e-10,4.848842461850362e-10,6.874408979565501e-10,1.0070301106340346e-09,1.862175607658298e-09,0.4513316289519012,2.5798184458156663e-08,0.3649677919802213,0.18370050206241956,3.548961804921489e-08,6.915870700415474e-09,6.158963972471078e-10,3.7602533053633075e-10,2.4293346246163224e-10,1.874194405775875e-10,1.9904829716719274e-10,2.2142030091827113e-10,2.647125360157156e-10,3.5742295368275646e-10
power_line,power,NO-UK,1.80380616027126e-11,1.9437016895892925e-11,2.2820798077576656e-11,1.8849138430552186e-11,1.743872413623655e-11,1.8782913567758193e-11,1.8624551867096917e-11,2.096724703856037e-11,2.0907721541298803e-11,2.0645251789240713e-11,2.0743332756011423e-11,2.2584707212561323e-11,2.4051945121142942e-11,2.5501716142466555e-11,2.671032595254382e-11,2.9174860016211966e-11,3.1704347465174646e-11,3.3753711242965735e-11,3.613714354636815e-11,4.020875314197951e-11,4.5925259403056937e-11,5.4216486884955607e-11,6.274206298814267e-11,7.4170694098985e-11,9.065160624962217e-11,1.0124439087681028e-10,1.2032108088741498e-10,1.432446577130924e-10,1.939113649071833e-10,3.687367417811867e-10
power_line,power,PL-CZ,0.0,0.0,0.0,0.0,0.0,0.0,0.0,0.0,0.0,0.0,0.0,0.0,0.0,0.0,0.0,0.0,0.0,0.0,0.0,0.0,0.0,0.0,0.0,0.0,0.0,0.0,0.0,0.0,0.0,0.0
power_line,power,PL-DE,0.0,0.0,0.0,0.0,0.0,0.0,0.0,0.0,0.0,0.0,0.0,0.0,0.0,0.0,0.0,0.0,0.0,0.0,0.0,0.0,0.0,0.0,0.0,0.0,0.0,0.0,0.0,0.0,0.0,0.0
power_line,power,PL-LT,0.0,0.0,0.0,0.0,0.0,0.0,0.0,0.0,0.0,0.0,0.0,0.0,0.0,0.0,0.0,0.0,0.0,0.0,0.0,0.0,0.0,0.0,0.0,0.0,0.0,0.0,0.0,0.0,0.0,0.0
power_line,power,PL-SE,0.657438893368403,2.4302463842785644e-10,1.251279258191639e-10,8.389971246399945e-11,8.494374529378907e-11,8.725638721104963e-11,1.2358015380551435e-10,1.239717276536964e-10,9.217513825136081e-11,7.229992997515206e-11,5.908110555668317e-11,5.861814892881965e-11,6.022235193914896e-11,6.530286397528816e-11,7.284167295603272e-11,7.190209515402491e-11,7.676224215951267e-11,7.341353435864726e-11,7.043280265590561e-11,7.511945297607298e-11,8.35947602951209e-11,9.736820985203572e-11,1.164839762037027e-10,1.2901945144686024e-10,1.2847391145639562e-10,1.2776184946415804e-10,1.548427776015274e-10,2.093564649163326e-10,3.085235024344624e-10,6.290078787882653e-10
power_line,power,PL-SK,0.7527455679463406,1.2402766302571306e-09,0.2472544283131663,7.040035721808121e-11,8.164144233268401e-11,9.466240792388859e-11,1.1390183951509113e-10,1.3451475442625106e-10,8.03254667872958e-11,6.192156055487792e-11,4.978619088559334e-11,4.363465701237615e-11,4.10953897055607e-11,4.028816969798642e-11,4.13335854366796e-11,4.2464370032134264e-11,4.361644756521073e-11,4.4064775354403334e-11,4.5018771832719477e-11,4.8712091143620505e-11,5.292811483763362e-11,5.784970166312843e-11,6.365716934055106e-11,7.071597639145396e-11,7.952543794061815e-11,9.093748263540761e-11,1.0643769833981138e-10,1.2921529850232006e-10,1.678354108639967e-10,2.5878701360116803e-10
power_line,power,PT-ES,0.0,0.0,0.0,0.0,0.0,0.0,0.0,0.0,0.0,0.0,0.0,0.0,0.0,0.0,0.0,0.0,0.0,0.0,0.0,0.0,0.0,0.0,0.0,0.0,0.0,0.0,0.0,0.0,0.0,0.0
power_line,power,RO-BG,0.0,0.0,0.0,0.0,0.0,0.0,0.0,0.0,0.0,0.0,0.0,0.0,0.0,0.0,0.0,0.0,0.0,0.0,0.0,0.0,0.0,0.0,0.0,0.0,0.0,0.0,0.0,0.0,0.0,0.0
power_line,power,RO-HU,0.0,0.0,0.0,0.0,0.0,0.0,0.0,0.0,0.0,0.0,0.0,0.0,0.0,0.0,0.0,0.0,0.0,0.0,0.0,0.0,0.0,0.0,0.0,0.0,0.0,0.0,0.0,0.0,0.0,0.0
power_line,power,SE-DE,0.0,0.0,0.0,0.0,0.0,0.0,0.0,0.0,0.0,0.0,0.0,0.0,0.0,0.0,0.0,0.0,0.0,0.0,0.0,0.0,0.0,0.0,0.0,0.0,0.0,0.0,0.0,0.0,0.0,0.0
power_line,power,SE-DK,0.0,0.0,0.0,0.0,0.0,0.0,0.0,0.0,0.0,0.0,0.0,0.0,0.0,0.0,0.0,0.0,0.0,0.0,0.0,0.0,0.0,0.0,0.0,0.0,0.0,0.0,0.0,0.0,0.0,0.0
power_line,power,SE-FI,0.0,0.0,0.0,0.0,0.0,0.0,0.0,0.0,0.0,0.0,0.0,0.0,0.0,0.0,0.0,0.0,0.0,0.0,0.0,0.0,0.0,0.0,0.0,0.0,0.0,0.0,0.0,0.0,0.0,0.0
power_line,power,SE-LT,0.0,0.0,0.0,0.0,0.0,0.0,0.0,0.0,0.0,0.0,0.0,0.0,0.0,0.0,0.0,0.0,0.0,0.0,0.0,0.0,0.0,0.0,0.0,0.0,0.0,0.0,0.0,0.0,0.0,0.0
power_line,power,SE-NO,0.0,0.0,0.0,0.0,0.0,0.0,0.0,0.0,0.0,0.0,0.0,0.0,0.0,0.0,0.0,0.0,0.0,0.0,0.0,0.0,0.0,0.0,0.0,0.0,0.0,0.0,0.0,0.0,0.0,0.0
power_line,power,SE-PL,0.0,0.0,0.0,0.0,0.0,0.0,0.0,0.0,0.0,0.0,0.0,0.0,0.0,0.0,0.0,0.0,0.0,0.0,0.0,0.0,0.0,0.0,0.0,0.0,0.0,0.0,0.0,0.0,0.0,0.0
power_line,power,SI-AT,0.0,0.0,0.0,0.0,0.0,0.0,0.0,0.0,0.0,0.0,0.0,0.0,0.0,0.0,0.0,0.0,0.0,0.0,0.0,0.0,0.0,0.0,0.0,0.0,0.0,0.0,0.0,0.0,0.0,0.0
power_line,power,SI-HR,0.0,0.0,0.0,0.0,0.0,0.0,0.0,0.0,0.0,0.0,0.0,0.0,0.0,0.0,0.0,0.0,0.0,0.0,0.0,0.0,0.0,0.0,0.0,0.0,0.0,0.0,0.0,0.0,0.0,0.0
power_line,power,SI-HU,0.0,0.0,0.0,0.0,0.0,0.0,0.0,0.0,0.0,0.0,0.0,0.0,0.0,0.0,0.0,0.0,0.0,0.0,0.0,0.0,0.0,0.0,0.0,0.0,0.0,0.0,0.0,0.0,0.0,0.0
power_line,power,SI-IT,0.0,0.0,0.0,0.0,0.0,0.0,0.0,0.0,0.0,0.0,0.0,0.0,0.0,0.0,0.0,0.0,0.0,0.0,0.0,0.0,0.0,0.0,0.0,0.0,0.0,0.0,0.0,0.0,0.0,0.0
power_line,power,SK-AT,0.0,0.0,0.0,0.0,0.0,0.0,0.0,0.0,0.0,0.0,0.0,0.0,0.0,0.0,0.0,0.0,0.0,0.0,0.0,0.0,0.0,0.0,0.0,0.0,0.0,0.0,0.0,0.0,0.0,0.0
power_line,power,SK-CZ,0.0,0.0,0.0,0.0,0.0,0.0,0.0,0.0,0.0,0.0,0.0,0.0,0.0,0.0,0.0,0.0,0.0,0.0,0.0,0.0,0.0,0.0,0.0,0.0,0.0,0.0,0.0,0.0,0.0,0.0
power_line,power,SK-HU,0.0,0.0,0.0,0.0,0.0,0.0,0.0,0.0,0.0,0.0,0.0,0.0,0.0,0.0,0.0,0.0,0.0,0.0,0.0,0.0,0.0,0.0,0.0,0.0,0.0,0.0,0.0,0.0,0.0,0.0
power_line,power,SK-PL,0.0,0.0,0.0,0.0,0.0,0.0,0.0,0.0,0.0,0.0,0.0,0.0,0.0,0.0,0.0,0.0,0.0,0.0,0.0,0.0,0.0,0.0,0.0,0.0,0.0,0.0,0.0,0.0,0.0,0.0
power_line,power,UK-BE,0.0,0.0,0.0,0.0,0.0,0.0,0.0,0.0,0.0,0.0,0.0,0.0,0.0,0.0,0.0,0.0,0.0,0.0,0.0,0.0,0.0,0.0,0.0,0.0,0.0,0.0,0.0,0.0,0.0,0.0
power_line,power,UK-DE,0.0,0.0,0.0,0.0,0.0,0.0,0.0,0.0,0.0,0.0,0.0,0.0,0.0,0.0,0.0,0.0,0.0,0.0,0.0,0.0,0.0,0.0,0.0,0.0,0.0,0.0,0.0,0.0,0.0,0.0
power_line,power,UK-DK,0.0,0.0,0.0,0.0,0.0,0.0,0.0,0.0,0.0,0.0,0.0,0.0,0.0,0.0,0.0,0.0,0.0,0.0,0.0,0.0,0.0,0.0,0.0,0.0,0.0,0.0,0.0,0.0,0.0,0.0
power_line,power,UK-FR,0.0,0.0,0.0,0.0,0.0,0.0,0.0,0.0,0.0,0.0,0.0,0.0,0.0,0.0,0.0,0.0,0.0,0.0,0.0,0.0,0.0,0.0,0.0,0.0,0.0,0.0,0.0,0.0,0.0,0.0
power_line,power,UK-IE,0.0,0.0,0.0,0.0,0.0,0.0,0.0,0.0,0.0,0.0,0.0,0.0,0.0,0.0,0.0,0.0,0.0,0.0,0.0,0.0,0.0,0.0,0.0,0.0,0.0,0.0,0.0,0.0,0.0,0.0
power_line,power,UK-NL,0.0,0.0,0.0,0.0,0.0,0.0,0.0,0.0,0.0,0.0,0.0,0.0,0.0,0.0,0.0,0.0,0.0,0.0,0.0,0.0,0.0,0.0,0.0,0.0,0.0,0.0,0.0,0.0,0.0,0.0
power_line,power,UK-NO,0.0,0.0,0.0,0.0,0.0,0.0,0.0,0.0,0.0,0.0,0.0,0.0,0.0,0.0,0.0,0.0,0.0,0.0,0.0,0.0,0.0,0.0,0.0,0.0,0.0,0.0,0.0,0.0,0.0,0.0
pumped_hydro,energy,AT,6.769766969227931e-10,1.6018360616157978e-09,1.5434901155800495e-10,1.7727185550977698e-10,1.521352009917306e-10,1.9551822069121724e-10,6.689099909650299e-10,1.6035704940659976e-09,1.7359416977786423e-09,1.7587349421155891e-09,1.694822881109105e-09,9.034053346371426e-10,1.5306654056985116e-09,4.530846084077483e-09,3.033742072601857e-09,4.181441863205368e-09,1.2798620046715567e-08,6.163093300858619e-09,4.801869692122043e-09,4.944340739243939e-09,6.943780964198682e-09,1.384212353291522e-09,1.955936576543736e-09,3.23168835824185e-09,2.6230547448059342e-09,4.695941907722953e-09,6.107307672581792e-09,6.7704110886287985e-09,9.392006048676486e-09,2.8482991096288215e-08
pumped_hydro,energy,BE,0.0,0.0,0.0,0.0,6.795581874996515e-10,9.84011668233971e-10,6.038133586919899e-10,8.61386723700385e-10,1.4737038210135742e-09,1.4852652473729793e-09,1.758242036864382e-09,1.1507417792342e-09,1.1080611035827843e-09,9.26251357609669e-09,7.329559519389911e-09,5.530222723059625e-09,1.7567301126966478e-06,8.275406676735685e-08,1.739118936027518e-07,2.4586051216441816e-07,1.7784362705678423e-07,1.2970113258057034e-07,9.259547382753622e-08,9.18379984451067e-08,9.346439356211472e-08,1.2035663789855963e-07,1.502073716088976e-07,1.673691851760179e-07,2.1146708969584048e-07,3.901046861386319e-07
pumped_hydro,energy,BG,0.0,0.0,0.0,0.0,0.0,0.0,0.0,0.0,0.0,0.0,0.0,0.0,0.0,0.0,0.0,0.0,0.0,0.0,0.0,0.0,0.0,0.0,0.0,0.0,0.0,0.0,0.0,0.0,0.0,0.0
pumped_hydro,energy,CH,2.5508484213787597e-10,1.4855879508850942e-10,2.4773558241286803e-10,3.5163250208151887e-10,3.5214875644023953e-10,2.1583351909022213e-10,2.333778675720035e-10,4.057888778498206e-10,4.0729790972788614e-10,3.459403461701143e-10,7.406739200897439e-10,5.026059246458246e-10,8.883843091720412e-10,5.596285802672603e-10,3.87683158025029e-09,3.915185058041029e-09,3.5026136961515514e-09,5.931618360745643e-10,4.651700442519967e-09,3.868946374399166e-09,3.1386814076241967e-09,3.672031943259061e-09,4.485624696375687e-09,4.01200186409278e-09,3.4070575933546267e-09,3.0031074455141524e-09,3.805481236065215e-09,3.3761414151110532e-09,4.749226762086651e-09,1.2454635466632093e-08
pumped_hydro,energy,CZ,0.0,0.0,0.0,0.0,0.0,0.0,0.0,0.0,0.0,0.0,0.0,0.0,0.0,1.2076780020464639e-08,3.0508922958275305e-10,3.9525072349928807e-10,4.594968206956558e-09,7.334439715544908e-09,2.899636009067338e-09,1.482904431600642e-09,9.546610801273312e-10,1.5085214550298993e-09,2.383217411137304e-09,2.470728043420615e-09,1.6927091754562499e-09,2.1337198935260374e-09,4.693134769288714e-09,8.688108408706737e-09,1.065075205805022e-08,2.152621719659518e-08
pumped_hydro,energy,DE,1.3090364348045114e-09,2.040464966259981e-09,1.6666413941712135e-10,2.2431090993329176e-10,1.843470382944931e-10,1.6231707971452563e-09,9.619609835975624e-10,4.057889559396723e-10,4.650188852740648e-10,9.343534869489632e-10,1.1925067180516413e-09,3.5788135306079527e-09,1.1620457489050573e-09,5.174909583698112e-10,3.0537593677891517e-09,2.6994332599592445e-10,2.865133675890121e-10,1.8782919838964205e-09,2.8401655339095172e-09,2.681853137408497e-09,1.6992296489211203e-09,1.8275134815661877e-09,2.5755826092819214e-09,3.2823935140328086e-09,7.783341466473185e-10,1.3812798518821204e-09,1.1468221455151382e-08,6.765935525996315e-09,4.5564430690262734e-09,1.0562565130318769e-08
pumped_hydro,energy,DK,0.0,0.0,0.0,0.0,0.0,0.0,0.0,0.0,0.0,0.0,0.0,0.0,0.0,0.0,0.0,0.0,0.0,0.0,0.0,0.0,0.0,0.0,0.0,0.0,0.0,0.0,0.0,0.0,0.0,0.0
pumped_hydro,energy,EE,0.0,0.0,0.0,0.0,0.0,0.0,0.0,0.0,0.0,0.0,0.0,0.0,0.0,0.0,0.0,0.0,0.0,0.0,0.0,0.0,0.0,0.0,0.0,0.0,0.0,0.0,0.0,0.0,0.0,0.0
pumped_hydro,energy,EL,0.0,0.0,0.0,0.0,0.0,0.0,0.0,0.0,0.0,0.0,0.0,0.0,0.0,0.0,0.0,0.0,0.0,0.0,0.0,0.0,8.165428067030689e-08,1.8442762872439289e-09,3.964484740492935e-09,4.131631202317001e-09,5.87316881990715e-09,5.393620968125174e-09,4.304812908966571e-09,4.37680780110538e-09,1.2295590092403236e-08,6.115104383141316e-08
pumped_hydro,energy,ES,9.097789188672323e-11,1.3263275526327572e-10,1.338879232149674e-10,2.329314735492559e-10,5.502183804686628e-10,2.0617094140269067e-10,8.735948498198624e-10,3.167815599379401e-10,9.148404756273853e-10,1.3253968820819439e-09,3.3442279424839813e-09,2.1872793232391472e-10,2.854950260035368e-09,2.2815214601054214e-09,7.451605725331666e-09,2.6671545524854615e-09,5.043606162857365e-10,4.102294811152566e-09,9.693984250564471e-10,4.054173548437591e-09,4.596535306516003e-09,5.043960599751144e-09,2.1316018045517277e-09,4.003147898497746e-09,4.4350540676257285e-08,5.581853988270635e-09,1.7885959153658267e-09,1.1147088109184521e-08,3.6164678312242394e-08,3.817084815009021e-06
pumped_hydro,energy,FI,0.0,0.0,0.0,0.0,0.0,0.0,0.0,0.0,0.0,0.0,0.0,0.0,0.0,0.0,0.0,0.0,0.0,0.0,0.0,0.0,0.0,0.0,0.0,0.0,0.0,0.0,0.0,0.0,0.0,0.0
pumped_hydro,energy,FR,0.0,0.0,0.0,0.0,0.0,0.0,0.0,0.0,0.0,0.0,0.0,1.050665332513745e-09,2.2498386547942534e-10,8.734418967988814e-10,8.099918224541625e-09,3.68892242313685e-10,1.884599766048016e-09,2.773687050151337e-09,4.01678734253447e-09,3.788692816412451e-09,2.622290782069651e-09,9.922521656055974e-09,3.1493055785561454e-09,5.352502558408888e-09,2.9012852529663455e-09,2.3342061758042648e-09,2.8050557739067122e-09,3.789209141792494e-09,5.6327935762547766e-09,1.0404549562425124e-08
pumped_hydro,energy,HR,0.0,0.0,0.0,0.0,0.0,0.0,0.0,0.0,0.0,0.0,0.0,0.0,0.0,0.0,1.664241995385195e-06,1.2061559638479403e-07,1.5992550980262697e-07,1.5946498310133187e-07,1.5190746048624068e-07,1.360800616366279e-07,1.151313696510553e-07,6.842145256066159e-08,8.893136639479154e-08,1.0883375092548053e-07,1.1241988291578205e-07,1.4424036308566597e-07,1.4284955997416965e-07,1.5687711123296383e-07,1.855119602541112e-07,3.0849391603976295e-07
pumped_hydro,energy,HU,0.0,0.0,0.0,0.0,0.0,0.0,0.0,0.0,0.0,0.0,0.0,0.0,0.0,0.0,0.0,0.0,0.0,0.0,0.0,0.0,0.0,0.0,0.0,0.0,0.0,0.0,0.0,0.0,0.0,0.0
pumped_hydro,energy,IE,0.0,0.0,0.0,0.0,0.0,0.0,0.0,0.0,0.0,1.1983141710306955e-06,1.0388707169862989e-07,6.54839963176757e-08,5.410709774881715e-08,4.931207064600061e-08,5.380646364713858e-08,6.141372420937482e-08,6.126997791731295e-08,6.538251095862628e-08,8.287579577388996e-08,1.0652579907418362e-07,1.1114384104522122e-07,1.0520232697123702e-07,9.816220181338924e-08,7.748097208622447e-08,8.872646431505678e-08,1.5164305235516203e-07,1.6999028387339883e-07,1.723594526724943e-07,2.3219406817369062e-07,3.9182075309908634e-07
pumped_hydro,energy,IT,0.0,0.0,0.0,0.0,0.0,0.0,0.0,0.0,9.080451945919776e-10,3.5343232635720933e-09,2.1567040769053827e-09,1.205685145120315e-09,1.7922189718666087e-09,1.5441799603730475e-09,1.0838813326801476e-09,8.625053107016884e-10,1.0891213745364257e-09,6.821439754402598e-09,4.790517674889298e-09,5.417334396149887e-09,1.4658659294729647e-08,2.3215426842634686e-09,2.0880989760591203e-09,3.276839635303078e-09,3.5836729852882744e-08,1.3980939215644227e-08,3.4441985600894516e-06,1.7982091798095407e-07,1.8755164819818861e-07,2.513677505457689e-07
pumped_hydro,energy,LT,0.0,0.0,0.0,0.0,0.0,0.0,0.0,0.0,0.0,0.0,0.0,0.0,0.0,0.0,0.0,0.0,0.0,0.0,0.0,0.0,0.0,0.0,0.0,0.0,0.0,0.0,0.0,3.1299272385854533e-06,2.3898374646750276e-07,2.744639351425453e-07
pumped_hydro,energy,LU,3.213358412690326e-09,7.958029292131152e-10,4.307531955029867e-09,1.441081658041585e-09,4.23076004179221e-10,1.1211298976434805e-10,2.9768520197563296e-10,3.3420635830765603e-10,7.870242692435043e-10,1.4884130849310564e-09,3.0581197456037047e-09,1.8772522716375648e-10,2.2338418390860454e-09,1.607523252115112e-09,1.4465636168214104e-09,2.563326579034862e-09,2.8504230865861996e-10,1.125092285425663e-09,2.841803738453524e-09,3.6108662864792966e-09,7.919776854639848e-09,1.1850090004400848e-09,6.114052439472682e-10,2.0377532711330515e-09,1.3053211985909216e-08,9.094235226819378e-10,1.900608728219643e-09,1.1749928343516488e-08,2.003761723197363e-08,9.23253981009835e-09
pumped_hydro,energy,LV,0.0,0.0,0.0,0.0,0.0,0.0,0.0,0.0,0.0,0.0,0.0,0.0,0.0,0.0,0.0,0.0,0.0,0.0,0.0,0.0,0.0,0.0,0.0,0.0,0.0,0.0,0.0,0.0,0.0,0.0
pumped_hydro,energy,NL,0.0,0.0,0.0,0.0,0.0,0.0,0.0,0.0,0.0,0.0,0.0,0.0,0.0,0.0,0.0,0.0,0.0,0.0,0.0,0.0,0.0,0.0,0.0,0.0,0.0,0.0,0.0,0.0,0.0,0.0
pumped_hydro,energy,NO,8.472866852571315e-11,1.3646115368623147e-10,1.4505301432832347e-10,1.5495620413339782e-10,1.663825999565697e-10,1.7844501127900428e-10,1.922553743868045e-10,2.0852395932467598e-10,2.315747208445785e-10,2.795064290238996e-10,3.4198484928401933e-10,3.0763194084091973e-10,3.075989105622346e-10,3.836104485138375e-10,1.8873957242784766e-09,2.884042155811421e-09,1.530730245521462e-09,6.848229685039052e-10,1.182275610935199e-09,1.4444552848427895e-09,5.608245511602634e-09,1.0205322326678526e-08,9.327014284618405e-10,2.8605678579603366e-09,5.523532887408844e-09,4.987019545392967e-09,9.475759279289061e-09,1.548880349501139e-08,2.228389820296412e-08,2.6851544016648586e-08
pumped_hydro,energy,PL,1.6260059965134133e-10,1.8856450551440824e-10,2.0571723458559924e-10,4.870196174350095e-10,1.2678538174066676e-09,1.654053738280887e-10,1.371495132375406e-09,2.786659937305961e-09,2.447241079412172e-10,6.756127314868157e-10,1.3625633094858096e-09,8.750677172036962e-10,9.187672409036363e-10,1.144694491294235e-09,3.4508785382212814e-09,1.5864469129894524e-09,2.9848846903516243e-09,6.794053770265009e-09,2.1786741748475874e-06,1.879908047923405e-07,1.6911482333251812e-07,1.2432342019418078e-07,1.1900216161500992e-07,1.2558226822065945e-07,1.1829776793723406e-07,1.513094278043654e-07,1.6936627025576674e-07,1.4859200857607067e-07,1.8465344333115674e-07,2.64101286921248e-07
pumped_hydro,energy,PT,6.390337148332037e-10,2.183715259737601e-09,1.9213283992780354e-10,7.086911071128788e-10,4.915227191155405e-10,1.8684377964742257e-10,3.03626761600179e-10,1.7544475806683895e-09,1.3999205710001732e-09,4.761386574237698e-10,2.0267435809710705e-09,1.430356695216507e-09,1.2508185423043086e-09,1.694403689561007e-09,2.127838629351398e-09,2.688303379130476e-09,9.638034796067767e-10,6.000266355554811e-09,2.6964336430915892e-09,3.191879045890284e-09,2.654136311906296e-09,2.035957032461322e-09,2.3578214691866202e-09,3.074083658726017e-09,3.202143598429062e-09,3.360471091640448e-09,3.428900258030732e-09,3.8518976295357485e-09,7.834172245394171e-09,4.83453350904601e-08
pumped_hydro,energy,RO,0.0,0.0,0.0,0.0,0.0,0.0,0.0,0.0,0.0,0.0,0.0,0.0,0.0,0.0,0.0,0.0,0.0,0.0,0.0,0.0,0.0,0.0,0.0,0.0,0.0,0.0,0.0,0.0,0.0,0.0
pumped_hydro,energy,SE,0.0,0.0,0.0,0.0,0.0,0.0,0.0,0.0,0.0,0.0,0.0,0.0,0.0,0.0,1.4604302869653918e-06,1.0812957445248775e-07,6.165750343100814e-08,8.456017135826433e-08,1.2265705004444113e-07,1.0153271577052473e-07,8.821130103529139e-08,7.363734908003501e-08,1.2895697237821624e-07,1.7535373748466468e-07,1.3780178211153993e-07,1.3354275947354072e-07,1.446340867760134e-07,1.4918438530191874e-07,2.1193716502570138e-07,4.08072909666475e-07
pumped_hydro,energy,SI,0.0,0.0,0.0,0.0,0.0,0.0,0.0,0.0,0.0,0.0,0.0,0.0,0.0,0.0,0.0,0.0,0.0,0.0,0.0,0.0,0.0,0.0,0.0,0.0,0.0,0.0,0.0,0.0,0.0,0.0
pumped_hydro,energy,SK,0.0,0.0,0.0,0.0,0.0,0.0,0.0,0.0,0.0,0.0,0.0,0.0,0.0,0.0,0.0,0.0,0.0,0.0,0.0,0.0,0.0,0.0,0.0,0.0,0.0,0.0,0.0,0.0,0.0,0.0
pumped_hydro,energy,UK,1.2819256767215848e-10,1.56073963015157e-10,1.7542055904276365e-10,1.709475111601634e-10,1.932812099120219e-10,2.1208631217648687e-10,2.482899405683615e-10,2.807319788404738e-10,3.174391221123756e-10,4.1253263439948784e-10,4.278362527162817e-10,4.797996646803133e-10,5.552535123982524e-10,6.272042419677381e-10,7.98637221432954e-10,1.0234657256784786e-09,1.3913227459952267e-09,2.102587099966393e-09,4.1281069515177135e-09,2.003088040227863e-06,1.5828392597314457e-07,1.3062399497622694e-07,1.209027931245159e-07,1.1471027926032378e-07,1.0135219479222654e-07,1.1589789477184385e-07,1.4036681637519883e-07,1.6772314763351288e-07,2.4200817969127343e-07,3.8290090022625907e-07
pumped_hydro,power,AT,3.686064492394549e-11,7.266600923765383e-11,1.1198961769528087e-11,1.2435744505606676e-11,1.1738033491272852e-11,1.3999366758664699e-11,3.4296265238505984e-11,7.55560037856123e-11,8.025051376798182e-11,8.135401146071443e-11,7.659074719143124e-11,4.4968326708852145e-11,7.171247405943538e-11,2.0410105230181128e-10,1.4223658995616649e-10,1.878995316877689e-10,5.516975316539911e-10,2.741618153369174e-10,2.1869942312047184e-10,2.2692790718848812e-10,3.063119571930821e-10,8.215639188476174e-11,1.0881560269971205e-10,1.7094715675841285e-10,1.4707484257285063e-10,2.3847079040625684e-10,3.095038599775917e-10,3.7501639557784685e-10,5.63285481734248e-10,1.481793044162516e-09
pumped_hydro,power,BE,0.0,0.0,0.0,0.0,8.175793929429299e-11,4.5672410411178084e-11,2.9648975870986474e-11,4.02836527444426e-11,6.586040162517937e-11,6.678639889706014e-11,7.841037221100284e-11,5.403575856149304e-11,5.3390570127853496e-11,4.0978016903383975e-10,3.168447022866194e-10,2.4185814635267536e-10,7.322028245368835e-08,3.462066141323251e-09,7.259961169245188e-09,1.0258731727365459e-08,7.426289254974367e-09,5.422384190380393e-09,3.8785918301439605e-09,3.8506499556291156e-09,3.9214652366893895e-09,5.04726899953416e-09,6.299249992480375e-09,7.029085335234333e-09,8.900702463040638e-09,1.6433075271148263e-08
pumped_hydro,power,BG,0.0,0.0,0.0,0.0,0.0,0.0,0.0,0.0,0.0,0.0,0.0,0.0,0.0,0.0,0.0,0.0,0.0,0.0,0.0,0.0,0.0,0.0,0.0,0.0,0.0,0.0,0.0,0.0,0.0,0.0
pumped_hydro,power,CH,1.6478637124434653e-11,1.0682252944287845e-11,1.506316726247552e-11,1.9703001282375797e-11,1.9835057284889807e-11,1.4953495191666413e-11,1.6018180133510204e-11,2.3006073570649346e-11,2.3614159891430794e-11,2.182206211096263e-11,3.8625181795240407e-11,3.0527731264309653e-11,4.852303364525934e-11,3.3545000100434524e-11,1.745622716673325e-10,1.7823125911593722e-10,1.6389974482205859e-10,4.0431840998126235e-11,2.11537282337802e-10,1.7909766390551843e-10,1.5180391636587806e-10,1.7939539721517942e-10,2.1645291874294582e-10,1.9782592603786007e-10,1.763604739174753e-10,1.720681111265911e-10,2.174164277475664e-10,2.2886378892761834e-10,3.327185308018072e-10,7.644425377808523e-10
pumped_hydro,power,CZ,0.0,0.0,0.0,0.0,0.0,0.0,0.0,0.0,0.0,0.0,0.0,0.0,0.0,5.164231429406772e-10,2.1514768339508862e-11,2.5365939883206848e-11,1.9869386326808482e-10,3.142272093615831e-10,1.3065047603051454e-10,7.361476085900827e-11,5.5738533076262956e-11,7.987827891828126e-11,1.1955161413813294e-10,1.2820563770868544e-10,1.051480341460562e-10,1.3479035745819419e-10,2.6745562017328623e-10,4.515211667970977e-10,5.422650198099567e-10,1.0610695404499072e-09
pumped_hydro,power,DE,5.7743003552957425e-11,8.962765369279038e-11,1.1479915236880996e-11,1.409916733098151e-11,1.2671454712060781e-11,7.437088034302261e-11,4.689608681884459e-11,2.3356240768194995e-11,2.635956742907116e-11,4.4562653221325665e-11,5.5706901865565614e-11,1.565057445301309e-10,5.980350524801278e-11,3.2366020848600936e-11,1.384468981353822e-10,2.3309000789365598e-11,2.5289770970054253e-11,9.554211472402491e-11,1.377220594921722e-10,1.338856489100236e-10,9.39826906414977e-11,1.017490111109071e-10,1.3754802565412098e-10,1.704793076937899e-10,6.705801139115256e-11,1.0430251212184323e-10,5.488384122248628e-10,3.684143892335269e-10,3.1829667137927764e-10,6.997393883928827e-10
pumped_hydro,power,DK,0.0,0.0,0.0,0.0,0.0,0.0,0.0,0.0,0.0,0.0,0.0,0.0,0.0,0.0,0.0,0.0,0.0,0.0,0.0,0.0,0.0,0.0,0.0,0.0,0.0,0.0,0.0,0.0,0.0,0.0
pumped_hydro,power,EE,0.0,0.0,0.0,0.0,0.0,0.0,0.0,0.0,0.0,0.0,0.0,0.0,0.0,0.0,0.0,0.0,0.0,0.0,0.0,0.0,0.0,0.0,0.0,0.0,0.0,0.0,0.0,0.0,0.0,0.0
pumped_hydro,power,EL,0.0,0.0,0.0,0.0,0.0,0.0,0.0,0.0,0.0,0.0,0.0,0.0,0.0,0.0,0.0,0.0,0.0,0.0,0.0,0.0,3.477971795522419e-09,1.0231792177668651e-10,1.8373255723955744e-10,1.9913401721003253e-10,2.808098170092743e-10,2.7027107353657695e-10,2.3660512429157664e-10,2.542295958200865e-10,6.098769892904205e-10,2.708914331223228e-09
pumped_hydro,power,ES,7.613467466273153e-12,9.969814904024685e-12,1.0097802453826084e-11,1.4378943333232007e-11,2.934940303560222e-11,1.4376077780690435e-11,4.2936309678982796e-11,1.9307572415780348e-11,4.705654169934241e-11,6.448149496551526e-11,1.5082902071881847e-10,1.7640275745462497e-11,1.3204969486892513e-10,1.0685071906277976e-10,3.238767188683952e-10,1.2420356750149685e-10,3.5238184184473437e-11,1.9044905706109082e-10,5.687357605048586e-11,1.9136920019252224e-10,2.175317635374794e-10,2.392498132792179e-10,1.189303718099598e-10,2.034138379306505e-10,1.892311365979631e-09,2.8746557450031785e-10,1.372055211739891e-10,5.581434692553222e-10,1.6520477921011986e-09,1.593002246317057e-07
pumped_hydro,power,FI,0.0,0.0,0.0,0.0,0.0,0.0,0.0,0.0,0.0,0.0,0.0,0.0,0.0,0.0,0.0,0.0,0.0,0.0,0.0,0.0,0.0,0.0,0.0,0.0,0.0,0.0,0.0,0.0,0.0,0.0
pumped_hydro,power,FR,0.0,0.0,0.0,0.0,0.0,0.0,0.0,0.0,0.0,0.0,0.0,5.99917119738104e-11,1.8142248435697994e-11,4.6535476836184087e-11,3.52233246717423e-10,2.739676043957897e-11,9.36913871131772e-11,1.332781668307982e-10,1.883071918586482e-10,1.816127493898995e-10,1.3324546254165902e-10,4.4589640652689134e-10,1.633812199510712e-10,2.613031623133077e-10,1.6081392850745817e-10,1.4405616836996607e-10,1.7605310769509392e-10,2.374414116402845e-10,3.5647696897188723e-10,6.865192089294267e-10
pumped_hydro,power,HR,0.0,0.0,0.0,0.0,0.0,0.0,0.0,0.0,0.0,0.0,0.0,0.0,0.0,0.0,6.935753503308387e-08,5.037916072668129e-09,6.676886259427561e-09,6.658871807314767e-09,6.345189665297911e-09,5.68706801309348e-09,4.8158232310164025e-09,2.871693596626065e-09,3.729298415755411e-09,4.562575524598986e-09,4.717310587410339e-09,6.0502292001670754e-09,6.002174220442765e-09,6.601453702151736e-09,7.824458034709708e-09,1.3063623224063375e-08
pumped_hydro,power,HU,0.0,0.0,0.0,0.0,0.0,0.0,0.0,0.0,0.0,0.0,0.0,0.0,0.0,0.0,0.0,0.0,0.0,0.0,0.0,0.0,0.0,0.0,0.0,0.0,0.0,0.0,0.0,0.0,0.0,0.0
pumped_hydro,power,IE,0.0,0.0,0.0,0.0,0.0,0.0,0.0,0.0,0.0,4.999316599989527e-08,4.336321435428466e-09,2.735675245191229e-09,2.262210801987829e-09,2.0631549892259607e-09,2.2512275897635336e-09,2.5690674632150794e-09,2.5640180264071353e-09,2.7364595803483142e-09,3.4671436397548726e-09,4.455081051747018e-09,4.6505815785406606e-09,4.406731391882319e-09,4.1173297298514865e-09,3.260286015191441e-09,3.734035752195704e-09,6.362114949729046e-09,7.136438993975468e-09,7.251419042630091e-09,9.777596215604779e-09,1.652551483783717e-08
pumped_hydro,power,IT,0.0,0.0,0.0,0.0,0.0,0.0,0.0,0.0,4.2667068246175575e-11,1.5599457639132483e-10,9.832103476788039e-11,5.872395676903691e-11,8.402411136361736e-11,7.410336311420117e-11,5.5556395126492905e-11,4.806765513690782e-11,5.84961012532768e-11,3.0213490510315925e-10,2.1801566466332308e-10,2.4671313418049467e-10,6.348621921276083e-10,1.2153009156155475e-10,1.1703334167813083e-10,1.7119868835179315e-10,1.5302394013107716e-09,6.320344821067753e-10,1.4356132382157355e-07,7.575517609591602e-09,7.942822509786266e-09,1.07366044618813e-08
pumped_hydro,power,LT,0.0,0.0,0.0,0.0,0.0,0.0,0.0,0.0,0.0,0.0,0.0,0.0,0.0,0.0,0.0,0.0,0.0,0.0,0.0,0.0,0.0,0.0,0.0,0.0,0.0,0.0,0.0,1.305043803867266e-07,1.0069057599280281e-08,1.1648237107692033e-08
pumped_hydro,power,LU,1.4812014595680915e-10,4.43879706282187e-11,1.842766918152996e-10,6.537283196609121e-11,2.276656645265131e-11,8.611784814360792e-12,1.6782467534122388e-11,1.9916003322963694e-11,3.736285553972161e-11,6.71391186097669e-11,1.3706089151508177e-10,1.601727959358433e-11,1.0021914680858958e-10,7.437793433848765e-11,6.98218490484397e-11,1.297951004384415e-10,2.2466715200311076e-11,5.882445617780449e-11,1.3023773750519662e-10,1.6325474927055025e-10,3.4602517838342886e-10,6.540172838767625e-11,4.4067095950187403e-11,1.0621821293885346e-10,5.685998708997975e-10,6.979786316088908e-11,1.1883958641491538e-10,5.434735505144599e-10,9.231820913760163e-10,5.778871828706991e-10
pumped_hydro,power,LV,0.0,0.0,0.0,0.0,0.0,0.0,0.0,0.0,0.0,0.0,0.0,0.0,0.0,0.0,0.0,0.0,0.0,0.0,0.0,0.0,0.0,0.0,0.0,0.0,0.0,0.0,0.0,0.0,0.0,0.0
pumped_hydro,power,NL,0.0,0.0,0.0,0.0,0.0,0.0,0.0,0.0,0.0,0.0,0.0,0.0,0.0,0.0,0.0,0.0,0.0,0.0,0.0,0.0,0.0,0.0,0.0,0.0,0.0,0.0,0.0,0.0,0.0,0.0
pumped_hydro,power,NO,7.323392150662231e-12,1.0162894618188387e-11,1.0806331296417052e-11,1.1543007122982257e-11,1.237678995118618e-11,1.3267219452236094e-11,1.4267934426473802e-11,1.542198957350849e-11,1.693935607588352e-11,1.953403451670532e-11,2.2632902918052825e-11,2.203792989507637e-11,2.259396397416977e-11,2.682228937769373e-11,9.424257293353519e-11,1.3712741677082772e-10,7.950799350666668e-11,4.4209985146409604e-11,6.765815000460727e-11,8.064195037566898e-11,2.5691209039766056e-10,4.6005840731859965e-10,6.741906505843983e-11,1.5919141682239133e-10,2.647157674621874e-10,2.424612690081915e-10,4.357447789838547e-10,7.014137208076277e-10,1.0261727719521625e-09,1.4503246259560333e-09
pumped_hydro,power,PL,1.2096984673856604e-11,1.2558214140547288e-11,1.3588174803671682e-11,2.4529578480556697e-11,5.937638002203378e-11,1.2798050405482498e-11,6.419218783156412e-11,1.2411372393123762e-10,1.770326600275729e-11,3.626968424609623e-11,6.54089982931498e-11,4.582220472732824e-11,4.865732640321693e-11,5.886471117629879e-11,1.5740938890028917e-10,7.930348667329409e-11,1.3870659891894234e-10,2.9853797650858415e-10,9.080087201616979e-08,7.851653113086365e-09,7.067341630641757e-09,5.2036726394805825e-09,4.985092468385077e-09,5.263011831442855e-09,4.964274366781994e-09,6.346611488492737e-09,7.109395478303059e-09,6.261642112949433e-09,7.79918742331646e-09,1.1216059812589161e-08
pumped_hydro,power,PT,3.584700410644288e-11,9.659614653251726e-11,1.2546333076500178e-11,3.424331934868624e-11,2.542248448050003e-11,1.3575400801923532e-11,1.8373106763973758e-11,8.262279203360967e-11,6.671266721464679e-11,2.706134885973858e-11,9.340626031567143e-11,6.866024839778478e-11,6.234817930078346e-11,7.965176707042577e-11,9.775103915524891e-11,1.2284492536469822e-10,5.5660914416304896e-11,2.7076337530247787e-10,1.3195123986216905e-10,1.5355036234857142e-10,1.3049024488111014e-10,1.10340105790387e-10,1.2402806121429233e-10,1.5435302091715574e-10,1.6464183721510507e-10,1.7862590879453875e-10,1.9543620510538493e-10,2.387980352600462e-10,4.403592546533923e-10,2.1905196477568015e-09
pumped_hydro,power,RO,0.0,0.0,0.0,0.0,0.0,0.0,0.0,0.0,0.0,0.0,0.0,0.0,0.0,0.0,0.0,0.0,0.0,0.0,0.0,0.0,0.0,0.0,0.0,0.0,0.0,0.0,0.0,0.0,0.0,0.0
pumped_hydro,power,SE,0.0,0.0,0.0,0.0,0.0,0.0,0.0,0.0,0.0,0.0,0.0,0.0,0.0,0.0,6.087468255501234e-08,4.5167866524645075e-09,2.5808265390629784e-09,3.536281054743941e-09,5.125186404123129e-09,4.2468115178986294e-09,3.6938071255260985e-09,3.0889177276749443e-09,5.396377699813729e-09,7.3325264383933745e-09,5.771860893709686e-09,5.6001280230010986e-09,6.071720902456669e-09,6.277271463751287e-09,8.924446797416164e-09,1.7196059060445852e-08
pumped_hydro,power,SI,0.0,0.0,0.0,0.0,0.0,0.0,0.0,0.0,0.0,0.0,0.0,0.0,0.0,0.0,0.0,0.0,0.0,0.0,0.0,0.0,0.0,0.0,0.0,0.0,0.0,0.0,0.0,0.0,0.0,0.0
pumped_hydro,power,SK,0.0,0.0,0.0,0.0,0.0,0.0,0.0,0.0,0.0,0.0,0.0,0.0,0.0,0.0,0.0,0.0,0.0,0.0,0.0,0.0,0.0,0.0,0.0,0.0,0.0,0.0,0.0,0.0,0.0,0.0
pumped_hydro,power,UK,1.0928045401613581e-11,1.0936439950264489e-11,1.2001822257348505e-11,1.1860915340700937e-11,1.318126034558898e-11,1.4324868710204686e-11,1.668219919487226e-11,1.858458414556418e-11,2.059637690782068e-11,2.2773411216745413e-11,2.6551155439366187e-11,2.965540318999671e-11,3.3622703714834595e-11,3.7439493953140174e-11,4.571502362861865e-11,5.619327403048518e-11,7.27622909875749e-11,1.0373184264994644e-10,1.894647338009105e-10,8.35269897950437e-08,6.616303873119079e-09,5.4666919138685114e-09,5.065181501103164e-09,4.8116784977539155e-09,4.261091578565064e-09,4.875298864045079e-09,5.90664551953289e-09,7.065395663135134e-09,1.0197870924422312e-08,1.6183137468750892e-08
reservoir_hydro,power,AT,3.127532185618564,7.815948134226477e-11,0.15644562923025288,6.466165605799486e-11,9.221784299010655e-11,0.0230067095495307,2.623546799576202e-10,1.327177393042651e-10,1.0835434725824905e-10,1.1631809523968081e-10,1.6334764225439045,5.380303945977609e-10,3.6057490140440424e-10,2.861068717065467e-10,2.4582802370718056e-10,2.1846499961360804e-10,2.159270801293542e-10,2.526223595926095e-10,0.14034093059951427,7.985539728759316e-10,5.056410044580343e-10,4.5207599674582755e-10,0.06211811311150878,1.0060065534458182e-09,5.094236367717707e-10,5.740915138737703e-10,4.531972190473895e-10,3.310765981501609e-10,3.8251662779153087e-10,5.326087864877395e-10
reservoir_hydro,power,BE,0.0,0.0,0.0,0.0,0.0,0.01273566842874845,9.594273338962882e-11,4.0297445411396414e-11,2.707597047682463e-11,2.027547325589795e-11,1.6821919555127788e-11,1.3006579789803305e-11,1.064760148497854e-11,9.167881395718937e-12,8.212206076394767e-12,7.503723856718926e-12,7.128999951991759e-12,6.784977434171127e-12,6.544128717915239e-12,6.333480083272994e-12,6.180304001227115e-12,6.175521961693445e-12,6.1162955087621606e-12,6.1411208731392436e-12,6.226504389593098e-12,6.609573241686455e-12,7.162751476698916e-12,7.952219115713634e-12,9.548679609404626e-12,1.3566598815928073e-11
reservoir_hydro,power,BG,5.986627384459902e-12,6.629573054023553e-12,7.698876779782052e-12,8.387035246776738e-12,9.615592218413761e-12,1.1210724966933175e-11,1.3006692115137162e-11,1.5175633043876903e-11,1.7798886834765932e-11,2.1421744548503504e-11,2.537326796054378e-11,3.1335948226861785e-11,3.9769314702126633e-11,6.189860771589534e-11,1.22979888953505e-10,1.2774687289999457e-09,3.4822796908334574e-10,2.740114089771455e-10,2.1665742911634578e-10,2.0557264885922236e-10,2.1097722366123648e-10,2.25353274791193e-10,2.0944178549707707e-10,1.6833101623499622e-10,1.620156351471872e-10,1.904891481932086e-10,2.4155709680491174e-10,2.928260793694576e-10,3.951086472391233e-10,6.726315426383048e-10
reservoir_hydro,power,CH,4.148146290799017e-12,4.307660304602691e-12,4.560029677930727e-12,4.645434682184206e-12,4.993978209613593e-12,5.3330537404003e-12,5.695647839254656e-12,6.115709041281972e-12,6.526574815509277e-12,6.954227385577431e-12,7.467434418379695e-12,8.085025490098941e-12,8.719363739859599e-12,9.417168184052402e-12,1.0186721932696411e-11,1.1069532099837942e-11,1.215274353167117e-11,1.3373043892284839e-11,1.46366547161465e-11,1.6218771206331833e-11,1.8039512182244923e-11,2.0251797731956464e-11,2.303748984900246e-11,2.6673749786268527e-11,3.137068436353148e-11,3.857509130723295e-11,4.873136921009866e-11,6.420296571214638e-11,9.784339740116084e-11,2.004705051292541e-10
reservoir_hydro,power,CZ,0.0,0.0,0.0,0.0,0.0,1.119371704218268e-09,2.487683294818112e-10,1.4948146040525778e-10,1.1485476290219118e-10,9.689045166333903e-11,8.800944990257231e-11,8.669953265567917e-11,8.932214081898013e-11,9.27392760606933e-11,9.774222020197277e-11,1.033739491785731e-10,1.0993887318692235e-10,1.172529257604539e-10,1.251851103546575e-10,1.313202334643326e-10,1.356161762242965e-10,1.3842295897053296e-10,1.4459173856505186e-10,1.565723361511531e-10,1.679291165094354e-10,1.9951026668942573e-10,2.3033160026474232e-10,2.60493298817134e-10,3.611965925386399e-10,6.473508258304137e-10
reservoir_hydro,power,DE,0.18949999986443886,1.6655951271666566e-11,9.791469010792911e-12,6.37032034641441e-12,5.604692646927365e-12,4.979381519783847e-12,4.463849139029915e-12,4.0358859512938476e-12,3.713022966592714e-12,3.463282239853518e-12,3.290732490520286e-12,3.163842208123744e-12,3.0747979914828793e-12,3.0105061487661253e-12,2.9622463676910327e-12,2.9159050037534574e-12,2.8843577847742666e-12,2.866201563490345e-12,2.861047636064898e-12,2.8728212834831118e-12,2.904380795328271e-12,2.9550880205336215e-12,3.0255005639889395e-12,3.1336242975291354e-12,3.277644784320318e-12,3.5081359275958593e-12,3.825256258424128e-12,4.313370366806886e-12,5.231876595822029e-12,7.553775694077362e-12
reservoir_hydro,power,DK,0.0,0.0,0.0,0.0,0.0,0.0,0.0,0.0,0.0,0.0,0.0,0.0,0.0,0.0,0.0,0.0,0.0,0.0,0.0,0.0,0.0,0.0,0.0,0.0,0.0,0.0,0.0,0.0,0.0,0.0
reservoir_hydro,power,EE,0.0,0.0,0.0,0.0,0.0,0.0,0.0,0.0,0.0,0.0,0.0,0.0,0.0,0.0,0.0,0.0,0.0,0.0,0.0,0.0,0.0,0.0,0.0,0.0,0.0,0.0,0.0,0.0,0.0,0.0
reservoir_hydro,power,EL,2.9078925206476506e-12,3.043471536466707e-12,3.2713300866723214e-12,3.456459118624112e-12,3.725581383085221e-12,4.0054656956065245e-12,4.225409882319368e-12,4.5632035947157726e-12,4.87818124491182e-12,5.1703833489095594e-12,5.5811041328405785e-12,5.997695885075506e-12,6.437332278644349e-12,6.967169223177953e-12,7.466657272620826e-12,8.21211634401945e-12,9.053950110183187e-12,1.0037759082348574e-11,1.1155748899899551e-11,1.2431136929916676e-11,1.3922064391831105e-11,1.560162242726277e-11,1.8049287384125862e-11,2.116988846577897e-11,2.526395612236698e-11,3.120040767538231e-11,3.9939693372407895e-11,5.473822373147155e-11,8.42580051306058e-11,1.7241302738314577e-10
reservoir_hydro,power,ES,2.7399986708117743e-11,2.3056896615558796e-11,3.0388225073056554e-11,2.4395000827047356e-11,3.142032738277746e-11,3.985216297394005e-11,4.6495018417756195e-11,5.0002993656981323e-11,5.243497163760798e-11,5.7245666997419554e-11,6.362916836347195e-11,7.128413769140583e-11,8.35361146698605e-11,1.0485316423710067e-10,1.3983458465670782e-10,1.9004803945171795e-10,3.7653822598525553e-10,0.5092528277261387,0.5591183578582559,2.715913477248319e-08,0.9225611644909997,2.3788007478278034e-09,1.2396656240242457e-09,9.898971749917207e-10,7.796101159469644e-10,8.645423595332437e-10,1.1343934258696651e-09,1.363460512954138e-09,2.0730552012097773e-09,9.50308096116993e-09
reservoir_hydro,power,FI,0.0,0.0,0.0,0.0,0.0,1.3449999991867359,1.7791018788988116e-10,7.149658538200969e-11,4.9542955330241414e-11,3.937338574885351e-11,3.400691797435824e-11,2.7913560132584952e-11,2.3962126910893345e-11,2.1381149556932634e-11,1.9869992579860046e-11,1.888767346977954e-11,1.8060326931901505e-11,1.742573432439156e-11,1.7060162554303183e-11,1.6962648463988523e-11,1.7041136772833124e-11,1.7290847570847296e-11,1.7422685869465667e-11,1.769838568772028e-11,1.8013137180845792e-11,1.8942573386829275e-11,2.0630900249883108e-11,2.3492755943393526e-11,2.8546075154071963e-11,4.1307041221965725e-11
reservoir_hydro,power,FR,1.9622761671395016e-11,2.0259010219580987e-11,2.942092290309813e-11,2.2616931836040273e-11,2.5927604797136373e-11,2.8805659237947328e-11,2.972986346402836e-11,2.939845183888663e-11,2.9275138838134215e-11,2.957521648218102e-11,3.0681602870448283e-11,3.165304429988442e-11,3.245600701353483e-11,3.40282432287831e-11,3.676532671117512e-11,4.055786873938552e-11,4.381842480725112e-11,4.844412442537382e-11,5.524032888312831e-11,6.573641934986633e-11,7.794917160043737e-11,8.682559413871393e-11,9.559595720323251e-11,1.0738058508587956e-10,1.182637739883752e-10,1.4582332008865838e-10,1.757180252003116e-10,2.0938810263390835e-10,3.264827769280798e-10,6.425779147234276e-10
reservoir_hydro,power,HR,0.0,0.0,0.0,0.0,0.0,1.327624457792258,1.6216372919329237e-10,8.079459691167394e-11,5.116175597275444e-11,3.6671116215583416e-11,2.7790608508547336e-11,2.4053344467389696e-11,2.1604836453409393e-11,1.9995132343127717e-11,1.8573845222288437e-11,1.7532029871155e-11,1.717913401093617e-11,1.7140441144639866e-11,1.748944430831283e-11,1.7948475269818928e-11,1.8426785540433522e-11,1.9040334131868298e-11,1.9082386628620813e-11,1.941845376426921e-11,2.000007406550005e-11,2.113935066796837e-11,2.2753261134983017e-11,2.5363012684940454e-11,3.011557465871105e-11,4.2039494487409064e-11
reservoir_hydro,power,HU,0.0,0.0,0.0,0.0,0.0,0.02799999960644348,6.38797678760774e-11,3.13490644347225e-11,2.1793921675173268e-11,1.705711848358118e-11,1.4343822467219846e-11,1.2734354321096777e-11,1.1577675501209499e-11,1.0692448237103731e-11,1.0041148794894489e-11,9.522123910675546e-12,9.148880958773766e-12,8.955904374205945e-12,8.86050420247819e-12,8.888446094562831e-12,8.957654474069226e-12,9.090406465194602e-12,9.270135118268589e-12,9.694528093620855e-12,1.0206058418510437e-11,1.11672179589517e-11,1.2333797553609287e-11,1.400255677674611e-11,1.731005267809066e-11,2.5902091158474474e-11
reservoir_hydro,power,IE,0.0,0.0,0.0,0.0,0.0,1.0158181796340554e-09,2.7876275614866906e-10,1.80643119330746e-10,1.6549210640229084e-10,1.7582206929104277e-10,1.9620285183292717e-10,2.829784587546814e-10,6.676223010526917e-10,2.400467599935012e-09,1.1975010003063642e-08,4.390451888016891e-09,0.0009999660400262878,4.396965121456344e-09,1.008001528808141e-09,6.796444073911852e-10,5.462282229120116e-10,4.666086993617577e-10,3.901833677927191e-10,3.2746950011734193e-10,3.249063517619327e-10,3.4738233823348236e-10,3.5624822841793194e-10,4.282102581447915e-10,5.772065089594708e-10,1.0436801566388795e-09
reservoir_hydro,power,IT,0.0,0.0,0.0,0.0,0.0,7.16800599284601e-09,5.187587833339435e-10,2.6137660583705927e-10,1.8819357621049244e-10,1.3687344206811778e-10,1.2149025020248072e-10,1.0380077086202416e-10,8.954915965899443e-11,8.811730417059395e-11,8.787194958757108e-11,8.648100447905915e-11,9.263454898813045e-11,9.961588780105336e-11,1.0327314884758745e-10,1.0802607494077643e-10,1.1159533500646298e-10,1.1555507153504396e-10,1.3151073421137155e-10,1.4948503676709558e-10,1.6563212057952616e-10,1.7890953011349014e-10,2.1428799978700272e-10,2.4472128019632085e-10,3.590414438669567e-10,7.04235307670769e-10
reservoir_hydro,power,LT,0.0,0.0,0.0,0.0,0.0,3.4818792331694915e-09,1.0557375801037883e-10,5.398170490145394e-11,4.62000532224662e-11,4.115327122942029e-11,4.109104893622204e-11,3.620579970668106e-11,3.342224579988528e-11,3.156882795717794e-11,3.120909264378121e-11,3.318323039015258e-11,3.457883318690313e-11,3.70782655752408e-11,4.022363229317594e-11,4.481974647024344e-11,5.034820593916629e-11,5.697630512314587e-11,6.399639185200438e-11,7.244183722505176e-11,8.213281508231981e-11,9.841507835553243e-11,1.2101070624894524e-10,1.5236180870367457e-10,2.2110344289106905e-10,4.2926289206799255e-10
reservoir_hydro,power,LU,0.0,0.0,0.0,0.0,0.0,0.0,0.0,0.0,0.0,0.0,0.0,0.0,0.0,0.0,0.0,0.0,0.0,0.0,0.0,0.0,0.0,0.0,0.0,0.0,0.0,0.0,0.0,0.0,0.0,0.0
reservoir_hydro,power,LV,0.0,0.0,0.0,0.0,0.0,6.662799108956949e-10,1.2173481161611588e-10,7.853693747488884e-11,6.872783871012156e-11,6.4208661514872e-11,6.433293496092985e-11,6.120374798756734e-11,5.935851950922269e-11,5.860345078357118e-11,5.959744097726545e-11,6.280944135534608e-11,6.543833920131005e-11,6.889375248649284e-11,7.293193023152578e-11,7.812156676709568e-11,8.379598603886757e-11,9.02582506292299e-11,9.736169795472902e-11,1.0643981077025826e-10,1.176147187789868e-10,1.3342927241008727e-10,1.5565917687836898e-10,1.9027303178607388e-10,2.58197629702374e-10,4.5284609404852125e-10
reservoir_hydro,power,NL,0.0,0.0,0.0,0.0,0.0,0.0,0.0,0.0,0.0,0.0,0.0,0.0,0.0,0.0,0.0,0.0,0.0,0.0,0.0,0.0,0.0,0.0,0.0,0.0,0.0,0.0,0.0,0.0,0.0,0.0
reservoir_hydro,power,NO,2.0390957337323915e-11,1.9337838769632016e-11,2.2131479606463996e-11,2.2739338853835767e-11,2.9465280997756285e-11,3.2301718115982746e-11,3.375563420018344e-11,3.21550714731212e-11,3.2721325484043735e-11,3.238965075481032e-11,3.344442755869507e-11,3.234827893406028e-11,3.104858136995427e-11,3.119916153378594e-11,3.064829497811109e-11,3.1509303925003736e-11,3.260772243784347e-11,3.470382311809537e-11,3.7548707892969336e-11,4.091809343045316e-11,4.510587320713161e-11,5.100460678576421e-11,5.5740980045824025e-11,6.314306263117481e-11,7.114047357037782e-11,8.65574983715322e-11,1.0657595558323991e-10,1.3894918550353814e-10,2.0459388637790366e-10,4.0561779636826457e-10
reservoir_hydro,power,PL,0.0,0.0,0.0,0.0,0.0,0.0,0.0,7.861985475053097e-12,1.0407325749423509e-11,8.239708669862041e-12,7.623503898781755e-12,7.46403601734397e-12,7.527262811246692e-12,7.734010711644106e-12,8.054266038979291e-12,8.477489642343987e-12,9.005597930548399e-12,9.648565450007946e-12,1.0424616605103301e-11,1.1361819122165048e-11,1.2501707447891785e-11,1.3906409617577474e-11,1.5668548028282415e-11,1.7935014653050094e-11,2.0949725568104626e-11,2.515105380203253e-11,3.141636002489012e-11,4.177598587519461e-11,6.229815754853911e-11,1.231815048463155e-10
reservoir_hydro,power,PT,0.3960053497471402,7.683193259877933e-11,1.1453769074499468e-10,4.2341287748888387e-11,5.189216105463814e-11,6.388416075395617e-11,6.237413627525233e-11,5.480431754882631e-11,4.909769403497303e-11,4.6369491918702784e-11,4.4609990008752626e-11,4.297657488293294e-11,4.2329983267829444e-11,4.28060361274024e-11,4.348173680073033e-11,4.3509498477028747e-11,4.511805872615518e-11,4.7779144248587044e-11,4.383664507140194e-11,4.0652702617545986e-11,3.8190637702858907e-11,3.52999798839817e-11,3.3321177297740374e-11,3.214130589251253e-11,3.1507840972554603e-11,3.2023979948726415e-11,3.36289954059808e-11,3.6373176449854807e-11,4.235540023778302e-11,5.870042137122079e-11
reservoir_hydro,power,RO,6.047911765333375e-12,6.7490103072732795e-12,7.703365056904928e-12,7.74365189902906e-12,8.403697334163157e-12,9.063143649512328e-12,9.627346019219118e-12,1.0271313779288738e-11,1.0985550073992116e-11,1.1770376041360904e-11,1.2592565580612631e-11,1.3533350645954542e-11,1.4522675629778527e-11,1.5857231757509757e-11,1.7420554321668568e-11,1.9190638084170985e-11,2.0974125253999458e-11,2.363445329385646e-11,2.6713716225563962e-11,3.0582332279697154e-11,3.545248704483563e-11,4.2331013707585735e-11,5.2642132041479645e-11,6.732540040538669e-11,9.899764692831582e-11,2.0545724331024316e-10,2.2538828607882498e-09,6.015384750150016e-10,5.94875225303553e-10,8.563674752137671e-10
reservoir_hydro,power,SE,5.543672327875129,3.194542130130816e-10,7.179250199072366e-10,1.896408530795978e-10,1.5785036215039014,0.9887128124860749,0.02934315466100565,1.1626386197702603,4.715811591548596e-10,3.037391500217112e-10,3.3087370456803303e-10,0.5813193101661949,0.17615736529835965,4.346950239818927e-10,2.6278163155479765e-10,2.477858617118631e-10,2.513450044779944e-10,3.0968451403127685e-10,1.365219562042972,4.095148877249199e-09,3.5902306020532725e-09,3.4246712473944517e-09,8.812126522847305e-10,5.490257634022322e-10,3.54330480230065e-10,3.230758915245234e-10,3.684530229992619e-10,4.5597929090535854e-10,6.729756720113664e-10,1.2860309123542045e-09
reservoir_hydro,power,SI,0.13196607011716724,4.576672772826317e-11,3.210240435718865e-11,2.0412216057163554e-11,2.0969428879879267e-11,2.1192553461351948e-11,2.0222014463274698e-11,1.9110916072242812e-11,1.8335156315587246e-11,1.765306438009233e-11,1.7707218888748873e-11,1.8136139669509262e-11,1.9097386228312622e-11,2.031298913783023e-11,2.2455167040093807e-11,2.642313133386801e-11,3.7485995247115335e-11,0.10617959469759894,6.690199232818261e-10,3.336064665523793e-10,2.177656954418192e-10,1.5496750261843088e-10,1.307068708029141e-10,1.4181342414129554e-10,1.527166035498512e-10,2.423828124852086e-10,0.19213449858334236,1.5724364336306732e-09,1.3994533844936429e-09,4.029364622322302e-09
reservoir_hydro,power,SK,0.0,0.0,0.0,0.0,0.0,0.0,0.0,0.0,0.0,0.0,0.0,0.0,0.0,0.0,0.0,0.0,0.0,0.0,0.0,0.0,0.0,0.0,0.0,0.0,0.0,0.0,0.0,0.0,0.0,0.0
reservoir_hydro,power,UK,0.0,0.0,0.0,0.0,0.0,6.984873869384964e-12,9.194368951639976e-12,7.247893991297213e-12,6.680973858437295e-12,6.5144192466137895e-12,6.5385244503104484e-12,6.683895496069011e-12,6.921180821534029e-12,7.238671060078187e-12,7.633720363908616e-12,8.110252833973997e-12,8.677526261700154e-12,9.349847513909137e-12,1.0148234804229078e-11,1.110243854319006e-11,1.2255079308054792e-11,1.366903911209048e-11,1.5437137885014854e-11,1.770659954291505e-11,2.072167651841378e-11,2.492119186083541e-11,3.118183494515014e-11,4.153446715614728e-11,6.204459077661005e-11,1.2289172472162116e-10
run-of-river_hydro,power,AT,2.515899999837567,1.0367258884319068e-10,0.029999999812417532,8.346705641766115e-11,4.997844532729695e-10,0.21930828719670248,0.9846917107497183,1.2970208376156529e-09,0.012999999793544074,0.3769999946558868,4.85014809945902e-09,0.0899999949047983,0.41199999511274543,8.610983204350287e-09,0.025000000966827977,0.6410000001673613,0.034000000228322266,0.015000000027116541,0.024000000182282932,0.0819999999521467,0.013000000126849633,0.017000000090379812,0.004999998586935569,1.6845704995895963e-09,0.02199999652297177,0.010000003012744382,0.018000000300154233,0.17199999915051942,0.1839999981911633,2.3909121689086133e-09
run-of-river_hydro,power,BE,0.059015339384080046,3.4791505742223735e-11,2.2669753363476154e-11,1.5011089722294547e-11,1.5222654555120386e-11,1.5437155377250717e-11,1.4898614350950732e-11,1.3704158162802222e-11,1.2926843596740767e-11,1.211348320984171e-11,1.1624616428781255e-11,1.0449065229060021e-11,9.547977568797356e-12,8.882099368438752e-12,8.427560748072087e-12,8.066629933481286e-12,7.908842144282586e-12,7.7421722423282e-12,7.646921710043819e-12,7.560184495549326e-12,7.524653447739897e-12,7.637829584351901e-12,7.685367408953729e-12,7.833767663640611e-12,8.046617139339788e-12,8.632489212680933e-12,9.431399640993772e-12,1.0554882847027886e-11,1.282599495647548e-11,1.8687143438457592e-11
run-of-river_hydro,power,BG,4.767905311183358e-10,8.687423598098024e-11,7.99900378174605e-11,5.438169396728023e-11,5.743161608704135e-11,6.07826713368913e-11,6.454962844717313e-11,6.834991806056078e-11,6.895948348906504e-11,7.40232335068158e-11,6.773846684417478e-11,6.423718768676266e-11,5.965462179612649e-11,6.76361226864801e-11,7.417871203662433e-11,8.021475015205652e-11,8.922197524785499e-11,9.939324992912635e-11,9.869380418017115e-11,1.0310179194002474e-10,1.1254761706161545e-10,1.2302372111860718e-10,1.2155744770846523e-10,1.042047303861127e-10,1.0257981310645513e-10,1.1956458610056153e-10,1.5075405211757768e-10,1.8184865961595346e-10,2.4962694475565543e-10,4.3899630368331067e-10
run-of-river_hydro,power,CH,3.152376809922628e-12,3.320748675780191e-12,3.5153980257291563e-12,3.6286771479892356e-12,3.907133613032973e-12,4.1904778398962765e-12,4.495744936821641e-12,4.823368060769517e-12,5.160584313291141e-12,5.5271893095828894e-12,5.9583968614695975e-12,6.423331452966171e-12,6.9383112013965895e-12,7.493959530900701e-12,8.142615141312028e-12,8.893442517108293e-12,9.789035493023664e-12,1.0805011392104673e-11,1.1960789622512502e-11,1.3263283841341508e-11,1.479108876298773e-11,1.6698185637893096e-11,1.9046842513021966e-11,2.2193053534208518e-11,2.6270986917020664e-11,3.246651594383782e-11,4.1155367171472535e-11,5.461305491010898e-11,8.315375927235803e-11,1.7007143792136876e-10
run-of-river_hydro,power,CZ,6.865632599414036e-10,8.703135640738515e-11,6.271404835003677e-11,4.028153613918451e-11,4.482211871859651e-11,4.8721579992554e-11,5.027030179101944e-11,4.9158186414242837e-11,4.792032713824573e-11,4.673359336808783e-11,4.638973873595471e-11,4.7792033435619394e-11,5.0587130324949025e-11,5.371682805811869e-11,5.747903339261078e-11,6.165490567838723e-11,6.641373219463962e-11,7.140909161736484e-11,7.66898344749148e-11,8.135777826914499e-11,8.494174267110518e-11,8.76079757351504e-11,9.22071549698753e-11,9.984441077362009e-11,1.073147647003519e-10,1.2714837427402723e-10,1.474130922704039e-10,1.6901888854857567e-10,2.3421532246440005e-10,4.2049161777620665e-10
run-of-river_hydro,power,DE,1.8992839476797838,0.04470117005829653,3.550275403214109e-11,1.7051216569572516e-11,2.030987153812823e-11,0.019141270194688,7.925459967038282e-11,0.02223596666594067,0.18338941584548987,7.344460299718227e-11,0.01398344294224095,0.013754206188448284,0.06647866326089996,0.014098061348253641,0.02831074108355135,0.042523420687245204,9.169177175968908e-11,6.19286887851639e-11,0.014441916296397218,8.750869478429386e-11,5.4635175719443793e-11,5.05880377666738e-11,0.09547711451365443,1.3658946640248973e-10,0.0390848689504456,1.204600234156977e-10,6.437087034230518e-11,4.695350851074532e-11,4.287515415445788e-11,4.8148586549202e-11
run-of-river_hydro,power,DK,0.0,0.0,0.0,0.0,0.0,0.0,0.0,0.0,0.0,0.0,0.0,0.0,0.0,0.0,0.0,0.0,0.0,0.0,0.0,0.0,0.0,0.0,0.0,0.0,0.0,0.0,0.0,0.0,0.0,0.0
run-of-river_hydro,power,EE,0.0,0.0,0.0,0.0,0.0,0.0,0.0,0.0,0.0,0.0,0.0,0.0,0.0,0.0,0.0,0.0,0.0,0.0,0.0,0.0,0.0,0.0,0.0,0.0,0.0,0.0,0.0,0.0,0.0,0.0
run-of-river_hydro,power,EL,4.871928649661825e-10,8.035856889625058e-11,6.102969781635682e-11,4.597350248456366e-11,4.739494233616093e-11,4.9322427831698857e-11,5.0391417523251246e-11,5.0620693726024005e-11,5.0450062993011676e-11,5.1362625490563004e-11,5.091850593600659e-11,5.06461563635053e-11,5.048838196313055e-11,5.372235954390731e-11,5.7482982267282083e-11,6.114148678242285e-11,6.685115368675675e-11,7.397772732986864e-11,7.639771445426978e-11,7.901091673156278e-11,8.310965020889529e-11,8.813573492620028e-11,9.471037312714149e-11,1.0177690076396073e-10,1.1027750043138305e-10,1.2355915336828708e-10,1.4346577087162926e-10,1.6990511438769686e-10,2.2920240108044298e-10,4.0724864247849487e-10
run-of-river_hydro,power,ES,1.1716247519970138e-11,7.06454375973357e-12,7.98207951016759e-12,7.693306863504721e-12,8.558652910432468e-12,9.46073424990969e-12,1.0257694118073776e-11,1.0929489259985972e-11,1.1546539258087124e-11,1.2310424121605741e-11,1.3247461186952274e-11,1.4198017817183578e-11,1.5424725764646253e-11,1.6984093505525182e-11,1.8810762744546948e-11,2.0728817117746754e-11,2.329190228062449e-11,2.644860164299596e-11,2.860620860163604e-11,3.1524915715879104e-11,3.589734382271753e-11,4.0776184214672764e-11,4.679839036574344e-11,5.476187212235172e-11,6.483623108942552e-11,7.800650810360282e-11,9.627239662566699e-11,1.2864354269894458e-10,1.9203130796979195e-10,3.706187193923004e-10
run-of-river_hydro,power,FI,1.2895999964351645,1.890455751591565e-10,2.5000426748501645e-10,1.4383205028205012e-10,3.3636229748730755e-10,5.176010914382252e-10,4.777491343499836e-10,1.8587849481676274e-10,1.3598851399225833e-10,1.134931485651796e-10,1.0429681334479941e-10,8.200678300748347e-11,6.812941537329186e-11,5.991896816551766e-11,5.6151362453552596e-11,5.2331275809706947e-11,4.9285851037212744e-11,4.628850544842863e-11,4.416645729071431e-11,4.3370971176475364e-11,4.340578254679437e-11,4.409053252788022e-11,4.316898723695967e-11,4.261424058843637e-11,4.164254308822693e-11,4.2734870142681674e-11,4.6416163549830076e-11,5.358134462516024e-11,6.54601548856987e-11,9.493209622649826e-11
run-of-river_hydro,power,FR,6.101565416586098e-12,6.307774811169126e-12,7.501177216476476e-12,7.130107272642487e-12,7.660065262351299e-12,8.160662174175339e-12,8.530221435699048e-12,8.84530985669266e-12,9.199509710004468e-12,9.591199404331987e-12,1.0090011184810748e-11,1.0630960808216235e-11,1.1238067569725707e-11,1.2072476918636e-11,1.3268801728501141e-11,1.4880889484352254e-11,1.631643845441083e-11,1.8264804158678268e-11,2.1056667679218653e-11,2.5227975374413482e-11,3.00811765165017e-11,3.3741190060675255e-11,3.769391477862679e-11,4.304487299293795e-11,4.9212975270958825e-11,6.073742662017617e-11,7.490775234018061e-11,9.331524101590335e-11,1.4263679930166068e-10,2.884504685188686e-10
run-of-river_hydro,power,HR,0.27866772940116885,3.4185259708597496e-11,2.97354579079069e-11,2.339645688536146e-11,2.7678626185697728e-11,3.287463545954575e-11,3.306257924325152e-11,3.255710411958227e-11,2.989216935062875e-11,2.7252035132741086e-11,2.4729370519783818e-11,2.15735818916474e-11,2.1014706221405104e-11,2.0649762682320303e-11,1.99750673331512e-11,1.9527311092178514e-11,1.979679888756857e-11,2.0317403310278647e-11,2.1481915651383342e-11,2.2809278657207824e-11,2.4156261823533034e-11,2.5777913529284663e-11,2.6210068887532866e-11,2.6993794705731352e-11,2.810324841243114e-11,3.025492021112221e-11,3.3015383411535444e-11,3.7372004286128795e-11,4.551432989300495e-11,6.425895960430757e-11
run-of-river_hydro,power,HU,0.019699998630961942,1.2528715275589315e-10,2.3320640348890654e-10,3.98532813201593e-11,3.945504764544451e-11,3.685692829156098e-11,3.236154664424407e-11,2.751475125527109e-11,2.3764091996941462e-11,2.1234253524358922e-11,1.9493035741814852e-11,1.856555444843348e-11,1.7913129211798713e-11,1.7422940446007353e-11,1.7095587041217392e-11,1.6828807254160935e-11,1.6765021423847745e-11,1.7180082843580394e-11,1.7875616464460528e-11,1.888434904772222e-11,1.9973654265924207e-11,2.125553527126494e-11,2.2529349971860244e-11,2.494256227489449e-11,2.7663868252976926e-11,3.2973796539508816e-11,3.9100198626438273e-11,4.7468268522376034e-11,6.564920783565538e-11,1.1610584629357557e-10
run-of-river_hydro,power,IE,7.553716555295934e-10,1.0643382838880376e-10,1.0894282210055639e-10,6.215354415432741e-11,7.590765264558269e-11,9.560647005952561e-11,1.0180052862487022e-10,1.0271055758137555e-10,1.0918808121646157e-10,1.2162712095840746e-10,1.4016281962138166e-10,1.8108349394114483e-10,2.8461895368802247e-10,4.5745558724376657e-10,5.355985511747156e-10,4.449654902979868e-10,4.945785746755088e-10,4.6464716714589317e-10,4.012408963551581e-10,3.9266167168757704e-10,4.084113937980788e-10,4.190151666711393e-10,4.095865225697882e-10,3.898325337912049e-10,4.243574577105016e-10,4.830889158936285e-10,4.975711995122248e-10,6.022146597675091e-10,8.315317676702927e-10,1.6134528958064868e-09
run-of-river_hydro,power,IT,4.441171444875347e-09,8.645675955082921e-11,5.568007355876799e-11,3.074949521168221e-11,3.761580666281816e-11,4.385540900810272e-11,4.805858413359742e-11,5.169666187197564e-11,5.55192313911305e-11,5.7169108810179825e-11,6.069864831504187e-11,6.167267733329735e-11,6.164652433210342e-11,6.597133440365234e-11,7.112831294183172e-11,7.56368373681964e-11,8.514261364006652e-11,9.605531632064502e-11,1.035302614159634e-10,1.1196044219701889e-10,1.1886176211453134e-10,1.2418701396415874e-10,1.430863891726124e-10,1.6299540962810723e-10,1.794428202995613e-10,1.9117346045943284e-10,2.2700158592282965e-10,2.538417945923613e-10,3.6749303977025745e-10,7.04859738212397e-10
run-of-river_hydro,power,LT,4.676726424488159e-12,6.087360231400606e-12,4.7603155893764155e-12,4.358721898251683e-12,4.2205452602984494e-12,4.20501033556008e-12,4.263900567066731e-12,4.3753307333412446e-12,4.52941749418247e-12,4.7219077641307025e-12,4.9515449018104105e-12,5.2195550394241105e-12,5.528675605020454e-12,5.883333293895619e-12,6.289766135490581e-12,6.7563755709228496e-12,7.295659324218835e-12,7.921282723321986e-12,8.653263392958878e-12,9.518991360660921e-12,1.055677284052001e-11,1.1823106957228592e-11,1.3398956310756988e-11,1.5413691308153193e-11,1.8082554285799475e-11,2.1789759838817757e-11,2.730108046272432e-11,3.639370445084883e-11,5.43670292322018e-11,1.0756381416046071e-10
run-of-river_hydro,power,LU,0.0,0.0,0.0,0.0,0.0,0.0,0.0,0.0,0.0,0.0,0.0,0.0,0.0,0.0,0.0,0.0,0.0,0.0,0.0,0.0,0.0,0.0,0.0,0.0,0.0,0.0,0.0,0.0,0.0,0.0
run-of-river_hydro,power,LV,7.7643422968391e-12,1.0283153502946563e-11,1.5760604257822095e-11,3.0352549226161204e-11,4.602506321025108e-10,9.71059371916086e-11,6.463562254854696e-11,5.333186578314849e-11,5.057657007480563e-11,4.943803891189875e-11,5.0588948639728526e-11,4.957008948267277e-11,4.9142881002845656e-11,4.931611180918729e-11,5.0657802904842035e-11,5.350546954971698e-11,5.6047951523548604e-11,5.921057088150942e-11,6.282906940104004e-11,6.734313401435733e-11,7.232433709514488e-11,7.794956915823813e-11,8.435739430651864e-11,9.233246132847536e-11,1.0208849471124285e-10,1.1584354575684416e-10,1.3490374881212085e-10,1.6482222362120215e-10,2.234986160925586e-10,3.914608405524448e-10
run-of-river_hydro,power,NL,0.0,0.0,0.0,0.0,0.0,0.0,0.0,0.0,0.0,0.0,0.0,0.0,0.0,0.0,0.0,0.0,0.0,0.0,0.0,0.0,0.0,0.0,0.0,0.0,0.0,0.0,0.0,0.0,0.0,0.0
run-of-river_hydro,power,NO,0.0,0.0,0.0,0.0,0.0,0.0,0.0,0.0,0.0,0.0,0.0,0.0,0.0,0.0,0.0,0.0,0.0,0.0,0.0,0.0,0.0,0.0,0.0,0.0,0.0,0.0,0.0,0.0,0.0,0.0
run-of-river_hydro,power,PL,4.637283726526146e-12,6.050179831954189e-12,4.736431833426947e-12,4.33764798323621e-12,4.201246825970736e-12,4.18687056803714e-12,4.246890252639712e-12,4.359184514438201e-12,4.514175131037906e-12,4.707357765765659e-12,4.937714582116798e-12,5.206401169195029e-12,5.516151361347988e-12,5.871378908722968e-12,6.278299332167497e-12,6.745206347744068e-12,7.284535029608174e-12,7.909970414084725e-12,8.641522224729859e-12,9.506517568534509e-12,1.0543236753760776e-11,1.1808031260209801e-11,1.338249098269261e-11,1.5396052894988177e-11,1.8063678618560496e-11,2.1770849314857083e-11,2.7283452198872686e-11,3.637068557493571e-11,5.4336598861969713e-11,1.0749473706984206e-10
run-of-river_hydro,power,PT,3.117135926989307e-10,5.1618949109332965e-11,1.0389353854167116e-10,4.2607928131271406e-11,6.119984042461705e-11,9.328394869374484e-11,1.1115087923730366e-10,1.0615368888557946e-10,9.85446488808148e-11,9.932840843632699e-11,1.072686559070239e-10,1.137394473446734e-10,1.2708712242295782e-10,1.5988130528423187e-10,2.133968565870904e-10,2.700121104856742e-10,5.041813307762095e-10,1.4759999812391593,0.13999997413204188,5.185009374941552e-09,3.2746230643566086e-08,1.6018774680907443e-09,9.363594286962509e-10,7.422759544918145e-10,6.76208768709627e-10,0.1889999961319523,1.1295273549343548e-09,7.731491814116991e-10,6.834714879038409e-10,7.220865296605941e-10
run-of-river_hydro,power,RO,0.0,0.0,8.606161300074444e-10,9.518863324757939e-11,9.452689900277031e-11,9.492500649133259e-11,9.237107390200035e-11,8.678564515155273e-11,8.43971925583184e-11,8.43837526631078e-11,8.259383691162943e-11,8.205215386274342e-11,8.055462942424067e-11,8.923010584381476e-11,9.196545049128091e-11,9.472822078909492e-11,9.832892395330786e-11,1.0115751914924464e-10,1.0280536450220654e-10,1.0654043679857779e-10,1.1066571099490359e-10,1.1543627258352224e-10,1.2026840401897286e-10,1.220562269993149e-10,1.3463144718025485e-10,1.6974401129838751e-10,1.9537151438723302e-10,2.2539636910975682e-10,3.072312081281492e-10,5.359966687317254e-10
run-of-river_hydro,power,SE,1.9391424932065864e-09,2.350889996604293e-10,2.2241802121787478e-10,1.247672090037732e-10,3.349991837616715e-10,4.830174531431356e-10,2.2504464175643634e-09,5.766895992851913e-10,4.953245217980609e-10,5.188666733725578e-10,7.692591504573705e-10,4.1694276295703865e-10,2.765175009291503e-10,2.2377396176919747e-10,2.1292462448054748e-10,2.3478969060658854e-10,2.555595598702629e-10,2.7975214500279084e-10,3.0629402121368065e-10,3.664740078888082e-10,4.87564226654135e-10,6.902548454024343e-10,5.055123088111607e-10,4.257294368426056e-10,3.239234844728212e-10,3.1057578105703983e-10,3.7761101523852123e-10,5.106737704733594e-10,7.799662173056278e-10,1.496042951414896e-09
run-of-river_hydro,power,SI,0.5168299993451009,6.738161779327523e-11,5.215536884897524e-11,3.4045752284221616e-11,4.5503742425095406e-11,6.702922223302521e-11,8.60826410910489e-11,1.1273155310490862e-10,1.5599956214364288e-10,1.0857560572856436e-10,8.73225940542676e-11,7.824704663610554e-11,7.773535496743687e-11,7.354927587775019e-11,6.973045082595418e-11,6.731783217917572e-11,6.971890513238087e-11,7.396346685577748e-11,8.164311132463477e-11,8.701545332110314e-11,9.070759231148096e-11,9.043573727876128e-11,9.187047529785415e-11,1.0712869646215485e-10,1.1985539734010543e-10,1.615355792235146e-10,2.09417422766867e-10,2.6082006176868647e-10,3.5891012410353184e-10,7.237180662433e-10
run-of-river_hydro,power,SK,1.0278084347823445e-11,6.4553910840388665e-12,6.675895022977674e-12,6.429041872970022e-12,7.043188708285149e-12,7.735662717801383e-12,8.433249128552189e-12,9.13638565827503e-12,9.675516668502538e-12,1.031189481160896e-11,1.1185717631967337e-11,1.2239609223257173e-11,1.3587890026065196e-11,1.5214582082237185e-11,1.729993005931643e-11,2.0227651280599967e-11,2.3974426279429655e-11,2.8345302874602386e-11,3.5691585076084886e-11,4.070894415962711e-11,5.121694132647538e-11,6.775665496291705e-11,9.773530969269486e-11,1.8490655055551327e-10,1.8578982394539028e-09,5.758068777968926e-10,4.500101124892963e-10,4.042071572194621e-10,5.007426617065414e-10,8.208268084962258e-10
run-of-river_hydro,power,UK,1.2752453432811976e-12,1.3636206109278428e-12,1.4543740056277527e-12,1.555305951426108e-12,1.6655569727859112e-12,1.7860269528135095e-12,1.9175495684942e-12,2.0619974368860935e-12,2.2208490284671675e-12,2.396173869909361e-12,2.5905942283270923e-12,2.807174855046791e-12,3.049614039946224e-12,3.3224859761914915e-12,3.6315076086862712e-12,3.983919246819081e-12,4.389515027969524e-12,4.86007032988048e-12,5.411829491263593e-12,6.066625818133811e-12,6.855306922008773e-12,7.823286007025266e-12,9.03720435040595e-12,1.0601442682608828e-11,1.2691165838714073e-11,1.5623479032860362e-11,2.0025486177427527e-11,2.737327370595502e-11,4.209540011507134e-11,8.642248344236225e-11
waste_plant,power,AT,2.1722742363750727e-10,2.5224821024626694e-11,1.6619396899614366e-11,1.1710859865779809e-11,1.227778455532306e-11,1.2999567106470859e-11,1.3763252474143032e-11,1.4551411216246633e-11,1.463603215831195e-11,1.5173624304416717e-11,1.5892852557538514e-11,1.696319597338029e-11,1.767999303148133e-11,1.854708926388824e-11,1.920846037308249e-11,1.9820015265588545e-11,2.0744100185187838e-11,2.1794654241435637e-11,2.283299394344677e-11,2.400328931651252e-11,2.5588496488553675e-11,2.7653457041964735e-11,2.9812271978121866e-11,3.2625010962523255e-11,3.6431414497488185e-11,4.205289376188676e-11,4.9864682530346667e-11,6.293533322481436e-11,8.714573793258262e-11,1.5392628683090804e-10
waste_plant,power,BE,1.074990108058871e-12,1.0042408620633252e-12,1.0166838430928354e-12,1.0064126846906966e-12,1.0927972301909343e-12,1.2520806950971467e-12,2.1253803729633325e-12,1.6161135447297356e-12,1.7124764961759905e-12,1.861579369120263e-12,2.024177059463435e-12,2.2060015427179884e-12,2.3790384209228193e-12,2.6000314860904877e-12,2.8869306977397432e-12,3.2521600126806834e-12,3.716768515588535e-12,4.292556412456488e-12,5.01031653673267e-12,5.9380461326318106e-12,7.279794116069787e-12,9.257619586129058e-12,1.2442980568224418e-11,1.8404301322833682e-11,3.476552898622338e-11,4.2550572284347975e-10,1.0947789586131334e-10,9.613104625888427e-11,1.1164133704449423e-10,1.7703523936033496e-10
waste_plant,power,BG,1.7765654551130102e-10,2.9791187891972715e-11,2.3873211700713424e-11,1.5638031993209828e-11,1.498432027723255e-11,1.4765494898343776e-11,1.4788204086283305e-11,1.4946292337201123e-11,1.5150279855945554e-11,1.5593656511382518e-11,1.5625611006029612e-11,1.5929900532609845e-11,1.620892011753046e-11,1.6904575959375744e-11,1.7607309168932675e-11,1.848976242981063e-11,1.9583646840451404e-11,2.0945170127856822e-11,2.1990591378909187e-11,2.357743949942946e-11,2.5557001817150124e-11,2.8599956260530858e-11,3.027735766553602e-11,3.0824948562332105e-11,3.326235011693984e-11,3.903270550685215e-11,4.722310875575592e-11,5.988145542702483e-11,8.324287955031569e-11,1.4832710130816975e-10
waste_plant,power,CH,1.556798327079359e-12,1.3339644858346947e-12,1.3945190338340287e-12,1.4515884491487178e-12,1.6239996597266215e-12,1.8311308925428846e-12,2.0860765210487524e-12,2.4061541673132062e-12,2.7723452454817865e-12,3.269647349154428e-12,3.953703982186997e-12,4.906683715378516e-12,6.309327213729526e-12,8.67610458930967e-12,1.3383356882542423e-11,2.4809689596400696e-11,2.7557749123813364e-10,5.824132846863229e-11,4.214240112284279e-11,3.655378632202221e-11,3.4559447749147966e-11,3.4484983678798377e-11,3.525614599198679e-11,3.713583526670086e-11,4.00989523699493e-11,4.505329352610726e-11,5.22506153247736e-11,6.470575615585317e-11,8.767361479306634e-11,1.5412801325754953e-10
waste_plant,power,CZ,3.21928204478262e-12,2.363859035455123e-12,2.6377370011859564e-12,2.963401339890269e-12,3.7888159939318666e-12,5.169168939601642e-12,7.934369119598006e-12,1.602175196498603e-11,2.0876228033564842e-10,3.9023439717902776e-11,2.7777917550911348e-11,2.354788017745188e-11,2.1557899220443126e-11,2.056821423471157e-11,2.0014159998335753e-11,1.9846513464828314e-11,2.007291244743134e-11,2.046011763666428e-11,2.0964288733619627e-11,2.200389410870902e-11,2.3398562756710745e-11,2.5407737917562526e-11,2.8015240500168292e-11,3.0985213659933336e-11,3.48603193660586e-11,3.990509863123292e-11,4.74542948322081e-11,5.988960925543716e-11,8.308818590575641e-11,1.4779043951010937e-10
waste_plant,power,DE,9.949370725854684e-13,1.0218223982535272e-12,1.066412027794843e-12,1.1011505539566358e-12,1.1777907464980586e-12,1.2642318049474553e-12,1.3732857802459892e-12,1.5020616441503862e-12,1.6419024781788267e-12,1.7551037919446468e-12,1.929455934400147e-12,2.1590596037023268e-12,2.4253089516633533e-12,2.7567969396288026e-12,3.2028764861823217e-12,3.8977136332277895e-12,4.796386370562051e-12,5.761381168926421e-12,7.04419191893701e-12,9.717899027825246e-12,1.2949741385260899e-11,2.028981169562272e-11,3.777836571840316e-11,3.7223581666552777e-10,9.090516597939179e-11,7.336453843190637e-11,7.142966325722939e-11,7.920625164329936e-11,1.0087096061662729e-10,1.6826829976061657e-10
waste_plant,power,DK,8.720101883171577e-13,9.061894907655018e-13,9.62760281482244e-13,1.0218930620658994e-12,1.1001535582806914e-12,1.1952377567108181e-12,1.3099932567454826e-12,1.4183755570948954e-12,1.5337153196153468e-12,1.680140694484025e-12,1.8468781703821726e-12,2.0399249290900023e-12,2.2557345311064794e-12,2.5099521954237407e-12,2.7589837818096943e-12,3.0627657482005516e-12,3.4274591058692712e-12,3.825541663051464e-12,4.369313766813021e-12,5.037553845951802e-12,5.892170893998173e-12,6.989256676591041e-12,8.533290744214573e-12,1.0788322731785488e-11,1.4547654147340054e-11,2.215375067892754e-11,4.2937358536684497e-11,4.5006378144343335e-10,1.6136634653853545e-10,2.027343011812349e-10
waste_plant,power,EE,1.7137035360544622e-12,1.0651138340510752e-12,1.1209070663560719e-12,1.1850081394108443e-12,1.2892223899221627e-12,1.4091086159502271e-12,1.5452024485619175e-12,1.7016701836737061e-12,1.866222215293459e-12,2.0632257641338815e-12,2.3000149384671652e-12,2.5701009724420165e-12,2.892941342605111e-12,3.2844768240847206e-12,3.7515438530264254e-12,4.318442002889009e-12,5.069687683707766e-12,6.034419578065861e-12,7.346322693761145e-12,9.232827605687184e-12,1.2289608843133524e-11,1.7921410102081973e-11,3.31664731705321e-11,3.532880244338047e-10,8.723912280410072e-11,6.951731825573912e-11,6.759706355360026e-11,7.610962017071015e-11,9.790572901993948e-11,1.6625844882474646e-10
waste_plant,power,EL,1.922291932317477e-10,2.5036710839993484e-11,1.8081104423589028e-11,1.26742564425733e-11,1.2672569003682049e-11,1.2927106333952844e-11,1.3148275314207768e-11,1.3290471792129397e-11,1.351138139800929e-11,1.385951385835793e-11,1.4195473418031159e-11,1.4669278922798642e-11,1.5192026632166587e-11,1.5889230774070516e-11,1.67449997348725e-11,1.771076883135617e-11,1.8896656971975415e-11,2.035899976113711e-11,2.143461972748739e-11,2.2746437689246672e-11,2.4356869919691202e-11,2.6671258326829102e-11,2.918302347879811e-11,3.202290209154624e-11,3.58510614760998e-11,4.1309827176347586e-11,4.9130642475850444e-11,6.141937142819802e-11,8.452987641700545e-11,1.4985054313698547e-10
waste_plant,power,ES,8.573296582462053e-13,8.351239927379674e-13,8.831695495006966e-13,9.176225373217092e-13,9.821770388562019e-13,1.0527809539537069e-12,1.130543789068699e-12,1.2157815859137277e-12,1.308164516589747e-12,1.4120145232518171e-12,1.5432912451123726e-12,1.6866910208171703e-12,1.8525540134380043e-12,2.048648037267028e-12,2.3191829200842925e-12,2.527371735361003e-12,3.0024043089843716e-12,3.1800785086161837e-12,3.502688049871031e-12,3.907713756679105e-12,4.4011768774474795e-12,4.9983964980534604e-12,5.76998315737367e-12,6.791362633707482e-12,8.162383261925112e-12,1.0086112039227637e-11,1.2973639976316232e-11,1.780880733957305e-11,2.748250053632668e-11,5.632837538841289e-11
waste_plant,power,FI,9.139585637926307e-13,9.468845237081389e-13,1.000261781939903e-12,1.0505474164682337e-12,1.118802475735174e-12,1.1961902357980756e-12,1.287957098743244e-12,1.408858045504619e-12,1.5460370216104865e-12,1.725626974445167e-12,1.9453155305286958e-12,2.2034957096979588e-12,2.515831088927201e-12,2.8166211856420034e-12,3.1753261132145776e-12,3.6063118031565063e-12,4.198973551426285e-12,5.053813319018387e-12,5.849679219681399e-12,7.105460243348896e-12,8.938891601355035e-12,1.247380722761824e-11,2.0706802402536874e-11,3.660921087168752e-11,3.771445226973302e-10,9.818093031970393e-11,7.995598771981442e-11,8.431789653767944e-11,1.0431278553015807e-10,1.7078232556820383e-10
waste_plant,power,FR,8.400606499638722e-13,8.750085086490258e-13,9.249624630760472e-13,9.562583295262677e-13,1.010068123298263e-12,1.057456661825069e-12,1.1208143540919624e-12,1.2190443057699653e-12,1.3401168658117787e-12,1.4810963419925093e-12,1.6730678040133198e-12,1.8628095326824007e-12,2.0603850499812946e-12,2.2913590775455444e-12,2.506357068017188e-12,2.7661180358529824e-12,3.092521265919523e-12,3.559782790200581e-12,3.889895364082173e-12,4.340421824176976e-12,4.9004182903727e-12,5.67640117271083e-12,6.676056178286497e-12,8.009838052549928e-12,9.852700022459186e-12,1.2585197359410601e-11,1.7078357373270895e-11,2.6015693544070312e-11,5.1035985328138065e-11,6.337386300751335e-10
waste_plant,power,HR,2.577704848479628e-10,1.5698824000180727e-11,1.281740900594744e-11,9.954738942202775e-12,1.0913583909671908e-11,1.181245423078236e-11,1.2299503666680021e-11,1.3020787804790494e-11,1.392127102507172e-11,1.4781031485817966e-11,1.5227278938987735e-11,1.5943001840159677e-11,1.653126974891605e-11,1.7082924781130113e-11,1.7437974649884633e-11,1.815572523597829e-11,1.905447681002623e-11,2.006944986733276e-11,2.1299062280992487e-11,2.268305005799023e-11,2.4220307537431262e-11,2.6468219149777955e-11,2.853133633138365e-11,3.1031853166193974e-11,3.463687212704339e-11,4.0007405607299896e-11,4.7426319687255476e-11,6.018099890912641e-11,8.456318624891119e-11,1.4807170922453374e-10
waste_plant,power,HU,1.7931242200019665e-10,2.850457316028297e-11,2.191329746851563e-11,1.4260594773610708e-11,1.3782687233711594e-11,1.363392090274414e-11,1.3593733983626372e-11,1.3592524508321898e-11,1.3715039067965571e-11,1.3999251421090228e-11,1.4400422391110944e-11,1.4895097131014386e-11,1.5491424712877316e-11,1.6221981146128483e-11,1.7029143613349882e-11,1.8020026342762548e-11,1.920996042784915e-11,2.0680978665616893e-11,2.1872988316402546e-11,2.336092943429081e-11,2.539234784994591e-11,2.8365920245337994e-11,3.0171608283664926e-11,3.243194090068576e-11,3.590100667725082e-11,4.125471002299782e-11,4.850941946198247e-11,6.104845713726695e-11,8.534998076826647e-11,1.5014710896518247e-10
waste_plant,power,IE,1.124892256372703e-12,9.158900892187566e-13,9.612610704570103e-13,1.0070425857788932e-12,1.0851277826061493e-12,1.1724689547281736e-12,1.2700361663436808e-12,1.3772104052281318e-12,1.4948941919594239e-12,1.6243110348642029e-12,1.7697092558277598e-12,1.952864773731272e-12,2.1531510724166642e-12,2.3970028945853933e-12,2.6886292682718296e-12,3.0185413464275485e-12,3.4089334763583373e-12,3.869637749467804e-12,4.414425444693935e-12,5.085803179924003e-12,5.971860186721678e-12,7.085487200559747e-12,8.640236444619172e-12,1.0917945552774e-11,1.484626012785416e-11,2.2672856620426565e-11,4.363851909808759e-11,4.519296775064896e-10,1.617275630085416e-10,2.0488086624073788e-10
waste_plant,power,IT,9.892482891522116e-13,1.01121868341269e-12,1.0478291442880064e-12,1.0778570007558297e-12,1.1721269614068053e-12,1.2739424620726836e-12,1.3856930004050823e-12,1.5087486666113502e-12,1.647606391748489e-12,1.835196360619674e-12,2.1151851129084596e-12,2.398593408050576e-12,2.7121479830549454e-12,3.1079149968634033e-12,3.5825687044556037e-12,4.203874090550146e-12,4.892117903855566e-12,5.728162792671899e-12,6.81780613294259e-12,8.344110178104382e-12,1.110478453873401e-11,1.6864743989523595e-11,3.3290872919363567e-11,3.5573819862572513e-10,8.652339161783369e-11,6.905706672339025e-11,6.705598996531259e-11,7.529791455036391e-11,9.592903023266235e-11,1.6100893333760122e-10
waste_plant,power,LT,1.6421143359878361e-12,8.863274628755389e-13,9.364325074716512e-13,9.876801061703115e-13,1.063288996196135e-12,1.1479607524071856e-12,1.2408192411569238e-12,1.342649549563074e-12,1.4436842147729136e-12,1.5536257499640933e-12,1.676059222399063e-12,1.8189221964000419e-12,1.9762316453184196e-12,2.1615253828474186e-12,2.382014417662363e-12,2.628998377388477e-12,2.9147091273502686e-12,3.2400847115039242e-12,3.6128426421199048e-12,4.0564386665928336e-12,4.600425580323295e-12,5.2653247775883305e-12,6.088383754551465e-12,7.1967312695057235e-12,8.565725521046855e-12,1.0513532575042373e-11,1.3425607854610235e-11,1.8330849121482765e-11,2.8173754964034388e-11,5.7448834586321675e-11
waste_plant,power,LU,1.7862877084939448e-10,2.7455275766350753e-11,2.2322546369527522e-11,1.385486983064771e-11,1.3798862766362942e-11,1.3957874595476915e-11,1.4180585658152114e-11,1.4457983431946659e-11,1.476279875954797e-11,1.5311240745160073e-11,1.6069204841280754e-11,1.7196978039109942e-11,1.8002395893998332e-11,1.8772793620385776e-11,1.927565903124418e-11,1.967614699626211e-11,2.075969238176517e-11,2.1871502382367675e-11,2.3051203227839627e-11,2.4271085223511165e-11,2.5837775356937895e-11,2.7839256586810264e-11,3.0284997157864325e-11,3.3081650707170496e-11,3.674536460313279e-11,4.2327528009515283e-11,4.987652728171606e-11,6.234476672768065e-11,8.655356404118873e-11,1.532279484737898e-10
waste_plant,power,LV,1.8101418944002212e-10,2.7824489046724112e-11,1.9894366158351058e-11,1.572634999421137e-11,1.5287997813879594e-11,1.5236696312951697e-11,1.5189406098829505e-11,1.540492654425626e-11,1.550512883489743e-11,1.5908848993685782e-11,1.679369454529346e-11,1.668866796874188e-11,1.7868775232158226e-11,1.8992791118122547e-11,1.9754541200797202e-11,2.0404572424990902e-11,2.1471576880847247e-11,2.2520447027832504e-11,2.394206745798926e-11,2.4510822524916665e-11,2.5407833520263236e-11,2.7699743488700172e-11,3.011459235279163e-11,3.3191823172683455e-11,3.715271209548227e-11,4.243245419943615e-11,4.9694301040916624e-11,6.240962191559588e-11,8.627251723868222e-11,1.5280713775340237e-10
waste_plant,power,NL,9.86416817377928e-13,1.0136624506056571e-12,1.0694333375589614e-12,1.1237586572873046e-12,1.2344029771931787e-12,1.3638225145141686e-12,1.5155698922827314e-12,1.6704498833192458e-12,1.846828244545382e-12,2.045579583810532e-12,2.2725061565286875e-12,2.5637789395901784e-12,2.9045118960290722e-12,3.362142963446454e-12,4.003055102440747e-12,4.8700182546414535e-12,6.153833645485734e-12,8.353446831825259e-12,1.2121457491970064e-11,1.7393056916946883e-11,3.246620073041467e-11,3.3520276731851535e-10,7.758427321913884e-11,5.845419239923948e-11,5.381032092056302e-11,5.527230444912691e-11,5.993555384049524e-11,7.057450920125602e-11,9.377859507626027e-11,1.6056546010153294e-10
waste_plant,power,NO,1.0949856481865506e-12,1.0899722522370273e-12,1.1640515522157375e-12,1.2387971337687897e-12,1.3584961547071473e-12,1.4964669875063681e-12,1.6569712763352483e-12,1.8441199187797823e-12,2.044832539854324e-12,2.2887084313106798e-12,2.589711744420535e-12,2.9329198435932506e-12,3.346451700088512e-12,3.849070054371801e-12,4.584005352965532e-12,5.631954766124267e-12,7.2037786679228005e-12,9.801664868112855e-12,1.50534954368998e-11,2.8321486612031844e-11,3.154614815216323e-10,7.359240985514075e-11,5.427617202179991e-11,4.8599140750533294e-11,4.7771569668573074e-11,5.0334842694570286e-11,5.616878855702753e-11,6.745375097829402e-11,9.035602034655925e-11,1.5649248247297538e-10
waste_plant,power,PL,1.4603909992349857e-12,9.231176517230843e-13,9.686532969249163e-13,1.0228830373838214e-12,1.103282785496845e-12,1.1938956722085178e-12,1.2972724088424787e-12,1.4151040954607537e-12,1.5345569512810626e-12,1.6747813326983783e-12,1.840071275366921e-12,2.010036205936951e-12,2.214033501648374e-12,2.44168679390295e-12,2.6956897522656793e-12,2.9802349216119277e-12,3.3197662994598304e-12,3.724920240904057e-12,4.203439849193317e-12,4.782544301430144e-12,5.5274436079884356e-12,6.482364610921842e-12,7.737387192555802e-12,9.495657629295862e-12,1.2171580845512605e-11,1.682679716347427e-11,2.5370774614276556e-11,4.37481258185389e-11,5.212804216758236e-10,2.491535330165653e-10
waste_plant,power,PT,1.839546424646605e-10,2.299659650143342e-11,1.9664750452849618e-11,1.3055577920099624e-11,1.2919364696254052e-11,1.2994238131547776e-11,1.307472229953859e-11,1.3171696154137948e-11,1.3337168506609955e-11,1.3636546746154782e-11,1.4026448822450646e-11,1.464641248989948e-11,1.5279152105782532e-11,1.59664857513923e-11,1.677582452000629e-11,1.763374791411827e-11,1.8748972564206856e-11,2.012245671695616e-11,2.1516161293516582e-11,2.297725559850796e-11,2.4363093403926952e-11,2.6066474174169612e-11,2.8194970477393172e-11,3.0990343497256354e-11,3.461289629800954e-11,3.993646674823241e-11,4.7739945457315896e-11,6.007807371481105e-11,8.362154695269945e-11,1.5003333387580573e-10
waste_plant,power,RO,1.7819823293600773e-10,3.098703846545706e-11,2.418771975406943e-11,1.4963042954219067e-11,1.4355513367882403e-11,1.409568109769444e-11,1.4005457882942092e-11,1.4001142212317634e-11,1.4150546461640727e-11,1.4563869647980415e-11,1.518856324726258e-11,1.4900004096376e-11,1.565717902899981e-11,1.663823091037255e-11,1.7414975195922023e-11,1.8412016481423037e-11,1.962191670401727e-11,2.1069842949518593e-11,2.2230312333947738e-11,2.3902737006985165e-11,2.620268567857285e-11,2.967720266683263e-11,3.1986158111386154e-11,3.3177213223384334e-11,3.7034463561763866e-11,4.362604440620188e-11,4.9248431292801765e-11,6.009711622892678e-11,8.462756158168951e-11,1.5096818034722675e-10
waste_plant,power,SE,9.021254020729749e-13,9.290969637648533e-13,9.96460541145237e-13,1.0684024065455185e-12,1.173474057503473e-12,1.2760982329291885e-12,1.390613873728474e-12,1.5222278792014386e-12,1.6559877317328128e-12,1.8021224538903356e-12,1.9666416404846223e-12,2.1824348568237497e-12,2.389585582786469e-12,2.633129266796833e-12,2.9257510308778827e-12,3.2680865009381416e-12,3.726947865077367e-12,4.286691385133831e-12,4.987380157636947e-12,5.935810185486947e-12,7.290678751740764e-12,9.373125956589791e-12,1.291258348592156e-11,2.042197515030438e-11,4.331046312624838e-11,3.944711547812534e-10,1.1037062458301546e-10,9.669464648050576e-11,1.11838369263166e-10,1.7673472161552365e-10
waste_plant,power,SI,2.0963376170796173e-10,2.438777562390446e-11,1.627114517596137e-11,1.1516001852501776e-11,1.2013748892336037e-11,1.2691068037380996e-11,1.3293899203118964e-11,1.3916747981338662e-11,1.425167674252452e-11,1.4696882494438676e-11,1.5300352048896285e-11,1.613873209739452e-11,1.7249938004925675e-11,1.781382756816607e-11,1.8543917841383123e-11,1.9646677663851182e-11,2.0834601901955188e-11,2.2078284386491903e-11,2.315073851027719e-11,2.4275250998653968e-11,2.5873755462944438e-11,2.7703334786075698e-11,2.953032672852903e-11,3.194392447697585e-11,3.5452836097497995e-11,4.087224861068205e-11,4.8294764238857894e-11,6.103271603795538e-11,8.545817969873068e-11,1.5028252902673321e-10
waste_plant,power,SK,1.8606982579252558e-10,2.8699697889729827e-11,2.1734137608532183e-11,1.4656743348228593e-11,1.4568854404324338e-11,1.4819458388655326e-11,1.5294921017620353e-11,1.5926539119042705e-11,1.5592468219920258e-11,1.5758741874090176e-11,1.620246774940121e-11,1.6732525898186798e-11,1.7117250951230088e-11,1.7658817581691672e-11,1.821121285125861e-11,1.891947677640985e-11,1.9987173530984234e-11,2.12556047752001e-11,2.27502926042174e-11,2.51240842897953e-11,2.6591568272391153e-11,2.8581024287784293e-11,3.045220534641596e-11,3.301200901597207e-11,3.649872753752437e-11,4.1735146835445626e-11,4.909928352653427e-11,6.190258023112236e-11,8.452160648875672e-11,1.4889344289875117e-10
waste_plant,power,UK,8.042732618512449e-13,8.382039442505011e-13,8.866460803029384e-13,9.36086228484868e-13,9.971052919097682e-13,1.0561986095577984e-12,1.1184963347512708e-12,1.1817733557335592e-12,1.256431231137292e-12,1.344813511831877e-12,1.4586099149626402e-12,1.5953698095260969e-12,1.745254853071856e-12,1.938197339890953e-12,2.1423338070102846e-12,2.3456833018325892e-12,2.5679117777435783e-12,2.821598203667323e-12,3.1299650206969885e-12,3.4932132282147196e-12,3.956782223653962e-12,4.495149620743317e-12,5.205869641137909e-12,6.142168448420176e-12,7.705024279071929e-12,1.0193244412353572e-11,1.3169248744636347e-11,1.8204981817365622e-11,2.8327518817923863e-11,5.91410762620751e-11
wind_offshore,power,AT,0.0,0.0,0.0,0.0,0.0,0.0,0.0,0.0,0.0,0.0,0.0,0.0,0.0,0.0,0.0,0.0,0.0,0.0,0.0,0.0,0.0,0.0,0.0,0.0,0.0,0.0,0.0,0.0,0.0,0.0
wind_offshore,power,BE,0.0,0.0,0.0,0.0,0.0,0.0,0.0,0.0,0.0,0.0,0.0,0.0,0.0,0.0,0.0,0.0,0.0,0.0,2.893339307105347e-10,4.812389219678276e-10,1.085337655995326e-09,0.3009999965148733,0.16499999878207866,2.05327347911202e-09,0.5084595380928689,0.1698404577508407,2.5542489774215535e-09,8.475113398109159e-10,6.564169196177685e-10,5.570581630732099e-10
wind_offshore,power,BG,4.521971977762996e-12,5.749595206363919e-12,4.416816458393025e-12,4.046060206027299e-12,3.892861917212546e-12,3.827965108831193e-12,3.951794492118709e-12,4.119451356692831e-12,4.3264175847867845e-12,4.57138653019889e-12,4.855251833870644e-12,5.18522321465108e-12,5.562225803536278e-12,5.992462877111538e-12,6.484133144813561e-12,7.047660537377624e-12,7.6817773951095e-12,8.41829629411886e-12,9.281244028236857e-12,1.030379236680104e-11,1.1532127711116256e-11,1.2968043411772702e-11,1.4763397267327428e-11,1.706957767230382e-11,2.0141968925975103e-11,2.4444647304356398e-11,3.076269803550148e-11,4.1071159348746736e-11,6.13947056152357e-11,1.2152948029734946e-10
wind_offshore,power,CH,0.0,0.0,0.0,0.0,0.0,0.0,0.0,0.0,0.0,0.0,0.0,0.0,0.0,0.0,0.0,0.0,0.0,0.0,0.0,0.0,0.0,0.0,0.0,0.0,0.0,0.0,0.0,0.0,0.0,0.0
wind_offshore,power,CZ,0.0,0.0,0.0,0.0,0.0,0.0,0.0,0.0,0.0,0.0,0.0,0.0,0.0,0.0,0.0,0.0,0.0,0.0,0.0,0.0,0.0,0.0,0.0,0.0,0.0,0.0,0.0,0.0,0.0,0.0
wind_offshore,power,DE,8.102532965246018e-12,1.9548879957278654e-11,8.864610805613243e-12,9.16788789474092e-12,1.1201066420362103e-11,1.3142034922696997e-11,1.7196922164291275e-11,5.230089203923156e-11,7.520875635862185e-11,8.912647284106097e-11,2.3196959304082513e-10,1.9929277324411486e-10,2.3005458014866646e-10,2.743676438245651e-10,3.5796209884197994e-10,5.898374894545417e-10,8.171580030523228e-10,2.8554329946495647e-09,5.062753606446504,4.750763929460211,13.639382454661222,2.9776579634844283e-09,2.0646999996333317,0.464800000194978,1.53839999876134,8.008114197427236e-10,4.094495513542323e-10,2.417821920102164e-10,2.1231402697367662e-10,2.429700808596162e-10
wind_offshore,power,DK,3.777432914385249e-12,3.7094126699078054e-12,3.8251559599686685e-12,4.10001354171505e-12,4.5424956016986065e-12,5.034522493166749e-12,5.579015759577379e-12,6.115990016171141e-12,6.689161973948702e-12,7.317872528540746e-12,8.029042758862867e-12,8.779213909314851e-12,9.6845875563732e-12,1.071704697676041e-11,1.1882972200780941e-11,1.3236949090963941e-11,1.4771719094185132e-11,1.6547819570074123e-11,1.8666992522715095e-11,2.1186434349045148e-11,2.4255939531766076e-11,2.782110942464294e-11,3.228966639330507e-11,3.803995578204019e-11,4.55988127321407e-11,5.553081301824883e-11,6.949549731568138e-11,9.612820613644176e-11,1.500127261352471e-10,3.116388556043935e-10
wind_offshore,power,EE,4.476826560428013e-12,5.6882649547000954e-12,4.358895668333856e-12,3.992702894786911e-12,3.8350592915958426e-12,3.762847752581827e-12,3.883511116919535e-12,4.0441367888251615e-12,4.243851548573774e-12,4.481340588664697e-12,4.757206288410991e-12,5.078279669236716e-12,5.445483328581473e-12,5.8649323661163915e-12,6.344671594100279e-12,6.8952274429522205e-12,7.515863530239193e-12,8.23766586922116e-12,9.083940979703227e-12,1.0086702063425272e-11,1.1291276489976126e-11,1.2698750116467038e-11,1.4459861484694285e-11,1.6718906104254248e-11,1.9733623968514705e-11,2.3989864855363314e-11,3.014368130885421e-11,4.0165470490324243e-11,5.992836246194893e-11,1.186983000278612e-10
wind_offshore,power,EL,4.724807290320937e-12,5.947217857356483e-12,4.530333626313534e-12,4.1278163460092195e-12,3.9569226722308126e-12,3.886859648110949e-12,4.005308981310792e-12,4.164270786269605e-12,4.357217255520829e-12,4.586341913139627e-12,4.8554307716208506e-12,5.171242491387909e-12,5.5326900316234585e-12,5.948702718843129e-12,6.42749142040231e-12,6.9796616038409064e-12,7.602645535949447e-12,8.328120000511054e-12,9.179206815844304e-12,1.0187860500747094e-11,1.1398466953155865e-11,1.2810107392765914e-11,1.456476735427474e-11,1.6802175620131817e-11,1.972904279903951e-11,2.3583376335998976e-11,2.9712876466098955e-11,3.9551023275037254e-11,5.856586196777985e-11,1.1347760866400902e-10
wind_offshore,power,ES,1.275524079410669e-12,1.3644379394953202e-12,1.4450250327463852e-12,1.5433947258854607e-12,1.6442770035467976e-12,1.7571430405737705e-12,1.9080656035429594e-12,2.074751629325668e-12,2.2604699807153087e-12,2.468926010243061e-12,2.7041961617955163e-12,2.972616272325482e-12,3.2798410945674196e-12,3.634444702259216e-12,4.046912730371093e-12,4.530940408768524e-12,5.0974918643208085e-12,5.776817285319754e-12,6.6083767622860865e-12,7.645259178014235e-12,8.967890438866005e-12,1.0661238128485198e-11,1.3007008085732702e-11,1.6393392351167277e-11,2.1562083609887783e-11,2.5619859596729426e-11,3.1603175999730543e-11,4.163090864012904e-11,6.157931065775726e-11,1.2116194478349168e-10
wind_offshore,power,FI,3.4753068718789925e-12,3.224842197073687e-12,3.459386853823985e-12,3.8268824502790246e-12,4.331994077000835e-12,4.859295324914383e-12,5.468203969713776e-12,6.1271011204949695e-12,6.85984725243826e-12,7.717298968632605e-12,8.782169594815316e-12,9.917068700471655e-12,1.1464997137358524e-11,1.3385929983569887e-11,1.5878980003858184e-11,1.889545167134423e-11,2.2844910853208548e-11,2.8173641081493388e-11,3.633692700546662e-11,5.003023220644542e-11,7.785866018441393e-11,1.5935273893809063e-10,1.718298978535297e-09,4.684975382856446e-10,3.2554021072779693e-10,2.480953564130163e-10,2.910000730684538e-10,3.6594645098365306e-10,5.015476290493993e-10,8.613425784672134e-10
wind_offshore,power,FR,1.658997754273411e-11,8.700106841678093e-12,1.0597357805302694e-11,9.515554511087554e-12,1.1885611393296907e-11,1.4774116264403115e-11,1.7843083125210732e-11,2.006367829943302e-11,2.14711931826767e-11,2.3198834051800293e-11,2.535700674678444e-11,2.8277198701170894e-11,3.1976402219729834e-11,3.657577290114716e-11,4.260044340442671e-11,5.068587333538751e-11,5.908835883213816e-11,7.088818154237463e-11,8.93758729151474e-11,1.2248352801808227e-10,1.8027750139221027e-10,2.632385667943472e-10,4.772702398382057e-10,4.713260435010784e-09,1.0056355026356874e-09,1.0833274948877788e-09,9.961236654319427e-10,7.720422979621889e-10,1.2105606826856066e-09,1.9919931079283723e-09
wind_offshore,power,HR,4.512926203931132e-12,5.737798636343615e-12,4.349946236521185e-12,3.9451732279203915e-12,3.7443647421610185e-12,3.6668898435327545e-12,3.7855683769193586e-12,3.931569353063463e-12,4.112313960977083e-12,4.328799307582365e-12,4.582518393932047e-12,4.889085197514055e-12,5.240564896780212e-12,5.641067770944772e-12,6.0981332649942806e-12,6.627747890942433e-12,7.229420814756707e-12,7.92910616443071e-12,8.749482563006474e-12,9.720960982747428e-12,1.0885848307269753e-11,1.2264886288958055e-11,1.39917469377494e-11,1.6212488517879354e-11,1.9229039450862925e-11,2.351011482547487e-11,2.944120534599796e-11,3.923985285614367e-11,5.845076833814964e-11,1.1593787419795199e-10
wind_offshore,power,HU,0.0,0.0,0.0,0.0,0.0,0.0,0.0,0.0,0.0,0.0,0.0,0.0,0.0,0.0,0.0,0.0,0.0,0.0,0.0,0.0,0.0,0.0,0.0,0.0,0.0,0.0,0.0,0.0,0.0,0.0
wind_offshore,power,IE,0.0,0.0,0.0,0.0,0.0,0.0,0.0,0.0,0.0,0.0,0.0,0.0,0.0,0.0,0.0,0.0,0.0,0.0,0.0,0.0,0.0,0.0,0.0,0.0,0.0,0.0,0.0,0.0,0.0,0.0
wind_offshore,power,IT,4.512691635807494e-12,5.7366876426790995e-12,4.349796964865932e-12,3.945690549992848e-12,3.7457237152460826e-12,3.667643245546431e-12,3.786802982588769e-12,3.9329784805438105e-12,4.1136394319781626e-12,4.33060015751444e-12,4.584805236018927e-12,4.893683239186753e-12,5.245437635520917e-12,5.6464478146958e-12,6.1042301599765e-12,6.632880532129691e-12,7.2351961823602425e-12,7.935419117131107e-12,8.756167384315972e-12,9.728074348835313e-12,1.0892757161556732e-11,1.2271526183978464e-11,1.3998873076146685e-11,1.6221106217135546e-11,1.9235455664367114e-11,2.3519328379759976e-11,2.9449892951234286e-11,3.924834768276801e-11,5.845939087187421e-11,1.1593063994084458e-10
wind_offshore,power,LT,4.495644962730528e-12,5.707600278213471e-12,4.344801611981531e-12,3.958294768701954e-12,3.783323689798338e-12,3.71195559685042e-12,3.825307939584525e-12,3.97918699756526e-12,4.176543715715075e-12,4.4108987044529905e-12,4.6831367775129964e-12,5.000005212644934e-12,5.3623072861529825e-12,5.775668574245388e-12,6.247746435864531e-12,6.788621425640986e-12,7.396843950697937e-12,8.102342185841387e-12,8.930707456979047e-12,9.914767407770729e-12,1.1097825946285364e-11,1.248279659848362e-11,1.4216400173614813e-11,1.645622706580987e-11,1.9445108069384906e-11,2.3737406467698053e-11,2.975844887191505e-11,3.9671364575229685e-11,5.911887945890091e-11,1.1706845894984691e-10
wind_offshore,power,LU,0.0,0.0,0.0,0.0,0.0,0.0,0.0,0.0,0.0,0.0,0.0,0.0,0.0,0.0,0.0,0.0,0.0,0.0,0.0,0.0,0.0,0.0,0.0,0.0,0.0,0.0,0.0,0.0,0.0,0.0
wind_offshore,power,LV,4.460996133270839e-12,5.7639552985546636e-12,4.361979599184126e-12,3.951687450813125e-12,3.745142111100315e-12,3.685121381696542e-12,3.790993366732139e-12,3.943265691851876e-12,4.128665380042634e-12,4.349867262801333e-12,4.60745095842205e-12,4.90825506255987e-12,5.254114296756982e-12,5.651980504392255e-12,6.110195320006848e-12,6.6389354550086434e-12,7.236512801534358e-12,7.931797552347433e-12,8.745623518144122e-12,9.710493868306693e-12,1.0879035229642099e-11,1.22482326004446e-11,1.3961683079219066e-11,1.615616967988653e-11,1.9171383502097133e-11,2.337235779709541e-11,2.926753984814729e-11,3.901287827192691e-11,5.822653267244449e-11,1.1572407563568194e-10
wind_offshore,power,NL,4.369794540696757e-12,4.038477521613276e-12,4.247403930048524e-12,4.550624953754967e-12,5.246591058326519e-12,6.054535215735174e-12,6.975794758033503e-12,7.990261794650926e-12,9.210068404879022e-12,1.0654410935212271e-11,1.238332928625516e-11,1.4442932144282972e-11,1.7327190251909144e-11,2.125176353597904e-11,2.6933777733825584e-11,3.261250056345995e-11,4.074221945243329e-11,5.108677368253448e-11,6.372433485066256e-11,8.120792566122578e-11,1.0690418711194621e-10,1.3683180705630515e-10,1.7721932667031415e-10,2.287299819694519e-10,2.926633161923032e-10,4.335387440554555e-10,5.223530788104696e-10,6.157966293888239e-10,9.856354499846386e-10,1.8588450484022789e-09
wind_offshore,power,NO,1.0673388178198451e-11,8.534520775157272e-12,9.375426025568935e-12,1.1634709462293835e-11,1.439358616917245e-11,1.724835171006629e-11,2.068860770101043e-11,2.363856091598254e-11,2.6960036434568664e-11,3.1012527175543025e-11,3.656052869129626e-11,3.974153149886166e-11,4.551303849375635e-11,5.176343761627962e-11,6.04362236288289e-11,6.987988078421567e-11,7.778671094942645e-11,8.915630611025817e-11,1.0334158828722403e-10,1.2452180059726954e-10,1.608023664247063e-10,1.8070533574113097e-10,2.029542368263893e-10,2.243796000735809e-10,2.39540595263582e-10,2.3254556572631316e-10,3.718816828886481e-10,4.909765880742758e-10,7.212868700164638e-10,1.424741478605999e-09
wind_offshore,power,PL,4.4960785066175535e-12,5.764891678021686e-12,4.368673983561857e-12,3.9621721302887096e-12,3.7603855854977126e-12,3.688577734935028e-12,3.803144646192969e-12,3.9529704571252956e-12,4.137021716442565e-12,4.356958033706515e-12,4.614339126173479e-12,4.91600303592587e-12,5.264058308077583e-12,5.665454173698692e-12,6.127846011590164e-12,6.66095995664257e-12,7.2630360333710224e-12,7.963056525039398e-12,8.782994579071501e-12,9.751862506252973e-12,1.0918438464207235e-11,1.229046035660366e-11,1.4006356400900647e-11,1.6204071403135542e-11,1.920229628763999e-11,2.3418074629250866e-11,2.93056281551642e-11,3.9075437461563064e-11,5.821894211874173e-11,1.1534724899716766e-10
wind_offshore,power,PT,0.0,0.0,0.0,0.0,0.0,0.0,0.0,0.0,0.0,0.0,0.0,0.0,0.0,0.0,0.0,0.0,0.0,0.0,0.0,0.0,0.0,0.0,0.0,0.0,0.0,0.0,0.0,0.0,0.0,0.0
wind_offshore,power,RO,4.521907019437966e-12,5.754194274822755e-12,4.370609771115981e-12,3.972627040825843e-12,3.77982466214356e-12,3.698009441404941e-12,3.817962659117092e-12,3.964577529288693e-12,4.147378592012995e-12,4.374863534788308e-12,4.643779489531445e-12,4.9558826027035715e-12,5.312697215888406e-12,5.7203399654956825e-12,6.186237800966302e-12,6.719826523850322e-12,7.321368077592645e-12,8.026034641708607e-12,8.851068228656926e-12,9.828116301177008e-12,1.1000222603817536e-11,1.2371930975909051e-11,1.4098218649937793e-11,1.631567361276903e-11,1.9299266848489486e-11,2.3556736279383325e-11,2.9477895977124926e-11,3.9263127130859744e-11,5.845721856277342e-11,1.1566216979358239e-10
wind_offshore,power,SE,8.326120107323241e-12,7.688589300564206e-12,8.0582001209862e-12,8.839091310976397e-12,1.065632791793269e-11,1.2454267433943196e-11,1.4976920288350175e-11,1.717875780454082e-11,1.9642954187323227e-11,2.2685678871613214e-11,2.650368117851303e-11,3.065273282567488e-11,3.5966416136798023e-11,4.331445279162238e-11,5.148627700483863e-11,6.418064111890006e-11,7.999102217934623e-11,1.0219436390940211e-10,1.628319605740931e-10,2.050883278155537e-10,3.493589964287104e-10,7.778158711566277e-10,1.2007606436745673e-09,8.979788480910814e-09,1.0467980381212029e-09,7.184905343136565e-10,7.867545334559529e-10,9.645689575753165e-10,1.4247308759050507e-09,2.6964323362111187e-09
wind_offshore,power,SI,0.0,0.0,0.0,0.0,0.0,0.0,0.0,0.0,0.0,0.0,0.0,0.0,0.0,0.0,0.0,0.0,0.0,0.0,0.0,0.0,0.0,0.0,0.0,0.0,0.0,0.0,0.0,0.0,0.0,0.0
wind_offshore,power,SK,0.0,0.0,0.0,0.0,0.0,0.0,0.0,0.0,0.0,0.0,0.0,0.0,0.0,0.0,0.0,0.0,0.0,0.0,0.0,0.0,0.0,0.0,0.0,0.0,0.0,0.0,0.0,0.0,0.0,0.0
wind_offshore,power,UK,3.2758335786627948e-12,3.3849077712876093e-12,3.609196000454118e-12,3.801763054925616e-12,4.146424340040395e-12,4.487946552964099e-12,4.896583574983237e-12,5.352885350033707e-12,5.858438632440482e-12,6.420111874049934e-12,7.0449793789061134e-12,7.752119758723056e-12,8.55134798126533e-12,9.465330063825618e-12,1.0505089154513771e-11,1.169181367876039e-11,1.3041355662663218e-11,1.4222980611698362e-11,1.5589675536350793e-11,1.7954225533870383e-11,2.016756273216294e-11,2.432736956592798e-11,2.6112743040907275e-11,2.4986685210733982e-11,4.259059459009134e-11,4.886318121650198e-11,5.3145103134294054e-11,6.829798601589926e-11,1.0625886843173115e-10,2.919972635725877e-10
wind_onshore,power,AT,8.177030503891269,7.354940176670304e-11,0.006799999971376265,0.0011999997923458564,0.0007500000389606627,0.022589999977107752,0.007620000052580981,0.045300000045752464,0.10714999999042327,0.2026999999934808,0.2077500000081333,0.14029999998257972,0.0194999999958501,0.013999999802136134,2.791136054513318e-10,0.017499999744968613,2.625256481810056e-10,0.14364999993960811,0.24409999999837034,0.3912999999891219,0.32354999999506084,0.24677000001174812,0.1927999999901809,0.11739999999886329,0.21149999998313287,8.177030503686314,3.415731738690562e-10,0.00679999990238531,0.001199999798151137,0.0007500000454596026
wind_onshore,power,BE,5.73018938656883,1.1175272214655972e-10,9.193972522500658e-11,6.623461869630911e-11,1.0977181231185269e-10,1.1401381874797984e-09,0.011999998066220936,0.017760000213495258,0.020400000213364505,0.02819999997795327,0.07110000030561416,0.04130000001236308,0.09705999999842688,0.08100000000029482,0.1448999999591666,0.17402999997317078,0.15659999999472157,0.04899999999919168,0.07325000001029157,0.09929999999710819,0.274099999979241,0.15525000003427464,0.24944999999568568,0.15210000000175708,0.13164999995124899,5.7301893861824125,3.4279454911299894e-10,1.9396570098897298e-10,1.6382857092745112e-10,1.8824503513490422e-10
wind_onshore,power,BG,4.26104061518135e-11,4.469172553818703e-11,5.6650379516851293e-11,5.384089022217686e-11,7.519263474731791e-11,1.0356567266877554e-10,1.7178924984953114e-10,3.313238052135478e-10,7.437267207169407e-10,10.752830231614201,0.4664515836839798,0.04876574748636104,1.7051734706665576e-09,0.20313695778677132,1.7367432967316419,4.748217004496372e-08,0.44669940523869406,1.1264824350828107,0.735013409382233,0.3166322383281592,0.6254394121323621,2.001402790816029,1.846943033229607e-09,5.027097627901939e-10,4.5156658314281937e-10,6.709373390001056e-10,1.307469617605582e-09,3.713390677852777e-09,8.464990940596194e-09,3.7570394164878416e-09
wind_onshore,power,CH,6.380054154022351e-10,9.778576254776019e-11,7.08164392781817e-11,5.218415991733978e-11,7.019760887632687e-11,1.0359997482460641e-10,1.7202831276716998e-10,3.634179825222545e-10,4.854879691909177e-10,6.302754353451097e-10,8.38318853856798e-10,1.2025925767783271e-09,2.3785547293900213e-09,4.481790113055259,13.878582666951228,0.40731506147734414,1.9691718937959988,2.9206330088241934,0.6939427341872229,7.874441827125853e-09,7.002392178635111e-09,9.543819529945925,0.10336845432702223,0.026457280966513782,0.08305115632730342,0.32104790253192417,0.5413990754300669,1.054050931178838,0.3249433107955768,0.11214872976921617
wind_onshore,power,CZ,29.69447392709982,1.9203608413376728e-10,1.325715486805046e-10,8.292013748496827e-11,1.2620491405816359e-10,2.2063247143506979e-10,6.074848009381005e-10,5.48763444685673,0.09967486712680225,0.3350264740293348,0.1562604058568286,5.797204913089787,0.9641683146379117,2.780511089046038,1.769782230056907,2.2841132934147867,3.412091239553203,1.704160438541846,2.671822335901596,2.2163048429743437,1.6407846380961144,0.43822740352374223,0.04393747428610089,0.21500045236129564,2.287521705441122,29.70156411876409,0.0032204080011116716,0.00124565135997374,0.0012456639352412947,0.0012456691940909675
wind_onshore,power,DE,2.0719832818693713,2.635219122136023e-10,1.8605101761941596e-10,1.0192394422960192e-10,1.9554010245092867e-10,1.9657425279310995e-10,4.779528099822788e-10,4.393694311732964e-09,8.422263275260446,7.234604751340161,24.482534278529222,9.750516034479679,15.854787660333752,5.224545541778521,2.245500000857908,1.432380000082306,1.5794000000891657,1.7759600000847062,1.9489500000203088,4.257969999954261,4.097420000016883,4.509980000109691,5.078109999982971,2.6679300000254895,1.0256999999548533,2.0719832812726473,6.239014975742709e-10,3.632662111850024e-10,2.8287279145087407e-10,3.293615867805043e-10
wind_onshore,power,DK,18.979894295154246,1.6912903681312816e-10,2.005988302587463e-10,1.6082122888120872e-10,2.14667563828788e-10,3.1826797199034527e-10,2.360353490816293e-09,1.8888933635925367,0.33558378286220475,0.02618154032333217,0.2169815268249404,0.4931107729106568,2.0536911391770964e-08,0.4307953858744572,0.2626622249872392,1.691888676357605,3.2990451536912087,7.772711123405638e-08,1.0424472976677732,2.0984641813486853,3.727912795154812,5.419953676964246,0.24935007903131962,0.39228702949286953,0.5738059699248929,17.646709997220064,9.006516196915672e-09,1.2251673000460125e-08,7.074515525743208e-08,1.155126155802752
wind_onshore,power,EE,8.218851407932007e-11,4.813061221672942e-11,5.505408856304945e-11,5.871615330609733e-11,7.672847186450947e-11,9.449437320480848e-11,1.1462914262777718e-10,1.36775726351229e-10,1.668433742438753e-10,2.0965340070548998e-10,3.132975904458503e-10,4.221474266995603e-10,5.658763167201237e-10,6.792283558445727e-10,8.101867303400959e-10,1.0308369691633342e-09,1.7978147068034607e-09,2.0011264632803953e-09,3.223358085687213e-09,7.11724305527351e-09,1.6572378408184402e-08,2.803738798945684,0.24439970912305384,0.214897372174518,2.8809352504304196e-09,1.6713641454390948e-09,1.851180888098331e-09,2.7200756707246288e-09,4.449048569856077e-09,9.958494141518699e-09
wind_onshore,power,EL,10.702996574538734,1.348449735449236e-10,1.610179240651615e-10,1.1053178536484292e-10,1.9917402133833e-10,5.349176426119302e-10,0.4002949054824034,0.24192649184484813,0.29360889290144704,0.3709843542204934,0.31698688152539595,0.33508651881992185,0.24211754319312453,0.5258279223631691,0.6899301388797023,1.0050690449047518e-08,9.588229583950102e-09,0.7766873878573517,1.5321821740559474,1.5820277923814794e-08,3.4467524972767576,7.3503753444904065,1.571381597890325,0.102386970769669,1.8090273214200653e-08,10.870420143850303,0.028106946821425265,7.687656145026015e-09,0.24633575614227562,0.08278987879278381
wind_onshore,power,ES,35.042046342069405,1.7293263305571196e-10,1.0306183853309298e-09,1.2936869866288367e-10,2.2773448297440138e-10,4.4319189661966623e-10,1.7517017825913196e-09,3.407026254754596e-08,4.9189464914445935,6.053648796815617,4.887509518347165,3.8759074109001546,2.6454709584224574,6.512146804794516,3.3671709049247727,2.3978853871725356e-09,3.811669907451147e-09,1.433121246176345,3.3251684107934025,10.178461083161475,6.533952867713434,0.2700250436946708,0.4880983444294421,6.102661176032457,3.2542415750130647,35.089697510900166,1.1290584071187955,0.2881467832679666,1.400268527710299,0.8325792859890304
wind_onshore,power,FI,22.975252863931885,2.6705754433776047e-10,2.836121379748646e-10,2.2774444243318073e-10,3.8452821822263955e-10,5.655087458659631e-10,0.1606901188190972,0.3071478725983919,1.4781574677892912,0.2430848446652323,0.32235301150785495,0.014003218198233108,1.3187523062153397,0.06374944113244047,0.8026941479746933,0.06449999992136703,0.000750000452011531,0.1120999998016225,0.18869999982456231,0.1814999999217019,0.4664499997121898,0.5611000009416075,0.3667999999548365,0.12610000021728307,0.1028999998222786,22.97525285720024,2.3176898943279713e-09,1.845191238769478e-09,1.6106205330156669e-09,1.7474265390332016e-09
wind_onshore,power,FR,1.8897890478746472e-10,1.5245799933244073e-10,1.1912910862810638e-09,1.3713433572082886e-10,2.5351517242029093e-10,5.810603858610032e-10,4.812529718889485e-09,14.497196529407285,3.7397208086640754,3.058690168927437,7.953750986286322,4.146709729909101,2.4124820436510985,4.343529924244312,4.381082493751394,47.502478677544545,15.963296772016161,1.6962193249734827,8.580847636794015,27.41288025482507,19.90269278218085,23.91933898562549,17.972138911346267,21.64569848386391,6.2858507357703515e-09,14.409547378405671,9.515196556158072,9.908710240224585e-09,0.048360825373923375,0.09629317563217181
wind_onshore,power,HR,1.7667209523114797e-11,1.5736914779485357e-11,1.651661118103039e-11,1.7421007217785743e-11,2.0706352442060738e-11,2.450738204897623e-11,2.95623313244759e-11,3.608304425944594e-11,4.3711196007967186e-11,5.263153541706102e-11,6.122341230477465e-11,7.204781317647089e-11,8.421095326456833e-11,9.841966154944121e-11,1.1183864001104693e-10,1.2943470813812587e-10,1.5969816617630043e-10,2.102712128689878e-10,3.115974267383358e-10,5.254871739480355e-10,1.1644162464590392e-09,0.6265009571306193,0.06489998679544252,0.05910000618120356,8.72405174194278e-08,0.051896301513997704,2.9342427863666252e-08,0.027032896115987748,5.542883768148727e-09,2.597345716519127e-09
wind_onshore,power,HU,25.129316806162745,6.834663525585557e-10,0.9913028803762862,1.6643168856302276e-10,2.620132143627032e-10,4.376279726999685e-10,1.8867381787768466e-09,0.0748786614193157,0.7257712290848758,1.2167690213106446,0.1664551680074471,0.4490038127365772,1.4021690066549515,1.8864288227740689,0.3255269585412319,2.145138159787025,0.40142962090704293,1.5429624928596979,6.898789378032011,1.3212778239407645,1.1380377551742833,6.483133455205994,2.069114253164258e-09,2.7703813075548772e-09,2.5299247835594306e-09,25.084563478929567,0.25082722674130653,1.0218902801355585,0.021245117145758448,0.0875223071563336
wind_onshore,power,IE,8.777157847211635,1.8052275680680284e-10,1.0836085446801493e-09,1.8718299298970768e-10,4.674077788812376e-10,1.1021423147969015e-08,8.270567525004626e-09,5.316757756242218e-09,3.808922180242999e-09,1.9878759443429535e-09,1.3436862649791362e-09,2.029679770749606e-09,9.850962852330508e-08,0.44123312586388225,2.8651308789688832e-08,1.6688697265702084,0.25988955480709075,0.1385387646821495,0.22927044670504895,0.45348188440534387,0.2459315173912702,0.23804999595055615,0.7060499998450341,0.5374621501101146,0.3965002407709269,9.66999001701793,0.49794358660575094,5.365978352357756e-08,2.488368764130204e-08,1.036129658368916e-07
wind_onshore,power,IT,27.533711089136546,1.59964257935696e-10,8.630032725740609e-11,5.511777642325381e-11,7.323806364710735e-11,9.758651799701387e-11,1.4707712393601762e-10,2.3066163425599845e-10,4.481229235053264e-10,1.256392088934359e-09,9.081458738326566,13.499628740750971,16.786096543093333,13.87061048556839,10.789597009146878,18.033113659308405,15.335836980504768,8.512608226900818,7.978392848763442e-09,3.785837042438633e-09,3.281057472411758e-09,1.3921216957126728e-08,8.651828961264355e-09,1.5504011569345694e-08,2.5779349770163864e-08,29.711416591226218,1.1185099434299788,0.21894088776546253,0.21727483823282653,1.2763302971547508
wind_onshore,power,LT,9.107368871750925,1.9870204751435822e-10,3.252325702168183e-10,3.072791535849968e-10,1.324200357464674e-09,0.4585384121354486,0.5501059938193905,2.49978278113334e-09,0.12641629595508166,2.2891420772360618e-08,0.867486179066278,5.0342924904984326e-08,0.32218607576528613,0.5603481259995382,9.686183944245132e-09,1.4406123166099933,9.502026502899835e-08,0.29553241068855146,2.217260395327833,0.4116055636074998,0.3396109099897476,5.26821128934076,0.21807194087390308,0.44548625698711336,4.587923851457577e-08,9.355881016789326,0.09085874761528566,1.969696981273379e-08,0.9032442312060107,0.5154166645791891
wind_onshore,power,LU,4.059750534786807e-10,2.2640136134815388e-10,0.5522067204026566,1.5508986212381324e-10,3.3860740498560277e-10,7.457963249400514e-10,0.0049999977434777715,0.0011999986994373874,2.897349970914664e-09,0.001199995038265348,2.7343652526995367e-09,1.5905953581319895e-09,1.4180321471934583e-09,0.007999999119053663,0.006000000004686511,0.0015999975557848556,2.802755047681642e-09,0.0252999939159621,3.01698221479137e-09,1.7080341447260036e-09,1.4396880289135472e-09,0.03339999819397498,0.02099999978171473,0.002999993217069577,2.165191444586512e-09,2.6612482531296184e-09,2.2259693863043306e-09,0.5522067069276014,1.1350339441874475e-08,4.041543772175763e-09
wind_onshore,power,LV,1.0409420639819509e-10,5.61097007670258e-11,6.237073272577132e-11,6.524281257792935e-11,9.574012324370258e-11,1.3277145835540844e-10,1.651363209168911e-10,1.9918778153858804e-10,2.2715290962984135e-10,2.5216251669425327e-10,3.339671175198865e-10,4.128892828588453e-10,5.407430443309388e-10,7.519241270717285e-10,1.063811601395371e-09,1.9372464223709245e-09,3.006859874170106e-09,2.7655943198422813e-08,3.0601107432437466e-08,5.2578132708978923e-08,4.3932519179851064e-08,1.4285492888061564,6.97636423582724e-09,8.716308582421716e-09,7.27644560487054e-09,4.530071067449152e-09,4.149734968650281e-09,6.473901231169731e-09,1.211702884667015e-08,2.600663806607184e-08
wind_onshore,power,NL,33.56986696670682,1.254916086043035e-10,1.0983039936320281e-10,8.057206414133096e-11,1.28938899654116e-10,1.445378296285666e-10,2.955645421132799e-10,5.550712509501148e-10,1.7545321104162681e-09,1.797797780726957,0.13118132918030379,2.191072002883534,2.021349977839747,5.105562192625572,1.014459746358548,0.04269999993055205,0.10785000010277773,0.09660000008229883,0.3034999999881375,0.03200000000758628,0.22540000001227128,0.11770000001479632,0.32336000000207515,0.04810000001589576,0.3594499999515333,33.56986696611407,4.722581516174682e-10,2.7019793411326524e-10,2.313481430967231e-10,2.6675228317162446e-10
wind_onshore,power,NO,1.863735766263177e-09,2.593937409281473e-10,2.1992155377364043e-10,1.6460938701530145e-10,3.4823257017486703e-10,6.497343943566841e-10,2.0705485133626923e-08,8.067257831328448,5.1599841246463605,1.1365275583617374,7.782012812333393,1.4174414208559025,0.7364196558806525,1.272136725869186,3.6799415016201293,0.4171278678033276,3.047056364908457,2.1130374154347193,2.8993120436040103,0.20647201855381897,2.3270727787505114,9.024519559921677,2.324731171909581,0.9908297391995352,1.178628123954736e-08,2.0507562251778286,0.9466140333725059,3.2591009323864095,0.1449582326391045,0.8472402385477474
wind_onshore,power,PL,86.59220768832445,3.882110432893891e-10,5.204495122638038e-10,2.840862184348795e-10,5.426447189017139e-10,5.91880926518755e-10,3.071341601123564e-09,5.340349381446885,0.3147688718936951,6.334935735515209e-09,2.4328217819840927,0.547874805282096,0.16790000104188676,0.13620000035237348,0.29670000011260383,0.3988000000246529,0.5210499998844782,0.5727999999615272,0.77210000027961,0.35095000004759014,1.5376000000134622,0.21719999919759292,5.79918439794936e-10,4.343470052449332e-10,0.03539999966441231,86.59220768779429,9.232084640617797e-10,5.783648824180734e-10,4.903631514321207e-10,6.750112583789323e-10
wind_onshore,power,PT,8.366728383735508,1.458699489402093e-10,8.73868509137882e-10,1.0763711318390245e-10,1.8526747431415037e-10,3.837328339086305e-10,1.3182802994324505e-09,1.0452922621916097e-08,4.961651517085152e-08,0.21452443148974304,0.5708582710345914,2.5505803392999243e-08,6.504016833333481e-09,2.803370335578642e-09,1.7440725628111729e-09,8.330692463632728e-10,7.968919973967451e-10,8.717790784308513e-10,1.0070398782963464e-09,1.2244077364290383e-09,1.4920718522546346e-09,2.2640523677412165e-09,4.6008493573627215e-09,1.2798941604226022e-08,0.26670654144940903,8.50872200592568,1.0062454010555387e-07,0.06794074771318631,0.022839451612001002,1.8346555701556705e-08
wind_onshore,power,RO,5.758546720452708e-11,6.019220695810885e-11,7.873731987107215e-11,6.355802047951459e-11,8.448305831065481e-11,1.0830168226377948e-10,1.5410673446917218e-10,2.1054932554443917e-10,2.729274511589328e-10,3.833146631786339e-10,5.376470070636033e-10,6.961205955731978e-10,7.5097396134646e-10,0.4418644754242977,0.13021409334249592,0.5855393228103307,2.1036979283039554,1.2928973967053454,0.6202250129314177,0.7058792214408751,0.8734696071765813,2.613169501174139,5.351845024782775e-09,9.476110256809385e-10,1.236664262878568e-09,0.289219446717027,0.898675461874113,0.0010449217738843135,0.04946344807789173,6.098363374475436e-09
wind_onshore,power,SE,3.257689565934903e-11,2.753848626520241e-11,2.850419997934848e-11,2.9702757406919347e-11,3.5828649565343475e-11,3.944418292047285e-11,4.723568961918762e-11,5.092145488351734e-11,5.5062786387335446e-11,5.969650581627129e-11,6.516917828288023e-11,7.039803110075312e-11,7.653723371674158e-11,8.418947056804148e-11,9.376594548845947e-11,1.0609585700672209e-10,1.2110743644644034e-10,1.383641907461692e-10,1.6312722774374235e-10,1.9475744161616102e-10,2.4779924871442555e-10,4.464750891805541e-10,3.269052712798249e-10,3.497152320268733e-10,3.452359712760084e-10,3.5138244587723095e-10,4.3798896360015594e-10,6.037911423000441e-10,9.170450816659201e-10,1.8476413934798639e-09
wind_onshore,power,SI,1.144821669432764e-11,1.2550250298021491e-11,8.223029627430527e-12,7.106443408217655e-12,7.574833853647592e-12,8.159354839805498e-12,9.109461066591025e-12,1.0201375586301081e-11,1.143188737915509e-11,1.285241810066766e-11,1.4357138323110052e-11,1.6335351243413356e-11,1.8521378485405518e-11,2.0881565067386322e-11,2.369502407502748e-11,2.695350305212526e-11,3.09687679418382e-11,3.619205967335794e-11,4.325487076348291e-11,5.300801970008879e-11,6.80534160495979e-11,9.042692570214649e-11,1.311620016805322e-10,2.506655369557211e-10,2.8530182086033682e-09,8.023312553495202e-10,6.94981167974492e-10,7.197172189394483e-10,8.583085998974768e-10,1.3825658233447794e-09
wind_onshore,power,SK,2.4527466948939753e-11,1.962832076290524e-11,2.191265261544927e-11,2.2963242524478147e-11,2.8762436579947595e-11,3.663075402744158e-11,5.053939013680237e-11,7.669816296740956e-11,1.1679908343318044e-10,2.106101502080773e-10,1.938508815286194e-09,5.601061719028837e-10,4.4194882495014556e-10,4.1350645488465357e-10,4.1494297888995573e-10,4.3741339660484823e-10,4.806979849354078e-10,5.462678868172509e-10,6.947863646556125e-10,1.181138983460438e-09,1.3166154692998692e-09,1.347043797421929e-09,1.0840256929896938e-09,1.1784036016046463e-09,1.2803314949011515e-09,1.71626524271949e-09,1.864175612575237e-09,2.140528782811547e-09,2.6142630950676765e-09,4.018000044979795e-09
wind_onshore,power,UK,77.84146529041615,2.1905032853663272e-10,5.572670585924598e-10,1.868363555918822e-10,4.760125325918668e-10,0.836119907778294,5.436161743412904,3.44801709097509,2.8139446258310445,2.5503810874597246,2.2814528641456606,6.865153639140046,2.5475915679752426,5.90444222215215,5.802271433688164,1.320908012998329,3.0146432278317445,6.540509015469803,6.5269648847080255,2.482516526491352,3.107360001306777,0.9406832001608155,3.219656048038377,6.125209142173213,13.823255776225599,82.21763361991441,1.0884594860877541,5.001707780704977,0.5328722711389544,0.540589690616506
