technology,location,0,1,2,3,4,5,6,7,8,9,10,11,12,13,14,15,16,17,18,19,20,21,22,23,24,25,26,27,28,29
DAC,AT,2.153212646720598e-08,2.6409606227676063e-08,3.009031321115918e-08,3.328649345353489e-08,3.597326628211429e-08,3.8647621982960035e-08,4.1202871438543404e-08,4.373100451697541e-08,4.6186150904871906e-08,4.86571691236334e-08,5.1209619921492504e-08,5.395212398611695e-08,5.696338951255378e-08,6.02888111562393e-08,6.396909794040377e-08,6.806627250390574e-08,7.272212367439583e-08,7.816423947107055e-08,8.47163281447939e-08,9.294758412137171e-08,8.217641838817821e-08,8.757974349010017e-08,9.444378657931872e-08,1.0171308749570948e-07,1.0962027682496159e-07,1.1774068030660222e-07,1.2729448240284292e-07,1.3949311606913815e-07,1.5620668173726423e-07,1.8622841775792148e-07
DAC,BE,1.9965211767301357e-08,2.6121173885176156e-08,3.022538822236446e-08,3.3635073190098026e-08,3.6471026776618805e-08,3.906512823433426e-08,4.1567333440594505e-08,4.401403018197233e-08,4.639390464878222e-08,4.878656833422426e-08,5.121649533878722e-08,5.383673853016798e-08,5.6742273885434004e-08,5.998288748669623e-08,6.365437559446583e-08,6.773421467963574e-08,7.2375538589577e-08,7.775213717372339e-08,8.416641225612167e-08,9.220148697911419e-08,8.287165306731873e-08,8.751322995504053e-08,9.466140345120377e-08,1.0259642841435373e-07,1.1161762227340785e-07,1.2137240498050257e-07,1.3189036887540028e-07,1.453064898041819e-07,1.6347672251541632e-07,1.9662460917912016e-07
DAC,BG,2.1935934639223794e-08,2.6788226752753334e-08,3.064356418873754e-08,3.402110758716363e-08,3.703564657509874e-08,3.993142376637804e-08,4.2772302183113446e-08,4.550212169885349e-08,4.83090909759473e-08,5.0988255392117444e-08,5.3682291548777136e-08,5.648173455672197e-08,5.940674445101049e-08,6.24308990526608e-08,6.588346092367477e-08,6.986946861261371e-08,7.452359952140116e-08,8.007988615863374e-08,8.681233403982768e-08,9.544483718860963e-08,8.582692993132769e-08,9.29228861647111e-08,1.0165108213058513e-07,1.1216033374419838e-07,1.2361772925798303e-07,1.3552100206704334e-07,1.4811963162468846e-07,1.6349881645512446e-07,1.8369570859512308e-07,2.2219621249288557e-07
DAC,CH,2.1659101577335335e-08,2.653590340293335e-08,3.0321486240327004e-08,3.360603422835243e-08,3.643134856380951e-08,3.9035826283876e-08,4.147303771184487e-08,4.373452355209891e-08,4.602704410164789e-08,4.839720477696303e-08,5.08951708140194e-08,5.356843720393281e-08,5.6532123379477235e-08,5.985037425893555e-08,6.352287017727955e-08,6.767624242191854e-08,7.2435657709593e-08,7.802164242970948e-08,8.479130389372686e-08,9.346229432576674e-08,8.358965083136855e-08,9.026850905756452e-08,9.848999893074067e-08,1.0718815093154802e-07,1.166058713596214e-07,1.2670350502591097e-07,1.386347736577182e-07,1.540787366928536e-07,1.745786993631582e-07,2.0986618986876525e-07
DAC,CZ,2.1837887557392768e-08,2.6657685818306538e-08,3.038094033706704e-08,3.364359614128537e-08,3.638009664985452e-08,3.9017265348053256e-08,4.1481822809477746e-08,4.3836509141890284e-08,4.629144661491009e-08,4.8829145423245545e-08,5.148008850149453e-08,5.4345490477524405e-08,5.752597690411789e-08,6.103442371116247e-08,6.496880656711735e-08,6.936709624432953e-08,7.435957572879325e-08,8.018863368949759e-08,8.713506787366914e-08,9.582378286761332e-08,8.544935906495441e-08,9.22253161242712e-08,1.0014622219920182e-07,1.0831630138955738e-07,1.1739222937575796e-07,1.272132504528528e-07,1.3874112286278382e-07,1.5324441647240673e-07,1.7249266031132256e-07,2.0648330467836195e-07
DAC,DE,1.964852214623899e-08,2.594330858358507e-08,3.004895044491665e-08,3.342471884109382e-08,3.6260794740760035e-08,3.880632207933659e-08,4.129685001014685e-08,4.3864269082169784e-08,4.6350909741970696e-08,4.871441200141486e-08,5.113238196950094e-08,5.371949533280063e-08,5.652711545135978e-08,5.96441502423913e-08,6.312715117494609e-08,6.708035408501395e-08,7.161513857915361e-08,7.688975969350541e-08,8.322157078049243e-08,9.10940458313589e-08,8.160493666225451e-08,8.551077135131713e-08,9.203596228161224e-08,9.940344729086575e-08,1.0791572337231263e-07,1.1787875683324906e-07,1.2904939509690857e-07,1.415758459420158e-07,1.5798932659159496e-07,1.8609361189941216e-07
DAC,DK,2.0668135777838694e-08,2.633346658170815e-08,3.0252626175318316e-08,3.347941012322326e-08,3.619824505940453e-08,3.8892116282047975e-08,4.158355116980215e-08,4.432263945996171e-08,4.7136467590276025e-08,5.002196273053551e-08,5.308768586681113e-08,5.633608852250765e-08,5.988210390463321e-08,6.381156394096963e-08,6.814370670128181e-08,7.30541353877897e-08,7.868665833934718e-08,8.530082105774497e-08,9.327005212244424e-08,1.0326113049920294e-07,9.551855645454385e-08,1.0323904347618574e-07,1.1285054294410003e-07,1.234276018550953e-07,1.3538328042038745e-07,1.4927524127504745e-07,1.6555534890216666e-07,1.8641197389915183e-07,2.1356959679957892e-07,2.6094359980195103e-07
DAC,EE,1.9977727090586972e-08,2.599804918651829e-08,2.9847010209673364e-08,3.295151582414389e-08,3.550119619990246e-08,3.794259256825863e-08,4.03153784830591e-08,4.2647759851478e-08,4.5090833301679585e-08,4.758109287703449e-08,5.018345987725905e-08,5.296714743449638e-08,5.5991265512354675e-08,5.9301812640739393e-08,6.300649039647923e-08,6.713876809226991e-08,7.184239771084817e-08,7.736348136577554e-08,8.404123907710377e-08,9.248255570896631e-08,8.390589924390151e-08,8.95805675049902e-08,9.799192981788195e-08,1.0737636144628417e-07,1.181383796293907e-07,1.302992936934671e-07,1.442256766347166e-07,1.6148220894935575e-07,1.8390946786195082e-07,2.2209902278136863e-07
DAC,EL,2.1710270350447385e-08,2.658089274147382e-08,3.04345457885987e-08,3.388964282017579e-08,3.702159759300732e-08,3.992444530074839e-08,4.272034331882904e-08,4.547870517117147e-08,4.812429821591844e-08,5.067262889996968e-08,5.3128315276637905e-08,5.5664625296887925e-08,5.816695409387726e-08,6.107653380479169e-08,6.44041513832585e-08,6.82192598970241e-08,7.267414413666385e-08,7.807654922459986e-08,8.452639691243724e-08,9.276580743273788e-08,8.22713232937245e-08,8.844661607254129e-08,9.62470996912723e-08,1.0489804192105919e-07,1.1404962078087936e-07,1.2414424806485178e-07,1.3570616168516578e-07,1.496054803410599e-07,1.6829566043176713e-07,2.0248231295210198e-07
DAC,ES,2.06230587185096e-08,2.5816270916701458e-08,2.9566550430103996e-08,3.275648661978629e-08,3.550123683685118e-08,3.820203403996784e-08,4.093047411394407e-08,4.3685452239990774e-08,4.652947715302799e-08,4.938273783643471e-08,5.2324827748985285e-08,5.542501700363256e-08,5.881763870813415e-08,6.259204759248453e-08,6.674276813824152e-08,7.14552772933139e-08,7.682318918411478e-08,8.306033855504596e-08,9.057225153237561e-08,1.0008560315061253e-07,9.239929519786198e-08,1.0054633993824883e-07,1.1006290949466372e-07,1.2005960034954213e-07,1.3077930018675243e-07,1.4208563979630177e-07,1.5468609532857172e-07,1.701334203530685e-07,1.9070506053434737e-07,2.27492111444442e-07
DAC,FI,2.0517475392846695e-08,2.6527389748440484e-08,3.052195506963047e-08,3.376402878252799e-08,3.647159500876588e-08,3.898062071869581e-08,4.152437197475597e-08,4.411806624586199e-08,4.685229151760976e-08,4.9640679336478645e-08,5.257724880726246e-08,5.571979250158246e-08,5.912548987559008e-08,6.280480684430747e-08,6.688672750079952e-08,7.150295408946045e-08,7.67853845143061e-08,8.304550607600307e-08,9.066714930916972e-08,1.0039014814100479e-07,9.286650522361682e-08,1.0016685530451552e-07,1.1036955772522268e-07,1.217780514040049e-07,1.3498457545304765e-07,1.5012204728995336e-07,1.671523986843314e-07,1.8782771069669345e-07,2.1442339212659157e-07,2.606850143120509e-07
DAC,FR,2.1997214042814932e-08,2.7024659245915746e-08,3.078737322715139e-08,3.417018389045418e-08,3.71116812070466e-08,3.988297415574827e-08,4.257536198965971e-08,4.5184049778892345e-08,4.786572161061742e-08,5.058435998080056e-08,5.339928192196155e-08,5.63962296804428e-08,5.968306957919159e-08,6.33411220241894e-08,6.74611753866774e-08,7.217583867091e-08,7.757995218528656e-08,8.397394908475068e-08,9.180167999065693e-08,1.0189024845642437e-07,9.450271391079059e-08,1.0391005408639475e-07,1.1425249571153042e-07,1.2503094495780345e-07,1.3688248564776319e-07,1.493814091683591e-07,1.637145142198217e-07,1.8321355536530299e-07,2.0837068036251878e-07,2.5150056433863353e-07
DAC,HR,2.1670290514610067e-08,2.669163233984236e-08,3.055873047980935e-08,3.402104899839816e-08,3.696297066226985e-08,3.984753708581443e-08,4.265501029441722e-08,4.5385086447025734e-08,4.8050853932271084e-08,5.066795588960362e-08,5.327679174687344e-08,5.595069934033052e-08,5.894383225337799e-08,6.234700558436384e-08,6.616971593080199e-08,7.054675086433927e-08,7.558536180781625e-08,8.149188318431159e-08,8.854888742734466e-08,9.73138853355717e-08,8.707582238535987e-08,9.317124829718571e-08,1.0079770143824009e-07,1.0884992746043679e-07,1.1782250351201157e-07,1.277540221419968e-07,1.3942291078638143e-07,1.5455330228568524e-07,1.7554833395696294e-07,2.1415510614930537e-07
DAC,HU,2.2118945986038965e-08,2.7007053926949816e-08,3.0758641587810914e-08,3.411107982209758e-08,3.698319670775217e-08,3.981122625084155e-08,4.2512440666790303e-08,4.516776335905109e-08,4.7730330154940296e-08,5.019221125987119e-08,5.282666534423837e-08,5.568167217529534e-08,5.8854330603457617e-08,6.240412401664845e-08,6.635308847048644e-08,7.081197777043876e-08,7.590771608273628e-08,8.196349045933134e-08,8.927357128282737e-08,9.863650216013365e-08,8.956505965964672e-08,9.825832966172261e-08,1.0817810852930772e-07,1.1821304354954603e-07,1.2932811017185365e-07,1.4078699511782865e-07,1.5384541819336986e-07,1.7069071908990333e-07,1.929544445754946e-07,2.3129600964755424e-07
DAC,IE,2.053850992188048e-08,2.684345387023468e-08,3.117732098707131e-08,3.4851192118168786e-08,3.767324287473562e-08,4.022583370164673e-08,4.281755366348116e-08,4.5539183603822594e-08,4.835326887898565e-08,5.124464798588569e-08,5.4282162025761675e-08,5.753308902031527e-08,6.106501131611385e-08,6.496669224133398e-08,6.932091839469833e-08,7.428032031546207e-08,7.99897110347682e-08,8.673560069498087e-08,9.495044105582824e-08,1.0544588541390938e-07,9.913880777034606e-08,1.0841073839634499e-07,1.1997960289000222e-07,1.3270675461994008e-07,1.4721972530204565e-07,1.6354959878762947e-07,1.8061239280909802e-07,2.026724912151435e-07,2.3211895833267894e-07,2.8425931695267944e-07
DAC,IT,2.1599553568500312e-08,2.6496927234984508e-08,3.0282903616377795e-08,3.364303464117133e-08,3.640596182474013e-08,3.9059138880678926e-08,4.1474863054102177e-08,4.372073308143862e-08,4.60614796387759e-08,4.847897002155877e-08,5.10216178399443e-08,5.3773452785482676e-08,5.682970409005737e-08,6.025574459966785e-08,6.407333374406382e-08,6.836350960891928e-08,7.328370850164263e-08,7.905205268389835e-08,8.605405956475988e-08,9.499843128060918e-08,8.538099148532427e-08,9.21799020474212e-08,1.0030467561841523e-07,1.0841845680416723e-07,1.1750606411100666e-07,1.2766427678169433e-07,1.3929687410604932e-07,1.5430025280079393e-07,1.7432533357323594e-07,2.0932526558778685e-07
DAC,LT,2.10870253673313e-08,2.566000451135959e-08,2.9256207088600616e-08,3.235656761251394e-08,3.50321635111894e-08,3.784878745758705e-08,4.054584299790125e-08,4.324409995819026e-08,4.601412705976769e-08,4.8843232694309284e-08,5.182828194193515e-08,5.49661713275938e-08,5.839915741391664e-08,6.220067600072334e-08,6.639461519325889e-08,7.113009037050671e-08,7.655252339131323e-08,8.294009029984549e-08,9.067826536394143e-08,1.0046384359630801e-07,9.277907147352456e-08,1.0184506757074175e-07,1.1211557596466473e-07,1.2319846825789937e-07,1.3546374889391142e-07,1.4910733666956296e-07,1.6475077162488374e-07,1.846095316463561e-07,2.106686312893884e-07,2.555316857177342e-07
DAC,LU,1.9309118238271714e-08,2.626768510058091e-08,3.0662611385959535e-08,3.4427738874973115e-08,3.745968492991916e-08,4.038383625204303e-08,4.3100613204541757e-08,4.568635390420144e-08,4.813462986485659e-08,5.0422916613682974e-08,5.288003858781111e-08,5.5522487943910255e-08,5.849192034791314e-08,6.180083463570203e-08,6.55221137364422e-08,6.977231296940935e-08,7.466356323096447e-08,8.040231173679728e-08,8.736981759366246e-08,9.621415023723666e-08,8.886678394063285e-08,9.512507898412881e-08,1.0376255049541117e-07,1.1298371020585727e-07,1.2362188446581557e-07,1.3539517142456604e-07,1.486174568327862e-07,1.660634169639625e-07,1.8861491054247348e-07,2.284422306946999e-07
DAC,LV,2.012993342395336e-08,2.5932879643151898e-08,2.9721856003563607e-08,3.275374588594477e-08,3.525854148397369e-08,3.7750259506760334e-08,4.028071694411679e-08,4.2714809683523405e-08,4.547457574000864e-08,4.8151101071945835e-08,5.095634652594546e-08,5.3910976589202005e-08,5.717050891968587e-08,6.069190326063363e-08,6.46559890221762e-08,6.908622082683041e-08,7.417253539361692e-08,8.015606535127399e-08,8.740598961690493e-08,9.657416832695588e-08,8.89144898096148e-08,9.585155923829185e-08,1.0550392832586343e-07,1.159784277539184e-07,1.2780832252419857e-07,1.4102887974968263e-07,1.5581807361968525e-07,1.7411426747858334e-07,1.9800248327117266e-07,2.391858425186739e-07
DAC,NL,1.9825062635280018e-08,2.57810146903812e-08,2.9680957918384127e-08,3.2816848063850376e-08,3.536193133435038e-08,3.793017410454552e-08,4.0498156889163764e-08,4.312712064974272e-08,4.5752500262867886e-08,4.839424906412034e-08,5.110925590265761e-08,5.394684632470431e-08,5.704613289382351e-08,6.042117311083983e-08,6.405861887429384e-08,6.815250266382959e-08,7.27595996134431e-08,7.809148568271695e-08,8.447178246174689e-08,9.240231354606216e-08,8.318961075988793e-08,8.790368007842719e-08,9.501136029276607e-08,1.0293734533788143e-07,1.1198564381792069e-07,1.2232694308402764e-07,1.337859409057058e-07,1.4820350424767436e-07,1.6657561117730987e-07,2.0139055812853923e-07
DAC,NO,2.2296701813865905e-08,2.724724071805912e-08,3.1194546046739076e-08,3.466165393979714e-08,3.767948704412092e-08,4.053023107700985e-08,4.3251269442908225e-08,4.597525204846059e-08,4.8652219592874833e-08,5.1297745744574375e-08,5.3913570991693625e-08,5.6843979616965596e-08,6.009404476431175e-08,6.373448836326926e-08,6.782612660097378e-08,7.251200090558151e-08,7.794256899145662e-08,8.442514554060407e-08,9.238032134230854e-08,1.0270880311092379e-07,9.505641516865174e-08,1.0530539226852687e-07,1.1720573357238018e-07,1.301105172740596e-07,1.4458320301014768e-07,1.6101962676179895e-07,1.7961505190943702e-07,2.020008187838733e-07,2.30122222850956e-07,2.796158530296323e-07
DAC,PL,2.220007837730105e-08,2.720968996494959e-08,3.108581068594848e-08,3.453523682011615e-08,3.760567912511669e-08,4.045858676667306e-08,4.329441771876385e-08,4.6108842132961053e-08,4.8906098587692945e-08,5.1676067381661224e-08,5.444926710220104e-08,5.728997269212385e-08,6.026700810772835e-08,6.33657203834521e-08,6.688220843436097e-08,7.091510136927711e-08,7.559091005137395e-08,8.111741115154793e-08,8.778324284508096e-08,9.62610660739694e-08,8.553514322052421e-08,9.249498231489445e-08,1.008397076518094e-07,1.097477921559569e-07,1.1944542532576085e-07,1.3011927299338903e-07,1.4240952963373107e-07,1.58286034482568e-07,1.7896806933858893e-07,2.1467150572954893e-07
DAC,PT,2.081968906001129e-08,2.5697703972112222e-08,2.9409005895356816e-08,3.2611746822541565e-08,3.541059961697371e-08,3.81500628730725e-08,4.089581036249132e-08,4.366520799544126e-08,4.648228067698277e-08,4.932236979082499e-08,5.224491919774017e-08,5.5353973956961553e-08,5.87594816486452e-08,6.254519397964273e-08,6.671411603981732e-08,7.144160353801683e-08,7.682483174439878e-08,8.308646898801425e-08,9.059251585806981e-08,1.0002531741166866e-07,9.194084599013316e-08,1.0012163873633604e-07,1.0953546764998624e-07,1.194275202575802e-07,1.3005237692593276e-07,1.4127543064707202e-07,1.5381635074501787e-07,1.690737475171318e-07,1.8947493419974868e-07,2.264389512760196e-07
DAC,RO,1.9964600687004364e-08,2.5861022505032188e-08,2.9658733097381557e-08,3.257021605928849e-08,3.5211674977907505e-08,3.763975158772274e-08,4.010007944014836e-08,4.259035338848534e-08,4.5138084115181986e-08,4.7707881004948245e-08,5.0380061605903136e-08,5.323081828199076e-08,5.6372328262728863e-08,5.980626170779298e-08,6.359744189256274e-08,6.786566186853142e-08,7.272201534669323e-08,7.844264004217835e-08,8.529724795331422e-08,9.393961557348084e-08,8.567333319111451e-08,9.195156366991357e-08,1.0080947552513863e-07,1.113066839932828e-07,1.2264308030290385e-07,1.3396016003755862e-07,1.4613777431160194e-07,1.6099696827312332e-07,1.8080970629018815e-07,2.1886781857700263e-07
DAC,SE,2.1293082523608187e-08,2.618451095950939e-08,3.011979418820813e-08,3.356031609344843e-08,3.643169535680867e-08,3.907103737282943e-08,4.166769295568026e-08,4.4353832203146235e-08,4.712505239563107e-08,4.9983820170171614e-08,5.300874387639887e-08,5.62345453136906e-08,5.97856534705349e-08,6.368968790333781e-08,6.800640258371589e-08,7.289599417345804e-08,7.850371800296069e-08,8.513574908648756e-08,9.318936913388623e-08,1.0344698746954863e-07,9.579108021926422e-08,1.0472433796392888e-07,1.1556986727819715e-07,1.2748536027367925e-07,1.4149599228175843e-07,1.5838596814744545e-07,1.7736218623514035e-07,1.9992032113421418e-07,2.2859143911866896e-07,2.7816510470731103e-07
DAC,SI,2.188906794230804e-08,2.6887675204908415e-08,3.073095368520413e-08,3.420276687066933e-08,3.725504439279879e-08,4.0070829204111445e-08,4.282245918397136e-08,4.553873710798359e-08,4.816194726180648e-08,5.070220503283596e-08,5.3245512531428685e-08,5.578830633436053e-08,5.8667108797120485e-08,6.187430530132113e-08,6.552727647102565e-08,6.970110800415111e-08,7.45064255723179e-08,8.014637802042492e-08,8.692555630737064e-08,9.545272990483824e-08,8.492466046214342e-08,9.128593835750545e-08,9.927969384008267e-08,1.0747003920030726e-07,1.1614103497941705e-07,1.253029909044263e-07,1.3574786274136123e-07,1.488692991387728e-07,1.674429455814031e-07,1.999734176545293e-07
DAC,SK,1.986582249002069e-08,2.580665085999665e-08,2.9633847031598683e-08,3.279017994509347e-08,3.535795593961291e-08,3.7896365873524754e-08,4.0288090549348266e-08,4.2694301136651996e-08,4.517454577783737e-08,4.771019991825432e-08,5.032396236226394e-08,5.312727359930658e-08,5.622416299778374e-08,5.962548688952914e-08,6.343590040288343e-08,6.76862663627962e-08,7.251435771243888e-08,7.812284984687517e-08,8.474610503185955e-08,9.290569802228032e-08,8.370345870223078e-08,8.873932278956786e-08,9.643014781588291e-08,1.0485170200649283e-07,1.141275644396413e-07,1.2379561919442217e-07,1.350993700165337e-07,1.4953788022229468e-07,1.6893986032288835e-07,2.030945074264982e-07
DAC,UK,2.1148904963422228e-08,2.6786545934373956e-08,3.072746863919209e-08,3.401240803522637e-08,3.6789561393518705e-08,3.9557257457209096e-08,4.2376201240826776e-08,4.5314277596328536e-08,4.8272719443683426e-08,5.124612360339161e-08,5.4463364455951165e-08,5.7584121116179956e-08,6.113494174375076e-08,6.50801943202292e-08,6.950477548567992e-08,7.454781577587357e-08,8.028558470493831e-08,8.707575866292323e-08,9.533814895579114e-08,1.0585099331857683e-07,9.876258637370071e-08,1.0786318936729738e-07,1.1840186345534328e-07,1.2964936122877405e-07,1.4244385957392638e-07,1.5737423113137506e-07,1.7348257126856003e-07,1.9480558341806304e-07,2.2313391303818853e-07,2.731860953809065e-07
battery,AT,1.6633030670288203e-07,1.6671449757281458e-07,1.6688457326844432e-07,1.5297628403603183e-07,1.395776897672354e-07,1.5134819992471346e-07,1.5451593572044727e-07,1.601077391191765e-07,1.6107888895940793e-07,1.6195480203787912e-07,2.0945862700784513e-07,2.1666895721299858e-07,2.2474111323143444e-07,2.2846611371654727e-07,2.3691057414576096e-07,2.7266121029415734e-07,2.839886634705304e-07,2.8090582630421505e-07,2.9225318610859566e-07,3.134140553999965e-07,3.7459306144911207e-07,4.0056852657073577e-07,4.2730964977182286e-07,4.545487695546383e-07,4.843645386200934e-07,5.226052225358544e-07,5.596264612093617e-07,5.977873946614187e-07,6.410061567363725e-07,6.971351056618215e-07
battery,BE,1.6656743361375877e-07,1.6705206097013702e-07,1.672216543305947e-07,1.53274288365938e-07,1.3983113895533199e-07,1.5135418313563742e-07,1.545953720741159e-07,1.601642471715189e-07,1.6111850968140184e-07,1.6203221708672717e-07,2.0973322056922149e-07,2.1666548186466173e-07,2.2459159282052956e-07,2.2823654824319548e-07,2.3661842075971473e-07,2.7245128157829827e-07,2.833159998412729e-07,2.802979588933992e-07,2.915511650457103e-07,3.125310942263801e-07,3.7154534775477494e-07,3.980756746735843e-07,4.2451164593733165e-07,4.5083733415467504e-07,4.800554505944318e-07,5.184891443639092e-07,5.550720302434859e-07,5.91813012969555e-07,6.349480456496507e-07,6.909410362916936e-07
battery,BG,1.6636698407901255e-07,1.6674503296201072e-07,1.6691485641939027e-07,1.530065096320278e-07,1.3961445812045485e-07,1.514344672865487e-07,1.5457310678328057e-07,1.6004145196757962e-07,1.6094453494193388e-07,1.615846517839879e-07,2.0926480314358557e-07,2.1658186167135175e-07,2.250611877511733e-07,2.2898135950256713e-07,2.374471486084066e-07,2.7502856302305536e-07,2.8736428360454576e-07,2.840496900439783e-07,2.9623406677599767e-07,3.166305923580321e-07,3.807094650424576e-07,4.044705125352294e-07,4.2944890003931223e-07,4.5992572605209377e-07,4.905993330046885e-07,5.249835359376964e-07,5.642765152207284e-07,6.034141999031705e-07,6.388934428166023e-07,6.982949091694819e-07
battery,CH,1.6649476984685e-07,1.6687268342008006e-07,1.6704277145248898e-07,1.531215992228533e-07,1.3970925316483996e-07,1.5154075687305524e-07,1.54749779692274e-07,1.6026916116646222e-07,1.6120236968177622e-07,1.6204920436697493e-07,2.0934543293655404e-07,2.1659510477451573e-07,2.246160180708446e-07,2.2834023307208138e-07,2.3705605267087803e-07,2.737505685068212e-07,2.847756601059667e-07,2.8156061279705365e-07,2.9277883753765805e-07,3.1391197479261627e-07,3.7565946879383313e-07,4.01293470048593e-07,4.280558823852071e-07,4.55618768360949e-07,4.844280343272242e-07,5.265764438063503e-07,5.65657783140221e-07,6.041141881935628e-07,6.475713570275401e-07,7.028224843967825e-07
battery,CZ,1.6638721035294072e-07,1.6676325421062405e-07,1.6693284750681764e-07,1.5302124202983936e-07,1.3961841551526718e-07,1.5136969820575518e-07,1.5449637486811998e-07,1.602425516035989e-07,1.6121944314276452e-07,1.6213638966821217e-07,2.100191503741786e-07,2.1720034737053406e-07,2.2529837344471457e-07,2.2908639484174925e-07,2.378470065880513e-07,2.74272773392159e-07,2.8579742766069323e-07,2.8258523092934364e-07,2.9370860323496595e-07,3.14873523532923e-07,3.7657728841118554e-07,4.0158597738492094e-07,4.278707711720215e-07,4.5618429218502175e-07,4.862129406466742e-07,5.260437537252013e-07,5.650164496276456e-07,6.04849574645555e-07,6.496310689805239e-07,7.053996996241924e-07
battery,DE,1.6558663152343203e-07,1.6597107272132123e-07,1.6613911511784377e-07,1.522694945845403e-07,1.3886509761985914e-07,1.5040644731420678e-07,1.535791966352588e-07,1.5915043785885813e-07,1.60139289773418e-07,1.6105849319203394e-07,2.088831897401225e-07,2.158188690899058e-07,2.240373856213204e-07,2.271244776087464e-07,2.3567759127322384e-07,2.719499921482208e-07,2.826211268501491e-07,2.7972867046824375e-07,2.90979619671447e-07,3.1189596222189997e-07,3.7218182368245676e-07,3.9727556450603953e-07,4.233760864668725e-07,4.497635608785677e-07,4.789465787082811e-07,5.170940433032821e-07,5.540747989127016e-07,5.90856874651117e-07,6.341803553044385e-07,6.896941549950883e-07
battery,DK,1.6630985964661161e-07,1.6666751900100775e-07,1.668388207875162e-07,1.5294182492697292e-07,1.3956766998809478e-07,1.51599387406785e-07,1.5470744867128287e-07,1.5996827734993638e-07,1.6076934896557152e-07,1.612140959621337e-07,2.0789407899821426e-07,2.1528559046552932e-07,2.231087923575204e-07,2.2661313093694794e-07,2.34256009603488e-07,2.693605471046364e-07,2.7924445359119656e-07,2.7613078058149537e-07,2.872988681296106e-07,3.075681290129169e-07,3.6473156659694734e-07,3.8964264804778204e-07,4.1611456633901406e-07,4.42614042718396e-07,4.726895374407435e-07,5.09238339881284e-07,5.465441605496762e-07,5.871558376022066e-07,6.318550334705469e-07,6.902625890236519e-07
battery,EE,1.6539704452317663e-07,1.6579682205237327e-07,1.6596949178219295e-07,1.5218365686555028e-07,1.3892791042262164e-07,1.5122751234888605e-07,1.5442995508014632e-07,1.5986647214637854e-07,1.607720390220413e-07,1.6141358455882633e-07,2.0813853914274803e-07,2.1553082543705045e-07,2.2345918852107634e-07,2.2660176413460902e-07,2.3454542460754054e-07,2.7022297743069825e-07,2.7942648448530373e-07,2.764645966371785e-07,2.8739060437016256e-07,3.0788831778755056e-07,3.6526816788685854e-07,3.897604805092079e-07,4.1601072542091064e-07,4.4229291932812794e-07,4.728496788266306e-07,5.099053904631128e-07,5.462733000853674e-07,5.874094057242047e-07,6.323600794806562e-07,6.898819886073563e-07
battery,EL,1.667324284440427e-07,1.671248517072524e-07,1.6729504069878598e-07,1.5335211031267005e-07,1.3990585739298381e-07,1.5151901327898898e-07,1.546268803881209e-07,1.600826924149103e-07,1.6101675813610135e-07,1.6159402416474843e-07,2.087320128494546e-07,2.1622795847308034e-07,2.2449382702655052e-07,2.281667241751235e-07,2.3638874093107373e-07,2.73790914622688e-07,2.868492831005677e-07,2.8446650909964887e-07,2.9704317205952475e-07,3.176972992927158e-07,3.8277603868521436e-07,4.05026910725629e-07,4.3215964392117115e-07,4.600736151782649e-07,4.914893401390704e-07,5.261708401092429e-07,5.64948843281472e-07,6.04058865290031e-07,6.437818453915787e-07,6.990748293420211e-07
battery,ES,1.6648389571508066e-07,1.6687349492389818e-07,1.6704142482684026e-07,1.5309809615059554e-07,1.3965397682598307e-07,1.512520292074805e-07,1.5438769891284347e-07,1.597370351691609e-07,1.6063046076409892e-07,1.6134019034816764e-07,2.072100328875321e-07,2.1531800021532792e-07,2.2375586292293132e-07,2.2740107374574135e-07,2.3593454966963516e-07,2.7248941008605453e-07,2.8211613059972e-07,2.7891997496668723e-07,2.894229459913311e-07,3.1100745887713186e-07,3.7213626077295016e-07,3.9791148169938237e-07,4.249354299929027e-07,4.52034941792497e-07,4.872664167889242e-07,5.251060739076446e-07,5.562100247035003e-07,5.998215649149432e-07,6.450600607928361e-07,6.933669437324241e-07
battery,FI,1.6645595748218488e-07,1.6693229701022503e-07,1.671026581792224e-07,1.531681171001152e-07,1.397440558243156e-07,1.5144463546508593e-07,1.5465561093714232e-07,1.59970205219375e-07,1.6083107244080554e-07,1.6137509743222035e-07,2.08304674662739e-07,2.156134612786114e-07,2.2349343659033283e-07,2.2694235705138395e-07,2.343932286016338e-07,2.69670169984077e-07,2.790446611988199e-07,2.7606032291262083e-07,2.8718703514740344e-07,3.0747045381022205e-07,3.6458699652699745e-07,3.891853196055715e-07,4.1545749518768197e-07,4.41576186597863e-07,4.720042632135875e-07,5.087369752469219e-07,5.455709693604042e-07,5.860863271663482e-07,6.310934248898131e-07,6.895322874725557e-07
battery,FR,1.6589655859732216e-07,1.6628046407052184e-07,1.6644941330736465e-07,1.5255481691500705e-07,1.391328167545375e-07,1.50717112127047e-07,1.538716016382458e-07,1.5931963795950215e-07,1.602394162367848e-07,1.6101185667809386e-07,2.0703740145238931e-07,2.1476173843568633e-07,2.2255195780407262e-07,2.251804615137335e-07,2.335917865503687e-07,2.6992864730590695e-07,2.7921772896601873e-07,2.7617924621610605e-07,2.8643070418893315e-07,3.067447935510081e-07,3.6681274022401573e-07,3.9263653125763906e-07,4.1853202739314793e-07,4.4459895408232987e-07,4.7384070502495817e-07,5.104438207984706e-07,5.441696804619282e-07,5.799694730574878e-07,6.217352543629558e-07,6.724118874655391e-07
battery,HR,1.6636582054951898e-07,1.6678303308828596e-07,1.6695421860238574e-07,1.5304942107103576e-07,1.3965392237461575e-07,1.5156077148698426e-07,1.5469689134975412e-07,1.6018359530012822e-07,1.6114102646831598e-07,1.6177210932991901e-07,2.0921088873616708e-07,2.1642440008262428e-07,2.2462896095452106e-07,2.2804649597946049e-07,2.3671453844860186e-07,2.728021805051005e-07,2.8494677213141405e-07,2.821105944541034e-07,2.941583511676778e-07,3.155876705367966e-07,3.7763687482926895e-07,3.9930822770921864e-07,4.2571489252477066e-07,4.523917567598948e-07,4.817435738983248e-07,5.210478081747828e-07,5.571862581870687e-07,5.947010638948886e-07,6.435724490557494e-07,6.977618909937824e-07
battery,HU,1.6642024838331873e-07,1.668107055441218e-07,1.6698081728840768e-07,1.530664379671415e-07,1.3966514288010367e-07,1.514652796743639e-07,1.546100915057085e-07,1.6032612277700653e-07,1.6130017434674182e-07,1.6198915578838885e-07,2.0998057214481205e-07,2.171041613208968e-07,2.2513258022598013e-07,2.2881162361998162e-07,2.3766562527880748e-07,2.7385585119487886e-07,2.843709047572664e-07,2.8099302133079287e-07,2.9333273443393573e-07,3.144751553808601e-07,3.7576818461278907e-07,4.0049741154862255e-07,4.256407026868868e-07,4.523346877460664e-07,4.805797154840944e-07,5.183622212162166e-07,5.549634449640591e-07,5.931176634176014e-07,6.332971558177848e-07,6.877274556116315e-07
battery,IE,1.6647508159939325e-07,1.6683685276570925e-07,1.6700819581958966e-07,1.5309833771141036e-07,1.3970616979865212e-07,1.5146891583036374e-07,1.5477385204466693e-07,1.6020634013424253e-07,1.6106347624525098e-07,1.6144495091882114e-07,2.0782411979099794e-07,2.1505614113180047e-07,2.2275105914366095e-07,2.2593859716059085e-07,2.3391833341287e-07,2.684256438035244e-07,2.790815959170736e-07,2.759180779854564e-07,2.8643098196085736e-07,3.069150939428292e-07,3.6397207186019154e-07,3.88673581592062e-07,4.1525410661690403e-07,4.415292579904727e-07,4.700601292913294e-07,5.055170790969652e-07,5.384882464322475e-07,5.798337363067912e-07,6.271196824286304e-07,6.909938742998193e-07
battery,IT,1.6648042193857859e-07,1.668715567634532e-07,1.6703871167641698e-07,1.530907696454407e-07,1.396257997869547e-07,1.510642741979246e-07,1.5421209224567587e-07,1.5967140213165632e-07,1.6059824009377146e-07,1.6131605244955336e-07,2.0827599893001327e-07,2.1572734551483646e-07,2.2428613901514913e-07,2.2762324731873468e-07,2.3619587835120608e-07,2.740556616383062e-07,2.8537154784476726e-07,2.8241323529913337e-07,2.9341040348917054e-07,3.144788289085343e-07,3.763339467897537e-07,3.996620541376532e-07,4.273460475795851e-07,4.5499260276884825e-07,4.881189648817844e-07,5.223409340593318e-07,5.594927953816969e-07,5.965222630495874e-07,6.399250665316428e-07,6.938387237759336e-07
battery,LT,1.6564388860722234e-07,1.6605441829606128e-07,1.6623347812559033e-07,1.5241557114424133e-07,1.3913497754419347e-07,1.5121612336982977e-07,1.5439319831848068e-07,1.5987164401971966e-07,1.6070135515534928e-07,1.612431629274698e-07,2.0796405905064902e-07,2.1554430482617503e-07,2.237562468732402e-07,2.2703473692304313e-07,2.351825829874574e-07,2.7017696406406534e-07,2.8056567304750844e-07,2.7750252126755217e-07,2.8774418228685156e-07,3.080734610379385e-07,3.660216254765385e-07,3.8997196847501553e-07,4.168368516191112e-07,4.443430560491065e-07,4.735646703014893e-07,5.12156530021994e-07,5.485905216386143e-07,5.919422442652894e-07,6.369705802413929e-07,6.893648784970744e-07
battery,LU,1.6606823442880027e-07,1.6648874357433646e-07,1.6666952185841382e-07,1.5280488487280369e-07,1.394878602386395e-07,1.5181940473685853e-07,1.5501095035858135e-07,1.605481338532689e-07,1.6151962493809936e-07,1.62382419163179e-07,2.09923953494333e-07,2.1689883083279915e-07,2.2474501099915835e-07,2.277906366644614e-07,2.3626906345710578e-07,2.724477080045077e-07,2.828138820876923e-07,2.796167198554753e-07,2.8952123230282686e-07,3.10397327887277e-07,3.7195438530757383e-07,3.9824851394939816e-07,4.2463165482552284e-07,4.514371475655034e-07,4.813327485094543e-07,5.188653920898077e-07,5.53356890999551e-07,5.900338622369401e-07,6.325356693834544e-07,6.842090053202369e-07
battery,LV,1.6534919776807882e-07,1.6575181723401912e-07,1.659244248830084e-07,1.5214219006574939e-07,1.388913239088945e-07,1.5113606645513204e-07,1.543061588510353e-07,1.5974577220691355e-07,1.6061547051689261e-07,1.6121066171097094e-07,2.0790394972863614e-07,2.1545333749102796e-07,2.2366928429884848e-07,2.2696442539146366e-07,2.3517913191704286e-07,2.706409566606958e-07,2.8047549689338016e-07,2.774081645987994e-07,2.878612653294842e-07,3.0837860675740377e-07,3.6618557167850685e-07,3.893392816331868e-07,4.1624746279924223e-07,4.437979462511207e-07,4.7313764251903033e-07,5.120697922132963e-07,5.485496945297128e-07,5.920814537382188e-07,6.370105011617508e-07,6.89506851357196e-07
battery,NL,1.666989701122217e-07,1.6717903560115044e-07,1.673494134450464e-07,1.5339096977005152e-07,1.39940595195384e-07,1.51439720485286e-07,1.5461846072966585e-07,1.601073304590321e-07,1.6100063679389394e-07,1.615879599543402e-07,2.0861351901386976e-07,2.159700912439377e-07,2.239976651271976e-07,2.2778122394586285e-07,2.3586780035894847e-07,2.72276696963582e-07,2.8224374631409676e-07,2.792380295381382e-07,2.913819762692106e-07,3.1226773009097113e-07,3.7153242843312195e-07,3.9909561543025054e-07,4.257642763242336e-07,4.529355074989294e-07,4.82876661221717e-07,5.218283996286108e-07,5.609760008467545e-07,5.974525099230619e-07,6.416839583569871e-07,6.990150928628384e-07
battery,NO,1.6644671426759415e-07,1.6691974441534148e-07,1.6708988022466586e-07,1.531547636668167e-07,1.397324459997675e-07,1.512204038567117e-07,1.5442750907847096e-07,1.5976536184912542e-07,1.6055151862460577e-07,1.610647168269091e-07,2.07280140512449e-07,2.1511636552119605e-07,2.230882153309921e-07,2.264963628202526e-07,2.3406812579680686e-07,2.6936110122128185e-07,2.785149602683741e-07,2.755712624606964e-07,2.8660833954983673e-07,3.068721333495814e-07,3.6376180488126436e-07,3.8884869201674543e-07,4.153319502311748e-07,4.41680203445709e-07,4.7191356581518944e-07,5.079641962817038e-07,5.449303983780455e-07,5.854697697148743e-07,6.305242735424581e-07,6.886311572805641e-07
battery,PL,1.6643559110109224e-07,1.668092129590626e-07,1.6697453316557895e-07,1.53037544383996e-07,1.3960223039148626e-07,1.5125845634859498e-07,1.5440806606558787e-07,1.6016719364356483e-07,1.6117132135802823e-07,1.6205982419669599e-07,2.0980720080397864e-07,2.1709609374093362e-07,2.25145704633168e-07,2.2884946026361665e-07,2.376834898112785e-07,2.7430472851188193e-07,2.849821009397625e-07,2.818611334945793e-07,2.930069567321137e-07,3.1401949895432394e-07,3.7566570224719243e-07,4.0041787329975347e-07,4.273058006062828e-07,4.550702978598168e-07,4.855783023715959e-07,5.252845084484393e-07,5.642110097744618e-07,6.045139311296069e-07,6.498121398907019e-07,7.049156909772813e-07
battery,PT,1.6654537331095566e-07,1.6690486318853477e-07,1.670760034752819e-07,1.5315672651130497e-07,1.3975493691230152e-07,1.5159580214468662e-07,1.5472165477725566e-07,1.6007460315659513e-07,1.6091616859457188e-07,1.6157109863795588e-07,2.0817256030196347e-07,2.156275913637233e-07,2.2404193754041025e-07,2.2799006156865742e-07,2.3641152593711332e-07,2.725041288189869e-07,2.8308062161083135e-07,2.798077402567736e-07,2.9026207607887313e-07,3.119296611508583e-07,3.728473510010678e-07,3.986243341449187e-07,4.261248933211204e-07,4.535605085647139e-07,4.883399334264045e-07,5.260081943550799e-07,5.581548916943924e-07,6.01520908943585e-07,6.465902563007596e-07,6.954838086308646e-07
battery,RO,1.6631020785418656e-07,1.6667560889820714e-07,1.668459867789832e-07,1.5294654271798417e-07,1.3956429961278494e-07,1.5142496917074526e-07,1.545461607320065e-07,1.6011149081872646e-07,1.610660160890827e-07,1.6207809686767406e-07,2.100207843002662e-07,2.1771455163812514e-07,2.2517357032457382e-07,2.2783764599877505e-07,2.3629838907082995e-07,2.722380154114407e-07,2.83841542516587e-07,2.806131816322952e-07,2.909969956032724e-07,3.125030876591246e-07,3.7279403006103e-07,3.9824272331163944e-07,4.224400478004093e-07,4.5074257546992916e-07,4.768942377018323e-07,5.184921319961e-07,5.550801907208117e-07,5.918301545901648e-07,6.29602844023968e-07,6.866523885037814e-07
battery,SE,1.665367559301391e-07,1.6695075098117958e-07,1.671214717848571e-07,1.5318600585801015e-07,1.397600099389605e-07,1.513023115070241e-07,1.544784916165062e-07,1.5980681322053803e-07,1.606560000868712e-07,1.6114567366879396e-07,2.07692731492212e-07,2.152740265746316e-07,2.230696473848988e-07,2.2655219841866632e-07,2.3407252905916495e-07,2.694492543221837e-07,2.7864635578737486e-07,2.7568828124823657e-07,2.867409249974478e-07,3.070307485188289e-07,3.640136533035862e-07,3.886067663468311e-07,4.148615785584215e-07,4.4089097684255973e-07,4.712371443690762e-07,5.078974327759604e-07,5.450582483418266e-07,5.854061401956521e-07,6.304823964282595e-07,6.888116600713094e-07
battery,SI,1.660373521152695e-07,1.664791709672921e-07,1.6665812788147322e-07,1.5278956539524584e-07,1.394183657947862e-07,1.5151722628201397e-07,1.547039862027786e-07,1.6022871242909936e-07,1.6117042933932238e-07,1.620076306101501e-07,2.0924938098274594e-07,2.1660309134502567e-07,2.2476047839853024e-07,2.2814124064544332e-07,2.3677889025808194e-07,2.731074127411133e-07,2.8571389663095403e-07,2.829734743700403e-07,2.946987864626558e-07,3.1621401382241605e-07,3.7885412450649125e-07,4.0328714652193406e-07,4.2813969610100405e-07,4.563024979713105e-07,4.856174595503372e-07,5.242578012602336e-07,5.615121867121496e-07,6.02948777577648e-07,6.438736582082448e-07,6.996437327340174e-07
battery,SK,1.661832468000895e-07,1.665592906419804e-07,1.6673681166247923e-07,1.5284865194033333e-07,1.3947951131913404e-07,1.513254804359791e-07,1.5450927869276117e-07,1.603390961261027e-07,1.613137426631611e-07,1.6211749531657114e-07,2.1001410463667086e-07,2.1724745935524198e-07,2.2541341319059882e-07,2.2916086767063444e-07,2.3801082679163874e-07,2.743446547249616e-07,2.851858056798006e-07,2.818417864727907e-07,2.937696922813362e-07,3.1493656765402196e-07,3.7680869220245005e-07,4.01550103121478e-07,4.2846726970601484e-07,4.5647141012725737e-07,4.867490664410984e-07,5.272722034941713e-07,5.662071086895786e-07,6.064307715395249e-07,6.513305903773326e-07,7.070865301326061e-07
battery,UK,1.6622112128761362e-07,1.6660238485907502e-07,1.6676993526781933e-07,1.528487967796385e-07,1.394147188899771e-07,1.5096346295402754e-07,1.5430440585513497e-07,1.5976684226574408e-07,1.606556503587179e-07,1.6110164193702528e-07,2.0716309120286084e-07,2.1463798602416238e-07,2.224203811512117e-07,2.2515944663702263e-07,2.3331485512948804e-07,2.685089807246213e-07,2.7803114921797233e-07,2.750144423237137e-07,2.8554455833817453e-07,3.0597749479133927e-07,3.6273657579706964e-07,3.874752171117213e-07,4.140492183726501e-07,4.4020761002820917e-07,4.68798630583333e-07,5.036820559979523e-07,5.367937595614584e-07,5.781251612631264e-07,6.261916681056101e-07,6.882023185625369e-07
biomass_boiler,AT,60.23840032163897,60.23840032196384,60.238400322389126,60.05767435841772,56.31084092299872,51.297041545859685,43.89475364459804,32.10934216224573,35.14879707663745,26.286992874732984,16.435636640375257,14.764233528810074,10.79342754455277,9.292115248546162,9.256896803607432,8.670573288759469,8.637459564930076,7.109905009442349,7.082542623796772,7.0551802380725075,7.0278178521195045,7.132427981280028,7.237038113826989,7.341648246976621,7.44625837847382,7.550868509136477,7.6554786383087565,7.760088744631364,0.8229853915123579,0.8339321119704748
biomass_boiler,BE,20.983868319152457,20.98386831942444,20.98386831974713,20.92091296575501,20.857957611995204,20.795002259077336,20.04995037994275,14.082581333889074,13.945783156985215,12.443701976086603,7.204261297433047,7.177263103859651,4.083125406781966,2.8035977359913247,2.7929717038081567,1.9814251957254327,1.4770385141184727e-07,1.4952695371944422e-07,1.5102848037166688e-07,1.5231200006825799e-07,1.1467406662946588e-07,1.1775746470201303e-07,1.2076467892577128e-07,1.2388372440544053e-07,1.2706547820704804e-07,1.2992511280024245e-07,1.3303853570461604e-07,1.2993723650212835e-07,9.908713296303797e-08,1.2558669755020646e-07
biomass_boiler,BG,38.67014501710044,38.67014501719349,38.67014501729264,38.55412767269699,35.15067422873771,35.04457931808109,35.03857768257144,34.46982456180137,32.46321369197264,31.75881290762151,31.031262620783345,30.914971966875612,27.962163494812287,26.995950402099485,26.89363188477227,25.66679479665073,24.922728424692888,22.172251482242842,13.967027139064228,11.67005549768229,11.624795054006228,11.797831882998803,11.970868714954676,12.143905537576895,12.316942376025686,12.489979206851407,12.6630160378153,12.836052869469615,13.009089701760558,13.182126536518261
biomass_boiler,CH,81.61781889560513,81.61781889581869,81.61781889607371,81.37295085605885,76.29631583259831,69.50305161144574,59.47359215769394,59.29604842025256,59.697316371884504,47.77149477935006,34.50491584017007,32.19445428552687,26.768500848419524,24.68849762804963,24.59492468798104,23.75465207570191,23.663930850910145,21.548371640803477,21.465442981684653,21.38251432249635,21.29958566321478,21.616633213251674,21.93368076328707,22.250728313436955,22.56777586360803,22.884823413762167,23.20187096345817,6.395630860840514,1.1150739051814595,1.1299057578413296
biomass_boiler,CZ,72.47541235290885,72.48392859103008,72.48392859123655,72.2664638540941,68.83566171822953,64.34926476507344,62.06544191728986,56.40189066578752,55.42189365772271,50.2765354307507,49.87460419637726,41.94775494043672,31.62063508180373,28.44720366928673,20.394768283304522,20.317175102179366,18.68968199015095,16.23283792623383,10.224498786739861,4.816619619193878,4.797939132583557,4.869357180274846,4.940775228845002,5.012193277826311,5.083611326877152,5.155029376019105,5.226447425324747,5.297865474923381,5.369283525378976,5.440701578184518
biomass_boiler,DE,304.48983267450933,304.4898326747778,304.48983268693866,303.5763087703028,293.0073056554798,289.4216505309787,266.33285547570495,211.63376762286836,196.89296640440128,198.21642339223862,165.25981960073577,155.8027743471293,120.1616226027765,119.7079124744803,119.25420234609592,118.80049221833156,118.34678208998996,65.84383455027083,33.88932928319519,26.16019827077203,12.576645026161433,12.763850286930829,12.95105554789954,13.138260809965836,13.325466071352167,13.512671332089337,13.699876577591304,13.887081799950689,14.074287050534778,14.261492316320634
biomass_boiler,DK,34.64069321311497,36.06046489766985,36.0604648978872,35.95227706007596,33.88912092752767,29.445174486150428,25.77556688494564,19.008479248325287,18.894904427018123,18.778073490910554,18.657986439792335,17.849675086355553,16.647615936272643,15.181495065973113,12.172996075530198,8.901685665486923,7.463685459212451,5.746835550692307,5.724718920607742,5.035859147243228,5.016328373569182,5.090997183331036,5.165665984743405,5.2403347905191495,5.315003596339522,5.389672402385172,5.464341208638128,5.539010015382097,5.613678823037254,5.688347633317161
biomass_boiler,EE,21.75563020386824,21.75563020420937,21.755630204660207,21.6903594272833,21.62508865056316,21.559817875138723,21.32627948352824,19.812306794219186,19.51677787804933,18.964402680161186,19.091024734104995,19.019480506225204,18.9479362780529,17.980707849375975,15.678411365825427,11.559351633460464,10.702613403719099,9.45987318874993,9.4234669769172,9.30454393923197,1.9071689662415525,1.9355574671969364,1.963945964337466,1.9923344630960533,2.0207229585364304,2.049111458632091,2.0774999481323606,1.2575334169825807,1.2744856387739452,1.2914378657259291
biomass_boiler,EL,37.36543774586725,37.36543774596959,37.36543774608425,37.253334756454315,37.14123176689344,37.02912877734968,37.283150132369,37.53717148735973,37.7911928424381,38.04521419756671,34.86895685243137,29.949725780278154,14.708723492473975,3.063216344028241,3.0516063170395675,3.0399962903036375,3.0283862648626907,3.01677623906582,6.07498217517128e-08,6.752165740337727e-08,7.156757800060862e-08,7.655632417115928e-08,8.072443593452735e-08,8.479367918391904e-08,8.91964388117143e-08,9.404510704543974e-08,9.955521947961637e-08,1.062568679847343e-07,1.1529928527973327e-07,1.308365501921763e-07
biomass_boiler,ES,48.33849791924395,48.338497919367015,48.338497919494195,48.19347378865841,46.20950965040739,44.236646418990354,42.69414496077384,37.65705379578524,33.2523619029363,20.772147939483414,19.01456480553378,13.26058155134236,11.368978590729878,6.435535706729481,2.799992199060377,2.7893394524425044,2.7786867058371074,2.7680339592528496,2.757381212689919,0.36633590543571404,0.36491513039993173,0.3703469474281558,0.37577876449812636,0.3812105816275457,0.38664239882519263,0.39207421614537796,0.39750603366043646,0.40293785149185607,0.4083696699586554,0.4138014903404473
biomass_boiler,FI,32.27519249475033,33.37573864375226,33.37573864407021,33.27560546483643,29.147844342105596,26.26158750265812,23.52717985690457,21.726395508905902,16.045233253242113,13.711794385903461,9.936771805459836,9.899533434159997,7.959500139250848,6.079995391734641,5.939220677574709,5.727335423165357,4.535929925781313,3.3474378385533767,3.3345552633261915,2.148248265189177,2.139916626431246,2.171769609097239,2.2036225921064547,2.235475574981893,2.267328557801053,2.2991815405781115,2.331034523659783,2.362887507433753,2.3947404924314695,2.42659348072014
biomass_boiler,FR,203.18952184452382,203.18952184465968,203.18952184481228,202.57991697291828,191.27748564804648,177.30667804553153,167.7893249506642,143.61685679480723,133.14802863689656,119.76389197253567,83.14818931473704,58.73069282568389,41.90924412576545,25.633217172983,25.536063610399726,20.233878641484637,8.194096853809834,8.162682865283658,5.692882737923523,5.640508713738475e-08,6.198169762539146e-08,6.724522452695079e-08,7.219940017854717e-08,7.704004468212224e-08,8.189147112455708e-08,8.726959330369857e-08,9.332539038809235e-08,1.0051393534966289e-07,1.1046665658446845e-07,1.272195529359589e-07
biomass_boiler,HR,38.43356947230981,39.188070722875004,39.18807072299119,39.07049950880911,37.720780945069905,35.472502139805435,34.47898952993077,32.50551785319296,31.471779446988858,29.435220688405938,26.895348296686553,8.121799928485892,5.480406920407481,4.097657287381304,4.082126579994194,1.9212946047879647,1.123182501824966,1.118876518950226,1.1145705360965956,1.1102645532617486,1.1059585703379928,1.1224209275661317,1.1388832866744023,1.1553456531617279,1.1718080142839882,1.1882703755646113,1.204732737085761,1.2211950990501783,1.237657461846176,1.25411982680929
biomass_boiler,HU,48.39129881644734,48.391298816585085,48.391298816741774,48.24611627382627,48.10093373101561,47.95575118827238,47.413814219904815,40.79347982051587,41.06953724907125,26.750262315542535,23.41429656511828,14.309712250404102,2.3882543600996335,5.292544044194231e-08,5.8850974594635294e-08,6.284421660191828e-08,6.63468757528351e-08,6.94389140542889e-08,7.221291787360881e-08,7.478966169630751e-08,7.713091929771039e-08,8.110369983886137e-08,8.49643383336004e-08,8.890275139167224e-08,9.302180874952474e-08,9.762424218199845e-08,1.0278799736253825e-07,1.0921221986855763e-07,1.1808307446829477e-07,1.3232554496335188e-07
biomass_boiler,IE,1.3414850942861931,1.3414850944666372,1.3414850946673504,1.337460399906106,1.3334357052007257,1.329411010569564,1.3385308254311412,1.3476506403059478,1.3567704551884991,1.1068202357319763,1.1142102845875816,0.9847449222967889,0.6862149714502441,0.441976441368838,0.22747379370294504,0.2266083577499504,4.4903966264071176e-08,5.0240240645553656e-08,5.377806545966613e-08,5.678145100275497e-08,5.9191770835034174e-08,6.259846241544961e-08,6.601381368300832e-08,6.953542599179334e-08,7.324381720775246e-08,7.732010004301833e-08,8.200279826374877e-08,8.7734924400702e-08,9.552025071036919e-08,1.0918767994454517e-07
biomass_boiler,IT,235.8410217077995,235.841021707954,235.84102170813483,235.13345650273257,234.42589129774225,219.52715055231678,188.54738660895916,117.20589167113933,89.71539894437522,90.31843963775795,90.92148033484796,90.5807491648579,21.52192255518681,20.99283711824704,20.913271260057773,13.441417531309497,13.390083508083913,7.561425848373982,7.53232578870696,0.1167767165284749,0.11632381724992541,0.11805531541344105,0.11978681359097058,0.12151831189553597,0.12324981027841866,0.12498130877812044,0.12671280750750635,0.12844430642508312,0.1301758066165539,0.13190730987967916
biomass_boiler,LT,18.98532413129861,18.985324131861844,18.985324132328756,18.928364768017,18.871405403702703,18.744865430905758,18.87345598332489,19.002046535776305,18.119375148845734,18.00735772628379,18.127589758437086,17.385148354593646,17.229106895933125,12.932487874221769,12.731951456033688,11.07158646760599,8.904191486931966,7.8860973422950895,5.5007496332876515,2.9596770509209382,2.948198416770353,2.9920828345372454,3.035967185130549,3.0798515532360375,3.1237359323315474,3.1676203116261634,3.211504691231366,3.255389071338517,3.2992734524334395,3.343157836341484
biomass_boiler,LU,2.6233129167783926,2.6233129169268383,2.6233129170889673,2.6154425097764302,2.607572102499401,2.5997016952721608,2.617535756738899,2.6353698183075926,2.6532038800214357,2.6127320486028567,2.630176812218294,2.620320141088739,2.5138162969107363,2.479699058701393,2.304601483005036,2.2958334828976508,2.180981544355387,2.172620242810949,2.0755855242726557,2.067566803243056,7.162853514217793e-08,7.88975422402151e-08,8.502168050282833e-08,9.064002236355824e-08,9.61075146523881e-08,1.019130868409335e-07,1.0839054855079091e-07,1.160911248318091e-07,1.2657981585866136e-07,1.4381642689883982e-07
biomass_boiler,LV,18.423735744305258,18.423735744674122,18.42373574263215,18.36846124646269,17.724199001515768,17.670702238660503,17.791923987479493,17.784576333471584,17.904928027900514,16.274421202479033,16.38308271550849,14.792758794104383,12.679889093812744,10.882312678263842,9.669635960121962,7.017415626338884,6.587094939131925,5.040760892434349,3.780102617191291,2.3073560973285328,0.5523908884894027,0.560613320839553,0.5688357327716864,0.5770581549028544,0.5852805766105003,0.5935029987133585,0.6017254212536348,0.6099478444081364,0.6181702686450103,0.6263926958855139
biomass_boiler,NL,21.854906423339443,21.85490642364851,21.854906424020836,21.78933780014212,21.088493830209647,19.883226990123717,18.792912069755776,17.334182504336535,17.293252609319968,16.686705143230125,16.637758517460625,13.295141215397075,12.722538424373477,12.674500253974974,7.89047789965218,7.860458079680953,7.830438259761524,4.559756018078781,3.914964991670346,1.9111249166341748,1.9037129230837353,1.9320499766574404,1.9603870316975602,1.9887240877269763,2.01706114237658,2.0453981972327835,2.0737352526802937,2.102072309102036,2.130409368196928,2.158746431712411
biomass_boiler,NO,15.104005713414722,15.104005713532189,15.104005713647314,15.05869099786326,15.01337628208667,13.478608631294824,13.571072444123295,13.663536257013172,12.681613210589523,12.766855308999451,10.770560035615208,10.730197015993333,10.689833996390131,8.799391702666645,6.795336142907267,6.2832811904252175,6.259284755526543,3.4812451772074695,2.7545111182649378,1.9464282910966426,1.938879380798865,1.9677399165531517,1.9966004469742182,2.025460919258691,2.05432143219046,2.0831819451970968,2.1120424583852424,2.140902971919149,2.169763486223024,2.1986240030878403
biomass_boiler,PL,173.97121481540972,173.9712148155023,173.97121481560066,173.44927008572665,172.92732535638558,172.40538062657183,173.58808866811728,169.72686678125547,170.87544156593103,171.78182123542157,172.8823745806842,158.86676519816604,158.26916737260413,112.44812193971413,109.42038783594616,105.77425694832829,105.37029522335384,102.95621229136972,10.74616916419183,10.704652881726911,10.663136599296308,10.821858998711553,10.980581397944807,11.139303797488516,11.298026197190623,11.456748597155698,11.61547099749645,11.774193398493955,11.932915800720242,12.091638206626921
biomass_boiler,PT,7.936096478254381,7.936096478371759,7.936096478489016,7.912286771144202,7.625833909013366,7.340966513023201,5.637208710339191,5.190093180792452,3.8167978209857303,3.5734175801076695,3.326444729765824,2.1886562493069035,1.030917259142894,0.7105696268840954,0.7078764664183914,0.7051833059633095,0.5601280556822641,0.1918332533717677,0.11104119108847527,0.11061219966421354,0.11018320815165078,0.11182330209168437,0.11346339607435621,0.11510349012390522,0.11674358424424944,0.11838367848725734,0.12002377292271384,0.12166386768447496,0.12330396310280486,0.12494406051325944
biomass_boiler,RO,48.267665163407,48.2676651637205,48.26766516412758,48.122853544625215,43.185639645238254,42.03185791318957,42.3201981994606,36.66955382287433,25.0618330185223,25.029959228287204,23.50673606577327,23.418643817690825,22.28886044105224,22.204701444160253,19.472061525567778,19.39797884167597,10.700669562834534,3.406393812651906,3.393284350712722,8.17581330784378e-08,9.1197448440615e-08,1.0251466541146864e-07,1.0894788721301898e-07,1.1379173596938047e-07,1.1823641325565256e-07,1.2194392181215253e-07,1.2667914295419612e-07,1.3337054791685563e-07,1.4437123939840693e-07,1.6163313741511028e-07
biomass_boiler,SE,22.50098774567333,22.500987746099074,22.500987747870294,22.433480762346,20.63999123414241,20.57769376591218,20.718857596580456,20.198458574325667,18.077271828706923,18.198781967669966,18.320292106591435,7.255890840181472,7.228596871326798,7.201302902490253,7.064416530188302,7.037539512596983,7.010662495021323,5.569131931808243,5.547699192169068,5.447482472432509,5.426355280559295,5.507127398331101,5.587899515879453,5.668671634948494,5.749443753209947,5.830215871460612,5.910987990007444,5.99176010930511,6.0725322299559625,6.153304353948701
biomass_boiler,SI,15.306718140807295,15.811333547192405,15.811333547311923,15.763896721628008,15.71645989595835,12.427976991569029,12.513233427891263,8.545284710726872,8.603112317934517,8.660939925204005,8.718767532509531,7.408862344569692,6.555048507207097,5.693102715778845,5.671525041784949,5.366841601806211,5.346345135095805,5.325848668417731,5.30535220177086,5.2848557351627115,5.26435926849615,5.342720052860306,5.421080835315899,5.499441618810528,5.577802402494905,5.656163186413505,5.734523970673158,5.812884755536274,5.891245541528064,5.969606330775625
biomass_boiler,SK,19.076620353240454,19.07662035357113,19.076620354596862,19.01938708483821,18.962153817910508,18.904920550001087,19.03460908920047,19.104192266097552,19.23347405947616,19.15025717018945,19.278120145864566,18.394670613907245,18.325476688717945,18.25628276352721,17.959120901766322,17.075356812957626,17.010144437812603,16.94493206275858,16.13738403627477,3.6209141872933492,0.23514166039119608,0.23864178054692323,0.24214190040988515,0.24564202026024595,0.2491421397155373,0.2526422585670474,0.25614237416535796,0.25964249237684717,0.26314261405427575,0.2666427397852815
biomass_boiler,UK,73.55344817440664,73.55344817458358,73.55344817478523,73.33277468781192,73.11210120103671,71.00098950634961,70.19896084546362,69.16562000985955,54.277254296729545,50.94190328219514,45.665975302820776,42.56702531167985,37.36249247577193,22.754138015211094,10.917308387807333,10.875772800738288,10.076156566409743,5.532780189839072,2.1667173083724003,5.1085988633926824e-08,5.764670548499616e-08,6.285676913667676e-08,6.770079156621694e-08,7.256751743785343e-08,7.753341982668613e-08,8.249444910258515e-08,8.82101373410664e-08,9.502219153185773e-08,1.040227395279023e-07,1.194049154687886e-07
biomass_plant,AT,13.10526943564123,12.211471998260278,13.105269504111163,9.44179956463298,9.364211666825849,9.286623769596632,9.204571057701171,10.368271230208975,10.285305059081145,10.202339078109686,10.119373036032703,10.071155120538606,9.32257509726257,9.275446193060477,9.228317281589664,9.181188392493858,8.955442937528986,8.795526314282592,8.409226238135922,8.298706834850993,4.833070427044885,1.3469944498296191,1.1826521601374071,0.6855415908521318,0.680177964825678,0.6114760193169981,0.6067828976215967,0.6020883963457306,0.257796650502462,0.29957689042983743
biomass_plant,BE,27.894047212925976,27.894047163446995,27.89404727001852,20.27590252421281,20.109285487760882,19.94266845203687,19.766463398006742,19.590258347438223,20.517690053459557,20.399345418159708,21.730965581233434,21.62741947677237,20.019872536372635,19.918665019971417,19.817457494401662,19.716249998007374,19.589278387617625,19.462306799747523,19.335335213447443,16.83559534291628,16.724308283463916,16.234699578732737,15.70148962428257,15.316601409303852,12.492860126829145,11.254491071926026,0.7340937917435518,0.5949246819212772,0.625941065059655,0.6591012634341855
biomass_plant,BG,0.5350044428340924,0.5350044425061691,0.685240551874602,0.5306438830890794,0.5262833224172667,0.5219227621860152,0.5173112724570372,0.5126997830196981,0.5080882932760318,0.5034768054892186,0.4988653168218597,0.4962636859003653,0.493662053655558,0.4910604647637041,0.488458824595662,0.6251974498497959,0.5986522227479831,0.6174121813831493,0.6137682233331099,0.5249100332741773,0.6064800065386015,0.5176044140233478,0.5136881349474791,0.509771855301767,5.30974021944958e-08,6.294990444809079e-08,7.247299311004217e-08,8.169071439493126e-08,9.251494564900057e-08,1.1057904205089467e-07
biomass_plant,CH,2.818656433997509,2.4659143755354815,2.8186564897579216,2.14380126801916,2.126184601363236,2.1085679356321285,2.089937514618527,2.2311734933097225,2.2124258405938177,2.3164849956891955,2.2976472402640655,2.286699138487164,2.1167308518202916,2.1060300318366694,2.095329202958015,2.0846283824569762,2.071203486963197,2.0577785931508927,2.04435370142637,2.0309288142458435,2.017503921641865,0.9118392108598693,0.9048149683527041,0.7420796637881886,0.7364039869365183,6.952620607314515e-08,8.47525470218529e-08,9.877415150725191e-08,1.1446566795731633e-07,1.3874806528428826e-07
biomass_plant,CZ,11.611054993315527,11.610228434030988,11.726953178551971,9.046204554273125,8.971867453938073,8.89753035485795,8.81891550898403,9.596696014975187,9.65358403465361,9.774878790733517,9.695388873013444,9.046445612355855,8.931975387361192,8.886821101545902,8.841666805679804,8.796512525266348,8.739863453794209,8.431594923880573,8.376587416259934,8.321579909079414,5.470032352867652,5.294415037265654,5.253630905365187,1.2784736676201902,0.9164246858468057,0.7785580412544871,0.7147807265354237,0.7091190994305809,0.7034574733919696,0.6977958554169303
biomass_plant,DE,163.36065243482415,163.3606524210494,163.36065246116027,117.2169505320625,115.92742569726407,111.7570751274493,107.76923114887329,120.69484492207164,119.15100417689511,113.7805274701559,110.69410355071962,109.5893211853636,106.17822775583502,98.25854225349399,91.98479568504169,96.42039928650348,90.67960762285063,81.3259051608202,71.43381648126173,52.65117531830748,45.55149255832766,38.10421754546341,33.33530002962539,33.35622255582305,27.617450034222237,19.678918689343647,12.3895032332038,6.979713213599452,6.592144572428565,2.4688387054829266
biomass_plant,DK,57.05613173649944,56.76679961709227,56.76679966604775,49.44539640886458,48.77593767531988,47.625451341650546,47.204652827012254,49.612755372524184,47.149553079365006,48.50025453193694,49.02127576950376,47.97357698138442,46.73050064104766,45.13889563270799,44.198998332519565,43.97327459169074,43.690089062395046,41.11482344019984,34.42003402670027,34.194003998111576,33.967973969844834,33.70831086218247,33.315875999459315,32.79376151692887,28.27700193648009,28.054024549424696,27.833560473822413,26.19013081267634,25.981027779809494,25.771924804777306
biomass_plant,EE,5.481922606120774,5.481922623782852,5.481922688154426,5.057036149608537,5.01548000350193,4.9739238582811085,4.929976354379818,5.453508718128024,5.447770371802649,5.464381774943326,5.4199450720371525,5.39411854054878,4.993179495304606,4.9679372064334375,4.942694856876552,4.91745259073642,4.8857844489646745,4.854116310394725,4.4176256685185855,4.388615935119321,4.359606202231261,4.326279842755409,4.292953485177094,3.7473008444241835,2.5077019575861406,2.487927557949123,1.3247269294139143,1.0116765710894577,1.0035993253548086,0.995522160048633
biomass_plant,EL,2.7820232422723343,3.4492785869945672,3.44927868410539,2.7593481633677897,2.7366732463330603,2.7139983298065906,2.6900185796880622,2.6660388293327624,2.642059078893849,2.618079329113807,2.5940995787710435,2.580571084473428,2.567042591059435,2.553514096043755,2.539985601747474,2.526457107350363,1.3754759351458241,1.7596247070492677,1.53151868312682,1.4959935659815977,1.6438381087223966,1.475172549396365,4.680514214177141e-08,5.459713716979905e-08,6.038779498825557e-08,6.590702438308051e-08,7.286236990782905e-08,7.989212333536889e-08,8.920981847347521e-08,1.0620890849955134e-07
biomass_plant,ES,40.295750172629866,33.95447535888472,42.03188036055567,32.27482185524018,32.00960381307625,31.744385771217708,31.463905691386596,31.18342561147515,30.90294553146677,30.62246545153841,30.34198537143836,30.18374880774418,30.025512244234793,29.751876486421324,29.594251307210744,29.436626126929433,28.458838079768654,25.63149840274419,27.05580652131653,26.66984335417552,26.76384925150889,24.677151514711028,24.606934962787125,24.425002731016587,21.015492733454554,18.94957798379933,18.252011978040404,13.485528656718293,10.931562143620019,10.845657114423258
biomass_plant,FI,100.93677894315458,92.86038247866051,95.37081634440298,81.4219963989777,80.75291191572556,80.083827433129,79.37624031858009,86.74333258807158,82.30561334210509,81.59738175265788,80.88915017549986,79.16784012740698,78.76963185578292,73.21060750399606,70.28688398794145,69.87633001604472,68.34971454309202,55.68226583367202,52.621866184573506,45.09265154751134,44.79457901705005,44.452153543872406,44.109728071330395,40.15662211947489,32.77440559830467,22.47780087916523,22.301157858856715,18.720743336274044,9.004255182262566,9.64338690275932
biomass_plant,FR,43.452525406297525,43.45252540659176,47.28225233220432,43.098365002274754,42.74420459617535,41.60716005976984,41.23953664232644,40.871913228680775,39.234069113307285,38.87797443239201,40.86743841346898,40.66290705432262,40.45837569485457,40.25384433519492,39.37507338638519,39.17398535988985,38.59974765333699,37.36294299458121,35.89156385495126,34.557459853344355,34.13227073089378,33.87135175807038,29.88790598031145,30.131010416615226,27.99818111008543,25.828707636191663,25.508045732890288,23.916647385270945,19.491396534149278,15.941394425964694
biomass_plant,HR,1.2698151735318175,1.2698151708316292,1.2698151843990635,1.0523938385324987,1.044094120062456,1.03579440472955,1.0270002555090523,1.0182061070241066,1.0094119596077311,1.0006178121107077,0.9918236619625195,1.0005247999155433,0.9954922362418757,0.9904596721700111,0.9854271091591597,0.9803945444963035,0.9740808571157623,0.9677671704834219,0.9614534842424483,0.8545987692496352,0.8489496821343884,0.8894671586980225,0.8359703614504698,0.8760662434644481,0.8693657872968833,0.8626653395003251,0.8560423033051261,0.7494875894192689,0.7436437389414253,0.737800518696763
biomass_plant,HU,13.401861162545082,13.4018611627142,16.171583119913983,13.292629110447214,13.183397056413241,13.074165003503404,12.958647165084074,12.843129326509576,12.727611487990186,12.612093651030545,12.496575813727157,12.431404891077214,12.36623396817482,13.058428640301408,12.992078247085713,12.925727862192542,12.84248687433625,12.759245887354938,10.65189234124928,6.56532921454345,6.422054488190969,6.372962050232163,6.323869612941013,5.62095125317872,2.241440165246724,1.9836179188974987,1.7678909566084697,1.6971583263511474,0.04220748154435509,0.04186779628591715
biomass_plant,IE,1.56140592433649,1.7337472295696152,1.733747267138012,1.4651077509657973,1.4530682426251254,1.441028732835297,1.428296407927066,1.415564082991833,1.4028317582639365,1.390099433454268,1.377367108311207,0.8838456039849987,0.6323810906913443,0.6677783365801898,0.6643853300890464,0.6609923227595096,0.43833639436130656,0.4354952352733372,0.43265407658071053,0.3393259904296837,0.14981466447614383,0.14866943165798704,0.1475242003674484,5.571266835544714e-08,6.653461484166289e-08,7.57235865084608e-08,8.432521897397454e-08,9.38255884600016e-08,1.0627815462311595e-07,1.2863260103745632e-07
biomass_plant,IT,60.17957287042391,60.179572874539566,35.389047928740005,25.523970461571285,25.314227475982094,25.104484491665925,24.88267179511665,24.660859099948524,24.439046403868694,24.21723370891016,25.45647816977948,23.87028243460457,25.201671499160824,25.07426816020753,24.01330231346941,23.8906666680471,22.352591920664462,17.429995775145976,13.445167669821782,13.356875730664509,10.322229153533273,10.814874325407079,10.164415647627798,6.797243452683992,4.3417150611309765,3.623194423290156,3.595377604444407,2.4333362913208334,2.414363194721238,2.3953902461538035
biomass_plant,LT,1.295106993747582,1.295106999311549,1.29510701331219,1.1355779026085426,1.1262463024813314,1.1169147030157769,1.1070461143966344,1.2470058868021168,1.2370274341933827,1.2270489910868476,1.2170705511065725,1.126906886665788,1.1212386283167048,1.1155703729977875,1.1099021095962367,1.1042338577776911,1.0971226493749144,1.0900114391513411,1.0829002315748648,1.075789025648626,1.0686778205710294,1.0605084736123387,1.0523391267526676,1.0441697806157093,1.036000435222002,1.0278310901847472,1.019753827212184,0.7563937025329349,0.7503546379442152,0.7443155804014908
biomass_plant,LU,1.4718054836079862e-08,1.6884365109618234e-08,2.051339720968799e-08,2.0415947419669176e-08,2.1541599996697197e-08,2.2994505312394495e-08,2.4480925591271605e-08,2.6000702540040827e-08,2.757768528588753e-08,2.9293968512738114e-08,3.127792891397156e-08,3.34916146190879e-08,3.568383204201652e-08,3.8028293579265344e-08,4.048671796668996e-08,4.30252519331994e-08,4.564321167605e-08,4.8472973851215174e-08,5.173421333747224e-08,5.51521803358445e-08,6.011245858086925e-08,6.432265916161277e-08,6.822794234342627e-08,7.303151666827443e-08,7.73411808389653e-08,8.335281932559859e-08,9.035703196788402e-08,9.847602290986985e-08,1.1096880438760574e-07,1.3139377937095748e-07
biomass_plant,LV,1.804472654663626,1.8044726637597361,1.8044726731549308,1.6662217792375564,1.6525296180505118,1.6388374576502822,1.6243573784557106,1.8073911622412777,1.792766262872402,1.8004363870046503,1.7857951231552576,1.6534988914152942,1.6451819104143903,1.6368649369319197,1.6285479489703547,1.6202309817687304,1.609796777634066,1.5993625723186087,1.5889283711118838,1.5784941723090047,1.5680599739316439,1.5560731739328846,1.544086374874374,1.5320995767944339,1.520112779664808,1.5081259830646765,1.4962742979369326,1.0873159396948864,8.794230517676972e-08,1.1914085409632912e-07
biomass_plant,NL,51.70545226267731,46.68587814827437,50.03370612563598,37.35234085203084,37.04539834534374,36.73845583940648,36.41385025115567,36.08924466248195,35.764639074086595,35.44003348573808,35.11542789834405,34.93229735057934,36.880681433047755,35.83037505421403,35.211177144684335,34.953954518054175,34.728852934650135,34.50375135137038,34.278649768804094,34.053548185732716,30.791903491691706,30.52182985265892,30.08017912315288,27.26676435159659,27.32573666660071,27.8830725475288,27.593308700265347,26.935535177929296,6.935716970382463,2.200744303615114
biomass_plant,NO,0.12659408719744766,0.12659408822735096,0.12659409490793652,0.11254957334312526,0.11162469877418792,0.11069982458844534,0.10972172830490906,0.11713659620107907,0.10776555403222512,0.10678745838176304,0.11225198435042517,0.11169019278096144,0.11112840458203871,0.11890208817590087,0.11000480831616016,0.1094430745605941,0.10873822296458352,0.10803339449084731,0.10024419366256379,0.07394794843742876,4.612409630776806e-08,5.423050774130621e-08,5.985167289348806e-08,6.450594102198381e-08,6.864478471719792e-08,7.221587990087441e-08,7.609775130591243e-08,8.154852541435826e-08,9.019434561936943e-08,1.1019611043549383e-07
biomass_plant,PL,31.168877024839546,31.168877026332368,31.16887702646237,30.914834665825232,30.660792305380305,30.40674994464819,30.138088654183278,32.17479189095278,31.90444033809157,31.63408878872492,31.36373723908061,31.208602692398944,31.05346612329006,29.984152703047595,30.08245383836363,30.04604794550263,29.852552990408952,29.659058052139944,22.818377489013375,22.668533404255445,22.378862317869913,21.226076775721012,21.062567276746663,20.70993619084547,20.34361092969431,19.384701789096404,18.98457541632014,15.411521042480226,1.1724291269999174,1.1423131154661669e-07
biomass_plant,PT,6.776825001379349,6.425569886181484,8.110337254630855,6.107711023312084,6.057520966314956,6.007330909789171,5.9542526538705145,5.901174397880767,5.848096141837072,5.795017885945974,5.741939629819672,5.711994826786944,5.682050023932422,5.652105220755228,5.622160418238776,5.592215614522281,5.554992232788381,5.517768855337377,5.71811798403544,5.995369014363536,5.9568789472625365,5.242624163101574,5.825374657702593,6.003532355709321,2.7957207973242246,2.0372715453143626,1.8562123400651225,1.7238214436359887,1.6835019888328366,1.6969395634422084
biomass_plant,RO,0.8025066620874834,0.8025066617742683,1.073636889366179,0.7959658215896807,0.7894249804913054,0.7828841398290318,0.7759669048938503,0.7690496699544457,0.762132435063015,0.7552152007023376,0.7482979667681647,0.7443955178973654,0.7404930680406858,0.7819418438872117,0.7779687647456126,0.7739956891591724,0.7690112011661958,0.7640267133670121,0.7590422232603242,0.7540577369056622,0.7490732475805696,0.7433470672201473,0.7376208903933944,0.7318947122505444,0.7261685351534555,0.7204423594803182,0.7147807278419623,0.7091191025407932,0.7034574847530531,9.751218786835403e-08
biomass_plant,SE,51.83659465826751,51.836594665578836,51.83659467137829,43.8046520029475,43.44468769089372,43.08472337912766,42.70404483290678,48.10296088933956,47.053592734938036,42.87958258733559,42.99194933911606,42.04757143021984,38.69903415463789,38.51286273138299,34.4380836947155,36.86361712555547,36.41037607189085,32.45585418908621,30.47301454421538,30.272903865934488,23.40604146467382,23.053669829609788,22.53677634861166,22.36182251135621,16.377520567713024,15.287786380564397,15.167646476935053,10.698243043524462,11.333885081992642,6.9261267331323735
biomass_plant,SI,0.5346586840953889,0.5346589846358688,0.5346590228019422,0.4245151087921639,0.42102666040848763,0.41753821187006396,0.4138490203273691,0.41015982927078526,0.4064706379723611,0.4027814464970355,0.39909225527467135,0.4212735979885346,0.41915463436822475,0.417035660036465,0.41491668655086605,0.41279771224992784,0.41013931827129285,0.4074809251224112,0.4048225323403684,0.40216413983212224,0.3995057481606342,0.4185727320642326,0.39339783759905955,5.8089038209209254e-08,6.755612023348161e-08,7.6526499867382e-08,8.541052928793197e-08,9.55472397149707e-08,1.0919520856759808e-07,1.303589730433107e-07
biomass_plant,SK,0.1605013521464152,0.16050139126065086,0.2055721525462101,0.15919317040851713,0.15788500232576821,0.15657683488236387,0.15519338843837271,0.17188673359000187,0.1704900270709237,0.1720162087212185,0.1706173727022179,0.1698043848518074,0.1571830943404369,0.15638847185522797,0.15559377313201683,0.15479917503863022,0.1538022610053417,0.152805356707184,0.15180845906933013,0.1508115625568397,0.1498146666380986,0.14866943175318484,0.1475241978909743,0.1463789660045279,0.14523373528587621,6.687759553326658e-08,8.059691865756687e-08,9.28428025757428e-08,1.0654854205373641e-07,1.2712999642896704e-07
biomass_plant,UK,322.836634954705,319.70676685889924,326.9665086953787,297.6752953389305,295.2291514218158,292.78300750544025,290.19609963043416,286.1085195193839,282.563136592938,279.9914996574238,277.1965001907039,277.4090552562278,282.8856583802244,276.95882869618526,271.1157713784551,264.29443442719884,256.10687246858265,247.7371851900875,242.3388998676406,234.92819014973745,229.23738165885024,224.60082415546245,212.7062551813693,208.74807647252277,204.30944772797386,200.98516027072125,198.0790744471405,190.53887432355504,155.05467957880614,115.73501479817212
biomass_plant_CCS,AT,2.3819448576686282e-08,2.9404766741096805e-08,3.374403229866561e-08,3.438864656347431e-08,3.804148725744816e-08,4.192298090682441e-08,4.65824507308115e-08,5.213959059383594e-08,5.808994758224628e-08,6.492476456518717e-08,7.322913164770096e-08,8.273476887036322e-08,9.488790574997614e-08,1.1077555514036886e-07,1.3156998893282986e-07,1.58832841336506e-07,1.9750527156867947e-07,2.835136043772194e-07,4.942104752262333e-07,1.1002107105388734e-06,0.4338823223366943,0.45162783400341977,78.49870300587469,253.31966402623192,252.53611052659764,252.02878112810725,250.09123841988279,248.15369187580828,246.21614998549518,244.27860421340674
biomass_plant_CCS,BE,2.5774104886802987e-08,3.0402363978997626e-08,3.440458240100916e-08,3.480558388862264e-08,3.7968654098585804e-08,4.176688369275995e-08,4.6607772138134784e-08,5.1829887203089234e-08,5.8776994368617584e-08,6.74384428475585e-08,8.25511418920755e-08,9.666407615225161e-08,1.1312733778353953e-07,1.312888193666886e-07,1.5417218837769745e-07,1.8760693448764409e-07,2.814346262233327e-07,4.480670582133781e-07,1.7633672982665137e-06,9.13909045561226,63.60787622864713,68.55434871331289,69.50066133020917,97.17858657194019,113.30933481017067,112.95776656306477,112.08936999756236,111.22097333611768,110.29448902120143,109.36488143559022
biomass_plant_CCS,BG,1.8998198186341044e-08,2.2953997113604205e-08,2.7972672138462408e-08,2.968765208710764e-08,3.3354477688726935e-08,3.677157438604592e-08,4.0579138466632475e-08,4.474333578109703e-08,4.973318604478079e-08,5.645010027234912e-08,6.351595562693168e-08,7.193979606491041e-08,8.07703907533854e-08,9.757450180604058e-08,1.1497247540565694e-07,1.3601461685645754e-07,1.6599597263229607e-07,2.1796976935740285e-07,2.817114499172045e-07,3.7477104266738073e-07,6.761696365009525e-07,2.3843740346207058e-06,1.4325985964875814,15.49755935421009,55.05235561759416,56.63502346379673,56.19962518747149,55.764226559843465,55.328827840885204,54.893429166262976
biomass_plant_CCS,CH,2.298605914677763e-08,2.8461141714567368e-08,3.251151116919998e-08,3.334462850913084e-08,3.626620678161388e-08,3.9758601361463694e-08,4.4042920727086584e-08,5.05408092240142e-08,5.629848478092442e-08,6.428198591505317e-08,7.30856660350237e-08,8.303214390200132e-08,9.518376005027951e-08,1.1004899017783982e-07,1.2726391928973857e-07,1.4820960971124733e-07,1.7778569127543515e-07,2.2951089794821034e-07,3.2499314877663015e-07,4.482052906482021e-07,5.703683324602371e-07,7.809460574001887e-07,1.975282580784131e-06,7.427928828764629e-06,7.703203700356127e-06,7.777425281504503e-06,7.960589980141538e-06,7.901026557730444e-06,7.741204896377162e-06,7.793697164770963e-06
biomass_plant_CCS,CZ,2.202855344807417e-08,2.7038861857536043e-08,3.098006027912471e-08,3.205493543596889e-08,3.468864990302726e-08,3.810177141927424e-08,4.221919890289466e-08,4.8031871880059475e-08,5.3306170726564555e-08,5.9040998658068994e-08,6.541150470722421e-08,7.247281631497869e-08,8.05854538309407e-08,8.934782830138296e-08,9.955868930987673e-08,1.1150674078980838e-07,1.2548243242136394e-07,1.440101178490242e-07,1.668473681121236e-07,1.9021911871970568e-07,2.1064122091501294e-07,2.2830441749865638e-07,2.4746804037765087e-07,2.7029102906227423e-07,3.00349027939873e-07,3.354934293895599e-07,3.924261719557326e-07,4.5394585932494214e-07,4.909498337352841e-07,5.864515733470605e-07
biomass_plant_CCS,DE,2.6463388402674002e-08,3.187698931481771e-08,3.6399083198266124e-08,3.68707818803653e-08,4.0645566319403544e-08,4.509778743971102e-08,5.070246506040543e-08,5.751038446161892e-08,6.452300346132138e-08,7.265176868566262e-08,8.203742873653254e-08,9.327593427203943e-08,1.0701499754173568e-07,1.2538215295444668e-07,1.5125096114248134e-07,1.8558873763418189e-07,2.534483312931955e-07,4.340252200699116e-07,1.230880130277577e-06,72.5178679577937,104.87182981372494,1025.7749594226352,1222.0837040370727,1222.5706760683988,1233.6452246709723,1250.8448225557263,1294.3777254876024,1284.349718639471,1273.9795001717634,1281.9506589614177
biomass_plant_CCS,DK,2.188622026610601e-08,2.5604279339217057e-08,2.912418365536646e-08,3.217004140882549e-08,3.547069793954743e-08,3.930740765150746e-08,4.37456090900591e-08,4.750870029985938e-08,5.1961395957265155e-08,5.6749342598188336e-08,6.356130598713323e-08,7.033208463394612e-08,7.745844819725227e-08,8.434212933469332e-08,9.245189312112743e-08,1.0431589397372974e-07,1.1750002835516876e-07,1.339808226343861e-07,1.5378179688437113e-07,1.7558491154447176e-07,1.9378426001853118e-07,2.0974890942808984e-07,2.2977872118037932e-07,2.532873369725238e-07,2.85335119698166e-07,3.6300911491730194e-07,4.876988874534732e-07,5.636872415585278e-07,5.843530537417128e-07,6.265098988660799e-07
biomass_plant_CCS,EE,2.075409274470552e-08,2.4328331713316744e-08,2.7570739352889995e-08,2.972899102588325e-08,3.2902637740412636e-08,3.625855317544639e-08,3.9142419363795825e-08,4.16539027591489e-08,4.502971035569419e-08,4.8532711585792e-08,5.4041599167164364e-08,5.9347618434649445e-08,6.507905787142361e-08,7.071337404069404e-08,7.690282428716554e-08,8.55764638461503e-08,9.543958432287063e-08,1.0769353450038813e-07,1.2301357358227822e-07,1.428144468749494e-07,1.6757650764575958e-07,1.9827937094497573e-07,2.394615191693208e-07,2.8987455789767737e-07,3.388521758926633e-07,3.9276219109783944e-07,4.4874157003311455e-07,4.875807405629462e-07,5.04349700258907e-07,5.367676617532535e-07
biomass_plant_CCS,EL,2.0615241365474054e-08,2.4254209340679858e-08,2.7925493535671436e-08,2.928987991171997e-08,3.313168820609443e-08,3.649955438185493e-08,4.030682311630667e-08,4.414736905097618e-08,4.860795415432036e-08,5.391123874131837e-08,5.987835186060472e-08,6.733311997238826e-08,7.850586258802367e-08,8.958354227071615e-08,1.0323611935856544e-07,1.1969954539798752e-07,1.4510502661608477e-07,2.1493094877008657e-07,3.353308668406526e-07,4.7266937855639877e-07,8.651353088296823e-07,1.1200574221329406e-06,1.2617144819451925e-06,43.00793127208274,59.933502773573295,59.747544486084244,59.28821734872189,58.828890206220095,58.36956301175226,57.91023579790218
biomass_plant_CCS,ES,1.9474108365245382e-08,2.2265587140525985e-08,2.677741582852344e-08,2.7498944233803827e-08,2.9952321612439194e-08,3.250586316027441e-08,3.523809677210455e-08,3.8050004871002135e-08,4.1142370524712775e-08,4.439404390374612e-08,4.80195874713506e-08,5.1874770069280816e-08,5.6308431338262434e-08,6.134928216768904e-08,6.733000180117114e-08,7.387131952771449e-08,8.191221084048912e-08,9.248125972735041e-08,1.0568582923595431e-07,1.2058083115786604e-07,1.389448536977872e-07,1.6144439320895077e-07,1.8889973064744893e-07,2.194706265002591e-07,2.5470254838484095e-07,2.8845078810330273e-07,3.3352050220059774e-07,4.117532495224711e-07,4.918648329707158e-07,6.398256133946436e-07
biomass_plant_CCS,FI,2.108141705871655e-08,2.5306123931920384e-08,2.8870698177033563e-08,3.1133251014386486e-08,3.4046112642219324e-08,3.7001185993186554e-08,4.058900330708157e-08,4.383365207647185e-08,4.7705474083127755e-08,5.19460603126273e-08,5.804501526996088e-08,6.41249005222062e-08,7.08229453873924e-08,7.774054533988168e-08,8.645213423744571e-08,9.809801901030986e-08,1.1188465012238023e-07,1.293326122421613e-07,1.522990089070483e-07,1.860864798657492e-07,2.4415108532262637e-07,3.852725345628991e-07,7.324668983504891e-07,6.5239768251848105e-06,7.801458124575955,50.71119313967221,181.99113494879376,180.58118415741598,179.17123332417765,177.76128249381597
biomass_plant_CCS,FR,1.8763258197208196e-08,2.2955895228550344e-08,2.8775881909364372e-08,3.051825734005755e-08,3.3179355692893153e-08,3.663269479845216e-08,4.049143471423318e-08,4.554629390128453e-08,5.025479116462662e-08,5.535397451315834e-08,6.092504520291418e-08,6.70767787054406e-08,7.344686985546336e-08,7.992317554864355e-08,8.783378612869733e-08,1.0138220164897558e-07,1.1470271487830288e-07,1.318552580610779e-07,1.5796442689266945e-07,2.3507433821670595e-07,3.5993651768123535e-07,5.462256044190582e-07,9.744786841303968e-07,1.6996833111549358e-06,1.8571432190945335e-06,1.9919491327085916e-06,2.702834277594895e-06,3.602434387876324e-06,4.357822792175291e-06,4.531609833617477e-06
biomass_plant_CCS,HR,2.6959986521155477e-08,2.9918107795694215e-08,3.333830770667638e-08,3.4630334284026546e-08,3.789533893069633e-08,4.1845903028325154e-08,4.546338290028709e-08,4.8859536951692126e-08,5.396195525981534e-08,6.008249729229246e-08,6.731398630860387e-08,8.368648281522179e-08,9.900457623001918e-08,1.1646834100340854e-07,1.3584957903163345e-07,1.568264137407687e-07,1.856143188360353e-07,2.358170510155796e-07,3.399959114290946e-07,6.392887982772877e-07,2.3087874028538144e-06,4.4260229870333925,4.808043766975295,4.793217701402674,4.7783915915387105,4.7635656187796975,4.726944322228177,4.690323012178481,4.6537014707781506,4.617080022885554
biomass_plant_CCS,HU,1.91659097237212e-08,2.3513815012587894e-08,2.8146288506848202e-08,2.997999375605284e-08,3.256946395343645e-08,3.559336255551533e-08,3.8973029016493896e-08,4.2470973664826107e-08,4.669189686573529e-08,5.279350295468328e-08,5.8392917879953024e-08,6.504369560000426e-08,7.331578093162859e-08,8.597737704421371e-08,9.79583764898721e-08,1.1176952113683621e-07,1.2866662905079532e-07,1.507545871728075e-07,1.7704152428577446e-07,2.0673215369583463e-07,2.3526338111614821e-07,2.578899945770572e-07,2.783981578640315e-07,3.0697804321751934e-07,3.429003734158306e-07,3.927198997307472e-07,4.698641826226015e-07,5.787328234738891e-07,6.15996566325326e-07,6.856416605450082e-07
biomass_plant_CCS,IE,2.24431587103573e-08,2.563330794969413e-08,3.05191021225661e-08,3.2974787990442445e-08,3.6304763106580694e-08,3.887199591249424e-08,4.2024753596854743e-08,4.5538782114835637e-08,4.9565823184942234e-08,5.3501535118066406e-08,5.8235902926572234e-08,6.3971336460171e-08,7.061569127733147e-08,7.714271576521605e-08,8.494088947700093e-08,9.794274020615531e-08,1.211312887280168e-07,1.428689974379703e-07,1.7058994045788384e-07,2.0677868273862097e-07,2.5939911292181284e-07,3.335611616702859e-07,4.4355130183461886e-07,6.622438305399427e-07,1.8130695708556947e-06,3.4034054757315226e-06,3.432521890866814e-06,3.4366718453905973e-06,3.3852667442317034e-06,3.347286686743499e-06
biomass_plant_CCS,IT,2.3602616419487138e-08,2.920702934644576e-08,3.3385234187245434e-08,3.3676944366520096e-08,3.663822879000607e-08,4.0176608685508724e-08,4.426195769087997e-08,5.0489170419758576e-08,5.7031421878208076e-08,6.456799727910972e-08,7.416040045713568e-08,8.474936242406624e-08,9.660255536580891e-08,1.1152127408661793e-07,1.3105845297105848e-07,1.5708790391905725e-07,1.9917201864547134e-07,2.9070288496775945e-07,4.441955771754945e-07,7.857869770524374e-07,9.605852768610858e-07,1.0591983441848004e-06,1.1433911479351982e-06,1.2088283799863372e-06,1.2682668910035479e-06,1.2982115780589213e-06,1.3289526150151344e-06,1.3396660771799955e-06,1.3177424507485437e-06,1.3523917405813637e-06
biomass_plant_CCS,LT,2.0760064780800257e-08,2.431196854850461e-08,2.7635496692100303e-08,2.9721453798044146e-08,3.288848366231634e-08,3.6171277952428693e-08,3.902824445875692e-08,4.147498221453055e-08,4.4890838236874586e-08,4.834296176026438e-08,5.350434931633561e-08,5.8466191615931674e-08,6.359482267487867e-08,6.851531589579779e-08,7.380786420713504e-08,8.153607300704044e-08,8.950293180476236e-08,9.965135552131883e-08,1.1195733220026348e-07,1.267711829649911e-07,1.4397501546347916e-07,1.6382069919975934e-07,1.8777435431643236e-07,2.1375390899734475e-07,2.439284959636806e-07,2.854818722796032e-07,3.317534780028124e-07,3.697305912415528e-07,3.9278820694381214e-07,4.328262262111022e-07
biomass_plant_CCS,LU,2.1986699538659932e-08,2.545283212722848e-08,3.170627068093492e-08,3.285644510508968e-08,3.5530818162755955e-08,3.898977972676825e-08,4.287085017366178e-08,4.6715436534093487e-08,5.09866644814433e-08,5.562497509784883e-08,6.046001273052522e-08,6.581902233845064e-08,7.139659653733562e-08,7.678484267425115e-08,8.319553354842556e-08,9.468895581982415e-08,1.0526028629064428e-07,1.1765814169351875e-07,1.347264774796479e-07,1.6598892986732944e-07,2.484409075097717e-07,3.070368768988683e-07,3.669000320498622e-07,4.2983688427224604e-07,5.293904396072333e-07,8.090141870922133e-07,1.2978992817081822e-06,1.945529516343722e-06,2.947375666177623e-06,3.1500250984657276e-06
biomass_plant_CCS,LV,2.0284051816606172e-08,2.4052422105283017e-08,2.7275726489933866e-08,2.9495728956159938e-08,3.2703136419614195e-08,3.606500559954481e-08,3.893690016773436e-08,4.1354742801447215e-08,4.4756347122920953e-08,4.8279929401054794e-08,5.363687510330557e-08,5.8705657692998864e-08,6.40036345516806e-08,6.909476252117574e-08,7.470194804746611e-08,8.295344064454084e-08,9.13516200678551e-08,1.023216609182436e-07,1.1599144185037535e-07,1.3291169597927356e-07,1.5286784721333381e-07,1.7705210636674327e-07,2.0488838052319748e-07,2.3616383983427692e-07,2.7281126230029175e-07,3.186505690021289e-07,3.64469753188519e-07,3.9986273840286334e-07,4.1809958311242387e-07,4.513053511006751e-07
biomass_plant_CCS,NL,2.479677985977103e-08,2.8855597078397096e-08,3.253199744045459e-08,3.323016425566992e-08,3.609934151631112e-08,3.959079993876009e-08,4.404007372859192e-08,4.849900319064921e-08,5.3864703428925706e-08,6.004692711826579e-08,6.66130196571347e-08,7.450128636167651e-08,8.462689615141668e-08,9.818300528103143e-08,1.2408548964679549e-07,1.5157577320045782e-07,1.982779733382741e-07,2.8532621578558696e-07,4.5463045388555086e-07,7.316501274935539e-07,1.4989907899449772e-06,2.027393274279098e-06,4.805568600573442e-06,77.5517538214945,91.14577704809592,94.4894128814478,93.76300185526489,93.03658641694255,99.70877289874585,97.74650286089226
biomass_plant_CCS,NO,2.0586058453026643e-08,2.4595656085797155e-08,2.7927357482639926e-08,3.055889781812356e-08,3.367873649718955e-08,3.667525421332768e-08,4.000936469528072e-08,4.256577231858665e-08,4.643249398968834e-08,5.099207430191437e-08,5.992771342758096e-08,6.71648886291158e-08,7.474864866906013e-08,8.225069203384146e-08,9.092818244311258e-08,1.0344460654575832e-07,1.1773978458475862e-07,1.3675489983302566e-07,1.6205298966969208e-07,1.9978465259971523e-07,2.630402147990842e-07,3.935118566201044e-07,8.349530991415539e-07,18.784625258822327,18.726522429316976,48.39423681441234,48.02219170656829,47.650146529658045,47.27810132287768,46.90605611252938
biomass_plant_CCS,PL,1.9198418056015637e-08,2.3854868882044288e-08,2.7501856636967996e-08,3.046638098643936e-08,3.365639644205389e-08,3.611271562723436e-08,3.941308783589543e-08,4.2539407964884726e-08,4.628937055552711e-08,5.0220894557112306e-08,5.466699403967313e-08,5.990976323093691e-08,6.673231868190985e-08,7.719581198297971e-08,8.870482788765515e-08,1.0845650070704741e-07,1.2839435275348468e-07,1.5555136142906912e-07,2.0108315506269604e-07,2.551791965233105e-07,3.1272896681544294e-07,3.6459400606573636e-07,4.160026545818617e-07,4.869411631005665e-07,5.91901418715248e-07,1.0103505774562264e-06,2.928654182448794e-06,2.9745185959360026e-06,2.9482042440911053e-06,2.9588360354061433e-06
biomass_plant_CCS,PT,1.844635481533809e-08,2.114285420363976e-08,2.5386201136838988e-08,2.618389949608798e-08,2.845930080743184e-08,3.08524205043629e-08,3.3388159863715865e-08,3.5990839252903894e-08,3.88518812251833e-08,4.184291298461711e-08,4.516331083319189e-08,4.876440278679247e-08,5.284193128962108e-08,5.7376553894375145e-08,6.267740443317098e-08,6.839801229242857e-08,7.520292687152776e-08,8.355457533970487e-08,9.425101517533999e-08,1.0660097718988334e-07,1.2146542851921918e-07,1.398866762230997e-07,1.6229484265957198e-07,1.862323878282665e-07,2.118392203740317e-07,2.367844611046712e-07,2.7041023308481044e-07,3.21265969927466e-07,3.7761778321103833e-07,4.825291948359466e-07
biomass_plant_CCS,RO,2.0286216039884343e-08,2.448496668474374e-08,3.0131227423801814e-08,3.128384244156407e-08,3.507793729423768e-08,3.8564599165655235e-08,4.238466844711058e-08,4.6260076280847336e-08,5.08606105026959e-08,5.617114486292987e-08,6.199901302234957e-08,6.86630956165308e-08,7.529432075249689e-08,8.485677840387929e-08,9.572091913625443e-08,1.0908114710226935e-07,1.2672260471821886e-07,1.522566634614163e-07,1.8956510301652362e-07,2.714297332351528e-07,3.519614660101561e-07,4.3816348337916803e-07,5.171199121065264e-07,5.750824690753032e-07,6.852300812868528e-07,1.1213345493195784e-06,1.2897468908216092e-06,1.3950527269997763e-06,1.4191792401857486e-06,1.4456904131570702e-06
biomass_plant_CCS,SE,2.1953897641992343e-08,2.631463934986684e-08,2.9996479800107795e-08,3.210269392017031e-08,3.536004595938686e-08,3.839346350588599e-08,4.2576771757123584e-08,4.6118225607005415e-08,5.037498060227991e-08,5.501741458835452e-08,6.182915536132198e-08,6.853662723746734e-08,7.569679854248594e-08,8.27763906396792e-08,9.10505906729584e-08,1.0309080333195158e-07,1.1720155358819786e-07,1.3568998528847008e-07,1.6061357204879034e-07,1.9826612579106902e-07,2.6723717730452855e-07,4.6159687984220127e-07,9.55164676308253e-07,20.771964006641877,81.16901278001278,315.76492327192426,322.14985921620826,323.42103569206506,320.89581269001764,318.37058971557906
biomass_plant_CCS,SI,2.2446011915469323e-08,2.7077009071814078e-08,3.056408491424006e-08,3.190298278183903e-08,3.5087633113417065e-08,3.771991165381682e-08,4.122327775157631e-08,4.510381070755785e-08,4.982975240822818e-08,5.505589907237477e-08,6.157278545904884e-08,7.258850378987929e-08,8.500306210822055e-08,9.802822732301432e-08,1.133515074143819e-07,1.3170068558721368e-07,1.5752783151560794e-07,2.040571197474036e-07,2.864503177081207e-07,3.9349055839323687e-07,4.6355736398113363e-07,4.922255853590205e-07,5.156140274449069e-07,5.421481142556408e-07,5.680508835905226e-07,5.939139768798361e-07,6.388656521529907e-07,6.829649476644154e-07,6.79730843088627e-07,7.309968029202892e-07
biomass_plant_CCS,SK,2.1225911293351543e-08,2.5573394116108196e-08,3.048409457206898e-08,3.18058032303734e-08,3.5167725968351666e-08,3.867696348247542e-08,4.263292608924038e-08,4.802061370495419e-08,5.313314066828562e-08,5.877868868604109e-08,6.522766912027894e-08,7.258089732053102e-08,8.114198231336864e-08,9.052634691515385e-08,1.0169292862148009e-07,1.1507813944538002e-07,1.3165417444116831e-07,1.5471757093204453e-07,1.8762532493546483e-07,2.559830820738858e-07,3.1778881725235005e-07,3.6364955056366545e-07,4.0141165762114913e-07,4.5449817263495817e-07,5.358292043411346e-07,6.563817736567018e-07,9.185565332390449e-07,1.0966216035713673e-06,1.1322629810199428e-06,1.189745568784844e-06
biomass_plant_CCS,UK,2.1165726331569685e-08,2.4843001122394448e-08,2.937199082977415e-08,3.132910490486115e-08,3.482383972604081e-08,3.880902956017082e-08,4.241694987403979e-08,4.629377502406304e-08,5.049703188823788e-08,5.459268081483417e-08,5.962685902752029e-08,6.531121537138674e-08,7.10093416934558e-08,7.584739427852013e-08,8.175313623773318e-08,9.276524439431143e-08,1.0965498528856013e-07,1.30302263586149e-07,1.5966443650140199e-07,2.2310564040185422e-07,2.835627102945368e-07,3.451501890012776e-07,4.038150091069174e-07,4.6986215533024246e-07,6.712382491863939e-07,9.482778139284127e-07,9.988106448026676e-07,1.0725400086111156e-06,1.08102520415336e-06,1.1142089382841256e-06
carbon_pipeline,AT-CH,0.0,0.0,0.0,0.0,0.0,0.0,0.0,0.0,0.0,0.0,0.0,0.0,0.0,0.0,0.0,0.0,0.0,0.0,0.0,0.0,0.0,0.0,0.0,0.0,0.0,0.0,0.0,0.0,0.0,0.0
carbon_pipeline,AT-CZ,0.0,0.0,0.0,0.0,0.0,0.0,0.0,0.0,0.0,0.0,0.0,0.0,0.0,0.0,0.0,0.0,0.0,0.0,0.0,0.0,0.0,0.0,0.0,0.0,0.0,0.0,0.0,0.0,0.0,0.0
carbon_pipeline,AT-DE,0.0,0.0,0.0,0.0,0.0,0.0,0.0,0.0,0.0,0.0,0.0,0.0,0.0,0.0,0.0,0.0,0.0,0.0,0.0,0.0,0.0,0.0,0.0,0.0,0.0,0.0,0.0,0.0,0.0,0.0
carbon_pipeline,AT-HU,0.0,0.0,0.0,0.0,0.0,0.0,0.0,0.0,0.0,0.0,0.0,0.0,0.0,0.0,0.0,0.0,0.0,0.0,0.0,0.0,0.0,0.0,0.0,0.0,0.0,0.0,0.0,0.0,0.0,0.0
carbon_pipeline,AT-IT,0.0,0.0,0.0,0.0,0.0,0.0,0.0,0.0,0.0,0.0,0.0,0.0,0.0,0.0,0.0,0.0,0.0,0.0,0.0,0.0,0.0,0.0,0.0,0.0,0.0,0.0,0.0,0.0,0.0,0.0
carbon_pipeline,AT-SI,0.0,0.0,0.0,0.0,0.0,0.0,0.0,0.0,0.0,0.0,0.0,0.0,0.0,0.0,0.0,0.0,0.0,0.0,0.0,0.0,0.0,0.0,0.0,0.0,0.0,0.0,0.0,0.0,0.0,0.0
carbon_pipeline,AT-SK,0.0,0.0,0.0,0.0,0.0,0.0,0.0,0.0,0.0,0.0,0.0,0.0,0.0,0.0,0.0,0.0,0.0,0.0,0.0,0.0,0.0,0.0,0.0,0.0,0.0,0.0,0.0,0.0,0.0,0.0
carbon_pipeline,BE-DE,0.0,0.0,0.0,0.0,0.0,0.0,0.0,0.0,0.0,0.0,0.0,0.0,0.0,0.0,0.0,0.0,0.0,0.0,0.0,0.0,0.0,0.0,0.0,0.0,0.0,0.0,0.0,0.0,0.0,0.0
carbon_pipeline,BE-FR,0.0,0.0,0.0,0.0,0.0,0.0,0.0,0.0,0.0,0.0,0.0,0.0,0.0,0.0,0.0,0.0,0.0,0.0,0.0,0.0,0.0,0.0,0.0,0.0,0.0,0.0,0.0,0.0,0.0,0.0
carbon_pipeline,BE-LU,0.0,0.0,0.0,0.0,0.0,0.0,0.0,0.0,0.0,0.0,0.0,0.0,0.0,0.0,0.0,0.0,0.0,0.0,0.0,0.0,0.0,0.0,0.0,0.0,0.0,0.0,0.0,0.0,0.0,0.0
carbon_pipeline,BE-NL,0.0,0.0,0.0,0.0,0.0,0.0,0.0,0.0,0.0,0.0,0.0,0.0,0.0,0.0,0.0,0.0,0.0,0.0,0.0,0.0,0.0,0.0,0.0,0.0,0.0,0.0,0.0,0.0,0.0,0.0
carbon_pipeline,BE-NO,0.0,0.0,0.0,0.0,0.0,0.0,0.0,0.0,0.0,0.0,0.0,0.0,0.0,0.0,0.0,0.0,0.0,0.0,0.0,0.0,0.0,0.0,0.0,0.0,0.0,0.0,0.0,0.0,0.0,0.0
carbon_pipeline,BE-UK,0.0,0.0,0.0,0.0,0.0,0.0,0.0,0.0,0.0,0.0,0.0,0.0,0.0,0.0,0.0,0.0,0.0,0.0,0.0,0.0,0.0,0.0,0.0,0.0,0.0,0.0,0.0,0.0,0.0,0.0
carbon_pipeline,BG-EL,0.0,0.0,0.0,0.0,0.0,0.0,0.0,0.0,0.0,0.0,0.0,0.0,0.0,0.0,0.0,0.0,0.0,0.0,0.0,0.0,0.0,0.0,0.0,0.0,0.0,0.0,0.0,0.0,0.0,0.0
carbon_pipeline,BG-RO,0.0,0.0,0.0,0.0,0.0,0.0,0.0,0.0,0.0,0.0,0.0,0.0,0.0,0.0,0.0,0.0,0.0,0.0,0.0,0.0,0.0,0.0,0.0,0.0,0.0,0.0,0.0,0.0,0.0,0.0
carbon_pipeline,CH-AT,0.0,0.0,0.0,0.0,0.0,0.0,0.0,0.0,0.0,0.0,0.0,0.0,0.0,0.0,0.0,0.0,0.0,0.0,0.0,0.0,0.0,0.0,0.0,0.0,0.0,0.0,0.0,0.0,0.0,0.0
carbon_pipeline,CH-DE,0.0,0.0,0.0,0.0,0.0,0.0,0.0,0.0,0.0,0.0,0.0,0.0,0.0,0.0,0.0,0.0,0.0,0.0,0.0,0.0,0.0,0.0,0.0,0.0,0.0,0.0,0.0,0.0,0.0,0.0
carbon_pipeline,CH-FR,0.0,0.0,0.0,0.0,0.0,0.0,0.0,0.0,0.0,0.0,0.0,0.0,0.0,0.0,0.0,0.0,0.0,0.0,0.0,0.0,0.0,0.0,0.0,0.0,0.0,0.0,0.0,0.0,0.0,0.0
carbon_pipeline,CH-IT,0.0,0.0,0.0,0.0,0.0,0.0,0.0,0.0,0.0,0.0,0.0,0.0,0.0,0.0,0.0,0.0,0.0,0.0,0.0,0.0,0.0,0.0,0.0,0.0,0.0,0.0,0.0,0.0,0.0,0.0
carbon_pipeline,CZ-AT,0.0,0.0,0.0,0.0,0.0,0.0,0.0,0.0,0.0,0.0,0.0,0.0,0.0,0.0,0.0,0.0,0.0,0.0,0.0,0.0,0.0,0.0,0.0,0.0,0.0,0.0,0.0,0.0,0.0,0.0
carbon_pipeline,CZ-DE,0.0,0.0,0.0,0.0,0.0,0.0,0.0,0.0,0.0,0.0,0.0,0.0,0.0,0.0,0.0,0.0,0.0,0.0,0.0,0.0,0.0,0.0,0.0,0.0,0.0,0.0,0.0,0.0,0.0,0.0
carbon_pipeline,CZ-PL,0.0,0.0,0.0,0.0,0.0,0.0,0.0,0.0,0.0,0.0,0.0,0.0,0.0,0.0,0.0,0.0,0.0,0.0,0.0,0.0,0.0,0.0,0.0,0.0,0.0,0.0,0.0,0.0,0.0,0.0
carbon_pipeline,CZ-SK,0.0,0.0,0.0,0.0,0.0,0.0,0.0,0.0,0.0,0.0,0.0,0.0,0.0,0.0,0.0,0.0,0.0,0.0,0.0,0.0,0.0,0.0,0.0,0.0,0.0,0.0,0.0,0.0,0.0,0.0
carbon_pipeline,DE-AT,0.0,0.0,0.0,0.0,0.0,0.0,0.0,0.0,0.0,0.0,0.0,0.0,0.0,0.0,0.0,0.0,0.0,0.0,0.0,0.0,0.0,0.0,0.0,0.0,0.0,0.0,0.0,0.0,0.0,0.0
carbon_pipeline,DE-BE,0.0,0.0,0.0,0.0,0.0,0.0,0.0,0.0,0.0,0.0,0.0,0.0,0.0,0.0,0.0,0.0,0.0,0.0,0.0,0.0,0.0,0.0,0.0,0.0,0.0,0.0,0.0,0.0,0.0,0.0
carbon_pipeline,DE-CH,0.0,0.0,0.0,0.0,0.0,0.0,0.0,0.0,0.0,0.0,0.0,0.0,0.0,0.0,0.0,0.0,0.0,0.0,0.0,0.0,0.0,0.0,0.0,0.0,0.0,0.0,0.0,0.0,0.0,0.0
carbon_pipeline,DE-CZ,0.0,0.0,0.0,0.0,0.0,0.0,0.0,0.0,0.0,0.0,0.0,0.0,0.0,0.0,0.0,0.0,0.0,0.0,0.0,0.0,0.0,0.0,0.0,0.0,0.0,0.0,0.0,0.0,0.0,0.0
carbon_pipeline,DE-DK,0.0,0.0,0.0,0.0,0.0,0.0,0.0,0.0,0.0,0.0,0.0,0.0,0.0,0.0,0.0,0.0,0.0,0.0,0.0,0.0,0.0,0.0,0.0,0.0,0.0,0.0,0.0,0.0,0.0,0.0
carbon_pipeline,DE-FR,0.0,0.0,0.0,0.0,0.0,0.0,0.0,0.0,0.0,0.0,0.0,0.0,0.0,0.0,0.0,0.0,0.0,0.0,0.0,0.0,0.0,0.0,0.0,0.0,0.0,0.0,0.0,0.0,0.0,0.0
carbon_pipeline,DE-LU,0.0,0.0,0.0,0.0,0.0,0.0,0.0,0.0,0.0,0.0,0.0,0.0,0.0,0.0,0.0,0.0,0.0,0.0,0.0,0.0,0.0,0.0,0.0,0.0,0.0,0.0,0.0,0.0,0.0,0.0
carbon_pipeline,DE-NL,0.0,0.0,0.0,0.0,0.0,0.0,0.0,0.0,0.0,0.0,0.0,0.0,0.0,0.0,0.0,0.0,0.0,0.0,0.0,0.0,0.0,0.0,0.0,0.0,0.0,0.0,0.0,0.0,0.0,0.0
carbon_pipeline,DE-NO,0.0,0.0,0.0,0.0,0.0,0.0,0.0,0.0,0.0,0.0,0.0,0.0,0.0,0.0,0.0,0.0,0.0,0.0,0.0,0.0,0.0,0.0,0.0,0.0,0.0,0.0,0.0,0.0,0.0,0.0
carbon_pipeline,DE-PL,0.0,0.0,0.0,0.0,0.0,0.0,0.0,0.0,0.0,0.0,0.0,0.0,0.0,0.0,0.0,0.0,0.0,0.0,0.0,0.0,0.0,0.0,0.0,0.0,0.0,0.0,0.0,0.0,0.0,0.0
carbon_pipeline,DE-SE,0.0,0.0,0.0,0.0,0.0,0.0,0.0,0.0,0.0,0.0,0.0,0.0,0.0,0.0,0.0,0.0,0.0,0.0,0.0,0.0,0.0,0.0,0.0,0.0,0.0,0.0,0.0,0.0,0.0,0.0
carbon_pipeline,DE-UK,0.0,0.0,0.0,0.0,0.0,0.0,0.0,0.0,0.0,0.0,0.0,0.0,0.0,0.0,0.0,0.0,0.0,0.0,0.0,0.0,0.0,0.0,0.0,0.0,0.0,0.0,0.0,0.0,0.0,0.0
carbon_pipeline,DK-DE,0.0,0.0,0.0,0.0,0.0,0.0,0.0,0.0,0.0,0.0,0.0,0.0,0.0,0.0,0.0,0.0,0.0,0.0,0.0,0.0,0.0,0.0,0.0,0.0,0.0,0.0,0.0,0.0,0.0,0.0
carbon_pipeline,DK-NL,0.0,0.0,0.0,0.0,0.0,0.0,0.0,0.0,0.0,0.0,0.0,0.0,0.0,0.0,0.0,0.0,0.0,0.0,0.0,0.0,0.0,0.0,0.0,0.0,0.0,0.0,0.0,0.0,0.0,0.0
carbon_pipeline,DK-NO,0.0,0.0,0.0,0.0,0.0,0.0,0.0,0.0,0.0,0.0,0.0,0.0,0.0,0.0,0.0,0.0,0.0,0.0,0.0,0.0,0.0,0.0,0.0,0.0,0.0,0.0,0.0,0.0,0.0,0.0
carbon_pipeline,DK-SE,0.0,0.0,0.0,0.0,0.0,0.0,0.0,0.0,0.0,0.0,0.0,0.0,0.0,0.0,0.0,0.0,0.0,0.0,0.0,0.0,0.0,0.0,0.0,0.0,0.0,0.0,0.0,0.0,0.0,0.0
carbon_pipeline,DK-UK,0.0,0.0,0.0,0.0,0.0,0.0,0.0,0.0,0.0,0.0,0.0,0.0,0.0,0.0,0.0,0.0,0.0,0.0,0.0,0.0,0.0,0.0,0.0,0.0,0.0,0.0,0.0,0.0,0.0,0.0
carbon_pipeline,EE-FI,0.0,0.0,0.0,0.0,0.0,0.0,0.0,0.0,0.0,0.0,0.0,0.0,0.0,0.0,0.0,0.0,0.0,0.0,0.0,0.0,0.0,0.0,0.0,0.0,0.0,0.0,0.0,0.0,0.0,0.0
carbon_pipeline,EE-LV,0.0,0.0,0.0,0.0,0.0,0.0,0.0,0.0,0.0,0.0,0.0,0.0,0.0,0.0,0.0,0.0,0.0,0.0,0.0,0.0,0.0,0.0,0.0,0.0,0.0,0.0,0.0,0.0,0.0,0.0
carbon_pipeline,EL-BG,0.0,0.0,0.0,0.0,0.0,0.0,0.0,0.0,0.0,0.0,0.0,0.0,0.0,0.0,0.0,0.0,0.0,0.0,0.0,0.0,0.0,0.0,0.0,0.0,0.0,0.0,0.0,0.0,0.0,0.0
carbon_pipeline,EL-IT,0.0,0.0,0.0,0.0,0.0,0.0,0.0,0.0,0.0,0.0,0.0,0.0,0.0,0.0,0.0,0.0,0.0,0.0,0.0,0.0,0.0,0.0,0.0,0.0,0.0,0.0,0.0,0.0,0.0,0.0
carbon_pipeline,ES-FR,0.0,0.0,0.0,0.0,0.0,0.0,0.0,0.0,0.0,0.0,0.0,0.0,0.0,0.0,0.0,0.0,0.0,0.0,0.0,0.0,0.0,0.0,0.0,0.0,0.0,0.0,0.0,0.0,0.0,0.0
carbon_pipeline,ES-PT,0.0,0.0,0.0,0.0,0.0,0.0,0.0,0.0,0.0,0.0,0.0,0.0,0.0,0.0,0.0,0.0,0.0,0.0,0.0,0.0,0.0,0.0,0.0,0.0,0.0,0.0,0.0,0.0,0.0,0.0
carbon_pipeline,FI-EE,0.0,0.0,0.0,0.0,0.0,0.0,0.0,0.0,0.0,0.0,0.0,0.0,0.0,0.0,0.0,0.0,0.0,0.0,0.0,0.0,0.0,0.0,0.0,0.0,0.0,0.0,0.0,0.0,0.0,0.0
carbon_pipeline,FI-NO,0.0,0.0,0.0,0.0,0.0,0.0,0.0,0.0,0.0,0.0,0.0,0.0,0.0,0.0,0.0,0.0,0.0,0.0,0.0,0.0,0.0,0.0,0.0,0.0,0.0,0.0,0.0,0.0,0.0,0.0
carbon_pipeline,FI-SE,0.0,0.0,0.0,0.0,0.0,0.0,0.0,0.0,0.0,0.0,0.0,0.0,0.0,0.0,0.0,0.0,0.0,0.0,0.0,0.0,0.0,0.0,0.0,0.0,0.0,0.0,0.0,0.0,0.0,0.0
carbon_pipeline,FR-BE,0.0,0.0,0.0,0.0,0.0,0.0,0.0,0.0,0.0,0.0,0.0,0.0,0.0,0.0,0.0,0.0,0.0,0.0,0.0,0.0,0.0,0.0,0.0,0.0,0.0,0.0,0.0,0.0,0.0,0.0
carbon_pipeline,FR-CH,0.0,0.0,0.0,0.0,0.0,0.0,0.0,0.0,0.0,0.0,0.0,0.0,0.0,0.0,0.0,0.0,0.0,0.0,0.0,0.0,0.0,0.0,0.0,0.0,0.0,0.0,0.0,0.0,0.0,0.0
carbon_pipeline,FR-DE,0.0,0.0,0.0,0.0,0.0,0.0,0.0,0.0,0.0,0.0,0.0,0.0,0.0,0.0,0.0,0.0,0.0,0.0,0.0,0.0,0.0,0.0,0.0,0.0,0.0,0.0,0.0,0.0,0.0,0.0
carbon_pipeline,FR-ES,0.0,0.0,0.0,0.0,0.0,0.0,0.0,0.0,0.0,0.0,0.0,0.0,0.0,0.0,0.0,0.0,0.0,0.0,0.0,0.0,0.0,0.0,0.0,0.0,0.0,0.0,0.0,0.0,0.0,0.0
carbon_pipeline,FR-IT,0.0,0.0,0.0,0.0,0.0,0.0,0.0,0.0,0.0,0.0,0.0,0.0,0.0,0.0,0.0,0.0,0.0,0.0,0.0,0.0,0.0,0.0,0.0,0.0,0.0,0.0,0.0,0.0,0.0,0.0
carbon_pipeline,FR-LU,0.0,0.0,0.0,0.0,0.0,0.0,0.0,0.0,0.0,0.0,0.0,0.0,0.0,0.0,0.0,0.0,0.0,0.0,0.0,0.0,0.0,0.0,0.0,0.0,0.0,0.0,0.0,0.0,0.0,0.0
carbon_pipeline,FR-NO,0.0,0.0,0.0,0.0,0.0,0.0,0.0,0.0,0.0,0.0,0.0,0.0,0.0,0.0,0.0,0.0,0.0,0.0,0.0,0.0,0.0,0.0,0.0,0.0,0.0,0.0,0.0,0.0,0.0,0.0
carbon_pipeline,FR-UK,0.0,0.0,0.0,0.0,0.0,0.0,0.0,0.0,0.0,0.0,0.0,0.0,0.0,0.0,0.0,0.0,0.0,0.0,0.0,0.0,0.0,0.0,0.0,0.0,0.0,0.0,0.0,0.0,0.0,0.0
carbon_pipeline,HR-HU,0.0,0.0,0.0,0.0,0.0,0.0,0.0,0.0,0.0,0.0,0.0,0.0,0.0,0.0,0.0,0.0,0.0,0.0,0.0,0.0,0.0,0.0,0.0,0.0,0.0,0.0,0.0,0.0,0.0,0.0
carbon_pipeline,HR-SI,0.0,0.0,0.0,0.0,0.0,0.0,0.0,0.0,0.0,0.0,0.0,0.0,0.0,0.0,0.0,0.0,0.0,0.0,0.0,0.0,0.0,0.0,0.0,0.0,0.0,0.0,0.0,0.0,0.0,0.0
carbon_pipeline,HU-AT,0.0,0.0,0.0,0.0,0.0,0.0,0.0,0.0,0.0,0.0,0.0,0.0,0.0,0.0,0.0,0.0,0.0,0.0,0.0,0.0,0.0,0.0,0.0,0.0,0.0,0.0,0.0,0.0,0.0,0.0
carbon_pipeline,HU-HR,0.0,0.0,0.0,0.0,0.0,0.0,0.0,0.0,0.0,0.0,0.0,0.0,0.0,0.0,0.0,0.0,0.0,0.0,0.0,0.0,0.0,0.0,0.0,0.0,0.0,0.0,0.0,0.0,0.0,0.0
carbon_pipeline,HU-RO,0.0,0.0,0.0,0.0,0.0,0.0,0.0,0.0,0.0,0.0,0.0,0.0,0.0,0.0,0.0,0.0,0.0,0.0,0.0,0.0,0.0,0.0,0.0,0.0,0.0,0.0,0.0,0.0,0.0,0.0
carbon_pipeline,HU-SI,0.0,0.0,0.0,0.0,0.0,0.0,0.0,0.0,0.0,0.0,0.0,0.0,0.0,0.0,0.0,0.0,0.0,0.0,0.0,0.0,0.0,0.0,0.0,0.0,0.0,0.0,0.0,0.0,0.0,0.0
carbon_pipeline,HU-SK,0.0,0.0,0.0,0.0,0.0,0.0,0.0,0.0,0.0,0.0,0.0,0.0,0.0,0.0,0.0,0.0,0.0,0.0,0.0,0.0,0.0,0.0,0.0,0.0,0.0,0.0,0.0,0.0,0.0,0.0
carbon_pipeline,IE-UK,0.0,0.0,0.0,0.0,0.0,0.0,0.0,0.0,0.0,0.0,0.0,0.0,0.0,0.0,0.0,0.0,0.0,0.0,0.0,0.0,0.0,0.0,0.0,0.0,0.0,0.0,0.0,0.0,0.0,0.0
carbon_pipeline,IT-AT,0.0,0.0,0.0,0.0,0.0,0.0,0.0,0.0,0.0,0.0,0.0,0.0,0.0,0.0,0.0,0.0,0.0,0.0,0.0,0.0,0.0,0.0,0.0,0.0,0.0,0.0,0.0,0.0,0.0,0.0
carbon_pipeline,IT-CH,0.0,0.0,0.0,0.0,0.0,0.0,0.0,0.0,0.0,0.0,0.0,0.0,0.0,0.0,0.0,0.0,0.0,0.0,0.0,0.0,0.0,0.0,0.0,0.0,0.0,0.0,0.0,0.0,0.0,0.0
carbon_pipeline,IT-EL,0.0,0.0,0.0,0.0,0.0,0.0,0.0,0.0,0.0,0.0,0.0,0.0,0.0,0.0,0.0,0.0,0.0,0.0,0.0,0.0,0.0,0.0,0.0,0.0,0.0,0.0,0.0,0.0,0.0,0.0
carbon_pipeline,IT-FR,0.0,0.0,0.0,0.0,0.0,0.0,0.0,0.0,0.0,0.0,0.0,0.0,0.0,0.0,0.0,0.0,0.0,0.0,0.0,0.0,0.0,0.0,0.0,0.0,0.0,0.0,0.0,0.0,0.0,0.0
carbon_pipeline,IT-SI,0.0,0.0,0.0,0.0,0.0,0.0,0.0,0.0,0.0,0.0,0.0,0.0,0.0,0.0,0.0,0.0,0.0,0.0,0.0,0.0,0.0,0.0,0.0,0.0,0.0,0.0,0.0,0.0,0.0,0.0
carbon_pipeline,LT-LV,0.0,0.0,0.0,0.0,0.0,0.0,0.0,0.0,0.0,0.0,0.0,0.0,0.0,0.0,0.0,0.0,0.0,0.0,0.0,0.0,0.0,0.0,0.0,0.0,0.0,0.0,0.0,0.0,0.0,0.0
carbon_pipeline,LT-PL,0.0,0.0,0.0,0.0,0.0,0.0,0.0,0.0,0.0,0.0,0.0,0.0,0.0,0.0,0.0,0.0,0.0,0.0,0.0,0.0,0.0,0.0,0.0,0.0,0.0,0.0,0.0,0.0,0.0,0.0
carbon_pipeline,LT-SE,0.0,0.0,0.0,0.0,0.0,0.0,0.0,0.0,0.0,0.0,0.0,0.0,0.0,0.0,0.0,0.0,0.0,0.0,0.0,0.0,0.0,0.0,0.0,0.0,0.0,0.0,0.0,0.0,0.0,0.0
carbon_pipeline,LU-BE,0.0,0.0,0.0,0.0,0.0,0.0,0.0,0.0,0.0,0.0,0.0,0.0,0.0,0.0,0.0,0.0,0.0,0.0,0.0,0.0,0.0,0.0,0.0,0.0,0.0,0.0,0.0,0.0,0.0,0.0
carbon_pipeline,LU-DE,0.0,0.0,0.0,0.0,0.0,0.0,0.0,0.0,0.0,0.0,0.0,0.0,0.0,0.0,0.0,0.0,0.0,0.0,0.0,0.0,0.0,0.0,0.0,0.0,0.0,0.0,0.0,0.0,0.0,0.0
carbon_pipeline,LU-FR,0.0,0.0,0.0,0.0,0.0,0.0,0.0,0.0,0.0,0.0,0.0,0.0,0.0,0.0,0.0,0.0,0.0,0.0,0.0,0.0,0.0,0.0,0.0,0.0,0.0,0.0,0.0,0.0,0.0,0.0
carbon_pipeline,LV-EE,0.0,0.0,0.0,0.0,0.0,0.0,0.0,0.0,0.0,0.0,0.0,0.0,0.0,0.0,0.0,0.0,0.0,0.0,0.0,0.0,0.0,0.0,0.0,0.0,0.0,0.0,0.0,0.0,0.0,0.0
carbon_pipeline,LV-LT,0.0,0.0,0.0,0.0,0.0,0.0,0.0,0.0,0.0,0.0,0.0,0.0,0.0,0.0,0.0,0.0,0.0,0.0,0.0,0.0,0.0,0.0,0.0,0.0,0.0,0.0,0.0,0.0,0.0,0.0
carbon_pipeline,NL-BE,0.0,0.0,0.0,0.0,0.0,0.0,0.0,0.0,0.0,0.0,0.0,0.0,0.0,0.0,0.0,0.0,0.0,0.0,0.0,0.0,0.0,0.0,0.0,0.0,0.0,0.0,0.0,0.0,0.0,0.0
carbon_pipeline,NL-DE,0.0,0.0,0.0,0.0,0.0,0.0,0.0,0.0,0.0,0.0,0.0,0.0,0.0,0.0,0.0,0.0,0.0,0.0,0.0,0.0,0.0,0.0,0.0,0.0,0.0,0.0,0.0,0.0,0.0,0.0
carbon_pipeline,NL-DK,0.0,0.0,0.0,0.0,0.0,0.0,0.0,0.0,0.0,0.0,0.0,0.0,0.0,0.0,0.0,0.0,0.0,0.0,0.0,0.0,0.0,0.0,0.0,0.0,0.0,0.0,0.0,0.0,0.0,0.0
carbon_pipeline,NL-NO,0.0,0.0,0.0,0.0,0.0,0.0,0.0,0.0,0.0,0.0,0.0,0.0,0.0,0.0,0.0,0.0,0.0,0.0,0.0,0.0,0.0,0.0,0.0,0.0,0.0,0.0,0.0,0.0,0.0,0.0
carbon_pipeline,NL-UK,0.0,0.0,0.0,0.0,0.0,0.0,0.0,0.0,0.0,0.0,0.0,0.0,0.0,0.0,0.0,0.0,0.0,0.0,0.0,0.0,0.0,0.0,0.0,0.0,0.0,0.0,0.0,0.0,0.0,0.0
carbon_pipeline,NO-BE,0.0,0.0,0.0,0.0,0.0,0.0,0.0,0.0,0.0,0.0,0.0,0.0,0.0,0.0,0.0,0.0,0.0,0.0,0.0,0.0,0.0,0.0,0.0,0.0,0.0,0.0,0.0,0.0,0.0,0.0
carbon_pipeline,NO-DE,0.0,0.0,0.0,0.0,0.0,0.0,0.0,0.0,0.0,0.0,0.0,0.0,0.0,0.0,0.0,0.0,0.0,0.0,0.0,0.0,0.0,0.0,0.0,0.0,0.0,0.0,0.0,0.0,0.0,0.0
carbon_pipeline,NO-DK,0.0,0.0,0.0,0.0,0.0,0.0,0.0,0.0,0.0,0.0,0.0,0.0,0.0,0.0,0.0,0.0,0.0,0.0,0.0,0.0,0.0,0.0,0.0,0.0,0.0,0.0,0.0,0.0,0.0,0.0
carbon_pipeline,NO-FI,0.0,0.0,0.0,0.0,0.0,0.0,0.0,0.0,0.0,0.0,0.0,0.0,0.0,0.0,0.0,0.0,0.0,0.0,0.0,0.0,0.0,0.0,0.0,0.0,0.0,0.0,0.0,0.0,0.0,0.0
carbon_pipeline,NO-FR,0.0,0.0,0.0,0.0,0.0,0.0,0.0,0.0,0.0,0.0,0.0,0.0,0.0,0.0,0.0,0.0,0.0,0.0,0.0,0.0,0.0,0.0,0.0,0.0,0.0,0.0,0.0,0.0,0.0,0.0
carbon_pipeline,NO-NL,0.0,0.0,0.0,0.0,0.0,0.0,0.0,0.0,0.0,0.0,0.0,0.0,0.0,0.0,0.0,0.0,0.0,0.0,0.0,0.0,0.0,0.0,0.0,0.0,0.0,0.0,0.0,0.0,0.0,0.0
carbon_pipeline,NO-SE,0.0,0.0,0.0,0.0,0.0,0.0,0.0,0.0,0.0,0.0,0.0,0.0,0.0,0.0,0.0,0.0,0.0,0.0,0.0,0.0,0.0,0.0,0.0,0.0,0.0,0.0,0.0,0.0,0.0,0.0
carbon_pipeline,NO-UK,0.0,0.0,0.0,0.0,0.0,0.0,0.0,0.0,0.0,0.0,0.0,0.0,0.0,0.0,0.0,0.0,0.0,0.0,0.0,0.0,0.0,0.0,0.0,0.0,0.0,0.0,0.0,0.0,0.0,0.0
carbon_pipeline,PL-CZ,0.0,0.0,0.0,0.0,0.0,0.0,0.0,0.0,0.0,0.0,0.0,0.0,0.0,0.0,0.0,0.0,0.0,0.0,0.0,0.0,0.0,0.0,0.0,0.0,0.0,0.0,0.0,0.0,0.0,0.0
carbon_pipeline,PL-DE,0.0,0.0,0.0,0.0,0.0,0.0,0.0,0.0,0.0,0.0,0.0,0.0,0.0,0.0,0.0,0.0,0.0,0.0,0.0,0.0,0.0,0.0,0.0,0.0,0.0,0.0,0.0,0.0,0.0,0.0
carbon_pipeline,PL-LT,0.0,0.0,0.0,0.0,0.0,0.0,0.0,0.0,0.0,0.0,0.0,0.0,0.0,0.0,0.0,0.0,0.0,0.0,0.0,0.0,0.0,0.0,0.0,0.0,0.0,0.0,0.0,0.0,0.0,0.0
carbon_pipeline,PL-SE,0.0,0.0,0.0,0.0,0.0,0.0,0.0,0.0,0.0,0.0,0.0,0.0,0.0,0.0,0.0,0.0,0.0,0.0,0.0,0.0,0.0,0.0,0.0,0.0,0.0,0.0,0.0,0.0,0.0,0.0
carbon_pipeline,PL-SK,0.0,0.0,0.0,0.0,0.0,0.0,0.0,0.0,0.0,0.0,0.0,0.0,0.0,0.0,0.0,0.0,0.0,0.0,0.0,0.0,0.0,0.0,0.0,0.0,0.0,0.0,0.0,0.0,0.0,0.0
carbon_pipeline,PT-ES,0.0,0.0,0.0,0.0,0.0,0.0,0.0,0.0,0.0,0.0,0.0,0.0,0.0,0.0,0.0,0.0,0.0,0.0,0.0,0.0,0.0,0.0,0.0,0.0,0.0,0.0,0.0,0.0,0.0,0.0
carbon_pipeline,RO-BG,0.0,0.0,0.0,0.0,0.0,0.0,0.0,0.0,0.0,0.0,0.0,0.0,0.0,0.0,0.0,0.0,0.0,0.0,0.0,0.0,0.0,0.0,0.0,0.0,0.0,0.0,0.0,0.0,0.0,0.0
carbon_pipeline,RO-HU,0.0,0.0,0.0,0.0,0.0,0.0,0.0,0.0,0.0,0.0,0.0,0.0,0.0,0.0,0.0,0.0,0.0,0.0,0.0,0.0,0.0,0.0,0.0,0.0,0.0,0.0,0.0,0.0,0.0,0.0
carbon_pipeline,SE-DE,0.0,0.0,0.0,0.0,0.0,0.0,0.0,0.0,0.0,0.0,0.0,0.0,0.0,0.0,0.0,0.0,0.0,0.0,0.0,0.0,0.0,0.0,0.0,0.0,0.0,0.0,0.0,0.0,0.0,0.0
carbon_pipeline,SE-DK,0.0,0.0,0.0,0.0,0.0,0.0,0.0,0.0,0.0,0.0,0.0,0.0,0.0,0.0,0.0,0.0,0.0,0.0,0.0,0.0,0.0,0.0,0.0,0.0,0.0,0.0,0.0,0.0,0.0,0.0
carbon_pipeline,SE-FI,0.0,0.0,0.0,0.0,0.0,0.0,0.0,0.0,0.0,0.0,0.0,0.0,0.0,0.0,0.0,0.0,0.0,0.0,0.0,0.0,0.0,0.0,0.0,0.0,0.0,0.0,0.0,0.0,0.0,0.0
carbon_pipeline,SE-LT,0.0,0.0,0.0,0.0,0.0,0.0,0.0,0.0,0.0,0.0,0.0,0.0,0.0,0.0,0.0,0.0,0.0,0.0,0.0,0.0,0.0,0.0,0.0,0.0,0.0,0.0,0.0,0.0,0.0,0.0
carbon_pipeline,SE-NO,0.0,0.0,0.0,0.0,0.0,0.0,0.0,0.0,0.0,0.0,0.0,0.0,0.0,0.0,0.0,0.0,0.0,0.0,0.0,0.0,0.0,0.0,0.0,0.0,0.0,0.0,0.0,0.0,0.0,0.0
carbon_pipeline,SE-PL,0.0,0.0,0.0,0.0,0.0,0.0,0.0,0.0,0.0,0.0,0.0,0.0,0.0,0.0,0.0,0.0,0.0,0.0,0.0,0.0,0.0,0.0,0.0,0.0,0.0,0.0,0.0,0.0,0.0,0.0
carbon_pipeline,SI-AT,0.0,0.0,0.0,0.0,0.0,0.0,0.0,0.0,0.0,0.0,0.0,0.0,0.0,0.0,0.0,0.0,0.0,0.0,0.0,0.0,0.0,0.0,0.0,0.0,0.0,0.0,0.0,0.0,0.0,0.0
carbon_pipeline,SI-HR,0.0,0.0,0.0,0.0,0.0,0.0,0.0,0.0,0.0,0.0,0.0,0.0,0.0,0.0,0.0,0.0,0.0,0.0,0.0,0.0,0.0,0.0,0.0,0.0,0.0,0.0,0.0,0.0,0.0,0.0
carbon_pipeline,SI-HU,0.0,0.0,0.0,0.0,0.0,0.0,0.0,0.0,0.0,0.0,0.0,0.0,0.0,0.0,0.0,0.0,0.0,0.0,0.0,0.0,0.0,0.0,0.0,0.0,0.0,0.0,0.0,0.0,0.0,0.0
carbon_pipeline,SI-IT,0.0,0.0,0.0,0.0,0.0,0.0,0.0,0.0,0.0,0.0,0.0,0.0,0.0,0.0,0.0,0.0,0.0,0.0,0.0,0.0,0.0,0.0,0.0,0.0,0.0,0.0,0.0,0.0,0.0,0.0
carbon_pipeline,SK-AT,0.0,0.0,0.0,0.0,0.0,0.0,0.0,0.0,0.0,0.0,0.0,0.0,0.0,0.0,0.0,0.0,0.0,0.0,0.0,0.0,0.0,0.0,0.0,0.0,0.0,0.0,0.0,0.0,0.0,0.0
carbon_pipeline,SK-CZ,0.0,0.0,0.0,0.0,0.0,0.0,0.0,0.0,0.0,0.0,0.0,0.0,0.0,0.0,0.0,0.0,0.0,0.0,0.0,0.0,0.0,0.0,0.0,0.0,0.0,0.0,0.0,0.0,0.0,0.0
carbon_pipeline,SK-HU,0.0,0.0,0.0,0.0,0.0,0.0,0.0,0.0,0.0,0.0,0.0,0.0,0.0,0.0,0.0,0.0,0.0,0.0,0.0,0.0,0.0,0.0,0.0,0.0,0.0,0.0,0.0,0.0,0.0,0.0
carbon_pipeline,SK-PL,0.0,0.0,0.0,0.0,0.0,0.0,0.0,0.0,0.0,0.0,0.0,0.0,0.0,0.0,0.0,0.0,0.0,0.0,0.0,0.0,0.0,0.0,0.0,0.0,0.0,0.0,0.0,0.0,0.0,0.0
carbon_pipeline,UK-BE,0.0,0.0,0.0,0.0,0.0,0.0,0.0,0.0,0.0,0.0,0.0,0.0,0.0,0.0,0.0,0.0,0.0,0.0,0.0,0.0,0.0,0.0,0.0,0.0,0.0,0.0,0.0,0.0,0.0,0.0
carbon_pipeline,UK-DE,0.0,0.0,0.0,0.0,0.0,0.0,0.0,0.0,0.0,0.0,0.0,0.0,0.0,0.0,0.0,0.0,0.0,0.0,0.0,0.0,0.0,0.0,0.0,0.0,0.0,0.0,0.0,0.0,0.0,0.0
carbon_pipeline,UK-DK,0.0,0.0,0.0,0.0,0.0,0.0,0.0,0.0,0.0,0.0,0.0,0.0,0.0,0.0,0.0,0.0,0.0,0.0,0.0,0.0,0.0,0.0,0.0,0.0,0.0,0.0,0.0,0.0,0.0,0.0
carbon_pipeline,UK-FR,0.0,0.0,0.0,0.0,0.0,0.0,0.0,0.0,0.0,0.0,0.0,0.0,0.0,0.0,0.0,0.0,0.0,0.0,0.0,0.0,0.0,0.0,0.0,0.0,0.0,0.0,0.0,0.0,0.0,0.0
carbon_pipeline,UK-IE,0.0,0.0,0.0,0.0,0.0,0.0,0.0,0.0,0.0,0.0,0.0,0.0,0.0,0.0,0.0,0.0,0.0,0.0,0.0,0.0,0.0,0.0,0.0,0.0,0.0,0.0,0.0,0.0,0.0,0.0
carbon_pipeline,UK-NL,0.0,0.0,0.0,0.0,0.0,0.0,0.0,0.0,0.0,0.0,0.0,0.0,0.0,0.0,0.0,0.0,0.0,0.0,0.0,0.0,0.0,0.0,0.0,0.0,0.0,0.0,0.0,0.0,0.0,0.0
carbon_pipeline,UK-NO,0.0,0.0,0.0,0.0,0.0,0.0,0.0,0.0,0.0,0.0,0.0,0.0,0.0,0.0,0.0,0.0,0.0,0.0,0.0,0.0,0.0,0.0,0.0,0.0,0.0,0.0,0.0,0.0,0.0,0.0
carbon_storage,AT,0.0,0.0,0.0,0.0,0.0,0.0,0.0,0.0,0.0,0.0,0.0,0.0,0.0,0.0,0.0,0.0,0.0,0.0,0.0,0.0,0.0,0.0,0.0,0.0,0.0,0.0,0.0,0.0,0.0,0.0
carbon_storage,BE,1.6223889960362522e-08,1.8822243028773914e-08,2.4479663326960895e-08,2.978457206931602e-08,2.676609841343981e-08,2.927490976474216e-08,2.892170531408651e-08,3.2669392686381964e-08,3.537065440271734e-08,3.827816997242762e-08,5.599200807848244e-08,7.748909074420228e-08,9.944601117177503e-08,1.818096868319291e-07,8.9791737979263,20.63225776299468,23.529042198875306,48.55872718942671,48.91429904552135,50.41148345762281,48.78992737114432,53.314207801820196,52.81527220597716,53.90967629809488,54.68754480675142,54.694900630199335,54.68652769424064,54.67400284456851,52.6993872749472,45.105496725076456
carbon_storage,BG,0.0,0.0,0.0,0.0,0.0,0.0,0.0,0.0,0.0,0.0,0.0,0.0,0.0,0.0,0.0,0.0,0.0,0.0,0.0,0.0,0.0,0.0,0.0,0.0,0.0,0.0,0.0,0.0,0.0,0.0
carbon_storage,CH,0.0,0.0,0.0,0.0,0.0,0.0,0.0,0.0,0.0,0.0,0.0,0.0,0.0,0.0,0.0,0.0,0.0,0.0,0.0,0.0,0.0,0.0,0.0,0.0,0.0,0.0,0.0,0.0,0.0,0.0
carbon_storage,CZ,0.0,0.0,0.0,0.0,0.0,0.0,0.0,0.0,0.0,0.0,0.0,0.0,0.0,0.0,0.0,0.0,0.0,0.0,0.0,0.0,0.0,0.0,0.0,0.0,0.0,0.0,0.0,0.0,0.0,0.0
carbon_storage,DE,1.7349826603600165e-08,2.0266993131413707e-08,2.6359887990279572e-08,3.20882398905957e-08,2.8522281534869515e-08,3.1395884207093337e-08,3.2951109813796844e-08,3.830358068368608e-08,4.1842588137509824e-08,4.580731776112432e-08,5.71907026088117e-08,6.76874726095653e-08,7.828050043825806e-08,1.0376059506119388e-07,1.7712588245818602e-07,1.4677945898352375e-06,1.6003301262699286e-06,1.6540723800461753e-06,1.7334143709350357e-06,13.292052504256313,11.824657443213118,15.599999807193814,15.599999890742273,15.599999916275175,15.599999930259735,15.599999925227193,15.599999912712418,15.599999932295558,15.59999991464891,15.59999994170749
carbon_storage,DK,7.411062953226734e-09,8.98131101429775e-09,1.0063675365211252e-08,1.1024100295843564e-08,1.2149079393240516e-08,4.855508304153714e-08,5.15182274978315e-08,5.902158667951719e-08,6.453899528055885e-08,7.014388469238421e-08,8.662330425910544e-08,1.0045717546168348e-07,1.1011798054475983e-07,1.257818765730753e-07,1.5504725422070282e-07,2.0252640754154243e-07,2.3365036644003153e-07,2.6126214472841143e-07,2.986031618962304e-07,4.0962885883377824e-07,6.063926807878164,107.99999954542676,107.9999997814734,107.99999986165827,107.9999998934604,107.9999998862906,107.99999987637052,107.99999990179109,107.99999987964648,107.9999999187985
carbon_storage,EE,0.0,0.0,0.0,0.0,0.0,0.0,0.0,0.0,0.0,0.0,0.0,0.0,0.0,0.0,0.0,0.0,0.0,0.0,0.0,0.0,0.0,0.0,0.0,0.0,0.0,0.0,0.0,0.0,0.0,0.0
carbon_storage,EL,9.22791606409153e-09,9.72994804204663e-09,1.1066597101917904e-08,1.2010580640062016e-08,4.134566801995598e-08,5.2319948319281014e-08,6.324100792910375e-08,7.526594121303266e-08,8.392089340016867e-08,9.540839780305956e-08,1.0840671348760466e-07,1.2330359009229218e-07,1.34161090252476e-07,1.6423033533253916e-07,1.8787676324242964e-07,2.1158392107100272e-07,2.4224105252972163e-07,2.827256408743938e-07,3.296776355377696e-07,3.9398649296830274e-07,5.543816482525699e-07,1.0180383853573937e-06,0.2920000022170455,11.961768181937881,23.582432701844667,23.999999582945097,23.999999738927478,23.999999817389693,23.999999895615765,23.999999946220804
carbon_storage,ES,0.0,0.0,0.0,0.0,0.0,0.0,0.0,0.0,0.0,0.0,0.0,0.0,0.0,0.0,0.0,0.0,0.0,0.0,0.0,0.0,0.0,0.0,0.0,0.0,0.0,0.0,0.0,0.0,0.0,0.0
carbon_storage,FI,1.1771457334948944e-08,1.373611945597151e-08,1.623334806475771e-08,1.890275066569343e-08,1.9932563025612582e-08,2.2027542210792924e-08,2.4449417719382117e-08,2.5972656418605463e-08,2.7746409402624956e-08,2.9473911095044625e-08,3.348621816146341e-08,3.636761185837978e-08,3.8768357036984454e-08,4.0869622107316374e-08,4.4238514118848054e-08,4.874986604698588e-08,5.3957953827507224e-08,5.947630495747929e-08,6.651271657906805e-08,7.696132966603648e-08,9.346156197830876e-08,1.2769161237552846e-07,1.9215806299081913e-07,1.3608788639725468e-06,1.599999857764144,1.5999999179136066,1.5999999346224045,1.599999936807237,1.5999999376497052,1.5999999456673444
carbon_storage,FR,1.7206831781924845e-08,1.9727725863560848e-08,2.603152894723255e-08,3.148596262608864e-08,2.795322390776535e-08,3.1470132705390303e-08,3.338920519960939e-08,3.8654514200921114e-08,4.239413269788107e-08,4.6677117351121986e-08,5.875677505609737e-08,7.055403118440295e-08,8.111644659268877e-08,9.946864514743936e-08,1.2391186443383687e-07,1.445952923268396e-07,1.6870312436102508e-07,1.9503745700551058e-07,2.326339749226456e-07,3.207034198699624e-07,5.551957923596346e-07,1.801276427232448e-06,13.807405409529858,49.599998915482885,49.5999990786467,49.59999925207117,49.59999931031496,49.59999946332682,49.59999953535766,49.59999968426377
carbon_storage,HR,1.9092568065722778e-08,2.195121359948156e-08,2.8478794986143263e-08,3.4475920918480234e-08,2.7999765525605276e-08,3.270981195522613e-08,3.735917629998943e-08,4.448616959638254e-08,4.99372443984934e-08,5.6872725015517284e-08,6.626612014974905e-08,7.750540082203293e-08,9.042381023343263e-08,1.1015546245265004e-07,1.3127564344632828e-07,1.5373426097228978e-07,1.9065951591158927e-07,2.153876156565442e-07,2.504178274131819e-07,3.176089647424302e-07,6.313750734258724e-07,0.7845582935399473,0.9799998293697402,0.9799998857282166,0.9799999045509625,0.9799999501619484,0.9799999607481407,0.9799999625430905,0.9799999706902444,0.979999975625899
carbon_storage,HU,0.0,0.0,0.0,0.0,0.0,0.0,0.0,0.0,0.0,0.0,0.0,0.0,0.0,0.0,0.0,0.0,0.0,0.0,0.0,0.0,0.0,0.0,0.0,0.0,0.0,0.0,0.0,0.0,0.0,0.0
carbon_storage,IE,1.326584260307201e-08,1.5355900652480325e-08,1.949151506880994e-08,2.3541667343218746e-08,1.9750013699685236e-08,2.151268954557443e-08,2.264539268365129e-08,2.4832947430200504e-08,2.6591495006987034e-08,2.8209134404996602e-08,3.1187896973547483e-08,3.3800533284357106e-08,3.635503252861424e-08,3.881701760074003e-08,4.196572209928434e-08,4.546620030075519e-08,5.04397634028851e-08,5.570523952012188e-08,6.248941170338826e-08,7.255187402310578e-08,8.838259753522856e-08,1.2555093493129937e-07,2.2935007914163605e-07,2.2877191721457005e-06,7.982066723137693,8.635407185984782,8.63531240145387,8.634479004064843,7.597186931965684,7.5845392044523985
carbon_storage,IT,8.90840078239166e-09,9.445233647070805e-09,1.0486745956820353e-08,1.1271667975525933e-08,5.8029123355725766e-08,7.470866673142918e-08,8.965097274392407e-08,1.1422311271347568e-07,1.3121561170259312e-07,1.507712385793558e-07,1.821776149277474e-07,2.1262100978431255e-07,2.407766012156049e-07,2.8613572723531365e-07,3.4073363203279394e-07,4.109081604074576e-07,6.34901504882568e-07,7.596824466492043e-07,8.619831838447529e-07,1.0514632608262247e-06,0.07065030499249449,0.0800553390503828,15.999999554092327,15.999999743511394,15.999999801236443,15.999999913130603,15.999999931830825,15.999999938263619,15.99999995236051,15.999999963146605
carbon_storage,LT,0.0,0.0,0.0,0.0,0.0,0.0,0.0,0.0,0.0,0.0,0.0,0.0,0.0,0.0,0.0,0.0,0.0,0.0,0.0,0.0,0.0,0.0,0.0,0.0,0.0,0.0,0.0,0.0,0.0,0.0
carbon_storage,LU,0.0,0.0,0.0,0.0,0.0,0.0,0.0,0.0,0.0,0.0,0.0,0.0,0.0,0.0,0.0,0.0,0.0,0.0,0.0,0.0,0.0,0.0,0.0,0.0,0.0,0.0,0.0,0.0,0.0,0.0
carbon_storage,LV,0.0,0.0,0.0,0.0,0.0,0.0,0.0,0.0,0.0,0.0,0.0,0.0,0.0,0.0,0.0,0.0,0.0,0.0,0.0,0.0,0.0,0.0,0.0,0.0,0.0,0.0,0.0,0.0,0.0,0.0
carbon_storage,NL,8.297112234072971e-09,1.0378340690263718e-08,1.1800889506898063e-08,1.2912124218453984e-08,1.6342232506081532e-08,1.712639295770149e-08,6.541771372329503e-08,8.265897085343601e-08,9.25964199336015e-08,1.0377204346535998e-07,2.336589023226515e-07,9.087690864860804e-07,4.057706333905782,7.868972643089657,7.065068377837033,7.065068418449854,7.065068444807171,7.113490056955804,7.065068500833831,7.250326823326853,7.256444676389798,70.30145397130114,70.2809208261543,71.21723445375159,71.26913589350428,71.28088101789123,71.28510882397195,71.29023079625205,70.8794025704069,71.63843762311913
carbon_storage,NO,2.4127530379828998e-08,2.7747755824424833e-08,3.51116560175999e-08,4.555430592881917e-08,4.7162605318620555e-08,5.2138780287447364e-08,6.03224840458334e-08,6.631363224237015e-08,7.222397029093975e-08,7.835785148659015e-08,9.642631627061473e-08,1.090358009110128e-07,1.1763925077228977e-07,1.250825782079439e-07,1.3938397493910136e-07,1.5809126195152503e-07,1.7594945489852685e-07,1.989795471097796e-07,2.3061570504968957e-07,2.8505807380986206e-07,3.9872114237823147e-07,6.884847157991254e-07,1.3235193206312747e-06,8.799999357733302,8.799999852070611,76.3888634146575,116.53292204832472,117.31999951432363,117.3199994450267,117.31999964736791
carbon_storage,PL,0.0,0.0,0.0,0.0,0.0,0.0,0.0,0.0,0.0,0.0,0.0,0.0,0.0,0.0,0.0,0.0,0.0,0.0,0.0,0.0,0.0,0.0,0.0,0.0,0.0,0.0,0.0,0.0,0.0,0.0
carbon_storage,PT,0.0,0.0,0.0,0.0,0.0,0.0,0.0,0.0,0.0,0.0,0.0,0.0,0.0,0.0,0.0,0.0,0.0,0.0,0.0,0.0,0.0,0.0,0.0,0.0,0.0,0.0,0.0,0.0,0.0,0.0
carbon_storage,RO,0.0,0.0,0.0,0.0,0.0,0.0,0.0,0.0,0.0,0.0,0.0,0.0,0.0,0.0,0.0,0.0,0.0,0.0,0.0,0.0,0.0,0.0,0.0,0.0,0.0,0.0,0.0,0.0,0.0,0.0
carbon_storage,SE,1.2272563390563098e-08,1.4465026874487923e-08,1.7371838652221755e-08,2.0518963671144367e-08,2.1589069039085827e-08,2.355370167832418e-08,2.611024093865081e-08,2.8017751705099828e-08,3.000571862565846e-08,3.196036380858847e-08,3.61679640709344e-08,3.912218236258675e-08,4.175926604548606e-08,4.442870900150089e-08,4.826478066258781e-08,5.3037654843361315e-08,5.875445204774835e-08,6.41337169342723e-08,7.084049728582325e-08,8.011099807595036e-08,9.528471642110664e-08,1.2368967928237656e-07,1.712576155847846e-07,7.494238163293728e-07,12.399999809947532,12.399999822780467,12.399999825715861,12.399999859397166,12.399999846017407,12.399999889836598
carbon_storage,SI,0.0,0.0,0.0,0.0,0.0,0.0,0.0,0.0,0.0,0.0,0.0,0.0,0.0,0.0,0.0,0.0,0.0,0.0,0.0,0.0,0.0,0.0,0.0,0.0,0.0,0.0,0.0,0.0,0.0,0.0
carbon_storage,SK,0.0,0.0,0.0,0.0,0.0,0.0,0.0,0.0,0.0,0.0,0.0,0.0,0.0,0.0,0.0,0.0,0.0,0.0,0.0,0.0,0.0,0.0,0.0,0.0,0.0,0.0,0.0,0.0,0.0,0.0
carbon_storage,UK,6.253593687673189e-09,6.556957657902293e-09,7.4349481329682686e-09,9.460600108558905e-09,4.017204539104041e-08,4.525983669113802e-08,4.957104434293072e-08,5.8829531810775845e-08,6.440153958366117e-08,6.937452251723707e-08,8.717390096765887e-08,1.0425652578577918e-07,1.1680827727057736e-07,1.3701517681973148e-07,1.676600012081239e-07,1.9158629528403576e-07,2.2120413308669862e-07,2.537995453390116e-07,2.9749964686842106e-07,4.585724401556429e-07,8.745751328181592,31.900831480490677,58.854227707192884,78.41845222004194,78.8605535163046,78.93417351164467,78.93841379821859,78.94665024530941,76.97217858239954,76.82757162480806
hard_coal_plant_CCS,AT,1.999303809725121e-08,2.4040540406378028e-08,2.8452137076129233e-08,3.198673338702333e-08,4.372054018678485e-08,5.9000372512821174e-08,8.024256049356205e-08,1.1323669785803341e-07,1.2644850293881814e-07,1.387926947331473e-07,1.512652524303983e-07,1.6087117743348993e-07,1.7091287886410648e-07,1.805690028090371e-07,1.8880895541080788e-07,1.957620989604852e-07,2.0107272100755398e-07,2.0563771532470794e-07,2.0904694717743326e-07,2.1102383214123877e-07,2.1249370399920488e-07,2.1400522542037087e-07,2.1430537601957308e-07,2.1445175337569172e-07,2.1267977163490208e-07,2.1001727012397287e-07,2.031952943816399e-07,2.0886358971137623e-07,2.047121992588352e-07,2.0797606658500316e-07
hard_coal_plant_CCS,BE,2.010030188742332e-08,2.39892775309658e-08,2.824693452837495e-08,3.1358621381116676e-08,4.116149045073041e-08,5.429835153340689e-08,7.302211829130589e-08,9.802044277845618e-08,1.1579641362690171e-07,1.3877352677485848e-07,2.2170678719116425e-07,2.398228197774877e-07,2.505660649740803e-07,2.57054015811012e-07,2.6239415478589447e-07,2.652939501933451e-07,2.714181329907613e-07,2.7439796509062855e-07,2.781832639609219e-07,2.8059400065608245e-07,2.785603461021798e-07,2.849717688183008e-07,2.85374603490067e-07,2.8595349940103604e-07,2.799295561447065e-07,2.8098875256746554e-07,2.6848627505000293e-07,2.746697942397103e-07,2.66586556338482e-07,2.704603374616905e-07
hard_coal_plant_CCS,BG,1.689998645322282e-08,2.036469940404839e-08,2.5007839402714962e-08,2.9338261360906516e-08,4.0539222140563875e-08,5.284662721426316e-08,6.705077672341132e-08,8.460016463856966e-08,9.603485176187421e-08,1.121675583090909e-07,1.2338947699404798e-07,1.335510042366927e-07,1.3768987302828005e-07,1.449246725059106e-07,1.5124271098887423e-07,1.5608773942363037e-07,1.6043946142354003e-07,1.6297607614222896e-07,1.6666016124226536e-07,1.6926557063842417e-07,1.7149981037026258e-07,1.7216298371407026e-07,1.7279451239879207e-07,1.7251674264164342e-07,1.7213656724310522e-07,1.7187634553345447e-07,1.6831777290227964e-07,1.7264845127027653e-07,1.7154499300570013e-07,1.744961123343083e-07
hard_coal_plant_CCS,CH,2.0170610721785514e-08,2.4379451914126405e-08,2.8784420862122283e-08,3.193431347257683e-08,4.322060461143721e-08,5.725968264674682e-08,7.616823683002204e-08,1.1045245750992898e-07,1.238169144632797e-07,1.3518783691391763e-07,1.4536746693184194e-07,1.5298522423690472e-07,1.599877612102078e-07,1.6625841813374887e-07,1.7103603821944517e-07,1.7513308628403239e-07,1.7856546024319484e-07,1.8124232591955087e-07,1.8375564860640623e-07,1.8503974301458036e-07,1.8377270064386718e-07,1.8486458805488903e-07,1.863010725064031e-07,1.8641982191078659e-07,1.858137405644244e-07,1.8342050708845226e-07,1.7770030989513152e-07,1.8278578312791708e-07,1.8284017772691454e-07,1.8734287196156064e-07
hard_coal_plant_CCS,CZ,1.9016516943480038e-08,2.279103939202022e-08,2.6956423211238283e-08,3.059760195877984e-08,4.0987006333636236e-08,5.3552544974483517e-08,6.831558412745067e-08,8.318878005209708e-08,9.035906606598799e-08,9.617250086344754e-08,1.0086358444150938e-07,1.0509719401990671e-07,1.0891793189522537e-07,1.1173833522120815e-07,1.1468176538551084e-07,1.1747785103801595e-07,1.1953906014847167e-07,1.2163642604776202e-07,1.2429466846148475e-07,1.2618887652732597e-07,1.2749072009115433e-07,1.2826443400208717e-07,1.2856112605749807e-07,1.2914576281518678e-07,1.2881189458480096e-07,1.292897483504343e-07,1.2872851341812047e-07,1.3300105481298405e-07,1.3400411937614906e-07,1.4164764523823356e-07
hard_coal_plant_CCS,DE,2.0628727113478186e-08,2.4796215746755954e-08,2.941424482123462e-08,3.3061154071100465e-08,4.587694331611553e-08,6.428332646873588e-08,9.449688011465626e-08,1.5842360492371268e-07,1.7639652875544632e-07,1.9086362042117388e-07,2.018656831114588e-07,2.0988046405985213e-07,2.1941390786592762e-07,2.2859056791232307e-07,2.3814462331633422e-07,2.4483927428502646e-07,2.5048121328512813e-07,2.549745861298513e-07,2.574765431514111e-07,2.5790599630671756e-07,2.5878499923442195e-07,2.6026097104167604e-07,2.601666509047386e-07,2.6035329803739213e-07,2.575545073274578e-07,2.5933715782674725e-07,2.5122023836437633e-07,2.556243081209231e-07,2.4833950465445224e-07,2.521630891064228e-07
hard_coal_plant_CCS,DK,1.8518968613402065e-08,2.202150213118503e-08,2.5804864978703952e-08,3.0437459501137336e-08,3.930332607398847e-08,5.004204008837175e-08,6.240063786779755e-08,7.189291868360059e-08,7.678120231971475e-08,8.134555969010841e-08,8.946416949885221e-08,9.430944079512327e-08,9.835730302010216e-08,9.91923329442733e-08,1.0170017636025332e-07,1.0581613212483316e-07,1.0946739895721039e-07,1.1246095989904677e-07,1.1559648582652986e-07,1.1829135987117653e-07,1.1998297180869184e-07,1.2143165662561308e-07,1.2318160729799138e-07,1.2519212995495767e-07,1.2775063834151813e-07,1.3129779468029746e-07,1.3391218549480104e-07,1.3569218209087572e-07,1.3622958030011598e-07,1.4343883871744528e-07
hard_coal_plant_CCS,EE,1.784322221722927e-08,2.1239917114711522e-08,2.4845152724886615e-08,2.8881745546119707e-08,3.631239392650509e-08,4.522154145031877e-08,5.237084635688247e-08,5.774593962614082e-08,6.18252503484859e-08,6.548495009773953e-08,7.328511339220252e-08,7.818207756259768e-08,8.24426751650334e-08,8.436261200478897e-08,8.736010053974558e-08,9.175869002520402e-08,9.604200946999689e-08,9.98455493661459e-08,1.036552640897397e-07,1.0740299331344433e-07,1.1080641695699538e-07,1.144763173357253e-07,1.1781623861315777e-07,1.2152723429667215e-07,1.246927502879515e-07,1.2738158660214739e-07,1.3047459643794078e-07,1.3296435554120836e-07,1.3471208218303482e-07,1.4254818716892543e-07
hard_coal_plant_CCS,EL,1.811734891152984e-08,2.145790366385755e-08,2.5507449290085917e-08,2.8860254620251294e-08,3.8862836663849284e-08,5.020786530060796e-08,6.28251244733012e-08,7.52287393534726e-08,8.265078657293652e-08,9.044627743177845e-08,9.731717654263414e-08,1.0399295411715431e-07,1.0930866280606213e-07,1.1542505491682346e-07,1.2209800276821862e-07,1.286520386254897e-07,1.3605714657095223e-07,1.4308363046903758e-07,1.4872176468631034e-07,1.528414645375821e-07,1.5627304547784627e-07,1.5850305283046128e-07,1.5756204869157006e-07,1.5999941459499765e-07,1.6133279332924319e-07,1.6343433838109673e-07,1.6115138638243795e-07,1.6367418502723867e-07,1.6417285736717402e-07,1.6813256880660937e-07
hard_coal_plant_CCS,ES,1.6797344457578513e-08,1.9435621113359678e-08,2.3611130848747114e-08,2.6309403064258292e-08,3.219709032543126e-08,3.818869275814171e-08,4.4018917894335014e-08,5.000258267585625e-08,5.340393118643993e-08,5.659024362474826e-08,6.001735493868872e-08,6.309701476392246e-08,6.627778967779552e-08,6.967253961939076e-08,7.343896784227895e-08,7.698335199494582e-08,8.087946508543383e-08,8.522410723158888e-08,8.983734422550578e-08,9.405770437494852e-08,9.823560753206419e-08,1.0229069643808287e-07,1.0617511632309685e-07,1.0967307051951581e-07,1.1292119539434262e-07,1.157263979888928e-07,1.1831534584603222e-07,1.2355315626124336e-07,1.292319609435082e-07,1.402041181843065e-07
hard_coal_plant_CCS,FI,1.8148022134077515e-08,2.179713674991466e-08,2.5442893572168374e-08,2.9501877470120315e-08,3.632566502275641e-08,4.356519914739072e-08,5.231332878430674e-08,5.937729041242379e-08,6.41706044011773e-08,6.912374325129952e-08,7.723121270155278e-08,8.300712177321207e-08,8.822975891202424e-08,9.15283300521746e-08,9.72295932291155e-08,1.0361748512620193e-07,1.0997301016547237e-07,1.1544909406984189e-07,1.2081037493743597e-07,1.2590365886806244e-07,1.3062037664582885e-07,1.365154654312169e-07,1.4063336133868906e-07,1.450142425491795e-07,1.482351747373305e-07,1.4982823001991848e-07,1.521978964226155e-07,1.5409628553297632e-07,1.535498829078622e-07,1.597182582464024e-07
hard_coal_plant_CCS,FR,1.7622878360098947e-08,2.1016234331984928e-08,2.612900973987699e-08,2.946495836382225e-08,3.8208031042467314e-08,4.8370155720469214e-08,5.9129421894483e-08,6.940127358680963e-08,7.515929557846473e-08,8.049409589372752e-08,8.53702608636398e-08,8.995050824151778e-08,9.383511252157687e-08,9.602223030817086e-08,9.791739252958465e-08,1.0688265414982203e-07,1.1019387724682236e-07,1.1155784391168717e-07,1.143542556278228e-07,1.2286894532239887e-07,1.309379569701994e-07,1.3561286930489092e-07,1.3949353859006855e-07,1.4295611624062517e-07,1.4412975270175317e-07,1.457494329461622e-07,1.438156808969611e-07,1.5042638392405795e-07,1.5512881916170792e-07,1.6390918320841335e-07
hard_coal_plant_CCS,HR,2.649400582468662e-08,2.7094677065616405e-08,3.113935690776497e-08,3.439314994668971e-08,4.916906910515915e-08,7.142740162098936e-08,9.559970841059649e-08,1.256139968897333e-07,1.4482242896693122e-07,1.6237292429618364e-07,1.7026264640908775e-07,1.7670567993869125e-07,1.8290736548511264e-07,1.884177931939734e-07,1.9287888703657242e-07,1.9427733490831904e-07,1.9577843264370054e-07,1.9767990200432992e-07,2.0013660384785195e-07,2.0243243835497962e-07,2.0433745157906993e-07,2.076903602845092e-07,2.075981534091685e-07,2.0711330209446362e-07,2.0613614620102004e-07,2.0171584988941177e-07,1.9323460795461108e-07,1.9774041263185625e-07,1.9619297331295056e-07,1.9512086559020208e-07
hard_coal_plant_CCS,HU,1.718033916163775e-08,2.0711212191490936e-08,2.5373420036577132e-08,2.92100966668638e-08,3.843928533825632e-08,4.802111530955991e-08,5.751661575727627e-08,6.614773092367028e-08,7.115536707941478e-08,7.592809652500257e-08,8.000396053671505e-08,8.425101022574241e-08,8.836146642769972e-08,9.205578743620649e-08,9.594805750629325e-08,9.982009610681556e-08,1.0353468321337519e-07,1.061214277935322e-07,1.0936064900275882e-07,1.1231581875901439e-07,1.1473745765276586e-07,1.156916924791632e-07,1.1535244709106204e-07,1.1759845154035767e-07,1.178909570488985e-07,1.1985440474065304e-07,1.1978620879317592e-07,1.2602094722267118e-07,1.3004398807175603e-07,1.38228975295729e-07
hard_coal_plant_CCS,IE,1.7952447050593236e-08,2.115998466138751e-08,2.5247380605959188e-08,2.926794301109725e-08,3.761371602859973e-08,4.766713862423075e-08,5.630741539616867e-08,6.504068420596012e-08,7.017230495447633e-08,7.471647965500975e-08,7.906042007835844e-08,8.363006029254339e-08,8.829523878387521e-08,9.026773953332137e-08,9.293965570558792e-08,9.848642322891931e-08,1.0312610197881786e-07,1.0773739333721369e-07,1.123183724935433e-07,1.1668136044588155e-07,1.2041588218619902e-07,1.2450153387487536e-07,1.2832958725234779e-07,1.3242560596178722e-07,1.3729181883239967e-07,1.4134310755679093e-07,1.4422412641372145e-07,1.4665749993818417e-07,1.4631342694113066e-07,1.5307962107108866e-07
hard_coal_plant_CCS,IT,2.0389095057230346e-08,2.469516888696603e-08,2.9278378699444074e-08,3.181250067559046e-08,4.356888975707726e-08,5.8101327304286574e-08,7.512512246810423e-08,9.747027448053929e-08,1.1209577430489998e-07,1.269221726924032e-07,1.42662061836273e-07,1.5425317586861765e-07,1.6003301201859113e-07,1.6780779133047949e-07,1.7493449201697929e-07,1.7922022298810072e-07,1.8352174043246702e-07,1.8743663794145634e-07,1.9046239824522789e-07,1.9273304810903958e-07,1.905923356136816e-07,1.9148817232059442e-07,1.9229610846295892e-07,1.9296743368114365e-07,1.9414727940387947e-07,1.919569364335983e-07,1.8853950893869992e-07,1.903263363143916e-07,1.8902640008607566e-07,1.9125198911221107e-07
hard_coal_plant_CCS,LT,1.7657822912076903e-08,2.1005187755909254e-08,2.4548933874389033e-08,2.8566956406257257e-08,3.583908733460718e-08,4.4346784243811205e-08,5.1131527991994095e-08,5.594070762617407e-08,5.99136868390148e-08,6.342776358776918e-08,7.016936612231892e-08,7.438662675457735e-08,7.782450119838172e-08,7.939345917869196e-08,8.173144971719388e-08,8.577161461276978e-08,8.897012322214853e-08,9.23157880966532e-08,9.568073352780288e-08,9.887335384142106e-08,1.0182870913040616e-07,1.0475891927561588e-07,1.0781412450931868e-07,1.1065349664393073e-07,1.138280637316063e-07,1.173104399581659e-07,1.2069040661890873e-07,1.2312131126468056e-07,1.2539313148727327e-07,1.332346134399745e-07
hard_coal_plant_CCS,LU,1.7732795825520072e-08,2.1102698941974968e-08,2.6353704846861314e-08,2.9765691499262263e-08,3.900251674827691e-08,4.9966006388213564e-08,6.178649909346192e-08,7.26123025440131e-08,7.838101015591011e-08,8.342303454896908e-08,8.766571774579858e-08,9.140858423661652e-08,9.47233610735931e-08,9.619659876664126e-08,9.715690721233603e-08,1.0542787670046318e-07,1.0794965269088301e-07,1.0842911074812895e-07,1.1038618890354977e-07,1.1745069311364327e-07,1.2412944969250417e-07,1.2765887896431503e-07,1.3064948054970248e-07,1.333971053066828e-07,1.35175122804738e-07,1.386911782742241e-07,1.3794804361310435e-07,1.4473145371421773e-07,1.5028733917007915e-07,1.6001915091776257e-07
hard_coal_plant_CCS,LV,1.777636095328761e-08,2.1146103273328307e-08,2.4709076886831357e-08,2.8720690603362986e-08,3.608815426430595e-08,4.4883231293958685e-08,5.183835209404552e-08,5.6825313951251323e-08,6.086594060699398e-08,6.431109683295566e-08,7.139648255125226e-08,7.580737332527349e-08,7.944538883275688e-08,8.1146174687529e-08,8.376091950630632e-08,8.82422228461727e-08,9.161660279379959e-08,9.524614753669108e-08,9.894893693426986e-08,1.0249065659039815e-07,1.0561847142777341e-07,1.0912335054490908e-07,1.1211677574051435e-07,1.1509647596549036e-07,1.1848869747601922e-07,1.218976545876355e-07,1.252392814189757e-07,1.277789188741297e-07,1.29931375486268e-07,1.3792112856156473e-07
hard_coal_plant_CCS,NL,1.953192472706212e-08,2.2994108415570552e-08,2.6866422623466048e-08,3.0160748813485956e-08,3.869818957650901e-08,4.940653012025133e-08,6.350177544802452e-08,7.804852584439191e-08,8.776076466429027e-08,9.762017982440971e-08,1.0585139983643751e-07,1.1457566137948118e-07,1.2469381905574564e-07,1.3711404209673115e-07,1.5692337338508284e-07,1.6833661202852275e-07,1.7962250698322168e-07,1.8683283241088845e-07,1.9122857672746432e-07,1.9458538911673652e-07,1.9721226982264163e-07,1.9883848544447986e-07,2.0047650814021163e-07,2.0140958937049948e-07,2.0181791413558233e-07,2.0428488985848743e-07,1.967387356633117e-07,2.0168063362700008e-07,1.9800791133262479e-07,2.038747545562486e-07
hard_coal_plant_CCS,NO,1.881201075448041e-08,2.265110670949601e-08,2.654841369756178e-08,3.0792474629140816e-08,3.911585894270947e-08,4.836492204784337e-08,5.97591962461384e-08,6.79388794930918e-08,7.330656205483206e-08,7.859200842314085e-08,8.752301928851252e-08,9.313232407416479e-08,9.796925728393622e-08,1.0006935453209484e-07,1.0416392226595195e-07,1.099867082766363e-07,1.1562880689951108e-07,1.2069724687427028e-07,1.2600478833648876e-07,1.3115030508445392e-07,1.3612602328884426e-07,1.407928813861992e-07,1.4553853071169133e-07,1.4981359072203724e-07,1.5326150841122984e-07,1.5743929214462218e-07,1.6050955152704207e-07,1.6255318486433457e-07,1.6112152515477963e-07,1.6581197323877315e-07
hard_coal_plant_CCS,PL,1.7746704748995665e-08,2.13112898952548e-08,2.5033710668388128e-08,2.982496104391694e-08,3.964124259887862e-08,5.099558905358373e-08,6.416429982050073e-08,7.762534376778303e-08,8.556592608158683e-08,9.244809007118261e-08,9.975971924030043e-08,1.0732301348600828e-07,1.1471720746819316e-07,1.2120931626820694e-07,1.2702901105519868e-07,1.3228826121057085e-07,1.3653156062844377e-07,1.4061932976701496e-07,1.4555152482412325e-07,1.4898805850888073e-07,1.5163431368148223e-07,1.5398396714955274e-07,1.547464269035792e-07,1.562348688047499e-07,1.563466139669585e-07,1.5855109148939217e-07,1.568251685813878e-07,1.621650370371274e-07,1.6291398647368849e-07,1.6947780036307516e-07
hard_coal_plant_CCS,PT,1.6200323659378207e-08,1.881857385863721e-08,2.2707266804598646e-08,2.5407167392976136e-08,3.078087514692641e-08,3.620450199167538e-08,4.137623596151021e-08,4.674796569404508e-08,4.9917692934653925e-08,5.298919790659355e-08,5.623620869868271e-08,5.931076661612932e-08,6.248197727936835e-08,6.573328090560737e-08,6.927879011156807e-08,7.254191010346786e-08,7.601487951330827e-08,7.953401714643055e-08,8.38022565211548e-08,8.795479549271834e-08,9.199386338512698e-08,9.589368580297724e-08,9.978990660805741e-08,1.0331490650827154e-07,1.0652198367141664e-07,1.0937866435109639e-07,1.121237378526793e-07,1.1767700615695478e-07,1.2398177001102955e-07,1.3475342344746439e-07
hard_coal_plant_CCS,RO,1.6964118362534856e-08,2.0487053382478767e-08,2.554885407893477e-08,2.9531799968473005e-08,4.0054143011956596e-08,5.119101561922335e-08,6.27893703254326e-08,7.392093909373083e-08,8.04002352264991e-08,8.70474912504686e-08,9.282285932524161e-08,9.843943054950667e-08,1.0141698546337039e-07,1.0741603529889619e-07,1.1198765564076358e-07,1.1644382114082383e-07,1.2061808049867043e-07,1.2344780516188291e-07,1.269061002113157e-07,1.2996527465268394e-07,1.3266857776013373e-07,1.337201078733275e-07,1.3520367965276284e-07,1.3588928176014936e-07,1.3624581321544497e-07,1.3855608181868325e-07,1.369743443849872e-07,1.429764671141852e-07,1.4599567483399818e-07,1.5317140651669902e-07
hard_coal_plant_CCS,SE,1.8624627922769786e-08,2.2425990036831893e-08,2.6260819534029218e-08,3.041742873714654e-08,3.839636752868593e-08,4.65652512928055e-08,5.820285444356476e-08,6.680723863269465e-08,7.231723525252455e-08,7.779802915357902e-08,8.710095873974648e-08,9.313787102870987e-08,9.829631742666365e-08,1.0063240481385098e-07,1.0490939939050921e-07,1.1093280021620805e-07,1.1689725110169177e-07,1.2210801545695458e-07,1.274057795246197e-07,1.3247829009258874e-07,1.3717787674541958e-07,1.432107791368797e-07,1.4724016196594614e-07,1.5157455010065514e-07,1.5480468583722336e-07,1.5698957249651397e-07,1.5982843601108024e-07,1.614176163691941e-07,1.6028996060387907e-07,1.6582006183875878e-07
hard_coal_plant_CCS,SI,1.9654437553884326e-08,2.34008243747559e-08,2.7507838666903144e-08,3.0710715920187836e-08,4.0880619473044106e-08,5.376314464109574e-08,6.901850887323575e-08,8.872172666765473e-08,9.958633046816617e-08,1.0843105948199251e-07,1.1698572965682962e-07,1.2416377721944515e-07,1.3293223652470708e-07,1.4001050901789557e-07,1.462154484222652e-07,1.5040086217944025e-07,1.5433786678995765e-07,1.5802156627847084e-07,1.617781011905645e-07,1.6481851044572339e-07,1.6726448591324434e-07,1.6744646627285178e-07,1.64631232337063e-07,1.659480838798401e-07,1.6383663659135226e-07,1.6294289755656825e-07,1.5924802603260652e-07,1.6479043040682702e-07,1.6494684156582993e-07,1.696291012788575e-07
hard_coal_plant_CCS,SK,1.7745811484088076e-08,2.1346171061524373e-08,2.5899979181992844e-08,2.9930631218756506e-08,3.999390368755918e-08,5.161056039258441e-08,6.586603513201135e-08,8.600601292487224e-08,9.413048732861021e-08,1.0118215106812431e-07,1.077612199051941e-07,1.1390000477746486e-07,1.195946003908765e-07,1.240289045754705e-07,1.286207637786708e-07,1.3303055940185523e-07,1.3670545099762376e-07,1.4004712612426804e-07,1.4379991757242695e-07,1.4745141958622504e-07,1.500832968047219e-07,1.522283400508891e-07,1.5262241685877246e-07,1.538754588874186e-07,1.5405777151738875e-07,1.5500210962695605e-07,1.5264726748585087e-07,1.5830654439469756e-07,1.5911891089311083e-07,1.6454478957450624e-07
hard_coal_plant_CCS,UK,1.7932888959788785e-08,2.130826031634801e-08,2.532923570164056e-08,2.9320012363402973e-08,3.7994698652186994e-08,4.849112151659215e-08,5.7650108530558963e-08,6.676521859246053e-08,7.192222077842077e-08,7.666339741574078e-08,8.148340706995295e-08,8.66060469877233e-08,9.114542045506154e-08,9.283934027644595e-08,9.567034620197628e-08,1.0107198857624161e-07,1.0558778711331846e-07,1.0991982800108505e-07,1.1411608143050799e-07,1.178684071366183e-07,1.2106895372172834e-07,1.2436763440569277e-07,1.270416380737775e-07,1.2987002116529873e-07,1.3441597959471862e-07,1.3820530032225087e-07,1.4088420790738906e-07,1.434862249649083e-07,1.4356085068349543e-07,1.5065118464809376e-07
heat_pump,AT,52.97416444872475,55.68447113472997,55.68447113515557,53.870937701979834,45.418591679494114,41.264144194340304,33.2809056911918,30.00911018876513,26.42537208902672,38.87061311740425,50.94951346459587,56.30521254260242,62.62896090883002,76.60064878356266,87.20838040766677,92.20118408397671,94.08756145780667,107.97073219791694,107.62358381963647,109.21861179080734,117.7165211499985,281.1384465435768,280.22147804594056,279.3045095447125,278.3875410656099,288.60734542477275,306.2741940091677,320.9889331208948,345.0633431488725,343.9115792604936
heat_pump,BE,48.91723959046954,51.8134905519649,51.813490552450446,50.12602732462143,46.92247317693297,42.270805556065525,35.870920379054354,34.02399181578605,53.74956075176328,63.26220509990797,101.17669031299144,118.87443472149003,131.82193976361944,165.3525313740077,164.82763912464517,183.8490006034163,185.7311951464796,206.38538968742478,211.28979642383433,214.2781540177066,233.50529782061088,449.6814305490621,448.2147378451276,446.74804513731146,445.2813524418728,443.81465976221557,449.66351072824114,461.82590095094383,494.6967114193611,493.0454962756896
heat_pump,BG,52.49619343007796,52.49619343176471,52.49619343195342,50.78649591794726,48.767052773926736,48.373343120898525,48.236567361442376,48.536291263174725,48.06568128322596,47.322198645057014,44.83269927740732,44.91640304231093,44.83963295281694,45.277906243592064,45.13417683381116,47.29751377152643,47.95468994992332,51.12472910902296,61.88131166324841,65.2932782980392,65.0819881638259,127.33956837168793,126.92423433050358,126.50890036276947,126.09356638268508,126.52340187022482,126.10527522904331,125.6871491791051,125.82371827801322,125.40374178248518
heat_pump,CH,71.77540799396326,75.4476389800794,75.44763898047141,72.99045813694151,61.53826081403463,55.90934403217035,45.09274679733095,40.65974706122718,41.17099474476647,57.764991069522644,73.86262746274362,81.10394714835246,89.65688983686097,108.57212864228329,122.92949787240838,129.6791256988062,132.2198147378855,151.0151204891148,150.5295754429448,152.67551126661107,164.17425392250422,412.7193697747997,411.3732334992777,410.0270972348098,408.68096097357744,417.2269446322836,433.04198376084145,459.19444994928466,470.4002340619969,468.83011665246545
heat_pump,CZ,303.6151979629576,304.53722414858316,304.5372241389586,294.61904720165853,285.16188859062095,277.59274257200644,283.00548043853325,273.9906554901982,263.9705007251553,261.18243984268025,249.36116463704462,259.22705167238615,272.0940067472367,280.38677889187625,289.42397697697413,290.7302736741178,333.611217918757,355.58591475977573,388.5013100575799,400.42156323734514,417.88664510897587,416.5280862321456,415.16952736077707,413.8109684479445,412.4524095545477,411.09385072235284,409.73529181030784,408.3767329260819,407.01817404235646,405.6596152470231
heat_pump,DE,151.3823468421091,167.30761051936773,167.30761051954988,161.85873151999522,150.88974826380627,142.69083553854358,101.91792614067882,94.6005487304169,74.9287400629828,71.18393596311734,195.7472165408656,239.7509384271986,316.23442043550995,479.7311081714534,578.3779653060061,653.4885342901069,780.7074101773453,1055.4330281992163,1202.7735192164876,1352.2671597065705,1401.6405709445537,2732.6800499143583,2723.767069095724,2714.8540882535412,2705.9411075742137,2697.0281268141093,2714.2413640429163,2794.306208694199,2898.7199314345107,3070.5318230028147
heat_pump,DK,305.9214298543241,306.6145343932046,306.6145343958248,296.62870355389657,294.62547719285783,293.5909984271855,288.87713161812354,288.2323313936419,276.6595198477722,264.8721178625901,252.98090465499308,255.50376100968288,257.7302561922194,264.482433098362,271.8787308823442,280.0012273048987,280.8632927070939,287.49323516962784,293.56638592117673,293.45523117595513,295.8267582531779,294.8650188803636,293.9032797152653,293.04597410436753,292.0838936322949,291.1218133330178,296.32904900361905,295.346511500452,294.3639737343179,293.381435905907
heat_pump,EE,1.087205530734099,1.1293436877223137,1.1293436881956411,1.0925631915577885,1.0043547731812144,0.8618840751891742,0.8057786222352245,3.6905360587122997,4.117840663528275,4.817419393009225,4.563987337846895,4.707732722454826,4.87726397532622,6.279760801239483,9.483835524657126,15.749046736921693,16.903169631525238,18.75455815820942,18.694258358536615,18.995793773832506,29.190975703979355,51.891353744860325,51.72210358006844,51.55285341157731,51.38360326174085,53.028536722022714,52.93318178404804,54.41815176169341,54.2371568941428,54.05612292915401
heat_pump,EL,120.5762557774146,120.57625577925589,120.57625578290302,116.64932486731729,112.72239395514733,108.79546304344375,105.1177304032274,106.63357632049299,106.70068108015212,106.26876409646422,109.40527455647576,111.23256379723394,115.98087439907681,130.08725613686397,134.3931522059562,133.96517831638062,142.0405179663765,141.58529180065744,146.69460299089587,147.7770859566758,151.13178308329717,351.9486879364473,350.8007629157045,349.6528378900705,348.5049128448598,347.3569877943869,346.2090627879324,345.0611377694723,343.9132128118572,342.765287996348
heat_pump,ES,430.0843357140601,430.39716060047124,430.3971605997983,416.3799736830199,403.732821876008,395.6594527352543,393.63214183584057,457.08519158261214,442.18340774069503,437.20951902843996,420.1685850145457,450.84080945570673,454.1862350079669,468.57930293780583,477.6090339826365,482.5546991106354,481.0130984501648,483.0897443062382,489.11656414975715,503.2644081301009,521.3256351864101,519.6307941887449,536.3009917086468,534.9992905543497,533.2428828082161,531.4864579015425,529.7300325597799,527.9736073409423,526.2171820535048,524.4607567297236
heat_pump,FI,91.14406240654466,93.18772084803699,93.1877208487409,90.15278051662985,79.96877732980653,71.54852063721499,73.01261734896403,72.71651161583705,77.43544867129299,76.79886736587208,77.57837771790831,77.33443731761629,79.46522176901323,81.8881606384883,81.77532745603193,81.95843764939784,83.29089835637258,84.55487761698598,84.29182853931049,85.63223498039673,85.5230918151848,246.31609836447285,245.5127074003762,244.7093164164696,243.90592551120827,258.6797675532394,257.8248981765351,256.97002859650706,256.11515936428134,257.86587832508445
heat_pump,FR,1809.373345412225,1822.4767565023735,1822.4767565064612,1763.1222818649976,1751.308752572562,1799.5824948245975,1757.6503274980535,1731.0007930801767,1717.5649755459515,1681.9723955852937,1722.7756663547098,1777.0184346369786,1847.3950365577077,1938.8584129201922,1955.997241166555,1985.5731329474725,2049.616434677389,2071.867969568374,2125.995892512724,2138.934143653871,2132.0125161421256,2125.0812953209293,2118.150076036233,2156.559148460849,2149.4790740867143,2142.3989992076413,2135.318924365719,2128.2388494685265,2121.1587746121354,2114.0786996755196
heat_pump,HR,31.81169833152982,32.59188140378169,32.59188140478149,31.530428089452382,30.05045665508264,30.54474089561917,32.564976993891584,32.39885630116272,31.951808992494787,33.14823293884288,32.47072536872931,50.71318664952855,54.42558665307451,60.65066439649552,61.465204849387874,68.57644110391023,69.34671516809402,75.36616966734617,78.04897911487511,80.44978993540542,83.59323230389538,130.84900047300457,130.42221999913792,129.9954394996064,129.5686589834961,130.57178321228602,130.1402777188012,130.44868738070164,130.27174152046638,129.83691648427134
heat_pump,HU,186.99989963638686,187.43053169534187,187.43053170711337,181.32628883319381,187.4654893167132,197.77296535534003,192.2818247191664,186.50857545272703,180.45321758343115,187.245434346768,184.3160708349328,197.5150537670381,214.2272850803823,242.67392941979227,248.2957246587572,291.731000439609,303.99272126215465,332.0731438984849,359.3163258107308,370.4314453363649,375.21204231078065,373.99221956583904,372.77239736298486,373.7946085023008,389.0575191795537,387.77601978473723,386.49452030790223,385.2130208303494,383.93152135409997,382.6500218678643
heat_pump,IE,160.909413747863,161.31153939882813,161.3115393995194,156.05794061454264,150.36730428770795,145.50881271111209,139.432976882364,136.06495596932504,129.81404034706088,124.28416849166395,117.94901789292275,121.09450855559284,121.28232446112023,129.05646750594886,132.58102979360606,135.16411415737525,136.31457756858484,136.51593818564805,140.67013488923774,140.67153803484618,142.92552682766143,142.46087283157186,141.99621892943094,147.91155147110175,147.42595776718494,146.94035836707738,146.45475851646825,145.96915865116162,145.48355877273616,144.9979588905187
heat_pump,IT,194.13824974089752,202.24664277547774,202.246642776307,195.6598683850918,336.7547324962422,482.76495208986427,543.9743384775458,667.0798826073877,749.7472924741951,787.627754733203,863.9290187953189,1015.4089483759675,1203.2816226384336,1320.578319751782,1328.2082799141351,1396.2197177257408,1447.7644589222273,1499.589107110346,1539.0287189525425,1548.5652989439518,1609.2543579372855,2128.5502252583856,2121.6076901529873,2114.6651550298916,2107.7226199108413,2100.780085466925,2093.837549748127,2086.8950148294302,2079.952481582631,2098.113634914401
heat_pump,LT,66.29442002642597,66.29442003474082,66.29442003864143,64.13534148856327,62.56484924167494,62.557494241750625,60.10632475788432,58.08117856160049,59.18406586209668,56.72916984698049,53.92795707412972,55.530848104828095,55.65082199721973,63.335250096729446,63.32353322758589,65.13732686184538,68.64769691476366,71.32099706389012,74.29273942092436,77.69935446606276,77.96439999225537,77.71093606584806,77.45747244711865,78.76944124639029,78.51083832145515,78.25223524281056,77.99363254351218,81.34883922888271,81.07821506198101,80.80758985098369
heat_pump,LU,32.896703708337284,32.89670370860229,32.89670370888423,31.825322930888262,30.51268617178451,29.41357813633077,27.65853566332167,26.40182765930257,25.115513192559224,23.963127353757386,22.86181303676299,24.298677476771807,24.500970635982096,24.893117198714723,25.364992433664206,27.08788162489511,27.38317343699345,29.397673772680925,30.08679085147559,29.989743536084774,33.010404162023114,32.903086638777026,32.79576910859031,32.688451601613714,32.58113424375994,36.78723395995667,36.66566262823994,36.544090523436466,36.42251824934082,36.300945971277926
heat_pump,LV,20.40596508904402,20.514344135381407,20.514344136299208,19.846232396635013,20.237390995387578,21.00825054248982,20.338741623920626,20.137105169844705,20.03480058790974,21.988426165810473,20.83167152978531,24.7411019965511,27.2305160980512,29.329348425670347,31.94263185385006,35.59556625688824,36.26431801836982,39.157823786800996,40.58685382841016,42.7340005640997,45.23437118661104,66.70186674196196,66.484310292761,66.26675380804637,66.04919742619157,66.92876324837803,66.70758137573861,66.4863992449462,66.26521708703693,66.04403509785017
heat_pump,NL,96.58974190799378,97.24592743366141,97.24592743454164,94.07881931615611,89.91083445247881,148.94353655793148,199.5638807889531,245.51775269280662,284.21356575793817,336.14165621394613,363.8043559690723,428.55310243844673,472.7159360922199,506.03790990473686,510.34943517739225,508.7242316137318,512.8113865228232,516.8668102111461,525.5727414507393,526.3703322749531,524.6669888920608,573.0709368999995,571.2017937535468,569.3326505967087,567.463507434362,618.3990884602239,616.355439431088,614.311790500205,612.2681411731178,610.2244923239614
heat_pump,NO,212.86690412592404,212.8669041264414,212.86690412724207,205.934248762045,170.44409649418367,145.67034180285137,107.040902259131,102.17733447963634,97.51170420078027,92.81662189197152,90.51174994520454,90.38966701397148,90.1703969193597,92.37064996974385,94.53993839836097,94.84679172938776,94.72764708700406,97.87186423553177,98.45874798410746,99.14075917201247,99.5353622463462,209.99208096786367,209.3071654403993,208.62224999470737,207.93733591409782,267.0356459784616,266.1531625340399,265.27067951564845,266.756906043134,265.8665180354062
heat_pump,PL,1121.9137848320738,1121.9137848326172,1121.9137847756397,1085.3752646987705,1048.8367449870514,1016.9802069701119,984.3166624277627,945.7863430935026,924.0040020276956,883.4279332861561,849.4163364153695,852.0378880280822,857.1653248964233,876.7852268568269,880.4232934910561,881.6579675016914,895.2330946182,926.3205761508717,1038.3578365592582,1060.1925734082859,1102.0156203219092,1098.43294271874,1094.8502650259184,1091.2675873131154,1087.6849098302228,1084.1022323176387,1080.5195560810316,1097.289886915024,1093.6395007008678,1089.989114120641
heat_pump,PT,37.17488783125224,37.202200526653286,37.202200528424996,35.99059820998866,35.12473118988087,35.01805968557148,36.24110939444552,36.393123819171926,37.317136394309564,36.73381265323315,35.86969219887021,38.83067904768098,40.515411865325405,41.137297975055525,41.006712451612934,40.87612697010022,41.28517411109711,41.70729778060985,41.757242846727316,41.903488836505666,41.906093509901055,42.224473103579484,42.08675320351346,41.9490328350237,41.81131257177903,41.67359220802224,41.535871771485475,41.39815136339764,41.26043093973763,41.12271051029565
heat_pump,RO,1.3545253032511253,1.3545253037558747,1.3545253043606127,1.3104110867741268,1.1983838789010104,1.0943480532888834,1.0467857287305469,35.83538194723991,50.77002430279746,48.49797058426774,51.86483779822197,52.81186783357747,54.80240434691697,68.61590618519358,73.31128906201675,73.07932973375172,91.26477728342547,104.5134599535403,107.59783891753895,113.20457636674858,120.67906250338393,164.2071081787368,163.6715259960593,163.13594386670232,162.60036179882977,172.41014169378158,178.28702561858478,178.54679818541948,178.84902917812468,178.25206240441668
heat_pump,SE,156.21448671669808,156.21448671804526,156.2144867148069,151.1268888608768,136.58102845603426,115.71629662568697,110.9387201750219,106.87959429546135,105.07084182403395,100.05615561742775,94.79245816889946,109.4142239532922,109.06909246804295,108.72396098165045,108.51577147823754,108.17020390686224,107.82463633406473,109.25008562780633,108.89882387256263,109.66323261574618,109.74904357023195,289.61224064192,288.6676339212399,287.72302723317415,290.87884556807035,307.45106441372167,313.10860440497703,312.070434840594,311.0322611988523,309.9940874111617
heat_pump,SI,35.02212603596113,35.81715667766713,35.81715667829213,34.65066250561061,33.38861250300086,33.043379535116706,31.607255386086322,30.171131239314384,28.73500709426586,27.759497944984453,27.052057757035975,28.655650825842596,30.93791379426648,31.885492687415407,32.84064102678734,33.11951983206195,33.90815168010499,35.18221147638779,35.0690933492641,34.95597521927428,34.939925698748844,56.62720271303614,56.44250598549344,56.25780924881927,56.07311248910171,55.888415737360305,55.703719058277876,55.51902228571494,55.33432556116561,55.149628799687356
heat_pump,SK,10.134794702232142,10.682602728532373,10.6826027291503,10.334691421579263,9.98678011477136,9.426646544499862,8.094150011174618,8.91267964608767,8.488442507253982,8.345661152268393,7.906617351989703,16.80552953305972,16.75251890250039,26.672332118319616,28.36488927677864,29.29413157499069,29.2274108406191,29.73593116125599,33.20214044473383,53.686753321193244,60.56707021934404,94.40496596265415,94.09705229343338,93.78913863240453,93.48122497624524,95.64261538209114,95.48428459350957,107.0216733923953,114.1968020214238,113.81565764774825
heat_pump,UK,876.8890663075597,886.9225423965647,886.9225423986036,858.0372239092721,972.9222282941254,1101.0176939469516,1188.7323153158115,1264.4446946073258,1347.225101828869,1404.2184577525234,1446.6239800171202,1588.6247170533425,1698.499327300204,1848.3736173477837,1857.1892043394553,1861.11042646865,1886.0599200208662,1950.0693917793435,2045.1397346517997,2069.7507308749628,2098.075736405993,2091.2548449207557,2084.4339536139582,2077.613066143832,2130.9199816790806,2123.901038461664,2116.8820946171395,2109.8631507141954,2102.844206815522,2095.8252629323447
hydrogen_storage,AT,1.5914892090051858e-06,1.5990255414278775e-06,1.6022034731572846e-06,1.5670530912359645e-06,1.562777709348927e-06,1.742943566341065e-06,1.843518131637949e-06,1.946509568856676e-06,2.055815918985942e-06,2.1783680906876487e-06,2.496162700053148e-06,2.629639615312217e-06,2.781067823717001e-06,2.9445849805989996e-06,3.1281727150418343e-06,3.512966779460334e-06,3.722760909838625e-06,3.936176476926044e-06,4.163600069811624e-06,4.416153992223509e-06,4.852258802506094e-06,5.139668925249376e-06,5.427845516424234e-06,5.731949166962475e-06,6.053952296835645e-06,6.40121849520141e-06,6.774254032148785e-06,7.17222266920006e-06,7.607656339521981e-06,8.124697302152592e-06
hydrogen_storage,BE,1.5927029159858202e-06,1.6006782636406227e-06,1.6038505235429123e-06,1.5686148030838145e-06,1.564215508305374e-06,1.7440389904241025e-06,1.84405444954104e-06,1.9467400583669213e-06,2.0562105571441374e-06,2.1792282061904866e-06,2.4984560482646136e-06,2.6304584227409677e-06,2.781712320398955e-06,2.94517792664342e-06,3.1286313691045444e-06,3.510056645433988e-06,3.720521230206181e-06,3.933511498627948e-06,4.160559779137532e-06,4.411902390073922e-06,4.842192655682758e-06,5.123992821859877e-06,5.408639039075139e-06,5.71097950383938e-06,6.030310223152065e-06,6.377330856094665e-06,6.747862336351982e-06,7.142099138848026e-06,7.574658307319053e-06,8.09032948999186e-06
hydrogen_storage,BG,1.586947110430616e-06,1.5950117085158925e-06,1.597956726624305e-06,1.5619475240317606e-06,1.5552196068481895e-06,1.7335425961054793e-06,1.8333928428348356e-06,1.9363074876922446e-06,2.047258815660054e-06,2.1723318416071195e-06,2.4740111025413953e-06,2.628596779221919e-06,2.788085619638959e-06,2.952592881613881e-06,3.1291226455802215e-06,3.500920497447403e-06,3.7117477883442275e-06,3.916723057078759e-06,4.145007435034288e-06,4.388496513916255e-06,4.810099706988741e-06,5.0829959184723955e-06,5.363080053065039e-06,5.668922179857188e-06,5.993619923750023e-06,6.341183240168966e-06,6.71780879394374e-06,7.115260276518486e-06,7.5394784838139686e-06,8.046803242341571e-06
hydrogen_storage,CH,1.592765021243909e-06,1.600173723808568e-06,1.603421192177669e-06,1.568465985549704e-06,1.5645240478284136e-06,1.7431612142931988e-06,1.8429062496041351e-06,1.945530303176346e-06,2.05478988989499e-06,2.1776338145996737e-06,2.4944036257266993e-06,2.629072691301168e-06,2.780700742007133e-06,2.944397500037292e-06,3.12931479502669e-06,3.5158421485412476e-06,3.7260828891523337e-06,3.940335443024268e-06,4.16890216499977e-06,4.420867003210766e-06,4.856123702789279e-06,5.141954927864789e-06,5.427544818521694e-06,5.731100014376033e-06,6.051937987668224e-06,6.403440593275792e-06,6.778142470913621e-06,7.1760721101321046e-06,7.6118486036539e-06,8.127658491825592e-06
hydrogen_storage,CZ,1.5853770922081156e-06,1.5933682448374482e-06,1.5963213713411872e-06,1.560167492958542e-06,1.5531686477375284e-06,1.7308518110552929e-06,1.8320474081431132e-06,1.935434329402777e-06,2.0456223844472735e-06,2.171121732252575e-06,2.4845801961018295e-06,2.6336544499390264e-06,2.7926570448483645e-06,2.9568254755013097e-06,3.1445048699479047e-06,3.5203111072935483e-06,3.724640934241439e-06,3.934455601248473e-06,4.152021447613689e-06,4.399113205442051e-06,4.8185058108882074e-06,5.0874717846468606e-06,5.364797653999291e-06,5.668395070925464e-06,5.986327628940599e-06,6.330669919859727e-06,6.7039334310387985e-06,7.1016393934980655e-06,7.536597087843998e-06,8.048793825401043e-06
hydrogen_storage,DE,1.5803045334727087e-06,1.5886783922531783e-06,1.5916327175566427e-06,1.5561068754071269e-06,1.550362803103538e-06,1.7294438050328084e-06,1.8288390949803984e-06,1.931340829876036e-06,2.040290037285115e-06,2.1617847289470407e-06,2.479879361366572e-06,2.612951299817308e-06,2.7643331786367327e-06,2.9278228752157188e-06,3.110871223825677e-06,3.4946396756331715e-06,3.7053584317304137e-06,3.919093418403737e-06,4.146504146835509e-06,4.397939458619381e-06,4.831615190049049e-06,5.110687455068913e-06,5.394172853914902e-06,5.6958358748091325e-06,6.01573068724119e-06,6.3608881425592475e-06,6.731329661061956e-06,7.124071994056395e-06,7.554962718261199e-06,8.068817475821019e-06
hydrogen_storage,DK,1.5921676128854163e-06,1.5995995407473432e-06,1.6028175045370285e-06,1.5678227862256122e-06,1.5641183715434432e-06,1.7442836345962653e-06,1.844300260922e-06,1.9465013361003794e-06,2.0554601478494872e-06,2.176870369924295e-06,2.4933579548535562e-06,2.6280195912220375e-06,2.7791499686506617e-06,2.94228217694449e-06,3.1246092648108408e-06,3.5098936977704133e-06,3.718759731995744e-06,3.9312759286514334e-06,4.15828482911397e-06,4.408716024286203e-06,4.841548297735818e-06,5.121711700216296e-06,5.406024853223601e-06,5.708516664418371e-06,6.0298983086461835e-06,6.37593425177297e-06,6.74985507395904e-06,7.14931414966281e-06,7.585072098545807e-06,8.102904221547421e-06
hydrogen_storage,EE,1.5858117704550124e-06,1.593202700828521e-06,1.5967133812343006e-06,1.5612016079028136e-06,1.5554184885197501e-06,1.7279058492768273e-06,1.8257526492811087e-06,1.9258518390384938e-06,2.0335452911486337e-06,2.155496205087886e-06,2.4584243022956915e-06,2.5997495520817302e-06,2.7506064131777633e-06,2.914959919324939e-06,3.0966529758555902e-06,3.4705200876114474e-06,3.6743174845891034e-06,3.88428171900394e-06,4.113282905628425e-06,4.362448579575117e-06,4.7841130512628975e-06,5.059638748708307e-06,5.341797534559318e-06,5.642382775890113e-06,5.961893145411999e-06,6.305282605379419e-06,6.6733166751638125e-06,7.068477336440599e-06,7.498720205006137e-06,8.009232623096368e-06
hydrogen_storage,EL,1.5859181740972894e-06,1.5934967169520697e-06,1.5962887236570072e-06,1.5603619016906398e-06,1.5540020058157643e-06,1.7319287763466204e-06,1.8327982790736466e-06,1.936220013804621e-06,2.046035218026893e-06,2.170987844375895e-06,2.481982187197946e-06,2.621992432090228e-06,2.775801225389237e-06,2.9441525918662053e-06,3.1278058534045233e-06,3.5109900929739142e-06,3.7229341251541392e-06,3.94227693884068e-06,4.171233993877553e-06,4.422238289354695e-06,4.837769215055849e-06,5.111397137890709e-06,5.3939474897429e-06,5.695095177403208e-06,6.016578035417524e-06,6.3619559578034646e-06,6.73488497258465e-06,7.131934222153243e-06,7.563488773213077e-06,8.062527645154464e-06
hydrogen_storage,ES,1.5877468633858118e-06,1.5938735669850999e-06,1.5968964845676688e-06,1.5614743108825374e-06,1.5557040298910972e-06,1.7354659210187271e-06,1.8354012328798011e-06,1.9379639619388216e-06,2.0480190792411587e-06,2.171962687447027e-06,2.4785319551734436e-06,2.6212505864757897e-06,2.7724097146727765e-06,2.9356915410897705e-06,3.1187691496624927e-06,3.503609292001218e-06,3.7115532450837583e-06,3.924428734506445e-06,4.152032307576694e-06,4.404945346178965e-06,4.8383137525700394e-06,5.120418989176316e-06,5.4063937784120024e-06,5.710703019285923e-06,6.035178113003743e-06,6.380295571521222e-06,6.747682102765709e-06,7.146165930813832e-06,7.579604492927497e-06,8.091270473878694e-06
hydrogen_storage,FI,1.590855352398257e-06,1.5983468531167686e-06,1.6015476297481155e-06,1.5664757183408282e-06,1.562563723413269e-06,1.7428351957166912e-06,1.8427672910610925e-06,1.9448280934008085e-06,2.05358200686822e-06,2.175310730774416e-06,2.4924246415452232e-06,2.626756874034406e-06,2.778116863868679e-06,2.9416772162259283e-06,3.1241804689010025e-06,3.51008708411243e-06,3.719312435937373e-06,3.932555756945143e-06,4.1599737363515394e-06,4.410596214064156e-06,4.8432087520344734e-06,5.122442130373392e-06,5.406343498115395e-06,5.708533803245364e-06,6.0304984890441465e-06,6.377094078325939e-06,6.749917146506536e-06,7.14950606117985e-06,7.584819422669555e-06,8.102125352712473e-06
hydrogen_storage,FR,1.5803675182810312e-06,1.5887865613062473e-06,1.5917549187556268e-06,1.5562490390716458e-06,1.5498934109418034e-06,1.7280719086561553e-06,1.8273602197745929e-06,1.929245974521146e-06,2.0378825192778215e-06,2.1598171696905245e-06,2.4622593293278245e-06,2.6084193971926765e-06,2.7598206919020295e-06,2.9225980067749487e-06,3.1058172406780772e-06,3.49115108316467e-06,3.7004503804259474e-06,3.912605253330882e-06,4.141178038763171e-06,4.393003158608104e-06,4.825946713668942e-06,5.108120561873502e-06,5.395070844065616e-06,5.6976296877414275e-06,6.017915179260404e-06,6.363325371205225e-06,6.731336809531042e-06,7.1236485798395e-06,7.553669848785608e-06,8.064156351718642e-06
hydrogen_storage,HR,1.5904351419315539e-06,1.5985342452849538e-06,1.60162031290858e-06,1.566159026347734e-06,1.561241871773863e-06,1.7389725211835058e-06,1.8334094759011148e-06,1.933065697463877e-06,2.049371771571626e-06,2.170243571428348e-06,2.469016262013784e-06,2.6203697383582454e-06,2.7733830411914305e-06,2.9406928271425616e-06,3.1238291868096846e-06,3.497700754443788e-06,3.7065846482711683e-06,3.907602833484695e-06,4.133224128422826e-06,4.380520575804144e-06,4.805363413190575e-06,5.0843142172632815e-06,5.368222721279939e-06,5.67055939921356e-06,5.991536724986129e-06,6.338110378033312e-06,6.708519427186742e-06,7.100257697065545e-06,7.533659040398799e-06,8.043961232187892e-06
hydrogen_storage,HU,1.5873141080462922e-06,1.5953942055210109e-06,1.59839465432544e-06,1.5623658122230544e-06,1.5556656223940584e-06,1.737031333119883e-06,1.8378636059085672e-06,1.9396233751828602e-06,2.0489062133613963e-06,2.1708325163082055e-06,2.484533065630129e-06,2.6273756780197436e-06,2.7822556568334496e-06,2.945036966567648e-06,3.1224927867060533e-06,3.499463060002957e-06,3.697899810452286e-06,3.907803391473562e-06,4.134009235403191e-06,4.37992358057851e-06,4.8062028647436535e-06,5.087585510842206e-06,5.372539426469418e-06,5.677113267720525e-06,5.996724158856562e-06,6.34345716591927e-06,6.71615806662609e-06,7.112152622610701e-06,7.536747524188789e-06,8.042735009800187e-06
hydrogen_storage,IE,1.5923282265976792e-06,1.5997752985723502e-06,1.6029625915342765e-06,1.56788847639e-06,1.5642171935455938e-06,1.7442263939520113e-06,1.8445904906720056e-06,1.9467191510406187e-06,2.054895443030435e-06,2.1760784376952525e-06,2.4910387959531697e-06,2.6267811838380925e-06,2.778080897657373e-06,2.9412253045945907e-06,3.124520160068233e-06,3.5087351239631802e-06,3.718178581216524e-06,3.930662510395376e-06,4.157086856646175e-06,4.408344937425847e-06,4.839993919360529e-06,5.120984535690483e-06,5.408623824657565e-06,5.712146778383225e-06,6.033131445193895e-06,6.379979579317711e-06,6.749582955477046e-06,7.148737524829982e-06,7.586106969337062e-06,8.11089131007662e-06
hydrogen_storage,IT,1.587283846832679e-06,1.5944042622461608e-06,1.5974137512229282e-06,1.5619080214753223e-06,1.55535024394353e-06,1.7337214235900918e-06,1.833072295576801e-06,1.9353219380359236e-06,2.0447583280237757e-06,2.1691951775690152e-06,2.4878735940836518e-06,2.619010102605825e-06,2.7714707825535574e-06,2.9364609649675027e-06,3.1219879162071433e-06,3.506018606236348e-06,3.7229841719010042e-06,3.939869464265055e-06,4.168048868878907e-06,4.421181590703821e-06,4.856888594572475e-06,5.142128651397118e-06,5.430673722208694e-06,5.736261239993316e-06,6.059971405173405e-06,6.403676510204352e-06,6.774620036792891e-06,7.1693522050359155e-06,7.601660939970807e-06,8.120440339978668e-06
hydrogen_storage,LT,1.5862860879791286e-06,1.5937794718783616e-06,1.5967450234596785e-06,1.5615360553636169e-06,1.5559073192525344e-06,1.7306182213801237e-06,1.8296231584454309e-06,1.931136172862138e-06,2.0384855806714352e-06,2.1596397715701743e-06,2.465649320217165e-06,2.603653730364074e-06,2.753871806629539e-06,2.9152121683459263e-06,3.095392023204449e-06,3.472679124236249e-06,3.679102352148962e-06,3.888205986445122e-06,4.111255567519286e-06,4.35838850895423e-06,4.784354051889407e-06,5.060971073537167e-06,5.342900964929593e-06,5.642680520969484e-06,5.959154560085519e-06,6.303006020809055e-06,6.673796367012514e-06,7.0704078200135365e-06,7.501493584083604e-06,8.010953475789757e-06
hydrogen_storage,LU,1.5869441366102826e-06,1.5941997013916085e-06,1.5973616891089388e-06,1.5621186539125292e-06,1.5574256553334725e-06,1.7326673670233161e-06,1.831626782489596e-06,1.9323779281659646e-06,2.049292405344988e-06,2.169745601638169e-06,2.467234124494986e-06,2.6165663808872646e-06,2.7673113188148003e-06,2.9273633721434245e-06,3.098395477996161e-06,3.486180662151156e-06,3.680691548814523e-06,3.8874650330248945e-06,4.1103869978373605e-06,4.358752874043083e-06,4.788347399086656e-06,5.067823369945616e-06,5.351956327326323e-06,5.652181543276211e-06,5.969338982076958e-06,6.312152381189391e-06,6.678891745300999e-06,7.069713132534788e-06,7.497900898495819e-06,8.004878435302476e-06
hydrogen_storage,LV,1.5862110854284314e-06,1.593639340336009e-06,1.5970016899228174e-06,1.5615422717341647e-06,1.556102500563687e-06,1.7301599036012686e-06,1.8288594967092834e-06,1.9298004848946516e-06,2.0373258394874948e-06,2.158631161347279e-06,2.4638812047059747e-06,2.601736635352041e-06,2.751969752998808e-06,2.913496637638705e-06,3.094098749644255e-06,3.471235207356551e-06,3.677773541803345e-06,3.886926816349554e-06,4.110951542267815e-06,4.358466862925415e-06,4.7839199657025575e-06,5.0577162704191185e-06,5.33937282123471e-06,5.639427000624441e-06,5.95613344854996e-06,6.300249323573692e-06,6.671008645223945e-06,7.067394163284199e-06,7.497878003521457e-06,8.006767170811174e-06
hydrogen_storage,NL,1.5924359095912878e-06,1.6004054186526318e-06,1.6036035669807792e-06,1.5685783835872712e-06,1.5644246797273896e-06,1.7439513305034277e-06,1.8442524967926635e-06,1.946958365157372e-06,2.056410695426857e-06,2.1793717292572067e-06,2.494317651095566e-06,2.6292113970883425e-06,2.7812138857753617e-06,2.9457779969856525e-06,3.130218883028128e-06,3.5139336085833684e-06,3.7239053857797726e-06,3.937396234337222e-06,4.1660653940198175e-06,4.41774435011087e-06,4.847244926515346e-06,5.130495469033684e-06,5.415241547451876e-06,5.71743442411564e-06,6.03738818697665e-06,6.383981831084811e-06,6.756864510494388e-06,7.151139214686578e-06,7.584279411997974e-06,8.101350865925448e-06
hydrogen_storage,NO,1.5922429727851475e-06,1.5997260971500873e-06,1.6029161835035074e-06,1.567816242909928e-06,1.564072841095891e-06,1.7444998830785783e-06,1.8447624220395695e-06,1.9472844619715885e-06,2.05690360700278e-06,2.179568353615137e-06,2.4797589262628168e-06,2.6294619111480927e-06,2.7815342592898147e-06,2.9448620147913854e-06,3.1273363025980322e-06,3.509941035276662e-06,3.71809973382404e-06,3.9303154686763415e-06,4.157149037042285e-06,4.407668398919968e-06,4.8379622741217655e-06,5.118470800555334e-06,5.403667911301838e-06,5.70592321632485e-06,6.026915240133843e-06,6.371356311759867e-06,6.743408999151266e-06,7.1423375750278935e-06,7.576671169028063e-06,8.094649420582312e-06
hydrogen_storage,PL,1.5908044309533983e-06,1.5990262229435743e-06,1.6021340092422297e-06,1.5668127929139492e-06,1.562104179039096e-06,1.7421039841487613e-06,1.8419123263084533e-06,1.9457429637836096e-06,2.055443678534538e-06,2.178528277766746e-06,2.4968591287295687e-06,2.6308422596605484e-06,2.7826675901680403e-06,2.9468504291755245e-06,3.1318582287416495e-06,3.516876277303781e-06,3.7282850818530777e-06,3.942171034331068e-06,4.169855101237361e-06,4.42176348891774e-06,4.854780901734478e-06,5.134628387134174e-06,5.419562659820121e-06,5.72343669141622e-06,6.0451851240368925e-06,6.3928957928992485e-06,6.767827702116131e-06,7.166010875128739e-06,7.600482333340948e-06,8.116063748590569e-06
hydrogen_storage,PT,1.5922620357271395e-06,1.5996888919507802e-06,1.6028350660338166e-06,1.5674086728148967e-06,1.5612198420123724e-06,1.7392948555921649e-06,1.838602597506299e-06,1.9403608091269416e-06,2.049361521235331e-06,2.1719989464869693e-06,2.4873206585824644e-06,2.623706359887771e-06,2.777348294025875e-06,2.944145088109494e-06,3.1312436961844705e-06,3.515647862358787e-06,3.7239363990525483e-06,3.938766127050748e-06,4.168845093133181e-06,4.4235572761727286e-06,4.8534938887035134e-06,5.134682700031258e-06,5.422497148564364e-06,5.7293474673834195e-06,6.057200902771182e-06,6.405900005733618e-06,6.777177576839959e-06,7.176547497651626e-06,7.611245557025381e-06,8.121628717700044e-06
hydrogen_storage,RO,1.5860360740796407e-06,1.5932481244002016e-06,1.5963062695951834e-06,1.5609281595208746e-06,1.5552172118888095e-06,1.730694368777661e-06,1.8296824271136501e-06,1.931086484129638e-06,2.0390523101493015e-06,2.1609984587418508e-06,2.4668345360463994e-06,2.6056427625577293e-06,2.7551064765871652e-06,2.915574490171282e-06,3.096479816801168e-06,3.473719821119576e-06,3.681648247310029e-06,3.8921356468541805e-06,4.114976849028699e-06,4.363319092714333e-06,4.7903533724602105e-06,5.067463507412713e-06,5.346813509678341e-06,5.645764502616605e-06,5.959611856928916e-06,6.308251313559699e-06,6.6769796197776386e-06,7.067124203478893e-06,7.492116118957417e-06,8.00423602982893e-06
hydrogen_storage,SE,1.5919333213349046e-06,1.6000344988254028e-06,1.603190063554243e-06,1.5679669509848355e-06,1.563742917475488e-06,1.7440982294261577e-06,1.844274210929262e-06,1.9466739053959435e-06,2.0556631982683127e-06,2.1780726486535273e-06,2.4895734693232575e-06,2.628899734750763e-06,2.7806390973727986e-06,2.9440831980000594e-06,3.1267451780224814e-06,3.509466810737087e-06,3.7178401436644747e-06,3.930450050125424e-06,4.157306674657619e-06,4.4081497762625424e-06,4.838693721851542e-06,5.1184370650796474e-06,5.4027262649151475e-06,5.70476061114753e-06,6.025768725687238e-06,6.3713168966533205e-06,6.743675667120215e-06,7.141509256494903e-06,7.5759240853687666e-06,8.094253225772378e-06
hydrogen_storage,SI,1.58742064565527e-06,1.594728783235099e-06,1.5978823824601924e-06,1.5626480172593681e-06,1.5579199242155108e-06,1.7330679270299773e-06,1.8321070167266882e-06,1.932671798076373e-06,2.0484896353391106e-06,2.168647561638326e-06,2.4667611498222664e-06,2.617121120252427e-06,2.770094050474248e-06,2.9341552306936567e-06,3.114580800129043e-06,3.4896666720549267e-06,3.686438611483125e-06,3.897477078996527e-06,4.123528643233579e-06,4.372158475462969e-06,4.802045237531003e-06,5.084939791541235e-06,5.367686208322643e-06,5.670651757421949e-06,5.989810719574971e-06,6.333996137844903e-06,6.7028304040363675e-06,7.09913459609269e-06,7.52712959057984e-06,8.037388260741148e-06
hydrogen_storage,SK,1.5902498441346647e-06,1.598392320666556e-06,1.6014687262483188e-06,1.5660432082075364e-06,1.5628789965227095e-06,1.7409911109067548e-06,1.837681379699119e-06,1.938710145678044e-06,2.053765852046672e-06,2.1743243449192466e-06,2.4765896968656474e-06,2.6226396336119967e-06,2.771705908785825e-06,2.9362931315282855e-06,3.1246292721428237e-06,3.5138097834252056e-06,3.7242633799329982e-06,3.921720558177293e-06,4.14645694480158e-06,4.3992261349834056e-06,4.834892004437953e-06,5.102223628098647e-06,5.383566408439453e-06,5.681399940270394e-06,5.99493541277726e-06,6.3355072216248126e-06,6.703463884433047e-06,7.0970237297429275e-06,7.528128929035551e-06,8.034894137408148e-06
hydrogen_storage,UK,1.5836289763452488e-06,1.5918818350893576e-06,1.5948692528014512e-06,1.5593343479876394e-06,1.5534704828122238e-06,1.7323982428484184e-06,1.8322917922353569e-06,1.934838889734123e-06,2.044239083248412e-06,2.1667893044412905e-06,2.4781564343186436e-06,2.615708474241791e-06,2.7655730694009933e-06,2.927685784175593e-06,3.110083658839649e-06,3.4934090835879627e-06,3.7022626189200237e-06,3.914570661350606e-06,4.141282447649549e-06,4.393060263426434e-06,4.824344634527305e-06,5.105766985114188e-06,5.393529851670071e-06,5.69708869781138e-06,6.017670117654603e-06,6.367298114568672e-06,6.736669742542261e-06,7.135539631655043e-06,7.571713237827841e-06,8.093241874373962e-06
lignite_coal_plant,AT,4.4523280396723416e-08,4.515945223749892e-08,4.722558007404046e-08,4.2199822123436355e-08,4.2553051653107444e-08,4.360643327199373e-08,4.466299650076409e-08,4.664513314960854e-08,4.718261320998221e-08,4.811567803433343e-08,4.864041981303963e-08,4.989590855519232e-08,5.091486904833201e-08,5.206020279378924e-08,5.330004676632068e-08,5.4624483844659745e-08,5.592836839432124e-08,5.712611313831558e-08,5.8555361659157516e-08,6.00030451931054e-08,6.159610594025227e-08,6.350249214373145e-08,6.519704034843216e-08,6.729035076159317e-08,6.938907390275051e-08,7.222510476501711e-08,7.564625991670694e-08,8.023714195555953e-08,8.685272218166165e-08,9.917222866698137e-08
lignite_coal_plant,BE,4.3484100675720586e-08,4.365284013372299e-08,4.533438613600414e-08,4.014307767447128e-08,4.019542751702583e-08,4.106560788478881e-08,4.2121671442683204e-08,4.307358551836134e-08,4.416766747439139e-08,4.528318218608328e-08,4.8526631533812075e-08,5.0433721448176105e-08,5.1450559644941365e-08,5.244706699487793e-08,5.352061628923342e-08,5.4553597685132036e-08,5.540820556267643e-08,5.677619376400088e-08,5.8406534516520266e-08,5.99220126310473e-08,6.146843988037291e-08,6.370224435661437e-08,6.56575606197721e-08,6.802039279141768e-08,7.023728688876289e-08,7.322054338817957e-08,7.683616960411714e-08,8.136224240859262e-08,8.8019622735358e-08,1.0056051260241174e-07
lignite_coal_plant,BG,79.81850761757643,78.38525264872334,82.46694138926841,61.70256568801423,26.320512303635066,26.359340572346028,26.121902356602984,26.123161100572656,26.314825303748925,30.733514870696723,29.80818946099441,29.62652066662067,29.389978797334088,30.670669825045014,30.019331669756497,28.154935429195866,27.07571840686827,27.198808561213546,26.614133009394717,26.501963606239794,25.86749981975761,26.25617158314596,26.236010542969208,25.98892633788883,25.85530368696871,25.721681065490454,25.626105230834636,25.53052939726602,25.434953563811487,25.008356403178322
lignite_coal_plant,CH,4.5377893483433096e-08,4.677542939265725e-08,4.86750914113549e-08,4.2955022342253936e-08,4.326014409708835e-08,4.408349943541238e-08,4.505685893458153e-08,4.7257045374361546e-08,4.779311518572445e-08,4.8654329768779004e-08,4.923137738653446e-08,5.034149621935958e-08,5.1250602670672885e-08,5.228998228422828e-08,5.323251338264358e-08,5.43363862458602e-08,5.529505924066889e-08,5.6543219192224114e-08,5.8176994849031644e-08,5.974471425264611e-08,6.135287625373066e-08,6.30965848515054e-08,6.488013276635749e-08,6.708855733769596e-08,6.927341767800162e-08,7.211395690887197e-08,7.55261008042948e-08,8.005058673096507e-08,8.61052528220252e-08,9.788699480128001e-08
lignite_coal_plant,CZ,80.14763754048845,80.14763747695626,77.17171153730125,20.724097264607327,19.361279921759497,20.886594867632596,22.042836286576843,22.018775934742102,15.988395314318064,15.970905349501484,15.953415383994521,9.530172162039609,9.507635354915912,9.485098545992635,8.804785146400935,6.929257567727612,6.9004177788329075,6.871577993234736,6.8427382091651525,6.8138984253756565,6.7850586411298535,5.608579448952093,3.762450820990479e-08,4.345732942838167e-08,4.781745723921937e-08,5.159516161142344e-08,5.5614277850644805e-08,6.053460774559699e-08,6.693466747735171e-08,7.834225880444888e-08
lignite_coal_plant,DE,701.5452052176845,674.4321807288035,674.4857667685775,553.3449905541553,509.14380705132356,393.6559995212483,393.4732290181169,248.42014628147805,246.1988026589436,244.3623687987005,242.8189277781943,222.06288812662896,213.88398475164337,213.37699629270315,205.40422745115654,197.8846257991084,195.36636501173652,194.549845784783,193.73332656357277,190.1312906684831,189.32656113034577,187.95541256886483,150.06203918149387,80.94335826071396,80.52718624663996,1.7134317149141272,1.7070649989593392,1.7006982833738842,1.6943315686514968,1.687964856671576
lignite_coal_plant,DK,2.7423499411341054e-08,2.8485800365516336e-08,3.07766308390775e-08,3.1427978025995165e-08,3.2370209153705075e-08,3.349541474175122e-08,3.5231270156756205e-08,3.669360854499927e-08,3.801453647182104e-08,3.93969835344186e-08,4.054447807583551e-08,4.209900297516228e-08,4.357624285868716e-08,4.530399864208558e-08,4.709122683372852e-08,4.881652120362214e-08,5.048763220623293e-08,5.2102552206030557e-08,5.383130370728027e-08,5.565877845179859e-08,5.765629660027317e-08,5.9681810088277e-08,6.191114379120634e-08,6.426016840736759e-08,6.684922704891096e-08,6.992772463018769e-08,7.351884537362772e-08,7.806445594213132e-08,8.470881180983523e-08,9.712197723716929e-08
lignite_coal_plant,EE,2.551752321679999e-08,2.7201706229846496e-08,2.9544452427029965e-08,2.9858208647931046e-08,3.13197390196439e-08,3.330290278924924e-08,3.461323910485403e-08,3.618538660019614e-08,3.7717098451394284e-08,3.925798041527691e-08,4.0920567106700096e-08,4.2739942707121884e-08,4.463503697761791e-08,4.671037949292106e-08,4.8745103041354683e-08,5.070919112593874e-08,5.28093210967593e-08,5.4711241214214043e-08,5.661993151330705e-08,5.872884045901866e-08,6.098666845152493e-08,6.309156226334092e-08,6.545208652497817e-08,6.813405853571853e-08,7.104979406266847e-08,7.429070060291933e-08,7.811150856880377e-08,8.310949703424695e-08,9.013921697953018e-08,1.0297147323368876e-07
lignite_coal_plant,EL,118.66134777528623,115.81284420123633,116.04210742016255,82.19936937494005,82.16153691569924,82.1237044843704,82.0343146107641,81.94492473591812,81.85553486062184,81.7661449867305,17.264184347149534,17.223524429222778,17.182864510421112,17.14220459178605,17.101544674655266,17.060884757544205,16.9899344575325,17.67060898789108,17.309703135029668,17.351510353194563,17.283060534805994,17.905771862738415,18.296416617746413,17.810605658581075,17.12030160960802,17.02700582639015,16.94398798248852,16.871480037482087,16.74835570142022,6.319317200284576e-08
lignite_coal_plant,ES,3.8263531457998723,3.4125098220140053,4.035888784403614,2.641759730086551,2.640543848199985,2.639327973581016,2.636455122555777,2.6335822710778585,2.630709418901112,2.627836566924,2.6249637144719817,2.618781504388281,2.6125992946456402,2.606417084771328,2.6002348758899623,2.594052666870442,2.9728108174237193e-08,3.459676369761179e-08,3.825652306756069e-08,4.1386894488307074e-08,4.44944095311514e-08,4.673320027122228e-08,4.882006245370487e-08,5.105962925170178e-08,5.324664471756217e-08,5.5752806653106515e-08,5.8934071692088436e-08,6.30285732774497e-08,6.887162734540673e-08,8.037992625100093e-08
lignite_coal_plant,FI,2.4263190554144513e-08,2.660410834446014e-08,2.8783628815402396e-08,2.9096312756930203e-08,3.019035277444084e-08,3.155202500310435e-08,3.318717286864425e-08,3.497135723516759e-08,3.636075865922056e-08,3.784755790904424e-08,3.909468710532511e-08,4.1076638834407373e-08,4.294448445591582e-08,4.5086224203674786e-08,4.7305298450759755e-08,4.939412059952651e-08,5.162617305518189e-08,5.364171242322551e-08,5.5680507490528015e-08,5.786379754273491e-08,6.026969427991458e-08,6.28138539695933e-08,6.535061692418063e-08,6.804765803278555e-08,7.079105303498884e-08,7.378480691829675e-08,7.727259350088854e-08,8.204648977755579e-08,8.897495442800685e-08,1.0193466403939954e-07
lignite_coal_plant,FR,2.5287778902670088e-08,2.6365258982034055e-08,3.315356874844387e-08,3.035247413039265e-08,3.130615329406205e-08,3.270874560222916e-08,3.4040428278051016e-08,3.538994745805189e-08,3.656841628157985e-08,3.7974145155671966e-08,3.954970572929205e-08,4.125658231799856e-08,4.284207446767865e-08,4.462407633726532e-08,4.6485958658711295e-08,4.822076231767711e-08,4.99778637324786e-08,5.188377925828536e-08,5.390778581554464e-08,5.5859546245278586e-08,5.804880915284962e-08,6.019382785210737e-08,6.235774113650449e-08,6.485885240492634e-08,6.722240196348472e-08,7.031914434191226e-08,7.397923632928063e-08,7.855576021594354e-08,8.524966230271056e-08,9.763281585512139e-08
lignite_coal_plant,HR,7.285887171631592e-08,6.80861635966383e-08,6.97556493635551e-08,6.182809212962613e-08,6.429920771969487e-08,6.593386380479313e-08,6.607636682845448e-08,6.409249448557934e-08,6.455829003616661e-08,6.490704880646028e-08,6.424676911921673e-08,6.40950025255425e-08,6.410559196313588e-08,6.417520646582281e-08,6.464625710755229e-08,6.460306537365915e-08,6.50169130642939e-08,6.564734638935069e-08,6.647945746088577e-08,6.744117656109093e-08,6.848774747002243e-08,6.983265735699919e-08,7.092513070925117e-08,7.236561271574419e-08,7.387672897936292e-08,7.5873264988492e-08,7.836753688758611e-08,8.191009574329052e-08,8.772982709567103e-08,9.758603720857169e-08
lignite_coal_plant,HU,2.4413983947758447e-08,2.665715104996886e-08,3.1455925673786215e-08,2.9758168781061976e-08,3.070238712959786e-08,3.186630479205679e-08,3.2996259168386325e-08,3.3897202686795126e-08,3.480713603539379e-08,3.5743851290692914e-08,3.6724481155458666e-08,3.767025761856344e-08,3.8618296677560366e-08,3.964566999679954e-08,4.0753757270717634e-08,4.1944051436299506e-08,4.331376170284526e-08,4.514935580797079e-08,4.68609870750744e-08,4.86110978888552e-08,5.052901226225686e-08,5.333067463203324e-08,5.556337972056884e-08,5.7997082566768306e-08,6.03215598195978e-08,6.335586727513816e-08,6.666423864142893e-08,7.093593809334214e-08,7.755975420033091e-08,8.894494145866842e-08
lignite_coal_plant,IE,2.4285698616479724e-08,2.4914537345841643e-08,2.9480914417853016e-08,2.801292267485757e-08,2.896462317592269e-08,3.044252954762935e-08,3.146567772182818e-08,3.249387147846848e-08,3.3644787985336344e-08,3.4559444119055584e-08,3.561034952492286e-08,3.701691999674516e-08,3.888354541830643e-08,4.093254226377961e-08,4.313411557180086e-08,4.519995704242179e-08,4.736455538402962e-08,4.956963797273839e-08,5.1814736758049436e-08,5.4041846078075486e-08,5.6545251479300824e-08,5.9088695036516185e-08,6.16793932209577e-08,6.430827759642018e-08,6.732166910534005e-08,7.076930184678096e-08,7.456576176334064e-08,7.92978122631872e-08,8.611820563988209e-08,9.927086145430606e-08
lignite_coal_plant,IT,4.451183009347982e-08,4.5701578591053296e-08,4.7402751343301376e-08,4.1768476054054936e-08,4.177566026787964e-08,4.25782501012823e-08,4.3095703819896214e-08,4.3724879188548244e-08,4.440372464885146e-08,4.5177684494897596e-08,4.5998047725804346e-08,4.660113307138529e-08,4.7370719638775426e-08,4.8091283546982356e-08,4.91604899264425e-08,5.037446474949241e-08,5.1776685068130225e-08,5.354316200137514e-08,5.5075223707082296e-08,5.6792838679163596e-08,5.894563311614929e-08,6.05079187004846e-08,6.237719509416445e-08,6.435685730785057e-08,6.637387323993839e-08,6.866539613562747e-08,7.13936869772245e-08,7.522646250671218e-08,8.040021497551848e-08,9.069037180698513e-08
lignite_coal_plant,LT,2.5171673578183244e-08,2.6986824268897315e-08,2.941298860418253e-08,2.984877045767522e-08,3.135348449933088e-08,3.331561446884261e-08,3.468364799708056e-08,3.620449435534337e-08,3.7861147291879104e-08,3.9462738392250036e-08,4.1004139600400414e-08,4.2610459201354144e-08,4.431109376894875e-08,4.62500945985518e-08,4.808943153863167e-08,4.989864641872753e-08,5.172318574341744e-08,5.3430096278259105e-08,5.50657865429077e-08,5.6896243411630156e-08,5.888730354846005e-08,6.094710759746575e-08,6.302056631383945e-08,6.525863107358039e-08,6.773577437537102e-08,7.055585441931651e-08,7.399849582251458e-08,7.831634440784679e-08,8.473670796878444e-08,9.678011858273133e-08
lignite_coal_plant,LU,2.6324545473871014e-08,2.717216074200633e-08,3.4290567457375726e-08,3.140691574495865e-08,3.2351025242051074e-08,3.379809585895876e-08,3.6022987345976255e-08,3.895135417379164e-08,4.0758086131333426e-08,4.220556273383342e-08,3.992700162630684e-08,4.369136691494034e-08,4.318427552260752e-08,4.4459852396175224e-08,4.607799711011272e-08,4.7605027893581796e-08,4.920180802676954e-08,5.087956579791696e-08,5.278673375000012e-08,5.471988916843911e-08,5.6963970018358225e-08,5.908035767478353e-08,6.124495413702024e-08,6.375200009427644e-08,6.62064811693798e-08,6.935442593663832e-08,7.305663989708142e-08,7.766186715026925e-08,8.443775059285465e-08,9.691173311243978e-08
lignite_coal_plant,LV,2.5683839073876154e-08,2.7417143432687117e-08,2.982412825760806e-08,3.0197128240788375e-08,3.168457761426152e-08,3.371352656737218e-08,3.504642865491661e-08,3.654711948822693e-08,3.820568414927601e-08,3.9778527254554424e-08,4.13298894305613e-08,4.3053641956031117e-08,4.485144718822091e-08,4.690473787517428e-08,4.887965483842814e-08,5.0850068180757126e-08,5.2801007095141596e-08,5.466230503563476e-08,5.650327899085045e-08,5.859168720845939e-08,6.079346487313614e-08,6.296929152256865e-08,6.52201820322682e-08,6.775945022962298e-08,7.064566341598785e-08,7.387580951763365e-08,7.766370118591e-08,8.25866097797733e-08,8.955808369637477e-08,1.0223263442234623e-07
lignite_coal_plant,NL,3.508439185116671e-08,3.548991225007293e-08,3.712048198320814e-08,3.390559272239528e-08,3.402169359705096e-08,3.492754493673074e-08,3.6053069939980855e-08,3.6824567831975797e-08,3.776703661777608e-08,3.8781494073726006e-08,3.963982519401649e-08,4.086779911231782e-08,4.21545954592975e-08,4.3532247985134256e-08,4.6317374506114e-08,4.7989977550036313e-08,5.002825695625505e-08,5.223660446841602e-08,5.451039361761756e-08,5.668481955119455e-08,5.908549849455004e-08,6.151794194508784e-08,6.404341385997364e-08,6.67454803181953e-08,6.940050906068351e-08,7.274807033183361e-08,7.664676084884684e-08,8.136379493647782e-08,8.82882167148275e-08,1.0106722855391266e-07
lignite_coal_plant,NO,2.694555297124286e-08,2.9222909532460326e-08,3.140647346870694e-08,3.128302384055587e-08,3.2545851201836815e-08,3.3898713478611886e-08,3.549559663360702e-08,3.6973070654391045e-08,3.820890462237069e-08,3.9523318701232966e-08,4.072703655281124e-08,4.215055251768868e-08,4.3699062175833154e-08,4.543654763848088e-08,4.716688687894912e-08,4.887848613127018e-08,5.0583303906560296e-08,5.221508366292052e-08,5.394158522908952e-08,5.583952407510555e-08,5.803115035043693e-08,6.032346019714762e-08,6.272031356499442e-08,6.518471008306481e-08,6.77714882414376e-08,7.067869478060653e-08,7.418527244716091e-08,7.865136664083303e-08,8.50037811061766e-08,9.695823661641442e-08
lignite_coal_plant,PL,301.18519529295565,290.93594890902153,297.60143942018357,251.35510183881613,248.7444735926774,247.05910599483278,249.28974180667586,21.898656701960032,21.874727584361647,21.850798466894286,21.826869347092458,21.775375275390598,21.723881203727277,21.67238713070667,20.117947280891617,20.07007689000116,19.986544594845828,19.903012312322335,19.819480032644194,19.735947753112676,19.65241547382433,19.552907032176748,19.453398590480006,19.353890149174205,19.254381707813945,19.15487326677778,19.08369817624404,19.012523086233006,18.941347996885412,18.870172910103765
lignite_coal_plant,PT,2.751274385760161e-08,2.6406998161913133e-08,3.15391487806975e-08,2.8611926468721277e-08,2.923501681918971e-08,3.0285642989631105e-08,3.120551690350499e-08,3.2091381400162066e-08,3.2863137932034406e-08,3.3662479174088125e-08,3.439623056915626e-08,3.5383645831606635e-08,3.6367150120468936e-08,3.730539104426639e-08,3.847299044522376e-08,3.938664878210363e-08,4.0407733761861804e-08,4.184491397963294e-08,4.366826449676832e-08,4.5627995922401474e-08,4.779978760275943e-08,4.9414698195905445e-08,5.1098354733173626e-08,5.299520629262507e-08,5.481683014346679e-08,5.706354994133218e-08,6.009570271557933e-08,6.401388158477241e-08,6.97101906810749e-08,8.10814209558266e-08
lignite_coal_plant,RO,198.7802637294383,193.5055162759737,75.574359888389,66.65518330721387,54.38067952816952,54.24680658645548,54.18605813232463,54.57481860921196,54.961156028429436,54.409718061604856,55.26697210881837,55.29693759133893,50.409095450455354,11.380498316977043,11.353482875095688,11.326467433909283,11.279326325860652,11.232185222192378,11.185044114488242,9.160144530780439,9.121374273414819,9.075188922356375,9.02900357024858,8.982818217422997,8.9366328647983,8.89044751344956,8.857412661738564,8.824377809594445,8.79134295938866,8.758308111313346
lignite_coal_plant,SE,2.6702018092504573e-08,2.905238865839454e-08,3.129349478493782e-08,3.123122001528468e-08,3.250890203235115e-08,3.360840317217857e-08,3.557110282941308e-08,3.7254050599094816e-08,3.8631043547226834e-08,4.009568154922682e-08,4.1435162256780386e-08,4.314821144956523e-08,4.4905220205790514e-08,4.6877884932356436e-08,4.8825795999510664e-08,5.074038232174202e-08,5.271396864155057e-08,5.450964668354817e-08,5.638254105964976e-08,5.844328629765377e-08,6.077170895507002e-08,6.324971190647444e-08,6.563522855964547e-08,6.821280867350276e-08,7.087876152327812e-08,7.383330596329058e-08,7.750183123262763e-08,8.21502963447459e-08,8.8975654025882e-08,1.0183698537360901e-07
lignite_coal_plant,SI,3.984852217790371e-08,4.017492148320899e-08,4.199224516621342e-08,3.7736507247358735e-08,3.8104831939612615e-08,3.92210610412939e-08,4.005915990153594e-08,4.134732290718135e-08,4.219561854616599e-08,4.2959815470510344e-08,4.349876781037655e-08,4.4462595605646046e-08,4.593683775354711e-08,4.692809703297568e-08,4.818697726887236e-08,4.945086817671166e-08,5.1028685473663175e-08,5.283559093425199e-08,5.47005270594594e-08,5.6534773468892724e-08,5.856391527900105e-08,6.044583370288971e-08,6.212490938655615e-08,6.426857848387047e-08,6.625308059754498e-08,6.896587393746586e-08,7.205753854252438e-08,7.617659840703888e-08,8.255684949660121e-08,9.361852238877708e-08
lignite_coal_plant,SK,2.7895717141221832e-08,3.0014334296543655e-08,3.4741772133062385e-08,3.27462838355055e-08,3.381496715334836e-08,3.5278002020736e-08,3.684995698596622e-08,3.9502149648117176e-08,4.083520076314149e-08,4.2267701143690126e-08,4.371163689611751e-08,4.512143204530171e-08,4.649678999504053e-08,4.768474321944697e-08,4.896072071498241e-08,5.0342640282436255e-08,5.169763830704432e-08,5.305767480224143e-08,5.470455280885933e-08,5.711840072228568e-08,5.9416792331000645e-08,6.169808614036881e-08,6.387559440580117e-08,6.630644527298643e-08,6.874891824548244e-08,7.176241430517999e-08,7.524281253573832e-08,7.983859543490914e-08,8.592990145443053e-08,9.694943345877471e-08
lignite_coal_plant,UK,2.432568913225841e-08,2.536427310804133e-08,2.965346981277851e-08,2.82929383216863e-08,2.9299345899353316e-08,3.084022389553836e-08,3.1901188245484094e-08,3.296597976824853e-08,3.405774160011723e-08,3.506878320247661e-08,3.6421365259108e-08,3.80312739415036e-08,3.975827861178835e-08,4.181616066596311e-08,4.412905591769819e-08,4.6138903701857296e-08,4.829945962548622e-08,5.0478413181685496e-08,5.269043257007253e-08,5.489406213331833e-08,5.735112908292048e-08,5.991423714987773e-08,6.255386298240412e-08,6.524951596012225e-08,6.832160097371538e-08,7.171968630916909e-08,7.570617134051286e-08,8.058616817565006e-08,8.752647718866282e-08,1.006986030538319e-07
lng_terminal,AT,0.0,0.0,0.0,0.0,0.0,0.0,0.0,0.0,0.0,0.0,0.0,0.0,0.0,0.0,0.0,0.0,0.0,0.0,0.0,0.0,0.0,0.0,0.0,0.0,0.0,0.0,0.0,0.0,0.0,0.0
lng_terminal,BE,2.521150989641992e-08,2.4751291251066327e-08,6.301915510035711e-08,7.828907993041761e-08,9.508381954071145e-08,1.433490105961992e-07,1.0341570989669876e-07,1.1233388381323245e-07,1.2011129469837244e-07,1.3018793185360898e-07,1.1303223265988536e-07,1.270402237931545e-07,1.2775419255476378e-07,1.1755760308074948e-07,1.252111014800079e-07,1.0663676954228213e-07,1.1081980415347314e-07,1.288402373242376e-07,1.3036808999291084e-07,1.3784521022772118e-07,8.03581583751181e-08,6.933724974072208e-08,7.459430700997714e-08,7.998584497464757e-08,8.560974403668021e-08,9.158967300481954e-08,9.796360681904263e-08,1.0494521884609921e-07,1.1149045073166672e-07,1.1029630187627099e-07
lng_terminal,BG,0.0,0.0,0.0,0.0,0.0,0.0,0.0,0.0,0.0,0.0,0.0,0.0,0.0,0.0,0.0,0.0,0.0,0.0,0.0,0.0,0.0,0.0,0.0,0.0,0.0,0.0,0.0,0.0,0.0,0.0
lng_terminal,CH,0.0,0.0,0.0,0.0,0.0,0.0,0.0,0.0,0.0,0.0,0.0,0.0,0.0,0.0,0.0,0.0,0.0,0.0,0.0,0.0,0.0,0.0,0.0,0.0,0.0,0.0,0.0,0.0,0.0,0.0
lng_terminal,CZ,0.0,0.0,0.0,0.0,0.0,0.0,0.0,0.0,0.0,0.0,0.0,0.0,0.0,0.0,0.0,0.0,0.0,0.0,0.0,0.0,0.0,0.0,0.0,0.0,0.0,0.0,0.0,0.0,0.0,0.0
lng_terminal,DE,8.918309717255464e-09,9.457697326316772e-09,8.855346117296454e-08,1.1343061258800441e-07,1.2250124369677648e-07,1.3587231021833987e-07,1.5881420529727679e-07,1.762260629658424e-07,1.8214416467146155e-07,1.8080302394595442e-07,1.574141410765264e-07,1.7406003029749688e-07,1.9623766477473417e-07,1.87027445998127e-07,2.0904389199151914e-07,1.6137394753532765e-07,1.740221131945888e-07,1.8967116441218912e-07,2.090607422575789e-07,2.3436766536542171e-07,2.2830874185486366e-07,1.2055949210524061e-07,1.2148806965537406e-07,1.2961507108791033e-07,1.3628861026037044e-07,1.4411432397512119e-07,1.541471187453968e-07,1.579626193168872e-07,1.6891225390566368e-07,1.5168446483502714e-07
lng_terminal,DK,0.0,0.0,0.0,0.0,0.0,0.0,0.0,0.0,0.0,0.0,0.0,0.0,0.0,0.0,0.0,0.0,0.0,0.0,0.0,0.0,0.0,0.0,0.0,0.0,0.0,0.0,0.0,0.0,0.0,0.0
lng_terminal,EE,7.811686599882266e-09,8.285090573660424e-09,3.6237157513814524,3.8868456625523415,4.101095534415168,4.7364386929236275,4.845551961144643,4.744026391309484,4.736937840772023,4.708400387684201,4.679862910138564,4.6575787329247005,4.631549250856739,4.531928272603247,4.406954402099016,4.204981899687836,6.202806664762069,4.050908711973139,4.7922675801571195,3.8853700208954547,4.050177626683272,1.4721054290060753e-07,1.5386931472878338e-07,1.6393910762958213e-07,1.6917804367029646e-07,1.7933591385615778e-07,1.9442388103460478e-07,1.96269289211069e-07,1.3368206385462674e-07,1.1829730444355409e-07
lng_terminal,EL,1.7656705100851044e-08,1.8425179287972864e-08,4.5181977271968035e-08,9.327927117925234e-08,1.0065325095506542e-07,1.3644552340054562e-07,1.570763749403347e-07,1.7502628267193235e-07,1.8099892963370447e-07,1.592798528224345e-07,1.1143647593815867e-07,1.1092025857899743e-07,1.0442250670832851e-07,7.204718499326567e-08,7.469081117207766e-08,6.7606057329248e-08,5.405114574055685e-08,5.6143043872806035e-08,5.777132626038819e-08,6.034080212169991e-08,4.8152973481532886e-08,5.18154204166768e-08,5.5125442490741006e-08,5.841606735657156e-08,6.175721544430665e-08,6.526278186534169e-08,6.886257079482186e-08,7.274326492249034e-08,7.699026491252982e-08,8.203336836015661e-08
lng_terminal,ES,2.0259619478202954e-08,2.1188317023925213e-08,4.331795642608072e-08,5.764405967166302e-08,6.221131040308434e-08,6.796869223390266e-08,7.20601785728643e-08,7.567930623254604e-08,7.75617590907958e-08,8.234957903735582e-08,7.720800238547021e-08,7.970764563911018e-08,8.389057057489024e-08,8.319427419797119e-08,8.831245003973812e-08,7.736082300126432e-08,5.9585757272746595e-08,6.208402397811936e-08,6.190999289308802e-08,6.213176740257789e-08,4.956721305319643e-08,5.3520588196974204e-08,5.6961767220243e-08,6.032965288504661e-08,6.37632184217747e-08,6.729470938523521e-08,7.106824119258947e-08,7.509890444222567e-08,7.962677153684916e-08,8.513121678915864e-08
lng_terminal,FI,7.89928238839364e-09,8.378349680442052e-09,3.940013281980061e-08,6.57384678203444e-08,0.4138108050234219,1.1001374065766925,1.0992438103980053,1.0910457688189963,1.091045787441648,1.091045788468493,1.0910457895913184,1.091045793585526,1.091045802100116,1.0595186803077794,1.0595186670390107,1.0415292961790474,1.030094232622839,1.024422198490423,1.023648386379891,1.0111916516165782,2.57357075463735,0.4032465610148109,0.40324733748113406,0.4032477632536244,0.4032410063455385,9.93132528377959e-08,1.0433544234629531e-07,1.0762044261972705e-07,1.0117597992440665e-07,1.0347630403318422e-07
lng_terminal,FR,3.4968207321678605e-08,3.363573798650165e-08,2.0129180420454493e-07,1.647651949486946e-07,2.0972975394181164e-07,2.3250528985936614e-07,3.253820839596853e-07,2.880904888825089e-07,2.73250087247897e-07,2.9076353790180036e-07,2.488028617161541e-07,2.3481260347613296e-07,2.451185267385102e-07,2.289062899602416e-07,2.526986554445811e-07,1.7161478490474464e-07,9.999036792677744e-08,1.051192248746343e-07,1.041396663968849e-07,1.0305119235580218e-07,7.295100941458116e-08,7.960073783531518e-08,8.643308337505052e-08,9.332906674061578e-08,1.0054716484209549e-07,1.0826728338568783e-07,1.1680078271963961e-07,1.2638684908825703e-07,1.3777922093824946e-07,1.5269743788658952e-07
lng_terminal,HR,8.296863574508065e-09,8.804270837197119e-09,1.7062616598831783,20.06717648600903,30.28991408505611,29.608430435863305,28.065182201552247,27.431224091998025,26.87633856051426,26.759667850796458,26.18939816104291,32.46133768693867,33.96210704023481,17.981702353010043,13.266022571778961,1.8803226615064813e-07,1.554490974547487e-07,1.2876007996777532e-07,1.127724283240386e-07,9.779392395351554e-08,1.0350265750085451e-07,6.851809524431906e-08,7.171345524084314e-08,7.51053400174032e-08,7.864702921011443e-08,8.229366634446772e-08,8.60687513796371e-08,9.000492062293412e-08,9.36196705561552e-08,9.776620460831503e-08
lng_terminal,HU,0.0,0.0,0.0,0.0,0.0,0.0,0.0,0.0,0.0,0.0,0.0,0.0,0.0,0.0,0.0,0.0,0.0,0.0,0.0,0.0,0.0,0.0,0.0,0.0,0.0,0.0,0.0,0.0,0.0,0.0
lng_terminal,IE,0.0,0.0,0.0,0.0,0.0,0.0,0.0,0.0,0.0,0.0,0.0,0.0,0.0,0.0,0.0,0.0,0.0,0.0,0.0,0.0,0.0,0.0,0.0,0.0,0.0,0.0,0.0,0.0,0.0,0.0
lng_terminal,IT,2.698186345766296e-08,2.8348823276312733e-08,55.949244092185346,264.00000802596594,341.8597862508785,380.7673108736419,378.17723953639035,375.5871681361567,372.9970967133153,370.4070252100915,296.8450648523381,164.33526023255814,48.207790326252606,1.9134347330587717e-07,2.0156168240727305e-07,1.497173831904528e-07,9.243687180343165e-08,9.678626120965104e-08,9.562481941794299e-08,9.474094318068827e-08,6.643601409313143e-08,5.318284770577099e-08,5.640969177276605e-08,5.977215410749398e-08,6.320121589552329e-08,6.683046366534134e-08,7.055735949267383e-08,7.458283100658296e-08,7.900340110969308e-08,8.355210782767188e-08
lng_terminal,LT,1.750057413177506e-08,1.8283841189934862e-08,5.142000571658967,13.48673502601865,14.85140750638389,15.100594238819413,14.996291255355406,14.629497675209834,13.690349398134764,13.470805453193641,4.112195830848675,1.905840618569952e-06,12.382196953552581,4.182555195134428,4.478735606002299,4.13570390197216,3.258647575516484e-07,0.08552640008316742,2.4770456780604055,2.005706881323349e-07,1.0267323305264862e-07,7.585605425591921e-08,7.914276653599356e-08,8.527795162876885e-08,8.939818711014882e-08,9.464913680244715e-08,1.0116948941090619e-07,1.0512975587966757e-07,9.787280560185438e-08,9.362577190351113e-08
lng_terminal,LU,0.0,0.0,0.0,0.0,0.0,0.0,0.0,0.0,0.0,0.0,0.0,0.0,0.0,0.0,0.0,0.0,0.0,0.0,0.0,0.0,0.0,0.0,0.0,0.0,0.0,0.0,0.0,0.0,0.0,0.0
lng_terminal,LV,0.0,0.0,0.0,0.0,0.0,0.0,0.0,0.0,0.0,0.0,0.0,0.0,0.0,0.0,0.0,0.0,0.0,0.0,0.0,0.0,0.0,0.0,0.0,0.0,0.0,0.0,0.0,0.0,0.0,0.0
lng_terminal,NL,2.2962401984251543e-08,2.2672487266504536e-08,5.1916947218830744e-08,7.931911572591853e-08,9.021983891335705e-08,9.262169255123225e-08,1.020843791499189e-07,1.0928649218095832e-07,1.1157389880412187e-07,1.1176036354004596e-07,1.0681459990237175e-07,1.1234669198343378e-07,1.2224677113793605e-07,1.1900749834154529e-07,1.2856071035582966e-07,1.1042548683238779e-07,1.1663973162409286e-07,1.2443518939270648e-07,1.3345543244662984e-07,1.4408978107973067e-07,8.357300584653344e-08,6.851653847515876e-08,7.144365808440725e-08,7.637184797676882e-08,8.084262109927502e-08,8.571059244171329e-08,9.140305651368642e-08,9.531943295657224e-08,1.0199872100558177e-07,9.934666083775731e-08
lng_terminal,NO,0.0,0.0,0.0,0.0,0.0,0.0,0.0,0.0,0.0,0.0,0.0,0.0,0.0,0.0,0.0,0.0,0.0,0.0,0.0,0.0,0.0,0.0,0.0,0.0,0.0,0.0,0.0,0.0,0.0,0.0
lng_terminal,PL,7.833230918239312e-09,8.304562228838386e-09,9.10719218938305e-08,7.364753650117083e-07,7.97138767023872e-07,18.735556844665414,16.051160468322365,14.72624098334373,3.433055591535906,0.6680935099607733,1.915800669175135e-07,1.895005002253082e-07,2.033810931759714e-07,2.057306647583599e-07,2.1074992738751408e-07,2.13820633212471e-07,1.6813513783382824e-07,9.893547321196427e-08,2.178437726628472e-07,1.1976443628416662e-07,1.1143806866361705e-07,7.909306337839624e-08,8.011982839690449e-08,8.413392503840246e-08,8.754643569296056e-08,9.14353397006086e-08,9.602783102796923e-08,9.831039119853904e-08,1.029700866881959e-07,9.726925967086417e-08
lng_terminal,PT,2.5274883086461112e-08,2.4671453598316785e-08,5.814186528562124e-08,7.071627492904588e-08,7.771441538738223e-08,8.343980613028649e-08,9.20971476654639e-08,9.795350163829098e-08,1.0004197888988064e-07,1.0833509226850621e-07,9.819655258392148e-08,1.0126344863229267e-07,1.0750895616918443e-07,1.0584890499216961e-07,1.1409162730192923e-07,9.510791926139082e-08,6.910626649762301e-08,7.24242614140909e-08,7.16498041941183e-08,7.139423400436213e-08,5.4429340816300534e-08,5.845715428940168e-08,6.188214003859548e-08,6.121501160210135e-08,6.392268749527005e-08,6.740334486851562e-08,7.104279389226064e-08,7.481332095930049e-08,7.892335267885407e-08,8.340422587342021e-08
lng_terminal,RO,0.0,0.0,0.0,0.0,0.0,0.0,0.0,0.0,0.0,0.0,0.0,0.0,0.0,0.0,0.0,0.0,0.0,0.0,0.0,0.0,0.0,0.0,0.0,0.0,0.0,0.0,0.0,0.0,0.0,0.0
lng_terminal,SE,0.0,0.0,0.0,0.0,0.0,0.0,0.0,0.0,0.0,0.0,0.0,0.0,0.0,0.0,0.0,0.0,0.0,0.0,0.0,0.0,0.0,0.0,0.0,0.0,0.0,0.0,0.0,0.0,0.0,0.0
lng_terminal,SI,0.0,0.0,0.0,0.0,0.0,0.0,0.0,0.0,0.0,0.0,0.0,0.0,0.0,0.0,0.0,0.0,0.0,0.0,0.0,0.0,0.0,0.0,0.0,0.0,0.0,0.0,0.0,0.0,0.0,0.0
lng_terminal,SK,0.0,0.0,0.0,0.0,0.0,0.0,0.0,0.0,0.0,0.0,0.0,0.0,0.0,0.0,0.0,0.0,0.0,0.0,0.0,0.0,0.0,0.0,0.0,0.0,0.0,0.0,0.0,0.0,0.0,0.0
lng_terminal,UK,2.2398010378827627e-08,2.2354447322244013e-08,4.1003898895351725e-08,6.793847772059804e-08,7.546846864274455e-08,9.422736629281773e-08,7.814434196574458e-08,7.090064359563243e-08,6.620187225933944e-08,6.603362142593578e-08,6.244225955816215e-08,6.428760740176004e-08,6.71379451949008e-08,5.752299575458946e-08,5.994243136221667e-08,5.9294021323497425e-08,6.165728769668462e-08,5.7200258677729265e-08,5.949557683586076e-08,6.226440633556094e-08,5.0006060393192175e-08,5.406122361191424e-08,5.7328512463310366e-08,6.072839135353345e-08,6.419680221048958e-08,6.77545308139821e-08,7.156104690591263e-08,7.564807795511457e-08,8.017926790794692e-08,8.41029419621766e-08
natural_gas_boiler,AT,308.035112176964,309.5445592562543,309.54455925811214,309.32648510887145,316.1927278708203,325.9181115145407,343.8509852769238,364.0376602612459,361.94437959057944,359.8525779324641,357.76225528979154,353.1236464022873,350.7667398253752,335.4274139225735,321.88727133772034,315.95028726318554,312.92994772582847,297.5496839054571,297.20416857555955,294.48027823852834,283.27570822763954,81.4206482066054,81.23216348969181,81.04367877211646,80.85519405328643,66.93495529206001,43.796838979779125,24.260897957562307,2.61877728291612,2.6126150721222494
natural_gas_boiler,BE,584.0136711531572,601.6849782591516,601.6849782608061,601.2610911743635,589.3187339797054,584.5397520699994,590.1837069156294,599.529662692795,576.5384244293758,564.827460270451,523.0010882909611,500.69304204650734,488.6535189080477,448.9338146659285,448.4149219133201,425.371983747467,424.87918537300044,398.47161840832126,391.2044892478033,386.2555736269436,361.360734073009,94.06509893281554,93.84734294587875,93.6295869588171,93.41183097102795,93.19407498080986,83.94741749024989,66.88328794275628,24.177418978940942,24.12052756029042
natural_gas_boiler,BG,92.64192338494662,92.64192338721584,92.64192338997219,92.57665716105076,92.79347146951693,91.49734924036784,89.52595256795382,86.92129360999098,84.8960011417578,82.97362031916253,82.94223305971141,82.57600443881458,82.40241682503317,82.30728330900709,82.21214979268916,81.02263623657213,80.92877057259213,80.83490490895541,79.82555328584337,78.75315167183584,78.66149047025945,1.7490985989546144,1.7450495219745314,1.7410004443863756,1.7369513605770945,0.6907998547691001,0.6891857393129053,0.6875716262327323,0.6859575145739617,0.6843434058212114
natural_gas_boiler,CH,451.2963189401026,453.3414890921199,453.3414890908286,453.02210999993684,455.7256517840617,458.6902020622331,466.7808391713704,469.06459297456445,466.2375167722348,463.412444535457,460.58937625186536,454.33227674173213,451.16668637605426,430.4110414314947,412.0931341705123,404.0768486469608,400.0123640437541,379.20125176655324,378.7609224586141,375.0981008519431,359.9446923027878,53.17044195602291,53.04735505121869,52.924268144099365,52.8011812354678,40.48101007710788,19.165618076745872,8.521284768259658,3.5482165117722326,3.539867273301062
natural_gas_boiler,CZ,180.14254722558508,180.14254722620456,180.1425472270705,180.0156367996636,178.68390220666444,176.32782137278403,159.039694462961,157.77653632041293,156.5142876805711,152.9267036339994,151.667153969847,150.29214136354818,148.91989709012756,142.28847843735318,142.1240166449098,139.25352999049804,88.13342001227285,63.569645251749876,30.976398208147113,23.04899099533104,1.810157108756132e-07,1.721442606098102e-07,1.7426799532735427e-07,1.7726270992358113e-07,1.8171988919482855e-07,7.751412081926513e-08,8.588519769287487e-08,9.461949077904218e-08,1.049491100994067e-07,1.2198599870331505e-07
natural_gas_boiler,DE,3594.8002294665175,3673.3352425140615,3673.335242518928,3670.7473776940187,3627.530506001281,3600.5983012699767,3671.967367676666,3759.8724900392244,3799.4641770447893,3798.0274580156083,3693.691816402584,3648.960284993123,3604.3221071867983,3401.1754157379905,3275.8277930595673,3178.572824377182,3017.517427345002,2755.391369368422,2616.516108246038,2437.3179770992697,2389.275131797187,743.2473690338612,741.5267886412522,739.8062082531736,738.0856278584315,736.3650474672826,702.3992839263735,590.7227943560479,448.71962006496284,223.0098108766588
natural_gas_boiler,DK,62.449497803831626,62.46896214795265,62.46896214870856,62.42495276404465,55.34429904027632,53.34611673209031,51.367570201273864,49.09862977688876,47.123153503316246,45.14915719518797,43.04343976248503,40.10549044632569,38.10830946697502,31.02973132533254,25.48062755743103,19.431763977292544,19.4092520536178,12.78096624633108,4.214734610733257,4.209834762711438,0.12942014442747635,0.1291212344130744,0.1288223254646696,0.12852341641901666,0.12822450704121677,0.12792559616715735,0.12762668769011634,0.12732778003061104,0.1270288736352566,0.12672997062630154
natural_gas_boiler,EE,36.70473105692833,37.013413629754105,37.01341363076009,36.98733768221178,36.6639737464041,36.73945101721065,37.332118613587966,36.84382414792017,36.829897404956874,36.81597066128732,36.802043917353714,36.569178338269055,36.304418683148064,35.90031825537748,35.334811974811636,33.81240073349107,33.54468219439614,33.016575157728546,32.97823624089307,32.62346275698506,31.329786459446176,3.2580441241253157,3.2505019158650543,3.242959707287807,3.2354174972750367,0.9909685424121204,0.8900516566922966,0.2989938375492926,0.2982919192327794,0.29759001974382976
natural_gas_boiler,EL,313.94875178237265,313.9487517840931,313.9487517925428,313.7275748874008,313.5063979833822,313.28522107699655,312.13156203566405,305.52105594301855,299.8357640913489,294.13755357212295,283.53288380927194,280.59029740510886,276.3534754900122,276.03442564962626,269.9956321127554,269.6832009956557,259.02178296778584,258.7213551764878,256.22127128613135,254.01835323118274,249.01919325510772,1.1776590106775653,1.1749327882744462,1.172206566116569,1.1694803438531307,1.1667541219423618,1.1640278999586955,1.1613016792746047,1.1585754598007838,1.1558492430074383
natural_gas_boiler,ES,232.16789586980474,239.81949814914904,239.8194981492948,239.65054530545675,233.1762961731857,230.20993765106067,218.02275449612804,142.16662103646885,141.7714697354269,141.37657663587564,136.99947614402555,106.83529725287798,103.73142167592619,91.85008609581126,84.46541232293362,76.51350853093786,76.42486674310219,71.92359105131438,62.57676670263819,46.90063631021471,22.68393892787529,22.631547998349426,22.579157130639253,22.52676623214165,22.474375333689785,22.421984435402244,22.36959353744095,22.31720263985444,22.26481174309234,22.212420848857562
natural_gas_boiler,FI,203.60868224276467,203.67833928915144,203.67833928956253,203.5348478966125,212.6383193980097,222.14701760128088,222.0505398809898,221.85135343446785,221.7674949524697,221.68363646972725,221.59977798805792,221.3445306088612,221.0892832297105,220.392720876166,220.13798358233433,219.63201413223337,219.2180527273128,218.88475818414935,218.61981937317063,218.19250344894792,217.73243275014968,19.38640156876008,19.34152302168613,19.296644474263626,19.25176592434781,10.195413567334555,0.4785362934671438,0.47741553261986125,0.4762947753626432,0.4751740227946595
natural_gas_boiler,FR,942.5042373761481,942.504237376499,942.5042373772741,941.8402431102157,886.7256437665152,783.0569209707886,747.0114478932162,700.6296043444811,643.0713622720965,607.1190115857285,507.51191228701134,471.27278213175435,404.01310311161694,310.18346549784076,281.5907154495503,245.6818829912838,177.94812452643828,142.59385193945045,71.87264511573717,56.252286056289215,56.186813728676356,56.0570444812433,55.927275234581394,55.79750598790361,55.66773674068631,55.53796749411367,55.40819824795146,55.2784290018252,55.148659757248204,55.01889051561932
natural_gas_boiler,HR,108.98770304640786,108.98770304703734,108.98770304824151,108.91092121115396,108.55105589523214,107.02133218977175,103.68215896166741,102.2875999094353,101.06289029924997,97.84147254025221,96.52229715449884,94.26748182688854,93.4175566327453,87.62869082864897,86.30673113641889,80.58991574056459,80.49655138843612,72.79111460341731,69.131898289971,65.80321834071192,61.54972123921423,3.029618976687514,3.0226055609362423,3.0155921448160354,3.0085787268089383,1.2384784277656964,1.2355846144563065,1.2326908034004642,1.2297969938355537,1.22690318726965
natural_gas_boiler,HU,285.34362014095603,290.2293136663443,290.22931366686043,290.0248471075158,273.42503071286666,257.35552238767684,254.19934411418146,251.04547751077433,247.89392258200493,235.78261134412904,232.63906992989882,229.32027560898214,226.00851752931976,194.11095730849533,186.13864379168737,132.20760313387566,115.9969967672312,80.42879919540387,45.737731427858094,30.653757608395214,23.28062674574993,23.226857734637157,23.173088723999314,23.11931971348479,23.065550702910684,23.01178169246131,22.958012682426304,22.90424367290718,22.85047466447871,22.796705659022688
natural_gas_boiler,IE,46.92060998784514,51.73699844306428,51.73699844334483,51.70054972659662,49.63062533989102,46.51886434510224,46.25669179738493,43.17731050691708,42.916572609768224,42.19966216995115,41.939466596187906,37.84288741870622,37.55557856754039,28.00896143973873,23.530218539154873,19.852850591913164,18.247880521457645,17.448355015931817,11.815005352725533,11.243901571399473,7.90624600536137,7.887985714037036,7.8697254230865274,7.851465132146083,7.833204841331563,7.814944550663834,7.796684260181282,7.778423970303988,7.760163681490372,7.74190339570601
natural_gas_boiler,IT,2276.886398409812,2277.6220060308924,2277.622005996396,2276.017421223212,2132.2836675736407,1982.0462309838497,1900.309744675991,1818.6344610645422,1737.020380175449,1650.4946957377417,1508.3039885719668,1320.7899434523001,1192.1291426498144,1044.9345743816602,1029.3972942573957,951.6901429250538,882.4262833953843,821.361998916615,766.3183571375558,759.008307301993,677.5015995808502,31.660929396173522,31.58763593254116,31.51434246858668,31.441049002926402,31.367755502304647,31.294462037440493,31.221168573794397,31.147875111674956,31.074581652433555
natural_gas_boiler,LT,17.952260233783804,17.952260234808595,17.952260235029474,17.939612869477703,17.39094903899826,15.43857672814603,15.16897403821743,14.434868284835092,11.77798861064507,11.553215866798809,11.32860980751246,10.193672706813683,9.962189335376365,6.834355821335435,6.826456444262201,6.818557067232438,5.520952227019894,3.488285096032758,3.17757282520791,2.5767183992617744,1.939924532271006,1.9354440750521893,1.93096361891019,1.926483162769629,1.922002706495603,1.9175222507302327,1.9130417955377634,1.9085613412671116,1.9040808882895268,1.8996004387946714
natural_gas_boiler,LU,14.517123480834547,18.56337905100047,18.563379051260227,18.55030115047351,18.345153500565917,18.140276859051593,17.94156337351305,17.045213309413132,16.847053562048714,15.189819098811476,14.992501325847044,13.157480366059454,12.951177135140854,12.405277245565989,11.974161875331657,9.769625372933513,9.455133162266366,6.880353694065237,6.050459194789681,6.043425221356115,5.380624995463255,5.368197882333014,5.355770773969469,5.343343665639079,5.330916557417456,5.318489449363397,5.306062341585909,5.293635234337767,5.281208128145736,5.268781025139114
natural_gas_boiler,LV,39.84882640684127,40.11792053891351,40.11792053999818,40.08965746622122,39.64841198941572,38.22885456682317,37.974433898748586,37.411408149278984,36.469966367453594,35.731511220657495,35.7179947055365,33.18535824133892,33.14708995609845,33.108821670950164,31.564369919898137,30.939396707645653,30.565680085521574,29.182045549186345,29.14815929608019,28.562873691277154,27.979129621566038,1.3654075546044766,1.3622467048921911,1.359085854883947,1.35592500353648,1.3527641359614373,1.349603285440678,1.3464424367162307,1.3432815894377708,1.3401207457325284
natural_gas_boiler,NL,672.4579592749234,674.4765081630723,674.4765081639543,674.0013394453384,672.8476835797069,615.5314004753538,560.9326868241919,506.37505784687664,451.8585135525774,377.4154207034207,322.98859913257166,248.15797302457568,193.71280540978464,151.3715346585155,151.19657436714135,151.02161407311328,143.89440827223743,141.72510514573952,129.85070283780797,129.69974463128307,129.54878642450498,67.70002115712573,67.54329900325793,67.386576848671,67.22985469281066,1.964371545429635,1.9597816202526013,1.955191697605113,1.9506017766344015,1.946011858962565
natural_gas_boiler,NO,140.5665511543756,140.56655115774234,140.56655116105316,140.46752204112013,166.37536411519355,184.01822178122373,215.77418374577587,215.6926533592427,215.39675017620615,215.1120253255838,215.0306527520681,214.58716021980177,214.26020814648422,213.80087572818897,213.55375751027927,213.30663929533426,212.83575473833795,212.58889605737548,212.33230689157085,212.085459524768,210.96068756800565,74.40227725305394,74.23003970701528,74.05780216001459,73.88556460692106,48.36876351283722,30.976055530728733,1.8130841424435992e-07,1.0860792166425612e-07,1.3986638077328594e-07
natural_gas_boiler,PL,267.7114466502042,288.66547487048393,288.6654748708448,288.46211003585955,269.316896175091,262.7310456920931,251.26448465601644,244.7785266119961,219.52020698103522,213.0510123540249,197.98455365094478,191.38009013920276,181.72486111725385,175.19475342732434,171.14921556968184,170.9511666598545,150.80350761949109,112.28577591974202,112.1553894369878,81.18480830006878,25.557579832517018,25.49855196153362,25.43952409281344,25.38049622396916,25.321468354903445,25.262440485651226,25.203412615957582,25.14438474762837,25.08535688080998,25.026329017812003
natural_gas_boiler,PT,8.866224213926706,9.43471972802056,9.43471972824026,9.428072968137501,8.922600618332678,8.269812002081792,8.266688424297309,7.150872071507615,6.4122420895698475,5.355274673519906,4.474584475730639,2.4571552387642073,2.004494707316832,1.5728656069269913,1.5710476363951513,1.5692296658877463,1.1274216515103963,1.0089694843746477,0.9054391751669136,0.5603528664779076,0.5597006692967067,0.5584079830894721,0.5571152969662191,0.5558226109082472,0.5545299249403933,0.5532372391337974,0.551944553596352,0.5506518685132705,0.5493591842748557,0.5480665024993245
natural_gas_boiler,RO,153.26985859435553,156.68605610749933,156.68605610919388,156.5756707809882,160.54179927186044,162.07680723439196,162.01558945513514,135.10030354175817,135.0492364373942,134.99816933206446,130.36450967528233,128.8768775678424,127.69358168466523,110.62677939290563,108.55497503715667,108.42753667229627,99.0155234381484,93.46054718632769,89.1720608592138,86.96609636032612,77.2431067235951,23.117419107056268,23.063903441271197,23.010387774988132,22.956872106714794,10.147420181669796,8.357865154553307,8.338290543623073,8.318715935479764,8.299141331201147
natural_gas_boiler,SE,230.13978002801304,230.13978003424072,230.1397801458649,229.97764670734415,241.10349718296692,256.12017847177947,255.77546429833725,255.67881923520878,255.46348804664848,255.09730246832825,255.00080426687708,253.25494251484432,252.96289707425223,252.67085163670944,252.3788061980083,252.08676076040683,251.7947153233919,251.50266988528085,251.21062444757078,249.67327322267855,248.84189816447318,26.903410110524007,26.841130060704558,26.77885001072782,26.716569918820344,15.147647374033976,9.582378548400083e-08,1.0986727486349848e-07,1.2586620416188409e-07,1.5014120215422912e-07
natural_gas_boiler,SI,36.4366373213027,36.436637321783905,36.436637322408046,36.410967711554804,36.385298102092406,34.99898371839972,34.985764311193776,34.97254490159853,34.959325490890194,34.42119964314667,33.50287173610501,32.977378668457646,31.3194268513503,31.283268602374324,29.966682537469243,29.89619734029938,28.772983878752484,27.05329988396799,27.021885536200774,26.990471188847717,26.83994021949512,2.2942070972537432e-07,2.3177890100545017e-07,2.3422512232000345e-07,2.3723804973887623e-07,2.4235880197264603e-07,1.0104280875221127e-07,1.1482851755875226e-07,1.2888555856277162e-07,1.49779532812381e-07
natural_gas_boiler,SK,108.44094607132959,113.05374786709407,113.0537478681102,112.9741015016511,107.82176760291354,107.94580217139861,108.81431711136737,107.6411118339373,107.60042413984222,107.55973644526985,107.51904875026251,97.86279584980903,97.74994362809379,85.57338788105626,83.66557118017005,83.56875580753407,83.4392452699977,82.60806514216173,79.29580481549252,73.10467925222628,69.55312471644098,27.58762510345435,27.523761134751307,27.459897161973306,27.396033191608375,24.287492198493776,24.036054423881062,9.335186297158803,9.313271417738218,9.29135654400971
natural_gas_boiler,UK,1829.9603091518327,1905.8923084153237,1905.8923084153532,1904.549607221336,1687.9103212803668,1536.917551776486,1404.7428248506146,1272.6675438502843,1140.6917089931508,1004.1671023402761,872.3919179374628,699.223058200157,567.3241012684655,400.7253883369881,400.26221650079736,387.85320754819156,350.95717839922816,271.99329301083714,152.9537324728963,117.87226181626784,74.75730125204872,74.58464154637632,74.41198184149388,74.23932213622285,74.06666243113753,73.89400272638332,73.72134302205325,73.54868331758468,73.37602361481758,73.2033639150279
natural_gas_pipeline,AT-CH,0.0,0.0,0.0,0.0,0.0,0.0,0.0,0.0,0.0,0.0,0.0,0.0,0.0,0.0,0.0,0.0,0.0,0.0,0.0,0.0,0.0,0.0,0.0,0.0,0.0,0.0,0.0,0.0,0.0,0.0
natural_gas_pipeline,AT-CZ,0.0,0.0,0.0,0.0,0.0,0.0,0.0,0.0,0.0,0.0,0.0,0.0,0.0,0.0,0.0,0.0,0.0,0.0,0.0,0.0,0.0,0.0,0.0,0.0,0.0,0.0,0.0,0.0,0.0,0.0
natural_gas_pipeline,AT-DE,0.0,0.0,0.0,0.0,0.0,0.0,0.0,0.0,0.0,0.0,0.0,0.0,0.0,0.0,0.0,0.0,0.0,0.0,0.0,0.0,0.0,0.0,0.0,0.0,0.0,0.0,0.0,0.0,0.0,0.0
natural_gas_pipeline,AT-HU,0.0,0.0,0.0,0.0,0.0,0.0,0.0,0.0,0.0,0.0,0.0,0.0,0.0,0.0,0.0,0.0,0.0,0.0,0.0,0.0,0.0,0.0,0.0,0.0,0.0,0.0,0.0,0.0,0.0,0.0
natural_gas_pipeline,AT-IT,0.0,0.0,0.0,0.0,0.0,0.0,0.0,0.0,0.0,0.0,0.0,0.0,0.0,0.0,0.0,0.0,0.0,0.0,0.0,0.0,0.0,0.0,0.0,0.0,0.0,0.0,0.0,0.0,0.0,0.0
natural_gas_pipeline,AT-SI,0.0,0.0,0.0,0.0,0.0,0.0,0.0,0.0,0.0,0.0,0.0,0.0,0.0,0.0,0.0,0.0,0.0,0.0,0.0,0.0,0.0,0.0,0.0,0.0,0.0,0.0,0.0,0.0,0.0,0.0
natural_gas_pipeline,AT-SK,0.0,0.0,0.0,0.0,0.0,0.0,0.0,0.0,0.0,0.0,0.0,0.0,0.0,0.0,0.0,0.0,0.0,0.0,0.0,0.0,0.0,0.0,0.0,0.0,0.0,0.0,0.0,0.0,0.0,0.0
natural_gas_pipeline,BE-DE,0.0,0.0,0.0,0.0,0.0,0.0,0.0,0.0,0.0,0.0,0.0,0.0,0.0,0.0,0.0,0.0,0.0,0.0,0.0,0.0,0.0,0.0,0.0,0.0,0.0,0.0,0.0,0.0,0.0,0.0
natural_gas_pipeline,BE-FR,0.0,0.0,0.0,0.0,0.0,0.0,0.0,0.0,0.0,0.0,0.0,0.0,0.0,0.0,0.0,0.0,0.0,0.0,0.0,0.0,0.0,0.0,0.0,0.0,0.0,0.0,0.0,0.0,0.0,0.0
natural_gas_pipeline,BE-LU,0.0,0.0,0.0,0.0,0.0,0.0,0.0,0.0,0.0,0.0,0.0,0.0,0.0,0.0,0.0,0.0,0.0,0.0,0.0,0.0,0.0,0.0,0.0,0.0,0.0,0.0,0.0,0.0,0.0,0.0
natural_gas_pipeline,BE-NL,0.0,0.0,0.0,0.0,0.0,0.0,0.0,0.0,0.0,0.0,0.0,0.0,0.0,0.0,0.0,0.0,0.0,0.0,0.0,0.0,0.0,0.0,0.0,0.0,0.0,0.0,0.0,0.0,0.0,0.0
natural_gas_pipeline,BE-NO,0.0,0.0,0.0,0.0,0.0,0.0,0.0,0.0,0.0,0.0,0.0,0.0,0.0,0.0,0.0,0.0,0.0,0.0,0.0,0.0,0.0,0.0,0.0,0.0,0.0,0.0,0.0,0.0,0.0,0.0
natural_gas_pipeline,BE-UK,0.0,0.0,0.0,0.0,0.0,0.0,0.0,0.0,0.0,0.0,0.0,0.0,0.0,0.0,0.0,0.0,0.0,0.0,0.0,0.0,0.0,0.0,0.0,0.0,0.0,0.0,0.0,0.0,0.0,0.0
natural_gas_pipeline,BG-EL,0.0,0.0,0.0,0.0,0.0,0.0,0.0,0.0,0.0,0.0,0.0,0.0,0.0,0.0,0.0,0.0,0.0,0.0,0.0,0.0,0.0,0.0,0.0,0.0,0.0,0.0,0.0,0.0,0.0,0.0
natural_gas_pipeline,BG-RO,0.0,0.0,0.0,0.0,0.0,0.0,0.0,0.0,0.0,0.0,0.0,0.0,0.0,0.0,0.0,0.0,0.0,0.0,0.0,0.0,0.0,0.0,0.0,0.0,0.0,0.0,0.0,0.0,0.0,0.0
natural_gas_pipeline,CH-AT,0.0,0.0,0.0,0.0,0.0,0.0,0.0,0.0,0.0,0.0,0.0,0.0,0.0,0.0,0.0,0.0,0.0,0.0,0.0,0.0,0.0,0.0,0.0,0.0,0.0,0.0,0.0,0.0,0.0,0.0
natural_gas_pipeline,CH-DE,0.0,0.0,0.0,0.0,0.0,0.0,0.0,0.0,0.0,0.0,0.0,0.0,0.0,0.0,0.0,0.0,0.0,0.0,0.0,0.0,0.0,0.0,0.0,0.0,0.0,0.0,0.0,0.0,0.0,0.0
natural_gas_pipeline,CH-FR,0.0,0.0,0.0,0.0,0.0,0.0,0.0,0.0,0.0,0.0,0.0,0.0,0.0,0.0,0.0,0.0,0.0,0.0,0.0,0.0,0.0,0.0,0.0,0.0,0.0,0.0,0.0,0.0,0.0,0.0
natural_gas_pipeline,CH-IT,0.0,0.0,0.0,0.0,0.0,0.0,0.0,0.0,0.0,0.0,0.0,0.0,0.0,0.0,0.0,0.0,0.0,0.0,0.0,0.0,0.0,0.0,0.0,0.0,0.0,0.0,0.0,0.0,0.0,0.0
natural_gas_pipeline,CZ-AT,0.0,0.0,0.0,0.0,0.0,0.0,0.0,0.0,0.0,0.0,0.0,0.0,0.0,0.0,0.0,0.0,0.0,0.0,0.0,0.0,0.0,0.0,0.0,0.0,0.0,0.0,0.0,0.0,0.0,0.0
natural_gas_pipeline,CZ-DE,0.0,0.0,0.0,0.0,0.0,0.0,0.0,0.0,0.0,0.0,0.0,0.0,0.0,0.0,0.0,0.0,0.0,0.0,0.0,0.0,0.0,0.0,0.0,0.0,0.0,0.0,0.0,0.0,0.0,0.0
natural_gas_pipeline,CZ-PL,0.0,0.0,0.0,0.0,0.0,0.0,0.0,0.0,0.0,0.0,0.0,0.0,0.0,0.0,0.0,0.0,0.0,0.0,0.0,0.0,0.0,0.0,0.0,0.0,0.0,0.0,0.0,0.0,0.0,0.0
natural_gas_pipeline,CZ-SK,0.0,0.0,0.0,0.0,0.0,0.0,0.0,0.0,0.0,0.0,0.0,0.0,0.0,0.0,0.0,0.0,0.0,0.0,0.0,0.0,0.0,0.0,0.0,0.0,0.0,0.0,0.0,0.0,0.0,0.0
natural_gas_pipeline,DE-AT,0.0,0.0,0.0,0.0,0.0,0.0,0.0,0.0,0.0,0.0,0.0,0.0,0.0,0.0,0.0,0.0,0.0,0.0,0.0,0.0,0.0,0.0,0.0,0.0,0.0,0.0,0.0,0.0,0.0,0.0
natural_gas_pipeline,DE-BE,0.0,0.0,0.0,0.0,0.0,0.0,0.0,0.0,0.0,0.0,0.0,0.0,0.0,0.0,0.0,0.0,0.0,0.0,0.0,0.0,0.0,0.0,0.0,0.0,0.0,0.0,0.0,0.0,0.0,0.0
natural_gas_pipeline,DE-CH,0.0,0.0,0.0,0.0,0.0,0.0,0.0,0.0,0.0,0.0,0.0,0.0,0.0,0.0,0.0,0.0,0.0,0.0,0.0,0.0,0.0,0.0,0.0,0.0,0.0,0.0,0.0,0.0,0.0,0.0
natural_gas_pipeline,DE-CZ,0.0,0.0,0.0,0.0,0.0,0.0,0.0,0.0,0.0,0.0,0.0,0.0,0.0,0.0,0.0,0.0,0.0,0.0,0.0,0.0,0.0,0.0,0.0,0.0,0.0,0.0,0.0,0.0,0.0,0.0
natural_gas_pipeline,DE-DK,0.0,0.0,0.0,0.0,0.0,0.0,0.0,0.0,0.0,0.0,0.0,0.0,0.0,0.0,0.0,0.0,0.0,0.0,0.0,0.0,0.0,0.0,0.0,0.0,0.0,0.0,0.0,0.0,0.0,0.0
natural_gas_pipeline,DE-FR,0.0,0.0,0.0,0.0,0.0,0.0,0.0,0.0,0.0,0.0,0.0,0.0,0.0,0.0,0.0,0.0,0.0,0.0,0.0,0.0,0.0,0.0,0.0,0.0,0.0,0.0,0.0,0.0,0.0,0.0
natural_gas_pipeline,DE-LU,0.0,0.0,0.0,0.0,0.0,0.0,0.0,0.0,0.0,0.0,0.0,0.0,0.0,0.0,0.0,0.0,0.0,0.0,0.0,0.0,0.0,0.0,0.0,0.0,0.0,0.0,0.0,0.0,0.0,0.0
natural_gas_pipeline,DE-NL,0.0,0.0,0.0,0.0,0.0,0.0,0.0,0.0,0.0,0.0,0.0,0.0,0.0,0.0,0.0,0.0,0.0,0.0,0.0,0.0,0.0,0.0,0.0,0.0,0.0,0.0,0.0,0.0,0.0,0.0
natural_gas_pipeline,DE-NO,0.0,0.0,0.0,0.0,0.0,0.0,0.0,0.0,0.0,0.0,0.0,0.0,0.0,0.0,0.0,0.0,0.0,0.0,0.0,0.0,0.0,0.0,0.0,0.0,0.0,0.0,0.0,0.0,0.0,0.0
natural_gas_pipeline,DE-PL,0.0,0.0,0.0,0.0,0.0,0.0,0.0,0.0,0.0,0.0,0.0,0.0,0.0,0.0,0.0,0.0,0.0,0.0,0.0,0.0,0.0,0.0,0.0,0.0,0.0,0.0,0.0,0.0,0.0,0.0
natural_gas_pipeline,DE-SE,0.0,0.0,0.0,0.0,0.0,0.0,0.0,0.0,0.0,0.0,0.0,0.0,0.0,0.0,0.0,0.0,0.0,0.0,0.0,0.0,0.0,0.0,0.0,0.0,0.0,0.0,0.0,0.0,0.0,0.0
natural_gas_pipeline,DE-UK,0.0,0.0,0.0,0.0,0.0,0.0,0.0,0.0,0.0,0.0,0.0,0.0,0.0,0.0,0.0,0.0,0.0,0.0,0.0,0.0,0.0,0.0,0.0,0.0,0.0,0.0,0.0,0.0,0.0,0.0
natural_gas_pipeline,DK-DE,0.0,0.0,0.0,0.0,0.0,0.0,0.0,0.0,0.0,0.0,0.0,0.0,0.0,0.0,0.0,0.0,0.0,0.0,0.0,0.0,0.0,0.0,0.0,0.0,0.0,0.0,0.0,0.0,0.0,0.0
natural_gas_pipeline,DK-NL,0.0,0.0,0.0,0.0,0.0,0.0,0.0,0.0,0.0,0.0,0.0,0.0,0.0,0.0,0.0,0.0,0.0,0.0,0.0,0.0,0.0,0.0,0.0,0.0,0.0,0.0,0.0,0.0,0.0,0.0
natural_gas_pipeline,DK-NO,0.0,0.0,0.0,0.0,0.0,0.0,0.0,0.0,0.0,0.0,0.0,0.0,0.0,0.0,0.0,0.0,0.0,0.0,0.0,0.0,0.0,0.0,0.0,0.0,0.0,0.0,0.0,0.0,0.0,0.0
natural_gas_pipeline,DK-SE,0.0,0.0,0.0,0.0,0.0,0.0,0.0,0.0,0.0,0.0,0.0,0.0,0.0,0.0,0.0,0.0,0.0,0.0,0.0,0.0,0.0,0.0,0.0,0.0,0.0,0.0,0.0,0.0,0.0,0.0
natural_gas_pipeline,DK-UK,0.0,0.0,0.0,0.0,0.0,0.0,0.0,0.0,0.0,0.0,0.0,0.0,0.0,0.0,0.0,0.0,0.0,0.0,0.0,0.0,0.0,0.0,0.0,0.0,0.0,0.0,0.0,0.0,0.0,0.0
natural_gas_pipeline,EE-FI,0.0,0.0,0.0,0.0,0.0,0.0,0.0,0.0,0.0,0.0,0.0,0.0,0.0,0.0,0.0,0.0,0.0,0.0,0.0,0.0,0.0,0.0,0.0,0.0,0.0,0.0,0.0,0.0,0.0,0.0
natural_gas_pipeline,EE-LV,0.0,0.0,0.0,0.0,0.0,0.0,0.0,0.0,0.0,0.0,0.0,0.0,0.0,0.0,0.0,0.0,0.0,0.0,0.0,0.0,0.0,0.0,0.0,0.0,0.0,0.0,0.0,0.0,0.0,0.0
natural_gas_pipeline,EL-BG,0.0,0.0,0.0,0.0,0.0,0.0,0.0,0.0,0.0,0.0,0.0,0.0,0.0,0.0,0.0,0.0,0.0,0.0,0.0,0.0,0.0,0.0,0.0,0.0,0.0,0.0,0.0,0.0,0.0,0.0
natural_gas_pipeline,EL-IT,0.0,0.0,0.0,0.0,0.0,0.0,0.0,0.0,0.0,0.0,0.0,0.0,0.0,0.0,0.0,0.0,0.0,0.0,0.0,0.0,0.0,0.0,0.0,0.0,0.0,0.0,0.0,0.0,0.0,0.0
natural_gas_pipeline,ES-FR,0.0,0.0,0.0,0.0,0.0,0.0,0.0,0.0,0.0,0.0,0.0,0.0,0.0,0.0,0.0,0.0,0.0,0.0,0.0,0.0,0.0,0.0,0.0,0.0,0.0,0.0,0.0,0.0,0.0,0.0
natural_gas_pipeline,ES-PT,0.0,0.0,0.0,0.0,0.0,0.0,0.0,0.0,0.0,0.0,0.0,0.0,0.0,0.0,0.0,0.0,0.0,0.0,0.0,0.0,0.0,0.0,0.0,0.0,0.0,0.0,0.0,0.0,0.0,0.0
natural_gas_pipeline,FI-EE,0.0,0.0,0.0,0.0,0.0,0.0,0.0,0.0,0.0,0.0,0.0,0.0,0.0,0.0,0.0,0.0,0.0,0.0,0.0,0.0,0.0,0.0,0.0,0.0,0.0,0.0,0.0,0.0,0.0,0.0
natural_gas_pipeline,FI-NO,0.0,0.0,0.0,0.0,0.0,0.0,0.0,0.0,0.0,0.0,0.0,0.0,0.0,0.0,0.0,0.0,0.0,0.0,0.0,0.0,0.0,0.0,0.0,0.0,0.0,0.0,0.0,0.0,0.0,0.0
natural_gas_pipeline,FI-SE,0.0,0.0,0.0,0.0,0.0,0.0,0.0,0.0,0.0,0.0,0.0,0.0,0.0,0.0,0.0,0.0,0.0,0.0,0.0,0.0,0.0,0.0,0.0,0.0,0.0,0.0,0.0,0.0,0.0,0.0
natural_gas_pipeline,FR-BE,0.0,0.0,0.0,0.0,0.0,0.0,0.0,0.0,0.0,0.0,0.0,0.0,0.0,0.0,0.0,0.0,0.0,0.0,0.0,0.0,0.0,0.0,0.0,0.0,0.0,0.0,0.0,0.0,0.0,0.0
natural_gas_pipeline,FR-CH,0.0,0.0,0.0,0.0,0.0,0.0,0.0,0.0,0.0,0.0,0.0,0.0,0.0,0.0,0.0,0.0,0.0,0.0,0.0,0.0,0.0,0.0,0.0,0.0,0.0,0.0,0.0,0.0,0.0,0.0
natural_gas_pipeline,FR-DE,0.0,0.0,0.0,0.0,0.0,0.0,0.0,0.0,0.0,0.0,0.0,0.0,0.0,0.0,0.0,0.0,0.0,0.0,0.0,0.0,0.0,0.0,0.0,0.0,0.0,0.0,0.0,0.0,0.0,0.0
natural_gas_pipeline,FR-ES,0.0,0.0,0.0,0.0,0.0,0.0,0.0,0.0,0.0,0.0,0.0,0.0,0.0,0.0,0.0,0.0,0.0,0.0,0.0,0.0,0.0,0.0,0.0,0.0,0.0,0.0,0.0,0.0,0.0,0.0
natural_gas_pipeline,FR-IT,0.0,0.0,0.0,0.0,0.0,0.0,0.0,0.0,0.0,0.0,0.0,0.0,0.0,0.0,0.0,0.0,0.0,0.0,0.0,0.0,0.0,0.0,0.0,0.0,0.0,0.0,0.0,0.0,0.0,0.0
natural_gas_pipeline,FR-LU,0.0,0.0,0.0,0.0,0.0,0.0,0.0,0.0,0.0,0.0,0.0,0.0,0.0,0.0,0.0,0.0,0.0,0.0,0.0,0.0,0.0,0.0,0.0,0.0,0.0,0.0,0.0,0.0,0.0,0.0
natural_gas_pipeline,FR-NO,0.0,0.0,0.0,0.0,0.0,0.0,0.0,0.0,0.0,0.0,0.0,0.0,0.0,0.0,0.0,0.0,0.0,0.0,0.0,0.0,0.0,0.0,0.0,0.0,0.0,0.0,0.0,0.0,0.0,0.0
natural_gas_pipeline,FR-UK,0.0,0.0,0.0,0.0,0.0,0.0,0.0,0.0,0.0,0.0,0.0,0.0,0.0,0.0,0.0,0.0,0.0,0.0,0.0,0.0,0.0,0.0,0.0,0.0,0.0,0.0,0.0,0.0,0.0,0.0
natural_gas_pipeline,HR-HU,0.0,0.0,0.0,0.0,0.0,0.0,0.0,0.0,0.0,0.0,0.0,0.0,0.0,0.0,0.0,0.0,0.0,0.0,0.0,0.0,0.0,0.0,0.0,0.0,0.0,0.0,0.0,0.0,0.0,0.0
natural_gas_pipeline,HR-SI,0.0,0.0,0.0,0.0,0.0,0.0,0.0,0.0,0.0,0.0,0.0,0.0,0.0,0.0,0.0,0.0,0.0,0.0,0.0,0.0,0.0,0.0,0.0,0.0,0.0,0.0,0.0,0.0,0.0,0.0
natural_gas_pipeline,HU-AT,0.0,0.0,0.0,0.0,0.0,0.0,0.0,0.0,0.0,0.0,0.0,0.0,0.0,0.0,0.0,0.0,0.0,0.0,0.0,0.0,0.0,0.0,0.0,0.0,0.0,0.0,0.0,0.0,0.0,0.0
natural_gas_pipeline,HU-HR,0.0,0.0,0.0,0.0,0.0,0.0,0.0,0.0,0.0,0.0,0.0,0.0,0.0,0.0,0.0,0.0,0.0,0.0,0.0,0.0,0.0,0.0,0.0,0.0,0.0,0.0,0.0,0.0,0.0,0.0
natural_gas_pipeline,HU-RO,0.0,0.0,0.0,0.0,0.0,0.0,0.0,0.0,0.0,0.0,0.0,0.0,0.0,0.0,0.0,0.0,0.0,0.0,0.0,0.0,0.0,0.0,0.0,0.0,0.0,0.0,0.0,0.0,0.0,0.0
natural_gas_pipeline,HU-SI,0.0,0.0,0.0,0.0,0.0,0.0,0.0,0.0,0.0,0.0,0.0,0.0,0.0,0.0,0.0,0.0,0.0,0.0,0.0,0.0,0.0,0.0,0.0,0.0,0.0,0.0,0.0,0.0,0.0,0.0
natural_gas_pipeline,HU-SK,0.0,0.0,0.0,0.0,0.0,0.0,0.0,0.0,0.0,0.0,0.0,0.0,0.0,0.0,0.0,0.0,0.0,0.0,0.0,0.0,0.0,0.0,0.0,0.0,0.0,0.0,0.0,0.0,0.0,0.0
natural_gas_pipeline,IE-UK,0.0,0.0,0.0,0.0,0.0,0.0,0.0,0.0,0.0,0.0,0.0,0.0,0.0,0.0,0.0,0.0,0.0,0.0,0.0,0.0,0.0,0.0,0.0,0.0,0.0,0.0,0.0,0.0,0.0,0.0
natural_gas_pipeline,IT-AT,0.0,0.0,0.0,0.0,0.0,0.0,0.0,0.0,0.0,0.0,0.0,0.0,0.0,0.0,0.0,0.0,0.0,0.0,0.0,0.0,0.0,0.0,0.0,0.0,0.0,0.0,0.0,0.0,0.0,0.0
natural_gas_pipeline,IT-CH,0.0,0.0,0.0,0.0,0.0,0.0,0.0,0.0,0.0,0.0,0.0,0.0,0.0,0.0,0.0,0.0,0.0,0.0,0.0,0.0,0.0,0.0,0.0,0.0,0.0,0.0,0.0,0.0,0.0,0.0
natural_gas_pipeline,IT-EL,0.0,0.0,0.0,0.0,0.0,0.0,0.0,0.0,0.0,0.0,0.0,0.0,0.0,0.0,0.0,0.0,0.0,0.0,0.0,0.0,0.0,0.0,0.0,0.0,0.0,0.0,0.0,0.0,0.0,0.0
natural_gas_pipeline,IT-FR,0.0,0.0,0.0,0.0,0.0,0.0,0.0,0.0,0.0,0.0,0.0,0.0,0.0,0.0,0.0,0.0,0.0,0.0,0.0,0.0,0.0,0.0,0.0,0.0,0.0,0.0,0.0,0.0,0.0,0.0
natural_gas_pipeline,IT-SI,0.0,0.0,0.0,0.0,0.0,0.0,0.0,0.0,0.0,0.0,0.0,0.0,0.0,0.0,0.0,0.0,0.0,0.0,0.0,0.0,0.0,0.0,0.0,0.0,0.0,0.0,0.0,0.0,0.0,0.0
natural_gas_pipeline,LT-LV,0.0,0.0,0.0,0.0,0.0,0.0,0.0,0.0,0.0,0.0,0.0,0.0,0.0,0.0,0.0,0.0,0.0,0.0,0.0,0.0,0.0,0.0,0.0,0.0,0.0,0.0,0.0,0.0,0.0,0.0
natural_gas_pipeline,LT-PL,0.0,0.0,0.0,0.0,0.0,0.0,0.0,0.0,0.0,0.0,0.0,0.0,0.0,0.0,0.0,0.0,0.0,0.0,0.0,0.0,0.0,0.0,0.0,0.0,0.0,0.0,0.0,0.0,0.0,0.0
natural_gas_pipeline,LT-SE,0.0,0.0,0.0,0.0,0.0,0.0,0.0,0.0,0.0,0.0,0.0,0.0,0.0,0.0,0.0,0.0,0.0,0.0,0.0,0.0,0.0,0.0,0.0,0.0,0.0,0.0,0.0,0.0,0.0,0.0
natural_gas_pipeline,LU-BE,0.0,0.0,0.0,0.0,0.0,0.0,0.0,0.0,0.0,0.0,0.0,0.0,0.0,0.0,0.0,0.0,0.0,0.0,0.0,0.0,0.0,0.0,0.0,0.0,0.0,0.0,0.0,0.0,0.0,0.0
natural_gas_pipeline,LU-DE,0.0,0.0,0.0,0.0,0.0,0.0,0.0,0.0,0.0,0.0,0.0,0.0,0.0,0.0,0.0,0.0,0.0,0.0,0.0,0.0,0.0,0.0,0.0,0.0,0.0,0.0,0.0,0.0,0.0,0.0
natural_gas_pipeline,LU-FR,0.0,0.0,0.0,0.0,0.0,0.0,0.0,0.0,0.0,0.0,0.0,0.0,0.0,0.0,0.0,0.0,0.0,0.0,0.0,0.0,0.0,0.0,0.0,0.0,0.0,0.0,0.0,0.0,0.0,0.0
natural_gas_pipeline,LV-EE,0.0,0.0,0.0,0.0,0.0,0.0,0.0,0.0,0.0,0.0,0.0,0.0,0.0,0.0,0.0,0.0,0.0,0.0,0.0,0.0,0.0,0.0,0.0,0.0,0.0,0.0,0.0,0.0,0.0,0.0
natural_gas_pipeline,LV-LT,0.0,0.0,0.0,0.0,0.0,0.0,0.0,0.0,0.0,0.0,0.0,0.0,0.0,0.0,0.0,0.0,0.0,0.0,0.0,0.0,0.0,0.0,0.0,0.0,0.0,0.0,0.0,0.0,0.0,0.0
natural_gas_pipeline,NL-BE,0.0,0.0,0.0,0.0,0.0,0.0,0.0,0.0,0.0,0.0,0.0,0.0,0.0,0.0,0.0,0.0,0.0,0.0,0.0,0.0,0.0,0.0,0.0,0.0,0.0,0.0,0.0,0.0,0.0,0.0
natural_gas_pipeline,NL-DE,0.0,0.0,0.0,0.0,0.0,0.0,0.0,0.0,0.0,0.0,0.0,0.0,0.0,0.0,0.0,0.0,0.0,0.0,0.0,0.0,0.0,0.0,0.0,0.0,0.0,0.0,0.0,0.0,0.0,0.0
natural_gas_pipeline,NL-DK,0.0,0.0,0.0,0.0,0.0,0.0,0.0,0.0,0.0,0.0,0.0,0.0,0.0,0.0,0.0,0.0,0.0,0.0,0.0,0.0,0.0,0.0,0.0,0.0,0.0,0.0,0.0,0.0,0.0,0.0
natural_gas_pipeline,NL-NO,0.0,0.0,0.0,0.0,0.0,0.0,0.0,0.0,0.0,0.0,0.0,0.0,0.0,0.0,0.0,0.0,0.0,0.0,0.0,0.0,0.0,0.0,0.0,0.0,0.0,0.0,0.0,0.0,0.0,0.0
natural_gas_pipeline,NL-UK,0.0,0.0,0.0,0.0,0.0,0.0,0.0,0.0,0.0,0.0,0.0,0.0,0.0,0.0,0.0,0.0,0.0,0.0,0.0,0.0,0.0,0.0,0.0,0.0,0.0,0.0,0.0,0.0,0.0,0.0
natural_gas_pipeline,NO-BE,0.0,0.0,0.0,0.0,0.0,0.0,0.0,0.0,0.0,0.0,0.0,0.0,0.0,0.0,0.0,0.0,0.0,0.0,0.0,0.0,0.0,0.0,0.0,0.0,0.0,0.0,0.0,0.0,0.0,0.0
natural_gas_pipeline,NO-DE,0.0,0.0,0.0,0.0,0.0,0.0,0.0,0.0,0.0,0.0,0.0,0.0,0.0,0.0,0.0,0.0,0.0,0.0,0.0,0.0,0.0,0.0,0.0,0.0,0.0,0.0,0.0,0.0,0.0,0.0
natural_gas_pipeline,NO-DK,0.0,0.0,0.0,0.0,0.0,0.0,0.0,0.0,0.0,0.0,0.0,0.0,0.0,0.0,0.0,0.0,0.0,0.0,0.0,0.0,0.0,0.0,0.0,0.0,0.0,0.0,0.0,0.0,0.0,0.0
natural_gas_pipeline,NO-FI,0.0,0.0,0.0,0.0,0.0,0.0,0.0,0.0,0.0,0.0,0.0,0.0,0.0,0.0,0.0,0.0,0.0,0.0,0.0,0.0,0.0,0.0,0.0,0.0,0.0,0.0,0.0,0.0,0.0,0.0
natural_gas_pipeline,NO-FR,0.0,0.0,0.0,0.0,0.0,0.0,0.0,0.0,0.0,0.0,0.0,0.0,0.0,0.0,0.0,0.0,0.0,0.0,0.0,0.0,0.0,0.0,0.0,0.0,0.0,0.0,0.0,0.0,0.0,0.0
natural_gas_pipeline,NO-NL,0.0,0.0,0.0,0.0,0.0,0.0,0.0,0.0,0.0,0.0,0.0,0.0,0.0,0.0,0.0,0.0,0.0,0.0,0.0,0.0,0.0,0.0,0.0,0.0,0.0,0.0,0.0,0.0,0.0,0.0
natural_gas_pipeline,NO-SE,0.0,0.0,0.0,0.0,0.0,0.0,0.0,0.0,0.0,0.0,0.0,0.0,0.0,0.0,0.0,0.0,0.0,0.0,0.0,0.0,0.0,0.0,0.0,0.0,0.0,0.0,0.0,0.0,0.0,0.0
natural_gas_pipeline,NO-UK,0.0,0.0,0.0,0.0,0.0,0.0,0.0,0.0,0.0,0.0,0.0,0.0,0.0,0.0,0.0,0.0,0.0,0.0,0.0,0.0,0.0,0.0,0.0,0.0,0.0,0.0,0.0,0.0,0.0,0.0
natural_gas_pipeline,PL-CZ,0.0,0.0,0.0,0.0,0.0,0.0,0.0,0.0,0.0,0.0,0.0,0.0,0.0,0.0,0.0,0.0,0.0,0.0,0.0,0.0,0.0,0.0,0.0,0.0,0.0,0.0,0.0,0.0,0.0,0.0
natural_gas_pipeline,PL-DE,0.0,0.0,0.0,0.0,0.0,0.0,0.0,0.0,0.0,0.0,0.0,0.0,0.0,0.0,0.0,0.0,0.0,0.0,0.0,0.0,0.0,0.0,0.0,0.0,0.0,0.0,0.0,0.0,0.0,0.0
natural_gas_pipeline,PL-LT,0.0,0.0,0.0,0.0,0.0,0.0,0.0,0.0,0.0,0.0,0.0,0.0,0.0,0.0,0.0,0.0,0.0,0.0,0.0,0.0,0.0,0.0,0.0,0.0,0.0,0.0,0.0,0.0,0.0,0.0
natural_gas_pipeline,PL-SE,0.0,0.0,0.0,0.0,0.0,0.0,0.0,0.0,0.0,0.0,0.0,0.0,0.0,0.0,0.0,0.0,0.0,0.0,0.0,0.0,0.0,0.0,0.0,0.0,0.0,0.0,0.0,0.0,0.0,0.0
natural_gas_pipeline,PL-SK,0.0,0.0,0.0,0.0,0.0,0.0,0.0,0.0,0.0,0.0,0.0,0.0,0.0,0.0,0.0,0.0,0.0,0.0,0.0,0.0,0.0,0.0,0.0,0.0,0.0,0.0,0.0,0.0,0.0,0.0
natural_gas_pipeline,PT-ES,0.0,0.0,0.0,0.0,0.0,0.0,0.0,0.0,0.0,0.0,0.0,0.0,0.0,0.0,0.0,0.0,0.0,0.0,0.0,0.0,0.0,0.0,0.0,0.0,0.0,0.0,0.0,0.0,0.0,0.0
natural_gas_pipeline,RO-BG,0.0,0.0,0.0,0.0,0.0,0.0,0.0,0.0,0.0,0.0,0.0,0.0,0.0,0.0,0.0,0.0,0.0,0.0,0.0,0.0,0.0,0.0,0.0,0.0,0.0,0.0,0.0,0.0,0.0,0.0
natural_gas_pipeline,RO-HU,0.0,0.0,0.0,0.0,0.0,0.0,0.0,0.0,0.0,0.0,0.0,0.0,0.0,0.0,0.0,0.0,0.0,0.0,0.0,0.0,0.0,0.0,0.0,0.0,0.0,0.0,0.0,0.0,0.0,0.0
natural_gas_pipeline,SE-DE,0.0,0.0,0.0,0.0,0.0,0.0,0.0,0.0,0.0,0.0,0.0,0.0,0.0,0.0,0.0,0.0,0.0,0.0,0.0,0.0,0.0,0.0,0.0,0.0,0.0,0.0,0.0,0.0,0.0,0.0
natural_gas_pipeline,SE-DK,0.0,0.0,0.0,0.0,0.0,0.0,0.0,0.0,0.0,0.0,0.0,0.0,0.0,0.0,0.0,0.0,0.0,0.0,0.0,0.0,0.0,0.0,0.0,0.0,0.0,0.0,0.0,0.0,0.0,0.0
natural_gas_pipeline,SE-FI,0.0,0.0,0.0,0.0,0.0,0.0,0.0,0.0,0.0,0.0,0.0,0.0,0.0,0.0,0.0,0.0,0.0,0.0,0.0,0.0,0.0,0.0,0.0,0.0,0.0,0.0,0.0,0.0,0.0,0.0
natural_gas_pipeline,SE-LT,0.0,0.0,0.0,0.0,0.0,0.0,0.0,0.0,0.0,0.0,0.0,0.0,0.0,0.0,0.0,0.0,0.0,0.0,0.0,0.0,0.0,0.0,0.0,0.0,0.0,0.0,0.0,0.0,0.0,0.0
natural_gas_pipeline,SE-NO,0.0,0.0,0.0,0.0,0.0,0.0,0.0,0.0,0.0,0.0,0.0,0.0,0.0,0.0,0.0,0.0,0.0,0.0,0.0,0.0,0.0,0.0,0.0,0.0,0.0,0.0,0.0,0.0,0.0,0.0
natural_gas_pipeline,SE-PL,0.0,0.0,0.0,0.0,0.0,0.0,0.0,0.0,0.0,0.0,0.0,0.0,0.0,0.0,0.0,0.0,0.0,0.0,0.0,0.0,0.0,0.0,0.0,0.0,0.0,0.0,0.0,0.0,0.0,0.0
natural_gas_pipeline,SI-AT,0.0,0.0,0.0,0.0,0.0,0.0,0.0,0.0,0.0,0.0,0.0,0.0,0.0,0.0,0.0,0.0,0.0,0.0,0.0,0.0,0.0,0.0,0.0,0.0,0.0,0.0,0.0,0.0,0.0,0.0
natural_gas_pipeline,SI-HR,0.0,0.0,0.0,0.0,0.0,0.0,0.0,0.0,0.0,0.0,0.0,0.0,0.0,0.0,0.0,0.0,0.0,0.0,0.0,0.0,0.0,0.0,0.0,0.0,0.0,0.0,0.0,0.0,0.0,0.0
natural_gas_pipeline,SI-HU,0.0,0.0,0.0,0.0,0.0,0.0,0.0,0.0,0.0,0.0,0.0,0.0,0.0,0.0,0.0,0.0,0.0,0.0,0.0,0.0,0.0,0.0,0.0,0.0,0.0,0.0,0.0,0.0,0.0,0.0
natural_gas_pipeline,SI-IT,0.0,0.0,0.0,0.0,0.0,0.0,0.0,0.0,0.0,0.0,0.0,0.0,0.0,0.0,0.0,0.0,0.0,0.0,0.0,0.0,0.0,0.0,0.0,0.0,0.0,0.0,0.0,0.0,0.0,0.0
natural_gas_pipeline,SK-AT,0.0,0.0,0.0,0.0,0.0,0.0,0.0,0.0,0.0,0.0,0.0,0.0,0.0,0.0,0.0,0.0,0.0,0.0,0.0,0.0,0.0,0.0,0.0,0.0,0.0,0.0,0.0,0.0,0.0,0.0
natural_gas_pipeline,SK-CZ,0.0,0.0,0.0,0.0,0.0,0.0,0.0,0.0,0.0,0.0,0.0,0.0,0.0,0.0,0.0,0.0,0.0,0.0,0.0,0.0,0.0,0.0,0.0,0.0,0.0,0.0,0.0,0.0,0.0,0.0
natural_gas_pipeline,SK-HU,0.0,0.0,0.0,0.0,0.0,0.0,0.0,0.0,0.0,0.0,0.0,0.0,0.0,0.0,0.0,0.0,0.0,0.0,0.0,0.0,0.0,0.0,0.0,0.0,0.0,0.0,0.0,0.0,0.0,0.0
natural_gas_pipeline,SK-PL,0.0,0.0,0.0,0.0,0.0,0.0,0.0,0.0,0.0,0.0,0.0,0.0,0.0,0.0,0.0,0.0,0.0,0.0,0.0,0.0,0.0,0.0,0.0,0.0,0.0,0.0,0.0,0.0,0.0,0.0
natural_gas_pipeline,UK-BE,0.0,0.0,0.0,0.0,0.0,0.0,0.0,0.0,0.0,0.0,0.0,0.0,0.0,0.0,0.0,0.0,0.0,0.0,0.0,0.0,0.0,0.0,0.0,0.0,0.0,0.0,0.0,0.0,0.0,0.0
natural_gas_pipeline,UK-DE,0.0,0.0,0.0,0.0,0.0,0.0,0.0,0.0,0.0,0.0,0.0,0.0,0.0,0.0,0.0,0.0,0.0,0.0,0.0,0.0,0.0,0.0,0.0,0.0,0.0,0.0,0.0,0.0,0.0,0.0
natural_gas_pipeline,UK-DK,0.0,0.0,0.0,0.0,0.0,0.0,0.0,0.0,0.0,0.0,0.0,0.0,0.0,0.0,0.0,0.0,0.0,0.0,0.0,0.0,0.0,0.0,0.0,0.0,0.0,0.0,0.0,0.0,0.0,0.0
natural_gas_pipeline,UK-FR,0.0,0.0,0.0,0.0,0.0,0.0,0.0,0.0,0.0,0.0,0.0,0.0,0.0,0.0,0.0,0.0,0.0,0.0,0.0,0.0,0.0,0.0,0.0,0.0,0.0,0.0,0.0,0.0,0.0,0.0
natural_gas_pipeline,UK-IE,0.0,0.0,0.0,0.0,0.0,0.0,0.0,0.0,0.0,0.0,0.0,0.0,0.0,0.0,0.0,0.0,0.0,0.0,0.0,0.0,0.0,0.0,0.0,0.0,0.0,0.0,0.0,0.0,0.0,0.0
natural_gas_pipeline,UK-NL,0.0,0.0,0.0,0.0,0.0,0.0,0.0,0.0,0.0,0.0,0.0,0.0,0.0,0.0,0.0,0.0,0.0,0.0,0.0,0.0,0.0,0.0,0.0,0.0,0.0,0.0,0.0,0.0,0.0,0.0
natural_gas_pipeline,UK-NO,0.0,0.0,0.0,0.0,0.0,0.0,0.0,0.0,0.0,0.0,0.0,0.0,0.0,0.0,0.0,0.0,0.0,0.0,0.0,0.0,0.0,0.0,0.0,0.0,0.0,0.0,0.0,0.0,0.0,0.0
natural_gas_storage,AT,0.0,0.0,0.0,0.0,0.0,0.0,0.0,0.0,0.0,0.0,0.0,0.0,0.0,0.0,0.0,0.0,0.0,0.0,0.0,0.0,0.0,0.0,0.0,0.0,0.0,0.0,0.0,0.0,0.0,0.0
natural_gas_storage,BE,0.0,0.0,0.0,0.0,0.0,0.0,0.0,0.0,0.0,0.0,0.0,0.0,0.0,0.0,0.0,0.0,0.0,0.0,0.0,0.0,0.0,0.0,0.0,0.0,0.0,0.0,0.0,0.0,0.0,0.0
natural_gas_storage,BG,0.0,0.0,0.0,0.0,0.0,0.0,0.0,0.0,0.0,0.0,0.0,0.0,0.0,0.0,0.0,0.0,0.0,0.0,0.0,0.0,0.0,0.0,0.0,0.0,0.0,0.0,0.0,0.0,0.0,0.0
natural_gas_storage,CH,0.0,0.0,0.0,0.0,0.0,0.0,0.0,0.0,0.0,0.0,0.0,0.0,0.0,0.0,0.0,0.0,0.0,0.0,0.0,0.0,0.0,0.0,0.0,0.0,0.0,0.0,0.0,0.0,0.0,0.0
natural_gas_storage,CZ,0.0,0.0,0.0,0.0,0.0,0.0,0.0,0.0,0.0,0.0,0.0,0.0,0.0,0.0,0.0,0.0,0.0,0.0,0.0,0.0,0.0,0.0,0.0,0.0,0.0,0.0,0.0,0.0,0.0,0.0
natural_gas_storage,DE,0.0,0.0,0.0,0.0,0.0,0.0,0.0,0.0,0.0,0.0,0.0,0.0,0.0,0.0,0.0,0.0,0.0,0.0,0.0,0.0,0.0,0.0,0.0,0.0,0.0,0.0,0.0,0.0,0.0,0.0
natural_gas_storage,DK,0.0,0.0,0.0,0.0,0.0,0.0,0.0,0.0,0.0,0.0,0.0,0.0,0.0,0.0,0.0,0.0,0.0,0.0,0.0,0.0,0.0,0.0,0.0,0.0,0.0,0.0,0.0,0.0,0.0,0.0
natural_gas_storage,EE,0.0,0.0,0.0,0.0,0.0,0.0,0.0,0.0,0.0,0.0,0.0,0.0,0.0,0.0,0.0,0.0,0.0,0.0,0.0,0.0,0.0,0.0,0.0,0.0,0.0,0.0,0.0,0.0,0.0,0.0
natural_gas_storage,EL,0.0,0.0,0.0,0.0,0.0,0.0,0.0,0.0,0.0,0.0,0.0,0.0,0.0,0.0,0.0,0.0,0.0,0.0,0.0,0.0,0.0,0.0,0.0,0.0,0.0,0.0,0.0,0.0,0.0,0.0
natural_gas_storage,ES,0.0,0.0,0.0,0.0,0.0,0.0,0.0,0.0,0.0,0.0,0.0,0.0,0.0,0.0,0.0,0.0,0.0,0.0,0.0,0.0,0.0,0.0,0.0,0.0,0.0,0.0,0.0,0.0,0.0,0.0
natural_gas_storage,FI,0.0,0.0,0.0,0.0,0.0,0.0,0.0,0.0,0.0,0.0,0.0,0.0,0.0,0.0,0.0,0.0,0.0,0.0,0.0,0.0,0.0,0.0,0.0,0.0,0.0,0.0,0.0,0.0,0.0,0.0
natural_gas_storage,FR,0.0,0.0,0.0,0.0,0.0,0.0,0.0,0.0,0.0,0.0,0.0,0.0,0.0,0.0,0.0,0.0,0.0,0.0,0.0,0.0,0.0,0.0,0.0,0.0,0.0,0.0,0.0,0.0,0.0,0.0
natural_gas_storage,HR,0.0,0.0,0.0,0.0,0.0,0.0,0.0,0.0,0.0,0.0,0.0,0.0,0.0,0.0,0.0,0.0,0.0,0.0,0.0,0.0,0.0,0.0,0.0,0.0,0.0,0.0,0.0,0.0,0.0,0.0
natural_gas_storage,HU,0.0,0.0,0.0,0.0,0.0,0.0,0.0,0.0,0.0,0.0,0.0,0.0,0.0,0.0,0.0,0.0,0.0,0.0,0.0,0.0,0.0,0.0,0.0,0.0,0.0,0.0,0.0,0.0,0.0,0.0
natural_gas_storage,IE,0.0,0.0,0.0,0.0,0.0,0.0,0.0,0.0,0.0,0.0,0.0,0.0,0.0,0.0,0.0,0.0,0.0,0.0,0.0,0.0,0.0,0.0,0.0,0.0,0.0,0.0,0.0,0.0,0.0,0.0
natural_gas_storage,IT,0.0,0.0,0.0,0.0,0.0,0.0,0.0,0.0,0.0,0.0,0.0,0.0,0.0,0.0,0.0,0.0,0.0,0.0,0.0,0.0,0.0,0.0,0.0,0.0,0.0,0.0,0.0,0.0,0.0,0.0
natural_gas_storage,LT,0.0,0.0,0.0,0.0,0.0,0.0,0.0,0.0,0.0,0.0,0.0,0.0,0.0,0.0,0.0,0.0,0.0,0.0,0.0,0.0,0.0,0.0,0.0,0.0,0.0,0.0,0.0,0.0,0.0,0.0
natural_gas_storage,LU,0.0,0.0,0.0,0.0,0.0,0.0,0.0,0.0,0.0,0.0,0.0,0.0,0.0,0.0,0.0,0.0,0.0,0.0,0.0,0.0,0.0,0.0,0.0,0.0,0.0,0.0,0.0,0.0,0.0,0.0
natural_gas_storage,LV,0.0,0.0,0.0,0.0,0.0,0.0,0.0,0.0,0.0,0.0,0.0,0.0,0.0,0.0,0.0,0.0,0.0,0.0,0.0,0.0,0.0,0.0,0.0,0.0,0.0,0.0,0.0,0.0,0.0,0.0
natural_gas_storage,NL,0.0,0.0,0.0,0.0,0.0,0.0,0.0,0.0,0.0,0.0,0.0,0.0,0.0,0.0,0.0,0.0,0.0,0.0,0.0,0.0,0.0,0.0,0.0,0.0,0.0,0.0,0.0,0.0,0.0,0.0
natural_gas_storage,NO,0.0,0.0,0.0,0.0,0.0,0.0,0.0,0.0,0.0,0.0,0.0,0.0,0.0,0.0,0.0,0.0,0.0,0.0,0.0,0.0,0.0,0.0,0.0,0.0,0.0,0.0,0.0,0.0,0.0,0.0
natural_gas_storage,PL,0.0,0.0,0.0,0.0,0.0,0.0,0.0,0.0,0.0,0.0,0.0,0.0,0.0,0.0,0.0,0.0,0.0,0.0,0.0,0.0,0.0,0.0,0.0,0.0,0.0,0.0,0.0,0.0,0.0,0.0
natural_gas_storage,PT,0.0,0.0,0.0,0.0,0.0,0.0,0.0,0.0,0.0,0.0,0.0,0.0,0.0,0.0,0.0,0.0,0.0,0.0,0.0,0.0,0.0,0.0,0.0,0.0,0.0,0.0,0.0,0.0,0.0,0.0
natural_gas_storage,RO,0.0,0.0,0.0,0.0,0.0,0.0,0.0,0.0,0.0,0.0,0.0,0.0,0.0,0.0,0.0,0.0,0.0,0.0,0.0,0.0,0.0,0.0,0.0,0.0,0.0,0.0,0.0,0.0,0.0,0.0
natural_gas_storage,SE,0.0,0.0,0.0,0.0,0.0,0.0,0.0,0.0,0.0,0.0,0.0,0.0,0.0,0.0,0.0,0.0,0.0,0.0,0.0,0.0,0.0,0.0,0.0,0.0,0.0,0.0,0.0,0.0,0.0,0.0
natural_gas_storage,SI,0.0,0.0,0.0,0.0,0.0,0.0,0.0,0.0,0.0,0.0,0.0,0.0,0.0,0.0,0.0,0.0,0.0,0.0,0.0,0.0,0.0,0.0,0.0,0.0,0.0,0.0,0.0,0.0,0.0,0.0
natural_gas_storage,SK,0.0,0.0,0.0,0.0,0.0,0.0,0.0,0.0,0.0,0.0,0.0,0.0,0.0,0.0,0.0,0.0,0.0,0.0,0.0,0.0,0.0,0.0,0.0,0.0,0.0,0.0,0.0,0.0,0.0,0.0
natural_gas_storage,UK,0.0,0.0,0.0,0.0,0.0,0.0,0.0,0.0,0.0,0.0,0.0,0.0,0.0,0.0,0.0,0.0,0.0,0.0,0.0,0.0,0.0,0.0,0.0,0.0,0.0,0.0,0.0,0.0,0.0,0.0
natural_gas_turbine,AT,26.560104106317024,26.56010320889613,24.40873913149814,25.130355796640107,32.26033452340719,34.74121412466965,35.54244564002018,31.881621232962658,30.341579984092817,30.259582770266345,30.177585563837617,29.276135521325475,23.166908778141714,21.59808849600535,21.548561679871707,22.955017561309337,22.88166776404036,22.835677738152242,22.789687866119795,22.743697291032472,20.679699379548104,20.651705844161924,9.154752592906142e-07,9.350477944593823e-07,9.515868100251683e-07,9.88234100804683e-07,1.0447703815461346e-06,1.8913038596571666e-06,2.636857173094948e-06,2.80039829535987e-06
natural_gas_turbine,BE,77.63961397751987,75.85516408500335,85.77387996858575,114.93457278020318,99.94862048950844,102.93885905587759,103.46628567387943,88.89072463614623,73.59061437786202,72.40833314517339,124.21659539557832,134.78205084365334,133.2567292564761,132.16225898915337,117.02180657738332,115.28892909780961,109.90646974924239,91.25498952981066,83.7752780072895,83.77188898494033,72.79192463419035,148.70325580972576,138.03142508406302,137.14266897979684,136.77844342845987,136.42755613462802,136.51618086584264,134.8554838413049,135.38267933332372,135.56034898300436
natural_gas_turbine,BG,0.39528322824867157,0.3952832281133971,0.39528328496004367,0.6003274946891061,0.5990160965149814,0.5977046549762681,0.596115744675607,0.6266878292894703,0.6250045451939112,0.6168331788384768,0.6151691439912828,0.6137644296490553,0.6123597145027715,0.6109550142416786,0.6095503078935193,4.0219717607193965,5.400471657918531,5.389587423979767,5.3787030355061605,5.367818635520932,5.356934247881428,4.564122867795144,4.1111083156574635,4.10551986939484,4.099931447117592,3.9928689697150017,3.8658241205275248,3.9052727393761857,3.8475576230704847,3.8216814926040414
natural_gas_turbine,CH,1.2740007369055382,1.170806988535654,1.2740007134679348,1.3403223628347618,1.8329440559594594,1.9037529008844638,1.9896629475445529,1.9842938474894072,1.9789246256098891,1.8833390551592357,1.8524848078107887,1.8003579522059565,1.5144882378110414,1.4361498287038683,1.432854083826784,1.4295584608525562,1.3271474316080876,1.2972230824200621,1.2946143456311687,1.2548743681911703e-06,1.6703738436289281e-06,99.02234408895245,98.88811179317071,98.75387952118555,98.61964720802598,98.48541491398899,98.3838695130718,98.28232423876096,98.18077885001924,98.07923344755059
natural_gas_turbine,CZ,25.279409955726823,25.27940960404302,21.018746264725646,27.87033373496566,32.771216638712666,32.998662731676,33.268291535807286,33.03063267714738,32.304446721351404,28.962031302325947,28.88390150699601,27.62766530720419,27.564455878299356,21.743450372295538,21.693586800571634,21.64372580082136,21.600354194896102,21.55698258422324,21.513610965670775,19.4308289448319,19.39164143275209,19.365456264840173,19.339271474851074,19.313086691088927,7.059384215131407e-08,8.032959199754786e-08,8.783561850465892e-08,9.650561157448995e-08,1.0614448418984155e-07,1.2220997378432867e-07
natural_gas_turbine,DE,342.3070701019884,335.1781419548206,330.56536294027427,459.9529697680298,439.0031017029709,428.04991665919044,390.59966561202424,353.0683745520758,337.59436845504126,323.38372026084187,291.22173870697003,301.835433727853,283.3508376903935,366.62594872262355,427.83733687425996,384.4748423233443,450.25515631810896,559.7368152517037,548.6538930468338,537.8146113544108,507.46577422348184,997.7693432017571,967.6154497149371,942.9854563957214,933.4250645197043,930.0222526236042,945.1185738155926,993.3202896951702,995.3776117533731,971.3212720963982
natural_gas_turbine,DK,9.158249462340097,7.276417405497532,7.276417388613003,7.074502186172129,7.059077014266441,7.043651553574957,1.5484240147329533,1.2045563188225774,6.897487898181635e-08,8.462332288253844e-08,1.0001367589547357e-07,1.3812896039824487e-07,1.7524398298717618e-07,3.351729898872066e-07,5.209485729762761e-07,6.282055489693703e-07,6.474116714129594e-07,6.627547227187701e-07,7.123951044786797e-07,7.426634977914052e-07,7.351351521033272e-07,7.455495808187341e-07,7.610894718438442e-07,7.778691353706517e-07,7.920453560433263e-07,8.286941063667142e-07,8.610861323783618e-07,8.97964425443942e-07,9.825804669892042e-07,1.0979596301808993e-06
natural_gas_turbine,EE,13.749919741026607,13.749919740723644,13.63551137624062,14.470285084553307,14.439419476734333,14.408553870242491,14.37097758947532,14.33340130472359,14.29582502651897,14.25824874874835,14.220672459068126,14.188266899466399,14.155861337216395,13.396686087434185,13.21662176427595,13.186244413918551,24.894698936440047,29.24312730187307,27.955345312185866,27.984041565857645,30.872513230565463,28.778116699452706,28.739206638619876,28.700297837549783,25.29768572382535,26.171815298824978,26.144933766377303,27.69111181871595,28.162188340608182,28.157250543056087
natural_gas_turbine,EL,74.00672617226562,74.00672618278233,74.00672627466402,92.14552764930478,92.06060292667492,92.08702913427351,92.32567551972241,91.13342580350732,90.66851105802576,94.6735979791568,94.1850153100486,93.8239320745916,83.38784916200547,82.75923466512087,79.78046478682974,80.15303166790706,74.86271660977187,53.37247696249151,42.10007224613307,42.07586548887846,13.96114771385076,10.606267486736694,1.2081494749944666e-07,1.3639141010651124e-07,1.4757024779852087e-07,1.5646382687315576e-07,1.7321240478749665e-07,1.8858393051407907e-07,2.0060512694902434e-07,2.2795467226261445e-07
natural_gas_turbine,ES,509.3457853037462,504.04958933105434,505.06885125463026,522.4438889644034,527.6278909039493,528.0496097985349,524.6199056051298,536.861253667058,521.5575881051393,507.279746714688,485.76261241168555,473.7721999008587,426.0456335035336,381.4891138917278,326.6641097690371,252.2810083356542,147.51401813761345,92.47696549167796,49.17695263237817,28.202730280899246,0.6948872637389438,0.3945705519236362,3.0276586977859226e-07,3.089249675867467e-07,3.140083355640067e-07,3.174630237294039e-07,3.1899254268902216e-07,3.2051517183724444e-07,3.189341915564356e-07,2.942351067151376e-07
natural_gas_turbine,FI,1.80288233369673e-08,2.169335946057549e-08,2.5592715642048845e-08,3.3725819348790485e-08,3.857116464305605e-08,4.36202569258011e-08,5.0375715332666134e-08,6.046197074174897e-08,6.703701230140078e-08,7.446726742015164e-08,8.421337921500982e-08,1.0831220729612066e-07,1.3856254259934124e-07,2.1527002235560473e-07,2.78925980350674e-07,3.5529766902220457e-07,1.8778003529729669e-06,3.86368517205166e-06,3.9022789856589825e-06,3.97475935131814e-06,12.58039168803906,109.91526915227348,109.76614267790524,109.61701248252282,109.46788224127408,108.66592129073342,106.42868487189148,105.43312071067075,109.59160000550303,106.54344253638412
natural_gas_turbine,FR,167.51180552265342,166.9806123951171,173.7827815430505,187.34372364151133,191.20847620197608,197.32115570615994,197.07576816400785,195.91646124259418,192.85510488006233,174.48856301579988,158.17955269348138,148.10694704100848,149.42546750049664,139.9058447951068,121.08154268922893,114.75437383375966,114.19613792606862,113.9669395740943,184.90252538763573,231.85184600396823,204.12682584456732,254.2292930651724,255.44216186212097,254.5055672706749,253.87982824819926,253.24014472114698,252.97903632690813,253.5089169423355,252.6654481149828,252.11121201209093
natural_gas_turbine,HR,1.7090781002121943e-07,1.5246222191862384e-07,1.3478148044237168e-07,1.547224865196787e-07,1.7783449878167124e-07,1.9205176284879085e-07,2.0136923596914655e-07,2.1174394787381744e-07,2.354021788279144e-07,1.8396520151419176,2.457812070116585,15.168856809912866,18.020644724088115,16.214560423489527,15.328019603629414,20.315680607158043,23.516511104533595,28.89418812850399,32.83077525091016,35.70269250278467,35.54859064890561,32.21330958043104,32.33816551158947,32.29411913422621,32.25007274349493,31.650303161305704,31.148201473000356,31.117928967738063,30.123135897197468,30.080886578286695
natural_gas_turbine,HU,82.62736997966581,82.62736997974774,82.62736998174097,82.83260365345745,94.8454663428537,102.81941125699126,108.56401695527721,115.34043446317014,107.02252576093964,108.75153789292952,90.63768376622161,87.52520953315074,80.32009836943699,74.35759163362461,69.57090404481336,70.14651818701664,66.78984438725658,74.63389238022602,79.99928687970367,80.4738274874472,79.38967591844641,2.2836127967401455e-07,2.4194353952872075e-07,2.5181038852771265e-07,2.5866526150181174e-07,2.682378560045759e-07,2.7786337700074306e-07,2.9241956706090425e-07,3.2030407923060165e-07,3.6034090951836127e-07
natural_gas_turbine,IE,62.96445019725307,62.82934053083134,63.989403283931836,65.42837693355418,70.84137333059947,71.94604744001579,70.41140108013352,66.20411718696998,65.15938369128916,64.48211109172522,66.68460868672665,67.38161930160352,53.1124772973246,54.03991150052191,54.64711530313594,44.25895551840251,33.70660210127349,23.934665359920444,23.0873959244362,22.649840218319017,17.94206376984506,17.917754566068595,17.893445321670264,17.949514330358426,17.925092186317467,6.195443417658069,6.189045241717617,5.903815056687929,5.897719793474349,5.55726083979881
natural_gas_turbine,IT,957.4270188259809,928.4914648312059,913.7401835862717,954.0829330159348,997.1519512012816,1039.9945677570422,1035.766586466977,961.6700360142953,958.6193560157474,938.9779248014016,908.7440404040753,858.4127317813326,766.0201346672056,698.3420709737889,606.0608284988099,460.79387589332083,345.4342462848724,268.79835272914056,233.547651403306,236.19100319111197,247.58202558427382,199.44946692348643,160.72375465911315,147.7984635617247,143.14073329973942,142.94523484465532,142.79708801875674,142.64733836182558,142.45537715669525,138.3264768904113
natural_gas_turbine,LT,2.7362498705830496,2.736249865552699,2.475597564625896,2.730471859471788,2.873461084457915,2.8673188264254756,2.8598410962718597,2.704824321792764,2.697778586684723,2.6907328527841425,2.6836870083686644,2.677575070592062,2.6714628358843715,2.6653507850018934,2.1202038697610215,2.1153307501913376,2.0957570718808234,2.09154899046169,1.0827555200073324,1.0805762590400791,1.0783970173035589,4.2611683593870024e-07,4.5467786918972605e-07,4.726235015176533e-07,4.879347054589554e-07,5.052007002090533e-07,5.245679504260278e-07,5.50655564188673e-07,6.007992984799706e-07,7.01674205689502e-07
natural_gas_turbine,LU,8.994352523674142,8.994352525571273,9.916416393955275,10.600144096186348,10.577491079369798,12.651584414866697,11.315560558733694,10.499703009767272,10.47213472397901,10.444567014864464,10.416999303418407,10.393258240957389,1.1116290989104015e-07,1.9866129510764406e-07,2.3468078213302606e-07,2.4277941972634575e-07,2.776457202355176e-07,3.425012172080702e-07,6.397021385377531e-07,1.5999549198880132e-06,4.010209842870409e-06,25.452339309897972,25.417837493038174,25.38333499033488,25.3488324429814,25.314329957645697,25.28822923087975,28.360506376126942,28.331204977908854,28.30190299721531
natural_gas_turbine,LV,1.3714118677550557,1.3714118631030712,1.2407726101531893,1.4432608370619295,1.4401823207737445,1.4371038041367976,1.4333559589557932,1.4252923925504837,1.421555864488638,1.4178193360412894,1.4140827962930287,1.4108604378419354,1.4076376744975128,1.3318444275159131,1.3287903214605252,1.325736208418564,0.09629518046468914,0.09610199328608501,0.08679827538478814,1.7302645294007151e-06,4.751215338902212e-06,4.696785403650941e-06,4.7741342502872485e-06,4.872579521635659e-06,5.000422443891811e-06,5.157732500656123e-06,5.215679903558744e-06,5.4854329546190065e-06,5.8827074678762265e-06,6.633512784948553e-06
natural_gas_turbine,NL,299.04153198591655,294.9984548624338,300.7753665610449,322.9415243350406,324.11250489314705,310.0227589276056,293.8775490709554,267.6553843332717,265.0534868514762,262.9115583723074,271.6175995849854,270.304035708614,265.4803974594757,242.8448388721215,216.00408998727366,215.5074812258637,213.07801419405112,209.9264434681106,208.6262418597825,184.5785001156197,140.99776971533163,135.219714131569,129.54078288679335,102.63381031113252,105.22915130658382,121.27398235676743,121.34243587758301,119.44970913400859,121.88889798755184,123.83190587840714
natural_gas_turbine,NO,19.21973487369492,19.219734872931024,19.219734873903626,23.146332659176352,23.095734498729225,24.055418334614696,24.510432935425673,20.802378205401617,20.17277356319598,19.04013938371498,18.847990784424397,18.805040661255646,18.7620905493104,34.45113663776554,44.76232744586608,44.356241772860756,43.920583720992454,33.051577074376965,32.2922405593669,32.38801945875205,25.7651709324968,29.27767688860445,28.908477139299546,28.869201212375614,28.82992528097024,28.790649342330365,28.760924070376035,28.73119880402129,28.70147355986064,28.67174832833046
natural_gas_turbine,PL,45.80034555966496,44.05941823982471,42.3061939656257,46.6618124631537,57.40825375038574,58.314256794614,59.16105444484066,59.00869037626498,58.55941887900123,58.344302482531766,52.469141728527276,52.223366892766045,41.22940783520683,52.007174361793254,66.04274052431995,65.89094663386261,78.5322004157981,119.41616136865431,147.12360809396247,180.3553704158351,199.42079801883432,199.35258096955175,198.4933869144782,195.1929397063567,193.47215660677543,193.55203712283318,193.917649552838,180.2539647066331,187.94134840910513,189.3854237213545
natural_gas_turbine,PT,95.46010310559761,95.1216392966767,95.24780000338808,95.52448815236491,96.80937645912348,98.62527098168016,95.94047546221249,95.84157161905543,73.73056981250767,73.58771625763563,71.52694257762067,73.39847181902704,75.005813642423,76.13227719238462,52.30775338642113,50.05616329992262,52.41665437732795,48.83582672769344,49.41177199219263,24.520909075674464,2.4581853568841514,2.454837911293554,2.117260175415831e-07,2.2154501611665308e-07,2.2787791907087206e-07,2.3199571476243596e-07,2.345102112319503e-07,2.35167390588016e-07,2.3520759810233026e-07,2.297789993715498e-07
natural_gas_turbine,RO,25.12683695688837,26.071124658938786,34.587255639507184,40.63959570713676,41.95775830984622,41.918876311526226,42.144711459931415,42.83836726696367,42.69379983906189,42.792348606093846,42.676390241142634,40.954703127399796,40.05117441317067,39.8952590271292,39.290913104761906,38.599349698111034,38.59316644924464,38.26712259927357,38.18988038842982,37.688521823282514,28.954613535308553,26.192739083219504,24.266535936681,24.23361075611418,24.200685576524332,24.16776039157987,23.478720495182223,24.1179563519256,22.90763126514771,22.86564047066031
natural_gas_turbine,SE,19.440445267805075,18.86826918486421,18.69946828771039,19.679143289935677,20.09087884811905,20.510265275126997,20.577708627538875,19.49298538149933,20.469467988667493,20.4153479325765,19.339677497792184,19.295606936288603,19.251536385566553,21.12881955387626,59.510424216248325,69.39301503505256,74.66886872385213,87.53263450014991,93.61797632056715,88.89240543885872,102.08156363760025,202.352859579229,201.85609214767882,201.15150844862254,200.19225453988315,198.00303482178091,196.5122295283117,196.07941112297846,195.6034993629294,194.9343377088422
natural_gas_turbine,SI,2.1132249111408014e-08,2.4584441755463655e-08,2.6688374368773363e-08,3.339080755510705e-08,3.854470273917127e-08,4.3462320332450934e-08,4.8247171084881516e-08,5.5273026474998894e-08,6.06169339283911e-08,6.593679636695982e-08,7.211736079926044e-08,7.844014218336085e-08,9.2472215836792e-08,1.0078624443444427e-07,1.0954938013653701e-07,1.3076497441855067e-07,1.9127747791583585e-07,3.142200625168745e-07,4.1608731153428504e-07,4.8180403527279e-07,6.723628299148801e-07,1.9191491483089925e-06,1.9286911077302236e-06,1.935769884621434e-06,1.9350928087700072e-06,1.913086448490246e-06,1.9061929515882271e-06,1.952716391416366e-06,1.9333098714049996e-06,1.9825286034343223e-06
natural_gas_turbine,SK,7.611090752496215,7.622427015112724,7.005011667555143,6.990680323818874,10.615463553051878,10.587242008271364,10.559097364535923,10.814555039692554,3.4268861828175874,3.336724493735826,3.1902744647047605,2.5154731714791287,2.387503985707365,2.3784396916770256,2.339154716349004,2.3102178402922244,2.304463810359588,2.299836640706146,2.768936863820275,2.6869346369342346,2.454658851879005,2.0274582734742057,2.0247074774847604,2.021956691014345,2.0192059058844367,2.0164545302628314,2.0143726044433365,2.012290701930032,2.0102087830503557,1.915069643460585
natural_gas_turbine,UK,714.1423679944953,714.3301275129356,702.6178632148225,707.9278143436104,672.9783563543812,665.4230841986504,607.7399714242653,591.0010236672683,533.529844263006,473.391077726534,413.8228675624878,401.27720803601903,373.9320834307409,375.54330838453916,299.86748000280903,295.98907022527544,285.43296614332536,278.3754198279982,252.00116614975474,246.63929461805677,258.1734595285382,254.91225692865294,149.9433118546094,149.78328827327329,150.27250797796353,145.5990208533154,123.90562205335996,121.94191148443106,120.9076256706048,121.0465785010646
natural_gas_turbine_CCS,AT,2.1753350981976997e-08,2.6221938379424377e-08,2.999840500546947e-08,3.868148164634014e-08,4.710472860918005e-08,5.487604788541195e-08,6.399408698328168e-08,7.725222358312179e-08,8.744281914899036e-08,1.0056735473377436e-07,1.2187951118998092e-07,1.4642652398671697e-07,1.761476713297791e-07,2.2278583611447918e-07,2.8684243009120964e-07,4.0740022929233806e-07,1.4713193572216944e-06,1.5805597710886998e-06,1.5971492354974238e-06,1.577336046582675e-06,1.5661982573222023e-06,1.590311156053727e-06,1.585133768874837e-06,1.5794726153837196e-06,1.5686410337323574e-06,1.5631008399164645e-06,1.542711004884347e-06,1.464570598510738e-06,1.4158442964285936e-06,1.3964629857970408e-06
natural_gas_turbine_CCS,BE,2.160373131430117e-08,2.631421411327912e-08,3.082746721081648e-08,3.850665033727365e-08,4.514423445850103e-08,5.1702818912698996e-08,5.959881365234442e-08,6.836657999792349e-08,8.000872859931565e-08,9.829223712910535e-08,1.2581090980543203e-06,6.093981580182043e-06,28.111683070407853,54.87079700018041,120.7260595599619,206.9956753687418,226.905700759299,409.3031376284714,408.8150983903276,405.6451530605524,397.6981604902463,401.5346741390879,398.2838077757424,395.90302057131277,393.7203532464132,391.53768590825615,387.9381017217404,384.33851715553925,370.48760298633465,351.86123884827947
natural_gas_turbine_CCS,BG,1.6601651590961255e-08,2.041082210279222e-08,2.575227024075321e-08,3.3954568363414116e-08,4.1409139443054875e-08,4.689131372925222e-08,5.240209577370135e-08,5.865918006302817e-08,6.635366377833976e-08,8.211465697809465e-08,1.0217209966870677e-07,1.3154957153404015e-07,1.5890654776414273e-07,2.968568982815062e-07,3.647564800010826e-07,4.475451349696609e-07,4.823963658675864e-07,4.848805204354001e-07,4.877919222029376e-07,4.879138893304179e-07,4.871937478037471e-07,4.863724801638622e-07,4.816273912020006e-07,4.721109786600677e-07,4.6947369995397515e-07,4.6813688285175217e-07,4.652771500782004e-07,4.628796619199646e-07,4.5511463754244545e-07,4.4807401398437295e-07
natural_gas_turbine_CCS,CH,2.0910211417646295e-08,2.5553029117083382e-08,2.983162614299763e-08,3.7644888284966085e-08,4.5488466128766226e-08,5.247269531201078e-08,6.094373683477059e-08,7.570645451615086e-08,8.664620301778191e-08,1.0000063605023391e-07,1.2204357105693206e-07,1.4678365533639974e-07,1.7292248336292238e-07,2.0191221866935785e-07,2.2586140347620425e-07,2.51759669328385e-07,2.800743589786831e-07,2.9788851780292185e-07,3.1053714798728345e-07,3.1238563161949823e-07,3.119513540904168e-07,3.175950773021065e-07,3.200469760943024e-07,3.2099723723378793e-07,3.182289874488053e-07,3.205493471655442e-07,3.172358442652427e-07,3.101977923009557e-07,3.0722564113948615e-07,3.1047654231417147e-07
natural_gas_turbine_CCS,CZ,2.0315992103451054e-08,2.448831786029282e-08,2.8079970980855515e-08,3.578608113004107e-08,4.297576272753572e-08,4.9650335746727506e-08,5.683537327440165e-08,6.433034961982981e-08,7.098057221263406e-08,7.837544581411178e-08,8.693574104697285e-08,9.370957488235537e-08,9.950463158648813e-08,1.0387745342951344e-07,1.0825950420634123e-07,1.122567741626401e-07,1.1575785491459094e-07,1.189337527061605e-07,1.2226938397657598e-07,1.2473966432408927e-07,1.2648334572875228e-07,1.2875591874208894e-07,1.2996662235347396e-07,1.3148688822476526e-07,1.3123403313632917e-07,1.3358146886306936e-07,1.3458470541774622e-07,1.3549589849452368e-07,1.3711838824925565e-07,1.434089354542836e-07
natural_gas_turbine_CCS,DE,2.286373223177214e-08,2.803932795497778e-08,3.313168666643001e-08,4.4326745005431326e-08,5.6296636705992705e-08,6.838770826298281e-08,8.502192360211637e-08,1.2017610557391603e-07,1.4181035589348435e-07,1.726317892068196e-07,2.395992479047487e-07,3.431335449034798e-07,4.751817173229878e-07,8.962091748136831e-07,2.1572954219205083e-06,1.307668254408533e-05,1.4045141633681774e-05,1.4021356843393224e-05,1.3893205128374585e-05,1.349337384760454e-05,1.3381954986588758e-05,1.3621686936896792e-05,1.3550427703942691e-05,1.3479015538852488e-05,1.3399778971069985e-05,1.3332812853210228e-05,1.3206029374980096e-05,1.2474062187382371e-05,1.1679240271306751e-05,1.1265140941590636e-05
natural_gas_turbine_CCS,DK,1.9404037063030717e-08,2.3441745566026604e-08,2.77965824400548e-08,3.8330049577256916e-08,4.553535224625049e-08,5.1520790646397214e-08,5.836806249684668e-08,6.184341337458518e-08,6.632270126903109e-08,7.105517012735981e-08,7.739358654187484e-08,8.457598523176902e-08,9.113430635159764e-08,1.0021690547888106e-07,1.1293072758904e-07,1.2367813111263696e-07,1.3339499252002665e-07,1.4283078653742351e-07,1.522748215382233e-07,1.5956176738549603e-07,1.6439432678658328e-07,1.7023679788826884e-07,1.7505046957206234e-07,1.797305753717333e-07,1.8501243122882973e-07,1.9088351977785757e-07,1.9548681423333108e-07,1.977676250119007e-07,2.0040251839949162e-07,2.1035966274808775e-07
natural_gas_turbine_CCS,EE,1.8336933698075016e-08,2.1923241522413305e-08,2.5146439295554683e-08,3.079562191640402e-08,3.579072081288315e-08,4.0801278518565527e-08,4.406324119432187e-08,4.642352185806334e-08,4.982962133259441e-08,5.336611405673219e-08,5.8757035668016044e-08,6.447824717909823e-08,6.984234513450942e-08,7.607397390384468e-08,8.359114492235943e-08,9.08589070279892e-08,9.993755167538235e-08,1.0887859933429043e-07,1.1672825619475295e-07,1.2492810117069e-07,1.3287931732930838e-07,1.4061549287730826e-07,1.4729916100789544e-07,1.5430848625646932e-07,1.6076112016421272e-07,1.6665272222571864e-07,1.7210611547410998e-07,1.7600568692480957e-07,1.8142143778165576e-07,1.9404532080119545e-07
natural_gas_turbine_CCS,EL,1.896457814287595e-08,2.2658041173814344e-08,2.6616242762438003e-08,3.267160583816855e-08,3.8570711207734194e-08,4.3393076374100606e-08,4.808172765197414e-08,5.208587155836198e-08,5.6569880564259135e-08,6.262565615265975e-08,6.932434636854305e-08,7.640871132005507e-08,8.292220130018741e-08,9.159666548171539e-08,1.0184279948879027e-07,1.165159199669047e-07,1.462620237495294e-07,3.0981390832572047e-07,3.1858181694916094e-07,3.219965705375186e-07,3.238415490529243e-07,3.2510622823892746e-07,3.174201944757072e-07,3.187050742027003e-07,3.1933868258249115e-07,3.2020500062510873e-07,3.1931816820498817e-07,3.178121032208581e-07,3.1620649745065805e-07,3.1481714087666545e-07
natural_gas_turbine_CCS,ES,1.7399037907612318e-08,2.0026077072653885e-08,2.438544624932519e-08,2.9289430540120842e-08,3.3071569549227755e-08,3.622006617132437e-08,3.90586268353054e-08,4.17167302171136e-08,4.41466685390699e-08,4.6505300150251384e-08,4.928241378934223e-08,5.2417149589283664e-08,5.5897391051729106e-08,5.973459987988818e-08,6.428720950366895e-08,6.926804697994899e-08,7.61691562140165e-08,8.623952882072302e-08,1.0233708712623598e-07,1.234267525015699e-07,1.4725037568784786e-07,1.589038695219601e-07,1.6663985769055375e-07,1.7276226490352406e-07,1.7791195675356375e-07,1.8239255072507438e-07,1.8660653048894759e-07,1.9171276017258608e-07,1.9784080716293946e-07,2.0819538469319544e-07
natural_gas_turbine_CCS,FI,1.871061383205494e-08,2.2646801162516162e-08,2.6401342053740385e-08,3.274386802193413e-08,3.742629474023488e-08,4.150269155143962e-08,4.654100847480235e-08,5.005900988324658e-08,5.401503041492633e-08,5.81251386783826e-08,6.35090331478295e-08,6.983925428227232e-08,7.633789142509715e-08,8.529805363428215e-08,9.717535183411303e-08,1.0926317148698136e-07,1.262443520768386e-07,1.4373603761283002e-07,1.5824425659442594e-07,1.7526679949567438e-07,1.963187230567651e-07,2.1732077111546452e-07,2.302500900579488e-07,2.4074266155308016e-07,2.475997225331567e-07,2.5198592411540703e-07,2.559732161090754e-07,2.5761056864991047e-07,2.6016706984155687e-07,2.6958297214632594e-07
natural_gas_turbine_CCS,FR,1.7186496945132953e-08,2.100732202061219e-08,2.5941152897483367e-08,3.239331326528502e-08,3.7670582640058117e-08,4.21903758530725e-08,4.637661182428114e-08,5.017736398294322e-08,5.406771686364694e-08,5.847387768709481e-08,6.37364756807688e-08,6.966644348026694e-08,7.443182832412393e-08,7.880273807787082e-08,8.515385976981384e-08,9.495087787569694e-08,1.0310818956011377e-07,1.1433660202894804e-07,1.2821886042120448e-07,1.409834692542469e-07,1.7045249893934938e-07,1.8185555073127562e-07,1.8798747912973031e-07,1.9253453492113607e-07,1.9263274835215388e-07,1.9673615687835716e-07,1.9623945975449702e-07,1.96356846023375e-07,2.007294346457116e-07,2.096056666656569e-07
natural_gas_turbine_CCS,HR,3.870431599726613e-08,3.928341224008172e-08,4.1390634942080684e-08,4.8429011509158304e-08,6.050964733562822e-08,7.376907679846755e-08,8.308609474705254e-08,9.255654690731805e-08,1.1069087349372967e-07,1.49740657169566e-07,1.8105938785750482e-07,2.292918200074447e-07,3.090757082580698e-07,4.234168594599143e-07,4.895570438830354e-07,5.847151941638949e-07,6.867550478301404e-07,7.26114285436444e-07,7.380650903887478e-07,7.414009603344197e-07,7.407256771585011e-07,7.544832467634182e-07,7.526487120541294e-07,7.492370008106925e-07,7.379925148616193e-07,7.262066053018956e-07,7.112976257303169e-07,7.032584362239507e-07,6.932894373158599e-07,6.58894953402973e-07
natural_gas_turbine_CCS,HU,1.693842993182748e-08,2.061094040679512e-08,2.4968801922717842e-08,3.15156967530782e-08,3.616996116343005e-08,3.9835273439455936e-08,4.316336323253902e-08,4.5950949367838165e-08,4.90614658727018e-08,5.260235443714926e-08,5.697726983569656e-08,6.199436745110051e-08,6.705034856704025e-08,7.251962312360123e-08,7.89272514078816e-08,8.688916884166353e-08,9.654692346862215e-08,1.0772071664873719e-07,1.1692626284730986e-07,1.2377255399513142e-07,1.287913476093465e-07,1.327550688974815e-07,1.3317027758699438e-07,1.3635410188393325e-07,1.3714165249977157e-07,1.408091898961551e-07,1.4328720795858537e-07,1.4637384939077102e-07,1.503989043964454e-07,1.603042755495875e-07
natural_gas_turbine_CCS,IE,1.8296671895554868e-08,2.201167336636816e-08,2.669223007208751e-08,3.4834243581103024e-08,4.08460326671929e-08,4.638449634986259e-08,5.0097479144498466e-08,5.350236869610553e-08,5.677546489027252e-08,5.9511198642463015e-08,6.271393045615538e-08,6.743847339602321e-08,7.329437437635265e-08,7.959521632218095e-08,9.077980483231486e-08,1.0288440659368649e-07,1.1793906144700444e-07,1.3369962918460354e-07,1.4774632996638548e-07,1.6131258241395819e-07,1.7629200991375281e-07,1.9208276560725542e-07,2.0524069287565572e-07,2.1704137566248795e-07,2.3167484492370915e-07,2.417906770052346e-07,2.4760500785973487e-07,2.512355533102515e-07,2.5179268682357406e-07,2.5948489387638503e-07
natural_gas_turbine_CCS,IT,2.2239835132974087e-08,2.6954385265216913e-08,3.0784962205841396e-08,3.6461709768471564e-08,4.285906839646483e-08,4.793955349444887e-08,5.275870408835848e-08,5.82040890589132e-08,6.523476226125015e-08,7.502427141817745e-08,9.028011853565547e-08,1.0554938382237828e-07,1.2951884639286466e-07,1.5642688624386276e-07,1.8563591635609633e-07,2.647905449298205e-07,1.0148327103484176e-06,1.454104938886274e-06,1.4644150453695844e-06,1.4250249935805628e-06,1.4147723513247236e-06,1.4117936249172083e-06,1.407232938965755e-06,1.4020408525846764e-06,1.396734715373916e-06,1.3898085288233358e-06,1.3788138021105256e-06,1.3652025049752912e-06,1.3502908296051897e-06,1.3370723153107151e-06
natural_gas_turbine_CCS,LT,1.8041878443942436e-08,2.149738368949203e-08,2.4624016555082512e-08,3.001521777297758e-08,3.473078498144154e-08,3.940598741847737e-08,4.257778246094855e-08,4.493766955151598e-08,4.844859322551532e-08,5.197368462495475e-08,5.674766606450658e-08,6.187807012678734e-08,6.657025814942632e-08,7.212432145349542e-08,7.833237877419773e-08,8.433751884716814e-08,9.109987353332462e-08,9.777177182112839e-08,1.0319825488827896e-07,1.0939791611621805e-07,1.1580577870486908e-07,1.2314585820359675e-07,1.2901084810320678e-07,1.344154844365312e-07,1.4010384190970616e-07,1.4574048130919046e-07,1.509971777487215e-07,1.5476937665818472e-07,1.5981521617821064e-07,1.7128490621953846e-07
natural_gas_turbine_CCS,LU,1.7499224572601702e-08,2.1341716354765958e-08,2.6869400083612898e-08,3.393571254337195e-08,4.000254452171167e-08,4.525599585874844e-08,5.016598186823618e-08,5.450926427542698e-08,5.895670766432385e-08,6.383891130237995e-08,6.907511371096548e-08,7.482447897560028e-08,7.937416363437373e-08,8.221161240798753e-08,8.717133585957766e-08,9.6193027321948e-08,1.0021630216051473e-07,1.0698926322814325e-07,1.1662424316559406e-07,1.2615982058778234e-07,1.4940155671514103e-07,1.6028273464118146e-07,1.662265771012497e-07,1.7103217345600952e-07,1.7266242160301012e-07,1.7873064765231937e-07,1.8081589151432192e-07,1.8234340672120543e-07,1.877529849998155e-07,1.9856282695573706e-07
natural_gas_turbine_CCS,LV,1.8087686485733792e-08,2.164096142808082e-08,2.4796631188695887e-08,3.029615578531842e-08,3.518244665751916e-08,4.009243496936541e-08,4.330934695016167e-08,4.5596957506088757e-08,4.913638093591264e-08,5.2659164954109196e-08,5.768899561102925e-08,6.299581342106724e-08,6.783350049137338e-08,7.362354459479455e-08,8.031525436615553e-08,8.699226597496112e-08,9.454673849476025e-08,1.0226359720010444e-07,1.0883993464715214e-07,1.1644203262836483e-07,1.2388031001931027e-07,1.3173578791323548e-07,1.3808888542277804e-07,1.44404800223034e-07,1.512121549668329e-07,1.5773997610302292e-07,1.6354736821761487e-07,1.676778354997401e-07,1.7307508698099108e-07,1.849491284175005e-07
natural_gas_turbine_CCS,NL,2.084680897102936e-08,2.4738234984125585e-08,2.8584043820892277e-08,3.527051280254785e-08,4.044823629354214e-08,4.554332373529008e-08,5.1291264374563525e-08,5.621895116147802e-08,6.18114940962416e-08,6.816319375520883e-08,7.529695050401476e-08,8.362281396729636e-08,9.441929393629276e-08,1.1033335409873576e-07,1.9089621748196832e-07,2.4454426733034334e-07,3.2117732445845156e-07,4.848127348802004e-07,5.421183929004907e-07,5.553725841220512e-07,5.620557186435322e-07,5.679033914072548e-07,5.701594724558667e-07,5.705671765348256e-07,5.676456273549447e-07,5.705709896747801e-07,5.627187544244032e-07,5.466378849886146e-07,5.336608158149052e-07,5.301388869955509e-07
natural_gas_turbine_CCS,NO,2.0572440396203104e-08,2.5200697483807453e-08,3.0330174377648875e-08,3.988597792156361e-08,4.8028089968410516e-08,5.487676282071763e-08,6.31514345110375e-08,6.723137886358828e-08,7.239162215883465e-08,7.753692441449286e-08,8.442597834826281e-08,9.230798378883047e-08,1.0011434410875208e-07,1.1105750780671818e-07,1.2619562215606291e-07,1.4121858578371548e-07,1.5896171484258257e-07,1.8005665496817494e-07,1.9897685370143917e-07,2.2246168561899057e-07,2.5839995054553423e-07,2.911293422304944e-07,3.0815354243141506e-07,3.1754282575736646e-07,3.2437040449918613e-07,3.297662604300154e-07,3.3310445230068673e-07,3.336491242688379e-07,3.330219852427661e-07,3.398625996258493e-07
natural_gas_turbine_CCS,PL,1.7943540836013943e-08,2.165834543678965e-08,2.5099856481988025e-08,3.3557520689629656e-08,3.998245797299407e-08,4.5701623675138215e-08,5.2079922721582844e-08,5.9119535482756975e-08,6.624443803244052e-08,7.452546675701142e-08,8.762915390599373e-08,1.0379644828353562e-07,1.2199386572467773e-07,1.4273039345862014e-07,1.6269090941094484e-07,1.8204595818012158e-07,2.1044668833199476e-07,2.4512511824818314e-07,2.6589488132004285e-07,2.821030708667237e-07,2.9033017778830586e-07,2.964932700265973e-07,2.9870601656125224e-07,3.012463036990085e-07,3.007934248871128e-07,3.0482701747232356e-07,3.049722403644761e-07,3.011009246372887e-07,2.988096770437995e-07,3.043897325059912e-07
natural_gas_turbine_CCS,PT,1.639803377025481e-08,1.9011546801589904e-08,2.29722927104257e-08,2.7573831494011428e-08,3.0929979728358334e-08,3.381003132157007e-08,3.6377998237043907e-08,3.880110365309702e-08,4.10729596791221e-08,4.335452937000779e-08,4.601643272913368e-08,4.904950799220026e-08,5.2404068434875985e-08,5.600184393858128e-08,6.013191992357905e-08,6.446081403120158e-08,7.002682390429305e-08,7.70858488083784e-08,8.841469306752973e-08,1.0382008819779797e-07,1.2072700919949656e-07,1.314598264418095e-07,1.395922239336951e-07,1.4629085169412924e-07,1.5170241395429342e-07,1.564534763268227e-07,1.613445737075263e-07,1.6703092100059008e-07,1.7404383544480562e-07,1.855968599081472e-07
natural_gas_turbine_CCS,RO,1.687940633966377e-08,2.0894547949879493e-08,2.7410480514672088e-08,3.540513281883112e-08,4.243378313339869e-08,4.757861619025275e-08,5.248100245197249e-08,5.6982422061951986e-08,6.209611213925386e-08,6.94213153296795e-08,7.92248744143823e-08,9.018254539453865e-08,1.0017603652548959e-07,1.2077634495991864e-07,1.352580679472715e-07,1.4950400846152754e-07,1.6435063248957075e-07,1.7581338272309905e-07,1.828365111918649e-07,1.8916552386040488e-07,1.9382462857669786e-07,1.9730085220500965e-07,1.991075651288674e-07,1.987151922489559e-07,1.9865414530307352e-07,2.0213168097854202e-07,2.0337889695063096e-07,2.0486908472341957e-07,2.0653289342937497e-07,2.1325796653185106e-07
natural_gas_turbine_CCS,SE,1.932662928362466e-08,2.3580474678344187e-08,2.8184931736141205e-08,3.615994844932472e-08,4.258720405844333e-08,4.7164736345091706e-08,5.472748983146525e-08,5.9512449182727014e-08,6.530727579841513e-08,7.076968191514551e-08,7.793497943985515e-08,8.617854299455243e-08,9.395855590923133e-08,1.0398441809636193e-07,1.1714358803538072e-07,1.3018593184870474e-07,1.462253392530313e-07,1.6415579817423268e-07,1.8228025365463381e-07,2.0272501818020763e-07,2.2534496481678443e-07,2.486726216126924e-07,2.5980489923672836e-07,2.695857135037425e-07,2.759991094509155e-07,2.799975762726553e-07,2.841399838596092e-07,2.8520123191734267e-07,2.864748588048853e-07,2.948171661975199e-07
natural_gas_turbine_CCS,SI,2.120554018032696e-08,2.5208739837797714e-08,2.845699454403958e-08,3.485720880957228e-08,4.088672622279461e-08,4.664420636020843e-08,5.2326359175724476e-08,5.900143188719439e-08,6.578960381067795e-08,7.304631129639232e-08,8.185837983643784e-08,9.153131910002977e-08,1.1022287600233346e-07,1.2676318154832498e-07,1.4392291829479272e-07,1.7057888178007473e-07,2.421155212002985e-07,3.137124090910056e-07,3.336760254188707e-07,3.411201713171564e-07,3.443726176372525e-07,3.462730612914769e-07,3.3742878901005764e-07,3.3876130494767424e-07,3.36063928642785e-07,3.366870695333588e-07,3.348077922893512e-07,3.3151301435846663e-07,3.261122148398722e-07,3.275610137878343e-07
natural_gas_turbine_CCS,SK,1.7873453002780067e-08,2.160031278763473e-08,2.5539124237319786e-08,3.325842399289737e-08,3.961602365698114e-08,4.514439834603824e-08,5.1374975801264915e-08,6.04924649241848e-08,6.731418499458914e-08,7.523608903699511e-08,8.690132626992767e-08,9.89798856706995e-08,1.1083980794579173e-07,1.2298131138302748e-07,1.3788443438221777e-07,1.541774726157423e-07,1.7125194007735901e-07,1.9177398131358382e-07,2.1948480235357962e-07,2.654031439649544e-07,2.7662067203182986e-07,2.8324171631477377e-07,2.8528901555109076e-07,2.875583030778108e-07,2.8751269031279373e-07,2.902839734211731e-07,2.898622473174037e-07,2.8718797336234235e-07,2.8499735155241906e-07,2.881819991427052e-07
natural_gas_turbine_CCS,UK,1.7974918897495565e-08,2.1812170473808782e-08,2.6053916302263617e-08,3.375697479969285e-08,3.983934090298849e-08,4.53944678659774e-08,4.9500054346641104e-08,5.34011372451061e-08,5.752567014788512e-08,6.097024594033626e-08,6.559888372795375e-08,7.190097665679509e-08,7.87163176259255e-08,8.694377066965193e-08,1.0105846040509784e-07,1.1462209556900036e-07,1.305934588877622e-07,1.4700706827632284e-07,1.5998222620008973e-07,1.7101692184124314e-07,1.8181698551858337e-07,1.9345124247514666e-07,2.0261644977159485e-07,2.115346566836053e-07,2.2386607356488122e-07,2.3325446416646749e-07,2.396532643331e-07,2.437532523328343e-07,2.4482108860529315e-07,2.5371518822738646e-07
nuclear,AT,0.0,0.0,0.0,0.0,0.0,0.0,0.0,0.0,0.0,0.0,0.0,0.0,0.0,0.0,0.0,0.0,0.0,0.0,0.0,0.0,0.0,0.0,0.0,0.0,0.0,0.0,0.0,0.0,0.0,0.0
nuclear,BE,962.1470648738025,962.147064821688,962.1470648495659,961.557879681948,960.9686945166005,960.3795093763429,952.3654073851473,944.3513053906305,936.3372033963527,928.3231013889716,8.485338547451428e-08,1.1176561818837113e-07,1.3098561018745143e-07,1.480634702134837e-07,1.6386321338907764e-07,1.779345548008403e-07,1.9624653108062368e-07,2.21801740190835e-07,2.613213904238327e-07,3.1010244087694095e-07,3.799249285173292e-07,5.960744311948929e-07,7.44908286076384e-07,8.788390602145366e-07,9.373361043105075e-07,1.2237190526616874e-06,2.2423984645323444e-06,2.561111763866089e-06,54.52682374724099,74.5371611523884
nuclear,BG,651.1451278626765,650.4367713181433,650.9411044737562,650.7463891175017,650.3476506653993,649.9489121769739,644.4025858476008,639.1016074673113,633.5036422028877,5.853753425771085e-08,7.307756133389386e-08,8.32709490237572e-08,9.060548041040209e-08,9.857411183676131e-08,1.0624094479269703e-07,1.1353598657884034e-07,1.2075547157368968e-07,1.2848456301931633e-07,1.363004043679263e-07,1.4459969494202156e-07,1.536011615606724e-07,1.6354426267105084e-07,1.7362658148237686e-07,1.8024547305746688e-07,1.8713579051720686e-07,1.9649365162835918e-07,2.090401187765515e-07,2.2521294822148026e-07,2.4736022295019237e-07,2.819164106741032e-07
nuclear,CH,472.7358958500215,472.7358958279835,472.73589584251386,472.4464089292694,354.1176915733439,353.900576311983,350.43580938734226,347.7865553243138,342.48497171775176,340.296078714447,336.6500530248267,328.53212187861357,320.5751855846908,318.82692040085664,176.6374242690127,171.2029666535306,168.9455347591686,166.68810323975717,164.43067184256802,1.397171214649963e-07,1.698936169379894e-07,1.9329120026228364e-07,2.1344653236061902e-07,2.330503478402059e-07,2.5355845688559593e-07,2.764714489720186e-07,3.0260397822103875e-07,3.313931221793397e-07,3.695302879721589e-07,4.362326384638201e-07
nuclear,CZ,332.8578773365816,332.85787728814813,332.8578772944322,332.6540467815169,332.4502162689111,332.24638575883887,329.47388144717905,326.70137705508125,323.9288726431019,321.15636796618793,316.52291799615597,303.0443008317162,299.69648547764433,287.93168878105996,286.6871425090026,282.54657042344206,279.9241864926232,278.4572783106979,271.3974897684186,267.8078624236706,266.0471136629917,262.34682966509297,261.06074040956867,259.5498580720725,255.7986597523861,251.35658809917106,249.2111348805601,247.5824230083094,246.03885186418748,244.62221432712207
nuclear,DE,1070.9410792772828,1070.9410792668496,1070.9410792769513,1070.2852724670968,1069.6294656591328,1068.9736588490887,1060.053368646102,1051.1330784406516,1042.2127882346126,1033.29249801755,1024.372207766448,797.9108912525231,793.667884270955,789.4248758614976,411.7637159092988,407.1566900268234,401.93363782709787,396.7105858407796,391.4875336700546,384.8934437373911,181.0571273127654,180.18576458367613,179.3144018718495,6.263542411259344e-07,7.888128067592369e-07,1.5836810322266287e-06,4.015992405037612e-06,4.482047601406561e-06,268.89865151960623,840.1192385371928
nuclear,DK,0.0,0.0,0.0,0.0,0.0,0.0,0.0,0.0,0.0,0.0,0.0,0.0,0.0,0.0,0.0,0.0,0.0,0.0,0.0,0.0,0.0,0.0,0.0,0.0,0.0,0.0,0.0,0.0,0.0,0.0
nuclear,EE,0.0,0.0,0.0,0.0,0.0,0.0,0.0,0.0,0.0,0.0,0.0,0.0,0.0,0.0,0.0,0.0,0.0,0.0,0.0,0.0,0.0,0.0,0.0,0.0,0.0,0.0,0.0,0.0,0.0,0.0
nuclear,EL,0.0,0.0,0.0,0.0,0.0,0.0,0.0,0.0,0.0,0.0,0.0,0.0,0.0,0.0,0.0,0.0,0.0,0.0,0.0,0.0,0.0,0.0,0.0,0.0,0.0,0.0,0.0,0.0,0.0,0.0
nuclear,ES,1107.3723407930358,1101.6440838158903,1112.9063625068857,1119.4376505435757,1125.9509103154019,1131.7957401424162,1122.8308109894097,1117.5928328379928,1106.7313980398992,1098.4736491578906,1091.6222725022576,1086.4990934673158,1076.2828673869772,1052.6700976833238,1046.8842345863147,1019.7244861119977,981.1659518585669,962.6509330343009,676.8890787569806,392.95394830426056,255.0914170587136,252.9965806263697,251.79300514249633,1.1145532093597417e-07,1.338551383510269e-07,1.5196402930217103e-07,1.691259948625345e-07,1.880911679892713e-07,2.1202121164804655e-07,2.515351014473048e-07
nuclear,FI,506.65249412010166,497.2834270544369,507.161652641717,517.1295700714271,522.1250957260123,523.7359403718862,512.6840584559661,506.4683428820497,499.5144248974721,494.9611575230562,489.632776663068,487.0042453743152,403.3087837391432,401.1993162245646,144.91472544018984,144.1110671670377,6.79487762979761e-08,8.132354658823938e-08,9.133085403600971e-08,1.0061147880988124e-07,1.0984140882824531e-07,1.2066509197665068e-07,1.3098597361000424e-07,1.4171274776185746e-07,1.5101044146090314e-07,1.61143472491378e-07,1.7296435428947017e-07,1.880161861092962e-07,2.0891847210633904e-07,2.4609975447509646e-07
nuclear,FR,10442.861625132124,10429.07979193767,9964.862133510203,9962.929133238677,9959.054664587979,9955.247173859878,9870.616163855617,9217.277792770026,9140.021167546918,9060.4340349992,8974.087344693513,8907.251717818595,8837.891112132229,8773.298309302727,8695.437237274053,6668.049669877323,5994.841542849966,5890.413179890796,5487.666783430249,4320.666841971295,3512.575793326328,2567.3906233657735,1885.0818111900048,1204.1334819146355,1206.8176047361794,675.0857885818618,356.20099339980277,354.84345816553,353.3770679871487,346.32662505936196
nuclear,HR,0.0,0.0,0.0,0.0,0.0,0.0,0.0,0.0,0.0,0.0,0.0,0.0,0.0,0.0,0.0,0.0,0.0,0.0,0.0,0.0,0.0,0.0,0.0,0.0,0.0,0.0,0.0,0.0,0.0,0.0
nuclear,HU,323.55471271743755,320.10756169566537,321.0299983147286,321.28214403192936,322.28213775197827,323.1431468321009,320.4998846029218,317.80289589464445,315.1059071603652,311.5283880691315,306.6720776656997,303.1823623615363,299.70685314065787,295.50439659028746,286.32776772060487,274.850749473716,271.10848016878714,266.4690725221406,7.922844615899895e-08,9.720116462951713e-08,1.0972966315572038e-07,1.2075005934139678e-07,1.2970351729057677e-07,1.3941647535832385e-07,1.4870954366003406e-07,1.604571384234402e-07,1.7317722153006657e-07,1.8790267959835057e-07,2.0723969390715195e-07,2.4213588672993596e-07
nuclear,IE,0.0,0.0,0.0,0.0,0.0,0.0,0.0,0.0,0.0,0.0,0.0,0.0,0.0,0.0,0.0,0.0,0.0,0.0,0.0,0.0,0.0,0.0,0.0,0.0,0.0,0.0,0.0,0.0,0.0,0.0
nuclear,IT,0.0,0.0,0.0,0.0,0.0,0.0,0.0,0.0,0.0,0.0,0.0,0.0,0.0,0.0,0.0,0.0,0.0,0.0,0.0,0.0,0.0,0.0,0.0,0.0,0.0,0.0,0.0,0.0,0.0,0.0
nuclear,LT,0.0,0.0,0.0,0.0,0.0,0.0,0.0,0.0,0.0,0.0,0.0,0.0,0.0,0.0,0.0,0.0,0.0,0.0,0.0,0.0,0.0,0.0,0.0,0.0,0.0,0.0,0.0,0.0,0.0,0.0
nuclear,LU,0.0,0.0,0.0,0.0,0.0,0.0,0.0,0.0,0.0,0.0,0.0,0.0,0.0,0.0,0.0,0.0,0.0,0.0,0.0,0.0,0.0,0.0,0.0,0.0,0.0,0.0,0.0,0.0,0.0,0.0
nuclear,LV,0.0,0.0,0.0,0.0,0.0,0.0,0.0,0.0,0.0,0.0,0.0,0.0,0.0,0.0,0.0,0.0,0.0,0.0,0.0,0.0,0.0,0.0,0.0,0.0,0.0,0.0,0.0,0.0,0.0,0.0
nuclear,NL,78.03380199276347,76.81506727230378,78.0338019084279,77.9860167426446,77.93823157181356,77.89044646471785,77.24047218228385,76.59049788853628,4.938051525997498e-08,6.233877596662376e-08,7.195781242783356e-08,8.066611002037833e-08,8.947695256286479e-08,9.94227023952589e-08,1.127318784515025e-07,1.24324044072546e-07,1.3828910804317914e-07,1.5514221612013518e-07,1.737271535735583e-07,1.950527268503964e-07,2.220443446982509e-07,2.523564212629126e-07,2.832030682990795e-07,3.147565660324645e-07,3.453517943440572e-07,3.8750556715889774e-07,4.287007913908962e-07,4.651056559485776e-07,5.158742970472933e-07,5.983686796548624e-07
nuclear,NO,0.0,0.0,0.0,0.0,0.0,0.0,0.0,0.0,0.0,0.0,0.0,0.0,0.0,0.0,0.0,0.0,0.0,0.0,0.0,0.0,0.0,0.0,0.0,0.0,0.0,0.0,0.0,0.0,0.0,0.0
nuclear,PL,0.0,0.0,0.0,0.0,0.0,0.0,0.0,0.0,0.0,0.0,0.0,0.0,0.0,0.0,0.0,0.0,0.0,0.0,0.0,0.0,0.0,0.0,0.0,0.0,0.0,0.0,0.0,0.0,0.0,0.0
nuclear,PT,0.0,0.0,0.0,0.0,0.0,0.0,0.0,0.0,0.0,0.0,0.0,0.0,0.0,0.0,0.0,0.0,0.0,0.0,0.0,0.0,0.0,0.0,0.0,0.0,0.0,0.0,0.0,0.0,0.0,0.0
nuclear,RO,443.5946420530097,443.59464192060426,443.5946419188739,443.3230001480866,443.0513583314727,442.77971650720394,439.08484199531955,435.3899674413866,431.6950928852238,428.00021823514123,424.3053435858987,422.06097315568434,419.81660256954484,416.38068925204396,413.6479918556879,398.64165179246254,388.29121748881903,376.02395552819917,369.10406757809574,363.9849029550367,357.906181425928,350.86715567977643,349.66869463236964,348.7649847718391,346.48352857679674,344.95158916876574,343.877356937812,341.7745660848939,339.54610496425045,337.36129404761766
nuclear,SE,1126.7951490328367,1100.7703547789379,1118.3073500164403,1126.1051391284632,1125.4151293190882,1124.7251194279386,1115.3395986652472,870.8501545444136,866.0980533481796,852.3828306661044,497.3245237192432,494.6559104827293,491.98729704220136,489.31868381100793,480.14598089170465,335.37333173560097,168.84282960857152,169.02456026699116,155.8249604162797,153.64804496766337,8.996217275404546e-08,1.0980056876280557e-07,1.2396157834824967e-07,1.370133938692442e-07,1.4790626924264466e-07,1.592052496400619e-07,1.722681216596454e-07,1.8802848193566332e-07,2.094773443225643e-07,2.4698555248209434e-07
nuclear,SI,112.67951491060055,112.6795148122364,112.67951476351608,112.61051382401604,112.54151277002308,112.47251184152015,111.53395982433616,110.59540774600677,109.65685566634893,108.71830357430208,107.77975114665742,107.20964825420099,106.0668280329458,101.32581613460268,100.77020282448112,97.6698891143505,96.38204292081505,93.08699040477892,1.2265988664547492e-07,1.5582250678206908e-07,1.8002486229037565e-07,1.9778818054452497e-07,2.1108784702691375e-07,2.2665222738997898e-07,2.411272730445933e-07,2.6192570509971637e-07,2.864927108852746e-07,3.1501130165328286e-07,3.500378508618268e-07,4.1321398737096484e-07
nuclear,SK,434.52847401704264,432.72335414491215,431.6509272103826,431.38431804245914,431.1242602349921,432.22970689932197,430.1108452392106,148.73175530863202,147.46956458242556,146.20737359256563,144.9451827968128,143.3928521781338,141.17962499521457,137.20752318772173,135.92358844780648,130.14665615842247,128.5784292239141,126.85026808118918,125.12210692619858,123.39394589250774,121.66578486006017,120.67936708359385,120.16969497808348,119.53448839398642,117.6776724833802,117.09217587000558,114.68270207684574,115.55660759462728,114.85136781318766,114.10443181390475
nuclear,UK,1092.0925785482475,1086.1436688688125,1091.0632300367067,1090.5845066705494,1095.597669201105,1106.6260946008347,1097.3916051944584,1088.157115793941,1078.9226263978621,1069.6881369989503,1046.8068235990022,887.1305778147985,871.5240192101776,856.8545658207319,836.9581156736857,823.1197194810732,805.1792548841967,784.3907724254453,765.6179744126139,752.4902035371168,738.0645057650104,716.4011640030487,712.6061271561322,562.0312626073325,140.87738599515805,136.45002951229588,135.51930791307376,134.58858668194546,133.65786545267534,132.72714421768586
photovoltaics,AT,29.24390263063294,37.85849543904366,37.858495441136924,36.96834534478186,36.07819525042462,35.188045160529846,34.47124983437865,33.75445450567713,33.037659176442496,32.32086384703539,31.601847233288204,30.98571520920704,30.36761990955059,29.74769034473752,29.126055541153107,60.73014687267397,72.26106415252049,97.3969645030984,132.46742157807572,204.35799102787146,315.26234049999545,762.6092918902036,1145.1504222956294,1132.8352502735816,1119.3453583050464,1108.284305061867,1097.6534188946596,1087.0240443131831,1076.3973946253327,1065.7632389208254
photovoltaics,BE,73.14961603865493,79.96305409681302,79.96305409748123,78.08303238774212,76.20301067766452,74.32298896870314,72.80903557970908,71.29508219179809,69.78112880431374,68.267175418873,124.30018768495069,126.05997665343823,126.03470225012927,129.0478475743298,164.467219475531,176.30032104534797,174.49622346378655,183.50963121616192,189.2830049293741,189.20967672089827,181.96660465472135,260.8533854559993,284.0999639378314,278.9822887182606,275.14898556772647,271.3056264518262,270.20810644774537,274.7382392562681,274.7388939512877,266.09485255213326
photovoltaics,BG,13.192928825867341,15.056099406868698,15.05609940897504,14.70206088478663,14.348022363997135,13.993983945088509,23.588816380082914,23.09829263442203,22.60776890301426,38.80699857929722,37.94632381250899,37.21176515120837,36.47720648268049,35.74264782351256,35.00808923854745,55.431300793326436,57.71293286135878,56.63063065876009,55.53837402613907,54.415597803186685,53.09195088612127,69.18873205757271,61.79800246715,61.02243634448553,60.234497829139826,59.43174010709602,58.82470795352437,58.68024988649635,58.062816330711414,59.23016500950697
photovoltaics,CH,97.48017234719124,105.43323156817395,105.43323157140097,102.95404082642952,100.4748500904706,164.76407798513796,202.42954288976944,207.37364609463378,202.96980777320434,198.5659694283872,194.15963157762732,190.39619008019886,186.63053936856608,182.86282492918926,179.0931911607278,175.32178361717965,172.0788797691274,185.4695755396833,194.3633261850474,193.20792307926976,213.39303128665557,291.86192967003745,289.1946449602994,286.1988720944787,283.51339339683585,286.774168143093,317.74007841832884,342.64164385849494,417.5875729792611,433.4774137412297
photovoltaics,CZ,25.051250214872418,25.051250215234816,25.051250215678,24.46224079837711,23.87323138112555,23.28422196390112,22.809915656814905,22.335609349672215,21.861303042524046,21.386996735382287,20.912315606031104,20.50673813745294,20.100829383898112,19.69461111397407,19.288105096402486,18.881333099576352,18.531379885305164,18.144401727472836,17.280079340295952,13.466039931967162,1.5624625515011532,1.195376202201941,0.6209719558072061,0.19064091351039644,0.16796265583245162,0.15706238668447817,0.14957361506670122,0.11109435542689217,0.07333905061086612,0.0363074887287654
photovoltaics,DE,641.5154312800356,710.5689905175796,710.5689905084174,693.8627300203677,677.1564695247458,660.4502090358583,646.9968968503094,633.5435846616692,620.0902724756589,606.6369602913834,592.0136253941739,578.2577545737065,563.4677678533996,547.711618624021,531.0572602961812,513.5726462671718,496.8553076314435,476.79407182418424,451.5128252358177,406.56678560927634,339.20732660448584,400.78395163293686,386.5618908007205,411.7652423326438,416.6944963599533,410.0882708863877,395.27590880028606,400.61670711605,400.5634047269171,434.25929858954566
photovoltaics,DK,15.819522447918052,23.708845755152257,23.70884575530671,23.151463105199156,22.594080455087827,22.036697804956653,21.58782476375473,21.138951722522478,20.690078681307742,20.24120564010481,19.792294436908637,19.409033542486146,19.025738919095208,18.64241278311556,18.259057351207616,17.87567483974789,17.546264182314196,17.216763539891886,16.88621374998375,16.555590419289334,16.208835690532037,15.913304062761158,12.833462669245957,11.439680575755313,10.935385896913065,9.35585565946753,8.86992365366069,8.347986186147757,7.56260446232247,6.743035339127785
photovoltaics,EE,1.908202421307969,4.305090828511913,4.305090828687183,4.203882400223702,4.102673971745006,4.00146554331505,3.9199589809303057,3.8384524185852475,3.7569458562190117,3.6754392938858245,3.5939327315810625,3.5243520519730067,3.454771372395963,3.385190692848649,3.3156100133346222,3.2460293338491852,3.1862529623296143,3.1264765908037875,3.0667002193311053,3.0069238479214286,2.947147476502958,2.9162249856859295,2.8853024949972377,2.854380004419004,2.8234575139361575,2.792535023751839,2.7657514728509955,2.7315653065499754,2.4702868500344537,2.1483206677472224
photovoltaics,EL,37.97166489319141,48.41843094607212,48.41843094947498,47.27984588260578,46.14126081911856,45.00267575599169,44.08590535065702,43.16913494538685,42.252364540106264,41.33559413480847,40.41711540852353,39.6313950514188,38.84416478506171,38.055523815249586,37.265571348474765,36.47440659015865,35.79242638623667,35.09984852316452,34.30463399455477,33.33969542212872,31.48141140111939,27.80542685927678,20.391873818535295,12.123082217750383,11.869605101513717,11.661488965108479,11.449053740989182,11.241938620894652,10.919302015914324,9.736288730586356
photovoltaics,ES,178.04495324162912,231.0759942580267,231.07599426333798,225.64182074246605,220.2076472242616,214.77347373024392,216.78698135844894,212.27877391895038,207.77056640483875,203.26235888875902,198.61657202973882,194.5021675568024,190.26616226300925,185.9165454244555,181.46130633074162,207.6454739003812,258.91633822177886,291.9419807232579,359.4358533527295,351.8724365118594,341.75387292983635,335.3296683132277,330.1133428170671,325.47329799836484,321.78543575647757,317.89336647641403,314.4372077552955,310.3945704346044,305.44160062421264,334.60072980350526
photovoltaics,FI,3.563732032460997,4.494362234020743,4.494362234147243,4.38871092192111,4.283059609663451,4.177408297456368,4.0923201102436355,4.007231923079284,3.922143735891539,3.837055548743646,3.7505800306055,3.6752428749912327,3.5986795518157355,3.5209706428368155,3.4421967297392815,3.3624383942276572,3.291902208129511,3.2216891029164847,3.151799078647796,3.0822321353319238,3.012988272885237,2.9734911103966772,2.9341610802097704,2.8949981823186715,2.817856268448781,2.7492628085236417,2.6025696548155444,2.2613434842097293,1.8068442716505284,1.2056053230946626
photovoltaics,FR,127.34625852690785,159.8627283130593,159.8627283134213,156.10387153658093,152.34501476088468,148.5861579841379,145.559370780871,142.5325835772031,139.5057963737027,136.47900917000942,133.43708846071738,130.82424942402437,128.1980346642211,125.559323071918,122.90899353975244,120.24792495881985,117.94023493902435,115.4635890928316,112.38999437250189,108.55735353102942,100.1354882406744,84.40852470850494,74.68878156618149,68.80933461955885,60.76447778842851,53.30992417711645,48.378398763679776,41.4213784653226,34.693885698259265,27.350434142934823
photovoltaics,HR,11.169060352381475,11.21563020234895,11.215630203789836,10.951914566336017,10.688198931347245,11.119380222950364,12.545922737445679,12.285039726793359,12.024156747050938,11.763273743276176,11.502390724051295,11.279721445773498,11.05705218530049,22.452832576100587,26.41891191852456,30.435686772309097,29.875371941378877,29.315057093984144,28.754742250782716,28.19442747342431,44.843834283820485,122.07198974955486,120.77681314904115,119.48235934869689,118.18790287837665,117.59511902584991,116.46717220493993,115.69771123736442,116.8878910528438,122.54010858048734
photovoltaics,HU,24.783922239321978,34.427839108917425,34.42783910924721,33.61835088535626,32.80886266151521,31.99937443764838,31.347533141195196,30.695691844720702,30.043850548271404,29.39200925178809,28.740167955363987,28.18379199256916,27.627416029821504,27.071040067096646,26.51466410448156,25.958288141914682,25.480380575680677,25.002473009434834,24.524565442879762,24.046657876912896,23.560780779428207,23.295509146430614,22.93828911523223,22.527293658461158,21.969205035341314,21.1106008611014,20.45277941137927,19.434480917355536,16.844216837951706,11.306832866190218
photovoltaics,IE,0.9773575538431047,1.675470092185123,1.675470092388919,1.636081618607902,1.5966931448599613,1.5573046711547018,1.525583711749415,1.4938627523688124,1.4621417930184575,1.4304208337065185,1.398699874436777,1.3716201413195466,1.3445404082346537,1.3174606751809348,1.2903809421646009,1.2633012091964235,1.240037063075237,1.216772916967803,1.1935087709436107,1.170244625008665,1.1469804791549045,1.134945861807978,1.1229112446255474,1.1108766280210436,1.0988420120944715,1.0868073965491512,1.0763835639561719,1.0659597316879192,1.0555359005710958,0.8418958449219572
photovoltaics,IT,709.692308724594,720.5919520379622,720.5919520429168,703.6474589819555,686.7029659095033,732.8393206497637,717.9105276730337,702.9817346824785,688.0529416903177,673.1241486905334,658.1738306326913,645.3908130667332,632.5887704776652,619.7689529062692,606.9326103938075,594.0809929788951,583.0116124931824,571.4857678398048,775.590671053603,783.2301355099952,745.2937545406279,1233.3862688534275,1275.9927895140333,1420.6665188587413,1508.9430310989446,1494.6305270735159,1477.5302729179239,1460.194356940593,1442.7174908997906,1424.3606996177516
photovoltaics,LT,1.1985764033090303,1.966596234485166,1.966596234667144,1.9203619991781222,1.8741277636681277,1.8278935281649902,1.7906603504097534,1.7534271725935069,1.7161939948936458,1.6789608171798123,1.6417276393415865,1.6099434310079355,1.578159222697742,1.5463750144087254,1.5145908061388624,1.4828065978010487,1.455501835823472,1.4281970738399132,1.4008923119040906,1.3735875500326626,1.3462827882178168,1.3321580211855513,1.3180332543836906,1.3039084875985099,1.2897837209959964,0.7623760658245365,0.7475888204537205,0.6589113713056592,0.6378064749192003,0.6315085790516342
photovoltaics,LU,3.5114142714808336e-08,3.7975506934908655e-08,4.1349583984149694e-08,4.331351356419206e-08,4.7232661095783066e-08,5.328568376720549e-08,5.733764727856378e-08,6.004541670615217e-08,6.270687544149009e-08,6.54716546244223e-08,7.087595543190031e-08,7.718806752306959e-08,8.39024185274878e-08,9.17783830272471e-08,1.0121271480939254e-07,1.1345483186973933e-07,1.2256535535025424e-07,1.2997560157159192e-07,1.3639791807472754e-07,1.4188919890600845e-07,1.4970129228174862e-07,1.6018054693127595e-07,1.7170140654207443e-07,1.8429798814807426e-07,1.9743292073637947e-07,2.1477341872644555e-07,2.346050013106449e-07,2.5537026865942935e-07,2.8594872531100527e-07,3.4109256583627016e-07
photovoltaics,LV,2.6841021699082886e-08,2.8892356522197687e-08,3.0715385031949085e-08,3.2698229148913074e-08,3.6970601806021725e-08,4.189677390898933e-08,4.478813092556514e-08,4.648793813149281e-08,4.81725931238652e-08,4.976828519066431e-08,5.195256635018464e-08,5.439529700101113e-08,5.7270675858807714e-08,6.073113964246475e-08,6.540569197560249e-08,7.006568063830648e-08,7.406337002592688e-08,7.752862536312363e-08,8.03940734265002e-08,8.350549510356147e-08,8.72764582353797e-08,9.244563329209552e-08,9.69667704115857e-08,1.0151777515561696e-07,1.0677221307374616e-07,1.117745866627022e-07,1.1781902632820006e-07,1.2584656832163974e-07,1.3751264357118182e-07,1.5904592392396333e-07
photovoltaics,NL,121.33284075025259,165.33938708469344,165.3393870849852,161.4520786724898,157.5647702590868,153.67746184709054,150.5470665204347,147.4166711954143,144.2862758689974,141.15588054267025,138.0234031891031,135.34724518311646,132.66924699147853,129.9895295360848,127.30821373821887,124.62542051912662,122.31782687034388,120.01156320072765,117.68087931938776,115.30040270591816,112.84370669197601,111.18686723952794,108.31537119965084,104.2639569536718,101.03545018955496,96.40335495263754,91.48603980230003,84.86143232032543,72.22629662123663,52.861707823015045
photovoltaics,NO,1.8322033663174084,2.5883508013313694,2.5883508014766825,2.5275048454969196,2.466658889516439,2.405812933570866,2.356809680327041,2.3078064271179826,2.2588031739044667,2.2097999207209607,2.1607966675532873,2.118960873305833,2.0771250790801465,2.035289284882691,1.9934534907153658,1.95161769657318,1.9156747021158922,1.8797317076553832,1.8437887132513087,1.8078457189171315,1.7719027245780676,1.7533091514095818,1.7347155783165746,1.7161220054006137,1.6975284325774798,1.678934860087408,1.5806219425439954,1.4320944499967172,1.2458654179448108,0.8634919946998254
photovoltaics,PL,45.73996721216999,90.54769968454654,90.54769968473545,88.41885155619143,86.29000342607601,84.1611552948433,82.4468091984654,80.7324631018044,79.01811700537692,77.30377090892806,75.58942481245055,74.12603469761775,72.66264458301151,71.19925446827635,69.73586435375368,68.27247423920575,67.01537767106122,65.75828110299157,64.50118453498506,63.24408796726994,61.986991399780784,61.336698724481934,60.68640604938423,60.036113374652835,59.29422421176125,57.98058236737223,56.68362774497556,55.535045719748226,53.45232704305436,47.044079982163304
photovoltaics,PT,41.71951087375287,49.88491849404639,49.88491849675813,48.71179223866983,47.53866598258909,46.36553975011426,61.95747414881572,68.3151776293675,66.86435880492834,65.41353997539575,63.96216596141287,62.722970932500985,61.48328479410509,60.243139823397286,59.00256833471674,92.90594424832746,91.19252642476663,89.38111022412794,88.70747248711677,86.58883030847718,86.49524997307846,96.78995090286217,95.22559810020186,93.78091254781785,91.85224017402582,90.58289625580053,89.22098600959325,87.87604329054565,86.37171561591117,85.51959613242781
photovoltaics,RO,16.254752985051027,16.60402186911803,16.604021870010754,16.21360940500358,15.823196940369597,15.432784476061869,15.118409070898092,14.804033665636672,14.489658260615625,14.175282856023207,13.860907451743945,13.592580080943254,13.324252710141263,13.055925341281482,12.787597976494245,12.519270628566256,12.28879186230464,13.366323203417501,13.110843650211391,12.855363961131324,14.19667444156652,14.047776346084976,17.67045373049242,11.066354075478529,10.946509093206474,22.169383869858436,21.430286291909642,21.200639053451177,20.98242871628596,20.717229331735876
photovoltaics,SE,13.706806249623874,19.558385555268718,19.55838555540292,19.098610802525315,18.638836049660842,18.179061296769795,17.80877644671507,17.438491596640034,17.06820674657623,16.697921896530467,16.326786578817174,16.00901258537963,15.690486920697843,15.371258982920638,15.051378170284874,14.730893881006203,14.454320312285823,14.171363440357736,13.886486244948795,13.608846505643243,13.316884971685337,13.143181664898087,12.93799833794289,12.652157918365681,12.238735734185953,11.758623764065128,11.054068123535071,10.109925919732945,8.691857844530919,6.523552736052232
photovoltaics,SI,4.234212233637146,4.618387088284084,4.618387088816488,4.509796110856824,4.401205133047449,4.292614155441937,4.205171507071946,4.117728858701355,4.030286210379179,3.9428435620855766,3.8551093623528185,3.7799074219913176,3.704447794771704,3.6287474129122663,3.552823208719018,3.4766921145297602,3.410875401733778,3.341829304332017,3.2613670630138443,3.1375039606906436,2.9282278776157136,2.5268657923823215,1.4738938646981683,1.2118693592390972,1.1529330066153025,1.087448073553924,1.0246676786104105,0.9036453774130647,0.7847950119340905,0.6681167369966238
photovoltaics,SK,6.629312962448366,6.687517056256256,6.6875170569346425,6.53027846518884,6.373039873730999,6.21580128265197,6.089183455418459,5.962565628243124,5.835947800931564,5.709329973571393,5.582684381488775,5.474554732892152,5.3664005448801815,5.258223430289016,5.15002500186677,5.041806872518434,4.9488096029400115,4.855768074237857,4.7627349492861395,4.668165896344383,3.2022596425345213,29.100763169792504,28.65183985177258,28.175052567129647,27.839368544083726,28.52874828564278,32.915207092861834,52.18327027784259,95.25495547447845,94.31467238239323
photovoltaics,UK,159.32540697150063,165.72490874405713,165.7249087444918,161.82887238997063,157.93283603545083,154.0367996803636,150.8991942582707,147.76158883553137,144.6239834128127,141.48637799014145,138.34407822407238,135.6564506153346,132.96467397421387,130.26902095583688,127.56976421695587,124.86717641159666,122.5385933400841,120.20724171068966,117.87248933874314,115.54240943615694,112.59425553049068,104.24415253535922,97.10015725336054,87.56062864218201,66.99230302846325,33.93852219923231,17.517552684057588,10.35299409329889,8.0830727116726,6.019102055352453
power_line,AT-CH,0.0,0.0,0.0,0.0,0.0,0.0,0.0,0.0,0.0,0.0,0.0,0.0,0.0,0.0,0.0,0.0,0.0,0.0,0.0,0.0,0.0,0.0,0.0,0.0,0.0,0.0,0.0,0.0,0.0,0.0
power_line,AT-CZ,0.0,0.0,0.0,0.0,0.0,0.0,0.0,0.0,0.0,0.0,0.0,0.0,0.0,0.0,0.0,0.0,0.0,0.0,0.0,0.0,0.0,0.0,0.0,0.0,0.0,0.0,0.0,0.0,0.0,0.0
power_line,AT-DE,0.0,0.0,0.0,0.0,0.0,0.0,0.0,0.0,0.0,0.0,0.0,0.0,0.0,0.0,0.0,0.0,0.0,0.0,0.0,0.0,0.0,0.0,0.0,0.0,0.0,0.0,0.0,0.0,0.0,0.0
power_line,AT-HU,0.0,0.0,0.0,0.0,0.0,0.0,0.0,0.0,0.0,0.0,0.0,0.0,0.0,0.0,0.0,0.0,0.0,0.0,0.0,0.0,0.0,0.0,0.0,0.0,0.0,0.0,0.0,0.0,0.0,0.0
power_line,AT-IT,0.0,0.0,0.0,0.0,0.0,0.0,0.0,0.0,0.0,0.0,0.0,0.0,0.0,0.0,0.0,0.0,0.0,0.0,0.0,0.0,0.0,0.0,0.0,0.0,0.0,0.0,0.0,0.0,0.0,0.0
power_line,AT-SI,0.0,0.0,0.0,0.0,0.0,0.0,0.0,0.0,0.0,0.0,0.0,0.0,0.0,0.0,0.0,0.0,0.0,0.0,0.0,0.0,0.0,0.0,0.0,0.0,0.0,0.0,0.0,0.0,0.0,0.0
power_line,AT-SK,0.0,0.0,0.0,0.0,0.0,0.0,0.0,0.0,0.0,0.0,0.0,0.0,0.0,0.0,0.0,0.0,0.0,0.0,0.0,0.0,0.0,0.0,0.0,0.0,0.0,0.0,0.0,0.0,0.0,0.0
power_line,BE-DE,0.0,0.0,0.0,0.0,0.0,0.0,0.0,0.0,0.0,0.0,0.0,0.0,0.0,0.0,0.0,0.0,0.0,0.0,0.0,0.0,0.0,0.0,0.0,0.0,0.0,0.0,0.0,0.0,0.0,0.0
power_line,BE-FR,0.0,0.0,0.0,0.0,0.0,0.0,0.0,0.0,0.0,0.0,0.0,0.0,0.0,0.0,0.0,0.0,0.0,0.0,0.0,0.0,0.0,0.0,0.0,0.0,0.0,0.0,0.0,0.0,0.0,0.0
power_line,BE-LU,0.0,0.0,0.0,0.0,0.0,0.0,0.0,0.0,0.0,0.0,0.0,0.0,0.0,0.0,0.0,0.0,0.0,0.0,0.0,0.0,0.0,0.0,0.0,0.0,0.0,0.0,0.0,0.0,0.0,0.0
power_line,BE-NL,0.0,0.0,0.0,0.0,0.0,0.0,0.0,0.0,0.0,0.0,0.0,0.0,0.0,0.0,0.0,0.0,0.0,0.0,0.0,0.0,0.0,0.0,0.0,0.0,0.0,0.0,0.0,0.0,0.0,0.0
power_line,BE-NO,0.0,0.0,0.0,0.0,0.0,0.0,0.0,0.0,0.0,0.0,0.0,0.0,0.0,0.0,0.0,0.0,0.0,0.0,0.0,0.0,0.0,0.0,0.0,0.0,0.0,0.0,0.0,0.0,0.0,0.0
power_line,BE-UK,0.0,0.0,0.0,0.0,0.0,0.0,0.0,0.0,0.0,0.0,0.0,0.0,0.0,0.0,0.0,0.0,0.0,0.0,0.0,0.0,0.0,0.0,0.0,0.0,0.0,0.0,0.0,0.0,0.0,0.0
power_line,BG-EL,0.0,0.0,0.0,0.0,0.0,0.0,0.0,0.0,0.0,0.0,0.0,0.0,0.0,0.0,0.0,0.0,0.0,0.0,0.0,0.0,0.0,0.0,0.0,0.0,0.0,0.0,0.0,0.0,0.0,0.0
power_line,BG-RO,0.0,0.0,0.0,0.0,0.0,0.0,0.0,0.0,0.0,0.0,0.0,0.0,0.0,0.0,0.0,0.0,0.0,0.0,0.0,0.0,0.0,0.0,0.0,0.0,0.0,0.0,0.0,0.0,0.0,0.0
power_line,CH-AT,0.0,0.0,0.0,0.0,0.0,0.0,0.0,0.0,0.0,0.0,0.0,0.0,0.0,0.0,0.0,0.0,0.0,0.0,0.0,0.0,0.0,0.0,0.0,0.0,0.0,0.0,0.0,0.0,0.0,0.0
power_line,CH-DE,0.0,0.0,0.0,0.0,0.0,0.0,0.0,0.0,0.0,0.0,0.0,0.0,0.0,0.0,0.0,0.0,0.0,0.0,0.0,0.0,0.0,0.0,0.0,0.0,0.0,0.0,0.0,0.0,0.0,0.0
power_line,CH-FR,0.0,0.0,0.0,0.0,0.0,0.0,0.0,0.0,0.0,0.0,0.0,0.0,0.0,0.0,0.0,0.0,0.0,0.0,0.0,0.0,0.0,0.0,0.0,0.0,0.0,0.0,0.0,0.0,0.0,0.0
power_line,CH-IT,0.0,0.0,0.0,0.0,0.0,0.0,0.0,0.0,0.0,0.0,0.0,0.0,0.0,0.0,0.0,0.0,0.0,0.0,0.0,0.0,0.0,0.0,0.0,0.0,0.0,0.0,0.0,0.0,0.0,0.0
power_line,CZ-AT,0.0,0.0,0.0,0.0,0.0,0.0,0.0,0.0,0.0,0.0,0.0,0.0,0.0,0.0,0.0,0.0,0.0,0.0,0.0,0.0,0.0,0.0,0.0,0.0,0.0,0.0,0.0,0.0,0.0,0.0
power_line,CZ-DE,0.0,0.0,0.0,0.0,0.0,0.0,0.0,0.0,0.0,0.0,0.0,0.0,0.0,0.0,0.0,0.0,0.0,0.0,0.0,0.0,0.0,0.0,0.0,0.0,0.0,0.0,0.0,0.0,0.0,0.0
power_line,CZ-PL,0.0,0.0,0.0,0.0,0.0,0.0,0.0,0.0,0.0,0.0,0.0,0.0,0.0,0.0,0.0,0.0,0.0,0.0,0.0,0.0,0.0,0.0,0.0,0.0,0.0,0.0,0.0,0.0,0.0,0.0
power_line,CZ-SK,0.0,0.0,0.0,0.0,0.0,0.0,0.0,0.0,0.0,0.0,0.0,0.0,0.0,0.0,0.0,0.0,0.0,0.0,0.0,0.0,0.0,0.0,0.0,0.0,0.0,0.0,0.0,0.0,0.0,0.0
power_line,DE-AT,0.0,0.0,0.0,0.0,0.0,0.0,0.0,0.0,0.0,0.0,0.0,0.0,0.0,0.0,0.0,0.0,0.0,0.0,0.0,0.0,0.0,0.0,0.0,0.0,0.0,0.0,0.0,0.0,0.0,0.0
power_line,DE-BE,0.0,0.0,0.0,0.0,0.0,0.0,0.0,0.0,0.0,0.0,0.0,0.0,0.0,0.0,0.0,0.0,0.0,0.0,0.0,0.0,0.0,0.0,0.0,0.0,0.0,0.0,0.0,0.0,0.0,0.0
power_line,DE-CH,0.0,0.0,0.0,0.0,0.0,0.0,0.0,0.0,0.0,0.0,0.0,0.0,0.0,0.0,0.0,0.0,0.0,0.0,0.0,0.0,0.0,0.0,0.0,0.0,0.0,0.0,0.0,0.0,0.0,0.0
power_line,DE-CZ,0.0,0.0,0.0,0.0,0.0,0.0,0.0,0.0,0.0,0.0,0.0,0.0,0.0,0.0,0.0,0.0,0.0,0.0,0.0,0.0,0.0,0.0,0.0,0.0,0.0,0.0,0.0,0.0,0.0,0.0
power_line,DE-DK,0.0,0.0,0.0,0.0,0.0,0.0,0.0,0.0,0.0,0.0,0.0,0.0,0.0,0.0,0.0,0.0,0.0,0.0,0.0,0.0,0.0,0.0,0.0,0.0,0.0,0.0,0.0,0.0,0.0,0.0
power_line,DE-FR,0.0,0.0,0.0,0.0,0.0,0.0,0.0,0.0,0.0,0.0,0.0,0.0,0.0,0.0,0.0,0.0,0.0,0.0,0.0,0.0,0.0,0.0,0.0,0.0,0.0,0.0,0.0,0.0,0.0,0.0
power_line,DE-LU,0.0,0.0,0.0,0.0,0.0,0.0,0.0,0.0,0.0,0.0,0.0,0.0,0.0,0.0,0.0,0.0,0.0,0.0,0.0,0.0,0.0,0.0,0.0,0.0,0.0,0.0,0.0,0.0,0.0,0.0
power_line,DE-NL,0.0,0.0,0.0,0.0,0.0,0.0,0.0,0.0,0.0,0.0,0.0,0.0,0.0,0.0,0.0,0.0,0.0,0.0,0.0,0.0,0.0,0.0,0.0,0.0,0.0,0.0,0.0,0.0,0.0,0.0
power_line,DE-NO,0.0,0.0,0.0,0.0,0.0,0.0,0.0,0.0,0.0,0.0,0.0,0.0,0.0,0.0,0.0,0.0,0.0,0.0,0.0,0.0,0.0,0.0,0.0,0.0,0.0,0.0,0.0,0.0,0.0,0.0
power_line,DE-PL,0.0,0.0,0.0,0.0,0.0,0.0,0.0,0.0,0.0,0.0,0.0,0.0,0.0,0.0,0.0,0.0,0.0,0.0,0.0,0.0,0.0,0.0,0.0,0.0,0.0,0.0,0.0,0.0,0.0,0.0
power_line,DE-SE,0.0,0.0,0.0,0.0,0.0,0.0,0.0,0.0,0.0,0.0,0.0,0.0,0.0,0.0,0.0,0.0,0.0,0.0,0.0,0.0,0.0,0.0,0.0,0.0,0.0,0.0,0.0,0.0,0.0,0.0
power_line,DE-UK,0.0,0.0,0.0,0.0,0.0,0.0,0.0,0.0,0.0,0.0,0.0,0.0,0.0,0.0,0.0,0.0,0.0,0.0,0.0,0.0,0.0,0.0,0.0,0.0,0.0,0.0,0.0,0.0,0.0,0.0
power_line,DK-DE,0.0,0.0,0.0,0.0,0.0,0.0,0.0,0.0,0.0,0.0,0.0,0.0,0.0,0.0,0.0,0.0,0.0,0.0,0.0,0.0,0.0,0.0,0.0,0.0,0.0,0.0,0.0,0.0,0.0,0.0
power_line,DK-NL,0.0,0.0,0.0,0.0,0.0,0.0,0.0,0.0,0.0,0.0,0.0,0.0,0.0,0.0,0.0,0.0,0.0,0.0,0.0,0.0,0.0,0.0,0.0,0.0,0.0,0.0,0.0,0.0,0.0,0.0
power_line,DK-NO,0.0,0.0,0.0,0.0,0.0,0.0,0.0,0.0,0.0,0.0,0.0,0.0,0.0,0.0,0.0,0.0,0.0,0.0,0.0,0.0,0.0,0.0,0.0,0.0,0.0,0.0,0.0,0.0,0.0,0.0
power_line,DK-SE,0.0,0.0,0.0,0.0,0.0,0.0,0.0,0.0,0.0,0.0,0.0,0.0,0.0,0.0,0.0,0.0,0.0,0.0,0.0,0.0,0.0,0.0,0.0,0.0,0.0,0.0,0.0,0.0,0.0,0.0
power_line,DK-UK,0.0,0.0,0.0,0.0,0.0,0.0,0.0,0.0,0.0,0.0,0.0,0.0,0.0,0.0,0.0,0.0,0.0,0.0,0.0,0.0,0.0,0.0,0.0,0.0,0.0,0.0,0.0,0.0,0.0,0.0
power_line,EE-FI,0.0,0.0,0.0,0.0,0.0,0.0,0.0,0.0,0.0,0.0,0.0,0.0,0.0,0.0,0.0,0.0,0.0,0.0,0.0,0.0,0.0,0.0,0.0,0.0,0.0,0.0,0.0,0.0,0.0,0.0
power_line,EE-LV,0.0,0.0,0.0,0.0,0.0,0.0,0.0,0.0,0.0,0.0,0.0,0.0,0.0,0.0,0.0,0.0,0.0,0.0,0.0,0.0,0.0,0.0,0.0,0.0,0.0,0.0,0.0,0.0,0.0,0.0
power_line,EL-BG,0.0,0.0,0.0,0.0,0.0,0.0,0.0,0.0,0.0,0.0,0.0,0.0,0.0,0.0,0.0,0.0,0.0,0.0,0.0,0.0,0.0,0.0,0.0,0.0,0.0,0.0,0.0,0.0,0.0,0.0
power_line,EL-IT,0.0,0.0,0.0,0.0,0.0,0.0,0.0,0.0,0.0,0.0,0.0,0.0,0.0,0.0,0.0,0.0,0.0,0.0,0.0,0.0,0.0,0.0,0.0,0.0,0.0,0.0,0.0,0.0,0.0,0.0
power_line,ES-FR,0.0,0.0,0.0,0.0,0.0,0.0,0.0,0.0,0.0,0.0,0.0,0.0,0.0,0.0,0.0,0.0,0.0,0.0,0.0,0.0,0.0,0.0,0.0,0.0,0.0,0.0,0.0,0.0,0.0,0.0
power_line,ES-PT,0.0,0.0,0.0,0.0,0.0,0.0,0.0,0.0,0.0,0.0,0.0,0.0,0.0,0.0,0.0,0.0,0.0,0.0,0.0,0.0,0.0,0.0,0.0,0.0,0.0,0.0,0.0,0.0,0.0,0.0
power_line,FI-EE,0.0,0.0,0.0,0.0,0.0,0.0,0.0,0.0,0.0,0.0,0.0,0.0,0.0,0.0,0.0,0.0,0.0,0.0,0.0,0.0,0.0,0.0,0.0,0.0,0.0,0.0,0.0,0.0,0.0,0.0
power_line,FI-NO,0.0,0.0,0.0,0.0,0.0,0.0,0.0,0.0,0.0,0.0,0.0,0.0,0.0,0.0,0.0,0.0,0.0,0.0,0.0,0.0,0.0,0.0,0.0,0.0,0.0,0.0,0.0,0.0,0.0,0.0
power_line,FI-SE,0.0,0.0,0.0,0.0,0.0,0.0,0.0,0.0,0.0,0.0,0.0,0.0,0.0,0.0,0.0,0.0,0.0,0.0,0.0,0.0,0.0,0.0,0.0,0.0,0.0,0.0,0.0,0.0,0.0,0.0
power_line,FR-BE,0.0,0.0,0.0,0.0,0.0,0.0,0.0,0.0,0.0,0.0,0.0,0.0,0.0,0.0,0.0,0.0,0.0,0.0,0.0,0.0,0.0,0.0,0.0,0.0,0.0,0.0,0.0,0.0,0.0,0.0
power_line,FR-CH,0.0,0.0,0.0,0.0,0.0,0.0,0.0,0.0,0.0,0.0,0.0,0.0,0.0,0.0,0.0,0.0,0.0,0.0,0.0,0.0,0.0,0.0,0.0,0.0,0.0,0.0,0.0,0.0,0.0,0.0
power_line,FR-DE,0.0,0.0,0.0,0.0,0.0,0.0,0.0,0.0,0.0,0.0,0.0,0.0,0.0,0.0,0.0,0.0,0.0,0.0,0.0,0.0,0.0,0.0,0.0,0.0,0.0,0.0,0.0,0.0,0.0,0.0
power_line,FR-ES,0.0,0.0,0.0,0.0,0.0,0.0,0.0,0.0,0.0,0.0,0.0,0.0,0.0,0.0,0.0,0.0,0.0,0.0,0.0,0.0,0.0,0.0,0.0,0.0,0.0,0.0,0.0,0.0,0.0,0.0
power_line,FR-IT,0.0,0.0,0.0,0.0,0.0,0.0,0.0,0.0,0.0,0.0,0.0,0.0,0.0,0.0,0.0,0.0,0.0,0.0,0.0,0.0,0.0,0.0,0.0,0.0,0.0,0.0,0.0,0.0,0.0,0.0
power_line,FR-LU,0.0,0.0,0.0,0.0,0.0,0.0,0.0,0.0,0.0,0.0,0.0,0.0,0.0,0.0,0.0,0.0,0.0,0.0,0.0,0.0,0.0,0.0,0.0,0.0,0.0,0.0,0.0,0.0,0.0,0.0
power_line,FR-NO,0.0,0.0,0.0,0.0,0.0,0.0,0.0,0.0,0.0,0.0,0.0,0.0,0.0,0.0,0.0,0.0,0.0,0.0,0.0,0.0,0.0,0.0,0.0,0.0,0.0,0.0,0.0,0.0,0.0,0.0
power_line,FR-UK,0.0,0.0,0.0,0.0,0.0,0.0,0.0,0.0,0.0,0.0,0.0,0.0,0.0,0.0,0.0,0.0,0.0,0.0,0.0,0.0,0.0,0.0,0.0,0.0,0.0,0.0,0.0,0.0,0.0,0.0
power_line,HR-HU,0.0,0.0,0.0,0.0,0.0,0.0,0.0,0.0,0.0,0.0,0.0,0.0,0.0,0.0,0.0,0.0,0.0,0.0,0.0,0.0,0.0,0.0,0.0,0.0,0.0,0.0,0.0,0.0,0.0,0.0
power_line,HR-SI,0.0,0.0,0.0,0.0,0.0,0.0,0.0,0.0,0.0,0.0,0.0,0.0,0.0,0.0,0.0,0.0,0.0,0.0,0.0,0.0,0.0,0.0,0.0,0.0,0.0,0.0,0.0,0.0,0.0,0.0
power_line,HU-AT,0.0,0.0,0.0,0.0,0.0,0.0,0.0,0.0,0.0,0.0,0.0,0.0,0.0,0.0,0.0,0.0,0.0,0.0,0.0,0.0,0.0,0.0,0.0,0.0,0.0,0.0,0.0,0.0,0.0,0.0
power_line,HU-HR,0.0,0.0,0.0,0.0,0.0,0.0,0.0,0.0,0.0,0.0,0.0,0.0,0.0,0.0,0.0,0.0,0.0,0.0,0.0,0.0,0.0,0.0,0.0,0.0,0.0,0.0,0.0,0.0,0.0,0.0
power_line,HU-RO,0.0,0.0,0.0,0.0,0.0,0.0,0.0,0.0,0.0,0.0,0.0,0.0,0.0,0.0,0.0,0.0,0.0,0.0,0.0,0.0,0.0,0.0,0.0,0.0,0.0,0.0,0.0,0.0,0.0,0.0
power_line,HU-SI,0.0,0.0,0.0,0.0,0.0,0.0,0.0,0.0,0.0,0.0,0.0,0.0,0.0,0.0,0.0,0.0,0.0,0.0,0.0,0.0,0.0,0.0,0.0,0.0,0.0,0.0,0.0,0.0,0.0,0.0
power_line,HU-SK,0.0,0.0,0.0,0.0,0.0,0.0,0.0,0.0,0.0,0.0,0.0,0.0,0.0,0.0,0.0,0.0,0.0,0.0,0.0,0.0,0.0,0.0,0.0,0.0,0.0,0.0,0.0,0.0,0.0,0.0
power_line,IE-UK,0.0,0.0,0.0,0.0,0.0,0.0,0.0,0.0,0.0,0.0,0.0,0.0,0.0,0.0,0.0,0.0,0.0,0.0,0.0,0.0,0.0,0.0,0.0,0.0,0.0,0.0,0.0,0.0,0.0,0.0
power_line,IT-AT,0.0,0.0,0.0,0.0,0.0,0.0,0.0,0.0,0.0,0.0,0.0,0.0,0.0,0.0,0.0,0.0,0.0,0.0,0.0,0.0,0.0,0.0,0.0,0.0,0.0,0.0,0.0,0.0,0.0,0.0
power_line,IT-CH,0.0,0.0,0.0,0.0,0.0,0.0,0.0,0.0,0.0,0.0,0.0,0.0,0.0,0.0,0.0,0.0,0.0,0.0,0.0,0.0,0.0,0.0,0.0,0.0,0.0,0.0,0.0,0.0,0.0,0.0
power_line,IT-EL,0.0,0.0,0.0,0.0,0.0,0.0,0.0,0.0,0.0,0.0,0.0,0.0,0.0,0.0,0.0,0.0,0.0,0.0,0.0,0.0,0.0,0.0,0.0,0.0,0.0,0.0,0.0,0.0,0.0,0.0
power_line,IT-FR,0.0,0.0,0.0,0.0,0.0,0.0,0.0,0.0,0.0,0.0,0.0,0.0,0.0,0.0,0.0,0.0,0.0,0.0,0.0,0.0,0.0,0.0,0.0,0.0,0.0,0.0,0.0,0.0,0.0,0.0
power_line,IT-SI,0.0,0.0,0.0,0.0,0.0,0.0,0.0,0.0,0.0,0.0,0.0,0.0,0.0,0.0,0.0,0.0,0.0,0.0,0.0,0.0,0.0,0.0,0.0,0.0,0.0,0.0,0.0,0.0,0.0,0.0
power_line,LT-LV,0.0,0.0,0.0,0.0,0.0,0.0,0.0,0.0,0.0,0.0,0.0,0.0,0.0,0.0,0.0,0.0,0.0,0.0,0.0,0.0,0.0,0.0,0.0,0.0,0.0,0.0,0.0,0.0,0.0,0.0
power_line,LT-PL,0.0,0.0,0.0,0.0,0.0,0.0,0.0,0.0,0.0,0.0,0.0,0.0,0.0,0.0,0.0,0.0,0.0,0.0,0.0,0.0,0.0,0.0,0.0,0.0,0.0,0.0,0.0,0.0,0.0,0.0
power_line,LT-SE,0.0,0.0,0.0,0.0,0.0,0.0,0.0,0.0,0.0,0.0,0.0,0.0,0.0,0.0,0.0,0.0,0.0,0.0,0.0,0.0,0.0,0.0,0.0,0.0,0.0,0.0,0.0,0.0,0.0,0.0
power_line,LU-BE,0.0,0.0,0.0,0.0,0.0,0.0,0.0,0.0,0.0,0.0,0.0,0.0,0.0,0.0,0.0,0.0,0.0,0.0,0.0,0.0,0.0,0.0,0.0,0.0,0.0,0.0,0.0,0.0,0.0,0.0
power_line,LU-DE,0.0,0.0,0.0,0.0,0.0,0.0,0.0,0.0,0.0,0.0,0.0,0.0,0.0,0.0,0.0,0.0,0.0,0.0,0.0,0.0,0.0,0.0,0.0,0.0,0.0,0.0,0.0,0.0,0.0,0.0
power_line,LU-FR,0.0,0.0,0.0,0.0,0.0,0.0,0.0,0.0,0.0,0.0,0.0,0.0,0.0,0.0,0.0,0.0,0.0,0.0,0.0,0.0,0.0,0.0,0.0,0.0,0.0,0.0,0.0,0.0,0.0,0.0
power_line,LV-EE,0.0,0.0,0.0,0.0,0.0,0.0,0.0,0.0,0.0,0.0,0.0,0.0,0.0,0.0,0.0,0.0,0.0,0.0,0.0,0.0,0.0,0.0,0.0,0.0,0.0,0.0,0.0,0.0,0.0,0.0
power_line,LV-LT,0.0,0.0,0.0,0.0,0.0,0.0,0.0,0.0,0.0,0.0,0.0,0.0,0.0,0.0,0.0,0.0,0.0,0.0,0.0,0.0,0.0,0.0,0.0,0.0,0.0,0.0,0.0,0.0,0.0,0.0
power_line,NL-BE,0.0,0.0,0.0,0.0,0.0,0.0,0.0,0.0,0.0,0.0,0.0,0.0,0.0,0.0,0.0,0.0,0.0,0.0,0.0,0.0,0.0,0.0,0.0,0.0,0.0,0.0,0.0,0.0,0.0,0.0
power_line,NL-DE,0.0,0.0,0.0,0.0,0.0,0.0,0.0,0.0,0.0,0.0,0.0,0.0,0.0,0.0,0.0,0.0,0.0,0.0,0.0,0.0,0.0,0.0,0.0,0.0,0.0,0.0,0.0,0.0,0.0,0.0
power_line,NL-DK,0.0,0.0,0.0,0.0,0.0,0.0,0.0,0.0,0.0,0.0,0.0,0.0,0.0,0.0,0.0,0.0,0.0,0.0,0.0,0.0,0.0,0.0,0.0,0.0,0.0,0.0,0.0,0.0,0.0,0.0
power_line,NL-NO,0.0,0.0,0.0,0.0,0.0,0.0,0.0,0.0,0.0,0.0,0.0,0.0,0.0,0.0,0.0,0.0,0.0,0.0,0.0,0.0,0.0,0.0,0.0,0.0,0.0,0.0,0.0,0.0,0.0,0.0
power_line,NL-UK,0.0,0.0,0.0,0.0,0.0,0.0,0.0,0.0,0.0,0.0,0.0,0.0,0.0,0.0,0.0,0.0,0.0,0.0,0.0,0.0,0.0,0.0,0.0,0.0,0.0,0.0,0.0,0.0,0.0,0.0
power_line,NO-BE,0.0,0.0,0.0,0.0,0.0,0.0,0.0,0.0,0.0,0.0,0.0,0.0,0.0,0.0,0.0,0.0,0.0,0.0,0.0,0.0,0.0,0.0,0.0,0.0,0.0,0.0,0.0,0.0,0.0,0.0
power_line,NO-DE,0.0,0.0,0.0,0.0,0.0,0.0,0.0,0.0,0.0,0.0,0.0,0.0,0.0,0.0,0.0,0.0,0.0,0.0,0.0,0.0,0.0,0.0,0.0,0.0,0.0,0.0,0.0,0.0,0.0,0.0
power_line,NO-DK,0.0,0.0,0.0,0.0,0.0,0.0,0.0,0.0,0.0,0.0,0.0,0.0,0.0,0.0,0.0,0.0,0.0,0.0,0.0,0.0,0.0,0.0,0.0,0.0,0.0,0.0,0.0,0.0,0.0,0.0
power_line,NO-FI,0.0,0.0,0.0,0.0,0.0,0.0,0.0,0.0,0.0,0.0,0.0,0.0,0.0,0.0,0.0,0.0,0.0,0.0,0.0,0.0,0.0,0.0,0.0,0.0,0.0,0.0,0.0,0.0,0.0,0.0
power_line,NO-FR,0.0,0.0,0.0,0.0,0.0,0.0,0.0,0.0,0.0,0.0,0.0,0.0,0.0,0.0,0.0,0.0,0.0,0.0,0.0,0.0,0.0,0.0,0.0,0.0,0.0,0.0,0.0,0.0,0.0,0.0
power_line,NO-NL,0.0,0.0,0.0,0.0,0.0,0.0,0.0,0.0,0.0,0.0,0.0,0.0,0.0,0.0,0.0,0.0,0.0,0.0,0.0,0.0,0.0,0.0,0.0,0.0,0.0,0.0,0.0,0.0,0.0,0.0
power_line,NO-SE,0.0,0.0,0.0,0.0,0.0,0.0,0.0,0.0,0.0,0.0,0.0,0.0,0.0,0.0,0.0,0.0,0.0,0.0,0.0,0.0,0.0,0.0,0.0,0.0,0.0,0.0,0.0,0.0,0.0,0.0
power_line,NO-UK,0.0,0.0,0.0,0.0,0.0,0.0,0.0,0.0,0.0,0.0,0.0,0.0,0.0,0.0,0.0,0.0,0.0,0.0,0.0,0.0,0.0,0.0,0.0,0.0,0.0,0.0,0.0,0.0,0.0,0.0
power_line,PL-CZ,0.0,0.0,0.0,0.0,0.0,0.0,0.0,0.0,0.0,0.0,0.0,0.0,0.0,0.0,0.0,0.0,0.0,0.0,0.0,0.0,0.0,0.0,0.0,0.0,0.0,0.0,0.0,0.0,0.0,0.0
power_line,PL-DE,0.0,0.0,0.0,0.0,0.0,0.0,0.0,0.0,0.0,0.0,0.0,0.0,0.0,0.0,0.0,0.0,0.0,0.0,0.0,0.0,0.0,0.0,0.0,0.0,0.0,0.0,0.0,0.0,0.0,0.0
power_line,PL-LT,0.0,0.0,0.0,0.0,0.0,0.0,0.0,0.0,0.0,0.0,0.0,0.0,0.0,0.0,0.0,0.0,0.0,0.0,0.0,0.0,0.0,0.0,0.0,0.0,0.0,0.0,0.0,0.0,0.0,0.0
power_line,PL-SE,0.0,0.0,0.0,0.0,0.0,0.0,0.0,0.0,0.0,0.0,0.0,0.0,0.0,0.0,0.0,0.0,0.0,0.0,0.0,0.0,0.0,0.0,0.0,0.0,0.0,0.0,0.0,0.0,0.0,0.0
power_line,PL-SK,0.0,0.0,0.0,0.0,0.0,0.0,0.0,0.0,0.0,0.0,0.0,0.0,0.0,0.0,0.0,0.0,0.0,0.0,0.0,0.0,0.0,0.0,0.0,0.0,0.0,0.0,0.0,0.0,0.0,0.0
power_line,PT-ES,0.0,0.0,0.0,0.0,0.0,0.0,0.0,0.0,0.0,0.0,0.0,0.0,0.0,0.0,0.0,0.0,0.0,0.0,0.0,0.0,0.0,0.0,0.0,0.0,0.0,0.0,0.0,0.0,0.0,0.0
power_line,RO-BG,0.0,0.0,0.0,0.0,0.0,0.0,0.0,0.0,0.0,0.0,0.0,0.0,0.0,0.0,0.0,0.0,0.0,0.0,0.0,0.0,0.0,0.0,0.0,0.0,0.0,0.0,0.0,0.0,0.0,0.0
power_line,RO-HU,0.0,0.0,0.0,0.0,0.0,0.0,0.0,0.0,0.0,0.0,0.0,0.0,0.0,0.0,0.0,0.0,0.0,0.0,0.0,0.0,0.0,0.0,0.0,0.0,0.0,0.0,0.0,0.0,0.0,0.0
power_line,SE-DE,0.0,0.0,0.0,0.0,0.0,0.0,0.0,0.0,0.0,0.0,0.0,0.0,0.0,0.0,0.0,0.0,0.0,0.0,0.0,0.0,0.0,0.0,0.0,0.0,0.0,0.0,0.0,0.0,0.0,0.0
power_line,SE-DK,0.0,0.0,0.0,0.0,0.0,0.0,0.0,0.0,0.0,0.0,0.0,0.0,0.0,0.0,0.0,0.0,0.0,0.0,0.0,0.0,0.0,0.0,0.0,0.0,0.0,0.0,0.0,0.0,0.0,0.0
power_line,SE-FI,0.0,0.0,0.0,0.0,0.0,0.0,0.0,0.0,0.0,0.0,0.0,0.0,0.0,0.0,0.0,0.0,0.0,0.0,0.0,0.0,0.0,0.0,0.0,0.0,0.0,0.0,0.0,0.0,0.0,0.0
power_line,SE-LT,0.0,0.0,0.0,0.0,0.0,0.0,0.0,0.0,0.0,0.0,0.0,0.0,0.0,0.0,0.0,0.0,0.0,0.0,0.0,0.0,0.0,0.0,0.0,0.0,0.0,0.0,0.0,0.0,0.0,0.0
power_line,SE-NO,0.0,0.0,0.0,0.0,0.0,0.0,0.0,0.0,0.0,0.0,0.0,0.0,0.0,0.0,0.0,0.0,0.0,0.0,0.0,0.0,0.0,0.0,0.0,0.0,0.0,0.0,0.0,0.0,0.0,0.0
power_line,SE-PL,0.0,0.0,0.0,0.0,0.0,0.0,0.0,0.0,0.0,0.0,0.0,0.0,0.0,0.0,0.0,0.0,0.0,0.0,0.0,0.0,0.0,0.0,0.0,0.0,0.0,0.0,0.0,0.0,0.0,0.0
power_line,SI-AT,0.0,0.0,0.0,0.0,0.0,0.0,0.0,0.0,0.0,0.0,0.0,0.0,0.0,0.0,0.0,0.0,0.0,0.0,0.0,0.0,0.0,0.0,0.0,0.0,0.0,0.0,0.0,0.0,0.0,0.0
power_line,SI-HR,0.0,0.0,0.0,0.0,0.0,0.0,0.0,0.0,0.0,0.0,0.0,0.0,0.0,0.0,0.0,0.0,0.0,0.0,0.0,0.0,0.0,0.0,0.0,0.0,0.0,0.0,0.0,0.0,0.0,0.0
power_line,SI-HU,0.0,0.0,0.0,0.0,0.0,0.0,0.0,0.0,0.0,0.0,0.0,0.0,0.0,0.0,0.0,0.0,0.0,0.0,0.0,0.0,0.0,0.0,0.0,0.0,0.0,0.0,0.0,0.0,0.0,0.0
power_line,SI-IT,0.0,0.0,0.0,0.0,0.0,0.0,0.0,0.0,0.0,0.0,0.0,0.0,0.0,0.0,0.0,0.0,0.0,0.0,0.0,0.0,0.0,0.0,0.0,0.0,0.0,0.0,0.0,0.0,0.0,0.0
power_line,SK-AT,0.0,0.0,0.0,0.0,0.0,0.0,0.0,0.0,0.0,0.0,0.0,0.0,0.0,0.0,0.0,0.0,0.0,0.0,0.0,0.0,0.0,0.0,0.0,0.0,0.0,0.0,0.0,0.0,0.0,0.0
power_line,SK-CZ,0.0,0.0,0.0,0.0,0.0,0.0,0.0,0.0,0.0,0.0,0.0,0.0,0.0,0.0,0.0,0.0,0.0,0.0,0.0,0.0,0.0,0.0,0.0,0.0,0.0,0.0,0.0,0.0,0.0,0.0
power_line,SK-HU,0.0,0.0,0.0,0.0,0.0,0.0,0.0,0.0,0.0,0.0,0.0,0.0,0.0,0.0,0.0,0.0,0.0,0.0,0.0,0.0,0.0,0.0,0.0,0.0,0.0,0.0,0.0,0.0,0.0,0.0
power_line,SK-PL,0.0,0.0,0.0,0.0,0.0,0.0,0.0,0.0,0.0,0.0,0.0,0.0,0.0,0.0,0.0,0.0,0.0,0.0,0.0,0.0,0.0,0.0,0.0,0.0,0.0,0.0,0.0,0.0,0.0,0.0
power_line,UK-BE,0.0,0.0,0.0,0.0,0.0,0.0,0.0,0.0,0.0,0.0,0.0,0.0,0.0,0.0,0.0,0.0,0.0,0.0,0.0,0.0,0.0,0.0,0.0,0.0,0.0,0.0,0.0,0.0,0.0,0.0
power_line,UK-DE,0.0,0.0,0.0,0.0,0.0,0.0,0.0,0.0,0.0,0.0,0.0,0.0,0.0,0.0,0.0,0.0,0.0,0.0,0.0,0.0,0.0,0.0,0.0,0.0,0.0,0.0,0.0,0.0,0.0,0.0
power_line,UK-DK,0.0,0.0,0.0,0.0,0.0,0.0,0.0,0.0,0.0,0.0,0.0,0.0,0.0,0.0,0.0,0.0,0.0,0.0,0.0,0.0,0.0,0.0,0.0,0.0,0.0,0.0,0.0,0.0,0.0,0.0
power_line,UK-FR,0.0,0.0,0.0,0.0,0.0,0.0,0.0,0.0,0.0,0.0,0.0,0.0,0.0,0.0,0.0,0.0,0.0,0.0,0.0,0.0,0.0,0.0,0.0,0.0,0.0,0.0,0.0,0.0,0.0,0.0
power_line,UK-IE,0.0,0.0,0.0,0.0,0.0,0.0,0.0,0.0,0.0,0.0,0.0,0.0,0.0,0.0,0.0,0.0,0.0,0.0,0.0,0.0,0.0,0.0,0.0,0.0,0.0,0.0,0.0,0.0,0.0,0.0
power_line,UK-NL,0.0,0.0,0.0,0.0,0.0,0.0,0.0,0.0,0.0,0.0,0.0,0.0,0.0,0.0,0.0,0.0,0.0,0.0,0.0,0.0,0.0,0.0,0.0,0.0,0.0,0.0,0.0,0.0,0.0,0.0
power_line,UK-NO,0.0,0.0,0.0,0.0,0.0,0.0,0.0,0.0,0.0,0.0,0.0,0.0,0.0,0.0,0.0,0.0,0.0,0.0,0.0,0.0,0.0,0.0,0.0,0.0,0.0,0.0,0.0,0.0,0.0,0.0
pumped_hydro,AT,46.21303210923251,46.213032109783924,46.2130321098689,46.21303210996326,44.33871044652008,42.58580233214878,42.585802332409024,40.83289421850484,40.832894219113804,40.832894219731145,39.92229260240194,40.002137187949494,40.08198177370217,34.58909622579198,28.156166273858286,28.212031684572512,25.997069136701697,25.997069138802942,25.997069140479077,25.99706914221831,25.997069144565952,23.283961978061793,23.329977714034072,20.60047971909731,20.641031845665157,20.681583972944907,20.68158397534049,20.681583978243115,20.68158398260302,20.68158399407226
pumped_hydro,BE,9.92555763522336,9.92555763522336,9.92555763522336,9.92555763522336,6.328681245097687,6.328681245444265,6.328681245669248,6.328681245974931,6.328681246474697,6.328681246981492,6.328681247576492,6.3413386104826355,6.353995973385508,1.0992782802098957,1.1014637265305096,1.1036491722860273,5.725533054867126e-07,5.990873736716757e-07,6.547293839453965e-07,7.333546623456701e-07,7.902714493711282e-07,8.334770343290017e-07,8.649683675113129e-07,8.963620039210585e-07,9.284195641733402e-07,9.69310003349945e-07,1.0180669108252717e-06,1.0724728268739222e-06,1.1413652723924325e-06,1.2685591402699723e-06
pumped_hydro,BG,10.61609719547208,10.61609719547208,10.61609719547208,10.61609719547208,10.61609719547208,10.61609719547208,10.61609719547208,10.61609719547208,10.61609719547208,10.61609719547208,10.61609719547208,10.637329389863249,10.658561584254416,10.679793778645584,10.701025973036753,10.72225816742792,10.72225816742792,10.72225816742792,10.72225816742792,10.72225816742792,10.72225816742792,10.743490361819088,10.764722556210256,10.785954750601423,10.807186944992592,10.82841913938376,10.82841913938376,10.82841913938376,10.82841913938376,10.82841913938376
pumped_hydro,CH,36.26845126452308,35.51991608709365,35.51991608720794,35.519916087357444,35.51991608750796,34.973687714812726,34.97368771493427,34.97368771510884,34.97368771528802,34.97368771545361,34.9736877157467,34.48516513390092,30.5739391532352,30.63484341475333,30.695747677351136,30.75665193998235,26.792652409374444,26.79265240968433,26.79265241130559,26.792652412678237,26.792652413841676,26.84570717247501,26.89876193139892,26.951816690185797,27.004871448812867,27.033679736828862,27.033679738511683,25.640797389736736,25.5892091571324,25.58920916304926
pumped_hydro,CZ,8.89740912305083,8.89740912305083,8.89740912305083,8.89740912305083,8.89740912305083,8.89740912305083,8.89740912305083,8.89740912305083,8.89740912305083,8.89740912305083,8.89740912305083,8.91520394129712,8.932998759543409,5.1446903666688595,5.154918379490926,5.16514639234316,5.165146393865992,5.165146396274298,5.1651463972756275,5.165146397839824,5.165146398267015,5.175374411550371,5.18560242514142,5.195830438802821,5.206058452289993,5.216286466009793,5.216286468079925,5.216286471574747,5.216286475771936,5.21628648398473
pumped_hydro,DE,42.98796774515738,39.82766870192691,39.12801360812984,39.12801360823683,37.91656564152462,37.916565642088976,37.91656564244482,37.91656564262204,37.91656564282207,32.26314179797864,24.27460810401913,20.32090194057008,20.36146262354224,20.402023306306745,11.193779219957092,11.215989099540641,11.21598909973445,11.21598910046671,10.790402163614006,10.790402164640133,10.790402165360419,10.811769299142728,10.833136433203574,10.854503567522494,9.401327838793339,9.4197980318185,9.419798036066563,9.419798038918126,9.419798041381782,9.419798046797828
pumped_hydro,DK,0.0,0.0,0.0,0.0,0.0,0.0,0.0,0.0,0.0,0.0,0.0,0.0,0.0,0.0,0.0,0.0,0.0,0.0,0.0,0.0,0.0,0.0,0.0,0.0,0.0,0.0,0.0,0.0,0.0,0.0
pumped_hydro,EE,0.0,0.0,0.0,0.0,0.0,0.0,0.0,0.0,0.0,0.0,0.0,0.0,0.0,0.0,0.0,0.0,0.0,0.0,0.0,0.0,0.0,0.0,0.0,0.0,0.0,0.0,0.0,0.0,0.0,0.0
pumped_hydro,EL,5.30425442432808,5.30425442432808,5.30425442432808,5.30425442432808,5.30425442432808,5.30425442432808,5.30425442432808,5.30425442432808,5.30425442432808,5.30425442432808,5.30425442432808,5.3148629331768475,5.3254714420256155,5.3360799508743835,5.346688459723151,5.35729696857192,5.35729696857192,5.35729696857192,5.35729696857192,5.35729696857192,2.943064455748841,2.948892306942053,2.9547201587648213,2.960548010711905,2.9663758632959745,2.9722037158069967,2.972203717638342,2.9722037196061057,2.972203724326619,2.97220374529392
pumped_hydro,ES,54.541077602410546,53.24183312798448,52.65452205759117,52.654522057700284,51.836546377263794,46.821562403551624,46.82156240387743,46.82156240402394,43.04482593750636,42.20274150043555,40.55781733219911,38.48087964704535,33.73694172725454,32.5914763190034,32.65627050899435,32.721064697464804,32.72106469773487,26.278425398379635,24.613298816239787,24.613298817706486,19.528392199815407,14.603065613248802,14.63192542762913,14.660785242664419,0.7567644861545281,0.7582512555429216,0.7582512566049031,0.758251260924993,0.7582512737120273,1.286371646107672e-06
pumped_hydro,FI,0.0,0.0,0.0,0.0,0.0,0.0,0.0,0.0,0.0,0.0,0.0,0.0,0.0,0.0,0.0,0.0,0.0,0.0,0.0,0.0,0.0,0.0,0.0,0.0,0.0,0.0,0.0,0.0,0.0,0.0
pumped_hydro,FR,40.24859151163968,40.24859151163968,40.24859151163968,40.24859151163968,40.24859151163968,40.24859151163968,40.24859151163968,40.24859151163968,40.24859151163968,40.24859151163968,40.24859151163968,33.84987614758301,33.91744077077101,33.9850053941763,30.140150514617137,30.199952400769423,30.199952401487497,30.199952402508956,22.84455891807875,22.844558919470657,22.844558920491867,16.878015141608376,16.91137090401529,16.944726667182117,16.978082429580596,17.011438191854264,17.011438193216918,17.011438195054737,17.01143819781389,17.011438203127632
pumped_hydro,HR,3.9360754934177042,3.9360754934177042,3.9360754934177042,3.9360754934177042,3.9360754934177042,3.9360754934177042,3.9360754934177042,3.9360754934177042,3.9360754934177042,3.9360754934177042,3.9360754934177042,3.9439476444046226,3.951819795391541,3.9596919463784594,5.305195023694332e-07,5.701838653816437e-07,6.21357055273653e-07,6.723921782562275e-07,7.210231690663812e-07,7.646101639791e-07,8.015197382481784e-07,8.25159805901751e-07,8.554859512051376e-07,8.923496601586008e-07,9.305471773390933e-07,9.792048225441386e-07,1.0256623297508604e-06,1.076758328315395e-06,1.137320519533407e-06,1.238434445283794e-06
pumped_hydro,HU,0.0,0.0,0.0,0.0,0.0,0.0,0.0,0.0,0.0,0.0,0.0,0.0,0.0,0.0,0.0,0.0,0.0,0.0,0.0,0.0,0.0,0.0,0.0,0.0,0.0,0.0,0.0,0.0,0.0,0.0
pumped_hydro,IE,2.215797270253312,2.215797270253312,2.215797270253312,2.215797270253312,2.215797270253312,2.215797270253312,2.215797270253312,2.215797270253312,2.215797270253312,3.793654820338652e-07,4.122709929912801e-07,4.338963020692993e-07,4.519974644920609e-07,4.6864772508937734e-07,4.867991868137112e-07,5.074549788887314e-07,5.271061995148347e-07,5.480790519208904e-07,5.74652035223158e-07,6.087967983572072e-07,6.444399225492632e-07,6.795571210188442e-07,7.125812533940411e-07,7.391227589949012e-07,7.69422912203904e-07,8.201780379692339e-07,8.754148835483692e-07,9.315416877833349e-07,1.0072213906954763e-06,1.1351307513346602e-06
pumped_hydro,IT,60.42297035644459,60.42297035644459,60.42297035644459,60.42297035644459,60.42297035644459,60.42297035644459,60.42297035644459,60.42297035644459,47.41199482784957,47.41199482903331,47.411994829779395,47.506818819886455,47.601642810188046,47.69646680041647,47.79129079050527,47.88611478053836,47.88611478098667,32.26136438033751,32.26136438200844,19.77733336382375,19.777333368689483,19.8164964059968,19.855659443273208,19.894822480970774,13.311398984951134,13.337551050717577,1.147170172131231e-06,1.2058055321210333e-06,1.2672838738200947e-06,1.3503864056273259e-06
pumped_hydro,LT,6.829512134328,6.829512134328,6.829512134328,6.829512134328,6.829512134328,6.829512134328,6.829512134328,6.829512134328,6.829512134328,6.829512134328,6.829512134328,6.8431711585968,6.8568301828656,6.8704892071344,6.8841482314032,6.897807255672,6.897807255672,6.897807255672,6.897807255672,6.897807255672,6.897807255672,6.9114662799408,6.9251253042096,6.9387843284784,6.9524433527472,6.966102377016,6.966102377016,1.0101187493588627e-06,1.0880544005551488e-06,1.1782130767614786e-06
pumped_hydro,LU,2.967043606154963,2.9670436064917944,2.967043607890146,2.967043608386212,2.9670436085589698,2.967043608624318,2.9670436087516645,2.96704360890279,2.9670436091863075,2.9670436096957764,1.4797276348123838,1.4826870902038185,1.485646546237245,1.4886060020764467,1.4915654578830557,1.4945249141514354,1.4945249143236208,1.4945249147744617,1.49452491577263,1.4945249170238466,1.4945249196758588,1.4974843754646152,1.5004438310911925,1.503403287198278,1.5063627468804563,1.5093222027191115,1.5093222036389402,1.5093222078454804,1.5093222149910115,1.5093222194639195
pumped_hydro,LV,0.0,0.0,0.0,0.0,0.0,0.0,0.0,0.0,0.0,0.0,0.0,0.0,0.0,0.0,0.0,0.0,0.0,0.0,0.0,0.0,0.0,0.0,0.0,0.0,0.0,0.0,0.0,0.0,0.0,0.0
pumped_hydro,NL,0.0,0.0,0.0,0.0,0.0,0.0,0.0,0.0,0.0,0.0,0.0,0.0,0.0,0.0,0.0,0.0,0.0,0.0,0.0,0.0,0.0,0.0,0.0,0.0,0.0,0.0,0.0,0.0,0.0,0.0
pumped_hydro,NO,10.590205756191734,10.59020575626885,10.590205756350848,10.590205756438436,10.566681881402998,10.56668188150367,10.566681881611936,10.56668188172896,10.481859341149143,10.21626720274017,9.774928952098005,9.79447881016997,9.81402866824684,9.833578526356673,6.258073197472463,6.2704900104233126,6.117205405351077,6.117205405689906,6.101876945640292,6.101876946258334,1.1239593787197617,1.055534500193732,0.9522047409765232,0.9078242958738243,0.9096113536192879,0.9113984112005332,0.9113984145732444,0.9113984200022619,0.9113984279449533,0.5274887970587252
pumped_hydro,PL,12.300710188698115,12.300710188793406,12.300710188896515,10.79821751953049,10.798217519981055,10.798217520078165,9.530963602306635,9.53096360324845,9.530963603382784,9.530963603658007,9.530963604154351,9.550025531711265,9.569087459291172,9.588149386950478,5.476722376523421,5.487588889783167,5.4875888908462445,5.487588893134302,7.056518105966654e-07,7.658286841852183e-07,8.199944139578685e-07,8.615792812612724e-07,9.016402142243429e-07,9.439951533038471e-07,9.842021144923287e-07,1.0352592047733679e-06,1.0902867304648255e-06,1.1387525486746033e-06,1.1991191424858391e-06,1.285932717266936e-06
pumped_hydro,PT,25.618116368223948,25.618116368956958,25.618116369052157,25.618116369312,25.618116369504907,25.61811636960791,25.618116369747327,23.058094958375527,23.058094958881753,23.0580949590871,23.058094959795895,23.10421115023803,23.15032734063415,23.19644353116426,23.242559721835235,23.288675912701493,17.213369155170945,17.213369157246138,17.213369158257425,17.21336915943427,17.213369160434365,17.247455040807672,17.28154092128961,17.315626802009188,17.349712682812903,17.38379856372984,17.383798565242536,17.383798567090846,17.38379857049927,17.383798587454134
pumped_hydro,RO,0.0,0.0,0.0,0.0,0.0,0.0,0.0,0.0,0.0,0.0,0.0,0.0,0.0,0.0,0.0,0.0,0.0,0.0,0.0,0.0,0.0,0.0,0.0,0.0,0.0,0.0,0.0,0.0,0.0,0.0
pumped_hydro,SE,0.698127907066112,0.698127907066112,0.698127907066112,0.698127907066112,0.698127907066112,0.698127907066112,0.698127907066112,0.698127907066112,0.698127907066112,0.698127907066112,0.698127907066112,0.699524162880256,0.7009204186944,0.702316674508544,4.656337091657733e-07,5.01175274640622e-07,5.209553195784527e-07,5.480581879504429e-07,5.873387928197071e-07,6.198873302851806e-07,6.481975147393916e-07,6.732021265373278e-07,7.160554412594482e-07,7.739997971133805e-07,8.201106768639099e-07,8.65067520173328e-07,9.120633266100252e-07,9.606501177729832e-07,1.0297263471406738e-06,1.1628257963387684e-06
pumped_hydro,SI,1.40384416094816,1.40384416094816,1.40384416094816,1.40384416094816,1.40384416094816,1.40384416094816,1.40384416094816,1.40384416094816,1.40384416094816,1.40384416094816,1.40384416094816,1.4066518492700801,1.409459537592,1.41226722591392,1.4150749142358399,1.41788260255776,1.41788260255776,1.41788260255776,1.41788260255776,1.41788260255776,1.41788260255776,1.42069029087968,1.4234979792016,1.42630566752352,1.4291133558454399,1.43192104416736,1.43192104416736,1.43192104416736,1.43192104416736,1.43192104416736
pumped_hydro,SK,7.566832105677309,7.566832105677309,7.566832105677309,7.566832105677309,7.566832105677309,7.566832105677309,7.566832105677309,7.1093452794560505,7.1093452794560505,7.1093452794560505,7.1093452794560505,5.610838030434148,5.622037307940123,5.633236585446097,5.644435862952071,5.655635140458046,5.655635140458046,0.0,0.0,0.0,0.0,0.0,0.0,0.0,0.0,0.0,0.0,0.0,0.0,0.0
pumped_hydro,UK,21.16676849532478,21.166768495407773,21.166768495498836,21.166768495588833,21.16676849568885,21.16676849579754,21.166768495924124,21.166768496065142,21.166768496221426,18.424959105817685,18.424959106019156,18.461809024457065,18.498658942926095,18.53550886142528,18.572358779988903,18.609208698634227,18.609208699191885,18.609208699986905,18.609208701438998,6.458951702139408e-07,6.966040427461236e-07,7.39964404731795e-07,7.804012438524792e-07,8.190373809654361e-07,8.535663195074348e-07,8.929786308535913e-07,9.386967350486651e-07,9.933836971656472e-07,1.0723163741310682e-06,1.1975756949870747e-06
reservoir_hydro,AT,222.40043913935781,222.40043914230256,222.40043913452934,222.398870480715,222.39730182924376,222.39573314355658,222.393136453543,222.39053975612183,222.38794305746853,222.38534635956842,222.38274955742395,222.37829592999483,222.3738422937335,222.36938865504493,222.3649350135429,222.36048136851642,222.35260281471204,222.3447242447544,222.3368456014865,221.53105732275125,212.04135525332222,211.1448287728721,211.13106167512635,211.11729480755963,211.10352792092377,211.08976103497213,211.064658076773,211.03955511435348,211.01445215324654,210.98934919793402
reservoir_hydro,BE,0.5720528903978016,0.5720528895918032,0.5720528899363477,0.5720488931099599,0.5720448965918543,0.572040884275706,0.5720342775639369,0.5720276681706641,0.572021058265407,0.5720144476904724,0.5720078373383558,0.5719965066189662,0.5719851757604535,0.5719738448107219,0.5719625137805384,0.5719511825939932,0.5719311489930962,0.571911102304429,0.5718910674946808,0.5718709555982168,0.5581094190318817,0.5580736696818787,0.558038048922964,0.5580024285135151,0.557966806772615,0.5579311663357577,0.5578662867706902,0.5578013857186193,0.5577364850311954,0.5576715836789782
reservoir_hydro,BG,54.49838379683822,54.498383796123285,54.49838379680018,48.497214474642114,42.277922216054435,42.277620340008504,42.27712019180864,42.27662004357964,42.27611989532836,42.27561974749579,42.27511959896482,42.27426106110168,42.18411535728765,42.242378351747966,8.727057651156581,6.711753264706497e-08,8.111796418308693e-08,9.207849404005847e-08,1.0057550803492394e-07,1.0879294340172896e-07,1.1722490222470223e-07,1.262020884629894e-07,1.3468587760014682e-07,1.4124670777676393e-07,1.4762576335767384e-07,1.552058411488001e-07,1.648787212620294e-07,1.7659227883690264e-07,1.9247607221740197e-07,2.1922333789124778e-07
reservoir_hydro,CH,324.39916520319815,312.9156603970235,291.9848918958828,291.98280439431915,275.1092460886567,260.8986487489997,253.8248902790144,253.0087661832937,253.00576888121404,253.0027715796289,237.24814694483905,234.1333336137688,234.12857170144247,231.3495447101153,224.29051044551417,220.21716050119113,216.19064153526952,213.71983849227104,189.47900536704202,189.69685130933485,169.3149096735223,169.30373564108277,168.58033425194498,168.56920724485684,166.33449779458834,166.3235175724098,166.30348710816523,165.9049407644032,164.22669006878195,164.20686965295008
reservoir_hydro,CZ,29.42383046509109,29.42383046456314,29.423830464947518,29.423620508602898,29.42341055269889,4.527235640353567e-08,5.54550156857923e-08,6.15527498361619e-08,6.621410577302221e-08,7.003500575189145e-08,7.342050472103285e-08,7.683967265153935e-08,8.036963154507054e-08,8.408042982193392e-08,8.79914852316852e-08,9.212728024268911e-08,9.644643737851809e-08,1.0106668481771602e-07,1.0611060178592874e-07,1.113775863217032e-07,1.1681528859195703e-07,1.2237442257105233e-07,1.2813461846519308e-07,1.3439453764148857e-07,1.4108856808056903e-07,1.4908684066388973e-07,1.5832183167707732e-07,1.6871393867362783e-07,1.83204453173359e-07,2.0921959978593891e-07
reservoir_hydro,DE,8.943424009727424,8.943424010017157,8.943424010889933,8.943362279203669,8.943300547892395,8.943238816550286,8.943136787008799,8.943034757347519,8.942932727663036,8.942830697596133,8.942728667495352,8.942553939978952,8.942379212629021,8.942204485711061,8.94202975950507,8.9418550325208,8.941546373623062,8.941237700925837,8.940929040938412,8.940620318210406,8.519406725602053,8.518867404228907,8.518328027146921,8.517788636744132,8.517249266660398,8.51670990642182,8.515727406865407,8.514745046422759,8.51376261750156,8.512780217248956
reservoir_hydro,DK,0.0,0.0,0.0,0.0,0.0,0.0,0.0,0.0,0.0,0.0,0.0,0.0,0.0,0.0,0.0,0.0,0.0,0.0,0.0,0.0,0.0,0.0,0.0,0.0,0.0,0.0,0.0,0.0,0.0,0.0
reservoir_hydro,EE,0.0,0.0,0.0,0.0,0.0,0.0,0.0,0.0,0.0,0.0,0.0,0.0,0.0,0.0,0.0,0.0,0.0,0.0,0.0,0.0,0.0,0.0,0.0,0.0,0.0,0.0,0.0,0.0,0.0,0.0
reservoir_hydro,EL,98.85369422171502,98.70029203621462,98.72827444977511,98.73481137543537,98.81425898087485,98.8515659746482,79.25074386621553,79.24980121834454,79.24885857044214,64.89628428900956,64.89551235273635,64.89418681275922,64.68347936140901,64.67425731958106,48.07346602059024,47.86986804986795,47.86771204883954,46.94991198852716,46.54660666540412,46.27133985725983,46.2328546755986,31.962763138413276,31.823989065875796,31.82187596121911,31.819762855622564,27.161408340358236,27.158116963220053,27.154825591512363,20.6868832445384,20.68437553784238
reservoir_hydro,ES,584.012339582465,574.9035832475815,527.4649805610561,483.1856712459175,446.54109826572295,440.5520933808254,430.745474202524,410.64573893007724,399.05300956458683,361.804503456478,277.61657756882136,270.06367973614437,269.2142469003035,253.6610855619658,251.89854118767914,248.08276174722644,230.97764330221383,150.8066943874441,174.98323160945395,174.9770326677285,204.46341986775147,202.29557402449345,200.04803673767378,199.02805430159208,198.1489308100524,198.05665185452165,180.03841059543947,179.302753056963,164.5713699023391,111.23728394684916
reservoir_hydro,FI,62.08806785656658,62.088067855671156,62.08806785603523,62.087637002735576,62.08720614949388,62.08677525837467,62.086062877860364,62.085350492015465,62.08463810519022,62.08392571806389,62.08321333020662,62.0819928952586,62.08077246073343,62.07955202644365,62.07833159284659,62.077111157833535,62.07495448053501,62.07279777849568,60.83692484682896,59.99458736802912,59.196036129551956,59.98867366943775,59.98486611178378,59.80311860512438,58.78047865660642,55.88930050244316,55.41515785187821,55.77895556691047,55.77234533332412,55.7657347099487
reservoir_hydro,FR,228.4092657526039,228.40926575202442,215.13213405000653,179.13351469902884,179.1322524320638,160.07480397410993,150.2041627094798,150.20241071581336,104.6207651243477,104.61954479113028,104.61832445766814,104.61623158200179,104.61413870656527,104.61204583181713,66.39636876182381,66.39504040543316,66.3926906736517,66.39034094231081,66.38799121117405,66.38564142662815,64.85814685768977,63.915854512698374,63.052436646573675,63.04833067778206,63.04422473805446,62.21189231046241,62.20447020456161,62.1970481034691,62.189626007624355,62.18220392472309
reservoir_hydro,HR,57.89786693307534,57.89786693217631,57.89786693222295,57.897459437064825,57.89705194199898,57.896644412160484,57.895969968280134,57.895295520618525,57.89462107164076,57.89394662216462,57.89327217154552,57.89211558205126,57.89095899217488,57.88980240279418,57.888645813068926,57.887489220627835,57.88544348283753,57.88339770253762,56.52446418579136,56.57991904490605,54.99457038027902,54.85191276344886,54.84834387286502,54.844774982270145,54.84120609149601,54.83763720123411,54.83113008119738,54.824622961564934,54.81811584181655,54.81160868082672
reservoir_hydro,HU,1.2773077905361674,1.277307789877092,1.277307790320624,1.2772989005706032,1.2772900110536924,1.2772811036651486,1.277266405348983,1.2772517056650043,1.2772370051836817,1.2772223043030697,1.2772076030605823,1.277182412631974,1.2771572219528986,1.277132031419328,1.2771068371393763,1.26458232109346,1.2645380572834477,1.264493817574476,1.2142145505278863,1.2141714979507157,1.1713468355464722,1.1604401206281951,1.1603646991718835,1.1602892783205205,1.1710430961223621,1.1709672043090769,1.170828846112935,1.170690469344414,1.1705521392712015,1.1704137762152418
reservoir_hydro,IE,0.04203230239702636,0.04203230099419877,0.04203230209627283,0.04203200318095123,0.042031704511504196,4.179395474670812e-08,5.3411451234816494e-08,6.08990132568806e-08,6.772742216468526e-08,7.505338767335548e-08,8.314379546627776e-08,9.489229856002855e-08,1.2261316789716407e-07,2.2294290381034264e-07,7.251222383529882e-07,9.090576048594681e-07,0.0420226683244156,0.04202133517552013,0.04201976111025831,0.04201822116729148,0.04098243020569934,0.04097941404264927,0.04049151570928862,0.04048885375890337,0.04048604112086936,0.039274382711305754,0.03926966054876875,0.03926486994370729,0.03926015333952034,0.0392554545115275
reservoir_hydro,IT,235.05034771753904,234.19842517625995,234.75232531537858,234.98055645870497,235.49383021562596,3.060090555760383e-07,3.28217590723678e-07,3.393254469888314e-07,3.473255123903026e-07,3.5280665603830324e-07,3.5776544662905575e-07,3.6206474776412135e-07,3.6415706699579194e-07,3.6767962102041664e-07,3.711724018492037e-07,3.7053120672346117e-07,3.727400533049411e-07,3.7525962656094763e-07,3.794151830625426e-07,3.8381475210722286e-07,3.876862926100131e-07,3.9164338359933825e-07,3.9576335242805046e-07,4.0180725278098884e-07,4.0856515821789713e-07,4.159260727377728e-07,4.2471800862501103e-07,4.346804318978928e-07,4.493808179469591e-07,4.782189906686907e-07
reservoir_hydro,LT,4.4446080467517675,4.433320251910301,4.439166734612725,4.444576835732912,4.44454562542582,1.51527682812377e-07,1.5608492803928482e-07,1.5810162823710622e-07,1.6007806239997044e-07,1.615498407405672e-07,1.6299841391141428e-07,1.6420069285106164e-07,1.655282314358499e-07,1.6671424939645835e-07,1.6759753128852466e-07,1.6900191301099848e-07,1.6958776288418837e-07,1.7020001117309856e-07,1.716117060130408e-07,1.7336070905879297e-07,1.7521146778230263e-07,1.7743381904240885e-07,1.7994076400797294e-07,1.826861484657622e-07,1.832671786229081e-07,1.8715160777090301e-07,1.9205594490581652e-07,1.9823770537472967e-07,2.0726169804438194e-07,2.2488225012407804e-07
reservoir_hydro,LU,0.0,0.0,0.0,0.0,0.0,0.0,0.0,0.0,0.0,0.0,0.0,0.0,0.0,0.0,0.0,0.0,0.0,0.0,0.0,0.0,0.0,0.0,0.0,0.0,0.0,0.0,0.0,0.0,0.0,0.0
reservoir_hydro,LV,35.306304941984415,35.306304940733554,35.30630494133831,35.30605065154894,35.30579636193413,2.6068885324356556e-08,3.085064339817093e-08,3.386958937864341e-08,3.655250357790736e-08,3.901356554391871e-08,4.160089753903038e-08,4.399019675328131e-08,4.629929896232006e-08,4.85425625049703e-08,5.0766727161699354e-08,5.3245014078541027e-08,5.5737827217262244e-08,5.839169446507617e-08,6.120795263139012e-08,6.424489828180014e-08,6.749207881530583e-08,7.099767188146935e-08,7.477664571269227e-08,7.890984428740187e-08,8.335747464419533e-08,8.853052889032421e-08,9.456594319614895e-08,1.0193524376116105e-07,1.1194567309877396e-07,1.2952357427634223e-07
reservoir_hydro,NL,0.0,0.0,0.0,0.0,0.0,0.0,0.0,0.0,0.0,0.0,0.0,0.0,0.0,0.0,0.0,0.0,0.0,0.0,0.0,0.0,0.0,0.0,0.0,0.0,0.0,0.0,0.0,0.0,0.0,0.0
reservoir_hydro,NO,1118.3595095449937,1080.9300664265354,1069.9568642255547,1035.7452307255578,988.4315366427751,958.6207037490228,942.418679597306,902.3709529153662,809.0186708922753,787.9486550499154,773.2011989477651,738.2317485193867,730.5653058160386,656.423736189832,621.7454200573173,608.9603768731499,605.5561612445053,593.9300522782743,576.1858841758884,550.6557583926705,503.8860693304781,392.14037313174043,371.3425675915905,344.0159264744705,335.35190275302335,325.89174494165803,317.9236524954744,269.5612396006256,265.63196686924215,239.43421728776175
reservoir_hydro,PL,15.699158023765309,15.699158023765309,15.699158023765309,15.699042982598003,15.698927941430695,15.69881290039726,15.698621957781935,2.950153767635223e-10,6.854565262834735e-10,9.945518770879265e-10,1.2805179091850565e-09,1.5604796987365688e-09,1.842802129809611e-09,2.132870045877273e-09,2.434941733330042e-09,2.752879703914233e-09,3.090568053515529e-09,3.4523530450988015e-09,3.843224602216391e-09,4.269224824074157e-09,4.737952954225906e-09,5.259178979377002e-09,5.846427349689653e-09,6.518599287741467e-09,7.303738252905298e-09,8.246318887217802e-09,9.423178795295637e-09,1.098813388164427e-08,1.3321990168677642e-08,1.7937241221176655e-08
reservoir_hydro,PT,58.91469938394488,58.84767132375549,58.84767135247184,59.3430500063451,59.53609362659249,59.725607055864955,59.72173146843161,60.139729739288114,59.35057690370438,58.89734530168239,59.66213820615193,59.81889233546088,59.797467722407184,59.48570267500535,59.57095971266998,58.83716514395273,58.83509482042222,58.83302415590103,58.83095382082525,58.74764053253565,57.143085447148366,56.03633226468562,55.49364590433317,55.490046042872365,55.48644661324762,55.48284718631756,55.47628472012163,55.46972267853192,55.46316062507844,55.31043328409493
reservoir_hydro,RO,181.5857497978496,157.23879601835594,157.2387960193673,157.23767667879724,157.23655733948456,157.2354379998739,131.6023718177232,131.60081993592743,131.59926805408975,131.59771617229447,131.59616429006746,131.59350093060152,131.59083757040767,111.73021627545153,111.72795484341177,111.7256934112945,86.11855978959177,86.11547424112669,86.00644008212502,86.00320610675251,68.60382769416555,67.83621744085286,55.465804159955724,56.19535981882988,56.047364415783726,38.01193604317239,1.2271820493007412e-07,1.47221724987154e-07,1.7132318273200725e-07,2.059130391022766e-07
reservoir_hydro,SE,513.4991389992502,493.2263700929974,458.89470781677227,423.93868248861133,468.6032019101509,512.1945202978259,513.4823631272907,513.4763991694492,513.4704352716487,513.4644713680977,513.4585074636709,513.4482821495311,513.4380567782811,513.4278314938784,513.417606199853,513.407380904823,513.3892979910494,513.371215060873,513.3531305592259,513.3350474921112,513.3169644388693,507.13622818847256,506.3684012132316,505.911019601122,505.85599180660506,502.7822085741384,501.12336943063013,500.07745784855354,490.5645897423388,490.50712659876075
reservoir_hydro,SI,26.298564730635874,26.29856473172787,26.298564733213798,26.298379706229092,26.298194679239696,26.29800965294024,26.297703419569455,26.297397186047082,26.297090952444606,26.29678471848647,26.29647848457093,26.295953348675773,26.295428212586007,26.294903076975846,26.294377941323468,26.293852803106745,26.29292398219567,26.291994996768207,25.657477188381996,25.66267226129509,24.72030289935495,24.942594529987016,24.717079359308826,24.71546753924809,24.713855760604343,24.712243986316054,24.709304580271297,24.70636565194789,24.70342671580596,17.64913114646044
reservoir_hydro,SK,33.709984150832206,33.70998415032047,33.70998415074673,33.7097444460059,33.70950474166216,33.70926503721237,33.708868010341405,33.70847098358852,33.708073956299074,33.70767692884735,33.70727990110759,33.70659856965585,33.70591723857386,33.70523590784095,33.70455457268439,33.418829682394744,33.4176307072722,33.41643177741754,33.25966094843017,33.258465779326,32.608465286053914,32.606329989921754,32.60419489637711,32.602059789825454,32.59992470780099,32.59778962225837,32.49748294953626,32.49359665574926,32.4897103826077,32.48582411174946
reservoir_hydro,UK,19.66363548071424,19.66363548071424,19.66363548071424,19.663491388427524,19.663347296140802,2.6210876764919524e-10,6.070439265663057e-10,8.789306150523337e-10,1.1295376759655176e-09,1.3738889496457074e-09,1.6191387761974687e-09,1.8698209489921387e-09,2.129395898124023e-09,2.4008723981858677e-09,2.687159700364046e-09,2.9913140406671194e-09,3.3166850845420926e-09,3.667254924287989e-09,4.047750097023997e-09,4.464012477834452e-09,4.923481858813467e-09,5.4357917552859575e-09,6.0143487498306336e-09,6.677942806840265e-09,7.454518771440246e-09,8.388469573465524e-09,9.556518550139713e-09,1.1112402672205962e-08,1.3436738590967369e-08,1.804111429812912e-08
run-of-river_hydro,AT,272.0213276576982,272.021327661704,272.02132765396766,271.81669874605086,259.3633977040436,256.72494508080376,271.17410258240284,270.94076437011654,270.70742608674755,270.47408756745546,270.2407495197338,270.109871081715,269.9789926535184,269.84811484432583,269.7172366576467,269.58635845000765,269.4225626994162,269.01185268940884,258.7746230932047,256.45705003349997,254.0885052463259,253.9126459365282,253.73678658869767,253.5609273702833,253.38506794508402,253.20920878706832,253.03949464599486,252.86978045691495,252.70006622817615,252.53035217468195
run-of-river_hydro,BE,2.779075632954682,2.7790756332768276,2.779075634919555,2.7770658876586087,2.7750561409079513,2.773046394735223,2.770747284485262,2.7684481738677116,2.766149063348898,2.763849952200113,2.761550841664885,2.7602343754066068,2.7589179090656444,2.7576014426527493,2.7562849761541455,2.754968509441686,2.753320357135436,2.751669964193283,2.656536971659908,2.6549277782006127,2.653318852967164,2.6515236173097074,2.6497283959042854,2.647933174968766,2.6461379516796737,2.6443422956593396,2.642610621702075,2.640878510260277,2.63914639933513,2.637414287257325
run-of-river_hydro,BG,1.9237850742025553e-08,2.269503082951298e-08,2.6077753017161292e-08,2.822035371632118e-08,3.0578431808593354e-08,3.304697345306073e-08,3.5661121583523975e-08,3.845468307533649e-08,4.120902660145057e-08,4.423825100318336e-08,4.685471569779358e-08,4.948240904692373e-08,5.160130230127656e-08,5.431024042573477e-08,5.7302258004888117e-08,6.041803532689744e-08,6.393205688296938e-08,6.778170835447375e-08,7.159743594959891e-08,7.566088768468579e-08,8.009669733200003e-08,8.492304467996547e-08,8.982087871868112e-08,9.374933953083816e-08,9.767629568104067e-08,1.0232227444215281e-07,1.0828269385988184e-07,1.1542205610064761e-07,1.2534631498940771e-07,1.425533608876503e-07
run-of-river_hydro,CH,140.31949627541053,140.23040346897255,138.57193879539537,137.82959346758048,131.78207420382262,130.8427415388655,129.894888070824,129.44628368145675,129.00452097702254,128.05111534105538,127.06557981252915,126.7668362339219,126.37205011425412,119.57342205649246,113.54259010268753,110.04784943187377,108.68460371927615,107.70243360981668,105.3521868001627,101.97502633942153,96.22631029827278,94.64313694792254,87.23553367037545,85.1555647548155,80.34267712389385,79.81172331909754,75.28219010039274,72.75180037642406,65.67836915686459,52.99149239547352
run-of-river_hydro,CZ,2.8077077638455553e-08,3.154150743206668e-08,3.4283511492309774e-08,3.576291465515693e-08,3.758750421529205e-08,3.957269620326107e-08,4.161164442670806e-08,4.357093376420633e-08,4.547282852374733e-08,4.7240627252300175e-08,4.891898024655913e-08,5.0793495073123957e-08,5.2764967964025676e-08,5.488293764718404e-08,5.715202761414968e-08,5.9585391265899136e-08,6.215730630897192e-08,6.492823493606373e-08,6.796618869801248e-08,7.118101244334637e-08,7.453161154912315e-08,7.798151690738792e-08,8.157984428376593e-08,8.549815550538621e-08,8.966264839016599e-08,9.467600109915309e-08,1.0050366956889834e-07,1.0710494218110265e-07,1.1636430355846969e-07,1.330567238011538e-07
run-of-river_hydro,DE,131.88165028757038,131.88165028335467,131.8816502858491,131.78883215179332,131.6960140188357,131.60319587979373,131.49677055359345,131.39034522272837,131.28391988933978,131.1774945622248,131.07106923031387,131.00924835110172,130.94742747194476,130.88560659365433,130.82378571649286,130.7619648317498,130.68454971016425,130.60713432164826,129.12532575839708,124.73969216191746,122.12718405296178,124.48710010235801,123.07043569672273,121.97012221449216,121.79712485439033,121.86286365857065,121.63499683246559,121.83144703128241,123.77527695252421,123.92310513971564
run-of-river_hydro,DK,0.0,0.0,0.0,0.0,0.0,0.0,0.0,0.0,0.0,0.0,0.0,0.0,0.0,0.0,0.0,0.0,0.0,0.0,0.0,0.0,0.0,0.0,0.0,0.0,0.0,0.0,0.0,0.0,0.0,0.0
run-of-river_hydro,EE,0.0,0.0,0.0,0.0,0.0,0.0,0.0,0.0,0.0,0.0,0.0,0.0,0.0,0.0,0.0,0.0,0.0,0.0,0.0,0.0,0.0,0.0,0.0,0.0,0.0,0.0,0.0,0.0,0.0,0.0
run-of-river_hydro,EL,1.9291632518109983e-08,2.2388239444213563e-08,2.488769716392039e-08,2.6613353341512294e-08,2.849162352586338e-08,3.044717199837133e-08,3.2435511320128605e-08,3.442116051423648e-08,3.636568797053975e-08,3.8373619352819e-08,4.030616159887335e-08,4.228087597457279e-08,4.412520290625298e-08,4.619999991639974e-08,4.84339125780703e-08,5.07426519338172e-08,5.331253798834605e-08,5.614826905992062e-08,5.909022510813467e-08,6.212622720837114e-08,6.531713135156418e-08,6.869481262802791e-08,7.23093938015384e-08,7.621334493298064e-08,8.040558203051995e-08,8.514367341473316e-08,9.064609934258132e-08,9.713198575560442e-08,1.0595998914628603e-07,1.2167709726866519e-07
run-of-river_hydro,ES,18.428199070969217,18.422926440279188,18.839324620535706,18.64018060495498,18.81106056342164,18.60864087573253,18.592683850422425,18.772829916825753,17.916425939967393,17.901022868391806,17.700371414264172,17.006052160205545,16.38687030901535,16.287560042666794,15.969143506116394,15.744541395111787,15.579224892384477,14.951545646488377,13.871236704608055,12.624317251427627,11.775595781302165,11.553903963434768,11.521330502807766,11.145096910806444,11.137228239830437,11.129359578966216,9.662868267163137,9.656269545910698,9.649670827648702,9.643072091385664
run-of-river_hydro,FI,62.51500555114638,62.51500555901115,62.51500557167984,62.47079922104473,62.42659287968822,62.3823865467252,62.33171991667853,62.28105327225545,62.23038662546734,62.179719977502735,62.129053328634406,62.09969557500431,62.070337821486895,62.0409800677876,62.01162231525254,61.98226456058551,61.945502866237,59.55697405660313,59.52119882507518,59.48542365324173,58.055307537625715,59.092277949895085,58.47929072583715,58.29955165023886,54.05880702863833,53.06671482116041,53.030999249483735,52.99528380085752,52.95956849665971,53.1955514645694
run-of-river_hydro,FR,79.90794221159554,79.90794220976638,79.90794221292813,71.72717524962603,71.67329562210931,61.58021310589614,61.52737706733716,61.47454102849304,61.421704989577805,61.36886895035536,61.31603291122019,61.286363704479975,61.25669449814858,46.95842184263809,46.9356668730814,46.91291190285827,46.88443321272378,46.85595452264062,46.82747583239644,45.09935391346423,44.47625055972004,44.02826725803207,43.533849302497735,43.50356617643273,43.47328305857724,42.85117638444904,42.82221825322725,42.79326012181041,42.76430199310649,42.73534387051184
run-of-river_hydro,HR,12.63107926827354,12.631079268414187,12.631079269841596,12.621668974621908,12.61225867935584,12.60284838543465,12.59210945791849,12.581370530375901,12.570631602659589,12.559892674730664,12.549153745864114,12.543099883780354,12.537046021177536,12.530992159184306,12.524938297067767,12.51888443037358,12.511307293763398,12.476475326046934,11.59769637773713,11.373114639529273,11.36600578542661,11.575263931214316,11.56723129452009,11.559198657934608,11.551166021282238,11.543133384996937,11.535381293497867,11.527629202328157,11.519877111328448,11.50314023986852
run-of-river_hydro,HU,0.9282821689847823,0.9282821739853514,0.9282821855675184,0.9276112139053257,0.926940242516812,0.9262692710303372,0.9255016608262289,0.9247340505628768,0.9239664395877598,0.9231988282277019,0.922431216446176,0.9219915686233016,0.9215519204724519,0.9211122725835506,0.9206726170073231,0.9080197199878647,0.9074744142460263,0.9069287697971309,0.819924688326062,0.8194151664706493,0.8189061436342515,0.8067415486699283,0.8061791289799123,0.8056167100664592,0.8166346411907283,0.8160667702721714,0.8155187277435659,0.8072649584218046,0.8144226600932298,0.8138746058747125
run-of-river_hydro,IE,3.13844484477142e-08,3.552311783095551e-08,4.0443095571551185e-08,4.282187005215484e-08,4.5977445225032734e-08,5.0166487258529305e-08,5.4421456116010864e-08,5.863732136649708e-08,6.308779460803537e-08,6.81382325662832e-08,7.386788286502669e-08,8.13972532652351e-08,9.318094798989197e-08,1.1225833622914621e-07,1.3442945146279264e-07,1.5291108559149163e-07,1.7326681655386318e-07,1.9231125102651488e-07,2.0877128088822426e-07,2.2480243226324806e-07,2.4030648406311175e-07,2.5700685081160966e-07,2.732833148363368e-07,2.889679494848171e-07,3.050150784550151e-07,3.217217560985392e-07,3.416111398504836e-07,3.65426389541592e-07,3.984256092698308e-07,4.6240147738137285e-07
run-of-river_hydro,IT,1.9484323822499052e-07,1.9819223345971536e-07,2.0110949569961544e-07,2.0172467735508802e-07,2.0373780650560662e-07,2.0560474996694998e-07,2.0748246300235233e-07,2.0945175801594932e-07,2.1163215082629267e-07,2.1347833193929367e-07,2.1568144410434165e-07,2.1813724791873882e-07,2.1948175406557206e-07,2.2200397086878216e-07,2.2474343818992307e-07,2.251494399531315e-07,2.2779559784561388e-07,2.306624650956404e-07,2.3476928919814262e-07,2.3925236690687194e-07,2.433325742638393e-07,2.47984639237893e-07,2.529562527918047e-07,2.5948358954506495e-07,2.6669696179723944e-07,2.7443007648363904e-07,2.836606388687632e-07,2.9388387384130547e-07,3.0884878952497113e-07,3.3770515990441354e-07
run-of-river_hydro,LT,1.7277351714578458e-10,3.976220676853742e-10,5.734452638635366e-10,7.337879544825225e-10,8.887524351113679e-10,1.0428710008646947e-09,1.1987507053826911e-09,1.3584165383040672e-09,1.5234233369344549e-09,1.6951636169723769e-09,1.874978209121887e-09,2.0652382643802066e-09,2.266622171416949e-09,2.4807793070020367e-09,2.7095838295393286e-09,2.955213200770085e-09,3.21987997655979e-09,3.5070496734872084e-09,3.820559607247609e-09,4.165236034809182e-09,4.547288806814383e-09,4.974596365459594e-09,5.4586358802677455e-09,6.0152451001160054e-09,6.668038256116103e-09,7.454514367205417e-09,8.440065992189181e-09,9.753987184883822e-09,1.1717432108219876e-08,1.560467812851958e-08
run-of-river_hydro,LU,0.0,0.0,0.0,0.0,0.0,0.0,0.0,0.0,0.0,0.0,0.0,0.0,0.0,0.0,0.0,0.0,0.0,0.0,0.0,0.0,0.0,0.0,0.0,0.0,0.0,0.0,0.0,0.0,0.0,0.0
run-of-river_hydro,LV,16.179522252594328,16.17952225118727,16.179522252722048,16.166277943890982,2.0412648552790274e-08,2.424004908414047e-08,2.6739739518952178e-08,2.872118326614518e-08,3.06501609335506e-08,3.248546510020541e-08,3.449943741365532e-08,3.6401127551715625e-08,3.827193599479495e-08,4.010469679744732e-08,4.1930578091292435e-08,4.4002006582736983e-08,4.607460126987077e-08,4.8293263449718414e-08,5.0653224762057016e-08,5.320236639229853e-08,5.5928836202844285e-08,5.8871482856001226e-08,6.205313510997168e-08,6.553682558575056e-08,6.926993855628429e-08,7.36318784416468e-08,7.872011085457795e-08,8.493020223348795e-08,9.336909441765893e-08,1.0819253785237184e-07
run-of-river_hydro,NL,0.0,0.0,0.0,0.0,0.0,0.0,0.0,0.0,0.0,0.0,0.0,0.0,0.0,0.0,0.0,0.0,0.0,0.0,0.0,0.0,0.0,0.0,0.0,0.0,0.0,0.0,0.0,0.0,0.0,0.0
run-of-river_hydro,NO,0.0,0.0,0.0,0.0,0.0,0.0,0.0,0.0,0.0,0.0,0.0,0.0,0.0,0.0,0.0,0.0,0.0,0.0,0.0,0.0,0.0,0.0,0.0,0.0,0.0,0.0,0.0,0.0,0.0,0.0
run-of-river_hydro,PL,1.713163753260422e-10,3.9479136072664844e-10,5.697322131148391e-10,7.293003051483512e-10,8.83557030188146e-10,1.0370117835738512e-09,1.1922711568354e-09,1.3513496767954069e-09,1.5158035466987654e-09,1.6870174214816185e-09,1.8663330573799663e-09,2.0561155663641657e-09,2.2570454861213374e-09,2.470769969720453e-09,2.699160132861892e-09,2.944386461469071e-09,3.2086537145110285e-09,3.4954175492074836e-09,3.808506504394271e-09,4.152735788048457e-09,4.534303286333209e-09,4.961071144615389e-09,5.444521176874661e-09,6.000499118099493e-09,6.6526169601971505e-09,7.438417488879977e-09,8.423340645586183e-09,9.736438767934183e-09,1.1698793191556196e-08,1.558355063503617e-08
run-of-river_hydro,PT,71.8145706755224,62.65547884727091,62.659296688992605,48.40244353611456,49.36261865330899,38.26498546171745,38.233020278927384,38.201055311339815,38.16908991166102,38.1371247278065,38.10515954418528,38.08693514778779,29.465089628494802,29.450983992560555,29.436878360073692,24.018590002803172,24.00417510262276,92.08377049095914,92.02843820873143,88.88235454618157,83.07473283605516,81.82121260378548,81.80513671932378,81.41099796619888,81.15926019511721,81.05361302410108,80.83932868012464,80.78461106163654,80.72989343914747,80.67517579100624
run-of-river_hydro,RO,49.57084985588116,49.57084985449639,3.56281015867481e-08,3.9423561674342357e-08,4.336538059945263e-08,4.730684259340622e-08,5.113119345014959e-08,5.467588099799823e-08,5.808373126481312e-08,6.147615147959477e-08,6.466925122348503e-08,6.801950114385959e-08,7.104865247958535e-08,7.47498441468628e-08,7.846045781343576e-08,8.225013194673175e-08,8.61758645549035e-08,9.013436711638439e-08,9.420948699476096e-08,9.83277900025091e-08,1.0273366065486017e-07,1.0700357420542313e-07,1.1180188936801045e-07,1.1649530889619042e-07,1.2194977309079804e-07,1.2844781339859017e-07,1.362573420801495e-07,1.4541312196301947e-07,1.576388200734208e-07,1.7897623215063056e-07
run-of-river_hydro,SE,8.680457724069269e-08,9.720510791912414e-08,1.0750246879737515e-07,1.1284275656969387e-07,1.2848343785780043e-07,1.5028384442537075e-07,2.53157402368378e-07,2.790084067585118e-07,3.012176439458928e-07,3.2437160058477717e-07,3.587895243373812e-07,3.7664159711437193e-07,3.8849872838453873e-07,3.981101581161733e-07,4.0717383042365987e-07,4.17053521673634e-07,4.2669394830420346e-07,4.3555173176587055e-07,4.4766666607737785e-07,4.6315790566167053e-07,4.81412020730009e-07,5.104932142210218e-07,5.319040216142037e-07,5.499159704984353e-07,5.514132927004363e-07,5.628075173159534e-07,5.773787931038343e-07,5.977410983348723e-07,6.301362090946437e-07,6.920039736288183e-07
run-of-river_hydro,SI,40.08749854860584,40.0874985503907,40.08749855283973,40.05764777138077,40.02779699036378,39.9979462113106,39.96387944939393,39.929812688676314,34.65967499885321,34.63007929044529,34.600483581237754,34.583795241531455,34.56710690141695,34.55041856160362,33.09544506982216,33.07945177261487,33.05943415310181,31.630921376836632,30.36950597043574,30.321733408870152,30.302839915444935,30.28176241775919,30.260684477111532,30.2396067487501,30.21852903093527,30.1974513156658,30.177109170623655,30.15676702778596,30.13642488865014,30.116082764751223
run-of-river_hydro,SK,2.68533647141595,2.6853364709326337,2.6853364718486876,2.68324876836867,2.603993014126166,2.601965398491046,2.599659322457771,2.597353246802006,2.595047170409499,2.33235715102044,2.330282668707196,2.329138779453872,2.327994890663275,2.3268510023078384,2.3257071052036538,0.40333460861241244,0.4030854476788437,0.4028362718778564,0.1720031099286168,0.17189320173332356,0.1717853495455228,0.17166503793879637,0.17154473130319525,0.17142442268286529,1.0349299710407362e-07,1.2687175826679838e-07,1.4508681767956922e-07,1.6132607006058153e-07,1.815228645706193e-07,2.147122049021245e-07
run-of-river_hydro,UK,3.6943259337111116,3.694325933761412,3.694325933815064,3.6910848602722632,3.6878437867334264,3.684602713198922,3.6809492016210963,3.6772956900804434,3.673642178545476,3.6699886669847803,3.666335155463038,3.6644397326534452,3.662544309852625,3.660648887061678,3.658753464281913,3.656858041482896,3.6544891851303563,3.652120328794795,3.6497514724791404,3.647382616187113,3.6450137599235455,3.6423716720787156,3.639729584309656,3.637087496565011,3.634445408927757,3.631803321364327,3.6292524621199562,3.6267016031090464,3.624150744630292,3.621599887786739
waste_plant,AT,3.184659417925994e-08,3.5164355193196026e-08,3.7847919007559365e-08,3.784764819387309e-08,3.925948487855895e-08,4.080429006697806e-08,4.237704653084554e-08,4.414366934325112e-08,4.557517207312725e-08,4.708421154760219e-08,4.852282203387266e-08,5.035819476039124e-08,5.210273071519308e-08,5.3967526118841116e-08,5.5880167244193086e-08,5.779314432694932e-08,5.981936770317492e-08,6.191865948733439e-08,6.410508316071865e-08,6.633509225451086e-08,6.875177762133177e-08,7.13401847712909e-08,7.399554026611813e-08,7.699161841222736e-08,8.021552572944975e-08,8.41715465824488e-08,8.887437039007521e-08,9.488802309211785e-08,1.03360844498955e-07,1.1861243821404592e-07
waste_plant,BE,8.770042596302492,8.657951697048047,8.65795170158669,7.070682326648111,7.021617721046205,6.972553272987025,0.29933810774232605,0.30489074564050456,0.3026417891817615,0.30039283198808325,0.3082564360673161,0.30624750130887646,0.30423846534587623,0.2921629952405425,0.2901693596381476,0.2881757296326052,0.28638946087573336,0.2846031940714827,0.2828169277096854,0.281030661223449,0.2792443947963589,0.277146147159155,0.27504789933365037,0.2729496524174281,0.27085140653189704,6.342331233856739e-08,7.4884775190722e-08,8.455962588721091e-08,9.575674396646729e-08,1.1351914425168837e-07
waste_plant,BG,2.5296667272462786e-08,2.9164656880362734e-08,3.338480025636557e-08,3.450073016150125e-08,3.629249316531756e-08,3.8067160713977165e-08,3.977109167898161e-08,4.1415134879492746e-08,4.301027036517783e-08,4.493790151540748e-08,4.648784181707294e-08,4.8240796981077456e-08,4.9685866137845125e-08,5.14288454990893e-08,5.315483692707851e-08,5.492489777136946e-08,5.6830045941193654e-08,5.897097430085215e-08,6.081307608078255e-08,6.279313135418105e-08,6.525614744102961e-08,6.791132962129346e-08,7.083325044753373e-08,7.341346843335815e-08,7.597105489526187e-08,7.945938500677407e-08,8.396924569998995e-08,8.966796554490143e-08,9.764912126691307e-08,1.1217378370341282e-07
waste_plant,CH,4.793331461987065,4.793329672309597,4.79332967840051,3.9145647555733034,3.887400852086692,3.8602371467055927,3.8315221464063582,4.032320593127479,4.003441115923256,3.9745616418853715,3.9456821695686317,3.9199678624034195,3.7652046310372422,3.7396860673424217,2.321354762967224,2.305405731765449,4.449197858603367e-08,5.109047680045639e-08,5.5688536764614816e-08,5.9476904354744386e-08,6.294866103067262e-08,6.628375584400177e-08,6.961210347759616e-08,7.315011266139526e-08,7.683401834354167e-08,8.109905641306817e-08,8.606072983997612e-08,9.228052759132128e-08,1.0071600161625853e-07,1.1596021825775784e-07
waste_plant,CZ,2.7528130445150825,2.571612192109613,2.5716121925765556,2.195466683342019,2.1259223724518543,2.1110672337960037,2.149977772847179,2.2051753359493285,3.4023764570469475e-08,3.879600873142961e-08,4.200463930163951e-08,4.460376135072451e-08,4.688803783732851e-08,4.896949381192924e-08,5.0968007898935866e-08,5.290080802306344e-08,5.484822063433371e-08,5.6797907931294306e-08,5.875820320334757e-08,6.080393816643551e-08,6.295036868128769e-08,6.514679050288431e-08,6.769191810210089e-08,7.049049151142298e-08,7.363685901061272e-08,7.724789136237932e-08,8.16429742022148e-08,8.729449499370137e-08,9.523619434063075e-08,1.0969592830145889e-07
waste_plant,DE,103.9906651132282,97.88703113046542,99.1339704449536,83.73557326672599,78.54007403737322,82.43853936513727,78.62483269338334,75.44471782883434,61.70553805725551,59.39733939830491,58.96575375334795,58.58146956693201,58.197185372970736,55.88727066315537,55.505913323691864,45.753081782642155,37.290197196337544,34.323143640414706,29.80890279741712,10.35316908418434,6.880581573132151,2.2393407697229377,2.0573581933660634,5.835516849357223e-08,6.789391463492992e-08,7.543052835741548e-08,8.259188060547832e-08,9.038022318228614e-08,1.0034477300508752e-07,1.1717298467498435e-07
waste_plant,DK,26.11527600673671,25.0371212339246,24.12712393100579,17.782735123859666,17.665866231064737,17.548997000331184,12.752439636913,13.0798398466674,12.986162061711603,12.321141043363715,12.231614680737282,12.15190034062505,11.672134015375027,9.454393797371008,9.389879955949748,9.325366118458144,7.217014088394063,7.172000171386669,7.12698625477596,7.081972338360825,7.0369584222217085,6.984082555306214,6.931206688701582,6.878330822182557,6.82545495583887,6.772579090725086,6.725658391689052,6.701536373995381e-08,8.356826186711335e-08,1.040803039730705e-07
waste_plant,EE,2.386884343564551,2.3055932870078184,2.305593303375849,2.2017953470410085,2.187325030568903,2.1728547410116863,2.157512515962238,2.142170311017736,2.1268280909606787,2.1114858709706126,2.0961436495001706,2.082482923595883,2.0688221893062306,1.9867082378887366,1.9731515468665926,1.9595948684092557,1.9474482554796408,1.9353016427584286,1.923155030466129,1.911008418756669,1.8988618075706363,1.8845937178722252,1.8703256300028575,5.531292722232799e-08,6.450817646678306e-08,7.151719852364386e-08,7.819593634558484e-08,8.57041351327506e-08,9.534418756416667e-08,1.1193585587125328e-07
waste_plant,EL,2.7864099765528336e-08,3.097757225725068e-08,3.3960330913695446e-08,3.446718623363312e-08,3.587624099799407e-08,3.74536978625106e-08,3.897837244131259e-08,4.035458931510868e-08,4.1729595719689435e-08,4.3166714820175366e-08,4.4512086656054695e-08,4.600519715573096e-08,4.7410840459262557e-08,4.8901221414758686e-08,5.052099869383603e-08,5.215018627739963e-08,5.394159253315834e-08,5.6526626502009224e-08,5.841525223628091e-08,6.035540160776547e-08,6.27348183267022e-08,6.496488486799705e-08,6.765377384579708e-08,7.057244937992902e-08,7.381085392876488e-08,7.758713184137509e-08,8.226689255094805e-08,8.806964287886375e-08,9.618063168201051e-08,1.1091250894468551e-07
waste_plant,ES,16.708447963644176,15.671905416774152,16.74634663116483,13.63981072935086,13.545162167353142,13.450513614488846,13.35045906756114,13.250404520224738,13.150349972272167,13.050295424609113,12.950240876742058,12.861850009631869,12.7734591428604,12.685068275912059,6.213607697253864,6.170006820736425,2.6754320363415762,2.6584974547722537,2.6415628754482867,2.6978942251241156,2.6807460702213795,2.6606028817158,2.6404596849071504,2.5482186085943677,2.52839356963068,2.5085685349985996,2.4910057171557143,2.4734428996704496,2.4558800831885246,2.4383172701983895
waste_plant,FI,44.92950608691187,43.39940298886502,43.99451432913646,41.44555891222034,41.17317697210015,40.900795061403755,40.612000345163196,40.32320566460277,40.03441095550188,35.64684957205629,35.38783681632704,35.15721166062531,30.777164350399598,30.034353564794774,29.829408484998286,29.624463414540337,29.44083521503489,21.80060367397585,21.66377565790063,20.571443439351665,20.44068873037846,20.287096926708934,8.58149399610333,8.516028640408894,5.798918277005998e-08,6.819208019960286e-08,7.62109180331755e-08,8.4617145271094e-08,9.49665154192547e-08,1.1206069120739875e-07
waste_plant,FR,83.03860103728142,74.78911572039637,80.99748340566623,66.81549966473895,63.71571388205989,60.68051436469284,60.229129276730355,56.51698407541557,48.18299098721449,44.17937208414535,35.906061291769575,33.98383124514325,32.94553935345065,26.00250453540021,21.739487196083495,18.938907935625107,18.56949178565027,10.569023738525315,10.502688945074755,9.368437689457537,8.902310889463406,8.835418721169388,8.724518891482674,7.83911353750145,5.904560239732268,5.858818419182468,5.818228288466799,4.505497649722254,4.473844798874957,8.796785891603257e-08
waste_plant,HR,3.8518406554480484e-08,3.96437616045763e-08,4.1806086900265135e-08,4.1369274051159724e-08,4.288904129288725e-08,4.4557759022322965e-08,4.575260561103577e-08,4.6718524133304355e-08,4.819000543823303e-08,4.975901834110142e-08,5.102489379367404e-08,5.260247086615752e-08,5.4181091074904526e-08,5.5824281554516125e-08,5.747073775552439e-08,5.900638399170664e-08,6.07401294163236e-08,6.258796684013982e-08,6.459466275081682e-08,6.674271876446715e-08,6.900059656174226e-08,7.14858534442234e-08,7.398688813729248e-08,7.675772498581717e-08,7.97831447123895e-08,8.34145619237726e-08,8.776078467988703e-08,9.342545085524877e-08,1.0167771296189165e-07,1.1599068727556159e-07
waste_plant,HU,2.563570745680984e-08,2.9300032441939835e-08,3.313789540408552e-08,3.397326544030784e-08,3.561033981042181e-08,3.7233219327986814e-08,3.879772242180804e-08,4.0221355594538624e-08,4.161507366811457e-08,4.3011734681500775e-08,4.4390742191028886e-08,4.5882605570052146e-08,4.7395773596854686e-08,4.895941418735885e-08,5.058522756225366e-08,5.2275196291712555e-08,5.412443308638421e-08,5.61744121251001e-08,5.8268066673069245e-08,6.047067951406324e-08,6.284500517611379e-08,6.56182844013765e-08,6.827628135764503e-08,7.126667143148766e-08,7.442056132381078e-08,7.831786313471242e-08,8.283843091236338e-08,8.860124684822597e-08,9.690831166335577e-08,1.116527277112559e-07
waste_plant,IE,8.83031686895655,8.280264051152693,8.830316868453492,7.523303696859878,7.471098426958657,7.418893171433774,7.363706132992077,7.308519094377965,7.253332056387364,7.198145018157875,7.142957979114962,7.094204272184575,7.062493990890133,7.187209126065681,7.138165850996384,7.089122575228279,7.045180418685146,7.0012382621451135,6.957296105664691,6.913353948976724,6.869411792902219,6.817794875426634,6.766177958089294,6.714561040829564,6.66294412410333,6.611327208521002,6.565523669132009,6.738508604617776e-08,8.39594694302227e-08,1.0472959440320859e-07
waste_plant,IT,31.82321522755592,31.82321521938834,31.823215221768685,31.64104235636448,24.22944032231243,24.06013400915382,23.88115750803926,23.702181008411785,23.523204507554247,23.96533876091288,18.628028357941467,16.299366887002545,16.625731120912942,14.175747425246511,14.079016540806146,11.446339374116194,11.375388867305714,11.304438361230593,11.23348785485339,11.162537348795096,11.091586843431786,11.008244406546998,9.076580190785958,5.504011881765095e-08,6.411179870264318e-08,7.101420731071847e-08,7.761253159050685e-08,8.496503963075922e-08,9.430267002631064e-08,1.1023196812154327e-07
waste_plant,LT,6.282623120913232,8.544257463211991,8.544257478558258,8.159594418957633,8.105969206528759,8.052343996954981,7.7399203652143145,7.938631123312114,7.8817746645669375,7.824918205521491,7.768061744504478,7.71743670606695,7.412747684025636,7.362506917095184,7.312267458716611,7.262028005138616,7.217014087942735,7.172000170934194,7.126986254008447,7.081972337565968,7.036958421357104,6.984082554430035,6.931206687448847,4.69473373828434,4.6586438610943555,4.622553984044428,4.5905287431156365,4.558503502204008,4.526478262535211,4.494453024089017
waste_plant,LU,2.543650087610382e-08,2.8506099690628385e-08,3.299517661948726e-08,3.358526018870674e-08,3.521771417997991e-08,3.691376370152797e-08,3.853071479175657e-08,4.009581758804868e-08,4.158713214414663e-08,4.313569623305441e-08,4.463517594592166e-08,4.659291448349338e-08,4.829331421620902e-08,5.010508633554094e-08,5.2014797770298874e-08,5.4011598256316946e-08,5.5994260205776664e-08,5.80899311659732e-08,6.034284656493264e-08,6.270396597959586e-08,6.53380441540952e-08,6.794275054015253e-08,7.071923066333613e-08,7.38136687396509e-08,7.7090273906038e-08,8.107734556075221e-08,8.579947857866072e-08,9.167045293728165e-08,1.0009693501902636e-07,1.1524414337569238e-07
waste_plant,LV,2.5500317669340366e-08,2.9007007922829864e-08,3.1848258830369504e-08,3.351146073697669e-08,3.5552792392772983e-08,3.760443001153561e-08,3.9229891746598566e-08,4.0712153555967644e-08,4.2354804953921995e-08,4.393319593011473e-08,4.576766181601155e-08,4.751875441778912e-08,4.929688500623416e-08,5.118695618413423e-08,5.314392014154303e-08,5.5175444423525095e-08,5.7301358983750325e-08,5.949958498826585e-08,6.181147488350033e-08,6.418469362660043e-08,6.663264360485796e-08,6.921623505166963e-08,7.196718335831299e-08,7.503330083921181e-08,7.849350307238824e-08,8.242493012206638e-08,8.706439568237275e-08,9.301148697003059e-08,1.0135460962373213e-07,1.1644922774035014e-07
waste_plant,NL,39.75348024924133,38.62125383278799,38.758738876980445,32.05049694306695,31.82809404139423,31.60569116250282,23.228601418354252,23.054515478864342,22.880429540044116,22.706343601358586,22.532257670516884,22.9812578786942,22.826552266611266,22.07088115116862,22.5171410391641,22.36243542156857,22.22382113923987,15.596254331236992,1.9231550327519424,1.911008421810032,1.8988618127628138,5.2946640109419665e-08,6.128464443855311e-08,6.73106292317663e-08,7.256981839598362e-08,7.804343415850855e-08,8.389163656598327e-08,9.065212603873006e-08,9.982889721860303e-08,1.1574664574957369e-07
waste_plant,NO,10.270681655723763,9.6767106731775,9.879507564102477,9.407297964783329,9.180331819207336,9.119599167848966,9.055206967544741,8.990814774777304,8.926422576715172,8.862030380138327,8.674335614814158,8.61780432438273,7.84327001999535,7.5319614646853825,7.480565680563478,7.429169921942974,7.383119970204943,7.33707001897302,6.131470719556838,6.092744463874787,4.925293984937784e-08,5.724091544914617e-08,6.288204739564899e-08,6.776352238171345e-08,7.241751600041249e-08,7.725942234287317e-08,8.266725136024083e-08,8.91697021740498e-08,9.79453889021919e-08,1.1344340707069876e-07
waste_plant,PL,7.667760759423193,7.5678872565397795,7.567887179536173,6.460943911350214,6.417174638450652,6.373405929397787,6.3270774610168905,6.489515925370387,6.443038025233886,6.396560125334891,6.350082224323844,6.3086982658265205,6.267314301076347,6.018557261124052,5.9774884827603465,5.936419722565158,5.89962263071911,5.623758867374269,5.588462240918262,5.553165614459229,5.517868988202922,5.476407594191469,5.434946200170481,5.393484806508446,5.352023412865982,2.7412820217061196,0.8006736329704051,0.7950878394426729,7.593894893617685e-08,1.0147108719720988e-07
waste_plant,PT,2.6593954481975285e-08,2.8965462125487223e-08,3.27435687639048e-08,3.3212118347297515e-08,3.468363103850858e-08,3.6250600165472105e-08,3.772290881961141e-08,3.915826075644609e-08,4.0501953763654256e-08,4.183530597948515e-08,4.3163419184602e-08,4.4685507980999604e-08,4.619812100109229e-08,4.7746319645699345e-08,4.9415548556433835e-08,5.101137029334829e-08,5.2755419529825795e-08,5.469100358295991e-08,5.685239849749459e-08,5.9133635329744644e-08,6.163173935333908e-08,6.398698216397379e-08,6.65388396683103e-08,6.935475891787413e-08,7.247273340597749e-08,7.606153761096816e-08,8.047952558024215e-08,8.61282956427628e-08,9.41294171588795e-08,1.0892962157650027e-07
waste_plant,RO,2.5383292856415773e-08,2.941890024614854e-08,3.382718950492442e-08,3.474483946595348e-08,3.6441567676012185e-08,3.812755548548806e-08,3.973515518368807e-08,4.120307755040719e-08,4.265360888058242e-08,4.416842410666976e-08,4.568189167192406e-08,4.7177214592997054e-08,4.853970735447407e-08,5.028144795227609e-08,5.192768081661636e-08,5.3647232782401195e-08,5.5533176130666196e-08,5.7609642174648806e-08,5.970083045907226e-08,6.19453339792157e-08,6.438531066850243e-08,6.725918516686504e-08,7.034585288116048e-08,7.316952016207329e-08,7.637726728092337e-08,8.072351000462946e-08,8.533079137728643e-08,9.083517414791977e-08,9.906521172547237e-08,1.1393000647361322e-07
waste_plant,SE,57.49278564172128,54.16787988935035,55.30308788187233,52.659773043049434,26.942697693020502,26.764457782719454,26.57547774454454,26.3864977141161,26.19751767493115,26.008537636956152,25.81955759707936,25.651289627729675,25.483021652434058,25.314753534169576,24.304584195019387,24.1375978213401,23.98798013557063,23.838362450152307,23.688744765470826,23.539127081310365,23.12143479145149,22.947699799887925,22.773964808472147,20.41663273563334,2.166811112821714,6.055457921381107e-08,7.20170811230535e-08,8.175745369949593e-08,9.292856327011918e-08,1.1065928722039789e-07
waste_plant,SI,3.06685688948033e-08,3.377646777190142e-08,3.636478400000936e-08,3.64440532015959e-08,3.780358314234954e-08,3.938334335399008e-08,4.087805778770195e-08,4.245000296070021e-08,4.395905345407882e-08,4.540878770854357e-08,4.681455817759643e-08,4.845550751975362e-08,5.0318326645693016e-08,5.203751011759302e-08,5.382827089423218e-08,5.56727723574173e-08,5.769868171750501e-08,5.988077058554205e-08,6.21620949205279e-08,6.448765981344802e-08,6.701612141241483e-08,6.95152937071772e-08,7.203768558771077e-08,7.497396744555702e-08,7.802935366578844e-08,8.18548627597003e-08,8.635180164717649e-08,9.213611816566175e-08,1.0044758852784397e-07,1.1519452515575986e-07
waste_plant,SK,2.6681223780698354e-08,3.036136758163635e-08,3.4143683453303756e-08,3.499569945652773e-08,3.6738255223642314e-08,3.851319278073046e-08,4.0285367414792154e-08,4.230337874020918e-08,4.389780117265138e-08,4.5480911000870806e-08,4.7066236816918215e-08,4.880886429093386e-08,5.051422373530556e-08,5.220542279959468e-08,5.394835525977671e-08,5.57293084794854e-08,5.763604136858453e-08,5.962829977125015e-08,6.174577029916565e-08,6.43353596876348e-08,6.690902969903671e-08,6.956547206010843e-08,7.227122361074675e-08,7.529839903671829e-08,7.854092744559895e-08,8.243664961591591e-08,8.702364435043019e-08,9.293377820881241e-08,1.0102813291470766e-07,1.1559587827001011e-07
waste_plant,UK,181.31434124977412,178.70019306893667,188.21986072822278,158.94966849807983,153.59484989680013,152.5215862383414,147.79496975785094,146.6873255448877,139.82419184578762,138.51454800581175,137.63849352798985,136.70886934006936,134.14129331881972,132.29723707677104,127.77316855503464,124.70515849802092,121.49213142849527,120.7343614423974,119.5467097460307,116.36355008688277,106.35301510683466,89.64568809030148,86.95363805497225,85.29676103847662,68.01078318343384,51.482351105665394,43.67407683800518,32.503190004142546,22.64291794448044,6.637157366477393
wind_offshore,AT,0.0,0.0,0.0,0.0,0.0,0.0,0.0,0.0,0.0,0.0,0.0,0.0,0.0,0.0,0.0,0.0,0.0,0.0,0.0,0.0,0.0,0.0,0.0,0.0,0.0,0.0,0.0,0.0,0.0,0.0
wind_offshore,BE,122.46408751222943,122.4640875111968,122.46408751164161,120.05458204567834,117.64507658048377,115.23557111537211,113.4735764057763,111.71158169561573,109.94958698551511,108.18759227538112,106.42559756535087,105.17402829874875,103.92245903173657,102.67088976472765,100.04799927833642,91.48627968490459,90.55238712108786,89.61849454803777,75.97724615239875,65.9770162691636,65.27485165321202,76.87155219800272,76.50389140510389,76.13623075554086,68.81258679801252,75.40090908049083,75.14565926951417,74.89040937674176,74.63515947613304,74.37990957037022
wind_offshore,BG,2.256026412029944e-10,5.123481479316071e-10,7.326008928385943e-10,9.167893606711375e-10,1.08603557763939e-09,1.2449275534114593e-09,1.4088250376382436e-09,1.5746437682037615e-09,1.74378404078865e-09,1.9174744084286567e-09,2.096872022819285e-09,2.2949290028900315e-09,2.5037167822468792e-09,2.724892624348231e-09,2.9603451754105853e-09,3.2122646697780697e-09,3.4909783270359568e-09,3.792897991353702e-09,4.122130799557176e-09,4.483878302745267e-09,4.884873888342224e-09,5.3631847884910275e-09,5.905831940215689e-09,6.531392650467e-09,7.2678041484768476e-09,7.988582393940634e-09,8.907962604702465e-09,1.0259777766615058e-08,1.2379685105005825e-08,1.6742078954603425e-08
wind_offshore,CH,0.0,0.0,0.0,0.0,0.0,0.0,0.0,0.0,0.0,0.0,0.0,0.0,0.0,0.0,0.0,0.0,0.0,0.0,0.0,0.0,0.0,0.0,0.0,0.0,0.0,0.0,0.0,0.0,0.0,0.0
wind_offshore,CZ,0.0,0.0,0.0,0.0,0.0,0.0,0.0,0.0,0.0,0.0,0.0,0.0,0.0,0.0,0.0,0.0,0.0,0.0,0.0,0.0,0.0,0.0,0.0,0.0,0.0,0.0,0.0,0.0,0.0,0.0
wind_offshore,DE,420.0281624415501,420.0281624420488,420.028162444094,411.73469075106334,403.4412190588107,395.1477473663705,389.1093808063079,383.0710142467125,377.03264768769697,370.7769605270189,364.74213112265056,360.3334383208383,356.04351410509133,351.52443684750585,347.2373073494798,340.2459522517218,334.63103450579007,331.1757414576936,529.8126415728287,705.9452883301082,1181.1919311066554,1164.2576292120757,1157.8559348534125,1152.2882992902025,1146.7206637274476,1141.1530284723733,1137.2825997211476,1133.412170995205,1129.5417422518244,1125.6713135227496
wind_offshore,DK,93.25931866197917,126.51986585276276,126.51986585356919,124.01453088820179,121.50919592304936,119.00386095756323,115.14871983021315,105.33912560353748,93.14668782778045,91.65565412919632,90.16462043002853,89.10341084916361,88.04220126855692,86.98099168796875,75.10696510379938,64.87148293026736,64.04762562905987,63.38564350643142,45.30695988648947,44.82879269492242,44.35062541352363,43.63564605415956,43.42673034649921,42.05369838692944,25.023359277181566,24.901808387757328,24.817223566424197,24.523777469856984,24.440145810860855,24.35651410940855
wind_offshore,EE,2.2335032176380538e-10,5.070360424457446e-10,7.243991004457452e-10,9.061298086074579e-10,1.07280492586992e-09,1.2288898895276168e-09,1.3898693992061443e-09,1.5525483812003704e-09,1.7183325366138608e-09,1.8884561023049966e-09,2.064069920912596e-09,2.2579180573839756e-09,2.462189856843916e-09,2.6785160495830827e-09,2.908754384752466e-09,3.1550707159230193e-09,3.427640250106956e-09,3.7229623621860464e-09,4.045084744141372e-09,4.3991072306984895e-09,4.7916332424885355e-09,5.259971181644893e-09,5.791426371978318e-09,6.404101131115537e-09,7.125556961264178e-09,7.831480421829303e-09,8.730292993460797e-09,1.0050748481791314e-08,1.2118279051320958e-08,1.6377724439019404e-08
wind_offshore,EL,2.3572216040110846e-10,5.323789517107907e-10,7.583469315076922e-10,9.461043450286216e-10,1.1179145519715897e-09,1.2790051840723637e-09,1.4449063558656924e-09,1.6122529345210178e-09,1.7822250477721667e-09,1.9560011480246764e-09,2.1348192537467006e-09,2.3318767344782675e-09,2.5390180972074424e-09,2.7579801054638084e-09,2.990728704699409e-09,3.2395361260327807e-09,3.5148128640020666e-09,3.812917124489605e-09,4.137937280970345e-09,4.495009670264822e-09,4.890735857169284e-09,5.3629519302425175e-09,5.897995706836647e-09,6.513391436993141e-09,7.23418852176076e-09,7.914761420404092e-09,8.787219296599626e-09,1.0077870270478487e-08,1.2089060827305286e-08,1.6148607938692174e-08
wind_offshore,ES,0.2494516135548363,0.24945161362289558,0.24945161369497543,0.24476159611548426,0.24007157853858185,0.23538156096326865,0.23175581503747067,0.22813006911651096,0.22450432320152158,0.2208785772918229,0.21725283138876655,0.21471235216841955,0.21217187295872897,0.20963139375993298,0.20709091457452752,0.20455043540545156,0.20249338204451592,0.20043632870661843,0.19837927539696074,0.19632222212257838,0.19426516889329382,0.19334745130814943,0.19242973380937076,0.19151201643616403,5.131724351996657e-09,6.030515115297615e-09,7.153930271144917e-09,8.644630048126237e-09,1.087082716425335e-08,1.5308657440399215e-08
wind_offshore,FI,2.430940349627272,2.430940348961136,2.4309403495309354,2.3828549918119566,2.334769633948048,2.2866842760250927,2.2517513636232747,2.216818451091576,2.181885538638208,2.146952626181625,2.112019713427189,2.0871653321408075,2.062310951225244,2.03745657055326,2.012602190684368,1.8845464564042032,1.8652744637807523,1.846002459642117,1.8267304438600318,1.807458451273056,1.7881864277031265,1.7796579147414568,9.093836044082403e-08,1.0974963153938615e-07,1.2222506719764304e-07,1.313057736502531e-07,1.4238691232686413e-07,1.5642702732443267e-07,1.7578109110446316e-07,2.0931474466627957e-07
wind_offshore,FR,0.11288517054552896,0.11288516948527563,0.11288517215067778,0.11062149969923261,0.10835782783201033,0.1060941564150924,0.10447715515365989,0.10286015378735579,0.10124315241578868,0.09962615091169312,0.09800914953358161,0.09685373794950099,0.09569832677845162,0.09454291596471621,0.09338750531682578,0.09223209457368334,0.09128452847674519,0.09033696285795739,0.08938939793762463,0.08844181502612992,0.0874941975474176,0.08493083860643592,0.08278423753484415,2.6564955042292806e-07,3.063054480368705e-07,3.4759282970778496e-07,3.8711234922198857e-07,4.169737777704811e-07,4.647097712929938e-07,5.437708122394781e-07
wind_offshore,HR,2.2515134462746744e-10,5.086089213251088e-10,7.258085163038664e-10,9.062713624259109e-10,1.0698501093820808e-09,1.2214754535966247e-09,1.3780294130992728e-09,1.5357576245436508e-09,1.695902489562489e-09,1.8596496804352599e-09,2.028146071690389e-09,2.2142898112468296e-09,2.41038223523436e-09,2.617942946795948e-09,2.838704185297102e-09,3.074937242731336e-09,3.3367120853691805e-09,3.6205885874877544e-09,3.930491695458724e-09,4.271341811190767e-09,4.64945442743789e-09,5.101686733377842e-09,5.6158773850335054e-09,6.2099923458969806e-09,6.913144151670354e-09,7.600521467140623e-09,8.471662799080306e-09,9.758430230079207e-09,1.1773219300752997e-08,1.593387504846734e-08
wind_offshore,HU,0.0,0.0,0.0,0.0,0.0,0.0,0.0,0.0,0.0,0.0,0.0,0.0,0.0,0.0,0.0,0.0,0.0,0.0,0.0,0.0,0.0,0.0,0.0,0.0,0.0,0.0,0.0,0.0,0.0,0.0
wind_offshore,IE,1.363463063731635,1.3634630618198191,1.3634630633276923,1.3366829092748618,1.3099027555557017,1.283122602553575,1.2634975207788535,1.2438724391856744,1.2242473575418198,0.0,0.0,0.0,0.0,0.0,0.0,0.0,0.0,0.0,0.0,0.0,0.0,0.0,0.0,0.0,0.0,0.0,0.0,0.0,0.0,0.0
wind_offshore,IT,2.251396419480844e-10,5.084969895998034e-10,7.256982427264455e-10,9.062082411260906e-10,1.0698684250052258e-09,1.2215288787956755e-09,1.3781392407613049e-09,1.5359300268565681e-09,1.69613166662272e-09,1.8599547101186447e-09,2.0285454588613917e-09,2.2148819793902693e-09,2.411174168456521e-09,2.6189509628711295e-09,2.839952507744543e-09,3.0763802282303104e-09,3.338374454281781e-09,3.6224871380342326e-09,3.932635987411234e-09,4.273743170707556e-09,4.652099055585188e-09,5.104575629526175e-09,5.619026825298803e-09,6.213456844729342e-09,6.916836627498131e-09,7.604554581074038e-09,8.476053087014675e-09,9.763131730972127e-09,1.1778209609498866e-08,1.59385270380754e-08
wind_offshore,LT,2.2428917792734318e-10,5.052719963527729e-10,7.22534931448514e-10,9.04107959138351e-10,1.0698240022964897e-09,1.2235713860053547e-09,1.3819350353452158e-09,1.5417747478723684e-09,1.7047079522910227e-09,1.871939734476307e-09,2.044606308875892e-09,2.2353207475689752e-09,2.4363303953705676e-09,2.64922372257971e-09,2.875802581486423e-09,3.118161886119602e-09,3.386282457143911e-09,3.6765999509886362e-09,3.993118473722982e-09,4.340928895313821e-09,4.7265483561227924e-09,5.186842947088362e-09,5.709275399585164e-09,6.312280707266587e-09,7.023178640425532e-09,7.719304085532985e-09,8.603190167049554e-09,9.905977376651913e-09,1.1944877402334935e-08,1.6145825323001716e-08
wind_offshore,LU,0.0,0.0,0.0,0.0,0.0,0.0,0.0,0.0,0.0,0.0,0.0,0.0,0.0,0.0,0.0,0.0,0.0,0.0,0.0,0.0,0.0,0.0,0.0,0.0,0.0,0.0,0.0,0.0,0.0,0.0
wind_offshore,LV,2.2256053664448302e-10,5.077729808071298e-10,7.254478077359202e-10,9.05864959784842e-10,1.069141467848636e-09,1.2215411225682299e-09,1.378249224666775e-09,1.536412860686991e-09,1.6971882174086631e-09,1.8617535550853298e-09,2.0312084709628122e-09,2.2180503827896354e-09,2.414585109138068e-09,2.6224659199248494e-09,2.8435858822999504e-09,3.080131742014806e-09,3.342057421287162e-09,3.625904226143742e-09,3.93551723781869e-09,4.275822679898405e-09,4.653542914989168e-09,5.105031576291435e-09,5.617969356256238e-09,6.209837615367767e-09,6.910713186846982e-09,7.59484633479913e-09,8.458451102142418e-09,9.736255296910554e-09,1.1742451154903604e-08,1.5895176938903597e-08
wind_offshore,NL,100.97866281372974,162.73204689313968,162.7320468938066,159.52423338956726,156.31641988531993,153.1086063817558,150.76825648138086,148.42790658075745,146.0875566801664,143.74720677972576,141.40685687892798,139.74350780021123,133.0863012633145,126.00122040012062,124.4648700467863,122.92851969321225,121.6728728127383,120.41722592064208,119.16157901277221,117.90593213246628,111.19459423339742,103.55987474392359,78.18165764829844,77.80582458812329,77.42999156190668,77.05415859138742,76.79306354695794,76.53196852993291,76.27087355266134,76.00977858436511
wind_offshore,NO,0.1310860649243848,0.3362642553827487,0.3362642563547624,0.3294901907823736,0.32271612588006654,0.3159420607299468,0.3111305236754362,0.3063189865475833,0.30150744964529363,0.29669591284284247,0.2918843761672431,0.28844135195902937,0.2849983283949357,0.2815553052678969,0.1696956358673922,0.16759480940393848,0.16587029358492675,0.16414576635749506,0.16242122941416542,0.16069671432875027,0.15897216970698808,0.15821126484481227,0.1574503381696626,0.15668942476316486,0.15592850088513,0.15516763443879616,0.15463274323960322,0.14969292873119086,0.14917819720934966,0.14866346310586417
wind_offshore,PL,2.2431080757177072e-10,5.095020404953559e-10,7.274582014375376e-10,9.084331766946799e-10,1.072427629600471e-09,1.2249257985112403e-09,1.382144990024245e-09,1.5406904677878628e-09,1.701773045825217e-09,1.8665775783752597e-09,2.036252602170655e-09,2.2233682467902053e-09,2.420262020001535e-09,2.6286397580528163e-09,2.8504159605325657e-09,3.087779056813788e-09,3.3507019869337254e-09,3.6357140616548546e-09,3.946709124966363e-09,4.288522831611829e-09,4.6676409303841e-09,5.1206959177621004e-09,5.6352786424368966e-09,6.2288991027900835e-09,6.930861692483806e-09,7.615301246245829e-09,8.480243216609828e-09,9.760080503375208e-09,1.1765518299401258e-08,1.5903490249526808e-08
wind_offshore,PT,1.257236131995648,1.257236131995648,1.257236131995648,1.2335984430336,1.2099607540747774,1.1863230651127297,1.1680493052340224,1.1497755453553153,1.1315017854798337,1.1132280256011264,1.0949542657224192,1.0821502498609152,1.0693462340026367,1.0565422181411328,1.0437382022796289,1.0309341864213504,1.0205666365224961,1.0101990866236417,0.9998315367247872,0.9894639868259327,0.9790964369270785,0.9744711382877185,0.9698458396483585,0.965220541012224,0.960595242372864,0.955969943733504,0.9528145900019712,0.9496592362672128,0.9465038825356801,0.9433485288041471
wind_offshore,RO,2.2559940041119672e-10,5.096632635131179e-10,7.278339675175995e-10,9.095783761708582e-10,1.0746824243246986e-09,1.2275805537176456e-09,1.3854456843194325e-09,1.5444691082041956e-09,1.7059566637366422e-09,1.8714846191532005e-09,2.0423582937912516e-09,2.2311150676774355e-09,2.42998114202581e-09,2.6405436633557616e-09,2.8645940866742767e-09,3.104191489742744e-09,3.3693117394261258e-09,3.6566593851942093e-09,3.970140369432515e-09,4.314705173405555e-09,4.6967264969154066e-09,5.1527945099459e-09,5.670760285153224e-09,6.268486162498162e-09,6.973955459687336e-09,7.66246787613219e-09,8.534172098371204e-09,9.820830908181178e-09,1.1834623757303376e-08,1.598342653124439e-08
wind_offshore,SE,10.848994171696974,10.848994171543232,10.848994172413322,10.631003368875513,10.413012566043424,10.195021762746068,10.039690971958443,9.884360180951614,9.729029390117908,9.573698599382057,9.418367808675326,9.307307410979618,9.196247013852348,3.8448281973204597,3.7978277174296453,2.3616319693467234,2.3373525962263333,2.313073212851069,0.1346349261390089,0.1332067342389228,0.13177852063803983,0.13114814293191615,0.13051777510166523,5.189992391252085e-07,5.568275635833835e-07,5.829732596890859e-07,6.127728433017841e-07,6.498095695527037e-07,7.060621524167307e-07,8.139162259503464e-07
wind_offshore,SI,0.0,0.0,0.0,0.0,0.0,0.0,0.0,0.0,0.0,0.0,0.0,0.0,0.0,0.0,0.0,0.0,0.0,0.0,0.0,0.0,0.0,0.0,0.0,0.0,0.0,0.0,0.0,0.0,0.0,0.0
wind_offshore,SK,0.0,0.0,0.0,0.0,0.0,0.0,0.0,0.0,0.0,0.0,0.0,0.0,0.0,0.0,0.0,0.0,0.0,0.0,0.0,0.0,0.0,0.0,0.0,0.0,0.0,0.0,0.0,0.0,0.0,0.0
wind_offshore,UK,574.177411166971,576.7915862298626,576.791586229005,565.3658112976384,553.9400363636239,542.5142614308359,534.2284736312592,525.9426858314631,514.6933266144442,503.53883920875137,491.04487381216734,481.0127542894389,470.61506914528945,464.94227452166103,446.31203375507704,411.4246669489764,399.03816877506523,343.92488053264265,297.8455198125467,277.62039493528613,229.63589109911396,224.91952088905452,189.79922688546316,104.18637347277007,23.684776082622676,23.570016344721285,23.490606006717567,22.802980606615396,22.72634568366105,22.64971077338422
wind_onshore,AT,241.30906144768494,245.4263189139711,245.4263189135049,244.43743716540286,243.44855542298205,242.4596736783257,240.87612149474148,239.2925693100343,237.7090171241396,236.12546493906578,234.54191275349748,232.9364935380031,231.33107432288926,229.72565510354272,228.12023589386652,226.5148166722028,225.01257485183257,223.51033302211448,222.00809119438642,220.50584935998663,219.0036071913586,214.52507180288274,212.0530935889786,210.94696466410582,209.84083573911587,208.73470680997193,207.80571036078206,206.8767139062289,205.9477174523331,205.0187209983146
wind_onshore,BE,174.94768697274316,179.38617501389865,179.38617501621093,178.6650058978475,177.94383678055414,177.09187105123613,176.06697422014022,174.91128080118966,173.7555873822396,172.5998939587022,171.4442005416164,170.2687464515379,169.09329236113678,167.91783827075926,166.74238417886892,165.56693008786647,164.46734267489305,163.36775526056866,162.26816784815395,161.1685804337386,160.0689930193884,159.24635462940566,158.3699863711854,156.2399933288184,155.42234249599576,154.6046918017844,153.91768917145592,153.2306862545011,152.54368355086783,151.85668691929848
wind_onshore,BG,19.165441490810174,19.165441491401804,19.165441492767524,19.088678035286875,19.011914578384467,18.935151121922278,18.81198645586035,18.688821793096274,18.565657138901656,244.10060062997056,252.16836974396136,251.31876122903103,249.46587434739942,250.7904821654095,279.0319170343057,275.03764909754926,278.9420329081725,297.8841459074618,308.3524279500464,310.4033209461764,320.41854559256325,356.37760525166897,355.0559123118446,353.0960836046562,350.9188100123799,349.0667837603734,347.5141273099837,345.9245703464233,344.38119566120236,342.6822810979838
wind_onshore,CH,1.9097089210985716,1.909708923043393,1.9097089247429175,1.902069038557381,1.8944291530888737,1.8867892680393195,1.8745265415682393,1.862263819124872,1.8500010991321774,1.8251798056226294,1.732954411334437,1.7210304779510812,1.7091065681884232,92.91519381244375,372.79339186634974,377.79292444841104,414.36244133487344,469.3181242268668,479.51926380484497,476.22545843623726,472.2703607419752,647.419184203893,645.3667211607658,641.5069488199281,639.6720236253428,642.2069708270923,648.9100250147496,665.0937653477642,666.8481127064995,665.5427459215095
wind_onshore,CZ,657.5360274162638,657.5360272749278,657.5360272758707,654.8984185530244,652.2608096787621,649.6232008122199,645.3435066795137,758.4195884693522,755.3735459600284,757.3811414216872,755.3499552494808,870.2465224309873,882.9309774160988,933.1019607718858,961.7586819081869,1000.2083863818737,1061.605806117364,1087.6530642952316,1132.27397157909,1167.8409841593127,1191.8353706929317,1193.4824124591187,1187.1885139632118,1185.0935125679227,1221.736784954712,1215.5380962927172,1210.3411254460846,1204.490935584175,1198.338566492706,1192.3765329010232
wind_onshore,DE,1217.1530079936315,1256.636495055853,1250.8515334142776,1236.3029818606678,1203.8289494981293,1167.1590810483758,1100.6665802161892,1031.254010803023,1137.4916204621577,1238.3012635636576,1697.063644645728,1831.9247645228484,2108.2016887758,2174.590228999831,2159.3056432774956,2144.021057547391,2129.7330976848,2115.4451378290646,2101.157177965666,2086.869218099061,2072.581258228657,2061.8787231560545,2051.1761880706335,2040.4736527222142,2029.7711174940666,2019.0685823724941,2010.0804641987854,2001.092345991669,1992.104227955038,1983.116109599947
wind_onshore,DK,476.7392379495089,479.04452197056156,479.04452197449973,476.81897356338555,474.3747812078406,471.73417221201316,468.33484168185885,504.76142191598956,508.5713961420197,505.7442559165947,506.78067424581246,513.1515621850248,509.6102687239732,513.8668406929638,514.3524310758851,542.1232791918131,601.5132236479233,593.6431727523046,603.4297816913179,638.372538905739,702.9450619022182,800.7552077554459,796.2933079929113,792.7215727338775,798.736517593129,769.2579958314151,765.8818183858373,762.4881887068988,759.2369072676341,777.6942681595767
wind_onshore,EE,7.679778095117489,7.679778095696669,7.679778097173324,7.648915993377588,7.618053889989663,7.5871917868970575,7.537728056680829,7.439911350177532,7.390767016558659,7.341622683660227,6.637377035945907,6.591856794766585,5.99890410023431,5.530129538623702,4.180270311429283,4.01043263030442,3.3169635459592253,0.7737670100568783,0.5592230056175329,0.4960281666056394,0.13864864378985559,54.85591062375561,59.329472795180756,63.182359009444276,62.85244727734103,62.522535523908616,62.245206095698464,61.96787652763764,61.690547162264345,61.41321786715827
wind_onshore,EL,334.38429696421707,342.4883650094954,342.48836502162624,340.8844690815518,338.9790827717012,335.5281809507927,338.020704506588,340.48651210053947,341.2050345414863,345.5416941754821,348.55762902270396,347.5369874865645,347.3930788146399,353.6620993613237,359.20836875260676,351.97421794757884,344.72562430311234,355.3031606599906,381.92464384688554,378.62738085733207,435.5938697830301,572.4469459821958,595.2097353888184,587.1784945939958,576.9690296638764,577.0453002647564,574.9981178483757,572.4509637968442,574.4072619898265,573.4243479304638
wind_onshore,ES,1403.0275345726461,1415.1412561267732,1410.1052071141194,1398.4303656681375,1383.9503500482429,1359.283524165963,1328.9173088134064,1297.894372037267,1364.041135088081,1422.5718943892007,1478.7319775978865,1496.7372211692586,1498.7813203717544,1566.877336890291,1574.5302339307668,1535.2193284711634,1505.5797743613246,1500.9758801714443,1544.8360270294997,1736.7856127860446,1853.7590686760302,1846.9814522593942,1841.3144810830443,1938.1035542884727,1947.8959365570677,1937.5152889529866,1947.8258789331592,1944.5062497046692,1961.2470450727692,1964.2101729099838
wind_onshore,FI,572.2653353234116,587.1483439033894,587.1483439103538,584.773717644552,582.2297390091919,579.8558032518044,579.6016438135771,582.1361302669865,610.3587009041876,611.4656167273417,614.1687410449559,609.9764507325577,633.5574546591396,630.0065650798044,642.3761743337437,637.868182003315,633.6478350913721,629.4274881657793,625.2071412394786,620.9867943165194,616.7664473839391,613.6133960994428,610.4603447926025,607.3072934908967,604.1542421778659,601.0011907401296,598.3474446436159,595.6936984529457,593.039952351241,590.3862062382208
wind_onshore,FR,429.3664527347902,454.95141234343936,454.95141237057453,452.9565643599955,451.0309912240032,448.7242121270174,445.4631757190477,753.9912961098381,827.4771143115294,883.8417127438789,1037.581291834465,1100.9715348474408,1124.6961072581817,1180.162617161637,1233.27961791323,2163.0751550196123,2450.672089385358,2451.6000010211046,2592.6751268694993,3096.057596740686,3444.3231872711044,3867.438738616164,4158.5896800818355,4519.419091210378,4464.836710622297,4709.886472565211,4865.610520115646,4844.3887509211145,4823.965511359275,4804.279617554521
wind_onshore,HR,12.671268946514733,21.145943997537387,21.14594399796715,21.061765042045025,20.977586086189746,20.893407130589427,20.758073523578798,20.62273991660948,20.48740630977977,20.352072703179783,20.093728819046436,19.72694252932871,19.589775424198944,19.452608319478024,19.12406105642062,18.156910766561925,17.648250471050897,16.092170369369676,14.068693102012825,12.321767601584053,11.43360407632633,21.87544397276942,21.76127332862559,21.647103048686738,21.53293427492266,22.380565089110124,22.28049567862826,22.676949798721964,22.574639805030895,22.472329732636194
wind_onshore,HU,561.7491829228954,561.7491829669904,583.6617812266365,581.3139332086312,578.9660853248351,576.6182374270305,572.8434643647442,570.6698015756566,582.4368937754721,604.43505026322,603.8477289367153,608.7670169582793,633.7279274301586,667.11901952585,667.6191965730404,705.5525239415668,707.5853583085124,733.9177401008103,866.458101712605,886.5128226186188,902.4691262571803,1020.8788808442607,1015.4425696163887,1010.2596642109766,1005.3555043562136,999.1214484962318,999.1724401436464,994.3339577433621,988.8745469913785,986.3470245825915
wind_onshore,IE,297.02534426509936,297.5423163053548,296.54447116689005,295.02434479394,293.63990608022436,291.38526974734486,289.26647977498794,287.10488541271815,283.7163253166426,280.72704939479,275.2176425816881,268.9871014061402,263.8623986338859,266.15056977160475,259.26534106401,288.22477836617804,287.1713535978589,285.61537917061463,286.2785369784909,284.5976107819215,284.1718956346111,282.71568266233993,281.25946946615926,283.1815493872869,281.01207101999296,296.1849214859861,304.0775202532285,302.34947907100246,300.9975303608055,299.6577018955725
wind_onshore,IT,843.7213451478827,854.370211076737,854.3702110778244,850.9513034820936,846.9752669651916,838.2162594608475,829.4931173129828,822.9457543775195,807.4675667790358,793.5687734740528,971.2761047628873,1233.4276206537365,1552.8003394244818,1805.6831612695737,1983.5964324076058,2307.960663636414,2574.4361660348736,2702.2249638477892,2659.899349912522,2636.882149070207,2615.08424081507,2584.478467030508,2563.206806184895,2537.531659840776,2511.8875670588436,2538.11900116709,2547.3564205151392,2540.0073248040317,2532.5962863064533,2544.6698433607276
wind_onshore,LT,214.36980572582613,215.90201412143116,215.9020141317567,215.0317691856507,214.16152426156944,223.3650194329123,233.9122631646738,232.37062755226935,233.5553232676624,231.9839530906365,248.86326116853357,247.13813993193838,250.8460433152028,260.4781024746159,257.8728233957487,284.27213474229677,281.0181783339468,284.2561148373834,325.475232854268,331.4076471552815,333.00253979504964,433.5078341363107,435.44676735044766,441.70206260549935,439.3994594042905,441.78927045256813,441.53627469704156,439.5733533757987,454.1987169554761,461.5662638074293
wind_onshore,LU,3.0312950947831,3.1285086441404197,15.328957031233832,15.267304719594822,15.096071082410097,15.034863087835246,15.045214505232902,14.946428929951924,14.847643425333931,14.748857764781462,14.650072263667113,14.54966053680498,14.449248805757657,14.34883703486559,14.24842527709515,14.148013472232588,14.054077273393023,13.960140896768483,13.866204706114855,13.772268483643753,13.678332252816421,13.608062021027049,13.537791597419389,13.350072284959872,13.280232914604355,13.210399600336485,13.253448176392936,13.093030532184052,13.036777734070505,13.09066208848621
wind_onshore,LV,1.0676994756368738,1.041172781399148,1.0411727830123159,1.0369844982080962,1.0327962140815037,0.9718270263970875,0.9654869531531979,0.4892726871844631,0.4860385403795616,0.4828043938650924,0.4795702488647771,0.4762837028586371,0.4729971595720447,0.4283264308022666,0.425329461423106,0.42233197341101186,0.41952823128407585,7.406805574948811e-07,1.3443837323168497e-06,2.3753198096363785e-06,3.2179409081690134e-06,28.033810470460335,27.88907095478674,27.74433135379128,27.599591805406185,27.454852226230468,27.333157567686534,27.211464460727086,27.089769048468167,26.968075515452778
wind_onshore,NL,826.5595472925553,841.9284758992413,841.0152720249641,837.0635663925309,833.567133458392,829.0986253825639,823.4737404670401,814.3852406918014,805.3322175899156,836.4869003881387,831.2806496684702,868.0463481217473,899.3586426635334,990.6128542492464,999.255204957016,992.2055687815606,985.6118019340626,979.0180350873809,972.4242682359474,965.8305013861496,959.2367345310844,954.3025818626387,949.3684289408321,944.2761140420198,939.3447480536639,934.5659661700016,930.4187224867064,926.2714735520177,922.1242336650371,917.976988269815
wind_onshore,NO,80.7020825699863,93.38064918254385,93.38064918761029,92.92246761089656,92.46495287928919,92.08999285203967,91.48922289732286,263.8906904334354,372.59280331246373,393.11010767380264,552.3898909881177,577.3766419322121,587.5376562321552,609.7758495534704,681.1149868113383,684.4498394589045,739.8696003145396,773.7820177020507,825.4958215869709,823.110691404417,861.8170114941962,1034.4702842896888,1068.1849983877173,1073.7904462764902,1056.1918365197766,1090.0618271411968,1103.3403292306346,1160.3986823234434,1157.8670069958303,1168.2608672682827
wind_onshore,PL,2038.2977126278329,2054.5036773629504,2054.6490410497363,2046.390225121833,2038.1277275583084,2029.8652299216217,2016.235427697651,2117.000183137328,2109.1852638219407,2095.190158104662,2131.9527146707283,2127.222200117121,2112.474900288323,2097.582473026377,2082.935933592834,2067.8630840527885,2054.2574116820674,2040.7569068511912,2027.2891701353951,2013.5505213548722,2000.1881829721174,1989.7335539385792,1979.4558341039099,1969.1781140151102,1958.9014330720256,1948.6313008829195,1939.9993580114733,1931.5716593523193,1922.6423710958818,1914.3328774239164
wind_onshore,PT,310.71235173316376,313.8021416675525,313.8021416887118,312.526396762226,311.0478857139566,309.00454596183704,306.54754538306594,301.8260592443212,298.1921140214185,295.74924779654805,294.1342493936198,278.1759307965222,265.08536825041375,252.2975945330385,233.93760254237333,222.10440308613258,212.35132372959222,208.3370144592264,201.6625541647,196.2163857129397,193.0795067847995,184.98518265516248,183.83130753916734,181.30768475393745,184.60616202000006,186.35174902641347,185.57131801526594,186.05097020895175,185.65419661259406,184.82142612760094
wind_onshore,RO,68.25761416546831,68.25761416650785,68.25761416821649,67.98384115066816,67.71006813394439,67.43629511697178,66.99723389026599,66.55817266416052,66.11911143930384,65.68005021652564,65.24098899699457,64.79292523055798,64.34486146478972,72.91545376567308,75.02008011196682,74.49109691307487,108.62132174217606,114.93522405677116,115.84598568276444,117.98322530769312,132.26281124650941,182.4179003593897,181.28010453100273,180.3368476889376,179.3935905700447,183.96026610039092,200.18782679962825,199.31440914076458,199.3509465784321,198.4535247891348
wind_onshore,SE,203.6884637144256,234.38426130281158,234.38426130385486,233.38012028199432,232.4234549210489,230.94494058942539,228.92784258113358,226.51176282031577,223.48329784071407,220.99609267321242,219.0702790088868,215.30963446063166,209.70067740639462,204.61651759216144,196.3157680251507,182.81446948616818,170.6787332624495,155.84085966682943,142.6153202377477,122.2014407715498,106.71633225196427,94.005307160954,89.80529405962011,79.65200254930451,64.33332595501095,63.99582016670873,63.712075105225935,63.4283299779056,63.144584928697746,62.86083989067993
wind_onshore,SI,0.06725483582259364,0.06725483574687982,0.06725483593926855,0.0669890123975645,0.06672318882467507,0.06645736554901746,0.06602899763841621,0.065600629739787,0.06517226184636031,0.06474389383917066,0.06431552590662996,0.06386913491780169,0.06342274388828399,0.06297635302448329,0.0625299621987721,0.062083570624074845,0.06166689535501285,0.061250211042641715,0.060833078337877204,0.06041637944572026,0.0599995819588738,0.05942482158163522,0.0591128458218885,0.05880077618021854,6.864656752534567e-08,8.261446070539004e-08,9.455833480657883e-08,1.0691584791432817e-07,1.2163041037987486e-07,1.4556467489863025e-07
wind_onshore,SK,0.109715278580973,0.109715278807562,0.10971527945334282,0.1092780290609113,0.10884077889611901,0.10840352890047115,0.1077008250228165,0.10699812177054609,0.052105601421319404,0.0414089161743412,5.178776174366116e-08,6.276206998059869e-08,7.119886608085564e-08,7.893899842222736e-08,8.658083871601173e-08,9.455445566995486e-08,1.032994029605594e-07,1.1312825058786397e-07,1.2570559569947715e-07,1.4746018824808964e-07,1.7146186032278464e-07,1.9609397959683528e-07,2.153639226316657e-07,2.3620642318506684e-07,2.5876399691778917e-07,2.8865098926247346e-07,3.21300624883557e-07,3.58691225348273e-07,4.0438306730952795e-07,4.750673190615277e-07
wind_onshore,UK,2035.618072855314,2045.7630955826673,2044.5542416799494,2035.9953086497337,2027.1191636162205,2036.027689767136,2139.7733926541023,2198.5624487250643,2242.2353028405273,2279.299645848099,2304.2266004432795,2422.0981111427245,2443.6195085316217,2538.895252386509,2631.689829776079,2628.1863788514115,2661.217275463074,2753.772763412164,2830.8577323859913,2843.097125109659,2872.4376190220687,2858.4621718960702,2860.4251425404914,2950.174059730885,3187.7833338192695,3254.4496750544586,3261.1004943578355,3339.525223703463,3334.4107034160525,3329.3373222005184
