technology,capacity_type,location,0,1,2,3,4,5
DAC,power,AT,9.136584530183553e-10,3.247085460539193e-10,4.020595057911341e-10,5.468760916837465e-10,1.6882841065409236e-09,1.1876024180860228e-08
DAC,power,BE,9.154616598695662e-10,2.957480082684228e-10,3.918581184381216e-10,6.105879486318361e-10,1.5220969184327747e-09,1.1934241809479882e-08
DAC,power,BG,1.0039264846454839e-09,4.0432354040855826e-10,1.6956314147813754e-10,5.161134060871978e-10,1.553588111827022e-09,1.2348142804200651e-08
DAC,power,CH,9.150065997648132e-10,3.5682289284055427e-10,3.5178535563067457e-10,6.065481262830628e-10,1.6912226269853938e-09,1.1528125337312085e-08
DAC,power,CZ,9.824562442307444e-10,2.460067528620849e-10,4.1071785819404235e-10,5.464692347110425e-10,1.9398610319004166e-09,1.1659235232774877e-08
DAC,power,DE,9.189056946547411e-10,2.558444287672328e-10,3.463968428093467e-10,5.197072593628391e-10,1.6895304713096342e-09,1.0870725137502144e-08
DAC,power,DK,8.732363993198363e-10,4.2980769813048535e-10,4.68975591342927e-10,7.209299756579295e-10,1.4877690579992927e-09,1.3596995488216512e-08
DAC,power,EE,8.969869683502639e-10,3.967595680091107e-10,4.1733827744722697e-10,6.543995839231635e-10,1.6780441709708672e-09,1.1554195285473625e-08
DAC,power,EL,1.033524818278115e-09,1.0245453617832653e-10,3.6640639531411403e-10,4.3755268208044475e-10,1.5333871878717622e-09,1.1011440044601846e-08
DAC,power,ES,8.448850273892543e-10,4.402769252398826e-10,4.830832774160051e-10,5.564841882611136e-10,1.599491707376876e-09,1.3464272354494566e-08
DAC,power,FI,9.770670759360553e-10,2.9654061068056525e-10,4.794910863455135e-10,8.756344961968602e-10,1.4433189029655333e-09,1.3650542153122863e-08
DAC,power,FR,1.019467717456762e-09,2.6495907012534296e-10,4.5332726443377754e-10,6.733736960618785e-10,1.7576317234778146e-09,1.348440445753067e-08
DAC,power,HR,9.982505951120414e-10,2.504866401272463e-10,3.5635582931311303e-10,6.16186154301543e-10,1.615167092301716e-09,1.26504461200419e-08
DAC,power,HU,9.868964338621973e-10,2.1395716685711145e-10,3.594626459494741e-10,6.519747661894753e-10,1.4910514992570386e-09,1.2357007540256047e-08
DAC,power,IE,8.702453148127515e-10,4.239009210769426e-10,5.96247160067548e-10,8.19598888567642e-10,1.5999759184797367e-09,1.492221019052659e-08
DAC,power,IT,8.785777311393399e-10,3.4998693082996456e-10,3.333431238984115e-10,6.302596488940205e-10,1.3926103730479269e-09,1.2254873115880465e-08
DAC,power,LT,9.771909388781496e-10,3.753812760582403e-10,4.5939305494662453e-10,6.083457239209078e-10,1.9949377738167184e-09,1.3547859462249239e-08
DAC,power,LU,9.198321081257215e-10,3.775160551594979e-10,4.042960825905671e-10,6.150149434520629e-10,1.3827621534880794e-09,1.2286777318306043e-08
DAC,power,LV,9.741472713136786e-10,3.531750090264182e-10,4.557204147160034e-10,5.290832338317935e-10,2.0801952349744164e-09,1.1836230096235018e-08
DAC,power,NL,9.0593895929866e-10,2.9944068803859727e-10,3.673987378712319e-10,5.726233315007346e-10,1.548169956758131e-09,1.1383197625559896e-08
DAC,power,NO,1.05912292425696e-09,2.630776394713463e-10,5.954993755911709e-10,9.091952672972267e-10,1.6641096256861672e-09,1.4961009834477494e-08
DAC,power,PL,9.771178935733249e-10,3.7428852265293255e-10,3.388603916583958e-10,5.958478306777398e-10,1.673573074128067e-09,1.2156426029329781e-08
DAC,power,PT,8.532737565336683e-10,4.488846848396544e-10,4.644572935012069e-10,6.038057090164994e-10,1.6968201028545742e-09,1.3922557568805457e-08
DAC,power,RO,8.46822068519116e-10,3.511747456561107e-10,3.6862795690197587e-10,5.100606270414127e-10,1.3774353545314787e-09,1.2268653757912352e-08
DAC,power,SE,9.287980798538177e-10,3.8474042314589987e-10,5.286512633472231e-10,8.577163123984975e-10,1.519119109644343e-09,1.5152782567094325e-08
DAC,power,SI,9.994722623597674e-10,2.6283079223258763e-10,3.4629769294223866e-10,5.82948386765876e-10,1.5202385191338614e-09,1.2646087267286963e-08
DAC,power,SK,9.750712397233302e-10,2.8976365739053857e-10,3.8991437762476563e-10,5.678026840179526e-10,1.7733010459992988e-09,1.2340737409610709e-08
DAC,power,UK,8.947564712097205e-10,4.6146260745898664e-10,4.84535212350147e-10,7.757805849131388e-10,1.6144017125624996e-09,1.481694193109105e-08
battery,energy,AT,6.83581767402998e-08,3.6765327841274673e-07,0.7283266135636375,18.71642722887659,38.78722212223252,58.877950630710636
battery,energy,BE,6.643142864902723e-08,2.573555829345504e-07,4.4543319901574764e-05,9.212124972196703,10.92077615308382,21.653657041533197
battery,energy,BG,6.600895747658748e-08,1.0864888686702647e-06,0.2745671473168575,5.897927501796416,7.838653047507384,8.373184974575581
battery,energy,CH,6.834638990245103e-08,4.6761471835501444e-07,28.005550813425174,18.322080723246824,21.136752163034,21.31766602174067
battery,energy,CZ,6.764966840093861e-08,4.5958748722613174e-07,11.167161417003628,2.3103985845496997e-08,16.81029731068615,7.114504374027616
battery,energy,DE,7.787189393337573e-08,3.2621810670378917e-07,6.2361706150140586e-06,23.841106671610152,68.16152923048264,54.559623975513716
battery,energy,DK,6.38074960667408e-08,1.9369796232500671e-07,1.1436785362867552e-06,1.516409130840501e-06,7.46120596927336,7.242092960930586e-08
battery,energy,EE,6.269093265310439e-08,1.8675127390089092e-07,5.384563041627738e-07,4.0121723530488936e-06,1.0598945383642029,1.2167789750682543
battery,energy,EL,6.081812721347176e-08,3.244977326919056e-07,9.661282582965075,6.68961040995815,27.90674542452684,6.055974654564088
battery,energy,ES,5.157903344139155e-08,3.962151277965341e-07,26.051088793876414,8.212330463912686,25.397496906341413,23.072185094073077
battery,energy,FI,6.759247047999856e-08,1.8409502012605722e-07,7.936275556737062e-07,2.27375317532381,0.44738727304559633,2.7089261055080587
battery,energy,FR,6.147919470606953e-08,1.5922378593253726e-07,5.596940910799683e-07,18.373112108843493,16.867018256627528,40.8832813367488
battery,energy,HR,6.952706491501729e-08,6.391311927827417e-07,1.8736722294866295,3.116389090326276,3.3573144157543835,5.575741226219509
battery,energy,HU,6.192953579880761e-08,7.582438529064062e-07,7.693636386571086,0.13564914311083218,10.46522895298414,7.311888824526966
battery,energy,IE,6.288185793290106e-08,1.54167743771707e-07,6.004317205641172e-07,3.2408548346695594,5.928690332891724,3.090709579528467
battery,energy,IT,6.793810285679091e-08,7.928636246036171e-07,47.580637713306814,13.27174638636363,77.80414483896291,13.768894501989607
battery,energy,LT,6.208412091799512e-08,1.8420808233804567e-07,3.576119849646877e-07,6.031041256463931e-07,2.442458422896351e-05,0.20196765546695195
battery,energy,LU,6.138797308137925e-08,1.862645908956325e-07,6.364239203593452e-07,1.2622730522146856e-06,2.2696741701323978e-06,6.96943275299985e-05
battery,energy,LV,6.28562318580428e-08,1.948505491161777e-07,3.637119182715303e-07,6.832874941005618e-07,0.03626926484603001,1.1065459624468184
battery,energy,NL,6.511591712419711e-08,2.7207002690003086e-07,5.827735916789921e-06,12.644435835080358,13.301064493689749,15.79807208335522
battery,energy,NO,6.060525386492215e-08,1.1821959767082007e-07,2.514303267476526e-07,4.4549998333625445e-07,9.210665280177303e-07,1.099514352304052e-05
battery,energy,PL,7.038032344197433e-08,4.842902376396506e-07,6.29517783103371e-06,3.778558548625598,27.57485129563363,9.006098648854281e-08
battery,energy,PT,5.320734390179431e-08,2.9444997788559424e-07,2.092808207374183e-06,2.838205370492643e-07,3.474249231667888e-06,0.0006071905187379715
battery,energy,RO,6.126846048079204e-08,3.2967509108333825e-07,2.6363275779495816,1.2387084610305534,8.94252633789861,9.304435076267561
battery,energy,SE,6.523027521533711e-08,1.6780673115708244e-07,5.048740013020002e-07,6.214017543680963e-07,2.0852841685401538e-05,3.663181375273739e-05
battery,energy,SI,6.38759758847033e-08,7.1781238266577e-07,0.9622450872785318,0.9002247124134369,0.1630787464952465,0.4170313377081993
battery,energy,SK,7.068697919928015e-08,7.171743634341245e-07,6.997897367715244,1.8205709294994994,8.876635751131124,1.7148287434139466
battery,energy,UK,6.333746919815943e-08,1.2945104244318511e-07,3.420983526014546e-07,1.155632329064781e-06,2.823685144754275,10.838920327118545
battery,power,AT,3.41790883701499e-08,1.8382663920637337e-07,0.36416330678181874,9.358213614438295,19.39361106111626,29.438975315355318
battery,power,BE,3.3215714324513614e-08,1.286777914672752e-07,2.2271659950787382e-05,4.6060624860983514,5.46038807654191,10.826828520766599
battery,power,BG,3.300447873829374e-08,5.432444343351324e-07,0.13728357365842875,2.948963750898208,3.919326523753692,4.186592487287791
battery,power,CH,3.417319495122552e-08,2.3380735917750722e-07,14.002775406712587,9.161040361623412,10.568376081517,10.658833010870335
battery,power,CZ,3.3824834200469306e-08,2.2979374361306587e-07,5.583580708501814,1.1551992922748498e-08,8.405148655343075,3.557252187013808
battery,power,DE,3.893594696668787e-08,1.6310905335189459e-07,3.1180853075070293e-06,11.920553335805076,34.08076461524132,27.279811987756858
battery,power,DK,3.19037480333704e-08,9.684898116250336e-08,5.718392681433776e-07,7.582045654202505e-07,3.73060298463668,3.621046480465293e-08
battery,power,EE,3.1345466326552195e-08,9.337563695044546e-08,2.692281520813869e-07,2.0060861765244468e-06,0.5299472691821014,0.6083894875341271
battery,power,EL,3.040906360673588e-08,1.622488663459528e-07,4.830641291482538,3.344805204979075,13.95337271226342,3.027987327282044
battery,power,ES,2.5789516720695775e-08,1.9810756389826705e-07,13.025544396938207,4.106165231956343,12.698748453170706,11.536092547036539
battery,power,FI,3.379623523999928e-08,9.204751006302861e-08,3.968137778368531e-07,1.136876587661905,0.22369363652279817,1.3544630527540293
battery,power,FR,3.0739597353034766e-08,7.961189296626863e-08,2.798470455399842e-07,9.186556054421747,8.433509128313764,20.4416406683744
battery,power,HR,3.476353245750864e-08,3.1956559639137084e-07,0.9368361147433147,1.558194545163138,1.6786572078771917,2.7878706131097544
battery,power,HU,3.0964767899403805e-08,3.791219264532031e-07,3.846818193285543,0.06782457155541609,5.23261447649207,3.655944412263483
battery,power,IE,3.144092896645053e-08,7.70838718858535e-08,3.002158602820586e-07,1.6204274173347797,2.964345166445862,1.5453547897642335
battery,power,IT,3.3969051428395454e-08,3.9643181230180855e-07,23.790318856653407,6.635873193181815,38.902072419481456,6.884447250994803
battery,power,LT,3.104206045899756e-08,9.210404116902284e-08,1.7880599248234386e-07,3.0155206282319655e-07,1.2212292114481754e-05,0.10098382773347597
battery,power,LU,3.0693986540689624e-08,9.313229544781625e-08,3.182119601796726e-07,6.311365261073428e-07,1.1348370850661989e-06,3.484716376499925e-05
battery,power,LV,3.14281159290214e-08,9.742527455808885e-08,1.8185595913576516e-07,3.416437470502809e-07,0.018134632423015006,0.5532729812234092
battery,power,NL,3.2557958562098554e-08,1.3603501345001543e-07,2.9138679583949606e-06,6.322217917540179,6.650532246844874,7.89903604167761
battery,power,NO,3.0302626932461074e-08,5.9109798835410034e-08,1.257151633738263e-07,2.2274999166812723e-07,4.6053326400886514e-07,5.49757176152026e-06
battery,power,PL,3.5190161720987167e-08,2.421451188198253e-07,3.147588915516855e-06,1.889279274312799,13.787425647816814,4.5030493244271406e-08
battery,power,PT,2.6603671950897155e-08,1.4722498894279712e-07,1.0464041036870915e-06,1.4191026852463214e-07,1.737124615833944e-06,0.00030359525936898574
battery,power,RO,3.063423024039602e-08,1.6483754554166913e-07,1.3181637889747908,0.6193542305152767,4.471263168949305,4.6522175381337805
battery,power,SE,3.2615137607668555e-08,8.390336557854122e-08,2.524370006510001e-07,3.1070087718404814e-07,1.0426420842700769e-05,1.8315906876368695e-05
battery,power,SI,3.193798794235165e-08,3.58906191332885e-07,0.4811225436392659,0.45011235620671847,0.08153937324762325,0.20851566885409964
battery,power,SK,3.5343489599640075e-08,3.5858718171706223e-07,3.498948683857622,0.9102854647497497,4.438317875565562,0.8574143717069733
battery,power,UK,3.1668734599079714e-08,6.472552122159256e-08,1.710491763007273e-07,5.778161645323905e-07,1.4118425723771375,5.419460163559273
biomass_boiler,power,AT,2.3933038831642226,1.4795716338947222,0.18175903349713257,0.524080299751622,1.9354689533034901,1.4795719448087925
biomass_boiler,power,BE,1.1564052218660407e-10,8.298283379471573e-08,1.2205713953221108e-10,1.176683376132494e-10,2.813485977115989e-10,2.891346106816877e-07
biomass_boiler,power,BG,9.487247816204772e-12,1.8693494853230094e-11,1.7730795250760485e-10,1.9900723451598802e-07,4.849519615417744e-07,1.191144397814815e-06
biomass_boiler,power,CH,1.8027000104248665,2.0046915073810845,0.2462676977017596,0.14787791452256255,1.7445793686425,2.004691217999201
biomass_boiler,power,CZ,2.6288467761233524e-10,2.029400266076072,1.363012868856252,0.43219471030190504,1.0892184945316827e-10,0.4035568366367383
biomass_boiler,power,DE,3.7031364063075282e-09,7.75048566862525,8.815745505917218e-11,6.026949917002273e-11,1.3603446031617514e-08,7.365690983253228
biomass_boiler,power,DK,0.1945503421656237,2.025868903303254e-11,2.0615475341418702e-11,1.1563942025973728e-09,3.2803332574220865e-07,4.731339577120547e-07
biomass_boiler,power,EE,0.37755701665178976,0.2751981625421303,0.5451644487267476,0.23309991690977855,0.34391396235358707,0.1783300362836808
biomass_boiler,power,EL,1.1797896630828945e-11,2.4945290639613667e-07,7.507068852390949e-11,1.4907423835296726e-10,5.208255507562169e-10,3.5530059253104e-07
biomass_boiler,power,ES,2.2255498784729692e-11,1.2210532863638596e-09,1.946016130907673e-09,7.331067823275087e-08,6.371097322384706e-10,2.475075228933729e-07
biomass_boiler,power,FI,0.9409128846162708,1.7374960733144864,3.704193418122797e-10,1.429724974710015e-09,0.5731873674025818,1.9928257992062366
biomass_boiler,power,FR,2.5766563149716778e-11,6.364911487576231,8.814945550829369e-11,1.001587813122045e-10,1.7433065264514134e-10,6.263396013704039e-07
biomass_boiler,power,HR,1.205034749820153e-11,1.1570697428504408,0.2596969072526404,1.8292078225715e-08,2.2458202804964562e-10,9.506852349465612e-09
biomass_boiler,power,HU,1.1892480160383549e-11,1.9780851103043908,0.1322411091532841,0.022553847297041334,0.023600842321536798,4.788837345914738e-09
biomass_boiler,power,IE,9.513115328789705e-08,2.064176897417826e-11,1.942365702995812e-11,4.588082193388955e-11,5.3909170075404704e-08,1.4609375091555225e-07
biomass_boiler,power,IT,3.335022912709976,6.042359285851448,4.7819709827830516e-06,1.477313009667298e-10,1.6246982772157826e-09,1.2861765092924771e-08
biomass_boiler,power,LT,3.8611460424107196e-11,0.25172069170997713,0.8947305850216187,0.22597323533039482,1.2271353317356852e-10,2.334671106363129e-09
biomass_boiler,power,LU,0.14749091926751767,0.025187658725892334,0.017335366819367634,1.7745861137090976e-07,0.0809224577499603,5.247437622201215e-09
biomass_boiler,power,LV,9.609229193342238e-10,0.4979923258623313,0.6441112985998658,0.04975908012939599,9.95812700454017e-11,3.902402177338981e-08
biomass_boiler,power,NL,1.656800994425608e-10,1.076080750636386e-10,1.0664109250198372e-09,8.033233095867136e-08,3.543510291553668e-07,3.554354707409651e-06
biomass_boiler,power,NO,5.168703735567553e-11,8.232078742602287e-08,6.210675089334449e-11,3.1566395821601447e-09,4.0303434775117136e-10,2.274019084095016e-07
biomass_boiler,power,PL,7.090143809117363e-12,1.7478610840365697e-11,7.3999199855774735,0.9605271253274672,2.325534274952838e-09,1.209291862755015e-07
biomass_boiler,power,PT,1.8994921411567382e-10,3.180987661812599e-10,1.4067181268550473e-11,6.37667605412204e-08,7.96534532043082e-10,2.3314714538004628e-07
biomass_boiler,power,RO,1.8506701439064863,0.4706860049831472,1.713987990199939,1.1982280710218948e-09,2.9003098620848637e-08,3.546947742955572e-08
biomass_boiler,power,SE,0.397760427499334,1.470409446182652e-11,2.33578978511432e-11,1.3832446101316603e-10,7.02325349672204e-08,1.1932973968650806e-06
biomass_boiler,power,SI,1.6571759328709092e-11,0.07440288613337223,0.025014989895031363,8.944555000420281e-10,1.7107131066540523e-10,2.3261699320572164e-10
biomass_boiler,power,SK,7.197475885740179e-10,0.02076935525887328,1.2559104868238373,0.04195139547253207,5.497266192564071e-10,6.5914666343185705e-09
biomass_boiler,power,UK,6.571380604583053e-10,3.688855568407024e-09,4.2588531964023415e-08,3.335053237418891e-09,9.444344721425832e-09,4.647131631723773e-07
biomass_plant,power,AT,4.245787427304122e-11,9.113321019101272e-11,1.1854711124150926e-11,1.0655238632078893e-10,3.731710920640834e-11,0.09114826311052925
biomass_plant,power,BE,8.230967665842541e-12,1.6052811345420747e-12,9.79924708168713e-12,4.042099447588773e-11,1.817357886670605e-10,7.024914317783126e-08
biomass_plant,power,BG,1.207388183122291e-11,8.080346500279094e-11,9.736440135431064e-11,9.549041887038848e-09,7.686647835730406e-09,4.2262596130490616e-07
biomass_plant,power,CH,1.3837312491195078e-12,2.0633625080787693e-11,6.545283251361336e-12,2.2858812107986667e-10,1.7065465801242657e-08,2.906170948394171e-07
biomass_plant,power,CZ,3.768760641398179e-11,7.96945995268194e-11,1.1181806297763515e-11,2.0096014888921963e-10,3.586402640090851e-11,8.30821054208593e-07
biomass_plant,power,DE,4.618419560329071e-11,1.0910725866663189e-10,6.658591126426055e-10,4.1320973084315036e-11,7.309100453034746e-11,0.1710663368108617
biomass_plant,power,DK,1.0796526263948921e-12,7.897743924939408e-12,9.217577804059508e-11,4.972009994918946e-12,5.700657227486359e-11,6.731497513348692e-07
biomass_plant,power,EE,2.5874934097460538e-11,5.036970509406642e-12,6.136670380853369e-12,9.475927403297952e-12,1.3847708315650645e-10,2.9680388989198725e-07
biomass_plant,power,EL,7.907576887433069e-12,2.5723046187760726e-12,5.542128021131991e-11,9.82915666886982e-09,3.780331324775056e-09,5.2768597866680626e-08
biomass_plant,power,ES,1.3093259931015465e-11,1.5589949579208473e-10,3.2561306909980428e-12,3.234183153572489e-11,8.329693861037898e-11,7.669325416139611e-10
biomass_plant,power,FI,1.038488227583952e-12,1.4999172627359278e-12,1.9030089005801025e-11,4.22868845168722e-12,1.164672193449095e-10,2.9754761574114297e-07
biomass_plant,power,FR,3.062951859303631e-12,5.127829982878235e-11,1.1188452999758904e-11,1.4343259007056365e-10,1.2780735623238737e-10,3.0671544858128355e-07
biomass_plant,power,HR,1.6584835307883228e-12,3.165199695059512e-11,9.220968433072477e-11,1.9022902148651803e-10,6.872830918135327e-11,0.1159372891939174
biomass_plant,power,HU,1.038717186152031e-12,1.8028429752057775e-11,3.95919333889653e-12,9.758546298000955e-12,1.1017637962755407e-11,6.363548946112662e-07
biomass_plant,power,IE,1.553478900282945e-12,9.414029632222318e-12,9.325557965148503e-11,7.099874184781387e-09,4.6721862346399155e-09,4.088531759750776e-08
biomass_plant,power,IT,1.4277090067384472e-11,1.0606774404569979e-11,7.420781804665566e-11,9.833021836906406e-11,4.3585447057003475e-11,1.9579172714029295e-07
biomass_plant,power,LT,2.1148714159097627e-12,2.0410534623998874e-11,6.878823517039274e-11,1.0310182312747373e-10,2.827038221170138e-10,1.8363259265499842e-07
biomass_plant,power,LU,3.734211894915849e-09,1.855848150799375e-09,1.7738016352521993e-09,3.054162198034496e-09,7.2943041661384e-09,4.5168213503056004e-07
biomass_plant,power,LV,1.5169138592299776e-12,1.2711819195675853e-11,4.583831568298936e-12,3.9965415337506455e-11,2.124671339646692e-08,2.428114530547959e-07
biomass_plant,power,NL,1.0400161733309729e-11,1.4138528470502401e-12,1.5901071552223308e-11,4.471101484436231e-12,3.229739752171324e-11,0.03999824093150821
biomass_plant,power,NO,1.1597188861689542e-11,9.104386069670527e-11,5.7005970895285325e-12,8.171135057750886e-09,2.9098450840921785e-09,3.935391399238793e-08
biomass_plant,power,PL,1.726615163439191e-11,1.79040760189225e-11,3.097450200798849e-11,8.666089661470119e-11,2.183869239537571e-08,0.04019083341618814
biomass_plant,power,PT,8.098423312681398e-11,7.1615119994209346e-12,2.6869958222815346e-11,4.1955247341452375e-11,1.9848987028030814e-10,1.3255431237653415e-07
biomass_plant,power,RO,1.611370031278032e-11,4.169974542364553e-12,6.094392085002061e-11,1.5057819701476822e-10,1.6259818288609546e-08,4.74987181977231e-07
biomass_plant,power,SE,1.414056261825524e-11,2.7179932673393125e-11,2.569589495989191e-12,4.956226824926703e-11,3.817192635742533e-12,2.516703288753675e-07
biomass_plant,power,SI,5.137277470226478e-12,9.71086799663728e-11,2.4550825699636413e-12,1.0657212288758341e-08,5.725964351017998e-09,1.3037209416570002e-07
biomass_plant,power,SK,1.983320021050868e-11,7.340927015565909e-11,2.953741697488338e-11,5.0625088963165246e-11,1.9267670814343367e-08,1.6923614856631351e-06
biomass_plant,power,UK,8.398521300128572e-13,1.113187698293812e-11,2.3654741298647324e-12,2.270388465555919e-11,1.3482650906699481e-11,3.125313588450945e-07
biomass_plant_CCS,power,AT,5.217558905494976e-09,2.2512186078747508e-08,1.6833206342783295e-07,8.905456197625662e-10,8.221931170630129e-08,9.059129424772733e-09
biomass_plant_CCS,power,BE,3.6919241470667575e-09,0.2697463558558151,0.4095370941551195,2.0642847092809327e-11,1.7460076386472216e-11,7.89308514525058e-11
biomass_plant_CCS,power,BG,4.4998186590576135e-09,3.281159164075038e-08,0.3422418162103831,3.79126402775642e-10,1.0067598839503065e-10,1.2948092603580018e-10
biomass_plant_CCS,power,CH,5.277516600223046e-09,3.871860652834882e-08,0.15888365873500174,5.3708788925780476e-11,5.5725742909653914e-11,9.304878250441815e-10
biomass_plant_CCS,power,CZ,3.528468011380445e-09,1.5599852062455005e-08,4.100636179361439e-08,4.3416915977885555e-08,9.631049739300816e-10,5.910706259942483e-08
biomass_plant_CCS,power,DE,6.118686382971502e-09,0.515345318088424,4.738299509270556,0.18248761896365598,1.393497118153046e-09,4.702818609966144e-09
biomass_plant_CCS,power,DK,5.718632685607559e-09,0.2338465811919994,0.6654881319300088,2.9517148603404305e-07,9.886547342251387e-07,2.2806663888399353e-10
biomass_plant_CCS,power,EE,3.833366923063084e-09,9.248649180337217e-09,0.01640750730954918,1.1712213263175983e-10,1.2665511035013753e-10,1.2010333807204796e-09
biomass_plant_CCS,power,EL,4.612988275770809e-09,0.008535257167835543,0.3507627970737592,4.869509310437338e-08,4.5688912085919933e-11,5.882622881282638e-11
biomass_plant_CCS,power,ES,2.4681693342493975e-09,3.500589328823741e-09,4.022932485592148e-09,1.0755988785522387e-08,1.4647157531623275e-08,6.764211497046892e-08
biomass_plant_CCS,power,FI,3.780669082088947e-09,3.8656441576626666e-09,0.4533976890633918,0.8056352887880325,2.507600298580013e-07,8.722609666250619e-10
biomass_plant_CCS,power,FR,3.1256416455824176e-09,1.2741572144180557e-08,1.290965643710794,1.0300031643110941e-08,1.4183153977842773e-10,3.3675590907874735e-10
biomass_plant_CCS,power,HR,3.884679051787151e-09,0.02864609934580669,7.043845567658847e-08,4.680551959324853e-08,8.346070930144662e-11,4.1801713934050234e-10
biomass_plant_CCS,power,HU,3.4087673262465756e-09,6.482654529977744e-09,6.536733238247655e-09,1.7579867787208324e-08,3.001751979282888e-08,8.331557798121384e-08
biomass_plant_CCS,power,IE,5.026375740648238e-09,2.255805345656839e-08,0.08878089882084915,1.0640004711290859e-09,5.291339362387622e-11,6.005460843071301e-11
biomass_plant_CCS,power,IT,6.160180825418824e-09,0.10129624772269365,0.3663970217768753,5.964312825915231e-11,1.5052311961142361e-10,1.7572520884837274e-10
biomass_plant_CCS,power,LT,3.6170446281971345e-09,7.86031987019468e-09,1.7519160832523964e-07,3.2933111025381946e-10,4.318709706889657e-11,1.9191803325635505e-10
biomass_plant_CCS,power,LU,4.189797016106606e-09,1.0062120905358653e-08,0.0033728015021823347,4.266942839483583e-10,0.02715499200610105,3.140287635669999e-10
biomass_plant_CCS,power,LV,3.850385742503095e-09,7.78403309252484e-09,7.742589879324406e-08,5.308226632017494e-08,4.7563101515579177e-11,2.6695138553841833e-10
biomass_plant_CCS,power,NL,3.6920717268316535e-09,0.23296380867797264,0.7497400170043694,7.230290779612549e-11,0.03782929071041794,1.6612250803005264e-09
biomass_plant_CCS,power,NO,2.9648169495537803e-09,1.2475236973831998e-08,0.28575788013383274,0.05942432344887674,1.6032467166158827e-11,1.8214563706393035e-10
biomass_plant_CCS,power,PL,3.1387080043940314e-09,3.820845921564533e-09,3.5330346209885054e-08,2.033276841714894e-07,5.24624549476298e-08,1.2117676705996987e-09
biomass_plant_CCS,power,PT,2.2812044734298893e-09,2.5927203405552665e-09,2.8564833245195382e-09,6.891530390787248e-09,8.576531418606236e-09,6.400390434752619e-08
biomass_plant_CCS,power,RO,4.024656793805804e-09,7.154448468727666e-09,1.1967258001287323e-08,2.01771129933755e-09,1.1938301242263625e-08,8.067228263076752e-08
biomass_plant_CCS,power,SE,3.986611014834697e-09,1.2019584197851899e-08,1.5119000427732634,0.7060681531378342,6.888599650131891e-10,1.0806500540192875e-07
biomass_plant_CCS,power,SI,3.6919104106588526e-09,2.3927150003813095e-08,7.510270495761777e-09,4.396710892088821e-10,2.2706418788250194e-10,4.6072406882218836e-08
biomass_plant_CCS,power,SK,4.827152722833975e-09,2.0921908320995236e-08,3.31884003223232e-08,2.0609735218742843e-08,8.721756119041059e-10,9.890015398863993e-08
biomass_plant_CCS,power,UK,3.649669020721058e-09,9.994907384140305e-09,2.380199976029788,4.287620058024834e-11,3.817159057678274e-09,3.5936700207429382e-09
carbon_pipeline,power,AT-CH,1.2794063065800168e-08,3.452350317125801e-09,2.6698110025664646e-08,9.208619493170528e-10,4.9610241388699555e-08,1.532410278903772e-07
carbon_pipeline,power,AT-CZ,1.752519346309535e-08,6.643636905166417e-09,1.6244368979114445e-08,2.5698129579314027e-08,2.5313867497156494e-08,2.2252939343091103e-07
carbon_pipeline,power,AT-DE,1.3146026602778405e-08,1.4229707722341583e-08,1.0397697743172651e-07,1.7046350729329106e-10,6.7043181846262715e-09,1.820480453746632e-07
carbon_pipeline,power,AT-HU,1.164852984289012e-08,3.428956573944914e-09,5.891357056884148e-09,7.230573640800053e-09,1.5676872822111618e-08,1.4366757854359988e-07
carbon_pipeline,power,AT-IT,2.317079344158349e-08,5.738763039925663e-10,1.6986967393246194e-08,1.4931657902409776e-09,6.304358216749596e-08,1.6054433569210497e-07
carbon_pipeline,power,AT-SI,3.398297152108624e-08,1.8287219072649533e-08,9.86137091383223e-09,6.003568493487475e-09,1.1411662017942142e-07,4.3610188148559635e-07
carbon_pipeline,power,AT-SK,1.079026478153218e-08,2.874697511413059e-09,5.7816711251040576e-09,1.043657322418293e-08,1.0281016051234324e-08,1.2847246398851622e-07
carbon_pipeline,power,BE-DE,1.2727619302524114e-08,2.6203198952640703e-09,1.0014706242785168e-09,4.53140634585948e-09,6.4226270105134474e-09,1.1788859436909516e-07
carbon_pipeline,power,BE-FR,1.1675471110022124e-08,3.4619269208938143e-09,1.974080298251444e-09,5.43454891882947e-09,0.013096835120910345,5.036085337789568e-10
carbon_pipeline,power,BE-LU,3.3899123863444946e-08,7.381930666291907e-09,4.3355270891861385e-09,1.2646802299700071e-08,6.05920833817843e-08,3.0808676724797824e-07
carbon_pipeline,power,BE-NL,2.8598237484154714e-08,7.256894988603489e-08,4.0725922197840764e-11,1.270056355742792e-10,1.3996212598076285e-07,1.839436027485847e-07
carbon_pipeline,power,BE-NO,3.746493383513795e-09,1.013489782052957e-09,3.1321603203280832e-09,1.2432203332762138e-08,1.831625359360232e-10,5.930912532144088e-08
carbon_pipeline,power,BE-UK,1.2233990902552867e-08,1.0645141633665123e-08,4.0943362923480094e-08,3.233235605335287e-08,9.036625886004634e-07,1.1431034039287196e-10
carbon_pipeline,power,BG-EL,3.9195089652640825e-08,4.3958245638465786e-08,0.3341394735645077,3.6504392506745216e-10,2.4467729392838374e-08,1.7792172080857833e-07
carbon_pipeline,power,BG-RO,1.3557513473523385e-08,3.5888665130553655e-09,3.4866538426423812e-09,7.872419695612673e-09,8.380931623065751e-09,1.7834536697567124e-07
carbon_pipeline,power,CH-AT,1.2165150685856944e-08,3.432978337101642e-09,7.975797258535675e-10,4.861478396425078e-09,1.1653300344236092e-08,1.8366160582056356e-07
carbon_pipeline,power,CH-DE,1.1329969582881699e-08,8.793612327907912e-09,1.7433057863097894e-09,4.426572499875774e-09,8.708183093489337e-09,1.640054486001833e-07
carbon_pipeline,power,CH-FR,1.328071467461577e-08,3.5557441965551045e-08,0.1551222204939577,3.541820448381684e-10,5.0364629874122655e-08,5.545954949505691e-09
carbon_pipeline,power,CH-IT,1.830851688430673e-08,6.330409612300106e-10,1.640566292386041e-10,5.038621512276442e-09,3.4088361582255126e-08,2.2415782041136435e-07
carbon_pipeline,power,CZ-AT,2.5523494798814463e-08,1.7515365621240756e-09,1.4768249665078948e-09,5.4145239886182e-09,2.4434263398008404e-08,2.7716806521710916e-07
carbon_pipeline,power,CZ-DE,1.9892434784580556e-08,3.1678559617216064e-08,3.434377951610926e-08,1.5173098193985075e-10,3.911792905819249e-08,2.437039460986083e-07
carbon_pipeline,power,CZ-PL,1.2742996462443994e-08,3.521102838532613e-09,2.0792889756548167e-08,7.653522202387558e-08,3.4876001553031025e-08,1.3986023511527127e-07
carbon_pipeline,power,CZ-SK,1.552438413246814e-08,2.8632364126848087e-09,5.291128790821004e-09,9.68747745225812e-09,1.5187447610588513e-08,2.0533493436663345e-07
carbon_pipeline,power,DE-AT,1.0919345514548708e-08,1.7770710589311678e-09,2.1944457366400664e-09,4.953900249810876e-09,2.4917350931927813e-08,2.2665174635508647e-07
carbon_pipeline,power,DE-BE,1.3502882248686242e-08,6.4446190602888275e-09,1.3225643347234346,7.965788531591333e-08,2.8302639204135785e-09,1.69940783664359e-07
carbon_pipeline,power,DE-CH,1.0070211578019708e-08,1.4933689012356422e-09,3.994508348359451e-09,5.196623476791603e-09,2.7481685651792554e-08,1.5652601276475108e-07
carbon_pipeline,power,DE-CZ,1.1887314402542659e-08,2.6471441700068244e-09,3.3345914640812645e-09,7.529141856355464e-09,4.4766194306703153e-08,2.1734456514401072e-07
carbon_pipeline,power,DE-DK,1.8512854267566427e-08,5.266400538288051e-09,2.204148226332687,6.571294844501309e-10,7.928862410253087e-10,4.3900060487889056e-10
carbon_pipeline,power,DE-FR,7.334214286192816e-09,2.518885054397482e-09,5.335281643240658e-09,3.905236474366994e-09,3.6371321549795694e-08,1.3945865929683006e-07
carbon_pipeline,power,DE-LU,1.5561736277158867e-08,6.201599720186887e-09,4.3561411307516725e-08,2.7548907390711226e-08,2.849177697483078e-07,3.003642057439501e-07
carbon_pipeline,power,DE-NL,1.5562355738514945e-08,0.05793944764727795,1.048833460970355,7.373943028953145e-08,9.613884348563562e-08,9.528639383315454e-10
carbon_pipeline,power,DE-NO,4.20295784963493e-09,1.3251057519360444e-09,1.0514851837751617e-08,7.410517029120225e-07,4.9736146357246795e-11,8.931461553262825e-11
carbon_pipeline,power,DE-PL,7.443293320224968e-09,1.7540335004543693e-09,3.885367563951693e-09,9.629555508431389e-09,8.12107640551106e-08,7.043992834586975e-08
carbon_pipeline,power,DE-SE,4.708008627479938e-09,1.2822770824616929e-09,1.00372668206636e-08,3.0764216757677014e-07,9.009953109944487e-11,9.831983373392772e-11
carbon_pipeline,power,DE-UK,7.2163229644488215e-09,4.242907017341662e-09,0.05057715547535714,0.17816609626968766,6.843125411571935e-07,7.246182176228686e-10
carbon_pipeline,power,DK-DE,8.183456111627135e-09,2.104074239887969e-09,2.026548997300894e-09,3.4629134436388717e-09,7.90582926926869e-09,1.0454688810965161e-07
carbon_pipeline,power,DK-NL,9.033504336402928e-09,4.386429184706361e-09,2.0196537442424657e-09,5.359501931476301e-09,1.917721306931847e-08,1.5293497613604035e-07
carbon_pipeline,power,DK-NO,5.4002543273941965e-09,1.5216804241713712e-09,8.927590997903584e-09,2.047036464325941e-07,1.0100795608322574e-10,7.201884049680651e-08
carbon_pipeline,power,DK-SE,6.261220791956763e-09,1.5711022957130167e-09,8.15513477561904e-09,8.737285842978381e-08,1.6087161270659942e-09,1.6429518084600242e-07
carbon_pipeline,power,DK-UK,6.779264645280515e-09,2.700316329452129e-09,6.448371004050589e-09,3.719995720422764e-09,3.214131657282108e-08,1.5640622160248976e-07
carbon_pipeline,power,EE-FI,2.091167315322004e-08,2.28241549987359e-08,0.01601910012635178,1.2311348290416598e-08,4.323922259594875e-11,1.2880682639634766e-09
carbon_pipeline,power,EE-LV,2.1915013963336532e-08,4.916870788680795e-09,4.9113133616303115e-09,8.018603804358762e-09,1.3349585683772181e-08,2.897384604603593e-07
carbon_pipeline,power,EL-BG,1.0328624166551917e-08,2.8742039996609013e-09,2.896931848392295e-09,5.441864946723612e-09,6.037586712511119e-09,1.1898174834700755e-07
carbon_pipeline,power,EL-IT,5.576496503947206e-09,1.4853053873041802e-09,8.011128757112076e-10,4.982280936411657e-09,3.621484109559221e-09,7.063059561072895e-08
carbon_pipeline,power,ES-FR,1.3273701326288421e-08,1.4849080127276628e-08,7.895987279644206e-09,1.8058775510781554e-08,2.2769402546567695e-08,1.8422430293675367e-07
carbon_pipeline,power,ES-PT,1.0769611287412955e-08,2.9359997360487864e-09,3.5825973902920127e-09,4.5859385568376105e-09,5.875285554399913e-09,1.2388278694114894e-07
carbon_pipeline,power,FI-EE,6.229730968836765e-09,1.7510457071422787e-09,2.049280432937358e-09,2.03161000605861e-09,4.892481884971519e-09,6.940465963328896e-08
carbon_pipeline,power,FI-NO,1.86903757935519e-08,1.637902168804168e-08,0.4130208047171277,0.7865623726723051,2.07471453482533e-07,3.7238434908565566e-09
carbon_pipeline,power,FI-SE,1.2026347013655871e-08,3.7743763955393306e-09,6.301150457602885e-09,3.3781964830278063e-09,2.1828722460922938e-08,1.472894899983556e-07
carbon_pipeline,power,FR-BE,1.1035082871567181e-08,2.855857543402672e-09,6.355014315104619e-09,8.11911078045222e-09,3.12914062639875e-08,1.8547257781458035e-07
carbon_pipeline,power,FR-CH,1.043324846718097e-08,1.3934729255078546e-09,2.6237485869948167e-09,4.314720832802193e-09,6.252420152358316e-09,1.0783576009389167e-07
carbon_pipeline,power,FR-DE,6.844865618933341e-09,1.503012734895126e-09,1.4993571144332652e-09,2.693763650910923e-09,4.29484071884156e-09,7.315299987046225e-08
carbon_pipeline,power,FR-ES,5.02250282694898e-09,1.5840305161381675e-09,1.7244084739886712e-09,2.354154950051212e-09,2.9476086294354875e-09,5.679986402067129e-08
carbon_pipeline,power,FR-IT,6.913296374143054e-09,4.4477200282017994e-10,1.103504225768727e-09,2.8523931034794236e-09,7.0356494110416246e-09,7.644472507282316e-08
carbon_pipeline,power,FR-LU,1.1280931971359541e-08,2.557323413998219e-09,4.392102107582831e-09,6.1646671156114946e-09,1.517043219541908e-08,1.509633476830656e-07
carbon_pipeline,power,FR-NO,2.8997110685850796e-09,7.621104668981864e-10,2.1000685526634613e-09,4.936781165383634e-09,2.955526699598239e-10,4.314830866551366e-08
carbon_pipeline,power,FR-UK,7.444151223624392e-09,3.1999275853459373e-09,1.1398145375026306e-08,7.879185207412634e-09,5.4281112034800776e-08,1.0796951673887888e-07
carbon_pipeline,power,HR-HU,1.3646665059308764e-08,2.0310396321784185e-09,8.383107970552646e-09,1.390442572769651e-08,1.16889601302064e-08,1.7743988209008704e-07
carbon_pipeline,power,HR-SI,2.66179498206545e-08,1.530653074896053e-09,1.5800786079896748e-08,2.3775884357755175e-08,1.2711125706406154e-08,3.4767998082316936e-07
carbon_pipeline,power,HU-AT,1.3995295411527212e-08,3.855876654865145e-09,2.189304517284686e-09,4.703245667237441e-09,9.079377791034963e-09,1.5596425196748825e-07
carbon_pipeline,power,HU-HR,2.0751651955928976e-08,2.0457835001409857e-08,3.9174346715290043e-11,8.887104280955561e-11,1.6723809622665702e-08,2.5759421248522886e-07
carbon_pipeline,power,HU-RO,1.2057938597422179e-08,2.295566363820518e-09,1.7487867494732712e-08,7.103824394128884e-09,6.12970170107339e-08,2.834086836964134e-07
carbon_pipeline,power,HU-SI,1.874095599061361e-08,6.0135997014131784e-09,1.000393233985006e-09,3.2812164037057527e-09,1.376068972083498e-08,1.888903221867646e-07
carbon_pipeline,power,HU-SK,2.826766227749132e-08,6.629073642819395e-09,1.4239075312176052e-08,5.075922893077262e-08,3.086395577387139e-08,3.628109125483576e-07
carbon_pipeline,power,IE-UK,2.4924851402423635e-08,6.778201402374742e-09,2.7702228120756445e-11,8.136768715203363e-11,1.0360437819555393e-09,1.3691129352965124e-07
carbon_pipeline,power,IT-AT,8.397912912962255e-09,2.5175256881340345e-09,2.4014662053150317e-09,4.06937237786046e-09,6.75226331030238e-09,1.1207664448386204e-07
carbon_pipeline,power,IT-CH,8.146262057817762e-09,2.4944171383784223e-09,4.660729152203869e-09,4.7196633343494116e-09,1.1072642907716428e-08,1.1802785394176269e-07
carbon_pipeline,power,IT-EL,5.891138805954199e-09,1.644248022775084e-09,1.0808247248253766e-08,2.335342404494123e-09,3.4335928961609957e-08,1.5431939874059284e-07
carbon_pipeline,power,IT-FR,5.3995383172129184e-09,2.820376288093072e-09,5.6824837840801584e-09,3.315690665248376e-09,1.413954938040351e-08,1.0336555494614051e-07
carbon_pipeline,power,IT-SI,1.0949907446182075e-08,3.6213379152795595e-09,2.971076169952402e-09,4.8662239799699445e-09,8.59564899548372e-09,1.455763750620727e-07
carbon_pipeline,power,LT-LV,2.7840717493603404e-08,7.16461623297347e-09,3.414679243122258e-09,9.654014169949547e-09,1.4674980726412654e-08,3.469566464870062e-07
carbon_pipeline,power,LT-PL,1.4310810826746732e-08,2.7016426686606435e-09,3.6336154357729415e-10,4.876627907363275e-09,9.600934497225148e-09,1.5781654519966672e-07
carbon_pipeline,power,LT-SE,1.3714424826183588e-08,1.490174820823613e-08,2.3633210223716586e-07,4.150173218203714e-08,6.166744195561309e-11,7.626570606995721e-08
carbon_pipeline,power,LU-BE,4.1188885576356884e-08,1.974795124350501e-08,0.0032929978045098222,2.990366007480844e-08,0.026512403480300303,4.0881666028978467e-07
carbon_pipeline,power,LU-DE,1.5694493940443224e-08,3.3823628332389385e-09,1.223717037763736e-09,5.6905226575428296e-09,6.666607390764262e-09,1.4704970667583176e-07
carbon_pipeline,power,LU-FR,1.2776728543841911e-08,4.354403403549469e-09,3.5774931131906187e-09,6.2544418070557194e-09,4.478644550861364e-07,1.7247752909487617e-09
carbon_pipeline,power,LV-EE,2.7018852447522798e-08,1.1277509520169832e-08,3.194354320429692e-08,2.6352606102386128e-08,1.0833192673163796e-08,2.9957002271954957e-07
carbon_pipeline,power,LV-LT,3.143588561523905e-08,9.57278317417004e-09,5.080225981212583e-08,4.424906568621076e-08,1.2719039012673812e-08,3.458860782688841e-07
carbon_pipeline,power,NL-BE,2.8388647454099568e-08,6.374916464819283e-10,2.6276845929843452e-08,2.904578482465112e-08,0.016392002747240054,2.940215453758158e-07
carbon_pipeline,power,NL-DE,1.4441467731519392e-08,7.084755815391773e-10,3.3925956251866937e-09,5.054926874623599e-09,8.678086411521194e-09,1.422798718926025e-07
carbon_pipeline,power,NL-DK,1.5782360468667417e-08,7.16875322629591e-11,8.865269586005681e-09,2.0395313395257643e-08,1.2681133181717339e-08,1.9960876182221054e-07
carbon_pipeline,power,NL-NO,4.217156896494095e-09,6.016952327593543e-10,4.99767157721075e-09,2.0954407269212284e-08,7.017017738049959e-11,7.903212934784133e-08
carbon_pipeline,power,NL-UK,1.3290339436948875e-08,3.384544207408643e-10,1.8212322575350055e-06,2.8100026686822034e-08,0.020541804826966045,1.6569221678266093e-09
carbon_pipeline,power,NO-BE,3.0617942864937682e-09,7.846459700390566e-10,7.787933429431296e-10,1.0037660032261745e-09,2.459290075992964e-09,3.32822109540077e-08
carbon_pipeline,power,NO-DE,3.294570409990037e-09,7.920748724650534e-10,6.373230183233677e-10,9.773497430167507e-10,2.204787727273872e-09,3.340089707485399e-08
carbon_pipeline,power,NO-DK,5.0537629405024775e-09,1.2306657280298442e-09,8.466745426860459e-10,1.244153895281185e-09,3.180494019220716e-09,4.807153509336703e-08
carbon_pipeline,power,NO-FI,1.0789101989299976e-08,2.601760647557233e-09,2.4880548942088178e-09,3.920223595534502e-09,6.247123311126648e-09,1.1430992791830116e-07
carbon_pipeline,power,NO-FR,2.5057224050459033e-09,6.386778871386566e-10,5.700017094394134e-10,7.633948918117308e-10,2.231839490743266e-09,2.738471300785141e-08
carbon_pipeline,power,NO-NL,3.356771114193507e-09,1.1131188911914157e-09,5.692402761586375e-10,1.0368766125203242e-09,2.6054699033820475e-09,3.548651446810236e-08
carbon_pipeline,power,NO-SE,1.786439681070297e-08,4.157083758885539e-09,4.209853792731217e-09,5.678969334508622e-09,1.557455657713699e-08,1.873102426244409e-07
carbon_pipeline,power,NO-UK,3.456461968442035e-09,1.0378470659394585e-09,8.0813575261766e-10,9.915631487389501e-10,3.0273079134104044e-09,3.732378934230789e-08
carbon_pipeline,power,PL-CZ,1.6003343641497115e-08,3.6461961843930657e-09,2.7191242340718504e-10,2.8775065985810458e-09,1.1531362883717564e-08,1.6542119100754025e-07
carbon_pipeline,power,PL-DE,1.1709118109188614e-08,6.6715734448959406e-09,1.6805766067136316e-10,3.682442990277734e-10,1.3166188507878165e-08,1.1748530889606401e-07
carbon_pipeline,power,PL-LT,1.0821387273495427e-08,4.074039169537232e-09,1.7642271408510342e-08,2.5500155377975413e-08,6.175246280974464e-08,2.5337747720652867e-07
carbon_pipeline,power,PL-SE,6.652008628007626e-09,3.579002274966226e-09,9.444165409861665e-08,3.423477574928103e-07,6.003584708979249e-11,6.527458241258296e-10
carbon_pipeline,power,PL-SK,1.5650365050603282e-08,2.382851879507388e-09,6.313861580979184e-10,4.639323100553963e-09,1.3291746946349944e-08,1.8281315745622992e-07
carbon_pipeline,power,PT-ES,1.4591863627327454e-08,7.476689431334609e-09,6.11948578891464e-09,9.95216804857303e-09,1.1748907091775469e-08,1.8323791945883406e-07
carbon_pipeline,power,RO-BG,2.3026930651021016e-08,1.0401587127231158e-08,2.953000457386737e-08,5.277120905648241e-09,5.413703387867461e-08,3.559751399942624e-07
carbon_pipeline,power,RO-HU,1.1330012509919353e-08,4.810437538519324e-09,6.007117789872633e-10,1.472563657806102e-08,6.040259265472443e-09,1.6731171185787427e-07
carbon_pipeline,power,SE-DE,3.870389183863608e-09,9.900421024598812e-10,7.038224166193276e-10,1.1548784575058718e-09,2.530226517724394e-09,3.9898687225081345e-08
carbon_pipeline,power,SE-DK,6.5755976698768445e-09,1.8373128062293204e-09,8.535314229715901e-10,1.419481669464564e-09,3.736414399454756e-09,6.154065612296899e-08
carbon_pipeline,power,SE-FI,1.0177596589401903e-08,2.5742614858809937e-09,2.786577091958282e-09,5.3407283441703014e-09,3.3323969759311047e-09,1.1664076020783926e-07
carbon_pipeline,power,SE-LT,4.923303445041642e-09,1.3092022091914598e-09,1.5888936621372486e-09,1.6941326607100137e-09,3.26566408492964e-09,5.406058198505998e-08
carbon_pipeline,power,SE-NO,3.0498974092863556e-08,3.507765232006543e-08,1.1222258266351919,0.6893531747343733,1.7102169918619543e-09,2.9773704858592213e-07
carbon_pipeline,power,SE-PL,4.045036987273227e-09,9.704049321680819e-10,1.0596894352933093e-09,1.485264854170567e-09,2.5713597395979557e-09,4.359270235521326e-08
carbon_pipeline,power,SI-AT,2.4888834331680985e-08,5.696114565997447e-09,9.37522512327904e-09,1.5858898027963493e-08,1.979903581082625e-08,3.583033548270327e-07
carbon_pipeline,power,SI-HR,2.623108496305495e-08,4.224076148676766e-08,6.623868054023945e-11,1.701630892500763e-10,3.50063759966176e-08,4.5693966192941214e-07
carbon_pipeline,power,SI-HU,1.2711435907974543e-08,3.309775340727991e-09,6.10113397434913e-09,8.734575939375442e-09,1.1720317274765605e-08,1.5804153381764816e-07
carbon_pipeline,power,SI-IT,3.5340427969352325e-08,3.2681640264292054e-10,3.475894092989415e-08,1.2136218466322133e-08,5.027653477381369e-08,2.3295386623618312e-07
carbon_pipeline,power,SK-AT,1.4277636578098232e-08,4.2438351163678035e-09,9.179223181873639e-10,2.3989126739530916e-09,9.439697288333641e-09,1.4585559387941116e-07
carbon_pipeline,power,SK-CZ,1.6939779610425084e-08,8.456851083771972e-09,5.607494962104281e-09,3.2821868625240257e-09,1.069390248823618e-08,2.160962648432993e-07
carbon_pipeline,power,SK-HU,3.7311085099010455e-08,1.6760556585303546e-08,1.236205715754401e-09,1.4148695846626292e-09,6.855155711957004e-08,4.448580293282401e-07
carbon_pipeline,power,SK-PL,1.3441516970816154e-08,5.267231831922823e-09,5.225415547118304e-08,8.825399044758885e-08,2.6831022315913154e-08,1.7119334269808635e-07
carbon_pipeline,power,UK-BE,7.377392432605572e-09,1.5756559908663991e-09,2.4856951609282817e-09,3.8642224363679614e-09,6.713811581875345e-09,9.807747006194295e-08
carbon_pipeline,power,UK-DE,5.163770970672462e-09,1.063443035764322e-09,1.1388592152754026e-09,2.056865968591825e-09,3.1221153479126004e-09,5.5429480399435546e-08
carbon_pipeline,power,UK-DK,6.798505851334421e-09,1.181683206543262e-09,1.527211820997451e-09,3.1623461744757916e-09,4.131819793295492e-09,7.459285248302773e-08
carbon_pipeline,power,UK-FR,5.567270614839906e-09,1.2575945598363432e-09,1.4777004838754822e-09,2.4941571893868123e-09,1.0102560592199713e-08,7.800450481855058e-08
carbon_pipeline,power,UK-IE,1.298744769388131e-08,2.8802419308306383e-09,7.596396170874809e-08,0.17816613376446033,0.0205428275877144,1.8002621400349413e-07
carbon_pipeline,power,UK-NL,7.756591032431575e-09,2.540951500190188e-09,1.437143581399495e-09,3.5725816861234883e-09,5.278770593436755e-09,9.086933918435281e-08
carbon_pipeline,power,UK-NO,3.6131020567508436e-09,7.75418497925998e-10,1.824625962120221e-09,5.497732002265095e-09,9.679226182239874e-10,5.381077579752598e-08
carbon_storage,power,AT,0.0,0.0,0.0,0.0,0.0,0.0
carbon_storage,power,BE,3.5313294049196065e-08,0.30626453338844617,1.7256989015971422,1.3619172104235931e-11,3.961617240955076e-12,2.1566408733565526e-12
carbon_storage,power,BG,0.0,0.0,0.0,0.0,0.0,0.0
carbon_storage,power,CH,0.0,0.0,0.0,0.0,0.0,0.0
carbon_storage,power,CZ,0.0,0.0,0.0,0.0,0.0,0.0
carbon_storage,power,DE,3.902190899082658e-08,0.445205440275793,1.406028017353307e-10,8.285669083296022e-12,2.9181200967930552e-12,1.711371948296146e-12
carbon_storage,power,DK,7.593529899981815e-11,1.1072206238968186e-09,2.853881277319277,1.3826997803636143e-11,7.464712097107542e-12,3.667282390030693e-12
carbon_storage,power,EE,0.0,0.0,0.0,0.0,0.0,0.0
carbon_storage,power,EL,6.178420281815445e-10,1.6885788784648596e-09,0.6765981711848715,1.6275541994906257e-11,3.5484405426387813e-12,2.26553167216922e-12
carbon_storage,power,ES,0.0,0.0,0.0,0.0,0.0,0.0
carbon_storage,power,FI,2.3190715792736128e-08,1.9231033298150746e-08,0.045662057997701,2.5344907174324888e-11,5.9282471353328335e-12,2.4887976950965512e-12
carbon_storage,power,FR,2.9231063819051352e-08,6.884885256222766e-08,1.4155250160551303,1.0625736673304689e-11,3.641818754978601e-12,2.4396565386282794e-12
carbon_storage,power,HR,3.523936416375192e-08,0.027968000719966923,5.585181081480742e-10,6.276925888668672e-12,2.5252759326747376e-12,1.6230432549712565e-12
carbon_storage,power,HU,0.0,0.0,0.0,0.0,0.0,0.0
carbon_storage,power,IE,2.7207525894479893e-08,0.020542836312716643,0.08667916605391215,0.17816609826774574,7.585027235967411e-12,2.7176517643775106e-12
carbon_storage,power,IT,1.9084240897097985e-11,0.09604431667152613,0.35772280658159494,8.233062263755197e-12,2.9236176830217535e-12,1.6868937820058182e-12
carbon_storage,power,LT,0.0,0.0,0.0,0.0,0.0,0.0
carbon_storage,power,LU,0.0,0.0,0.0,0.0,0.0,0.0
carbon_storage,power,LV,0.0,0.0,0.0,0.0,0.0,0.0
carbon_storage,power,NL,1.801501208917551e-08,5.156308972121439e-09,1.7808218946026362,1.0125972798374508e-11,6.243573340050713e-12,3.5329656273072446e-12
carbon_storage,power,NO,2.8759143510415635e-11,5.287191135028733e-10,1.5630979651583978,1.5339339977462743,0.07990867579884076,4.15789420306618e-12
carbon_storage,power,PL,0.0,0.0,0.0,0.0,0.0,0.0
carbon_storage,power,PT,0.0,0.0,0.0,0.0,0.0,0.0
carbon_storage,power,RO,0.0,0.0,0.0,0.0,0.0,0.0
carbon_storage,power,SE,2.0959940398685605e-08,1.3977530328088025e-08,0.35388124353977585,4.985355286712611e-11,7.27766303090525e-12,2.8733303074917918e-12
carbon_storage,power,SI,0.0,0.0,0.0,0.0,0.0,0.0
carbon_storage,power,SK,0.0,0.0,0.0,0.0,0.0,0.0
carbon_storage,power,UK,2.7380033412799573e-10,8.641432389281016e-10,1.3926940626614723,2.786113309686602e-11,5.346678793435408e-12,8.566223398325219e-11
hard_coal_plant_CCS,power,AT,6.68234356472615e-09,2.5914862346482807e-09,1.1560130944314232e-11,1.0551826036612787e-11,2.1549878154453972e-11,2.0496760758866665e-08
hard_coal_plant_CCS,power,BE,6.46447630289782e-09,6.885404369095339e-09,1.0923340374395809e-11,7.277643642955314e-12,1.3590573691176505e-11,1.731492462889199e-08
hard_coal_plant_CCS,power,BG,6.381681072950205e-09,2.2564203847483563e-09,1.039607010440938e-11,1.0552880221625101e-11,2.4994844616160024e-11,2.219817098444744e-08
hard_coal_plant_CCS,power,CH,6.501258438879192e-09,2.8830312823226487e-09,1.3618767446058504e-11,1.0972458783808023e-11,2.180239695346367e-11,2.0045700081739543e-08
hard_coal_plant_CCS,power,CZ,6.436450440727694e-09,2.462358605482763e-09,1.1743251519558244e-11,1.0761977803692248e-11,2.2415570605350092e-11,2.0909614600351287e-08
hard_coal_plant_CCS,power,DE,7.773444527648347e-09,4.443944554166279e-09,9.568413521770923e-12,7.808502350578524e-12,1.430712164214796e-11,1.8613010372798976e-08
hard_coal_plant_CCS,power,DK,6.832285967578093e-09,3.858165689748258e-09,1.115142735350362e-11,8.812509226469021e-12,1.7881547538855138e-11,1.9934324194164693e-08
hard_coal_plant_CCS,power,EE,5.0449403838384905e-09,4.023730502065603e-09,2.2930457390012328e-11,1.7663993626640168e-11,3.085344409715267e-11,2.104901888473232e-08
hard_coal_plant_CCS,power,EL,5.689802993356437e-09,4.014223795672912e-09,1.3273786025151546e-11,9.898103004692833e-12,2.342809081426406e-11,1.9328289652136283e-08
hard_coal_plant_CCS,power,ES,2.964134094145119e-09,3.0849794817141457e-09,1.0051968229619623e-10,1.037902196425655e-10,1.525315397393791e-10,2.0217641956336733e-08
hard_coal_plant_CCS,power,FI,4.765722338269728e-09,4.45636323696566e-09,4.4146403252555627e-11,2.3202841934739143e-11,3.889632634028811e-11,2.219264228708869e-08
hard_coal_plant_CCS,power,FR,5.078218758588672e-09,3.1692991142536172e-09,2.322257063357262e-11,1.7021866148773543e-11,3.1292926022019126e-11,2.0710915995133586e-08
hard_coal_plant_CCS,power,HR,7.126172374224041e-09,2.8605331414726997e-09,9.08046065196229e-12,9.009663745977491e-12,1.7601362230395182e-11,2.0493195792062543e-08
hard_coal_plant_CCS,power,HU,4.8485665907803525e-09,3.2934355407926476e-09,1.5023517174696756e-11,1.441798889364328e-11,2.9518755921066165e-11,2.270439654661472e-08
hard_coal_plant_CCS,power,IE,6.000809801295247e-09,5.240484993362377e-09,3.33373633662395e-11,1.0885608988091439e-11,1.7706274460019224e-11,1.939736681581212e-08
hard_coal_plant_CCS,power,IT,6.8411062357132175e-09,2.3890991148581015e-09,1.0485920075209597e-11,9.745114002452037e-12,1.9906209302993423e-11,1.9055767913520164e-08
hard_coal_plant_CCS,power,LT,5.056538367631952e-09,3.4016850441628306e-09,2.256372752035038e-11,1.717191538868841e-11,3.2513365365593445e-11,2.130566146216196e-08
hard_coal_plant_CCS,power,LU,5.150671236923371e-09,3.073996041514704e-09,2.3083864300780426e-11,1.61332789062805e-11,3.2744357204607386e-11,2.1457929742469856e-08
hard_coal_plant_CCS,power,LV,5.0489329600977515e-09,3.3717833346619844e-09,2.217608043627348e-11,1.8139221908669003e-11,3.77378512238069e-11,2.1636832637955113e-08
hard_coal_plant_CCS,power,NL,6.484742767371518e-09,5.529733427281469e-09,9.159081701346416e-12,7.630819741671773e-12,1.4435193653038475e-11,1.791740194352403e-08
hard_coal_plant_CCS,power,NO,4.787091026609764e-09,4.16340500551796e-09,3.041153951316698e-11,1.7198714777107102e-11,2.779167895556624e-11,2.149537071265189e-08
hard_coal_plant_CCS,power,PL,6.2525651518080276e-09,2.937540809695583e-09,1.235493204040187e-11,1.1650164981967503e-11,2.5493539805308915e-11,2.146213059856326e-08
hard_coal_plant_CCS,power,PT,2.8004712844934302e-09,2.6483589144762602e-09,2.5699861456724126e-10,2.7306036546630685e-10,2.374405127463922e-10,2.0224128519872745e-08
hard_coal_plant_CCS,power,RO,4.877145732699788e-09,2.434429511236639e-09,1.8067773474702038e-11,1.7384350175456297e-11,4.849161519551949e-11,2.402762342355026e-08
hard_coal_plant_CCS,power,SE,4.898457610086095e-09,4.600156006854472e-09,3.292825057429004e-11,1.703833945485357e-11,2.8307694724486618e-11,2.157179236901756e-08
hard_coal_plant_CCS,power,SI,5.467265775439622e-09,2.5399810676450848e-09,1.185408967500204e-11,1.1068882411233335e-11,2.3021306685751623e-11,1.9947210980675113e-08
hard_coal_plant_CCS,power,SK,6.5306707042010774e-09,2.071995646230632e-09,1.2401793788331592e-11,1.154789022793671e-11,2.439745650816771e-11,2.141985686898004e-08
hard_coal_plant_CCS,power,UK,6.153864190396476e-09,4.124824645573042e-09,1.4326129439097909e-11,1.0394786669458317e-11,1.9219789032053882e-11,2.002544614461002e-08
heat_pump,power,AT,9.744452357398951e-10,2.8949344575825857,2.2216532526677306,0.9249438261205722,18.397513845618573,2.2216532064628427
heat_pump,power,BE,2.1593346848355957e-09,8.504434384026768,4.380657804778361,3.014439128421772,30.522006797593747,4.380657742621464
heat_pump,power,BG,0.5950800471782792,0.2722387097975259,1.0521235471989683,1.6831319768393913,7.5892736500960485,1.0521225845395097
heat_pump,power,CH,3.072391582266736e-09,3.922385085919085,3.0101478593476103,1.2532188333500465,26.36705807974252,3.0101484435812593
heat_pump,power,CZ,6.812916383894138e-10,1.6241689890277344,7.372016409112397,1.39261205079856,17.853684890516224,8.997860063525263
heat_pump,power,DE,4.508377217115791e-10,7.742682528900074e-09,58.122893851662816,15.544711877310537,135.56327508071533,83.1455590644477
heat_pump,power,DK,2.7220513821004726e-08,2.2669730751348873,2.523496420367672,16.71935895551219,2.461523410224874,2.5234962018575677
heat_pump,power,EE,6.020007272146562e-11,2.271237673603491e-09,0.16350922831163348,0.0933427113898865,2.447435595272032,0.26037768689805335
heat_pump,power,EL,5.497248730411548e-10,5.833284252773382,2.279599331107228,0.3443413453744196,22.802938254430153,2.2795993617261314
heat_pump,power,ES,26.72128319683018,5.819045131393583,3.4695193812518688,29.51107875513882,5.81904514682029,3.4695193138996614
heat_pump,power,FI,9.006603588262373e-10,1.4544107082503345e-08,2.249861505702912,0.33361415052283366,14.182776822896251,1.9945322342794893
heat_pump,power,FR,102.21017324984716,25.18477250957462,18.707952712578958,106.14205269973912,25.184772589418337,25.07286380108869
heat_pump,power,HR,4.920229963891571,0.8177775371750331,1.374253076196735,6.096170173936928,0.8177780877989628,2.531323128588107
heat_pump,power,HU,8.375138118360494,3.208777254506177,9.077354725189698,10.165591613852879,6.909048054559576,11.05544016557653
heat_pump,power,IE,6.251827058392405,1.34865888249442,0.8568819423542033,8.521413967779802,1.348663158396944,0.8568819492261844
heat_pump,power,IT,24.968619916469613,38.81816592140411,22.524673324828207,31.952871079285398,94.70916276781409,28.567032867219492
heat_pump,power,LT,0.07810864861098352,0.3201847302067935,0.31847089937687084,3.9670707999743344,0.3201850854874865,0.570192151786499
heat_pump,power,LU,3.6280299635009626e-10,0.23142232235796872,0.48727383148173686,0.3532660013974179,1.7215610440715305,0.5124617352239396
heat_pump,power,LV,0.026580783504220207,0.2512276834015262,0.18480125914522963,0.14421372111406372,3.414823738208861,0.682793628841781
heat_pump,power,NL,1.0212560811363435e-09,14.278454502782713,2.5737391870853554,0.3200219308063266,42.53847721164263,2.57373581544734
heat_pump,power,NO,5.473015056831441e-12,1.8739983746001958,1.737140741327827,0.22603158787375024,17.70565117886319,1.7371407558867245
heat_pump,power,PL,1.5232486683592318e-09,3.702304498662932,5.375893737687199,26.37030448541096,41.49135214127085,5.3758939133840355
heat_pump,power,PT,2.2416027450996814,0.6152658316708256,0.17412548383353568,2.2528696392066623,0.6152658440757711,0.17412542688455834
heat_pump,power,RO,2.2834812924361836e-09,1.519266156391574,1.2444044141272061,1.059090391614247,8.698931192660197,1.7150906525990244
heat_pump,power,SE,1.9234392427660647e-09,3.7392310641446227,2.0316288498973623,1.8456084245683797,19.05614686324219,2.0316281195885244
heat_pump,power,SI,2.9869368996410723,0.4597516743839558,0.3119081236944834,3.507171471569246,0.6356852266111592,0.3863113539467361
heat_pump,power,SK,9.0900226667241e-10,1.5717936945497208,0.7792301933920569,0.7850749430817316,5.558335273911106,0.8000000244196253
heat_pump,power,UK,89.00885381173521,40.517124248922975,18.140273786050866,96.3919007153941,40.51712437578831,18.14027357310512
hydrogen_storage,energy,AT,1.7808790173054347e-08,1.3641119549099709e-08,1.9745946384153032e-08,2.6507349780274657e-08,3.439972093928215e-08,6.44441217493777e-07
hydrogen_storage,energy,BE,1.793985859201796e-08,1.302502179476431e-08,1.9558463676544102e-08,2.626969846865407e-08,3.0485873856340365e-08,6.716732293277744e-07
hydrogen_storage,energy,BG,1.7985543311039746e-08,1.5119044655311002e-08,1.9687187491478704e-08,2.6628918721725067e-08,3.772068897683983e-08,6.363739594092746e-07
hydrogen_storage,energy,CH,1.80643092273044e-08,1.3801310649937657e-08,1.9511454145835735e-08,2.7236120486007863e-08,3.558189891636963e-08,6.327771392717654e-07
hydrogen_storage,energy,CZ,1.8149952887015197e-08,1.4150484635336828e-08,2.0237921410661465e-08,2.7203777744131323e-08,3.69036060084804e-08,6.314236128674269e-07
hydrogen_storage,energy,DE,1.8321267765512357e-08,1.4268293411125182e-08,1.9638566344003504e-08,2.5614077764304958e-08,3.1041249102703324e-08,6.442119531881058e-07
hydrogen_storage,energy,DK,1.8374956994934687e-08,1.3496908321039437e-08,2.0528365797320525e-08,2.7076629391904515e-08,3.7737369583103705e-08,6.177428205200047e-07
hydrogen_storage,energy,EE,1.8071459956075232e-08,1.3493644744752403e-08,1.9145753251478042e-08,2.9243902448675704e-08,3.828776208814703e-08,6.320109107007135e-07
hydrogen_storage,energy,EL,1.7827429221111266e-08,1.438909442464672e-08,2.1557236333898788e-08,2.8011883430557804e-08,3.699882743264816e-08,6.408208936021122e-07
hydrogen_storage,energy,ES,1.708086217178027e-08,1.482967702131458e-08,2.0567792038531227e-08,2.9744797656323503e-08,3.37797728113701e-08,6.322318413251055e-07
hydrogen_storage,energy,FI,1.895570042681411e-08,1.382135322242315e-08,2.0406906588510566e-08,2.9274707749520875e-08,3.4509775241455014e-08,6.282652409905142e-07
hydrogen_storage,energy,FR,1.8196311311672807e-08,1.2690714705094456e-08,1.9890877310849954e-08,3.01859021262183e-08,3.6385886750414694e-08,6.387199317946238e-07
hydrogen_storage,energy,HR,1.8269199166683667e-08,1.4321892157283872e-08,1.8429738524390752e-08,2.6801272859844106e-08,3.603906172708513e-08,6.2485305524925e-07
hydrogen_storage,energy,HU,1.8001810703807892e-08,1.5171597240802374e-08,1.9474122896805608e-08,2.7710271920358434e-08,3.687726303301268e-08,6.347641909856915e-07
hydrogen_storage,energy,IE,1.8139537362890114e-08,1.3310627413317688e-08,2.0503872423678633e-08,2.9333636248109754e-08,3.775691757347319e-08,6.353101552452977e-07
hydrogen_storage,energy,IT,1.8359555417371733e-08,1.4426243353145401e-08,2.0572133886783734e-08,2.8206106342012037e-08,3.866904332784945e-08,6.369596776414051e-07
hydrogen_storage,energy,LT,1.831144586378911e-08,1.3869103682428626e-08,1.94026859831855e-08,2.7056269630975718e-08,4.104568378027639e-08,6.405629481571581e-07
hydrogen_storage,energy,LU,1.8079434712969475e-08,1.3112947768160058e-08,1.9111765229755282e-08,2.8210540136624703e-08,3.614785403505823e-08,6.322184487180124e-07
hydrogen_storage,energy,LV,1.847016161345922e-08,1.4153322692360557e-08,1.8828768847536672e-08,2.776709855707868e-08,4.0201287149152827e-08,6.356298341792547e-07
hydrogen_storage,energy,NL,1.8166977279582642e-08,1.3731727582921196e-08,2.044529985689381e-08,2.7266386076206163e-08,3.512101988344e-08,6.236606547246958e-07
hydrogen_storage,energy,NO,1.788782365415253e-08,1.2531146240523846e-08,1.774091896208185e-08,2.5950501978333468e-08,3.454012880108628e-08,5.839928070451656e-07
hydrogen_storage,energy,PL,1.8769906731636228e-08,1.458363348289322e-08,2.0358105876192897e-08,2.65030023648656e-08,3.994401071480663e-08,6.306407302334433e-07
hydrogen_storage,energy,PT,1.8101643020875836e-08,1.5593574309037877e-08,2.0549271004861428e-08,3.0332220662018545e-08,3.621545899333585e-08,6.631945125808654e-07
hydrogen_storage,energy,RO,1.7750564755698418e-08,1.4503157110685661e-08,2.008033674179036e-08,2.7706824887663925e-08,3.622759951930632e-08,6.442742136975282e-07
hydrogen_storage,energy,SE,1.9009340898312048e-08,1.3383045051413963e-08,2.056463030942316e-08,2.7774877780793756e-08,3.6912194496200605e-08,6.46359141630287e-07
hydrogen_storage,energy,SI,1.8234729490593834e-08,1.4799598056040687e-08,1.9789278101571293e-08,2.728070018197841e-08,3.882316889742734e-08,6.402793719529491e-07
hydrogen_storage,energy,SK,1.856237090742931e-08,1.4319519374218838e-08,1.9684442189442235e-08,2.643750199428271e-08,3.80792882199171e-08,6.176500800244166e-07
hydrogen_storage,energy,UK,1.874819006932557e-08,1.2809184110228105e-08,1.9565770557775045e-08,2.9820768080348e-08,4.041187826715806e-08,6.457954393990508e-07
hydrogen_storage,power,AT,8.904395086527173e-09,6.820559774549854e-09,9.872973192076516e-09,1.3253674890137328e-08,1.7199860469641074e-08,3.222206087468885e-07
hydrogen_storage,power,BE,8.96992929600898e-09,6.512510897382155e-09,9.779231838272051e-09,1.3134849234327036e-08,1.5242936928170183e-08,3.358366146638872e-07
hydrogen_storage,power,BG,8.992771655519873e-09,7.559522327655501e-09,9.843593745739352e-09,1.3314459360862533e-08,1.8860344488419915e-08,3.181869797046373e-07
hydrogen_storage,power,CH,9.0321546136522e-09,6.900655324968828e-09,9.755727072917867e-09,1.3618060243003931e-08,1.7790949458184815e-08,3.163885696358827e-07
hydrogen_storage,power,CZ,9.074976443507598e-09,7.075242317668414e-09,1.0118960705330733e-08,1.3601888872065662e-08,1.84518030042402e-08,3.157118064337134e-07
hydrogen_storage,power,DE,9.160633882756179e-09,7.134146705562591e-09,9.819283172001752e-09,1.2807038882152479e-08,1.5520624551351662e-08,3.221059765940529e-07
hydrogen_storage,power,DK,9.187478497467344e-09,6.7484541605197185e-09,1.0264182898660262e-08,1.3538314695952257e-08,1.8868684791551853e-08,3.0887141026000234e-07
hydrogen_storage,power,EE,9.035729978037616e-09,6.746822372376201e-09,9.572876625739021e-09,1.4621951224337852e-08,1.9143881044073514e-08,3.1600545535035677e-07
hydrogen_storage,power,EL,8.913714610555633e-09,7.19454721232336e-09,1.0778618166949394e-08,1.4005941715278902e-08,1.849941371632408e-08,3.204104468010561e-07
hydrogen_storage,power,ES,8.540431085890134e-09,7.41483851065729e-09,1.0283896019265613e-08,1.4872398828161752e-08,1.688988640568505e-08,3.1611592066255274e-07
hydrogen_storage,power,FI,9.477850213407055e-09,6.910676611211575e-09,1.0203453294255283e-08,1.4637353874760437e-08,1.7254887620727507e-08,3.141326204952571e-07
hydrogen_storage,power,FR,9.098155655836403e-09,6.345357352547228e-09,9.945438655424977e-09,1.509295106310915e-08,1.8192943375207347e-08,3.193599658973119e-07
hydrogen_storage,power,HR,9.134599583341833e-09,7.160946078641936e-09,9.214869262195376e-09,1.3400636429922053e-08,1.8019530863542567e-08,3.12426527624625e-07
hydrogen_storage,power,HU,9.000905351903946e-09,7.585798620401187e-09,9.737061448402804e-09,1.3855135960179217e-08,1.843863151650634e-08,3.1738209549284573e-07
hydrogen_storage,power,IE,9.069768681445057e-09,6.655313706658844e-09,1.0251936211839316e-08,1.4666818124054877e-08,1.8878458786736595e-08,3.1765507762264887e-07
hydrogen_storage,power,IT,9.179777708685867e-09,7.2131216765727004e-09,1.0286066943391867e-08,1.4103053171006019e-08,1.9334521663924727e-08,3.1847983882070253e-07
hydrogen_storage,power,LT,9.155722931894555e-09,6.934551841214313e-09,9.70134299159275e-09,1.3528134815487859e-08,2.0522841890138196e-08,3.2028147407857904e-07
hydrogen_storage,power,LU,9.039717356484737e-09,6.556473884080029e-09,9.555882614877641e-09,1.4105270068312352e-08,1.8073927017529115e-08,3.161092243590062e-07
hydrogen_storage,power,LV,9.23508080672961e-09,7.076661346180278e-09,9.414384423768336e-09,1.388354927853934e-08,2.0100643574576413e-08,3.1781491708962737e-07
hydrogen_storage,power,NL,9.083488639791321e-09,6.865863791460598e-09,1.0222649928446904e-08,1.3633193038103081e-08,1.756050994172e-08,3.118303273623479e-07
hydrogen_storage,power,NO,8.943911827076266e-09,6.265573120261923e-09,8.870459481040925e-09,1.2975250989166734e-08,1.727006440054314e-08,2.919964035225828e-07
hydrogen_storage,power,PL,9.384953365818114e-09,7.29181674144661e-09,1.0179052938096448e-08,1.32515011824328e-08,1.9972005357403315e-08,3.1532036511672166e-07
hydrogen_storage,power,PT,9.050821510437918e-09,7.796787154518938e-09,1.0274635502430714e-08,1.5166110331009273e-08,1.8107729496667925e-08,3.315972562904327e-07
hydrogen_storage,power,RO,8.875282377849209e-09,7.2515785553428306e-09,1.004016837089518e-08,1.3853412443831962e-08,1.811379975965316e-08,3.221371068487641e-07
hydrogen_storage,power,SE,9.504670449156024e-09,6.691522525706981e-09,1.028231515471158e-08,1.3887438890396878e-08,1.8456097248100302e-08,3.231795708151435e-07
hydrogen_storage,power,SI,9.117364745296917e-09,7.3997990280203434e-09,9.894639050785646e-09,1.3640350090989205e-08,1.941158444871367e-08,3.2013968597647454e-07
hydrogen_storage,power,SK,9.281185453714656e-09,7.159759687109419e-09,9.842221094721118e-09,1.3218750997141356e-08,1.903964410995855e-08,3.088250400122083e-07
hydrogen_storage,power,UK,9.374095034662786e-09,6.404592055114052e-09,9.782885278887522e-09,1.4910384040174e-08,2.020593913357903e-08,3.228977196995254e-07
lignite_coal_plant,power,AT,5.39825246195899e-09,2.3184284546621646e-09,1.1729353226040972e-09,1.0505365742504264e-09,2.998807437591954e-09,3.521655545733643e-08
lignite_coal_plant,power,BE,5.277891029436402e-09,2.546209767813581e-09,1.1862803371631134e-09,9.406830946573805e-10,3.3673783658441408e-09,3.48628724891213e-08
lignite_coal_plant,power,BG,3.1314345074470767e-12,1.4853425786095258e-11,3.446046757119094e-12,5.608975471622867e-12,1.288227536729192e-11,8.966064229268466e-11
lignite_coal_plant,power,CH,5.2005750948433436e-09,2.446950676763733e-09,1.039928728927439e-09,1.2758124976692399e-09,3.011467022283998e-09,3.4922168448470614e-08
lignite_coal_plant,power,CZ,2.7495191537086e-12,5.5556384728066164e-11,1.1123337548822929e-11,9.808730315431262e-09,2.8283655119515638e-09,3.735776855577397e-08
lignite_coal_plant,power,DE,2.485409295734451e-12,5.6290100057662636e-12,4.170184129747758e-12,7.474167105745984e-12,3.716081261719968e-11,8.349182515840319e-11
lignite_coal_plant,power,DK,5.1195551653464116e-09,2.7328360981504703e-09,9.009854574996981e-10,6.748792657302229e-10,3.5560104860441426e-09,3.70923762720029e-08
lignite_coal_plant,power,EE,5.68176014434613e-09,3.747796262866957e-09,3.093836106974925e-10,2.222979814348947e-09,1.2575138913137517e-09,3.650434928464931e-08
lignite_coal_plant,power,EL,1.0928213208204367e-11,1.7980499314392474e-11,1.9784382159881687e-11,1.522303698969387e-11,1.2364059143121938e-08,3.3327327988840536e-08
lignite_coal_plant,power,ES,7.239052429712503e-12,9.051489969372689e-12,8.255557575383678e-09,2.6896753522542834e-09,6.04984363811824e-10,3.1201570683746474e-08
lignite_coal_plant,power,FI,5.046065978051714e-09,2.7607150421263263e-09,1.3993247317261041e-09,1.649729316018676e-09,2.4500840812666078e-09,3.6404096272879066e-08
lignite_coal_plant,power,FR,5.077684955424084e-09,2.2934453033697398e-09,1.1361741545096496e-09,1.698444298536333e-09,2.4438143703527916e-09,3.3653752793858097e-08
lignite_coal_plant,power,HR,5.168110865853314e-09,2.537649160246616e-09,1.0321037776436084e-09,1.3599986579871092e-09,2.1130533360973646e-09,3.938964169709199e-08
lignite_coal_plant,power,HU,4.02814706684984e-09,3.5068162027932406e-09,9.831785639862044e-10,1.4549628722253254e-09,2.1351731875047933e-09,4.2417090218016266e-08
lignite_coal_plant,power,IE,5.19988082193728e-09,2.2204912400192115e-09,1.1234773701579088e-09,1.2873774245659303e-09,3.0003157990417267e-09,3.662902325444469e-08
lignite_coal_plant,power,IT,4.2822528502533e-09,3.186839802494968e-09,8.991501757911974e-10,1.2185224388305492e-09,2.458923357798894e-09,3.272431495365327e-08
lignite_coal_plant,power,LT,5.848344911413679e-09,3.7220934207637928e-09,1.6269764859125164e-10,9.78184422789442e-10,2.318685861479996e-09,3.659654812164331e-08
lignite_coal_plant,power,LU,4.955470175347734e-09,2.4161731844597096e-09,1.2274589321149693e-09,1.3090253479349804e-09,2.993627953694854e-09,3.569509658912616e-08
lignite_coal_plant,power,LV,5.814600771585477e-09,3.743108129311353e-09,1.7983878120951361e-10,1.010664658813142e-09,2.4074112304686193e-09,3.670653483813102e-08
lignite_coal_plant,power,NL,5.1264733588078814e-09,2.573627004043292e-09,9.279516277444394e-10,1.479063693827415e-09,2.993206923069446e-09,3.484808654778319e-08
lignite_coal_plant,power,NO,4.993527792282612e-09,2.3837771756863686e-09,9.63679787564418e-10,9.715595078015628e-10,2.6714620687774565e-09,3.61963611364249e-08
lignite_coal_plant,power,PL,8.11208679937753e-12,3.266825903666158e-11,7.474377875786413e-11,7.585132690549267e-12,1.3527220445870654e-10,5.1811116284834016e-08
lignite_coal_plant,power,PT,3.041742811688242e-09,4.015746092123468e-09,1.1491028735142254e-09,2.764643515026456e-09,5.744319320041877e-10,3.139043362585588e-08
lignite_coal_plant,power,RO,1.7070125892017956e-12,4.202456184303499e-11,8.687681658227581e-11,7.346909243132618e-12,1.668997189780948e-11,5.708795187272304e-08
lignite_coal_plant,power,SE,4.920208223867961e-09,2.8078628405820395e-09,9.138657450106452e-10,1.0228162305274237e-09,3.1817678861199586e-09,3.6597193469232065e-08
lignite_coal_plant,power,SI,4.0374595444451845e-09,3.2353931487476263e-09,9.79664013534491e-10,6.907830371913444e-10,1.954909283782121e-09,3.3779728598010635e-08
lignite_coal_plant,power,SK,5.19426550835148e-09,2.5634804989333e-09,8.939855815914837e-10,1.0183372491540173e-09,2.6397384105754327e-09,3.797939579980819e-08
lignite_coal_plant,power,UK,4.92467775514364e-09,2.400223721175725e-09,9.75781241711645e-10,1.6604361069238162e-09,2.7942580481335604e-09,3.681531835768129e-08
lng_terminal,power,AT,0.0,0.0,0.0,0.0,0.0,0.0
lng_terminal,power,BE,3.0816264008119946e-11,5.276033780884392e-11,1.2000964096387865e-10,2.234465966854407e-07,3.714218024260515e-08,1.248011029473792e-06
lng_terminal,power,BG,0.0,0.0,0.0,0.0,0.0,0.0
lng_terminal,power,CH,0.0,0.0,0.0,0.0,0.0,0.0
lng_terminal,power,CZ,0.0,0.0,0.0,0.0,0.0,0.0
lng_terminal,power,DE,2.2755947938451796e-11,3.284134866978826e-11,5.0325578103284856e-11,8.633864180044287e-11,1.9651786987778188e-10,1.6622487818154716e-06
lng_terminal,power,DK,0.0,0.0,0.0,0.0,0.0,0.0
lng_terminal,power,EE,2.2759329199772892e-11,3.2849496319624626e-11,5.03365941059095e-11,8.635553560260824e-11,1.9655899984339657e-10,0.17268495237864714
lng_terminal,power,EL,3.087818978040853e-11,5.295627020592728e-11,1.2047906713417957e-10,1.829462716772797e-07,5.5027187289012086e-08,1.1148852181734807e-06
lng_terminal,power,ES,3.074205796602861e-11,5.244440374045173e-11,1.1836081184853816e-10,2.215270166743862e-07,3.2025669429812326e-08,1.2081334399422579e-06
lng_terminal,power,FI,2.27588705860806e-11,3.28485226567134e-11,5.03352222905933e-11,8.63531619103151e-11,1.9655267040591731e-10,5.525215138963157e-06
lng_terminal,power,FR,3.075772635249822e-11,5.246127883001652e-11,1.1852828060741296e-10,2.882969389315307e-07,3.207004870664117e-09,1.379561553810638e-06
lng_terminal,power,HR,2.2759090291334565e-11,3.28489849015154e-11,5.0335341316670985e-11,8.635176000429569e-11,1.9653912842022477e-10,1.377860758301925e-06
lng_terminal,power,HU,0.0,0.0,0.0,0.0,0.0,0.0
lng_terminal,power,IE,0.0,0.0,0.0,0.0,0.0,0.0
lng_terminal,power,IT,3.080025445430494e-11,5.269805224022343e-11,1.198066725064211e-10,2.0631822901021614e-07,3.923123858210404e-08,1.0978694014920456e-06
lng_terminal,power,LT,3.0871631323105094e-11,5.294090116864482e-11,1.20504009423797e-10,2.260116529995547,1.7549162630930658e-09,8.158721349367451e-08
lng_terminal,power,LU,0.0,0.0,0.0,0.0,0.0,0.0
lng_terminal,power,LV,0.0,0.0,0.0,0.0,0.0,0.0
lng_terminal,power,NL,3.081200760380642e-11,5.274409973889923e-11,1.199653696456829e-10,2.2556351998712452e-07,3.395496083371121e-08,1.1860113377388703e-06
lng_terminal,power,NO,0.0,0.0,0.0,0.0,0.0,0.0
lng_terminal,power,PL,2.2741910518854504e-11,3.280117974591159e-11,5.0267635167599035e-11,8.624512023054386e-11,1.963232142605535e-10,1.8735221178567076e-06
lng_terminal,power,PT,3.088247209148884e-11,5.2968532496244557e-11,1.2052195216349111e-10,2.538584382885439e-07,2.780243496897687e-08,1.3704015685219214e-06
lng_terminal,power,RO,0.0,0.0,0.0,0.0,0.0,0.0
lng_terminal,power,SE,0.0,0.0,0.0,0.0,0.0,0.0
lng_terminal,power,SI,0.0,0.0,0.0,0.0,0.0,0.0
lng_terminal,power,SK,0.0,0.0,0.0,0.0,0.0,0.0
lng_terminal,power,UK,3.076003523250862e-11,5.25446579476369e-11,1.1889127006149332e-10,1.8990939246646515e-07,4.3692381470347394e-08,1.1016651940966284e-06
natural_gas_boiler,power,AT,15.502579403184534,1.7443094436455532e-07,6.349980289971425e-11,4.932874542403667e-11,2.092328674581958e-08,2.3776327734889005e-07
natural_gas_boiler,power,BE,22.017572467393478,4.9340416029604725e-08,1.4288768871855677e-09,5.4888412858548476e-11,3.187777568678317e-08,1.8700438949818447e-07
natural_gas_boiler,power,BG,7.317035496602517,2.601353177199361e-11,2.0910354317077525e-11,3.589580598996643e-11,6.418615276470264e-08,1.7368411129036137e-07
natural_gas_boiler,power,CH,22.44467296975234,7.948205975515526e-07,4.147632627811612e-09,6.390177167219924e-09,2.946083233348651e-10,2.325888592505298e-07
natural_gas_boiler,power,CZ,16.229516273112058,6.556070551952924e-11,2.7468838901761825e-09,4.5330849372507915e-11,2.1587968162518727e-07,1.788413556984979e-08
natural_gas_boiler,power,DE,130.05737420993293,30.143771376742873,2.7962443760356297e-09,1.7477632844787868e-08,3.6750126288299484e-08,2.549468507381445e-07
natural_gas_boiler,power,DK,15.987361075568028,3.837141134650999e-11,2.0170065076441484e-11,3.429154850825976e-11,6.476904610319431e-08,1.4095327669115909e-07
natural_gas_boiler,power,EE,2.4474356305242178,0.09686866058707198,5.595666513529208e-11,4.64418399834814e-11,3.655432490019353e-08,2.0764242187040036e-07
natural_gas_boiler,power,EL,16.96965408041064,5.7996000480885014e-11,7.36430274676804e-11,4.9771028024677536e-11,9.081252494604272e-08,1.602521470090058e-07
natural_gas_boiler,power,ES,1.5330700585412128e-11,1.705519121307914e-11,5.841528278786644e-10,4.1852690234907745e-08,1.6282034084984493e-09,1.2109920024212524e-07
natural_gas_boiler,power,FI,13.815052189639692,1.6478777078106554e-07,4.148287769388546e-11,4.1772799331708585e-11,1.9747916718496285e-09,2.2688947062103373e-07
natural_gas_boiler,power,FR,2.236696255563454e-07,2.2649838876177927e-11,5.517491506601224e-10,1.232537402891542e-09,5.692876375722024e-08,1.2945491253417203e-07
natural_gas_boiler,power,HR,0.7202223698123554,3.563589702919595e-11,1.7888406156519508e-10,3.8332166999770337e-11,5.943586370271899e-08,1.4947460771699267e-07
natural_gas_boiler,power,HU,3.723872124958472,1.0359427826934742e-10,2.5651277993731794e-09,2.734850904648431e-11,6.76314000244311e-08,1.784708051347467e-07
natural_gas_boiler,power,IE,1.5925799530018616,2.229646936147939e-11,2.2358987325104228e-11,3.4895060105140907e-11,5.604285328698511e-08,1.4027797841215202e-07
natural_gas_boiler,power,IT,52.555974091508546,4.80495529248035e-11,7.228481124277943e-12,7.23957745222383e-09,5.645558006232244e-08,1.4131587893566248e-07
natural_gas_boiler,power,LT,3.7383416044920046,2.191458921301685e-11,2.1061833174774514e-11,3.356241760958482e-11,1.4187679553253966e-07,5.5196387380074444e-08
natural_gas_boiler,power,LU,1.4235705187031782,6.095611038899682e-11,1.4974729227131838e-10,5.437604960769013e-11,7.819754675639017e-08,1.4268418865644347e-07
natural_gas_boiler,power,LV,3.163596407772161,3.468769171954111e-11,2.5549802311172354e-11,4.624333269062139e-11,3.3972526992937596e-07,5.76428524901109e-10
natural_gas_boiler,power,NL,28.260023058399323,1.1005568746559978e-07,1.8099214610113905e-11,5.5375870743636425e-11,3.0218825270519046e-10,2.3404748021591145e-07
natural_gas_boiler,power,NO,15.831653195389471,5.411836866409029e-11,2.8738431634799568e-11,3.919735074436824e-11,6.180344921488384e-08,1.4996197477892204e-07
natural_gas_boiler,power,PL,59.413727107174864,2.5642177438327334e-11,4.766462480171827e-11,1.1939506928074514e-11,1.1558450275209128e-07,1.2741556017684142e-07
natural_gas_boiler,power,PT,2.4222326367549078e-11,3.5222242848515914e-10,3.494515415742427e-10,3.6164276527101325e-08,2.038748433885855e-09,1.1382857766507625e-07
natural_gas_boiler,power,RO,5.328994997901778,3.6232581036440696e-11,3.0686062394251154e-11,2.4379778864964797e-10,6.90244768445454e-08,1.9265368038770189e-07
natural_gas_boiler,power,SE,16.244314288762137,4.4257337095743796e-11,3.048740524770412e-11,4.224405659366431e-11,7.678030799552668e-08,1.343440884885548e-07
natural_gas_boiler,power,SI,0.17593381394022958,2.7135018139626975e-11,2.678413792214733e-11,3.9956807841594133e-11,5.994418169061981e-08,1.3371437346134542e-07
natural_gas_boiler,power,SK,3.986541580607099,0.02077020364244816,4.38113785824914e-11,3.000507728701877e-10,3.0555503843262473e-10,3.71153989415982e-07
natural_gas_boiler,power,UK,2.0662388738126194e-07,2.3423714016396445e-11,1.9476393208174414e-10,4.1815909980628733e-08,1.516542292528678e-08,1.3522797839251806e-07
natural_gas_pipeline,power,AT-CH,9.164021416692551e-08,3.003182288497558e-08,3.1952609918943595e-08,4.490967612321814e-08,4.9640518376924705e-08,1.0247433057466926e-06
natural_gas_pipeline,power,AT-CZ,1.503685008840015e-07,2.625531937411589e-07,2.591504319375231e-09,0.1680805949328797,1.1311721011416556e-08,0.3425066756865169
natural_gas_pipeline,power,AT-DE,4.379015241092964e-10,5.232581776246696e-10,8.364882748219913e-10,2.3334265269671257e-09,1.2512719883445652e-09,4.786698919586403e-09
natural_gas_pipeline,power,AT-HU,8.641365771187113e-10,1.0789478578128686e-09,1.7632567107562466e-09,2.545197317622622e-09,2.374329737454075e-09,1.8288849799397505e-09
natural_gas_pipeline,power,AT-IT,2.7111563038761e-10,4.335906723966074e-11,5.484055128141065e-10,8.005333215345773e-11,2.5492360966078955e-10,1.1507906131040047e-09
natural_gas_pipeline,power,AT-SI,6.460826389384194e-10,2.4540838814640767e-11,5.252024371931536e-10,2.066720618651752e-09,4.795268163716723e-10,2.261941899987584e-08
natural_gas_pipeline,power,AT-SK,1.5678305140863013e-10,3.624192095444424e-11,1.891004710395392e-09,1.2065071840811214e-09,8.557664537052318e-09,1.3849696853526618e-09
natural_gas_pipeline,power,BE-DE,1.4325625413080357e-10,4.7094076337463986e-11,1.5014106170786865e-09,1.220062222442629e-09,2.03829392768832e-09,2.1059530838619402e-09
natural_gas_pipeline,power,BE-FR,3.850782531597044e-11,2.2419713793282148e-10,7.186740495653341e-10,8.363507781805935e-10,1.8314883549462667e-10,1.1740608957967631e-08
natural_gas_pipeline,power,BE-LU,2.6167379508203787e-09,1.7653014975279602e-10,9.461822120493274e-10,2.730206847057971e-09,6.406654890640754e-10,9.623555444793225e-08
natural_gas_pipeline,power,BE-NL,1.264057585465789e-09,4.917898488399554e-09,2.2963197117221077e-09,4.779674244954299e-09,1.1758140186563696e-09,8.25653958003863e-09
natural_gas_pipeline,power,BE-NO,2.199419406563678e-08,5.2704306094615575e-09,6.997692790912342e-09,8.241939951134374e-09,1.2320737957197689e-08,2.2994682783705447e-07
natural_gas_pipeline,power,BE-UK,1.0150753754862008e-10,2.8291225942171933e-11,5.8023008977455666e-11,6.122232032586967e-10,1.495785361371374e-10,1.4987609273295768e-09
natural_gas_pipeline,power,BG-EL,4.725958172535898e-10,2.077393784907907e-09,7.197116884720215e-10,1.3531731458793081e-09,2.744189732028381e-10,1.61508071269924e-09
natural_gas_pipeline,power,BG-RO,2.708769717937449e-09,5.452831585572591e-10,2.9809073179986293e-09,1.3144376680902444e-10,9.095947448383242e-10,1.4601306475164453e-08
natural_gas_pipeline,power,CH-AT,1.5243485421920646e-07,3.942701694774464e-10,2.071810948834061e-09,2.731667541540905e-08,4.645365484801946e-08,9.782492183812646e-07
natural_gas_pipeline,power,CH-DE,2.3193844500631325e-11,8.029984842807813e-10,4.1883822026314115e-09,2.231873832505057e-09,1.1883188014020806e-09,1.1902102484532337e-09
natural_gas_pipeline,power,CH-FR,4.130849015276038e-10,8.624961766501122e-10,1.226445565021469e-09,6.355154243946225e-10,1.479685640301802e-09,5.1796784218569175e-09
natural_gas_pipeline,power,CH-IT,3.231188225182591e-11,3.4731761161165425e-10,8.170736186266694e-10,4.890591317680762e-11,2.2300749442388796e-09,7.993574376639055e-09
natural_gas_pipeline,power,CZ-AT,1.6428975295425758e-07,2.946598636732089e-09,4.0485110039422505e-08,3.481813413537703e-08,6.213561798891235e-08,1.3197166582155166e-06
natural_gas_pipeline,power,CZ-DE,3.4772763084337667e-11,4.669250863638078e-11,6.619978058082352e-11,1.899893159554014e-09,2.302500027787151e-10,2.4818557614248423e-09
natural_gas_pipeline,power,CZ-PL,4.036110920734665e-09,3.7974706435176875e-08,1.301202375304098e-09,2.901801328296005e-09,4.4147225244309614e-08,1.731164848512962e-09
natural_gas_pipeline,power,CZ-SK,7.690995364799339e-11,1.0160564528973182e-10,1.4354167926847488e-09,1.1717821895077886e-09,2.682407434310276e-10,1.8832749735397072e-08
natural_gas_pipeline,power,DE-AT,2.0980016714503766e-10,9.550605271708153e-10,5.744295731407442e-10,9.234837566669614e-11,1.3486871186771405e-09,6.430820058592335e-09
natural_gas_pipeline,power,DE-BE,3.8394066290150574e-11,3.2494929677870685e-10,2.2922624832325962e-10,3.833805146833589e-09,2.2296461064779195e-10,6.686684424456086e-09
natural_gas_pipeline,power,DE-CH,1.013939168500807e-09,3.817318142853777e-11,5.026245345917989e-10,8.281438405154667e-11,2.7398111457630595e-09,5.4412290163482685e-09
natural_gas_pipeline,power,DE-CZ,9.950129363524519e-10,1.6431722186486325e-11,9.186560992392963e-11,2.1901724025139453e-10,2.2936060374558621e-10,1.5720580031060922e-09
natural_gas_pipeline,power,DE-DK,2.4178632620479153e-11,1.2570093926200832e-09,1.1054961016921745e-09,6.339528373430317e-09,3.7316820007885245e-10,1.0940994006092553e-09
natural_gas_pipeline,power,DE-FR,1.5048290675568847e-11,1.9612486270080579e-10,3.239855718237151e-11,8.62520760477934e-10,1.1523530348200409e-10,1.0438888360477203e-09
natural_gas_pipeline,power,DE-LU,1.1875355624159626e-10,1.4198751806701204e-10,1.0641719092209035e-09,1.467269311439092e-10,2.668904809629946e-10,1.444161111677844e-08
natural_gas_pipeline,power,DE-NL,5.325314609768938e-10,4.715179518567318e-11,6.950033878385695e-10,8.470452146951982e-10,3.994393000534232e-09,2.215800102587865e-09
natural_gas_pipeline,power,DE-NO,2.2823126029138932e-08,5.951964522164442e-09,7.2745267915836775e-09,8.715901131108843e-09,1.2916871778555951e-08,2.466176829359848e-07
natural_gas_pipeline,power,DE-PL,1.3520465272358527e-10,4.17436532334794e-10,1.2993273709142471e-10,1.2818120974950744e-09,2.3163382428023588e-09,3.862516373591935e-09
natural_gas_pipeline,power,DE-SE,2.727442251704799e-08,1.0746744979282757e-08,5.893499524985994e-09,8.638479899148411e-09,1.525923574036126e-08,2.914221271569094e-07
natural_gas_pipeline,power,DE-UK,3.796278197078655e-08,9.005098827558629e-09,1.0779523642350201e-08,1.3429851420537049e-08,1.927092052060766e-08,3.9132092230034157e-07
natural_gas_pipeline,power,DK-DE,0.02442647714825058,9.548445229336754e-11,1.3306612753848187e-10,2.4930838604757956e-10,5.049080935197493e-10,5.1832643989139465e-09
natural_gas_pipeline,power,DK-NL,1.9241511681878052e-07,9.482342710983428e-10,8.385584606830621e-10,4.17526353522099e-08,4.9139967031847064e-08,1.1703828858014396e-06
natural_gas_pipeline,power,DK-NO,3.531680935359251e-08,8.033337491545569e-09,1.0177894631581896e-08,1.4390887733513487e-08,2.2184655249374684e-08,3.910804305504495e-07
natural_gas_pipeline,power,DK-SE,1.0502543502959182e-10,4.018985036852276e-10,1.5640992215090034e-10,1.2528900976171975e-09,1.796976139008937e-09,5.663968667345067e-09
natural_gas_pipeline,power,DK-UK,5.515663494251864e-08,6.530312402816126e-09,1.0515735915139758e-08,1.9294550459551946e-08,2.5735034482437527e-08,5.137709640157276e-07
natural_gas_pipeline,power,EE-FI,2.7143459795326377e-10,1.139390573191169e-09,3.688501374444626e-10,7.022856094117519e-10,8.242565557401791e-10,9.905256746207033e-10
natural_gas_pipeline,power,EE-LV,1.9674838461610845e-09,1.3557747197389766e-09,6.725270643780151e-10,2.2394840154800125e-09,3.2838141457966513e-09,7.0964385652120544e-09
natural_gas_pipeline,power,EL-BG,5.794592459815895e-10,2.037794652754132e-10,6.495264809697787e-10,4.741249334795064e-11,2.1326471828881757e-10,4.007521556399722e-09
natural_gas_pipeline,power,EL-IT,2.552328805800294e-10,1.7712216858023896e-11,5.35873242961067e-10,1.4813642612396042e-10,9.484384629419096e-11,4.951936236268453e-09
natural_gas_pipeline,power,ES-FR,1.8486058348046236e-10,1.630361797792162e-10,1.0145474170023939e-09,1.8375108431798661e-09,1.1182396724449429e-10,3.403997692896151e-09
natural_gas_pipeline,power,ES-PT,1.1928533797258604e-09,1.42023458187217e-10,2.6996912271434568e-09,1.3155286426503492e-09,3.429142212628554e-10,2.00152998100648e-09
natural_gas_pipeline,power,FI-EE,2.1526713391062677e-09,6.369539592936976e-11,4.951913563818838e-11,8.630387832303301e-11,1.2705109736479285e-10,5.1056446424084445e-09
natural_gas_pipeline,power,FI-NO,8.656146462241785e-08,2.1049486624104816e-08,2.4716407927079607e-08,3.06276700344253e-08,4.912086585938152e-08,9.306223723759347e-07
natural_gas_pipeline,power,FI-SE,9.613245026536374e-08,1.916187122422636e-08,1.7905113418088826e-08,2.3143067438101526e-08,4.671222437295811e-08,8.99586416260425e-07
natural_gas_pipeline,power,FR-BE,2.9440720218134306e-10,7.291463670335664e-10,1.1287835628694644e-10,1.999718361325978e-09,2.707656470272186e-09,2.4952257119232123e-09
natural_gas_pipeline,power,FR-CH,1.785966195504468e-09,3.8831848046848715e-11,1.6542232706511022e-10,1.1866568711566395e-10,1.0717723335855744e-09,1.34528675893619e-09
natural_gas_pipeline,power,FR-DE,2.9749958795214996e-11,5.948946236068664e-10,4.720216223416538e-10,7.284940211870222e-11,1.1633358557465194e-10,5.141015700210819e-09
natural_gas_pipeline,power,FR-ES,1.56122289856055e-11,1.1792764328184404e-09,3.6192267023471175e-11,5.273077546782643e-11,9.56408171474087e-10,2.3099744727728975e-09
natural_gas_pipeline,power,FR-IT,6.228716189383335e-08,4.849386883310729e-10,7.427670327486528e-09,8.310079350015577e-09,1.3866030530800866e-08,3.9418215594510796e-07
natural_gas_pipeline,power,FR-LU,1.3294562554748562e-07,1.5304873333567735e-08,3.8994039374516135e-09,8.196201916349644e-09,3.389849303696035e-08,8.364695899466515e-07
natural_gas_pipeline,power,FR-NO,1.8151973968077344e-08,4.226790595187493e-09,5.229938356919921e-09,5.83135966395916e-09,9.264926955463764e-09,1.7948577563127566e-07
natural_gas_pipeline,power,FR-UK,4.5657771236469775e-08,8.338180119430116e-09,9.683401963845872e-09,1.1443024361050847e-08,2.042804876658882e-08,4.0855247285360276e-07
natural_gas_pipeline,power,HR-HU,3.657598749848891e-10,4.691090435238084e-10,7.961798276425531e-11,1.3486544710212572e-10,1.8692507228591045e-09,2.374983414664808e-08
natural_gas_pipeline,power,HR-SI,1.944167926972625e-09,1.0889728209416967e-10,1.1080971741614625e-08,4.0074794790244047e-10,6.253990473087357e-09,3.321688239397531e-09
natural_gas_pipeline,power,HU-AT,1.0329687181851042e-07,1.4938932066657447e-08,5.023748286104483e-08,6.124253366691092e-08,1.82169514444835e-08,1.0347292843303993e-06
natural_gas_pipeline,power,HU-HR,5.458647881172762e-10,1.9691867072944524e-10,3.252979027669275e-10,1.722382629910802e-09,2.6727765811271795e-10,6.8012227225232875e-09
natural_gas_pipeline,power,HU-RO,8.229809694908731e-10,5.662590356789501e-10,6.78287740472206e-10,1.1969385453737514e-10,2.462435928893439e-09,5.356746954090577e-09
natural_gas_pipeline,power,HU-SI,1.0654582197894662e-07,2.061566986015171e-08,4.070005728969481e-08,6.268010566856513e-08,1.739597580928877e-08,1.0554617713566358e-06
natural_gas_pipeline,power,HU-SK,0.6100232088658283,2.047705750470733,1.5369129834138266,0.8413934377050435,5.896800660617229e-10,4.128470919798463e-08
natural_gas_pipeline,power,IE-UK,3.773898104124151e-07,7.922233176550806e-10,6.805693467946074e-10,6.13072254041939e-10,2.422266392269049e-09,1.5173255227504567e-06
natural_gas_pipeline,power,IT-AT,5.736372025250948e-10,7.326402183588655e-10,2.510798025324337e-09,1.1121192292773485e-09,1.6617467935747523e-10,1.0468560119926885e-09
natural_gas_pipeline,power,IT-CH,5.0308058438259994e-11,4.3346903128397417e-10,7.91205451652638e-11,8.882059623265426e-11,8.971526831754455e-10,1.4881736434683875e-09
natural_gas_pipeline,power,IT-EL,3.9327259271346566e-08,1.0063067766769249e-08,1.1057110943367518e-08,1.3824974356014437e-08,3.123650546028785e-08,4.446509513998733e-07
natural_gas_pipeline,power,IT-FR,3.998222555924794e-08,1.7431773337984758e-08,1.500013503103955e-08,3.632770155333336e-08,8.393415487377098e-08,8.049999845796695e-07
natural_gas_pipeline,power,IT-SI,3.30833856267404e-11,6.30545904496041e-10,3.9758592968475204e-10,2.131682378590444e-09,1.7469310175423096e-09,1.4505381466103631e-08
natural_gas_pipeline,power,LT-LV,3.287318914086695e-10,9.966681267887736e-11,2.490772439882095e-10,4.670609325274887e-10,5.540171140405269e-10,9.97279860512607e-09
natural_gas_pipeline,power,LT-PL,2.1825155347631663e-09,7.002732196426935e-11,1.024616583718968e-10,9.347825237338272e-11,1.9175102293837221e-10,1.6079369029331334e-09
natural_gas_pipeline,power,LT-SE,3.936989804443121e-08,9.240127233980748e-09,1.1606745452265759e-08,1.4786693654900426e-08,2.347619428130835e-08,4.2539154543118865e-07
natural_gas_pipeline,power,LU-BE,2.471507975064898e-07,6.617978190471106e-08,7.940583821814182e-08,9.365271752375546e-08,1.7537606559562226e-07,2.8565223969633306e-06
natural_gas_pipeline,power,LU-DE,3.0106428739876915e-07,3.0530515668811545e-10,1.2364208026936787e-09,1.1486780071501959e-08,1.0765504607113385e-07,1.3554775112086446e-06
natural_gas_pipeline,power,LU-FR,8.345724738920903e-08,2.074553900907668e-08,3.492181134478589e-08,7.886035232771428e-08,6.257488570266147e-08,1.127341560188833e-06
natural_gas_pipeline,power,LV-EE,9.868938659193893e-11,7.201732909478158e-10,5.57283971187653e-10,3.402150467016949e-10,2.8047126588852817e-09,3.9266168987242486e-08
natural_gas_pipeline,power,LV-LT,7.074427467242934e-11,5.7593883343682e-10,6.474889591165053e-10,8.255362502445201e-11,6.243111067703111e-10,4.956337716787601e-08
natural_gas_pipeline,power,NL-BE,2.6120251670089016e-09,2.314017109073482e-09,2.860585514158257e-10,4.113823997228245e-09,4.962489442153137e-10,1.4608799789398843e-08
natural_gas_pipeline,power,NL-DE,5.192834901362678e-11,2.563122213692765e-10,6.507577444765515e-10,1.1827587175809868e-10,2.543291368197818e-10,1.2596581114642312e-08
natural_gas_pipeline,power,NL-DK,7.319218617107478e-08,5.3567161789949975e-08,4.1550545161871245e-09,1.0467087131110802e-08,3.688594541265291e-08,7.612234704550579e-07
natural_gas_pipeline,power,NL-NO,2.42178904599702e-08,5.6848767706548485e-09,7.624011767690213e-09,9.115574143185916e-09,1.3908209440801996e-08,2.5964685334411777e-07
natural_gas_pipeline,power,NL-UK,1.9464779701840412e-11,5.284688450739998e-10,4.219247046005406e-11,2.115674961457455e-09,6.926156124931675e-09,7.754782275812522e-09
natural_gas_pipeline,power,NO-BE,1.8148234131655603e-10,2.2351173896274693e-10,1.550691869131783e-11,6.713494761242074e-11,5.050270711616737e-11,3.710201654069738e-10
natural_gas_pipeline,power,NO-DE,1.568904339766798e-10,5.5182838276200686e-11,2.3652073736511932e-11,2.7170172349218362e-11,5.514531707857992e-11,4.99002688543111e-10
natural_gas_pipeline,power,NO-DK,1.3609599708992922e-10,2.496224460255094e-10,7.068600480176953e-11,2.3170184865527554e-10,8.615685867680237e-11,2.9692336675364002e-09
natural_gas_pipeline,power,NO-FI,13.558004056531061,2.9689064899175883,0.24799336618425422,1.3032956258481475e-09,2.8844175857078345e-10,4.468225649427067
natural_gas_pipeline,power,NO-FR,3.9292720301250165e-11,7.891652086865886e-12,1.7701214739638443e-10,2.622540083257274e-10,4.0464733888204945e-11,2.708642081022816e-10
natural_gas_pipeline,power,NO-NL,3.692173727108836e-10,5.613453818347888e-11,1.8026040083163798e-11,3.669812797824408e-10,5.603547308105247e-11,3.919852990348278e-10
natural_gas_pipeline,power,NO-SE,20.289818761896324,6.036021763363076e-10,1.9019153291468706e-10,2.0689287815120235e-10,3.5250481125050673e-10,2.4744689147040413e-09
natural_gas_pipeline,power,NO-UK,8.742794832436918e-11,1.1276177620479314e-11,1.0911737513091434e-10,3.857221749122192e-11,5.439262001512032e-11,3.7471502530503706e-10
natural_gas_pipeline,power,PL-CZ,9.605606568856811e-08,2.5625535705081996e-08,6.00415373952791e-08,7.967225707818365e-08,2.6621733004455728e-09,1.0368467615620217e-06
natural_gas_pipeline,power,PL-DE,3.17284170376863e-10,1.0534689307999516e-11,3.9546588345614437e-10,1.3259905077785247e-10,4.2416392669531067e-10,9.640024786054722e-10
natural_gas_pipeline,power,PL-LT,1.1768150360805975e-09,6.97686937617855e-10,2.0769475697995813e-09,0.3363535777864447,4.789051995449587e-10,7.886272526294789e-09
natural_gas_pipeline,power,PL-SE,2.8755746433349793e-08,7.346759817292209e-09,9.55407977074513e-09,1.2337059902203527e-08,1.781205720344419e-08,3.217759418865453e-07
natural_gas_pipeline,power,PL-SK,1.1012018080960498e-07,1.5588450643515006e-08,4.2010272994420814e-08,4.012485363029756e-08,1.8061149122356794e-08,9.695523920187653e-07
natural_gas_pipeline,power,PT-ES,8.003662602209894e-10,5.594363867278071e-11,3.547418774303135e-09,1.1322555078821937e-10,1.2451943426378463e-09,2.3955612859896354e-09
natural_gas_pipeline,power,RO-BG,3.639109063644577e-11,5.636588562765733e-10,7.552727063029804e-11,1.5604851386791203e-09,1.434380850502195e-09,1.1812659929657287e-08
natural_gas_pipeline,power,RO-HU,3.5382846799633008,0.5996070266341481,0.21640275663199401,0.6811349757633907,2.0540840568749369e-10,1.363927988292436e-09
natural_gas_pipeline,power,SE-DE,7.417797148176505e-08,5.3445335635308e-10,4.347254853807344e-09,1.07953442368826e-08,1.7256527924366997e-09,3.540764602171383e-07
natural_gas_pipeline,power,SE-DK,1.3186524898578203e-10,9.837189297472089e-11,2.923338129003139e-11,7.491751572401497e-10,1.8542321054731546e-09,4.270762598364257e-09
natural_gas_pipeline,power,SE-FI,1.681544446097563e-07,1.4144505275985854e-09,1.899398513486367e-07,7.75821628311016e-08,3.5492767274862134e-10,3.6981473461161865e-06
natural_gas_pipeline,power,SE-LT,0.12248943432290202,4.352165247025367e-10,1.1007202531729777e-10,1.41265496921106e-10,1.1428076376064003e-10,1.3000294068535592e-09
natural_gas_pipeline,power,SE-NO,1.3377264867505708e-07,3.5648425326912216e-08,4.5290188987525224e-08,5.5352783463325136e-08,6.854131681954992e-08,1.4451291604865506e-06
natural_gas_pipeline,power,SE-PL,10.280666728362805,5.776248195628946e-11,3.1988576153431124e-11,4.1054822436433624e-11,7.38472454000874e-11,2.2981177576601818e-09
natural_gas_pipeline,power,SI-AT,3.2209193072024266e-07,2.6985075098141923e-08,3.7005373228311303e-07,4.46457474004039e-09,0.006144656089008375,4.802007604735791e-06
natural_gas_pipeline,power,SI-HR,5.251135817406733e-10,8.762387184089277e-11,1.3089489340250865e-10,1.7536985549368019e-09,5.234052754429861e-10,4.904790670592178e-08
natural_gas_pipeline,power,SI-HU,1.2213723204256393e-07,4.7782731706494785e-08,1.953911347986027e-08,2.129486548641113e-08,1.2015896586700354e-07,1.359327070068209e-06
natural_gas_pipeline,power,SI-IT,1.9171259462397239e-10,4.6677534079865786e-11,1.3904610465132142e-10,1.85179633658726e-10,2.57111432631795e-10,1.3120708679043896e-08
natural_gas_pipeline,power,SK-AT,9.086689179128034e-10,5.520205667999838e-10,5.713812322995637e-11,6.097940953307084e-10,2.1257392743177287e-10,1.3503970075576195e-09
natural_gas_pipeline,power,SK-CZ,1.045514366178944e-10,3.519131716158098e-09,1.6119883769253408e-10,1.3958193789706029e-10,1.3059700791751321e-09,6.562758759045625e-09
natural_gas_pipeline,power,SK-HU,1.5489634849964383e-09,1.0278308819379329e-10,8.445769566307236e-10,4.494989325503415e-10,1.2253886880842741e-09,8.741247675241048e-09
natural_gas_pipeline,power,SK-PL,16.95791632497935,1.3953218916426173,5.829852637287867e-10,3.2650267086308936e-10,6.1975766483985355e-09,1.7257106366969357e-09
natural_gas_pipeline,power,UK-BE,4.337806607419117e-11,8.030024253041458e-10,1.2137650571746546e-10,1.2674078318097534e-10,1.2858428069922155e-09,7.322939633802555e-09
natural_gas_pipeline,power,UK-DE,1.0225530754488727e-07,1.538314541586835e-07,2.73259615947053e-09,5.461070204951146e-10,3.3058549628874515e-10,5.580493652067128e-07
natural_gas_pipeline,power,UK-DK,5.323168913425058e-08,7.868360459311048e-08,8.583990672609676e-09,9.315538535834272e-10,1.9393445638096888e-09,5.386014725108552e-07
natural_gas_pipeline,power,UK-FR,5.641007031709537e-08,8.894439068897738e-08,6.117276779104084e-08,1.1762705178663403e-07,3.924625662173764e-10,7.859653096570604e-07
natural_gas_pipeline,power,UK-IE,4.4240815285838967e-10,1.5602422319062567e-10,3.69494342609867e-11,3.320826367993416e-09,3.3960444668059567e-09,6.084329854800234e-09
natural_gas_pipeline,power,UK-NL,5.7329286477373165e-09,4.370239018200359e-09,4.395229345677146e-10,1.8861172289644593e-10,1.6152797737787634e-10,3.8881227622624214e-10
natural_gas_pipeline,power,UK-NO,2.4351277903990268e-08,7.394403303786602e-09,8.293937819475865e-09,9.48249235129383e-09,1.3176956156619908e-08,2.631093630142928e-07
natural_gas_storage,energy,AT,0.0,0.0,0.0,0.0,0.0,0.0
natural_gas_storage,energy,BE,0.0,0.0,0.0,0.0,0.0,0.0
natural_gas_storage,energy,BG,0.0,0.0,0.0,0.0,0.0,0.0
natural_gas_storage,energy,CH,0.0,0.0,0.0,0.0,0.0,0.0
natural_gas_storage,energy,CZ,0.0,0.0,0.0,0.0,0.0,0.0
natural_gas_storage,energy,DE,0.0,0.0,0.0,0.0,0.0,0.0
natural_gas_storage,energy,DK,0.0,0.0,0.0,0.0,0.0,0.0
natural_gas_storage,energy,EE,0.0,0.0,0.0,0.0,0.0,0.0
natural_gas_storage,energy,EL,0.0,0.0,0.0,0.0,0.0,0.0
natural_gas_storage,energy,ES,0.0,0.0,0.0,0.0,0.0,0.0
natural_gas_storage,energy,FI,0.0,0.0,0.0,0.0,0.0,0.0
natural_gas_storage,energy,FR,0.0,0.0,0.0,0.0,0.0,0.0
natural_gas_storage,energy,HR,0.0,0.0,0.0,0.0,0.0,0.0
natural_gas_storage,energy,HU,0.0,0.0,0.0,0.0,0.0,0.0
natural_gas_storage,energy,IE,0.0,0.0,0.0,0.0,0.0,0.0
natural_gas_storage,energy,IT,0.0,0.0,0.0,0.0,0.0,0.0
natural_gas_storage,energy,LT,0.0,0.0,0.0,0.0,0.0,0.0
natural_gas_storage,energy,LU,0.0,0.0,0.0,0.0,0.0,0.0
natural_gas_storage,energy,LV,0.0,0.0,0.0,0.0,0.0,0.0
natural_gas_storage,energy,NL,0.0,0.0,0.0,0.0,0.0,0.0
natural_gas_storage,energy,NO,0.0,0.0,0.0,0.0,0.0,0.0
natural_gas_storage,energy,PL,0.0,0.0,0.0,0.0,0.0,0.0
natural_gas_storage,energy,PT,0.0,0.0,0.0,0.0,0.0,0.0
natural_gas_storage,energy,RO,0.0,0.0,0.0,0.0,0.0,0.0
natural_gas_storage,energy,SE,0.0,0.0,0.0,0.0,0.0,0.0
natural_gas_storage,energy,SI,0.0,0.0,0.0,0.0,0.0,0.0
natural_gas_storage,energy,SK,0.0,0.0,0.0,0.0,0.0,0.0
natural_gas_storage,energy,UK,0.0,0.0,0.0,0.0,0.0,0.0
natural_gas_storage,power,AT,0.0,0.0,0.0,0.0,0.0,0.0
natural_gas_storage,power,BE,0.0,0.0,0.0,0.0,0.0,0.0
natural_gas_storage,power,BG,0.0,0.0,0.0,0.0,0.0,0.0
natural_gas_storage,power,CH,0.0,0.0,0.0,0.0,0.0,0.0
natural_gas_storage,power,CZ,0.0,0.0,0.0,0.0,0.0,0.0
natural_gas_storage,power,DE,0.0,0.0,0.0,0.0,0.0,0.0
natural_gas_storage,power,DK,0.0,0.0,0.0,0.0,0.0,0.0
natural_gas_storage,power,EE,0.0,0.0,0.0,0.0,0.0,0.0
natural_gas_storage,power,EL,0.0,0.0,0.0,0.0,0.0,0.0
natural_gas_storage,power,ES,0.0,0.0,0.0,0.0,0.0,0.0
natural_gas_storage,power,FI,0.0,0.0,0.0,0.0,0.0,0.0
natural_gas_storage,power,FR,0.0,0.0,0.0,0.0,0.0,0.0
natural_gas_storage,power,HR,0.0,0.0,0.0,0.0,0.0,0.0
natural_gas_storage,power,HU,0.0,0.0,0.0,0.0,0.0,0.0
natural_gas_storage,power,IE,0.0,0.0,0.0,0.0,0.0,0.0
natural_gas_storage,power,IT,0.0,0.0,0.0,0.0,0.0,0.0
natural_gas_storage,power,LT,0.0,0.0,0.0,0.0,0.0,0.0
natural_gas_storage,power,LU,0.0,0.0,0.0,0.0,0.0,0.0
natural_gas_storage,power,LV,0.0,0.0,0.0,0.0,0.0,0.0
natural_gas_storage,power,NL,0.0,0.0,0.0,0.0,0.0,0.0
natural_gas_storage,power,NO,0.0,0.0,0.0,0.0,0.0,0.0
natural_gas_storage,power,PL,0.0,0.0,0.0,0.0,0.0,0.0
natural_gas_storage,power,PT,0.0,0.0,0.0,0.0,0.0,0.0
natural_gas_storage,power,RO,0.0,0.0,0.0,0.0,0.0,0.0
natural_gas_storage,power,SE,0.0,0.0,0.0,0.0,0.0,0.0
natural_gas_storage,power,SI,0.0,0.0,0.0,0.0,0.0,0.0
natural_gas_storage,power,SK,0.0,0.0,0.0,0.0,0.0,0.0
natural_gas_storage,power,UK,0.0,0.0,0.0,0.0,0.0,0.0
natural_gas_turbine,power,AT,1.745573755668705,1.5091336783814422,0.9222818937631474,4.981610207566564e-10,5.041603089880439,2.709575092826791e-10
natural_gas_turbine,power,BE,4.779119130966112,7.89068044528298,1.2853319128101104,2.962938091861204e-10,6.509879589983682,2.402274512847919e-10
natural_gas_turbine,power,BG,1.6478258476797023,0.07320190039710843,2.8416432583991557e-11,6.566918991629102e-11,0.4144087436310486,1.2429464115071682e-09
natural_gas_turbine,power,CH,1.0284746602437174,1.8773684358900395,1.9219893664337369,2.062129956772048e-09,8.163165431310132,3.3470584419231787e-10
natural_gas_turbine,power,CZ,2.186679722612868,1.022511720862999,0.18742048417551704,1.0094055873674085e-09,6.59943548095067,3.434218641705462e-10
natural_gas_turbine,power,DE,27.39133672821313,5.862688614027988,16.885888088869518,5.0382760519161,48.27205979729704,1.5148860591487221e-09
natural_gas_turbine,power,DK,3.1222261074698285,3.1920465677931327e-10,3.5259276697136034e-10,2.1445490918783018e-10,3.2902394312723655,3.165874096969557e-10
natural_gas_turbine,power,EE,0.49555331002679265,6.5071214228504e-08,0.30854271711611436,0.1882742753194391,1.1108393473822797,2.995878177940796e-10
natural_gas_turbine,power,EL,2.0580855421775663e-11,1.5911817209492214,0.09569861538415617,0.4484797950906067,3.8554035053727667,2.331605723402295e-09
natural_gas_turbine,power,ES,2.6222791438467866e-11,4.730248275244338,10.047324856408649,0.6985442240494655,9.145407836254341e-11,2.780073694084937e-10
natural_gas_turbine,power,FI,1.4918962495378898,0.9524753282616326,0.6302436951999322,5.101718432954302e-10,7.140973194121909,1.546922153490849e-09
natural_gas_turbine,power,FR,16.656805917909743,10.26574135248173,16.030539151427273,7.054872718455343,6.145458278944687e-10,1.2201961860561747e-09
natural_gas_turbine,power,HR,1.7740724053583263,1.3378085052201578,0.3583462072839501,8.902467695761132e-10,7.759754278021453e-10,2.8502810740080245e-09
natural_gas_turbine,power,HU,1.633392443686791e-11,1.4123662089066933,3.910384255848476,3.3566155611692685,0.17475923327426415,4.060298463819562e-09
natural_gas_turbine,power,IE,1.7772185731796772,0.5229306398430754,1.1717317559391094,8.67596405112495e-10,0.10054269015713428,1.7884089862168773e-09
natural_gas_turbine,power,IT,2.5485685986653964e-10,6.291001715579749,12.400264262855302,3.769016935144238,7.282712408353171,7.564283663741686e-10
natural_gas_turbine,power,LT,0.41345123429970654,4.4972581615954724e-10,2.7590954257952513e-09,9.736281966403197e-11,0.9458549107020837,4.746922618866542e-10
natural_gas_turbine,power,LU,1.51122378819339e-09,1.2684550361289046e-06,0.08977865911951505,1.375356558879018e-09,0.3854742966157939,2.909403764932451e-10
natural_gas_turbine,power,LV,0.16873141584390547,1.5312762895551116e-10,1.1818314292178848e-10,9.607949653022006e-11,1.045401908206756,4.1770723924403215e-10
natural_gas_turbine,power,NL,4.970276893106847,4.080568198178411,1.1968875734718682,2.132501593957169,9.98765201647413,2.579841368483117e-10
natural_gas_turbine,power,NO,5.336608588577121,4.743803334084306e-10,1.3173077536734446e-10,1.022153729343134e-10,2.0463759658998224e-10,4.414861965362969e-10
natural_gas_turbine,power,PL,9.000802096592636,1.4377119186142932e-08,1.8887142736389846,0.9671420245856561,23.557672222033567,3.5458708792410136e-10
natural_gas_turbine,power,PT,7.430507754384776e-12,0.07777711332578065,1.6169078535842172,1.3699152771820766,8.798991915426693e-11,8.516448762171443e-10
natural_gas_turbine,power,RO,3.210400856511046e-11,0.5407122840696358,2.3306055683724115e-10,0.8058430096831568,2.1618877930807465,0.3183778458578681
natural_gas_turbine,power,SE,2.4062306501805026,2.0262718128430954,1.0338810596097014,5.8199646482101e-10,5.432372339661211,1.0680186962701413e-09
natural_gas_turbine,power,SI,2.225967696190495e-08,8.729715665274531e-08,6.570913007003022e-10,1.9479053884806226e-10,4.718331274559289e-09,5.0361948081157365e-08
natural_gas_turbine,power,SK,1.0974478045332834,0.2713143051884383,4.915715382428779e-10,2.5509879201939625e-10,0.23007484802775002,4.4488184539559434e-10
natural_gas_turbine,power,UK,10.196556912557718,14.429640078178402,6.248261116582215,13.804725056597322,1.553241897021662,3.869364934005629e-10
natural_gas_turbine_CCS,power,AT,1.833337183077467e-08,1.5205348442055872e-08,3.09310198395863e-11,2.4568286412297702e-11,4.341068875052217e-11,4.092270109977192e-08
natural_gas_turbine_CCS,power,BE,5.3969811817551227e-08,0.12670270345595597,2.3094514347444627e-11,1.1622253644205932e-11,1.57691001402642e-11,8.214152318228446e-10
natural_gas_turbine_CCS,power,BG,3.894282875335135e-08,7.357493987639778e-09,1.5292260889721666e-11,1.6135166866668393e-11,3.1705076267562704e-11,3.835763922474651e-08
natural_gas_turbine_CCS,power,CH,2.2306519216573988e-08,9.536081266600369e-09,3.956644084069064e-11,2.6560748399410465e-11,4.393988900091294e-11,3.721812103923972e-08
natural_gas_turbine_CCS,power,CZ,2.0482985164993188e-08,6.2707607220052825e-09,3.119958921825262e-11,2.4692998828188344e-11,4.6928304915632144e-11,4.398388567290292e-08
natural_gas_turbine_CCS,power,DE,6.271483745642367e-08,5.38124752056506e-08,2.2315623293421753e-11,1.4711098751682058e-11,2.0327646311642196e-11,8.941648627704354e-10
natural_gas_turbine_CCS,power,DK,1.112262821725325e-07,7.753341919307898e-11,1.8019003946745036e-11,1.3508180433757034e-11,2.026502293376499e-11,2.143327624271526e-10
natural_gas_turbine_CCS,power,EE,1.5080666091534245e-08,1.100031254670095e-08,2.3285505015071756e-10,4.930516961596694e-11,9.056318562025552e-11,3.752505191188037e-08
natural_gas_turbine_CCS,power,EL,1.8731953475865634e-08,1.3008386361499997e-07,2.4996378801166507e-11,1.530087578521223e-11,2.4211222678681744e-11,1.3195104374231305e-10
natural_gas_turbine_CCS,power,ES,5.256036338462003e-09,1.0956057022066302e-08,7.379697712838387e-10,2.7098737387019293e-10,1.1572758001214272e-10,3.922032356715849e-08
natural_gas_turbine_CCS,power,FI,1.4736537522600359e-08,2.5780318564248187e-08,2.1557030956817708e-10,4.931934991083096e-11,7.110385859700047e-11,3.4255496090808275e-08
natural_gas_turbine_CCS,power,FR,1.5100535137693588e-08,9.16779897797197e-09,9.739290843787805e-11,4.05564183246704e-11,5.4127626029946424e-11,3.986919519148977e-08
natural_gas_turbine_CCS,power,HR,3.531714719941972e-08,2.2004461582662964e-08,2.0808935793141164e-11,1.7037898017276476e-11,2.7339038451087434e-11,2.194754080804698e-08
natural_gas_turbine_CCS,power,HU,9.431846286284358e-09,1.6202050821053703e-08,4.717796642984241e-11,3.6150503975036903e-11,5.452581815070701e-11,5.4530961775807434e-08
natural_gas_turbine_CCS,power,IE,7.412981120565611e-08,0.06066592211571258,5.6953415346268695e-11,1.5379247784102004e-11,1.725676468030165e-11,8.813892124480782e-11
natural_gas_turbine_CCS,power,IT,1.8501894642947438e-08,2.6040706311855796e-08,2.343751152839722e-11,1.8863902639259876e-11,3.116795858173008e-11,2.22928870505771e-08
natural_gas_turbine_CCS,power,LT,1.3990146242241323e-08,6.395640428216434e-09,2.1342605097908464e-10,5.0176347609286304e-11,1.308280007167844e-10,4.102628682060136e-08
natural_gas_turbine_CCS,power,LU,1.4404774292630074e-08,9.542025739738349e-09,1.518811084058887e-10,4.2421971058588396e-11,6.253540222587664e-11,4.4851950148668775e-08
natural_gas_turbine_CCS,power,LV,1.4606242884957482e-08,6.303019227850434e-09,1.5722183013187922e-10,4.859360640924882e-11,2.266021524152889e-10,4.1878542862202494e-08
natural_gas_turbine_CCS,power,NL,6.191579246420722e-08,8.342280313762311e-08,1.893666504551161e-11,1.2924165559798146e-11,1.9695101177175583e-11,2.118517490550344e-10
natural_gas_turbine_CCS,power,NO,2.0197620478506552e-08,3.3299126744322255e-08,5.283173273826933e-11,2.6181007484177473e-11,3.0306954452414574e-11,2.018236546463585e-08
natural_gas_turbine_CCS,power,PL,1.5393196483065018e-08,9.889532597311277e-09,1.1211368970252328e-10,4.408217268083242e-11,7.443335910947804e-11,4.968588523157434e-08
natural_gas_turbine_CCS,power,PT,4.799159845714562e-09,7.628941266710147e-09,1.7149444480092805e-09,1.3012324938161756e-09,1.745012880217926e-10,3.910872069359128e-08
natural_gas_turbine_CCS,power,RO,1.3612748600354917e-08,1.1334644231184975e-08,3.769003748446324e-11,3.177668476089836e-11,5.450522672769788e-11,6.454713504983087e-08
natural_gas_turbine_CCS,power,SE,1.780018077532559e-08,4.390316533440377e-08,1.5427034802848153e-10,3.4406356888969625e-11,3.6138513621521125e-11,1.7079865623045786e-08
natural_gas_turbine_CCS,power,SI,1.164712690359818e-08,1.1476010300565244e-08,2.877485548197881e-11,2.174626859159068e-11,3.8613763181332315e-11,3.836152094317514e-08
natural_gas_turbine_CCS,power,SK,1.8347824409301276e-08,8.486018536821323e-09,3.574051138390606e-11,2.750099954742916e-11,4.8527496713613304e-11,4.794624545676211e-08
natural_gas_turbine_CCS,power,UK,5.8260863498252216e-08,5.907187397527025e-08,2.7754083908157038e-11,1.8328732360119233e-11,2.0844538327320162e-11,2.3547212667536176e-10
nuclear,power,AT,0.0,0.0,0.0,0.0,0.0,0.0
nuclear,power,BE,0.0,1.772917585022886e-08,3.809647546491919e-08,5.792575545788139,0.15042439829643228,5.35684441382759e-11
nuclear,power,BG,5.697159009149475e-09,6.596301095195173e-09,1.962515253266186e-10,1.4385356990620628e-08,1.1534917037367181e-08,2.703528903177594e-07
nuclear,power,CH,1.7196022383814125e-10,1.742107673758549e-10,2.548978391494872e-08,4.87358242372533e-08,0.2667338206832837,1.6140516778956129
nuclear,power,CZ,0.0,0.0,0.0,0.0,0.0,0.0
nuclear,power,DE,0.0,1.436996324658252e-09,5.247144115897466e-09,6.614999993059337,1.7851476624709907e-10,4.533298108170479e-11
nuclear,power,DK,0.0,0.0,0.0,0.0,0.0,0.0
nuclear,power,EE,0.0,0.0,0.0,0.0,0.0,0.0
nuclear,power,EL,0.0,0.0,0.0,0.0,0.0,0.0
nuclear,power,ES,0.0,0.0,1.2724293153474705e-10,1.5531893087800152e-08,5.427762422020637e-09,1.0448857677681189e-07
nuclear,power,FI,0.0,1.0877432288225464e-10,8.964261241365243e-09,7.251912238737054e-09,1.940698201996423e-08,2.433982170431681e-07
nuclear,power,FR,3.488764832582092e-12,2.2962100616088934e-12,4.145916146437394e-12,6.404215820120344e-11,6.746711008982547e-11,9.9874974655298e-09
nuclear,power,HR,0.0,0.0,0.0,0.0,0.0,0.0
nuclear,power,HU,0.0,0.0,1.4628292730671545e-08,1.2739683138939478e-08,8.967340449069947e-09,2.834745288231431e-07
nuclear,power,IE,0.0,0.0,0.0,0.0,0.0,0.0
nuclear,power,IT,0.0,0.0,0.0,0.0,0.0,0.0
nuclear,power,LT,0.0,0.0,0.0,0.0,0.0,0.0
nuclear,power,LU,0.0,0.0,0.0,0.0,0.0,0.0
nuclear,power,LV,0.0,0.0,0.0,0.0,0.0,0.0
nuclear,power,NL,6.153290141902734e-09,6.536077939863588e-09,6.855897122105091e-09,3.663116488557117e-08,1.3641366249937877e-07,0.48199980711611734
nuclear,power,NO,0.0,0.0,0.0,0.0,0.0,0.0
nuclear,power,PL,0.0,0.0,0.0,0.0,0.0,0.0
nuclear,power,PT,0.0,0.0,0.0,0.0,0.0,0.0
nuclear,power,RO,0.0,0.0,0.0,0.0,0.0,1.8141517817960767e-07
nuclear,power,SE,1.6150369761192618e-12,2.819927833926714e-12,7.001869307637622e-12,1.6322071009182864e-08,1.0052863431043625e-08,1.639867319773249e-07
nuclear,power,SI,0.0,0.0,1.551464729415063e-08,1.1306853065311987e-08,7.3461502872190214e-09,1.3688975095719728e-07
nuclear,power,SK,1.3084977545929632e-11,6.139683039144096e-11,3.2235791186345005e-10,1.3168117176811999e-09,3.821832126014742e-09,1.061137542099926
nuclear,power,UK,0.0,3.2901434338592e-11,1.3458167767480538e-10,6.385012450533058e-10,2.3226974342963337e-09,2.0369979965933443e-07
photovoltaics,power,AT,21.014184627089467,14.826576571993954,7.494473018733193,17.280693089584258,28.040287986419738,26.76069619865433
photovoltaics,power,BE,7.637747905679415,14.76262112771002,6.829518466994352,4.66526699881289,16.923047320817044,8.853457512343867
photovoltaics,power,BG,7.673898429553867,1.1381221730398459,0.9268191168868172,2.960288609881488,4.44661308277189,2.6711119144467266
photovoltaics,power,CH,23.50785754411214,5.644933335682071,15.61009684683676,12.354942358565763,1.4408190352025418,1.159299985349121
photovoltaics,power,CZ,10.6362478608546,2.4454509213009207e-07,4.554018721549433,3.68930003385967,0.053419945365797535,2.7845686656546977e-06
photovoltaics,power,DE,16.692636405945855,18.805103749053036,18.975807474683222,44.72849799304465,88.83699193538712,43.30692072564166
photovoltaics,power,DK,4.00273837067393e-10,5.186628557463942e-09,1.276636065121308e-09,5.921864925884167e-09,3.4401141979402406e-08,5.02856249688693e-06
photovoltaics,power,EE,4.766820525936494e-10,2.3294305392584648e-08,0.7443066140947925,1.3893214680482021e-08,2.2414864449605398e-07,1.3223086649401943
photovoltaics,power,EL,5.4954259863032435,0.6752110229933318,2.7402481707198514,5.561908100075271,5.660858873645396,6.189859649398547
photovoltaics,power,ES,26.48320825872069,15.418404597303192,16.667658726037427,12.147886297148064,6.21025285842392,18.555293995842703
photovoltaics,power,FI,3.5464578026653484e-11,1.78890238922657e-09,5.836060476352407e-09,9.208621447649736e-09,1.7226301816923105e-08,3.1966748597204818e-06
photovoltaics,power,FR,0.7308380088309566,6.6741857933137645,34.9268553954356,34.0008734351973,23.74856376020776,15.363537398509283
photovoltaics,power,HR,4.037938735627461,1.0793770335333808,1.9789163028264043,1.8991298169421338,8.522899198939302e-08,1.235919258656295
photovoltaics,power,HU,4.4764218473141904e-10,0.38468951764880305,5.131198553704803,0.9185237489100103,1.4709671270939766,4.398159538024282
photovoltaics,power,IE,2.525089724362096e-09,4.592689407883973,1.3849833588571112,2.3687053735331007,1.5086270091999137,1.8256534584237967e-06
photovoltaics,power,IT,43.3629493607691,4.765179113171689,19.76351523111254,22.6857330579616,23.46973910363287,7.815586876664503
photovoltaics,power,LT,2.2513447011713693e-09,3.421736653833333,0.6642440848126525,0.2516851506178576,1.0923859336793353,1.900806667416051e-07
photovoltaics,power,LU,1.9369960629393827e-07,6.2849924278808965e-09,9.985196677831512e-08,1.5695192368548606e-07,5.966308235262079e-07,4.815575249684428e-06
photovoltaics,power,LV,1.4500722096372304e-07,9.962711166322022e-08,9.658199433620772e-08,8.928826113036256e-08,2.4619435116143634e-07,2.8261831458519096e-06
photovoltaics,power,NL,1.8078580680444563,5.0627253316031445e-08,1.8623256378917472e-07,4.41935641047922,12.545171126918056,9.7820761808481
photovoltaics,power,NO,6.669274046549683e-11,1.0168470130156585e-09,3.2341618786577018e-09,5.495694535480928e-09,6.143076718120797e-09,1.5571091433857097e-06
photovoltaics,power,PL,6.727178431231611,7.5593634311756315,0.8160272040442728,3.375795076571149,13.901879020459507,8.296431848152352
photovoltaics,power,PT,7.545538675639092,5.45783257405171e-07,1.9658755760965734,0.7797575083485941,2.0608650794892673,0.9419293631089348
photovoltaics,power,RO,1.184094752275949,0.039723449063083824,1.947815758008642,2.880741278788344,6.545019693305668,5.547814042475131
photovoltaics,power,SE,6.778727854978576e-10,1.896525356906814e-09,1.9786224065875947e-09,4.505088171161622e-09,9.519944515835192e-09,1.7496557294168778e-06
photovoltaics,power,SI,3.5674941677518875e-10,1.3099107370133286e-09,4.988033222136224e-09,3.9505725813163635e-09,1.9474446031605892e-08,1.4847347786217977e-06
photovoltaics,power,SK,3.4326055385501997,1.6760246724444987,2.151942797488502,1.5150123810739589,2.47180513453427,0.8382684378387255
photovoltaics,power,UK,3.988331040452874e-10,6.237629584708018e-10,4.2588502827882226e-08,6.287706331862152,12.235811014602112,7.209870062659447
power_line,power,AT-CH,4.1692995266341255e-10,1.3096568539762397e-09,0.019850199377628896,0.7732088457244541,0.3079663290881762,0.9989745390489306
power_line,power,AT-CZ,1.4999999707247849,1.671856044772902e-08,6.369648593830385e-10,5.462043777925836e-09,1.2650417097504617e-09,2.3540712309611305e-10
power_line,power,AT-DE,2.918013490567577,4.181986351792648,1.1950397670053876e-07,2.3894435433696283e-08,1.7170042206824508e-09,1.5484046524632954e-10
power_line,power,AT-HU,1.9999999651179454,3.056964871786968e-08,1.541665370470523e-09,7.724855714202692e-10,7.252777210585455e-11,5.6812250534828717e-11
power_line,power,AT-IT,1.1425387397218636,0.3574612532797945,1.1105784523900458e-09,1.4177196033158259e-09,2.5449278593884267e-10,9.393947563590999e-11
power_line,power,AT-SI,0.1496948308939348,0.7054197035052149,0.36868294687795816,0.07004471352631433,0.4206736607632117,0.10077391978272743
power_line,power,AT-SK,0.0,0.0,0.0,0.0,0.0,0.0
power_line,power,BE-DE,2.9999999934131663,3.5144921708847386e-10,2.8342502973215996e-10,5.429314654004141e-10,1.1613183109459007e-10,2.1656202279231137e-10
power_line,power,BE-FR,5.212571196999946e-11,4.0736977752348066e-10,6.604500141244623e-10,5.717742040256348e-09,3.3872693214182077e-09,1.2215829757252936e-08
power_line,power,BE-LU,4.248698278217157e-09,0.1293041121766034,0.10075078022989971,0.24521996160892715,1.4850083991707979e-09,0.02472503771683674
power_line,power,BE-NL,0.917562432595338,2.3574310468305786e-09,0.42382359787592394,2.620771943965658,0.03784199003864821,1.8375270699779938e-09
power_line,power,BE-NO,0.0,0.0,0.0,0.0,0.0,0.0
power_line,power,BE-UK,3.0100852196372854,1.7899147750356854,1.2705179952865328e-10,6.04235775773564e-11,5.947035372091871e-11,8.627455698390446e-11
power_line,power,BG-EL,0.4783163005803469,0.5216836985061127,1.2096126128505356e-10,7.919893970436846e-11,1.3758769536988405e-10,3.023209439324802e-11
power_line,power,BG-RO,0.9999999907197386,6.392621182979385e-09,6.622865521671827e-10,7.848320023611886e-11,4.239508251488453e-11,4.039922118955486e-11
power_line,power,CH-AT,0.0,0.0,0.0,0.0,0.0,0.0
power_line,power,CH-DE,4.199999990626115,7.4186160347025645e-09,3.872686036906255e-10,1.498246799462721e-10,9.829405566303612e-11,5.630850028291717e-11
power_line,power,CH-FR,2.599999870802273,1.226452057396166e-07,2.4965382920282388e-09,6.868499056802571e-10,1.3577985687615223e-10,1.1944945030537385e-10
power_line,power,CH-IT,2.5147120068974024e-10,2.622354264094768,0.6226212840108646,0.9550244450618567,2.5727830719231326e-09,1.5962048886830815e-10
power_line,power,CZ-AT,0.0,0.0,0.0,0.0,0.0,0.0
power_line,power,CZ-DE,1.4999999971911886,1.2066176394813821e-09,2.1446727965159767e-10,1.4456201727367013e-10,8.637540254817203e-11,3.402287509648881e-11
power_line,power,CZ-PL,1.4999999913080664,5.72419053685499e-09,5.6351047572313814e-11,2.823160144780988e-10,4.882598327751828e-10,5.344859937303648e-11
power_line,power,CZ-SK,1.182731912026848e-09,0.5354745107333111,0.29865696849270834,0.34709086530522826,0.3187776433902539,2.1692002958355012e-10
power_line,power,DE-AT,0.0,0.0,0.0,0.0,0.0,0.0
power_line,power,DE-BE,0.0,0.0,0.0,0.0,0.0,0.0
power_line,power,DE-CH,0.0,0.0,0.0,0.0,0.0,0.0
power_line,power,DE-CZ,0.0,0.0,0.0,0.0,0.0,0.0
power_line,power,DE-DK,7.28823251276635e-10,0.16884469884341946,0.8909400927885333,1.9402151574154547,4.30155912028984e-08,2.808528508217813e-10
power_line,power,DE-FR,9.436217294713152e-11,3.548934170200404e-11,4.897036515316738e-10,5.43280807884211e-09,2.7456598145746525e-10,2.6819353104151883e-08
power_line,power,DE-LU,7.318297251122473e-07,1.3999990269598295,2.2206275496473315e-07,3.810641365814542e-10,2.7536816876758554e-10,4.276634072253975e-10
power_line,power,DE-NL,1.0893329126756737,1.9106670640290717,1.4340609873250741e-08,8.375846511714921e-10,4.858287557983766e-10,2.782978206799846e-10
power_line,power,DE-NO,2.553943949330936e-10,2.452990642905589e-10,2.1096409870066183e-10,2.12171284288738e-10,8.093349169554897e-10,5.73463534826573e-09
power_line,power,DE-PL,1.9999999900656011,5.676713477181556e-09,7.489299866582619e-11,1.2917849687182455e-09,1.1396030689225455e-09,5.317502884362458e-11
power_line,power,DE-SE,1.6661926476286314e-10,3.900835532854171e-11,2.2900258649372562e-10,1.371889132071392e-09,2.0302539991928336e-09,9.67605755045821e-09
power_line,power,DE-UK,1.637165513873767,1.1628344826120918,9.067840967564049e-11,4.289482888131102e-11,4.424407678218141e-11,5.785385008360701e-11
power_line,power,DK-DE,0.0,0.0,0.0,0.0,0.0,0.0
power_line,power,DK-NL,1.999999990671049,7.659629537225257e-09,1.2007370520053484e-10,6.998019699073261e-11,3.891642939169729e-11,3.39563199788295e-11
power_line,power,DK-NO,2.1473776938758703e-10,5.687305535573343e-11,3.438329467039321e-10,2.1235314266050784e-10,7.395868826731129e-11,9.059134056541563e-09
power_line,power,DK-SE,7.376229137001553e-10,4.795701610351329e-10,1.676201216534825e-10,1.1925845933282352e-10,3.8216412963409e-10,1.9077152770717927e-08
power_line,power,DK-UK,1.399999995076851,1.7296042082596025e-09,5.225784794747009e-11,2.973094094738871e-11,2.8331143546365288e-11,3.982006334818168e-11
power_line,power,EE-FI,1.5522765557825342e-10,1.454120668217252e-10,2.609979737847785e-10,3.4029088474250714e-10,0.04559845277640967,1.613227839335989
power_line,power,EE-LV,0.34892521052535075,0.0412644293859241,0.2069386802845915,7.319724238589139e-10,0.40287159096516334,3.219415054153616e-08
power_line,power,EL-BG,0.0,0.0,0.0,0.0,0.0,0.0
power_line,power,EL-IT,1.9999999988532002,1.9028013572528395e-10,7.284872067908632e-11,3.9190675810569906e-11,3.122316855570427e-11,1.742159061017638e-11
power_line,power,ES-FR,5.9999999995952615,3.64288279562228e-11,1.3668509390257747e-11,1.0271219047728614e-11,8.274484295998631e-12,9.010896046716146e-12
power_line,power,ES-PT,3.3798547806571105e-10,6.178181919793777e-11,2.8035753959116066e-10,7.677964353714219e-10,2.392716771946066e-10,1.3999829836682643e-08
power_line,power,FI-EE,0.0,0.0,0.0,0.0,0.0,0.0
power_line,power,FI-NO,0.9999999945379415,9.139600493146543e-10,1.4831438905510175e-10,7.832940005345956e-11,6.278960810757789e-11,1.1931783634822538e-10
power_line,power,FI-SE,1.0044509800042631,4.495549004275999,1.051469148612867e-08,1.3795816637664268e-10,7.770810096694539e-11,1.7933463107580465e-10
power_line,power,FR-BE,0.0,0.0,0.0,0.0,0.0,0.0
power_line,power,FR-CH,0.0,0.0,0.0,0.0,0.0,0.0
power_line,power,FR-DE,0.0,0.0,0.0,0.0,0.0,0.0
power_line,power,FR-ES,0.0,0.0,0.0,0.0,0.0,0.0
power_line,power,FR-IT,2.099999999296219,6.494040182642835e-11,1.7027936625706062e-11,1.3066275992601875e-11,1.2615409135146147e-11,1.4512976412146245e-11
power_line,power,FR-LU,0.0,0.0,0.0,0.0,0.0,0.0
power_line,power,FR-NO,0.0,0.0,0.0,0.0,0.0,0.0
power_line,power,FR-UK,7.599999995931612,4.050852745370442e-10,6.944607140192715e-11,4.774529156138311e-11,3.087705275969408e-11,2.5850911731356436e-11
power_line,power,HR-HU,0.5134303598956735,0.2769402355621445,0.20962939468882855,6.562032148227148e-10,5.989140355680446e-10,4.223489660157305e-10
power_line,power,HR-SI,0.2991303447428202,0.049952538642598916,0.24140870909103426,0.26724162988340033,1.17276334339409e-09,0.2684959336848381
power_line,power,HU-AT,0.0,0.0,0.0,0.0,0.0,0.0
power_line,power,HU-HR,0.0,0.0,0.0,0.0,0.0,0.0
power_line,power,HU-RO,2.492158675403354,0.5348413177101327,1.0534339320335447e-10,5.376606100906154e-10,3.1163437553691747e-09,9.96543718627577e-11
power_line,power,HU-SI,0.9999999973905487,1.2250970546590377e-10,6.823694348156152e-11,4.2567626228604e-11,2.8053923531074247e-11,3.692725620797584e-11
power_line,power,HU-SK,0.9999999977504976,9.048192632624865e-10,4.7860761959895425e-11,2.8904874305462508e-11,2.2309130290473924e-11,2.0456881681703197e-11
power_line,power,IE-UK,1.253999997729854,4.105876381486442e-11,4.106723958606749e-11,4.095841672520838e-11,3.991082714119769e-11,3.646806233520548e-11
power_line,power,IT-AT,0.0,0.0,0.0,0.0,0.0,0.0
power_line,power,IT-CH,0.0,0.0,0.0,0.0,0.0,0.0
power_line,power,IT-EL,0.0,0.0,0.0,0.0,0.0,0.0
power_line,power,IT-FR,0.0,0.0,0.0,0.0,0.0,0.0
power_line,power,IT-SI,1.2700967527496756,0.2799729508734794,0.5949302887610053,1.9787464611247555e-09,2.0043711320193665e-10,1.3754164967991614e-10
power_line,power,LT-LV,0.6556024293210402,0.06981775783576111,0.027871799878707373,0.012155659748063524,0.23455234272507702,2.830465362641481e-10
power_line,power,LT-PL,0.699999995606779,3.115772727843455e-09,7.448986007506834e-11,8.771723597775602e-11,3.926591178096527e-11,1.913184334003915e-11
power_line,power,LT-SE,1.1366041602573998e-10,4.2339153316692484e-10,0.14001497813200753,1.2259626661848868,0.23402231219823644,8.996775892748664e-09
power_line,power,LU-BE,0.0,0.0,0.0,0.0,0.0,0.0
power_line,power,LU-DE,0.0,0.0,0.0,0.0,0.0,0.0
power_line,power,LU-FR,0.0,0.0,0.0,0.0,0.0,0.0
power_line,power,LV-EE,0.0,0.0,0.0,0.0,0.0,0.0
power_line,power,LV-LT,0.0,0.0,0.0,0.0,0.0,0.0
power_line,power,NL-BE,0.0,0.0,0.0,0.0,0.0,0.0
power_line,power,NL-DE,0.0,0.0,0.0,0.0,0.0,0.0
power_line,power,NL-DK,0.0,0.0,0.0,0.0,0.0,0.0
power_line,power,NL-NO,3.825218199346848e-11,1.7285931753162314e-10,5.198594427769279e-11,8.083538203193018e-10,1.2816977289157028e-09,6.3636544847663215e-09
power_line,power,NL-UK,3.999999907089707,9.089115150080604e-08,6.155239022416688e-11,3.543018378706259e-11,3.5950692220509415e-11,4.974238757327131e-11
power_line,power,NO-BE,0.0,0.0,0.0,0.0,0.0,0.0
power_line,power,NO-DE,0.0,0.0,0.0,0.0,0.0,0.0
power_line,power,NO-DK,0.0,0.0,0.0,0.0,0.0,0.0
power_line,power,NO-FI,0.0,0.0,0.0,0.0,0.0,0.0
power_line,power,NO-FR,0.0,0.0,0.0,0.0,0.0,0.0
power_line,power,NO-NL,0.0,0.0,0.0,0.0,0.0,0.0
power_line,power,NO-SE,0.9999999981954062,1.2522155755049665e-10,5.498398819895949e-11,3.80944386193875e-11,3.6020135725412e-11,3.841567140773616e-11
power_line,power,NO-UK,2.3999999971160166,1.744698314892966e-09,2.893927652345583e-11,1.7720799149475728e-11,1.9458338243907833e-11,2.4986382834942217e-11
power_line,power,PL-CZ,0.0,0.0,0.0,0.0,0.0,0.0
power_line,power,PL-DE,0.0,0.0,0.0,0.0,0.0,0.0
power_line,power,PL-LT,0.0,0.0,0.0,0.0,0.0,0.0
power_line,power,PL-SE,0.9999999968053769,1.955092424035669e-09,1.8807317469255328e-10,1.495626887637911e-10,7.450849665661727e-11,3.053003363665915e-11
power_line,power,PL-SK,0.9999999952443259,3.442138050394631e-09,4.9869145127278096e-11,3.530556280689662e-11,3.7043309665552835e-11,2.3510746916689654e-11
power_line,power,PT-ES,0.0,0.0,0.0,0.0,0.0,0.0
power_line,power,RO-BG,0.0,0.0,0.0,0.0,0.0,0.0
power_line,power,RO-HU,0.0,0.0,0.0,0.0,0.0,0.0
power_line,power,SE-DE,0.0,0.0,0.0,0.0,0.0,0.0
power_line,power,SE-DK,0.0,0.0,0.0,0.0,0.0,0.0
power_line,power,SE-FI,0.0,0.0,0.0,0.0,0.0,0.0
power_line,power,SE-LT,0.0,0.0,0.0,0.0,0.0,0.0
power_line,power,SE-NO,0.0,0.0,0.0,0.0,0.0,0.0
power_line,power,SE-PL,0.0,0.0,0.0,0.0,0.0,0.0
power_line,power,SI-AT,0.0,0.0,0.0,0.0,0.0,0.0
power_line,power,SI-HR,0.0,0.0,0.0,0.0,0.0,0.0
power_line,power,SI-HU,0.0,0.0,0.0,0.0,0.0,0.0
power_line,power,SI-IT,0.0,0.0,0.0,0.0,0.0,0.0
power_line,power,SK-AT,0.0,0.0,0.0,0.0,0.0,0.0
power_line,power,SK-CZ,0.0,0.0,0.0,0.0,0.0,0.0
power_line,power,SK-HU,0.0,0.0,0.0,0.0,0.0,0.0
power_line,power,SK-PL,0.0,0.0,0.0,0.0,0.0,0.0
power_line,power,UK-BE,0.0,0.0,0.0,0.0,0.0,0.0
power_line,power,UK-DE,0.0,0.0,0.0,0.0,0.0,0.0
power_line,power,UK-DK,0.0,0.0,0.0,0.0,0.0,0.0
power_line,power,UK-FR,0.0,0.0,0.0,0.0,0.0,0.0
power_line,power,UK-IE,0.0,0.0,0.0,0.0,0.0,0.0
power_line,power,UK-NL,0.0,0.0,0.0,0.0,0.0,0.0
power_line,power,UK-NO,0.0,0.0,0.0,0.0,0.0,0.0
pumped_hydro,energy,AT,7.546799935150702,10.200000054816314,1.7339999987308516,4.319999984397209,3.492911293534462e-08,2.4745645532675553e-09
pumped_hydro,energy,BE,1.8663982867544724,3.21497781653976,0.628623809275564,1.1817039440882833e-08,6.895005224048348e-08,4.361764283089542e-09
pumped_hydro,energy,BG,0.0,0.0,0.0,0.0,0.0,24.590724036056834
pumped_hydro,energy,CH,2.0890928653067675,3.575132120671327,3.1032466769384683,2.293625153453781e-08,1.1385235735709185,6.534648377964913e-09
pumped_hydro,energy,CZ,0.0,0.9780179888858438,2.7963529269925402e-09,1.1597034443866505e-10,2.5755480415057264e-08,1.321981942962559
pumped_hydro,energy,DE,10.280098474500146,22.192706371967585,0.2809876001345373,0.9658950291490617,8.229656411895547e-08,2.086601114115183e-09
pumped_hydro,energy,DK,0.0,0.0,0.0,0.0,0.0,0.0
pumped_hydro,energy,EE,0.0,0.0,0.0,0.0,0.0,0.0
pumped_hydro,energy,EL,0.0,0.0,0.0,2.316308908898156,1.0052707732910449e-07,2.8236909633743217
pumped_hydro,energy,ES,1.2692282780335518e-09,19.049701774892924,6.34722517481967,69.66329089701459,2.351132019388828,3.3127207643701695e-09
pumped_hydro,energy,FI,0.0,0.0,0.0,0.0,0.0,0.0
pumped_hydro,energy,FR,0.0,8.18174137723571,7.001317133424571,18.788264913372664,4.694055633081007e-08,1.8298322856935556e-09
pumped_hydro,energy,HR,0.0,4.5810346076107,1.5134595798826922e-09,1.102751667758639e-09,8.066942669415766e-10,8.791953831632782e-10
pumped_hydro,energy,HU,0.0,0.0,0.0,0.0,0.0,0.0
pumped_hydro,energy,IE,1.8360664641854368e-05,1.7999815189025952,1.930293613838785e-08,3.092029179323395e-08,6.360667157463519e-08,3.3955509515237736e-09
pumped_hydro,energy,IT,3.02089517845161e-08,10.287596864402246,27.57251600035893,20.575193699770963,41.356139532415696,-1.6417942561020027e-09
pumped_hydro,energy,LT,0.0,0.0,0.0,0.0,10.799999698435796,9.290031854902736e-09
pumped_hydro,energy,LU,0.8999999241896697,0.19599991974125652,4.427020594555131e-08,1.0332195640874077e-07,7.970114705636455e-09,2.9875413254387695e-10
pumped_hydro,energy,LV,0.0,0.0,0.0,0.0,0.0,0.0
pumped_hydro,energy,NL,0.0,0.0,0.0,0.0,0.0,0.0
pumped_hydro,energy,NO,1.855539721873356e-09,3.285999927489131,4.152450827632492e-09,5.861070554074898,1.5115642210065356,1.0698844832290888e-07
pumped_hydro,energy,PL,2.6999999917875215,6.404981921287604,6.585017954372514,8.628527876988551e-08,4.3209324714773395e-08,1.6428813864877156e-09
pumped_hydro,energy,PT,8.08526579021418e-10,5.138285862934744,4.756099286011519,1.7574764091608819e-09,1.693187232611817e-08,2.099675100453169e-09
pumped_hydro,energy,RO,0.0,0.0,0.0,0.0,0.0,0.0
pumped_hydro,energy,SE,0.0,1.0630500012226198,5.1214428253842925e-09,7.829278114712679e-09,6.259981644163304e-09,3.2390987669828064e-09
pumped_hydro,energy,SI,0.0,0.0,0.0,0.0,0.0,0.0
pumped_hydro,energy,SK,0.0,0.0,0.0,0.0,0.0,0.0
pumped_hydro,energy,UK,8.418211905336648e-09,4.175074617323499,21.254925181198693,1.6086532742576156e-07,2.948166762906266e-08,2.326085990489446e-09
pumped_hydro,power,AT,1.2577999891788862,1.7000000084344689,0.28899999878696236,0.7199999903145599,2.512866974316382e-09,1.5763204462366672e-10
pumped_hydro,power,BE,0.07776659546655272,0.535829633859783,0.10477062417737631,2.0227233776815012e-09,2.901398221701384e-09,1.9637782621020228e-10
pumped_hydro,power,BG,0.0,0.0,0.0,0.0,0.0,1.3989999996419367
pumped_hydro,power,CH,0.3481821442066198,0.5958553533929496,0.5172077788764571,3.385173918957207e-09,0.18975390975896891,4.5973851096258185e-10
pumped_hydro,power,CZ,0.0,0.04075074963874914,1.207370438853537e-10,1.4657572866865402e-11,1.0850452142698082e-09,0.12744065630717902
pumped_hydro,power,DE,0.42833743746611597,3.698784393262468,0.011707816716630489,0.04024562626039671,3.4755696032589337e-09,3.9783996360293997e-11
pumped_hydro,power,DK,0.0,0.0,0.0,0.0,0.0,0.0
pumped_hydro,power,EE,0.0,0.0,0.0,0.0,0.0,0.0
pumped_hydro,power,EL,0.0,0.0,0.0,0.1450821586844348,4.204269272050532e-09,0.29117155945327156
pumped_hydro,power,ES,2.0113250971436256e-10,3.1749502951806017,1.0578708615208747,3.1134870083973647,0.0979638342776984,2.0538058203162116e-10
pumped_hydro,power,FI,0.0,0.0,0.0,0.0,0.0,0.0
pumped_hydro,power,FR,0.0,1.3636235628163167,0.9597041346604048,0.7828443714556884,2.1597926234976213e-09,9.005029328564181e-11
pumped_hydro,power,HR,0.0,0.518699997917217,7.233059477497e-11,5.426668950596629e-11,4.4447249498743065e-11,5.6732180949670305e-11
pumped_hydro,power,HU,0.0,0.0,0.0,0.0,0.0,0.0
pumped_hydro,power,IE,2.316317599456108e-06,0.22710009091128622,9.385954934044215e-10,4.8363660711042075e-09,2.672830669943783e-09,1.7895499791546358e-10
pumped_hydro,power,IT,5.019667525110355e-09,1.714599477265922,3.667528294138778,0.8572997423563482,1.7231724804909867,1.1089014218670413e-10
pumped_hydro,power,LT,0.0,0.0,0.0,0.0,0.6529093338679577,6.561787627258748e-10
pumped_hydro,power,LU,0.03749999692844331,0.008166663339234085,1.849433551074593e-09,4.3191504380194416e-09,3.370939487571567e-10,1.9138638898642613e-11
pumped_hydro,power,LV,0.0,0.0,0.0,0.0,0.0,0.0
pumped_hydro,power,NL,0.0,0.0,0.0,0.0,0.0,0.0
pumped_hydro,power,NO,2.8622479139142176e-10,0.5476666543459416,2.859613469196603e-10,0.24421127310797655,0.06298184252178075,4.886596480632542e-09
pumped_hydro,power,PL,0.44999999857763906,0.5400000005766583,0.715999992791979,3.605427179032006e-09,1.817734489160608e-09,1.232501473356651e-10
pumped_hydro,power,PT,5.738530032451e-11,0.8563809770265954,0.7926832139712505,1.186669651431771e-10,1.6034195238504844e-09,1.3888382462502532e-10
pumped_hydro,power,RO,0.0,0.0,0.0,0.0,0.0,0.0
pumped_hydro,power,SE,0.0,0.09199999022989662,2.421893740915016e-10,3.515789874952608e-10,2.937222452762903e-10,2.0065996510440974e-10
pumped_hydro,power,SI,0.0,0.0,0.0,0.0,0.0,0.0
pumped_hydro,power,SK,0.0,0.0,0.0,0.0,0.0,0.0
pumped_hydro,power,UK,1.2277379463021833e-09,0.47694028678266454,1.9800994463714336,8.387753158700662e-09,3.2082099028986253e-09,2.0656792184916188e-10
reservoir_hydro,power,AT,3.306984525351405,1.633476424799382,0.14034093226544406,0.062118117200277774,5.553886669987408e-11,1.1811984560026084e-10
reservoir_hydro,power,BE,0.012735668762403776,1.1412075129271162e-11,4.056855821123538e-12,2.9078336420759165e-12,2.765341179168933e-12,3.25228218598209e-12
reservoir_hydro,power,BG,1.7525642640471253e-10,2.671704971652094e-10,2.7397180269595253e-08,7.774996078760793e-09,6.902029587511222e-09,1.831514054512732e-07
reservoir_hydro,power,CH,1.500887569797116e-10,2.3923268215575048e-11,3.10786565801951e-10,9.905678795937124e-11,6.575994628013576e-10,2.4973279303508604e-09
reservoir_hydro,power,CZ,3.325436750113738e-08,1.5960878378766344e-08,3.771242593801765e-09,3.94280652179945e-10,4.3784686130145337e-10,1.984163480780077e-07
reservoir_hydro,power,DE,0.18949999998589817,4.4142272949389535e-12,2.1895994420915636e-12,1.7191844044078167e-12,1.6816806555811965e-12,2.110898802459807e-12
reservoir_hydro,power,DK,0.0,0.0,0.0,0.0,0.0,0.0
reservoir_hydro,power,EE,0.0,0.0,0.0,0.0,0.0,0.0
reservoir_hydro,power,EL,2.390093970544957e-12,2.188569176605062e-10,1.5708461082347934e-10,1.0670245348542549e-10,1.2756660358231175e-10,4.227777299523479e-09
reservoir_hydro,power,ES,3.3057236491462727,1.2191007241427405,2.11405179545024,0.689762738656033,0.6255959750217619,2.118863192485543e-09
reservoir_hydro,power,FI,1.3449999999761095,6.624454620613704e-12,3.8402728751358965e-12,3.1565867628515996e-12,3.1099481830244067e-12,3.701207322756272e-12
reservoir_hydro,power,FR,6.669349287154017,0.8804686009920852,6.77236967187803e-11,3.5044382258688606e-11,2.790514362170502e-11,3.7194494217222985e-11
reservoir_hydro,power,HR,1.3276244584000987,1.437570792618977e-10,1.6086177833835997e-11,1.0074866618892909e-11,8.988704766651029e-12,1.0906006545200442e-11
reservoir_hydro,power,HU,0.02799999997141498,1.0438008112469753e-11,4.160245376354983e-12,3.15183128251096e-12,3.065357827216279e-12,3.930113062979896e-12
reservoir_hydro,power,IE,0.0009999999602191866,1.3586760126006097e-11,6.374650390970903e-12,4.8624608856350276e-12,4.6341026374296005e-12,5.306348121478986e-12
reservoir_hydro,power,IT,5.485239999716229,4.327130567524123e-11,2.3642955016236287e-11,2.22749440240189e-11,2.6752000816820404e-11,6.819056588500185e-11
reservoir_hydro,power,LT,0.10099999979824092,1.3222514795011063e-10,1.462326679750362e-11,1.0137152643328117e-11,1.0589560718946258e-11,1.689412220306446e-11
reservoir_hydro,power,LU,0.0,0.0,0.0,0.0,0.0,0.0
reservoir_hydro,power,LV,1.052093228063778e-08,2.441743169948887e-09,4.344455932432673e-09,3.968824455413101e-09,3.6723873491100798e-09,1.17451893765173e-07
reservoir_hydro,power,NL,0.0,0.0,0.0,0.0,0.0,0.0
reservoir_hydro,power,NO,13.506058971736467,1.5947844981864956,1.8434003596222608e-10,3.2691960019628843e-10,2.849496229418148e-10,2.3882858168415475e-09
reservoir_hydro,power,PL,1.6153157707027446e-12,3.3075349540630572e-12,3.891365027160466e-12,5.69421392811365e-12,1.0887040468775552e-11,8.58254393096135e-11
reservoir_hydro,power,PT,0.3960053510097225,2.586116991865756e-11,2.7410098676988557e-11,2.5379023079886653e-11,3.958328145410304e-11,0.3230083970596853
reservoir_hydro,power,RO,1.4655817549035677e-11,3.255572610919994e-11,3.080435745877901e-10,2.3753530319618715e-10,5.067203843446304e-08,2.4281391627930287e-07
reservoir_hydro,power,SE,9.30287053886817,0.7574766770891131,1.3652195924074466,2.712336922926485e-11,0.22019670839415484,4.1331728795834594e-11
reservoir_hydro,power,SI,0.1319660705030925,1.8369713251862463e-11,0.10617959694230152,2.884963147896877e-11,0.3640443321656664,1.5097400560059178e-10
reservoir_hydro,power,SK,0.0,0.0,0.0,0.0,0.0,0.770682511437984
reservoir_hydro,power,UK,1.6145127257228726e-12,3.304408811136662e-12,3.887552397262541e-12,5.688374898621504e-12,1.0875727592650225e-11,8.574395742089798e-11
run-of-river_hydro,power,AT,4.139899999981785,0.5270000000003021,0.7959999999960106,0.05699999998520367,0.38399999964219333,1.934754325427424e-10
run-of-river_hydro,power,BE,0.0590153396640739,5.4004961640324295e-11,6.927713400078232e-12,4.429301469245219e-12,4.119054013547756e-12,4.8862934125067274e-12
run-of-river_hydro,power,BG,1.2604793978635412e-08,4.351395266474066e-09,4.008714080582194e-09,4.2206197219105815e-09,8.184586450062831e-09,1.349403510442826e-07
run-of-river_hydro,power,CH,8.671896809414078e-11,6.399372008044655e-11,2.7438851338967607e-11,2.562917482698795e-10,5.419023495960254e-10,4.916624230882897e-10
run-of-river_hydro,power,CZ,1.5088076028999397e-08,5.127591057816219e-09,6.9333188570128685e-09,2.1718988636634744e-09,2.6552640648056142e-09,1.0739157320697564e-07
run-of-river_hydro,power,DE,2.168751770696842,0.13662511485255818,0.056965337315609994,0.13456198390717108,8.579491872562905e-12,6.417135577034611e-12
run-of-river_hydro,power,DK,0.0,0.0,0.0,0.0,0.0,0.0
run-of-river_hydro,power,EE,0.0,0.0,0.0,0.0,0.0,0.0
run-of-river_hydro,power,EL,8.648724998432002e-09,3.076008094202414e-09,3.4111317065102552e-09,4.238419636024578e-09,3.911751473187866e-09,9.511153958428519e-08
run-of-river_hydro,power,ES,1.5246869711515183e-11,7.696283824853377e-12,9.244915201164585e-11,1.0747888743761476e-10,4.2964546024346505e-10,4.11612129913725e-09
run-of-river_hydro,power,FI,1.2895999999704104,8.366721446503918e-12,4.810622666459072e-12,3.926752147982707e-12,3.8461635988368664e-12,4.467828042320237e-12
run-of-river_hydro,power,FR,3.546468611044122e-10,1.7790624257323454e-11,4.13928031777416e-10,2.4806441825300573e-10,4.55092384499763e-11,4.776095013350753e-09
run-of-river_hydro,power,HR,0.2786677301467124,9.484959570630148e-11,1.4410590712597892e-11,9.105211678684585e-12,8.184121086984187e-12,9.729760254928071e-12
run-of-river_hydro,power,HU,0.01969999995941892,1.444410299940337e-11,5.900630502183101e-12,4.5032737900502025e-12,4.365334411349786e-12,5.58496591426103e-12
run-of-river_hydro,power,IE,0.21599999986106236,6.42036964308601e-11,2.1087339591676715e-11,1.3980634353565949e-11,1.2787849009999522e-11,1.3899337117148973e-11
run-of-river_hydro,power,IT,9.032277318009293e-07,9.593542064843337e-11,4.397978971351859e-11,3.580478440310403e-11,4.4754961894016504e-11,9.513785745166524e-10
run-of-river_hydro,power,LT,1.4051264720935408e-12,2.893208549242993e-12,3.416517325371063e-12,5.018837044437576e-12,9.629816924796607e-12,7.621508902417369e-11
run-of-river_hydro,power,LU,0.0,0.0,0.0,0.0,0.0,0.0
run-of-river_hydro,power,LV,8.121442333752771e-09,1.942090566727427e-09,3.5502591247655524e-09,3.485828963088134e-09,3.3473550127492297e-09,9.664189533293738e-08
run-of-river_hydro,power,NL,0.0,0.0,0.0,0.0,0.0,0.0
run-of-river_hydro,power,NO,0.0,0.0,0.0,0.0,0.0,0.0
run-of-river_hydro,power,PL,1.4048489207131884e-12,2.8921968783598594e-12,3.4149210555152117e-12,5.0159414993269866e-12,9.623593308495159e-12,7.613423252123178e-11
run-of-river_hydro,power,PT,1.172999999975791,0.18599999999439085,0.25699999994939826,5.433174427999666e-11,0.18899999899436049,4.3309481341727716e-10
run-of-river_hydro,power,RO,1.7725683450101338e-08,5.54914806848607e-09,4.739435026934003e-09,3.844885931587546e-09,4.579899862417762e-09,1.8053043676560482e-07
run-of-river_hydro,power,SE,1.9949999999243635,2.32580429119227e-11,1.2338382776109697e-11,9.684342218244769e-12,9.188108070357002e-12,1.0881809929833996e-11
run-of-river_hydro,power,SI,0.6328299999718994,0.031979999956366086,2.3827579390136186e-11,1.5905015546980904e-11,1.714982506459942e-11,0.059999994687973124
run-of-river_hydro,power,SK,3.498687404117916e-10,4.2073520846044266e-10,1.2083212216989014e-10,5.0880447212642595e-08,5.2331494054523925e-09,2.717148783050305e-07
run-of-river_hydro,power,UK,8.271439089213573e-13,1.185645639759594e-12,1.7951031264218632e-12,2.9990142570531047e-12,6.286219087804054e-12,4.2935146669636994e-11
waste_plant,power,AT,1.90704744554067e-09,9.241027894468066e-10,5.359975255593404e-10,5.709899254379524e-10,1.0100197371988873e-09,1.7698169632217347e-08
waste_plant,power,BE,1.0584714822997513e-11,1.5520275637248304e-11,1.8550125056774053e-11,1.536680998894014e-10,4.8176339881570456e-09,1.774725176058397e-08
waste_plant,power,BG,1.7495231878792271e-09,1.1084206093982383e-09,2.3359495158110083e-10,5.451083646236316e-10,1.0631967609305236e-09,1.8738381484499178e-08
waste_plant,power,CH,2.9237159124940034e-12,3.6005186532345725e-11,3.2837044929506836e-09,6.019296197151443e-10,1.016302230589842e-09,1.75891117577729e-08
waste_plant,power,CZ,1.8675247189152855e-09,9.473905600804303e-10,5.073160634173476e-10,5.785390355978579e-10,9.76141188021339e-10,1.791987107408287e-08
waste_plant,power,DE,9.022182386255426e-13,1.4126830329260207e-12,2.1573798642233e-11,3.958047964852723e-09,9.955319402551237e-10,1.8098370156579744e-08
waste_plant,power,DK,8.276955619318155e-13,2.430383994410399e-11,1.662484111138369e-11,1.455604163836945e-11,4.862606449301426e-09,1.800630497069218e-08
waste_plant,power,EE,1.7638764807430063e-12,8.538536594659328e-12,3.496415051801508e-12,4.068549843881731e-09,8.542371818873998e-10,1.7865496031563377e-08
waste_plant,power,EL,1.6392454555835838e-09,1.0711578148942772e-09,4.768389986081738e-10,5.130234893273941e-10,1.1503501048993406e-09,1.7311563410574835e-08
waste_plant,power,ES,6.782487579110432e-13,1.7496881773108148e-12,1.3275178592248316e-11,7.277671547524045e-12,5.642460481296714e-12,2.136395089897993e-08
waste_plant,power,FI,1.088791643213867e-12,3.5599531200536924e-12,4.475125147356401e-11,3.905277393883108e-09,1.0044522454188398e-09,1.7870969230853263e-08
waste_plant,power,FR,2.0747681981066597e-12,6.764916160188543e-12,7.118327058497751e-12,5.774647070596322e-11,4.787076228430629e-09,1.731180171949082e-08
waste_plant,power,HR,1.8553505184380196e-09,9.687960004391913e-10,5.179680387170838e-10,6.114163560834649e-10,8.800469577194731e-10,1.8309570272205865e-08
waste_plant,power,HU,1.6934673282729906e-09,1.0756170951231335e-09,5.059669039162682e-10,6.220711822303372e-10,8.92655427572454e-10,1.8687788421478268e-08
waste_plant,power,IE,1.1131733388220402e-11,1.6045659405927545e-11,9.289598434936088e-12,1.2685949032056085e-11,4.837395655251944e-09,1.7923899345853528e-08
waste_plant,power,IT,6.724883440879738e-12,3.204118257210161e-11,4.527645140481827e-11,3.74357022781107e-09,9.523816419240068e-10,1.7092119605283302e-08
waste_plant,power,LT,9.131945330591202e-12,7.74648644807682e-12,3.5588861348956665e-12,4.97860488924747e-12,5.992519090242453e-12,2.2676877512218564e-08
waste_plant,power,LU,1.754270265205158e-09,9.622155790933693e-10,5.541096595898703e-10,6.079750352879713e-10,1.0230732613936346e-09,1.769167798612783e-08
waste_plant,power,LV,1.8616575462467236e-09,1.0746362321666194e-09,4.2146367533184164e-10,6.120767338412878e-10,9.652245934893951e-10,1.7874115984135184e-08
waste_plant,power,NL,9.12467853941621e-12,1.0802718252483454e-11,1.1602172355653372e-11,3.887042295641565e-09,1.046156678737664e-09,1.7638811454277424e-08
waste_plant,power,NO,1.9263086656362318e-11,9.082578552224857e-12,2.4326797113036293e-11,3.7159093019611266e-09,1.0012364267485329e-09,1.7690432078100097e-08
waste_plant,power,PL,1.2338211050891117e-11,3.1101566417948553e-11,3.846748733286618e-12,4.466063454670173e-12,4.886687020022372e-09,1.8356015429311867e-08
waste_plant,power,PT,1.4845252302235632e-09,1.1684874269963501e-09,5.3189243857987e-10,7.72449737575642e-10,7.245168514645299e-10,1.6755033871908883e-08
waste_plant,power,RO,1.6828736119070504e-09,1.0227828750019827e-09,4.5353625755852995e-10,5.905428243644788e-10,9.850415422167113e-10,1.9202869664758886e-08
waste_plant,power,SE,8.986687673928801e-13,1.4450302732325973e-12,2.0263042002337177e-11,4.253438653297554e-12,4.861071516112367e-09,1.7867745441611906e-08
waste_plant,power,SI,1.6562044829175556e-09,1.0936780220150574e-09,5.054958915223307e-10,5.132162926816423e-10,8.710164236831057e-10,1.7199227753823788e-08
waste_plant,power,SK,1.8101537839427387e-09,1.0109324968647989e-09,4.920189238351031e-10,5.592550584632235e-10,9.714457168860372e-10,1.803870471561598e-08
waste_plant,power,UK,6.733008577351933e-13,3.120372452931665e-12,1.4854198654573014e-12,2.497684476206081e-12,2.0784521453437374e-11,2.273221998879846e-08
wind_offshore,power,AT,0.0,0.0,0.0,0.0,0.0,0.0
wind_offshore,power,BE,0.0,0.0,2.4199193249138035e-10,1.0817052324232872e-10,1.6039767822731005e-07,1.8499998352617288
wind_offshore,power,BG,1.310981031481145e-12,2.8237248259848587e-12,3.545376290083136e-12,5.443464353136823e-12,1.0610509608999734e-11,8.517611493713589e-11
wind_offshore,power,CH,0.0,0.0,0.0,0.0,0.0,0.0
wind_offshore,power,CZ,0.0,0.0,0.0,0.0,0.0,0.0
wind_offshore,power,DE,4.608981012009417e-10,4.925593104294114e-09,4.0879738965571766e-09,6.291164017449675e-10,3.156940276606511e-07,27.83999967271417
wind_offshore,power,DK,1.5559887742893562e-10,1.548215208713321e-10,5.268248077873976e-10,2.9585324266327525e-10,4.980718294441471e-08,2.675265951433406e-07
wind_offshore,power,EE,1.305911674691561e-12,2.805526543119836e-12,3.5191711674478524e-12,5.400754445695196e-12,1.0527468048125801e-11,8.43197371532394e-11
wind_offshore,power,EL,1.3140713289499692e-12,2.8320895874450705e-12,3.5571783936832897e-12,5.462234930343702e-12,1.0644907390243034e-11,8.555715707898783e-11
wind_offshore,power,ES,8.950986206263162e-13,1.4132971132330533e-12,2.5377376896457254e-12,6.045783203404738e-12,1.098382153551614e-11,8.539828560888357e-11
wind_offshore,power,FI,2.0863702438777766e-11,4.851609694992464e-10,2.5996978770801526e-09,2.1171820551808797e-08,2.0255178626221264e-08,2.422060084826922e-07
wind_offshore,power,FR,1.0043631182481718e-11,5.3440249601046106e-11,1.1171301397656782e-09,2.3600237898409491e-07,9.609265678823045e-08,4.521010351939433e-06
wind_offshore,power,HR,1.306494543354445e-12,2.8006236436548093e-12,3.503173169370446e-12,5.349438424771714e-12,1.0357715421905565e-11,8.224181177859711e-11
wind_offshore,power,HU,0.0,0.0,0.0,0.0,0.0,0.0
wind_offshore,power,IE,0.0,0.0,0.0,0.0,0.0,0.0
wind_offshore,power,IT,1.3065697097197632e-12,2.800960614061076e-12,3.5037965505673733e-12,5.350859298759188e-12,1.03617957474799e-11,8.234970191291907e-11
wind_offshore,power,LT,1.304098939869766e-12,2.789547931798277e-12,3.4738587421829283e-12,5.3026792369361275e-12,1.0292020296131739e-11,8.245241443057237e-11
wind_offshore,power,LU,0.0,0.0,0.0,0.0,0.0,0.0
wind_offshore,power,LV,1.302931092401326e-12,2.7713745037163653e-12,3.4455644171415805e-12,5.229913996426746e-12,1.0093839815285218e-11,7.597436836350245e-11
wind_offshore,power,NL,7.143786422428287e-11,2.895285406462054e-10,1.4440065727059858e-09,8.250556844572331e-10,3.6717170276750716e-08,2.920989013560261e-07
wind_offshore,power,NO,2.2149874348703047e-10,6.245883116940172e-11,1.5023536479213599e-09,3.512043536058201e-08,6.209245207987672e-07,3.1501745441849e-07
wind_offshore,power,PL,1.3030623889222083e-12,2.7781122652579872e-12,3.4594698819601177e-12,5.258374742177536e-12,1.0148561887889149e-11,7.655550698018366e-11
wind_offshore,power,PT,0.0,0.0,0.0,0.0,7.397136853338643e-12,9.186769265806007e-11
wind_offshore,power,RO,1.304394500709845e-12,2.789452366636555e-12,3.4818502808144863e-12,5.303779894108784e-12,1.0245420416396975e-11,7.864087256954455e-11
wind_offshore,power,SE,1.2409830757747713e-11,5.556494923799399e-10,1.6052003066902615e-09,5.906432856367416e-06,10.957411694174697,1.5370306395089375
wind_offshore,power,SI,0.0,0.0,0.0,0.0,0.0,0.0
wind_offshore,power,SK,0.0,0.0,0.0,0.0,0.0,0.0
wind_offshore,power,UK,7.916414365988877e-11,2.776401024952614e-10,2.9940387527786115e-10,3.6294661734729734e-10,3.8493981758318016e-08,2.0578432250069027e-07
wind_onshore,power,AT,8.571140503988682,0.3815499999967263,0.7965499999984348,1.0920199999977405,0.20729999999874524,8.571140503907987
wind_onshore,power,BE,5.808549386935989,0.4353600000415229,0.5521799999986907,0.9625499999871405,0.3710500000077046,5.808549386867942
wind_onshore,power,BG,6.057448422642556,3.5576687238747122,1.6500397436496443,0.51669184832702,2.3756599669418184,6.273192443990399
wind_onshore,power,CH,2.3813873293522387e-09,7.628963778344864,2.0600967749371626,0.5098173543733266,9.538900727695724,0.32901361622312353
wind_onshore,power,CZ,13.606673388587316,3.1822315041133913,7.15692866935651,4.435898362077282,11.694488780740366,19.00949331361124
wind_onshore,power,DE,1.876651564510561e-09,13.870134263201464,32.268072665540295,33.92595209535081,26.90836580529233,2.404148053826284e-09
wind_onshore,power,DK,5.893528669102303,3.2698413155588644,1.433301783214027,9.855218957968972,2.590121139110691,7.259974359073957
wind_onshore,power,EE,1.6633260973701183,0.37707820344583665,0.3251962986185562,0.28229408229113057,3.911453134106156,5.055430977613922
wind_onshore,power,EL,5.0527813622422055,2.613731039274559,1.47371920845565,2.5655552595178444,4.314189235834914,5.133870922318951
wind_onshore,power,ES,16.02801517830595,21.662145934587844,16.03905087891406,15.52286940631359,7.971733333497216,14.338322476420108
wind_onshore,power,FI,12.94289292722623,10.506386965408918,4.309387905070467,2.098117492412435,0.9088500057961709,12.942892926929076
wind_onshore,power,FR,17.680406053635984,10.624342612065638,67.92578640914176,69.4920633285855,26.720421932245976,34.031101601207006
wind_onshore,power,HR,2.0039505251653408e-10,3.1255439133338305e-09,0.8707053318583456,1.9418633509513352,0.6994602911328138,1.535196008651449
wind_onshore,power,HU,14.79294439131687,2.573785611713154,7.029776679611937,1.9298351764227921,3.713259360274298,17.2899238519859
wind_onshore,power,IE,4.16266481523547,1.7528979086336625,1.1767676943659544,3.7435412517027995,2.2104495826056083,5.426332465513693
wind_onshore,power,IT,27.124796033906183,36.29672042898264,19.078664108788647,11.17187271846057,29.948272569166903,36.40576425069762
wind_onshore,power,LT,5.612056291970694,0.13718314281805952,0.35869328435651016,4.013693018755785,2.4693377522483,7.88665528137638
wind_onshore,power,LU,6.114151299942686e-10,8.139748109809776e-10,1.0492077913536714e-09,3.473510104024623e-10,0.3848441961280087,0.23542372647636384
wind_onshore,power,LV,8.223525344992498e-10,4.719326879929776e-10,1.516866681847594e-07,1.1664647067659935e-07,1.7221768312917746e-06,0.8243686793482544
wind_onshore,power,NL,11.180693985492159,13.506752478170156,4.933569790512763,4.439110498698675,14.804873234817435,11.180693997123635
wind_onshore,power,NO,3.8340273798952754e-10,8.579295891166321,4.761826323392875,10.444937034013268,17.237701642604865,4.315868318496336
wind_onshore,power,PL,46.24789578863483,7.66907547704175,10.792836098602107,13.23284880129645,15.855196715491438,53.998435448707504
wind_onshore,power,PT,0.9602983829524429,4.263317232923079,8.557796242234559e-10,4.602243537344476e-10,1.0468807797335209e-08,4.582392815022391
wind_onshore,power,RO,3.7310633697289566,2.721413387080732,4.788927285334464,1.0166257512894714,2.1554539716495382,12.905336338074374
wind_onshore,power,SE,4.494554660298037e-11,1.1984911381986291e-09,6.225016411301049e-10,1.505942573228998e-09,2.2753739031363832e-07,2.0270438898486945e-06
wind_onshore,power,SI,1.8022713345725716e-11,7.293778937957195e-11,1.3359155340687276e-10,4.5604625996814935e-08,1.7998947062629514e-08,2.7552040166273313e-07
wind_onshore,power,SK,1.8128919978092517e-10,3.5815845316360024e-08,2.5437396945646662e-08,2.012576103038092e-08,8.778315469593463e-08,9.207671605909212e-07
wind_onshore,power,UK,51.515241734675286,23.593062800666008,18.90173697900476,33.74796226366736,7.2289928564455375,68.3246199898781
