technology,capacity_type,location,0,1,2,3,4,5,6,7,8,9,10,11,12,13,14,15,16,17,18,19,20
DAC,power,AT,4.4042693442048735e-07,4.844568266270716e-07,5.191947279025345e-07,5.712649878282724e-07,6.091928431272124e-07,6.39515397104065e-07,6.63943809093025e-07,6.937591217517453e-07,7.276859378139429e-07,7.644340186274187e-07,8.02742427170845e-07,8.443173284280285e-07,8.875175722062935e-07,9.331150502775798e-07,9.858722839093687e-07,1.0431371475828957e-06,1.1064233824494255e-06,1.1838833324798788e-06,1.2664270562879613e-06,1.3823283230184935e-06,1.4274033014088405e-06
DAC,power,BE,4.397546542465862e-07,4.857932468637188e-07,5.242415388890643e-07,5.799587847768169e-07,6.198279965324343e-07,6.532300082922435e-07,6.823651223627114e-07,7.051179729413937e-07,7.303350906853761e-07,7.578845548778124e-07,7.917888813453792e-07,8.341918140662036e-07,8.821163720437559e-07,9.363272713016807e-07,1.0006577505892457e-06,1.0728218067788797e-06,1.1429898538744248e-06,1.217560245837563e-06,1.302104926178013e-06,1.417438941806093e-06,1.4274723445472196e-06
DAC,power,BG,4.4491997929086896e-07,4.872421903856344e-07,5.218107873234278e-07,5.718162377402755e-07,6.184461256416895e-07,6.602727124322537e-07,7.017080849983943e-07,7.447088508346005e-07,7.90450796233331e-07,8.375205841293183e-07,8.88535785740489e-07,9.439722605973423e-07,1.0055130689047084e-06,1.0670200397760777e-06,1.1296657376450644e-06,1.1974529251149817e-06,1.2696807989380436e-06,1.3457983076832504e-06,1.4129121010119629e-06,1.4856764962631309e-06,1.5553472008592682e-06
DAC,power,CH,4.376436522041524e-07,4.819285700649002e-07,5.186756728988771e-07,5.739351995778929e-07,6.141844077551814e-07,6.482504042516601e-07,6.774583685586189e-07,7.009511674500517e-07,7.301289988057949e-07,7.634362067355097e-07,7.99205216640504e-07,8.393030624922495e-07,8.817162222346532e-07,9.279534456499595e-07,9.808389163462856e-07,1.0370850019440022e-06,1.0995617988948091e-06,1.1758405598668536e-06,1.2562726962318238e-06,1.3695630197224996e-06,1.4074160747239385e-06
DAC,power,CZ,4.416449587491833e-07,4.858866530174814e-07,5.215344194445671e-07,5.76154474079799e-07,6.185577494908265e-07,6.573156177283721e-07,6.957050976759362e-07,7.335182032841817e-07,7.70740756785937e-07,8.060044878172057e-07,8.376357517093425e-07,8.639182869817651e-07,8.979566724493187e-07,9.41764101161985e-07,9.960493903690947e-07,1.0590894940557214e-06,1.1278345599729117e-06,1.205629475992934e-06,1.3098403305485128e-06,1.4360825174318724e-06,1.4982265371227077e-06
DAC,power,DE,4.4069061243564234e-07,4.856743226421106e-07,5.227146957517981e-07,5.76788327515064e-07,6.15965659096012e-07,6.483953596960889e-07,6.755913259850969e-07,6.965601513165078e-07,7.226636637782526e-07,7.525967929505175e-07,7.857508675329948e-07,8.21756254144659e-07,8.588409714970422e-07,9.04187579440363e-07,9.57029381492096e-07,1.0177244480874714e-06,1.0856063597597633e-06,1.152881657707503e-06,1.228615367237823e-06,1.341452963638719e-06,1.357840143487593e-06
DAC,power,DK,4.0338831396591686e-07,4.814704579770945e-07,5.222137805346283e-07,5.641872554329294e-07,5.876369258166694e-07,6.17341096919024e-07,6.51347129144463e-07,6.875290449769528e-07,7.282406868950676e-07,7.739182438806541e-07,8.23882390582944e-07,8.813240566399264e-07,9.407295934091432e-07,1.0061470126626727e-06,1.0795241127015311e-06,1.1662504316454048e-06,1.259043386390933e-06,1.3477395743412291e-06,1.4438087403482576e-06,1.5898924158133246e-06,1.6200756241002426e-06
DAC,power,EE,3.940475455113135e-07,4.786906113412119e-07,5.15612735003056e-07,5.558800532989478e-07,5.78728782162046e-07,6.057025465664262e-07,6.350535135492527e-07,6.654463143220466e-07,6.967638343776314e-07,7.304447129227003e-07,7.666825142652987e-07,8.098556841825409e-07,8.594062419774865e-07,9.154530728811956e-07,9.774364583245386e-07,1.0430897264005992e-06,1.1128426815828494e-06,1.1928659284543363e-06,1.2924331430260682e-06,1.4228499638961992e-06,1.4497020449762077e-06
DAC,power,EL,4.4562861265101533e-07,4.889373923916343e-07,5.252371048688687e-07,5.782720998965146e-07,6.309713357899302e-07,6.744592617248624e-07,7.168765642135402e-07,7.610704065283042e-07,8.073990013941978e-07,8.534694653257539e-07,8.961856542285939e-07,9.308984526143886e-07,9.56366299126278e-07,9.747356825323712e-07,1.0029077048543015e-06,1.0456800003708891e-06,1.108878175276329e-06,1.1959423874949694e-06,1.2673931750880351e-06,1.3580526318379936e-06,1.4054876282139107e-06
DAC,power,ES,4.081356343290812e-07,4.6876694826450317e-07,5.055509119267264e-07,5.455021112239874e-07,5.694576661674143e-07,5.9767117041522e-07,6.301793651952169e-07,6.665247501463423e-07,7.07501127189625e-07,7.536753956921929e-07,8.066058132712334e-07,8.61791959502984e-07,9.219885565653125e-07,9.89451386379687e-07,1.0647503216011919e-06,1.1460448860187928e-06,1.2330849826765464e-06,1.338282327203328e-06,1.435143689286485e-06,1.5594261486359096e-06,1.5919347734427841e-06
DAC,power,FI,4.1001279011877346e-07,4.922438852880467e-07,5.338863888675467e-07,5.808488241268031e-07,6.099011724340014e-07,6.411469545069324e-07,6.708842352837044e-07,6.986686808896996e-07,7.32042090608415e-07,7.732111964179476e-07,8.222281622817049e-07,8.802130604848059e-07,9.434800634715628e-07,1.0137585800733696e-06,1.0910393206211222e-06,1.1747204339429832e-06,1.2567550361465485e-06,1.3544340611848858e-06,1.480876502782473e-06,1.6325658459820122e-06,1.6252896437701454e-06
DAC,power,FR,4.431144574579126e-07,4.881992113091769e-07,5.260963266504599e-07,5.846136173879591e-07,6.278589997733104e-07,6.670462678711991e-07,7.056363095383846e-07,7.413938678776155e-07,7.726285036711832e-07,7.972600978284056e-07,8.335434711102271e-07,8.791340048264128e-07,9.336810927657481e-07,9.979680822416376e-07,1.0710927280008204e-06,1.149120706027702e-06,1.2281997460720555e-06,1.311323687695762e-06,1.407075643700129e-06,1.5342028187291259e-06,1.5537705812020135e-06
DAC,power,HR,4.399392268205682e-07,4.84920542011199e-07,5.203680987730306e-07,5.755726600547007e-07,6.18504376752462e-07,6.575724302637563e-07,6.965150652605818e-07,7.364873378920366e-07,7.772025522231159e-07,8.151762485771758e-07,8.490191319609679e-07,8.771465941650904e-07,9.155122601372808e-07,9.62118489172245e-07,1.0146607673755571e-06,1.0704838100650745e-06,1.1317683543010542e-06,1.2073551545728834e-06,1.2989590541723976e-06,1.4354499633597905e-06,1.4834564829844727e-06
DAC,power,HU,4.463361467021137e-07,4.900375138463234e-07,5.2465999626962e-07,5.773152493917213e-07,6.192601004421721e-07,6.569199824437754e-07,6.931062732930805e-07,7.267131897291478e-07,7.562284501036133e-07,7.793136191112673e-07,8.141022067771246e-07,8.565890045960177e-07,9.072224504198951e-07,9.627615147794715e-07,1.0248289173703165e-06,1.0947997074345647e-06,1.1773606660680208e-06,1.2699021917394703e-06,1.3709068724747637e-06,1.5072285474850442e-06,1.5601972646796494e-06
DAC,power,IE,3.877924477467303e-07,4.880810444546245e-07,5.349750298085683e-07,5.967105127983138e-07,6.270923041134879e-07,6.449294742780748e-07,6.705347534937832e-07,7.042277328905005e-07,7.453845066471475e-07,7.928820844745645e-07,8.467206714474208e-07,9.071110427746635e-07,9.692446909571336e-07,1.0395331257178377e-06,1.1189925445303852e-06,1.2062715700732675e-06,1.3065706421279936e-06,1.425967023710007e-06,1.5723716405748673e-06,1.7102597713626176e-06,1.7350448080397951e-06
DAC,power,IT,4.397404939361912e-07,4.838103259927498e-07,5.205631278308437e-07,5.751003949771983e-07,6.160764596893612e-07,6.464572489305408e-07,6.694931027223753e-07,6.861559581119147e-07,7.080939214617977e-07,7.38650958342666e-07,7.786163144105835e-07,8.243060437673961e-07,8.748850272613595e-07,9.288727623002322e-07,9.852284491987909e-07,1.0441554613265653e-06,1.107033870732934e-06,1.1814298265964764e-06,1.2707140138068341e-06,1.4050821405786725e-06,1.45335248716787e-06
DAC,power,LT,4.454979761918912e-07,4.892243362511054e-07,5.240224008331542e-07,5.763400038354829e-07,6.15904652378105e-07,6.508126251635122e-07,6.832810784130821e-07,7.116752363111535e-07,7.34751148764688e-07,7.665945309923086e-07,8.117812440969808e-07,8.610813870799818e-07,9.182697745238141e-07,9.846788050188968e-07,1.0594043523202544e-06,1.13999773418344e-06,1.2278631273486376e-06,1.329757466326293e-06,1.454007100617928e-06,1.6166279503739723e-06,1.6602509894838608e-06
DAC,power,LU,3.728698240884753e-07,4.79402320381786e-07,5.243033003669086e-07,5.898327721479848e-07,6.297220079669e-07,6.673600202419776e-07,7.048894500404582e-07,7.38873134515396e-07,7.677506124569466e-07,7.901414915651651e-07,8.204520317410803e-07,8.563304425637434e-07,8.97260107999806e-07,9.469899775781839e-07,1.0076252177824122e-06,1.0740467128589569e-06,1.1466166287231327e-06,1.2262096041187247e-06,1.3183171323490378e-06,1.4483392723994354e-06,1.4880108615158148e-06
DAC,power,LV,4.446590700952266e-07,4.893048175012943e-07,5.246659548562915e-07,5.773109759394431e-07,6.171455636123448e-07,6.537449382423917e-07,6.8960775469572e-07,7.237148646248017e-07,7.549881755828404e-07,7.799427485446717e-07,8.139147502385167e-07,8.524892363700008e-07,8.990350957620415e-07,9.56727112282489e-07,1.0240181019408823e-06,1.0978866387538169e-06,1.1782253499360995e-06,1.2738630437806295e-06,1.3950148466722848e-06,1.5515877337617411e-06,1.5820546306204087e-06
DAC,power,NL,3.712043027042469e-07,4.748455248170019e-07,5.169161715820502e-07,5.623824463412854e-07,5.87126609708279e-07,6.167026310027097e-07,6.490235062866856e-07,6.810536323399489e-07,7.113580179831653e-07,7.444135376728567e-07,7.840046970873571e-07,8.278353239479513e-07,8.762949145011817e-07,9.312641441679908e-07,9.91606962255348e-07,1.0602731927567062e-06,1.1347179278545957e-06,1.2143274763917111e-06,1.3006340868610006e-06,1.3985449106327202e-06,1.4592143405253312e-06
DAC,power,NO,4.5818904340236847e-07,5.04355311852481e-07,5.447469313465813e-07,5.992442837047062e-07,6.430855528814071e-07,6.853718199376047e-07,7.285277203774455e-07,7.740150624960236e-07,8.235887578513788e-07,8.780126081896752e-07,9.357048685053779e-07,9.903166394197194e-07,1.039041533490447e-06,1.0766508090360834e-06,1.1350518429079977e-06,1.2136903205274251e-06,1.3020186950947903e-06,1.4192202595529946e-06,1.5826034980881116e-06,1.7668401232360403e-06,1.7490756925654187e-06
DAC,power,PL,4.415402352045468e-07,4.860789506379482e-07,5.223745917869218e-07,5.778182431523822e-07,6.205937908091287e-07,6.593136672494494e-07,6.982520048891119e-07,7.37563222449762e-07,7.78634465308091e-07,8.21977913317501e-07,8.679446234792488e-07,9.158893761747488e-07,9.669975998265569e-07,1.021352364250847e-06,1.0787822945046706e-06,1.1390325979285944e-06,1.2036765475566183e-06,1.2832228202836297e-06,1.377723217644017e-06,1.5060365915382449e-06,1.540440885037269e-06
DAC,power,PT,4.1626038057573105e-07,4.64770517855797e-07,5.00280957387085e-07,5.420028803239639e-07,5.690680194729374e-07,5.992311540659552e-07,6.330822170827124e-07,6.704266173646967e-07,7.123295136023691e-07,7.593225480546235e-07,8.126510053850812e-07,8.681508825111963e-07,9.285184003393046e-07,9.957496325310483e-07,1.0686051718707425e-06,1.1458591736659053e-06,1.2292911654814733e-06,1.3376577146477388e-06,1.436193847971779e-06,1.5664868890825422e-06,1.616176297913039e-06
DAC,power,RO,3.886404771223316e-07,4.7551448784794734e-07,5.115066480103359e-07,5.472923070341259e-07,5.68854672433088e-07,5.952074048480176e-07,6.231437753333672e-07,6.516576012330184e-07,6.836305283578748e-07,7.227121937097988e-07,7.696279485940657e-07,8.16683148961685e-07,8.694972485827929e-07,9.259879327706791e-07,9.86383659972595e-07,1.052486537431325e-06,1.126184009070769e-06,1.2107243034722466e-06,1.30525523113455e-06,1.4267825025959096e-06,1.492544477766728e-06
DAC,power,SE,4.354514629949826e-07,4.790996000682558e-07,5.154626980452449e-07,5.606137792806996e-07,6.025763246760518e-07,6.366395296752677e-07,6.635133341534676e-07,6.962455279191584e-07,7.370149994324991e-07,7.847735080683764e-07,8.400967466631912e-07,9.00582363007172e-07,9.669560194570611e-07,1.0412739348408087e-06,1.1243614307442906e-06,1.212514598154595e-06,1.3019998198168238e-06,1.4185332858394492e-06,1.559012054829526e-06,1.7243564810193117e-06,1.7110219226734938e-06
DAC,power,SI,4.453605603931788e-07,4.975727340712975e-07,5.351178307508813e-07,5.807497956050693e-07,6.220743465556486e-07,6.603802441194851e-07,6.994590000969862e-07,7.397239996421613e-07,7.816190883328764e-07,8.227525986191847e-07,8.619688823810794e-07,8.96340390473703e-07,9.23940593150477e-07,9.63091803374498e-07,1.0130616386328258e-06,1.0692000844431962e-06,1.1319802577002159e-06,1.2147936930264707e-06,1.307532519113871e-06,1.442622132770163e-06,1.502017333759121e-06
DAC,power,SK,4.1457183938518637e-07,4.80115707101552e-07,5.14775542179801e-07,5.557662168751987e-07,5.793998412339457e-07,6.073506462377418e-07,6.375904366366872e-07,6.721249506188412e-07,7.088093618226914e-07,7.463491391546024e-07,7.870331172680041e-07,8.290722124581639e-07,8.75367286286625e-07,9.26050563593865e-07,9.789133964793687e-07,1.0368577545722875e-06,1.102081458726302e-06,1.1851423854063863e-06,1.2724310573492764e-06,1.388772457031528e-06,1.441119422073161e-06
DAC,power,UK,4.0599034072221117e-07,4.836462017803352e-07,5.242817505663244e-07,5.685188251758855e-07,5.928104224328834e-07,6.231143222906951e-07,6.591885960179412e-07,7.003535648101097e-07,7.463250543980376e-07,7.975075887844985e-07,8.560717265213705e-07,9.175043236082691e-07,9.84145612305143e-07,1.0589810730073353e-06,1.1452203482803454e-06,1.242165629667488e-06,1.34122807613071e-06,1.434127100734356e-06,1.5354540502110731e-06,1.6631494848656102e-06,1.6599913626404674e-06
battery,energy,AT,8.246235392846954e-06,8.255351706598738e-06,8.260551350509267e-06,8.268279651190337e-06,8.285274810939265e-06,9.601679681905332e-06,1.0335237805414846e-05,1.0998736235373572e-05,1.10756709295692e-05,1.1942821893091549e-05,1.641640095673206e-05,1.755676650163468e-05,1.8987464651814684e-05,1.6719871350052984e-05,1.999786768108156e-05,2.4902107224380816e-05,2.9172286437307627e-05,3.379112336215061e-05,3.887612880231354e-05,5.625332997277166e-05,7.693707897841665e-05
battery,energy,BE,7.798822130265779e-06,7.815952569983488e-06,7.822592709459594e-06,7.832310427858366e-06,7.863687386609322e-06,9.45258812317925e-06,1.016722852138963e-05,1.0762418536424966e-05,1.081904373474233e-05,1.1581802105568342e-05,1.6434790706070917e-05,1.71448739469335e-05,1.851056558178549e-05,1.6275087190538985e-05,1.8654061883200896e-05,2.2428286179315237e-05,2.5819926661202248e-05,2.917961618509946e-05,3.3249439308566236e-05,4.3238369103951696e-05,5.902461631667506e-05
battery,energy,BG,7.66292072158728e-06,7.680190101052742e-06,7.686981947236188e-06,7.698512542829494e-06,7.735724989907868e-06,9.307718433821576e-06,9.929350653480554e-06,1.0439480495181052e-05,1.0491873911285771e-05,1.1600993612457893e-05,1.5108534848547577e-05,1.6694628122394947e-05,1.889105843930882e-05,1.68069828439628e-05,1.9654872075587134e-05,2.4613937027208073e-05,2.896678782397207e-05,3.451055971958219e-05,4.3431383117081975e-05,5.3776903246859355e-05,6.670476314074521e-05
battery,energy,CH,7.971513559945974e-06,7.986664634976376e-06,7.992848224776676e-06,8.001850310664333e-06,8.023653493351976e-06,9.516876649173291e-06,1.0310794757176687e-05,1.1005609936921762e-05,1.1065546558445798e-05,1.1940591012297757e-05,1.6710947227028362e-05,1.7684707601457133e-05,1.9181113234619738e-05,1.6890690250902397e-05,1.967171557142883e-05,2.528880224177138e-05,2.9487284231819142e-05,3.4445820260649225e-05,4.04574891086911e-05,6.158837747099268e-05,8.839617607083632e-05
battery,energy,CZ,8.339928069592589e-06,8.34934968932405e-06,8.354646335947459e-06,8.362956197198536e-06,8.385746838472833e-06,9.66226107506033e-06,1.0386669362614017e-05,1.1029396562944662e-05,1.1081194965648302e-05,1.1846090030120245e-05,1.5690131255128342e-05,1.7174116937301485e-05,1.898457164014567e-05,1.6924525606533157e-05,2.0045075195487504e-05,2.5608445252456303e-05,3.0767334312423345e-05,3.527034479438287e-05,4.2437272197616986e-05,5.8284194389005245e-05,7.182829651536844e-05
battery,energy,DE,8.769311771327925e-06,8.77810987886176e-06,8.783288893443361e-06,8.790479694343828e-06,8.805417677021202e-06,1.0131278064020428e-05,1.0862666649621355e-05,1.1509470789636897e-05,1.1569150277063882e-05,1.2420752591258867e-05,1.640575950709351e-05,1.7686329094954927e-05,1.9412888875752045e-05,1.6728975009462192e-05,1.958540444294544e-05,2.4371296526171612e-05,2.8979017759155828e-05,3.365640152099782e-05,3.887218551838847e-05,5.302728502861381e-05,7.364778467326058e-05
battery,energy,DK,8.170476394665991e-06,8.17941398211335e-06,8.18466175751221e-06,8.192466877360342e-06,8.214027260552507e-06,9.52844729357076e-06,1.0180820513980074e-05,1.0687394628833505e-05,1.0734014102662925e-05,1.1409475403354236e-05,1.48316963305053e-05,1.6087349914840704e-05,1.7610490856258664e-05,1.5784158384181303e-05,1.8279196900923286e-05,2.2685284004835278e-05,2.6359900730029018e-05,3.0406287191413083e-05,3.559364538942123e-05,3.8825353027900216e-05,4.4476182788538644e-05
battery,energy,EE,7.876718473456555e-06,7.885115056060101e-06,7.890351274401921e-06,7.89998838661443e-06,7.927634007354175e-06,9.320313308157849e-06,9.955740904559383e-06,1.0471316033796321e-05,1.0512202818782352e-05,1.1105265854803571e-05,1.532436350878523e-05,1.5769758367954837e-05,1.6878077353225767e-05,1.411947030502634e-05,1.668176417080803e-05,2.0428961058873462e-05,2.319359105333007e-05,2.5937103539570614e-05,3.084354623276436e-05,3.590909833342835e-05,4.270566991770073e-05
battery,energy,EL,7.803366977458168e-06,7.819293772040252e-06,7.825858485762578e-06,7.836092458613288e-06,7.863052083014534e-06,9.25457574258255e-06,9.884807311248846e-06,1.037371847292684e-05,1.042728684630292e-05,1.125336602077083e-05,1.4552587132613326e-05,1.566837286146816e-05,1.8234072695857494e-05,1.6052601663876396e-05,1.9302803030445494e-05,2.357603137440685e-05,2.758528885809631e-05,3.252885997367099e-05,3.884284686667982e-05,4.821060969527444e-05,5.912111596447562e-05
battery,energy,ES,7.429756850706331e-06,7.445674763901373e-06,7.452276086518472e-06,7.464350565026358e-06,7.500464615891372e-06,8.842210402652431e-06,9.43105525955692e-06,9.938744984412444e-06,9.996686373739746e-06,1.0661557263170774e-05,1.3638190869018303e-05,1.4545465121724825e-05,1.5812615960978827e-05,1.3296385506974961e-05,1.4851541384965006e-05,1.7658268491771113e-05,1.9961665950115325e-05,2.3230725889092967e-05,2.6064180357045023e-05,3.0269370738353663e-05,3.596067235432572e-05
battery,energy,FI,8.139409829170129e-06,8.147905066400089e-06,8.153118741107118e-06,8.161189078516743e-06,8.18214431521717e-06,9.583375577962813e-06,1.023312256019683e-05,1.0779696574766875e-05,1.0838510542958257e-05,1.1586716580286073e-05,1.5791355149995985e-05,1.6518742859202873e-05,1.7709522988980342e-05,1.5095363473673035e-05,1.6930734412721273e-05,2.0863233515026184e-05,2.3646323646853523e-05,2.666371885265775e-05,3.113532531133946e-05,3.5603029436514435e-05,4.4125093864121643e-05
battery,energy,FR,7.6092700366658554e-06,7.623988317167633e-06,7.6306229607342e-06,7.641918825446472e-06,7.6778670282338e-06,9.231307793866622e-06,9.87195139080486e-06,1.0397549029814964e-05,1.0455521926581058e-05,1.1112592895285915e-05,1.4230345785373494e-05,1.5091152008363624e-05,1.638108973607385e-05,1.3795829768787386e-05,1.5521701467457928e-05,1.8845905314301342e-05,2.0630717059743665e-05,2.2716872101817517e-05,2.5407937454500257e-05,3.3087276359624845e-05,3.901280890595238e-05
battery,energy,HR,7.960675723775003e-06,7.972680724511557e-06,7.978445175855407e-06,7.987258440670955e-06,8.01194676187682e-06,9.458993150350138e-06,1.0009853718352012e-05,1.0546438355179462e-05,1.0601137565997944e-05,1.140877341848246e-05,1.6175229303168474e-05,1.694349851070372e-05,1.9205441504312632e-05,1.6782286189920405e-05,1.933703108491526e-05,2.422054367773915e-05,2.7679707785085075e-05,3.317599700787206e-05,3.882418962680008e-05,5.648387868673028e-05,7.946861184272174e-05
battery,energy,HU,7.882809767741935e-06,7.898213600975648e-06,7.904691322053734e-06,7.915779015004273e-06,7.94569678560168e-06,9.615747563892715e-06,1.0240824152252769e-05,1.0756745460322777e-05,1.080939698031031e-05,1.1636979235978065e-05,1.575930995872574e-05,1.739881819788001e-05,1.942680083858825e-05,1.7481635439844804e-05,2.0255352641277187e-05,2.6222298611016093e-05,3.0194709850174086e-05,3.600797685740559e-05,4.53632440255039e-05,6.709106435546329e-05,0.00010420940920279371
battery,energy,IE,7.675267534756196e-06,7.692274077451107e-06,7.698934564544801e-06,7.708659942329205e-06,7.741994660623547e-06,9.312210852168934e-06,9.971179616558021e-06,1.048726125110174e-05,1.0546688506661135e-05,1.1312358382525478e-05,1.4134713176103894e-05,1.5188578946673972e-05,1.6636218561498796e-05,1.4151576158584764e-05,1.5646577136753606e-05,1.855381098210342e-05,2.060295787141197e-05,2.30184520967118e-05,2.563612916956467e-05,3.0393576293970754e-05,3.579714009495196e-05
battery,energy,IT,8.200646491815872e-06,8.214842294815829e-06,8.220892284361032e-06,8.230215737922367e-06,8.25366224359729e-06,9.474812794014566e-06,1.0162387185307306e-05,1.0859584950548667e-05,1.093942309844465e-05,1.1854961152348934e-05,1.5411285854692648e-05,1.6915682347989363e-05,1.9095665713168184e-05,1.689134807073989e-05,1.9761155520863924e-05,2.5068718664720952e-05,2.9570291166261664e-05,3.6086567779762164e-05,4.600989993925639e-05,6.517152497005358e-05,8.796696159067222e-05
battery,energy,LT,7.946780534971632e-06,7.955336483174829e-06,7.960607299883237e-06,7.969286796713273e-06,7.997884751933327e-06,9.397764535499283e-06,1.0037832917033712e-05,1.0567232880491698e-05,1.0608355713163813e-05,1.1256802212197082e-05,1.4140028727953246e-05,1.535820909789679e-05,1.6800903424672726e-05,1.4216495833248224e-05,1.677056080075369e-05,2.052371550257768e-05,2.315984760649056e-05,2.6025560656161626e-05,3.0834119199561744e-05,3.584848571701328e-05,4.165664939632403e-05
battery,energy,LU,7.488000775059822e-06,7.504883781161492e-06,7.5118586056485415e-06,7.5261683710354e-06,7.574056177598939e-06,9.175888845678493e-06,9.824475165801552e-06,1.0320969303980496e-05,1.0369872582344445e-05,1.1005039876373037e-05,1.5192918467069008e-05,1.5737519285477593e-05,1.684656060392433e-05,1.4332860198898925e-05,1.6171211787336774e-05,1.9807109547120173e-05,2.1861918434994462e-05,2.4216867631905662e-05,2.7269380273730703e-05,3.5499348726092735e-05,4.1934970614499346e-05
battery,energy,LV,7.974181134516408e-06,7.982656305676178e-06,7.987920858437194e-06,7.996544944698522e-06,8.02396511023475e-06,9.419432984285433e-06,1.005197767763471e-05,1.0583257472263652e-05,1.0625468093260644e-05,1.1229388024641076e-05,1.4566072210546647e-05,1.5608065691554925e-05,1.699548949561654e-05,1.4359630553134859e-05,1.6952336444893524e-05,2.079459715736746e-05,2.3496170665773302e-05,2.644073071604569e-05,3.138912453972557e-05,3.67509668569447e-05,4.4190392899603174e-05
battery,energy,NL,7.916644681113525e-06,7.933975043480372e-06,7.940586486596443e-06,7.950845043435677e-06,7.979414443788019e-06,9.578481843620024e-06,1.0302494341446122e-05,1.0860685233956514e-05,1.0906710780627362e-05,1.1654987147593027e-05,1.566581557582325e-05,1.6794859076781255e-05,1.840759705041024e-05,1.6784471591945508e-05,1.9787346395064175e-05,2.461737447190709e-05,2.8537341554516378e-05,3.2624582572715524e-05,3.7732013639403074e-05,4.377785050307294e-05,5.200048448628775e-05
battery,energy,NO,7.66206861209577e-06,7.67113574790363e-06,7.676539737293695e-06,7.685153022514466e-06,7.709340464265394e-06,8.962646438916463e-06,9.537879919377562e-06,1.0012810617186543e-05,1.0074899792911121e-05,1.0756939880960197e-05,1.385841993909727e-05,1.4667833710551732e-05,1.5960657501272862e-05,1.346406138231793e-05,1.5229089472034988e-05,1.8304925857373434e-05,2.0470832871977662e-05,2.301932909589479e-05,2.6117772207982346e-05,3.193404936084633e-05,3.9631019425089576e-05
battery,energy,PL,8.286144973936955e-06,8.294806847919408e-06,8.300071709901243e-06,8.308328425004483e-06,8.32690180346653e-06,9.662575423354232e-06,1.0296333586557512e-05,1.093041424162402e-05,1.0976811793448503e-05,1.1728888601257367e-05,1.5329941142240047e-05,1.6606443130263677e-05,1.836563174503748e-05,1.588295130334664e-05,1.9351057176882198e-05,2.465820536671913e-05,2.8806935331875755e-05,3.3633351696516834e-05,3.7150147592626714e-05,4.683392781290599e-05,5.8650026893612e-05
battery,energy,PT,7.738255980628051e-06,7.755207069846414e-06,7.761971918189861e-06,7.77282623616669e-06,7.806333174198323e-06,9.208800810329418e-06,9.792472690257098e-06,1.0296277975777023e-05,1.035189381292035e-05,1.1026161397395402e-05,1.4090483106926734e-05,1.5218785947716414e-05,1.6586957231592826e-05,1.4058328299052204e-05,1.571959058122383e-05,1.8864700157707214e-05,2.128991221149632e-05,2.4787823555751015e-05,2.7870310261783342e-05,3.229189686810948e-05,3.796427649738764e-05
battery,energy,RO,7.695954948004944e-06,7.714175645679892e-06,7.721165305930158e-06,7.732716199252172e-06,7.774759182233694e-06,9.32757364063647e-06,9.877187171264928e-06,1.0320407017096162e-05,1.0370186039600596e-05,1.1181701554049044e-05,1.535311922830385e-05,1.660833977733299e-05,1.8449994052636987e-05,1.6648121049505608e-05,1.91375572863584e-05,2.4200372785588333e-05,2.805401266739137e-05,3.261384135733255e-05,3.827767811654924e-05,5.411489000884208e-05,8.255916872133055e-05
battery,energy,SE,8.131954462851435e-06,8.140589361690075e-06,8.145874876271124e-06,8.154985325046278e-06,8.180408185097786e-06,9.552448802064081e-06,1.018159665623134e-05,1.0731511245609223e-05,1.0794613115663605e-05,1.1550658475966554e-05,1.4559289670342997e-05,1.5933646422597546e-05,1.7417729401863686e-05,1.4917711624764146e-05,1.6990732341041313e-05,2.083428336373767e-05,2.3770678034268262e-05,2.704859198435743e-05,3.102222887500647e-05,3.63041810759541e-05,4.68642744954748e-05
battery,energy,SI,7.85439542146898e-06,7.869521179477717e-06,7.875824082626455e-06,7.88629263891621e-06,7.917702976701299e-06,9.46239524280009e-06,1.011555799864267e-05,1.0629134822829698e-05,1.0694405941128983e-05,1.1527619389270877e-05,1.675279249517081e-05,1.7531062774557246e-05,1.958871842452002e-05,1.7193394373564966e-05,1.971422654234779e-05,2.5365200803072526e-05,2.7459536162243464e-05,3.170599120496295e-05,3.991596964237478e-05,5.9537087016051173e-05,8.393455932944814e-05
battery,energy,SK,8.16391420662997e-06,8.173039960227382e-06,8.178333777754891e-06,8.186244656857913e-06,8.2062635190748e-06,9.637975710766859e-06,1.020481508007668e-05,1.0950811787787296e-05,1.1002684567992859e-05,1.1817025101092795e-05,1.67636612745641e-05,1.7854628130607785e-05,1.9297313526824374e-05,1.7103596014693588e-05,2.0127504288677168e-05,2.6192239561440403e-05,3.087689792408546e-05,3.60756729708772e-05,4.2302501858802416e-05,6.0910566132419154e-05,7.993620791686221e-05
battery,energy,UK,7.790248565564682e-06,7.805366549428555e-06,7.812033309820137e-06,7.824932136237126e-06,7.867072438620789e-06,9.408751621797608e-06,1.005569713455064e-05,1.061435013593288e-05,1.0685219091042929e-05,1.1420746932019583e-05,1.4472368542415677e-05,1.566948267020172e-05,1.7092006155712453e-05,1.4624899799669769e-05,1.632894557893141e-05,1.9372371165757485e-05,2.18221268858979e-05,2.4494938915279627e-05,2.7836673898006607e-05,3.7017148820056276e-05,4.3616257337759125e-05
battery,power,AT,3.9877883200908165e-06,3.992196868691452e-06,3.994711359033678e-06,3.998459272036984e-06,4.0067284133617955e-06,4.649724487940192e-06,5.007925032517184e-06,5.331807845049226e-06,5.36934890049526e-06,5.792300473769296e-06,7.973182683192619e-06,8.528376735825484e-06,9.223917686019638e-06,8.138112292286417e-06,9.726499760435644e-06,1.2098401508140727e-05,1.4154696373024004e-05,1.6368504453716178e-05,1.8778641400658347e-05,2.7012165876662027e-05,3.675701108268033e-05
battery,power,BE,3.7714242099512236e-06,3.7797083013177584e-06,3.7829193993988974e-06,3.7876320994674182e-06,3.8028988289414246e-06,4.578995118952434e-06,4.927958032199153e-06,5.218496498239871e-06,5.246127331531669e-06,5.618161575325125e-06,7.98400698697576e-06,8.329715425785912e-06,8.993653138473701e-06,7.922629504125715e-06,9.07539680435917e-06,1.0900774587287002e-05,1.2533998979877726e-05,1.4144160318534678e-05,1.6066975024231636e-05,2.0795774470318453e-05,2.8231770139267162e-05
battery,power,BG,3.705703790342283e-06,3.714055071435632e-06,3.7173395332041736e-06,3.7229314053301996e-06,3.741037441900554e-06,4.5088753890191376e-06,4.812421887206833e-06,5.061438735516121e-06,5.0870046282457785e-06,5.6279760879954004e-06,7.337912175362021e-06,8.110111542922048e-06,9.177916956292657e-06,8.180137985414959e-06,9.560121609834206e-06,1.1958539372475052e-05,1.4054632106355295e-05,1.6711639826717585e-05,2.094831870171107e-05,2.5847577658320488e-05,3.1936776740277987e-05
battery,power,CH,3.85493587720921e-06,3.8622627696837405e-06,3.865253085386256e-06,3.869618732654338e-06,3.8802272589428986e-06,4.6095899716150705e-06,4.9972646350429684e-06,5.3364345327317845e-06,5.365681208180449e-06,5.792482819445532e-06,8.118044713695751e-06,8.592126003672442e-06,9.319610970249672e-06,8.222228999786177e-06,9.569811143375576e-06,1.2286476516941332e-05,1.4308240970927715e-05,1.6684841066067417e-05,1.953491358505113e-05,2.9548343881648372e-05,4.21811666861223e-05
battery,power,CZ,4.033097063317862e-06,4.0376532545168235e-06,4.040214654299178e-06,4.044244600638465e-06,4.05533358340558e-06,4.678845134731613e-06,5.032577763110653e-06,5.346321223433361e-06,5.371596773407847e-06,5.744673186301224e-06,7.618653952182167e-06,8.341141604161523e-06,9.221303072282027e-06,8.2364082880616e-06,9.748504007667363e-06,1.2439189665457275e-05,1.4923444186628901e-05,1.708169166899004e-05,2.048525372064863e-05,2.7992942714037793e-05,3.437061585751735e-05
battery,power,DE,4.240742277048097e-06,4.2449969446377175e-06,4.247501458864416e-06,4.250988706231105e-06,4.2582569103369575e-06,4.905871518184661e-06,5.2630126652368625e-06,5.578746259419797e-06,5.6078674637075575e-06,6.023235206746796e-06,7.965937138139563e-06,8.589390400421255e-06,9.428765939106021e-06,8.14182496868659e-06,9.525938607142334e-06,1.184060242487319e-05,1.4059443775248462e-05,1.6301329784800747e-05,1.8773732409765426e-05,2.5478725443033765e-05,3.5194013325582746e-05
battery,power,DK,3.9511521056613944e-06,3.9554742241960265e-06,3.958011990394186e-06,3.961797157584023e-06,3.9722875476872596e-06,4.61431413101166e-06,4.932871632222445e-06,5.180152773618462e-06,5.202901213320385e-06,5.532356442952676e-06,7.20069864291512e-06,7.812021394033215e-06,8.552503862358331e-06,7.680746218720263e-06,8.889745210772674e-06,1.1020718986216226e-05,1.279021818828394e-05,1.4729602569044932e-05,1.718857917891364e-05,1.8712625521948322e-05,2.1369570094416195e-05
battery,power,EE,3.8090940208110277e-06,3.8131545153809675e-06,3.815686692714041e-06,3.820360302045011e-06,3.833811516878311e-06,4.514063727511791e-06,4.824346585509923e-06,5.076021518545135e-06,5.095972635245067e-06,5.385238235685568e-06,7.442060051616636e-06,7.658903306825063e-06,8.197718038665301e-06,6.872912547759537e-06,8.114500118517312e-06,9.92680620687696e-06,1.1258091567870255e-05,1.257292990187437e-05,1.4897024613515917e-05,1.7291280483577358e-05,2.048848188516828e-05
battery,power,EL,3.773622047835665e-06,3.7813240697141594e-06,3.7844986927341788e-06,3.789461755314885e-06,3.8025791927224256e-06,4.482266932048833e-06,4.790012540571089e-06,5.028671616422147e-06,5.054810841333494e-06,5.457729711504495e-06,7.066109160132326e-06,7.609336376564694e-06,8.856663984068497e-06,7.811863263714568e-06,9.38678906371401e-06,1.1453506691955734e-05,1.3384145163415431e-05,1.575353488698674e-05,1.8748966781039743e-05,2.3184259121632283e-05,2.83222948176802e-05
battery,power,ES,3.592948318703339e-06,3.6006460456411937e-06,3.6038383723182192e-06,3.6096940056424636e-06,3.627265608076683e-06,4.282639416695553e-06,4.57017566182012e-06,4.818001381603744e-06,4.8462744634961e-06,5.170564236025095e-06,6.621681380176262e-06,7.063393488597252e-06,7.679425108309042e-06,6.471461455722352e-06,7.225039762507679e-06,8.582494232960876e-06,9.69166299549795e-06,1.1258348912235478e-05,1.2594324064167377e-05,1.4581073056736873e-05,1.725708836088039e-05
battery,power,FI,3.936128657854265e-06,3.940236860711465e-06,3.9427581361918465e-06,3.9466719231635025e-06,3.956867874030139e-06,4.641297278230666e-06,4.9585723726158256e-06,5.22537922716541e-06,5.2540780926637206e-06,5.619014457763862e-06,7.668787429982948e-06,8.022920656749627e-06,8.601824280014629e-06,7.347605967419261e-06,8.236957471718506e-06,1.013888369053886e-05,1.147906393745734e-05,1.2925229905572753e-05,1.504183244680912e-05,1.7152270735803142e-05,2.1162814122697955e-05
battery,power,FR,3.6797589119217476e-06,3.686876509744352e-06,3.690084950064364e-06,3.6955629872145512e-06,3.7130538948384185e-06,4.4718298128118415e-06,4.784659673116788e-06,5.041227034690474e-06,5.069515490953511e-06,5.390000863924271e-06,6.9099140508026286e-06,7.329002910168588e-06,7.956112487901651e-06,6.714966093850349e-06,7.5512649180425855e-06,9.158993429247847e-06,1.0018437903591031e-05,1.1018127341831541e-05,1.2283755603566103e-05,1.591791662715945e-05,1.8704115104337e-05
battery,power,HR,3.849694819388433e-06,3.855500305096667e-06,3.8582879300728686e-06,3.862562006764099e-06,3.874574322043248e-06,4.581382058813749e-06,4.850370362699259e-06,5.112300961914045e-06,5.1389919902941595e-06,5.532915158012626e-06,7.856575630541198e-06,8.230612268837697e-06,9.330266992555493e-06,8.168438320288855e-06,9.406371474449255e-06,1.1768248806771723e-05,1.3433992540580115e-05,1.6068331132735475e-05,1.8745575886931964e-05,2.7115653032331288e-05,3.794788116286398e-05
battery,power,HU,3.812039703422337e-06,3.819488826971164e-06,3.822621381309645e-06,3.827998463581791e-06,3.842555212494306e-06,4.6582891242046735e-06,4.963517526940773e-06,5.2153614451145035e-06,5.241053282221752e-06,5.644705277978694e-06,7.654352946367826e-06,8.452557721748655e-06,9.438471467927744e-06,8.508514739050739e-06,9.85255592153195e-06,1.273842833647048e-05,1.4651320449992194e-05,1.743755707795907e-05,2.1880314757759862e-05,3.217927697002211e-05,4.9678161394673004e-05
battery,power,IE,3.7116745727659876e-06,3.7198987489012844e-06,3.7231196868654606e-06,3.7278361014259755e-06,3.744055395664505e-06,4.511025246408205e-06,4.83280338872379e-06,5.0847255693121466e-06,5.113723694531024e-06,5.48717802051127e-06,6.863083815498338e-06,7.376164915422154e-06,8.079942042069921e-06,6.887753546617236e-06,7.612184383187943e-06,9.018248244378208e-06,1.0004989670110916e-05,1.1162559011199016e-05,1.2392992013059342e-05,1.464075582965724e-05,1.718091726717249e-05
battery,power,IT,3.965742031281838e-06,3.97260696475762e-06,3.975532672852973e-06,3.980054170434432e-06,3.991462269673461e-06,4.587931507751657e-06,4.923677938068517e-06,5.264010880697294e-06,5.302968705488935e-06,5.749521009044192e-06,7.48323917160249e-06,8.21566395382563e-06,9.275473600628597e-06,8.220299500431845e-06,9.610900790440618e-06,1.2177867248342796e-05,1.4345585006646647e-05,1.746883957772235e-05,2.2187697199764585e-05,3.126838994492001e-05,4.2008686801707704e-05
battery,power,LT,3.842975259616516e-06,3.847112821629554e-06,3.849661730350418e-06,3.85387093498335e-06,3.867785516358801e-06,4.551554792488869e-06,4.864103771887054e-06,5.1225272155262495e-06,5.142593514061424e-06,5.458872314970687e-06,6.864453243461796e-06,7.457531927266218e-06,8.158904877779366e-06,6.9187806485229775e-06,8.15638099697129e-06,9.971568542537088e-06,1.1240978512617454e-05,1.2614383929042963e-05,1.4891710278228459e-05,1.7261619223995447e-05,1.9992396369883534e-05
battery,power,LU,3.6211144369607173e-06,3.6292788721645274e-06,3.6326518202188925e-06,3.6395914771992477e-06,3.662891701854923e-06,4.445304575297672e-06,4.762012911866524e-06,5.004373572597962e-06,5.028236417621895e-06,5.33803830633845e-06,7.379640742272865e-06,7.644783035277918e-06,8.183948932948205e-06,6.977318341063053e-06,7.868122268568498e-06,9.626599398984107e-06,1.0616051768872556e-05,1.1744495023318924e-05,1.3181957875468097e-05,1.7077226516074587e-05,2.0104495397759604e-05
battery,power,LV,3.8562258867963945e-06,3.860324385923768e-06,3.862870265468887e-06,3.867052598218911e-06,3.880394115881495e-06,4.562008401125186e-06,4.870883521399222e-06,5.130224593444519e-06,5.150821689199918e-06,5.445382723960642e-06,7.072025525168629e-06,7.579326527135865e-06,8.253829440889958e-06,6.988780550585843e-06,8.245104581377122e-06,1.0103387631105953e-05,1.1404311349335282e-05,1.281551874141061e-05,1.5159589842967998e-05,1.769444556941217e-05,2.1194599459591684e-05
battery,power,NL,3.828401893673606e-06,3.83678266542424e-06,3.8399798862627434e-06,3.8449548710827694e-06,3.858855558841442e-06,4.639917740967602e-06,4.9934571030035716e-06,5.265934667430186e-06,5.288393294419862e-06,5.653363962694684e-06,7.6086539530449044e-06,8.158335798219558e-06,8.94237630491272e-06,8.168796066822593e-06,9.62387921529734e-06,1.1959889177978072e-05,1.3847529430457148e-05,1.5806445793514615e-05,1.8224027493239026e-05,2.1082097495593453e-05,2.4951218875897386e-05
battery,power,NO,3.7052917196074806e-06,3.709676486297821e-06,3.7122897958560576e-06,3.716466890538617e-06,3.7282354986057856e-06,4.340411007615324e-06,4.621300741307179e-06,4.853135336867182e-06,4.883432372721358e-06,5.216096395955051e-06,6.728076532094184e-06,7.1221446570383025e-06,7.750657308514542e-06,6.552642785516011e-06,7.407909668743452e-06,8.89551691189979e-06,9.938488411424276e-06,1.1159875290575187e-05,1.2623253166261964e-05,1.5374489305168806e-05,1.899704607392388e-05
battery,power,PL,4.007088152529322e-06,4.011276939078792e-06,4.0138229681596825e-06,4.017827140768524e-06,4.026864177998583e-06,4.679272045401443e-06,4.988739709808795e-06,5.298262410484779e-06,5.320902561119213e-06,5.68772688867758e-06,7.4432499967092874e-06,8.064722922730799e-06,8.919961129711469e-06,7.729826179885569e-06,9.410332266267998e-06,1.1977097992043954e-05,1.3974906706039047e-05,1.6288201701679224e-05,1.79501642925264e-05,2.253532590573828e-05,2.8098104724015254e-05
battery,power,PT,3.742135089205567e-06,3.7503324486523326e-06,3.7536038545637603e-06,3.7588677594202344e-06,3.7751708486549636e-06,4.460204157665548e-06,4.7452144091288184e-06,4.991143962952861e-06,5.018282268339066e-06,5.347155264689093e-06,6.841020602754251e-06,7.390341852922931e-06,8.055485059193261e-06,6.842059418707366e-06,7.64705341047605e-06,9.168164226080276e-06,1.033599742994937e-05,1.2012396747379476e-05,1.3466448661240067e-05,1.5555927732548836e-05,1.8223082232627634e-05
battery,power,RO,3.7216787772297376e-06,3.7304901052977055e-06,3.7338702277632356e-06,3.739471943466071e-06,3.7599283188768847e-06,4.518398317980451e-06,4.7867776865247126e-06,5.003132818287072e-06,5.027422991445316e-06,5.423238458429356e-06,7.456816151913344e-06,8.067928077101373e-06,8.963257370993943e-06,8.102516731553083e-06,9.30881008906179e-06,1.1757406095716492e-05,1.3613101828853273e-05,1.5798444549797544e-05,1.8481934223081336e-05,2.5987447473213492e-05,3.9396285331666755e-05
battery,power,SE,3.932523325079812e-06,3.9366990667477934e-06,3.939255083197465e-06,3.943673282079659e-06,3.956042993559427e-06,4.626214268620129e-06,4.9334306932764024e-06,5.201868229550891e-06,5.232659419757436e-06,5.601419402803257e-06,7.068135460167855e-06,7.737249586298966e-06,8.458743834010038e-06,7.259915527862562e-06,8.26442221673629e-06,1.0123329317196135e-05,1.1537330410678745e-05,1.3108337609432778e-05,1.4987770832075591e-05,1.7484774010713498e-05,2.2456527242029288e-05
battery,power,SI,3.7982988395259954e-06,3.8056134889685867e-06,3.8086615032880673e-06,3.813738329341215e-06,3.829021299671714e-06,4.583524025572622e-06,4.902467061362187e-06,5.153166533671889e-06,5.185016230310279e-06,5.591414831694773e-06,8.138701222681447e-06,8.517606944962949e-06,9.517946370695355e-06,8.369435170175403e-06,9.590938672387222e-06,1.2323993550640635e-05,1.3332493126395983e-05,1.5367704446501166e-05,1.9265662005355058e-05,2.8564815982266083e-05,4.006376147845688e-05
battery,power,SK,3.9479787040353644e-06,3.952391817641041e-06,3.954951849303878e-06,3.958788305451401e-06,3.968528655249749e-06,4.667846425555808e-06,4.944637267708922e-06,5.308791123880049e-06,5.334102967102371e-06,5.731296332668594e-06,8.142795196049437e-06,8.673939190010383e-06,9.37530779888813e-06,8.325212696259025e-06,9.790479827858511e-06,1.2723647297404872e-05,1.4979535565423493e-05,1.7471301495404457e-05,2.0424701412355558e-05,2.9244464542460766e-05,3.8205880695216e-05
battery,power,UK,3.7672781287944536e-06,3.7745890187464876e-06,3.7778129904082055e-06,3.784068399100319e-06,3.8045721261042823e-06,4.557603115965665e-06,4.8735102370961575e-06,5.146213377220246e-06,5.180794594459166e-06,5.539547188429976e-06,7.027221192919058e-06,7.610043645807482e-06,8.301610442522185e-06,7.118141073519569e-06,7.943864365829332e-06,9.415796419247832e-06,1.059544175687329e-05,1.187628666053459e-05,1.3452385084821424e-05,1.7798595805739866e-05,2.0901951062592672e-05
biomass_boiler,power,AT,220.64331022198843,220.64331022331922,220.643310224856,220.64331022650367,207.50239743488828,189.59908333875882,184.71383400004845,185.63156868786353,186.0757665810321,187.60672969112633,189.7476675481351,190.08343210399923,190.8805426790319,190.03828197238215,190.03828201565523,188.031285716332,188.03128574046218,182.54699019135163,182.54699021271938,182.54699024168963,182.54699034058385
biomass_boiler,power,BE,76.86044340094516,76.86044340184279,76.86044340281875,76.8604434038783,76.86044340526442,76.86044340722862,73.60174485652433,51.34617903380172,50.50562076337234,44.76483347883202,25.74463847282721,25.744638495352792,14.701356644264223,10.132657246406472,10.13265725404706,7.21589140599075,2.800669217936584e-06,2.821396628932354e-06,2.8447529867610004e-06,2.888473472172326e-06,2.9870733082863534e-06
biomass_boiler,power,BG,141.64235367197398,141.64235367235602,141.64235367275708,141.64235367317983,129.52832978709105,129.52832978760708,128.62378266400984,125.67964265343899,117.56778035846837,114.24879702631368,110.89111488179583,110.89111488286777,100.67818985487001,97.56772445658108,97.56772445845067,93.47248968879188,91.11073359909886,81.36767817075483,51.45418534651313,43.15893654086048,43.15893657159272
biomass_boiler,power,CH,298.95258900170944,298.9525890027084,298.9525890038469,298.9525890051346,281.14778949655727,256.8903483956192,218.3227430425307,184.4598801666238,185.061729918094,187.13605247613918,190.03683745027638,190.49176913948122,191.57178543587244,191.96473916196135,191.96473921958264,189.24543292991598,189.24543295558777,181.81468714233833,181.8146871655107,181.81468719315552,181.81468725152712
biomass_boiler,power,CZ,265.4654639766567,265.496657549782,265.4966575504834,265.4966575512316,253.65568336141627,237.8414279821167,227.8372137246924,205.64564960694256,200.71423249890478,180.86424415330694,178.2283412631219,178.93623246642528,181.00660891920165,181.61304530307675,166.6121078187317,166.61210794437883,166.89616208269462,167.79801067766797,168.82593374216523,169.72579673124014,169.7257985930488
biomass_boiler,power,DE,1065.241497455147,1065.2414974561693,1065.2414974573142,1065.2414974585668,1029.6615797771246,1019.6773953851233,927.6318915217498,779.7312820115333,782.7449139733396,790.7942844993815,745.7635498974172,714.0628713512093,587.8465308189282,587.8465308323605,587.8465308409803,587.8465308483669,587.846530856511,396.8363576176926,280.05026099574235,251.95010126483194,251.9501012808139
biomass_boiler,power,DK,126.88313730221003,132.0835264656122,132.08352646750978,132.0835264697574,124.87957424394652,108.83235998947835,94.62001979099985,69.30638349965179,68.42920715309005,67.55203080574366,66.674854457953,64.02627095836483,59.939991386076485,54.868374942586776,44.16255614848638,32.41786632928852,27.285209196563056,21.08972411793945,21.0897241282293,18.623932528954292,18.623932553108624
biomass_boiler,power,EE,60.2897347297036,60.28973473174955,60.28973473442756,60.28973473750819,60.289734745616386,60.28973476379786,60.300733125762385,60.48615657182427,60.538747916069156,60.653773110284924,60.65377315549014,60.65377318912383,60.653773235538125,60.83162776134903,61.26395599022173,62.02879419959685,61.88311337412543,57.47308378317026,57.47308408633936,57.48691507509216,57.83373675168564
biomass_boiler,power,EL,136.86342644956966,136.8634264500117,136.86342645049027,136.86342645101948,136.8634264516197,136.8634264523098,136.8634264531038,136.86342645403255,136.86342645514125,136.86342645650157,124.60522626527948,107.42880458737073,52.95897996653828,11.070958596093966,11.070958603697752,11.070958611636838,11.070958621005307,11.070958636277922,2.4144583131439933e-06,2.61561874639693e-06,2.8940031109289756e-06
biomass_boiler,power,ES,177.05593333713097,177.05593333780772,177.05593333851607,177.05593333925097,170.2795390601274,163.50314478265983,156.7267505053873,137.30052661073145,120.4257353506787,74.7254918112712,67.9490975338571,47.56532446347687,40.93417826574914,23.259065356816997,10.158124748684843,10.158124751291906,10.15812475460552,10.158124759243895,10.158124764853273,1.3548066216703276,1.3548066382062718
biomass_boiler,power,FI,118.21869892556576,122.24981768253976,122.24981768542024,122.24981768896804,107.40822698029774,97.06549881344516,101.12702760037405,116.32174863917425,117.69534257285503,118.10614619717576,104.28883271424604,104.2888327327278,97.43779103040777,90.75357644036184,90.32645999375839,89.63711312346129,85.36162044247037,81.06391101874426,81.06391102818482,76.72427870787337,76.72427870418939
biomass_boiler,power,FR,744.2496557191507,744.2496557198623,744.2496557206417,744.2496557214932,704.8471696617576,655.3435171511644,615.9410310890062,523.6381522246037,482.2048221911651,430.83728052818805,297.1324604925864,210.66530527188064,150.89486331451172,92.64258656603563,92.6425865806019,73.68707429821882,29.955395159614625,29.955395190125532,20.97244052945989,5.875930032607448e-06,6.474029982467049e-06
biomass_boiler,power,HR,140.77581652937891,143.53942998194375,143.53942998257446,143.53942998327946,138.9990337684394,131.10997606482897,126.56957985043745,118.51762868219744,113.97723246876318,105.88993246821686,96.11130538163843,63.61413932657494,54.213764268312715,49.29107202111623,49.291072051260656,41.478384434702896,38.58752742348325,38.587527452084075,38.58752748018137,38.587527515989855,38.58752760053715
biomass_boiler,power,HU,177.24933430157017,177.2493343022142,177.2493343029373,177.24933430374318,177.24933430472973,177.24933430600242,174.0522743460393,148.73617814099137,148.73617814470117,96.23109336073529,83.67166629622126,51.328526169061995,8.598945970855022,7.18620382013282e-06,7.276415240821274e-06,7.3451242002526885e-06,7.412719244073451e-06,7.486543924049425e-06,7.558701689561259e-06,7.678766254857555e-06,7.966183827693401e-06
biomass_boiler,power,IE,4.913641018465798,4.913641019889838,4.913641021474998,4.91364102323224,4.91364102610443,4.9136410317737305,4.913641036053787,4.913641039625107,4.91364104294279,3.981665412831877,3.98166541601022,3.5322544263061344,2.470730043845004,1.5973769645068485,0.8252575887646924,0.8252575950381578,2.7694043767228138e-06,2.779196163346904e-06,2.79425871592691e-06,2.8247278161178218e-06,1.930916930663811e-06
biomass_boiler,power,IT,863.8467063499253,863.8467063508531,863.8467063519302,863.8467063531732,863.8467063549072,811.3946780761348,692.1421952949607,533.3939125283827,490.56691200906783,490.56691202859366,490.56691204039885,490.5669120525617,243.14637679993285,241.52787481723416,241.52787483312534,214.60688384883946,214.60688386625964,193.40527471877772,193.40527474352584,166.0882423884613,166.08824245521583
biomass_boiler,power,LT,69.54010631810507,69.54010631952731,69.54010632115352,69.54010632282218,69.54010632529086,69.28292932260923,69.28292932854795,69.28292934107807,65.79383812580893,64.95273063478697,64.95273064542191,62.53329102010004,62.2069224115336,46.91336384248193,46.36366106767675,40.493403856091035,32.72457253718256,29.11364630408024,20.437890895325946,11.118928874504292,11.118928902524408
biomass_boiler,power,LU,8.75065422355836,8.750654224719785,8.75065422598126,8.750654227309726,8.750654229138267,8.750654231691058,8.750654235208648,8.750654240724266,8.750654252348818,8.760467806063012,8.760467904821489,8.7604680729309,8.780144036633057,8.785032412056339,8.817094028735278,8.81709421977033,8.836534446098685,8.836534594661247,8.85186340169994,8.851863563309081,9.148661112185549
biomass_boiler,power,LV,61.000731450952735,61.00073145217356,61.00073145357426,61.000731455043336,58.83034352601159,58.83034352985449,58.830343534788,58.36156957813668,58.36156959448361,58.094360465153,58.094360589697196,58.41325486334598,58.83208519765424,56.066744201973776,56.29342577066302,46.76863310029986,45.29347163228719,39.711412572612026,35.1386450972236,29.746050002522363,29.746050235294014
biomass_boiler,power,NL,80.05091223466009,80.05091223577084,80.05091223701325,80.0509122383894,77.70995701373623,73.49042940976102,68.98725911113847,63.20176822453894,62.628713957306836,60.02856576044076,59.45551149481244,47.68928899741703,45.80769080485531,45.8076908110334,28.625957911729877,28.625957917017484,28.625957922977943,16.73338233117713,14.422635040794065,7.067843005783497,7.067848317415786
biomass_boiler,power,NO,55.323478052308865,55.32347805277109,55.32347805326249,55.323478053788,55.323478054381376,49.818308504477045,49.81830850539667,49.81830850633264,45.927341966248015,45.92734196759153,38.48890794080189,38.48890794276602,38.48890794512648,31.802422673659017,24.652880184177352,22.882246932347538,22.882246935580913,12.775465663046653,10.147551400642742,7.198404097844434,7.198404112619477
biomass_boiler,power,PL,637.2278233450921,637.22782334552,637.2278233459662,637.2278233464347,637.2278233469592,637.2278233475533,637.2278233482215,618.8372652593847,618.8372652602646,617.9659952708924,617.8001680049108,569.8505154527896,569.8505154546282,406.4056724622047,396.96751617738937,385.205212421818,385.20521242873883,377.8284741997668,39.58862379973618,39.588624302062115,39.588627111690194
biomass_boiler,power,PT,29.068610521505754,29.06861052210757,29.068610522711687,29.068610523318,28.10078473073539,27.132958938131274,20.693736907824658,18.9234806036543,13.82279808644477,12.854972294072034,11.887146501789312,7.8506469970673365,3.7118330930114483,2.5681133960726483,2.5681133980512065,2.56811340043382,2.0476762257806977,0.7039892579630802,0.4090730588224704,0.40907306775509034,0.40907307999570597
biomass_boiler,power,RO,188.90804990731382,188.90804990960834,188.90804991279197,188.90804991721393,188.3131846111045,188.82750406910688,188.8275042734461,189.2785297431048,146.34167115023374,145.62099868355776,139.58050586126782,139.58050586969102,135.829881315743,135.82988132453988,126.22142614518661,126.22142615502581,94.6972492119657,68.07928066257772,68.07928067946196,55.578504523968185,43.46693931235982
biomass_boiler,power,SE,186.83156991292873,186.8315699179318,186.83156992240876,186.8315699261811,180.47141777899637,180.4714177897727,180.47141781402016,178.0593085648374,169.88226251298235,169.88226251719996,169.88226252078184,130.4408402321562,130.44084023553597,130.4408402388994,130.04324866847713,130.04324867200478,130.0432486757091,124.85175630878632,124.8517563134151,124.5603924277466,20.146223936850294
biomass_boiler,power,SI,56.065980189722715,57.914303071498736,57.914303072056526,57.91430307269612,57.914303073442184,45.93506709786466,45.93506709893611,31.15676805836135,31.156768060062426,31.15676806236681,31.156768065802567,26.575376054822083,23.601550681869853,20.575792659808904,20.575792670808514,19.544787407943332,19.54478741880608,19.54478743267253,19.544787453199056,19.544787484970666,19.544787547578895
biomass_boiler,power,SK,59.39492133153668,59.394921333940985,59.39492133729077,59.39492134115765,59.39492136862809,59.3949217485532,59.39492207707999,59.39948698564062,59.399487667291616,59.435245428650056,59.43524556695238,59.604441347794435,59.6044415172481,59.604441758458975,59.64855530039804,59.5138538142816,59.51385394277053,59.51385405655725,59.64218789467056,61.72978745338922,61.818914856247865
biomass_boiler,power,UK,269.41413113210183,269.4141311328249,269.41413113359187,269.41413113440666,269.4141311355022,262.4268792296624,257.69470339775705,252.18319262188805,196.5688416598431,183.25783099868056,163.18868412482567,152.68669495961817,134.52421562120165,82.23712947100715,39.607031937138245,39.607031940419475,36.83569476406383,20.304184197594402,7.98213342660468,3.2468819270764633e-06,3.83345178350631e-06
biomass_plant,power,AT,28.255607243198423,28.255607243708216,28.255607244162867,28.255607244626436,28.25560724514352,28.255607245729387,28.255607246382773,28.25560724709053,28.255607247836206,28.255607248648907,28.255607249586067,28.255607250652687,28.255607251997457,28.2556072533205,28.255607254852023,28.25560725667941,27.739504255356444,27.42190240984435,26.38969640647685,26.215015395466757,15.368912287116784
biomass_plant,power,BE,60.67783312862151,60.67783312898957,60.67783312935457,60.677833129740876,60.67783313015911,60.677833130617174,60.6778331311247,60.67783313169099,60.67783313232483,60.6778331330548,60.67783313390889,60.67783313480961,60.67783313579925,60.67783313689771,60.677833138140876,60.677833139581274,60.67783314137808,60.67783314374294,60.677833146934724,53.18242953103308,53.18242954096591
biomass_plant,power,BG,1.5880092452330126,1.588009245795002,1.5880092462484119,1.5880092467253146,1.5880092473083751,1.5880092479502832,1.5880092489526505,1.5880092497742855,1.5880092506240098,1.5880092527188034,1.5880092538830954,1.588009255017934,1.588009256863457,1.5880092582996597,1.5880092597117823,1.5880092601310682,1.5880092639962704,1.5880092669630506,1.5880092715398602,1.5880092789622666,1.5880092937561845
biomass_plant,power,CH,6.41555733916916,6.415557339572064,6.415557339998585,6.415557340453086,6.415557340956392,6.415557341516753,6.41555734213439,6.415557342966396,6.415557343794746,6.415557344655241,6.415557345572139,6.415557346599633,6.4155573477878365,6.415557349131863,6.41555735079292,6.4155573526310485,6.415557354828565,6.415557357763841,6.415557361431467,6.4155573670274455,6.415557378796677
biomass_plant,power,CZ,27.071746353110584,27.071746353585265,27.07174635401817,27.071746354460743,27.071746354949536,27.071746355497915,27.07174635611563,27.071746356788186,27.071746357512676,27.071746358355455,27.07174635934325,27.071746360525623,27.071746361874602,27.0717463633643,27.07174636519669,27.071746367325858,27.071746369995523,26.28726980808661,26.287269812843274,26.287269820278393,17.394418082603814
biomass_plant,power,DE,352.2136213763666,352.2136213767673,352.21362137717006,350.7844130607884,349.7998473332452,340.03359049534436,330.8231368927052,328.9175258053832,327.3295165645143,315.1177254958406,309.0832903781093,307.4635209525139,301.3655654655674,297.28438171535566,281.64249068560986,275.79861667784604,270.145303778957,253.55060720546493,224.17243623766723,166.32125956606492,144.8513746289652
biomass_plant,power,DK,147.97070114535367,147.9707011457185,147.97070114611324,147.97070114654827,147.1766965262354,144.905843311114,144.90584331177678,143.1907933314499,142.9525919460065,142.95259194686435,142.9525919478257,141.63454427830922,141.63454427948386,137.50572025235078,135.33014759258631,135.33014759434042,135.33014759648157,128.18410601170075,108.01638864594558,108.01638865227481,108.01638866490296
biomass_plant,power,EE,15.133728078224909,15.133728078680148,15.133728079098955,15.133728079537796,15.133728080019797,15.133728080553315,15.133728081153285,15.133728081810295,15.133728082519736,15.133728083317566,15.13372808418178,15.133728085174281,15.133728086347,15.133728087740895,15.133728089361734,15.13372809135836,15.133728093827818,15.133728096995643,13.863320707993392,13.863320714648456,13.863320728203947
biomass_plant,power,EL,8.257648060209325,8.257648060592304,8.25764806096051,8.257648061351086,8.257648061778074,8.257648062248611,8.257648062770484,8.257648063349244,8.257648063994493,8.257648064718245,8.257648065554573,8.25764806652678,8.257648067641492,8.25764806892752,8.257648070430209,8.257648072159732,4.525826356797178,4.525826359465305,4.525826363381143,4.525826368577095,4.5258263801018375
biomass_plant,power,ES,96.5858981042962,96.5858981047095,96.58589810508018,96.5858981054692,96.58589810589214,96.58589810635462,96.58589810686291,96.58589810741914,96.58589810803532,96.58589810873363,96.58589810953109,96.58589811043517,96.58589811148795,96.21271594106874,96.21271594257101,96.21271594444337,93.640140975289,84.90609014929156,84.90609015391256,79.82446058758782,78.55405320878904
biomass_plant,power,FI,265.4198646641733,243.66413805328455,243.6641380537517,243.66413805422732,243.66413805474133,243.6641380553096,243.66413805594243,243.66413805662452,242.71133251177892,242.7113325126434,242.711332513618,238.74130941069356,238.74130941191308,223.02001792050305,215.20701245334098,215.04821153051574,211.71339212485927,173.6011703277415,165.13708107206674,142.44442901329492,142.4444290238891
biomass_plant,power,FR,128.97652260452253,128.97652260490705,128.97652260532348,128.97652260578272,128.97652260630016,126.5945087441905,126.59450874483497,126.59450874554167,122.62448564219258,122.62448564311761,122.62448564418237,122.62448564534996,122.62448564668698,122.6244856482344,120.56007363582013,120.56007363799479,119.56280383682504,116.48682993896887,112.63431952337766,109.16451933732601,108.53884371094487
biomass_plant,power,HR,3.017217563839953,3.01721756429281,3.017217564727168,3.017217565183801,3.0172175656932136,3.017217566259842,3.0172175669054377,3.0172175676811754,3.0172175685738676,3.0172175696262102,3.0172175707036413,3.0172175719793124,3.0172175742579537,3.017217576736043,3.0172175789157953,3.0172175817002165,3.01721758509133,3.017217589161757,3.01721759440211,2.6996157544386787,2.699615771175025
biomass_plant,power,HU,39.779631507699904,39.77963150809147,39.779631508480136,39.779631508898774,39.77963150935644,39.779631509863115,39.779631510433006,39.77963151107812,39.77963151179596,39.779631512689924,39.779631513783464,39.779631514976515,39.77963151636273,39.779631517972064,39.779631519825635,39.77963152200295,39.77963152468755,39.77963152816032,33.42759456614862,20.739400732349104,20.421798898911078
biomass_plant,power,IE,4.384493518722351,4.384493519170609,4.384493519619842,4.384493520096302,4.384493520628294,4.384493521212926,4.384493521851497,4.384493522548685,4.3844935233113045,4.384493524146586,4.384493525104366,2.828244469618402,2.0342398502357466,2.0342398519206344,2.034239853524073,2.0342398553175824,1.3577479208760268,1.3577479235571277,1.3577479270225101,1.071906268779927,0.47640281487539143
biomass_plant,power,IT,131.6459661390196,131.64596613941617,76.38324452959334,76.38324453001479,76.38324453047386,76.38324453098258,76.38324453155361,76.38324453219933,76.38324453292897,76.38324453374995,76.38324453466967,76.3832445357321,76.38324453700021,76.38324453851402,73.52482790528136,73.52482790744776,69.23720295750745,54.34167627387299,42.19340557968192,42.193405586970975,32.824151076068254
biomass_plant,power,LT,3.3983397813941965,3.398339781837989,3.3983397823180037,3.3983397828462967,3.398339783440494,3.3983397841039698,3.398339784831121,3.398339785637014,3.3983397879912234,3.398339789026244,3.3983397901642673,3.3983397915305735,3.3983397931003623,3.3983397948372636,3.398339797435073,3.398339799888509,3.3983398034778305,3.3983398075155185,3.398339813248772,3.3983398211773204,3.398339836865103
biomass_plant,power,LU,5.557451648499183e-07,5.928937231524256e-07,6.26211478875084e-07,6.507862072660951e-07,7.091880042937009e-07,7.805641259365134e-07,8.380210685031573e-07,9.025262737655076e-07,9.74622282589139e-07,1.034778270275753e-06,1.0768319478543784e-06,1.1324897611025683e-06,1.1796684382447933e-06,1.2533939804816976e-06,1.3391178929736334e-06,1.413231729970426e-06,1.532886366755622e-06,1.6240605681729577e-06,1.771530671864369e-06,1.8774806976078736e-06,2.106905227704079e-06
biomass_plant,power,LV,4.986349022578888,4.986349023036473,4.986349023513854,4.986349024030256,4.9863490246132365,4.986349025263494,4.9863490259851595,4.986349026782146,4.98634902765878,4.986349028640017,4.9863490297704365,4.986349031721046,4.98634903312405,4.986349034840407,4.986349037025031,4.986349039666101,4.986349042623446,4.9863490464859215,4.986349051703512,4.986349059303355,4.986349074516234
biomass_plant,power,NL,111.78092333352717,111.78092333416117,111.7809233345665,111.7809233349788,111.78092333542163,111.78092333590763,111.78092333644213,111.78092333703154,111.78092333769254,111.78092333844714,111.78092333929655,111.78092334026775,111.78092334135603,111.7809233425811,107.81090023965554,107.57269885502839,107.57269885695062,107.57269885942917,107.572698862935,107.5726988687336,97.91664988871251
biomass_plant,power,NO,0.336816762572445,0.33681676301161084,0.33681676344437705,0.3368167639149465,0.3368167644414087,0.336816765028646,0.33681676565990737,0.3368167663605394,0.33681676716535935,0.3368167680834005,0.3368167690531386,0.33681677048812214,0.33681677201164084,0.3368167737831642,0.33681677561895546,0.3368167767812988,0.3368167785112475,0.33681678187840347,0.3145846576028459,0.23359619820481514,1.3592646369345227e-06
biomass_plant,power,PL,92.51598921845209,92.51598921886641,92.515989219229,92.51598921961029,92.51598922002412,92.51598922047717,92.51598922097708,92.51598922152415,92.51598922212453,92.51598922279976,92.51598922357067,92.51598922443516,92.51598922544433,92.51598922663261,92.48422904323117,92.46834895265312,92.46834895489569,92.46834895807133,71.60825956404636,71.60825957194854,71.16361700049353
biomass_plant,power,PT,18.277986376657037,18.277986377043987,18.277986377440133,18.277986377843778,18.27798637828417,18.27798637877335,18.27798637931349,18.277986379895378,18.2779863805304,18.277986381261936,18.277986382151624,18.277986383085267,18.277986384171395,18.277986385459712,18.277986386999032,18.277986388911916,18.277986391545717,18.277986394997026,17.944504459086968,17.94450446627388,17.94450448139327
biomass_plant,power,RO,2.382013866056717,2.382013866528353,2.3820138670512323,2.3820138676003904,2.3820138682989787,2.3820138689303465,2.382013869578742,2.3820138703103195,2.382013871167592,2.382013872054608,2.3820138730540164,2.3820138743768298,2.3820138772003387,2.3820138791710472,2.3820138816112775,2.3820138841497895,2.382013886975411,2.382013890686404,2.38201389510892,2.3820139014790214,2.3820139176349584
biomass_plant,power,SE,131.0901629050188,131.09016290542945,131.09016290587456,131.09016290636816,131.09016290692784,131.09016290754982,131.09016290821734,131.09016290892413,131.09016290969748,121.32390607408797,121.32390607504418,121.32390607608073,109.09623491597321,109.09623491728942,105.4438136627981,105.44381366453487,105.44381366654207,101.18794890113843,95.62991655837942,95.62991656317958,74.42999319619348
biomass_plant,power,SI,1.2704073994326612,1.2704074005535337,1.2704074010743243,1.270407401593672,1.2704074021831555,1.2704074028520504,1.2704074035588182,1.2704074043241533,1.27040740513649,1.2704074060866746,1.2704074070109022,1.2704074121018287,1.2704074133639065,1.27040741530928,1.270407417200214,1.270407419260668,1.2704074217906414,1.2704074250961828,1.270407429624858,1.2704074369137943,1.2704074498796811
biomass_plant,power,SK,0.4764027766216773,0.47640277704080564,0.4764027774983653,0.4764027779920255,0.47640277856044533,0.4764027791952975,0.47640277988590035,0.4764027806670605,0.47640278167241445,0.47640278260848645,0.476402783611869,0.47640278493881244,0.476402786068706,0.47640278750114834,0.4764027891894932,0.47640279165351357,0.4764027944225971,0.4764027980098316,0.47640280297577436,0.4764028101131885,0.47640281646263505
biomass_plant,power,UK,890.825544326678,890.8255443269793,890.8255443273066,890.8255443276627,890.8255443280513,890.8255443284768,890.8255443289447,886.1774412830617,883.139579600436,883.1173474730786,882.3836872050026,872.9350322170267,869.112693971576,850.215383995088,832.2184752647393,814.4565919000062,793.2916047276964,772.3727589897231,760.5039779185793,742.1211829430513,728.9629383816803
biomass_plant_CCS,power,AT,8.486149438158685e-07,9.118771875961318e-07,9.497063647275822e-07,9.685020708788825e-07,1.0184086305117079e-06,1.1110077013319021e-06,1.493107304331585e-06,1.7587471282489405e-06,2.0369090124063704e-06,2.616596500616992e-06,3.624701869251231e-06,4.606998432947313e-06,5.623991562624412e-06,6.9375268040501455e-06,8.780800405872036e-06,1.4019548550219756e-05,1.646552035454061e-05,1.711795012398625e-05,1.7313057870435994e-05,1.74893701515965e-05,1.760223752095911e-05
biomass_plant_CCS,power,BE,8.863753972996302e-07,9.480113546241363e-07,9.806786153400763e-07,9.977411294292458e-07,1.0332556374705819e-06,1.1075863148075893e-06,1.2506222255482548e-06,1.4113700204614272e-06,1.5820407002265615e-06,1.8711395393455227e-06,4.811543146768259e-06,1.1311141550010307e-05,23.32704266522336,68.64134696970618,70.92023160238983,159.28127591617755,173.82152439438534,173.8215247870101,173.82152494260214,173.82152503038853,173.8215250867838
biomass_plant_CCS,power,BG,6.337077026884874e-07,7.107560587245723e-07,7.844229060265235e-07,8.29584104674866e-07,9.72671397330397e-07,1.0735183102424658e-06,1.2024306072322542e-06,1.3407342925154272e-06,1.5246438204360868e-06,1.989610094409912e-06,2.384036489877971e-06,2.700848502932927e-06,2.9508961242001737e-06,3.978755921103567e-06,4.906174189280642e-06,8.124709524849548e-06,3.438924433668808,32.10463809824214,87.98558245111334,87.98563474385776,87.98564512731748
biomass_plant_CCS,power,CH,8.331542533411128e-07,9.024403058509306e-07,9.458778537485046e-07,9.677599710918313e-07,1.0249222777053207e-06,1.1163046016107947e-06,1.248920995636451e-06,1.7453011645167304e-06,2.0944110266941196e-06,2.6238667684360984e-06,3.238914285400216e-06,3.8632613221817665e-06,4.204744109538564e-06,5.9367288178610785e-06,1.4891303175730943e-05,44.59570459554153,44.595705022383534,44.595705509809484,44.595705611903824,44.59570569787758,44.59570576419558
biomass_plant_CCS,power,CZ,8.02371514438386e-07,8.685124088803833e-07,9.079147402314738e-07,9.292565575257136e-07,9.774582817286126e-07,1.0505075919339905e-06,1.1543073194454092e-06,1.27516976170313e-06,1.430563969110348e-06,1.6616264643418978e-06,2.6834517938898155e-06,3.12721140447463e-06,3.4368110034873917e-06,4.062819429427805e-06,5.447222652817176e-06,6.602612804960129e-06,1.0076340968734468e-05,1.2519507438516507e-05,1.4607515387027697e-05,1.7730291599273947e-05,1.7829466512823622e-05
biomass_plant_CCS,power,DE,9.38233742962539e-07,1.0062322002997536e-06,1.0430128586964958e-06,1.0609805341436839e-06,1.1023666436399332e-06,1.1823342726304643e-06,1.3462772312902157e-06,1.9607235514768424e-06,2.298318197958264e-06,2.824525341979281e-06,4.430858796816779e-06,7.727542520396782e-06,1.3365438736487626e-05,319.9079541864711,461.6119927561451,495.2282129076146,965.0415784661,1188.085234134861,1209.3618217494866,1380.9184842441784,1380.9184843550477
biomass_plant_CCS,power,DK,7.901333554578589e-07,8.442564685972852e-07,8.800673810971407e-07,9.037291276581512e-07,9.524737550591846e-07,1.057135600591135e-06,1.194535836249863e-06,1.8036902894333565e-06,2.335129771138464e-06,3.030796389434912e-06,4.294456197936574e-06,5.745693002162885e-06,7.2261131216709735e-06,1.2237732576416318e-05,8.551920228989411e-05,116.67729183794681,127.55121627052489,150.00554903496376,171.70523700518066,177.38031892014746,177.38031898750208
biomass_plant_CCS,power,EE,7.721823996136799e-07,7.961265654456794e-07,8.229179147516433e-07,8.458736086747612e-07,8.860419941082755e-07,9.492342085819777e-07,1.1172208599926881e-06,1.2177248206008966e-06,1.3026459276148655e-06,1.4569854965050814e-06,1.5509039213456415e-06,1.6650755813830535e-06,1.851165359607941e-06,2.426729679744062e-06,3.086863924582291e-06,3.991728179677562e-06,4.539088749089979e-06,5.1302636074982125e-06,7.854336118031299e-06,8.95840721440638e-06,9.044830617568878e-06
biomass_plant_CCS,power,EL,6.665038905736801e-07,7.294379585396394e-07,7.822930448667683e-07,8.183560751444486e-07,9.507457098717579e-07,1.0785977887260508e-06,1.2521352806957265e-06,1.4392599660670051e-06,1.6798263078988784e-06,2.048352748870897e-06,2.61424474731089e-06,3.238927309317168e-06,4.925381480715787e-06,6.396369910033622e-06,1.290693884238296e-05,55.0229046987771,71.0628412193306,74.9635600470142,85.1666302424369,85.16663029231893,85.16663040983131
biomass_plant_CCS,power,ES,6.529756634333535e-07,7.082490666045071e-07,7.426746859623396e-07,7.6280364250387e-07,8.005482411506294e-07,8.586054101195853e-07,9.322588156590005e-07,1.0099676785561732e-06,1.0966418282870727e-06,1.2008867355462232e-06,1.3216282572584457e-06,1.4528608917743192e-06,1.6149080582528203e-06,1.83372749586352e-06,2.120498825251404e-06,2.4493030896043623e-06,2.808035254018249e-06,3.135654245124763e-06,3.362358665933334e-06,3.5479331624810056e-06,3.65717152735494e-06
biomass_plant_CCS,power,FI,6.735612367678318e-07,7.378851689240939e-07,7.861742414149625e-07,8.28454755555657e-07,9.553095407084476e-07,1.0756370789983172e-06,1.1378598440104098e-06,1.1687388943231399e-06,1.2379200058004826e-06,1.4933883968172555e-06,1.9632450033682556e-06,2.270521752798427e-06,2.7824617756403404e-06,3.454248294855812e-06,5.124669105495096e-06,8.575222842866801e-06,11.842736453679395,137.94343699883072,174.73521604882927,212.67062339969462,212.67062349542888
biomass_plant_CCS,power,FR,6.906407757904884e-07,7.569927027385044e-07,8.286297469412753e-07,8.625270911797078e-07,9.237128224398689e-07,1.0094449408039175e-06,1.1013540240266723e-06,1.1896062447467193e-06,1.3091962343344124e-06,1.8193267393640755e-06,2.162123129848713e-06,2.5514690054392376e-06,3.0531398522719033e-06,3.885030045586225e-06,5.974302520020061e-06,2.797515306296057e-05,322.7950848234445,322.7950854275955,322.79508635320633,322.79508665043164,322.7950867222529
biomass_plant_CCS,power,HR,7.809604996979042e-07,8.429297719986365e-07,8.869436145634233e-07,9.204288374278083e-07,1.0001747051191587e-06,1.1071285960350904e-06,1.2585437593292764e-06,1.4284232730925964e-06,1.620218496949328e-06,1.932262657195815e-06,2.35570952212254e-06,7.319658057714074e-06,7.415908583303412,7.415918202035002,7.415923402708817,7.415933357249295,7.415944765197596,7.415955834288424,7.415955988403612,7.415956084994887,7.41595617190087
biomass_plant_CCS,power,HU,6.831070845755509e-07,7.523446630548969e-07,8.031811832657268e-07,8.378018257365022e-07,9.047675069221627e-07,9.878063425164284e-07,1.088005091803449e-06,1.1932122409119053e-06,1.3195036630403443e-06,1.497627989832949e-06,1.687927511024324e-06,2.4362673400978056e-06,2.8621851540732857e-06,3.419953634396575e-06,3.7956504465963493e-06,4.253505487105234e-06,4.9693892687509504e-06,5.992197289537423e-06,6.433050908327351e-06,6.61586434070009e-06,6.730953589182752e-06
biomass_plant_CCS,power,IE,7.430297129360357e-07,8.103928768085816e-07,8.627405848331558e-07,8.909090750300886e-07,1.0104814431828916e-06,1.110137705569123e-06,1.2700644508847197e-06,1.400122984045812e-06,1.6647125867582555e-06,1.9081166708608414e-06,2.2726629407834764e-06,2.6690054035743286e-06,3.3884819049501705e-06,4.636724658758358e-06,8.148645308041726e-06,2.5672580266258153e-05,20.68258412134141,20.682589014524403,21.83584240425297,21.835842479051955,21.835842530087323
biomass_plant_CCS,power,IT,8.582156080742479e-07,9.334754872552292e-07,9.768656792302755e-07,9.960723593108572e-07,1.0628153412198703e-06,1.1901832765331682e-06,1.3859191026278956e-06,1.7898428197426677e-06,2.322502558331692e-06,3.0429837067397942e-06,4.501090968232513e-06,6.655880271060198e-06,0.756656142080077,0.7566718861505263,119.79162666378515,119.79163897536029,119.79165949328622,119.79168326667862,119.7916834252529,119.79168349854632,119.79168356508978
biomass_plant_CCS,power,LT,9.008819041976771e-07,9.101220427251051e-07,9.229754922273096e-07,9.388511417236343e-07,9.767855762251656e-07,1.0564963098432563e-06,1.1740266236008812e-06,1.2931339434987437e-06,1.4474583149048373e-06,1.6327420705325834e-06,1.8439367864077384e-06,2.1683754910761876e-06,2.520516262447525e-06,2.9940054988120127e-06,3.637350741449803e-06,4.3592591377962985e-06,4.69231694753651e-06,5.563929389228004e-06,8.11264901828317e-06,8.418075742482166e-06,8.488612827736039e-06
biomass_plant_CCS,power,LU,7.131141996132102e-07,7.7196663935668e-07,8.456545137440476e-07,8.747407652228398e-07,9.50250733545159e-07,1.0782866775826367e-06,1.2107434293128626e-06,1.3399971078188455e-06,1.4883861923796295e-06,1.636129082415184e-06,1.7666286504855425e-06,1.9845322131898723e-06,2.1443575960202e-06,2.436615035751455e-06,3.0073616591737164e-06,4.195993404074176e-06,6.838309356646051e-06,7.046456409602687e-06,7.873650263533179e-06,8.0660059336288e-06,8.173926621627532e-06
biomass_plant_CCS,power,LV,6.825545199580692e-07,7.449098614887705e-07,7.892680229578628e-07,8.215860856409603e-07,9.296741257654733e-07,1.0615333373647953e-06,1.1702989133691698e-06,1.2950874959903593e-06,1.4284779503830918e-06,1.6148656759934793e-06,1.8190516249538863e-06,2.074388817123031e-06,2.316694684241329e-06,2.7443322421088513e-06,3.714065120654877e-06,4.638110079304811e-06,5.007774497080641e-06,5.915598592376418e-06,9.240155782520652e-06,9.821817268401078e-06,9.905918637361671e-06
biomass_plant_CCS,power,NL,9.286505242493675e-07,9.717814658218233e-07,9.974391589714777e-07,1.011602286664969e-06,1.0406176258397837e-06,1.109421095116629e-06,1.2750460092348073e-06,1.4626398167258782e-06,1.7100425393941532e-06,2.0398998059831064e-06,2.5410080031673024e-06,8.020784013140367e-06,1.0814442487592283e-05,10.766299470739554,57.13316663322451,64.16001181168144,64.1600176824263,89.32832141220086,109.6601637309529,109.66022965831205,109.66032912294189
biomass_plant_CCS,power,NO,6.518175221066244e-07,7.112403546862284e-07,7.552189201443181e-07,7.943800366158668e-07,8.516415107083266e-07,9.321037716371853e-07,1.0060867125166199e-06,1.1057629464598753e-06,1.2227727929032378e-06,1.3758182670474714e-06,1.967718977953585e-06,2.2353782905981853e-06,2.7664283258745035e-06,4.7521007701194145e-06,1.1122169551689754e-05,34.58652880159677,34.58652966069534,60.188578884799604,66.58817072038667,76.92665323314131,76.92665330167698
biomass_plant_CCS,power,PL,6.995192473030777e-07,7.701690637561123e-07,8.210044759641215e-07,8.593844057133817e-07,9.252014344090553e-07,1.0048235903681236e-06,1.108455828452327e-06,1.2191440311919682e-06,1.3455605563360867e-06,1.5070284758460963e-06,1.677643439482856e-06,1.862245795509489e-06,2.075960134099314e-06,2.3991558811599374e-06,2.7093950199843866e-06,3.008810957961454e-06,3.2279721640012948e-06,3.581397248056399e-06,1.6968085213453963e-05,2.2031920194630864e-05,2.2136388229825434e-05
biomass_plant_CCS,power,PT,6.192697112472147e-07,6.744231923867421e-07,7.079680698625351e-07,7.27608298717296e-07,7.619171111445895e-07,8.123453139442582e-07,8.765237725803677e-07,9.446178141418936e-07,1.0204421214179119e-06,1.107852324266715e-06,1.2126295081654632e-06,1.3219920164089338e-06,1.4492611017708746e-06,1.6120763386500052e-06,1.8210493777488852e-06,2.067247190217811e-06,2.2898130963736226e-06,2.51959671759236e-06,2.706580254947886e-06,2.9050623889865214e-06,3.02324811788694e-06
biomass_plant_CCS,power,RO,6.6445154939718e-07,7.525239846523458e-07,8.527813467864205e-07,8.846207302426381e-07,1.0600093203693101e-06,1.1852011037579636e-06,1.3100810527745719e-06,1.443226670418718e-06,1.6483833433622548e-06,1.8866993227250335e-06,2.2406124154533642e-06,2.5229518058302573e-06,2.828493101371886e-06,3.1754548748091027e-06,3.583029967058465e-06,4.455374411696454e-06,7.298257563037802e-06,9.269754398368882e-06,9.383296664947221e-06,9.429307317214603e-06,9.501141675331635e-06
biomass_plant_CCS,power,SE,7.499633988822624e-07,7.922285340711525e-07,8.354358290750907e-07,8.724883243325225e-07,9.777983850744412e-07,1.1162773403484399e-06,1.2439389544923128e-06,1.4258581061515298e-06,1.5922727701190842e-06,1.834122132227548e-06,2.1710670216975566e-06,2.588477668938335e-06,3.237221758091554e-06,4.4093226564281424e-06,7.780324228038986e-06,5.197298185778444e-05,122.53585286041466,177.22248893350246,184.49525066210987,451.0100321325698,451.0100328718038
biomass_plant_CCS,power,SI,7.1533228004277e-07,7.803959385397849e-07,8.251893839319764e-07,8.561958835386278e-07,9.24466793823515e-07,1.0121398260728745e-06,1.132731438133656e-06,1.2730539287482133e-06,1.4364609584671452e-06,1.6921222014223874e-06,2.075705874918416e-06,3.3569896860513224e-06,5.318458473820555e-06,5.454166577533219e-06,5.537362051090796e-06,5.6085807023505535e-06,5.670439050394102e-06,5.766338265816814e-06,5.9492079330634305e-06,6.168694651594733e-06,6.248654794047907e-06
biomass_plant_CCS,power,SK,9.19012168426442e-07,9.302302564180181e-07,9.460017915163393e-07,9.61964080914483e-07,1.017493350288387e-06,1.117822930287024e-06,1.2209102020398124e-06,1.5112100389094163e-06,1.770101499551926e-06,2.1398017907404167e-06,2.4738596480349764e-06,2.9036293437721386e-06,3.10266768822685e-06,3.4125385749007436e-06,3.833181790453947e-06,4.856566292666165e-06,5.2128749112762274e-06,5.763303323533847e-06,7.283752125038202e-06,8.153096501448684e-06,8.257502974916122e-06
biomass_plant_CCS,power,UK,7.49740483998052e-07,8.108556121337332e-07,8.59722022487463e-07,8.885612037945654e-07,9.56130085232626e-07,1.0571798465464904e-06,1.1693474730316557e-06,1.282607916395368e-06,1.4202359123279602e-06,1.5879464266032687e-06,1.7887648908267864e-06,2.0716117611514148e-06,2.403050243022516e-06,2.8716507808843114e-06,3.7479768687516616e-06,5.689491850870351e-06,9.415725573889254e-06,59.099651086514925,101.3884584202259,141.48140121651016,141.48140131034347
carbon_pipeline,power,AT-CH,9.22975107554398e-07,1.00593898497542e-06,1.0634943119734593e-06,1.117230431793854e-06,1.1620071617117856e-06,1.213283752986519e-06,1.268333275913197e-06,1.315302791236755e-06,1.3585224765640966e-06,1.4014730663835608e-06,1.4500993011293144e-06,1.5110909890614046e-06,1.5899049002242884e-06,1.7707034949600109e-06,2.318929866402993e-06,3.022508645663637e-06,3.1351641301880813e-06,3.1876896749180554e-06,3.2319168901744015e-06,3.318341997458859e-06,3.5662542866930835e-06
carbon_pipeline,power,AT-CZ,8.288063076662357e-07,8.994452901336185e-07,9.453700152650534e-07,9.795575624711326e-07,1.0029113086963338e-06,1.0302038947557978e-06,1.0600671368267944e-06,1.0892200026864234e-06,1.122367506699121e-06,1.1624770728097857e-06,1.2109862571199783e-06,1.2559124700593732e-06,1.309982887385116e-06,1.3733341242160222e-06,1.458055312887737e-06,1.6218446539375714e-06,1.7764699099027045e-06,1.8818530169259006e-06,2.0683260459187484e-06,2.5145538340829593e-06,2.688524355190364e-06
carbon_pipeline,power,AT-DE,1.0439280630903281e-06,1.1387965602283662e-06,1.1950054333308425e-06,1.235596417724002e-06,1.256050301514273e-06,1.2910945037007062e-06,1.335720054992299e-06,1.367508807432512e-06,1.393425514540034e-06,1.4301534087448736e-06,1.4871777474079956e-06,1.5245403853605023e-06,1.5807788871724431e-06,1.6731962659285739e-06,1.8403034580478131e-06,2.573639845516701e-06,3.302284583709575e-06,3.3498022821297118e-06,3.3860457958266496e-06,4.348467640663153e-06,4.724405015507688e-06
carbon_pipeline,power,AT-HU,8.482046326648e-07,9.25697353855297e-07,9.7649292594263e-07,1.0222481378044562e-06,1.0686015386603696e-06,1.1137381714575527e-06,1.1604923228513643e-06,1.208528530282895e-06,1.2630345133594015e-06,1.3213611623837914e-06,1.3902314516076107e-06,1.4611930667188778e-06,1.5381037885292903e-06,1.6051494595670562e-06,1.6762829714540553e-06,1.7655855603040723e-06,1.9248999773358606e-06,2.16869694734174e-06,2.338571269343958e-06,2.4279618907256077e-06,2.7539281256921727e-06
carbon_pipeline,power,AT-IT,9.120585109350512e-07,9.956420418190559e-07,1.0500132457151738e-06,1.1124233996778803e-06,1.4828517843468854e-06,1.696279049372267e-06,1.8936912930999772e-06,2.3620126863245086e-06,2.7954083437299673e-06,3.1661542824104525e-06,3.6821256986784888e-06,3.9065375725776664e-06,3.964206187760236e-06,3.980294809770251e-06,3.988392830715163e-06,3.995828782079974e-06,4.004675180471615e-06,4.017556943226252e-06,4.0322961426022075e-06,4.0508324578453335e-06,4.101811147941554e-06
carbon_pipeline,power,AT-SI,7.714146640035585e-07,8.352501700563676e-07,8.828517965345759e-07,9.313116815781008e-07,1.0097648649401448e-06,1.0756975217337435e-06,1.1454782026660065e-06,1.2681639571646914e-06,1.4132532085091157e-06,1.5434177157019937e-06,1.7260291100962613e-06,1.9454947159951543e-06,1.977097760622921e-06,1.988117096845479e-06,1.9962748763098592e-06,2.0042190621189113e-06,2.013865223157359e-06,2.0275069905660914e-06,2.0497273897806296e-06,2.085443084975879e-06,2.351603961036196e-06
carbon_pipeline,power,AT-SK,8.518998447089674e-07,9.279903565977345e-07,9.795914353194545e-07,1.023813062523037e-06,1.0630748587750664e-06,1.1036157121549602e-06,1.1458755079023661e-06,1.1871994375506483e-06,1.2348453827118517e-06,1.2876782471025689e-06,1.3486663188526226e-06,1.412815275352442e-06,1.4842087165592365e-06,1.5555023630192973e-06,1.6350054640794573e-06,1.732710701088121e-06,1.8667741848313313e-06,2.0373005500483085e-06,2.2456234507445863e-06,2.425108571729648e-06,2.672043694756972e-06
carbon_pipeline,power,BE-DE,8.54540723407056e-07,9.331771854504933e-07,9.866697167236917e-07,1.0352060337539307e-06,1.0876688563709372e-06,1.1366996255453203e-06,1.1746770766916164e-06,1.216350261731417e-06,1.264288767221577e-06,1.3354663737374255e-06,1.4360518774640003e-06,1.4722008704038313e-06,1.5163012798767967e-06,1.5550021721106117e-06,1.5932023809510935e-06,1.6464532008541305e-06,1.7152149177883945e-06,1.8030342925292931e-06,1.891128849396873e-06,2.0726295407994063e-06,2.259993970647097e-06
carbon_pipeline,power,BE-FR,8.724383896340649e-07,9.581014397353246e-07,1.0111470859040691e-06,1.0624049324426824e-06,1.1186844125708337e-06,1.168603369800341e-06,1.2123280651448656e-06,1.2727249777798262e-06,1.3683302000942883e-06,1.4907048167193839e-06,1.6960204801708102e-06,1.7845971424704796e-06,2.0521692992095366e-06,2.536671993273643e-06,2.5935920265370732e-06,2.6270402933630578e-06,2.6530432646836827e-06,2.7011264161786447e-06,2.7754434226631407e-06,3.0565486548439095e-06,4.150663224147967e-06
carbon_pipeline,power,BE-LU,7.3419157978928e-07,7.964835409005454e-07,8.358476477000325e-07,8.712895768741672e-07,9.060256395625076e-07,9.391384445375003e-07,9.702189845669449e-07,1.0053876908560712e-06,1.0473155169766134e-06,1.1033899301788806e-06,1.1856142866556032e-06,1.2178484336278774e-06,1.2644115485607666e-06,1.3151319575497766e-06,1.3471266835694246e-06,1.3876838218932675e-06,1.4391899697865798e-06,1.5048082350688743e-06,1.5689022137082083e-06,1.6874435181375542e-06,1.8660971472448939e-06
carbon_pipeline,power,BE-NL,8.489409331664058e-07,9.184567602882992e-07,9.668217091690984e-07,1.0134287998717622e-06,1.066363836243253e-06,1.1485895969362885e-06,1.4887027978219092e-06,1.938042309010667e-06,3.727409563907699e-06,3.747647908274717e-06,3.759255169310844e-06,3.762702937439601e-06,3.76608500208385e-06,3.7699639209391278e-06,3.774289023907376e-06,3.7802120472402884e-06,3.787251844040195e-06,3.797242118122385e-06,3.8080455735632064e-06,3.818841883852187e-06,3.837800493053323e-06
carbon_pipeline,power,BE-NO,9.793097285828927e-07,1.0704718722106567e-06,1.1414257937015068e-06,1.202910995104937e-06,1.2539571865948497e-06,1.3147700213151376e-06,1.3702522367662942e-06,1.4450375926887262e-06,1.549840282811304e-06,1.6721783607735322e-06,1.8381413291382764e-06,1.9666040355838453e-06,2.1620987577153876e-06,2.3883487980756107e-06,2.5203435572851974e-06,2.6172042964637493e-06,2.6974189100253928e-06,3.061467874120372e-06,4.532487994680682e-06,8.260628809363068e-06,9.078805655035498e-06
carbon_pipeline,power,BE-UK,9.36499914508184e-07,1.0314640700019515e-06,1.1007239133476695e-06,1.1791879434744205e-06,1.3708019178250107e-06,1.47380358950985e-06,1.529874739395268e-06,1.634521107622006e-06,1.8769950805948892e-06,2.2186548879073772e-06,3.219152352598337e-06,3.443364933565223e-06,5.6184469757650835e-06,13.740875797267364,14.43565442080543,41.52059151352873,46.00426133691618,46.004261855238965,46.00426198830946,46.00426203527909,46.00426209014466
carbon_pipeline,power,BG-EL,9.587892204011255e-07,1.0469032350789698e-06,1.1054892961772734e-06,1.1767420702435944e-06,1.7196409491190602e-06,1.9118762327732704e-06,2.096527023784642e-06,2.3719340112400745e-06,2.5935953824477226e-06,4.101791123332482e-06,4.901408553976885e-06,2.6291114420641184e-05,2.7144334006086386e-05,2.7441048874384676e-05,2.783073036215751e-05,2.9348358602717864e-05,0.7007936150662764,6.577334926375136,18.1025343775451,18.102539601537952,18.102541420335832
carbon_pipeline,power,BG-RO,8.415101699685371e-07,9.148551882512683e-07,9.599628147884917e-07,9.904756634862352e-07,1.0084493822369034e-06,1.0320309877954005e-06,1.061290842202063e-06,1.095838221582718e-06,1.1369475872956272e-06,1.1836886851389713e-06,1.2331621352117575e-06,1.2816415547311382e-06,1.3315214749511899e-06,1.383745460063338e-06,1.435787515771243e-06,1.4869013150547839e-06,1.540037388255503e-06,1.5992654655907924e-06,1.6774153524301422e-06,1.9105663579310686e-06,2.0564778788136494e-06
carbon_pipeline,power,CH-AT,8.401430573940993e-07,9.172072935540613e-07,9.695054079386817e-07,1.0176678172820466e-06,1.0729738564115851e-06,1.124819205394199e-06,1.176288027503534e-06,1.236220971723278e-06,1.3029574416995378e-06,1.373184488105769e-06,1.4459997266300814e-06,1.5010173071147021e-06,1.5451276579088112e-06,1.5734913023580366e-06,1.5994568821275688e-06,1.6326514178771012e-06,1.6772562926405156e-06,1.7415671149328432e-06,1.8367400892330454e-06,1.967630692919034e-06,2.2141282557082583e-06
carbon_pipeline,power,CH-DE,9.813887729404566e-07,1.0741960479662736e-06,1.1314543866825764e-06,1.1773732165779854e-06,1.2062169338504722e-06,1.2488016959554567e-06,1.299405905675983e-06,1.3401457608306423e-06,1.3741772839049535e-06,1.4210388887987138e-06,1.4902331378073598e-06,1.5337443749869406e-06,1.5813218959973088e-06,1.629327658608732e-06,1.6846384744187775e-06,1.8177673008627091e-06,2.0381502283348907e-06,2.1128297231363654e-06,2.186610861848442e-06,2.4970025549032087e-06,2.657205527211889e-06
carbon_pipeline,power,CH-FR,9.993628994199834e-07,1.0989308517983133e-06,1.1629301084853658e-06,1.2196267408363455e-06,1.251895236304504e-06,1.3053984127138146e-06,1.3882020436748672e-06,1.466424119004387e-06,1.5297514001077837e-06,1.5961166562166413e-06,1.7000058616089593e-06,2.023361172329909e-06,3.119170668963503e-06,4.442571721692432e-06,7.997147843027998e-06,10.032473821399824,10.032473935789207,10.0324739901595,10.03247402488192,10.032474048727915,10.032474082736686
carbon_pipeline,power,CH-IT,8.824984867040444e-07,9.64199814991403e-07,1.0167171573046176e-06,1.0748686541420623e-06,1.3779240613183106e-06,1.542767859788878e-06,1.682731773842904e-06,2.0176975919013405e-06,2.3696669727880612e-06,2.5823009663476657e-06,2.700865079567009e-06,2.7589278957838697e-06,2.7796934375310783e-06,2.78783073859319e-06,2.7933133196422663e-06,2.7997177492758756e-06,2.8080920579967784e-06,2.8202217075401057e-06,2.8390618125552983e-06,2.867304806488505e-06,3.0848542188104547e-06
carbon_pipeline,power,CZ-AT,8.24347192195801e-07,8.942956405493894e-07,9.446525728011455e-07,9.98360913723085e-07,1.1056249719893018e-06,1.1840279254851798e-06,1.2587373521737132e-06,1.3919872126984176e-06,1.5491730398589116e-06,1.659971460176384e-06,1.7471562279025885e-06,1.8015091255170632e-06,1.8321158832684543e-06,1.8519780784946762e-06,1.8681192957076416e-06,1.8826223939155217e-06,1.9006254977001067e-06,1.926210664253189e-06,1.9567189783874247e-06,1.9999641244300177e-06,2.121086753405607e-06
carbon_pipeline,power,CZ-DE,1.0746784824908862e-06,1.1711307835140601e-06,1.2388446625930276e-06,1.3043033636335408e-06,1.338295383019462e-06,1.4147604597626924e-06,1.5210628600495195e-06,1.568425153978843e-06,1.5943160178505406e-06,1.6292657885825814e-06,1.682145467562091e-06,1.713260805837303e-06,1.7616589748525866e-06,1.8677124960245497e-06,2.099494800984007e-06,2.9592569970641716e-06,3.584544109371985e-06,3.624081241911095e-06,3.654653611137167e-06,3.790689379585722e-06,4.110730016172972e-06
carbon_pipeline,power,CZ-PL,8.622055760431241e-07,9.431141446805348e-07,9.936819448916193e-07,1.0339281915574365e-06,1.0659857602852824e-06,1.1017402288983839e-06,1.1402274825281903e-06,1.1831836490372451e-06,1.2349852364939424e-06,1.2933577408776885e-06,1.368913762740659e-06,1.4507211715988688e-06,1.5516008037516259e-06,1.6708250565063163e-06,1.8231091502078328e-06,1.927437998427298e-06,2.0565046232506786e-06,2.3585043954953994e-06,3.942457080155945e-06,5.26856133140614e-06,5.7101518602347995e-06
carbon_pipeline,power,CZ-SK,8.185030291818668e-07,8.897429611429566e-07,9.388943094533597e-07,9.853825354213049e-07,1.0421137467547998e-06,1.0912734437268874e-06,1.1398809342141676e-06,1.1926906957826293e-06,1.2578320256257336e-06,1.3226402642702927e-06,1.4006350412499666e-06,1.481361905549584e-06,1.556042715740425e-06,1.612081113516845e-06,1.6637023992709842e-06,1.7108681556425903e-06,1.7890113489861643e-06,1.9550062604834294e-06,2.109454108845232e-06,2.2175877796092187e-06,2.564259321241962e-06
carbon_pipeline,power,DE-AT,7.917403740517121e-07,8.715133592380024e-07,9.192349781577875e-07,9.650140403977355e-07,1.0379586301706807e-06,1.0885355642480742e-06,1.1359344600824558e-06,1.205381179543711e-06,1.340583109468764e-06,1.4422594179381328e-06,1.5362854209105137e-06,1.6709085459966678e-06,1.735128980376744e-06,1.7680192645661209e-06,1.7941046987824164e-06,1.816844233474646e-06,1.8479937455147644e-06,1.9115621945791367e-06,2.0882276998794235e-06,2.1895326656581096e-06,3.043435639996649e-06
carbon_pipeline,power,DE-BE,9.507294410689372e-07,1.0323748451045488e-06,1.0908296339126293e-06,1.145989066726633e-06,1.1955093735035217e-06,1.2556795421828511e-06,1.366959335751673e-06,1.4845606521578411e-06,1.5986616878117969e-06,1.645105295921058e-06,1.6885869079545774e-06,2.196878114086546e-06,2.4458448780883077e-06,2.516041082449009e-06,4.817299087666385e-06,5.1991673572539746e-06,5.511900576681441e-06,6.351229431005155e-06,6.429694840695958e-06,6.44439711839008e-06,6.471890862418449e-06
carbon_pipeline,power,DE-CH,8.329214670541084e-07,9.149696464181583e-07,9.650202360302528e-07,1.0139939024791046e-06,1.0851017119925705e-06,1.1368956786952115e-06,1.1864203694815912e-06,1.2545707027670727e-06,1.3788559531649985e-06,1.4701157972872417e-06,1.5577065530619057e-06,1.6937424032566315e-06,1.7959517238951602e-06,1.927166078261082e-06,2.051957021925986e-06,2.0905422583797083e-06,2.1302548464748052e-06,2.2355421283955995e-06,2.4492303237773867e-06,2.511638473424593e-06,3.0780986236956038e-06
carbon_pipeline,power,DE-CZ,7.741056077685558e-07,8.53027425531733e-07,8.99836666219568e-07,9.420838562849362e-07,9.94642931026944e-07,1.0370819679596378e-06,1.0785927587134774e-06,1.1317112251638946e-06,1.2185616734544534e-06,1.2954027503923708e-06,1.3752249917761243e-06,1.4732523250578345e-06,1.5522591965091165e-06,1.6029534442556746e-06,1.6450646904406267e-06,1.6810659622048107e-06,1.7269026979997632e-06,1.8234863073495216e-06,2.1110724530072827e-06,2.2309636393034295e-06,3.2865165983922644e-06
carbon_pipeline,power,DE-DK,9.85340810450428e-07,1.077084701175867e-06,1.1326472284089667e-06,1.1841208684241608e-06,1.2338172201546034e-06,1.5005841175761873e-06,1.5755128385243746e-06,1.7601545641837746e-06,2.5761988409226925e-06,3.403753089673065e-06,4.30932824426073e-06,15.894622902857087,15.89462490571267,15.894625129600243,39.38114873199271,48.35093708155391,174.46202611884195,174.46202618466828,174.46202624667396,174.46202634281516,174.46202644505976
carbon_pipeline,power,DE-FR,9.225940459971312e-07,1.0118122889071779e-06,1.0709070278805985e-06,1.1283173455687282e-06,1.1864546543633359e-06,1.2442645004340346e-06,1.3103126262303915e-06,1.3973347961272997e-06,1.5294741603997324e-06,1.6294378032252983e-06,1.748821913896906e-06,2.0799704704189614e-06,2.548930037430828e-06,3.049835657828076e-06,3.960710694938969e-06,4.0364277723288186e-06,4.0935104635358815e-06,4.2632910078616e-06,4.49309347694367e-06,4.523184196566864e-06,4.6352473174356135e-06
carbon_pipeline,power,DE-LU,9.164152625158062e-07,1.0033135926110328e-06,1.0568925070844795e-06,1.1076764852901259e-06,1.1529290091930643e-06,1.2059470697867205e-06,1.2978096374304914e-06,1.3999906435494393e-06,1.514089468705342e-06,1.5617600197542938e-06,1.607051459958306e-06,2.035186553441085e-06,2.3635928541078724e-06,2.4583257440555184e-06,4.037839538987177e-06,4.275159809470513e-06,4.459393848275251e-06,5.056128264169767e-06,5.136582088084053e-06,5.149852283290741e-06,5.178779489370157e-06
carbon_pipeline,power,DE-NL,9.548659162715956e-07,1.0348571874394124e-06,1.0912735794452935e-06,1.1464093748163014e-06,1.1973320182673522e-06,1.2741980229600208e-06,1.6217536995085723e-06,2.0780889178831026e-06,3.969457930368028e-05,12.83449034661831,12.834491038013065,12.834492928513455,36.53672313916755,91.0860915046106,91.08609195725265,91.08609232408968,91.08609272157406,91.08609384494491,91.08609389959904,91.08609391175632,91.08609392871108
carbon_pipeline,power,DE-NO,1.0102495089492964e-06,1.1044389427052142e-06,1.1778066032199153e-06,1.2414129603991934e-06,1.291328821708687e-06,1.3552882416574873e-06,1.4192802596824409e-06,1.5127685214170748e-06,1.6566593677167274e-06,1.785974257158119e-06,1.9419964092863435e-06,2.2364609238002872e-06,2.618542349232573e-06,2.9877780763538e-06,3.4072462475001157e-06,3.5229499795208875e-06,3.598935896546394e-06,4.493848644843891e-06,16.63508368175519,151.5860382001031,151.5860391991593
carbon_pipeline,power,DE-PL,8.145729407539538e-07,8.983001922683192e-07,9.478896991355878e-07,9.902960937107906e-07,1.0341524761351028e-06,1.0749764634819011e-06,1.1168067099083318e-06,1.1682980117157612e-06,1.2448813459969581e-06,1.3190529782495792e-06,1.4079525526950434e-06,1.5117148535224167e-06,1.6197746827493834e-06,1.703952783089432e-06,1.7773374452676382e-06,1.8286339246105005e-06,1.890479504486602e-06,2.0499827746092516e-06,2.849215758431823e-06,2.9851553058875014e-06,4.614175525579302e-06
carbon_pipeline,power,DE-SE,9.969554698677925e-07,1.0914836528877852e-06,1.161175848035534e-06,1.2203123806677252e-06,1.2661737717642027e-06,1.324641780263238e-06,1.3831268992208058e-06,1.4675291504253884e-06,1.6046491581606378e-06,1.7276371345735817e-06,1.8781669029133487e-06,2.153383242745738e-06,2.5124951979798654e-06,2.831223213294217e-06,3.133583901385292e-06,3.2144260981341273e-06,3.2755643080521503e-06,4.027785841442421e-06,0.00010262280858211405,0.00012296946065535024,0.0001244334743763496
carbon_pipeline,power,DE-UK,9.604336322554012e-07,1.0547421680526676e-06,1.1283857279642126e-06,1.2088701985097847e-06,1.34117554979442e-06,1.438989642210342e-06,1.526476008334757e-06,1.6659472140390647e-06,1.9292714527565238e-06,2.103940383544004e-06,2.299409825958107e-06,3.22635943289316e-06,5.057389479501674e-06,6.934168222478644e-06,24.39858497445699,24.39858994805264,24.39859241194838,128.47500703665818,128.47500718464192,128.47500721168757,128.47500724976254
carbon_pipeline,power,DK-DE,8.426625027033832e-07,9.240903721775038e-07,9.731496728959208e-07,1.0153310592284962e-06,1.0530504886558554e-06,1.0782594135620624e-06,1.1112370984892519e-06,1.1479283498465974e-06,1.1890624999795e-06,1.240316001408653e-06,1.3105571821995507e-06,1.365908377918118e-06,1.4174494751889794e-06,1.4702221921291562e-06,1.5314465673332036e-06,1.6039597481340918e-06,1.6880196249072858e-06,1.7940733359119411e-06,1.9050702430136196e-06,2.033450887956949e-06,2.2015191641329842e-06
carbon_pipeline,power,DK-NL,8.756310817098926e-07,9.59835385249929e-07,1.013241219940265e-06,1.0609834604731511e-06,1.1032694063658093e-06,1.132254769274259e-06,1.1931179381308792e-06,1.2529404324059196e-06,1.3104157557142517e-06,1.3582147753085878e-06,1.4090001417607626e-06,1.4496790112917104e-06,1.4984237092502172e-06,1.5693056990886619e-06,1.6433887956633131e-06,1.7286285171165086e-06,1.8240143435537726e-06,2.0201580124040723e-06,2.254544295239406e-06,2.2923222691625226e-06,2.361741623327592e-06
carbon_pipeline,power,DK-NO,1.0054985392761739e-06,1.0980573257045394e-06,1.1601631269091853e-06,1.2096250781866733e-06,1.2434931151856965e-06,1.27451919986812e-06,1.3122034266630373e-06,1.3647380458729266e-06,1.435428672813784e-06,1.5122652631013862e-06,1.6117841206153175e-06,1.746147086419868e-06,1.9555020827346595e-06,2.193909880771661e-06,2.4081125596391725e-06,2.4798755202705164e-06,2.5237988580486554e-06,3.187976732916694e-06,11.480687779180863,14.501548090486704,14.501549847086437
carbon_pipeline,power,DK-SE,9.805412668301805e-07,1.0717102064518379e-06,1.1279937054143977e-06,1.1704758037591972e-06,1.1990241905863712e-06,1.2244956356253846e-06,1.2557363640449388e-06,1.2985613473419237e-06,1.3584594061574108e-06,1.4263460168071727e-06,1.5224225093598453e-06,1.6327166406425828e-06,1.799021477266167e-06,1.979339222139809e-06,2.1234545862827297e-06,2.1769502832348228e-06,2.2181719632402328e-06,2.7138185161312774e-06,2.8965807386361887e-05,3.0635045158269946e-05,3.304739799333858e-05
carbon_pipeline,power,DK-UK,9.118372948724952e-07,1.0033815892920307e-06,1.0679664758803978e-06,1.1361666781819417e-06,1.2330370208423884e-06,1.2699683454211257e-06,1.3189374462149434e-06,1.381609891907012e-06,1.4509843696806068e-06,1.5232092316311783e-06,1.6279386802156025e-06,1.7656359132083248e-06,1.9987025111642184e-06,2.291825515941278e-06,2.783147163054706e-06,2.9129881417527048e-06,3.00556918179818e-06,3.716017318908751e-06,3.829600475615345e-06,3.852907580797433e-06,3.894021595283743e-06
carbon_pipeline,power,EE-FI,1.2796965393899573e-06,1.3751272202920695e-06,1.451701076302193e-06,1.5609423007417862e-06,1.6417266991264712e-06,1.8510021590445364e-06,2.0494164196423197e-06,2.3306670103895203e-06,2.529812905094818e-06,2.743110464606026e-06,3.005345163528213e-06,3.3633276525756694e-06,3.76913919651681e-06,4.340835617766735e-06,5.1116487689232034e-06,5.934256936584196e-06,6.216975389894529e-06,6.316047486615776e-06,8.108553560805122e-06,8.766119937723599e-06,8.856314242680931e-06
carbon_pipeline,power,EE-LV,7.590569675518119e-07,8.241763166313278e-07,8.693434024887681e-07,9.107406964953987e-07,9.546999682440669e-07,9.9446756378164e-07,1.034344797116893e-06,1.0733704122204168e-06,1.113894109801552e-06,1.1565523898734969e-06,1.2017058387923994e-06,1.2407428114560906e-06,1.2818197547469385e-06,1.324952580411023e-06,1.3702073348220691e-06,1.4203625964729646e-06,1.4874875629783041e-06,1.5731975532718547e-06,1.648991308802714e-06,1.7416985555507712e-06,1.8702860619933001e-06
carbon_pipeline,power,EL-BG,8.073079998209374e-07,8.87812656743943e-07,9.288025262745213e-07,9.60335464531351e-07,9.835422680459767e-07,1.0138088094638988e-06,1.0514352006195468e-06,1.0959298867841343e-06,1.1490631371919188e-06,1.2099539994189179e-06,1.2860992199667673e-06,1.3586039126320983e-06,1.4329382531830502e-06,1.4999873495930552e-06,1.565329201581629e-06,1.6324870411596201e-06,1.7077594327583876e-06,1.8211679931801934e-06,1.9278017672989587e-06,2.0415655015059935e-06,2.2116557347445895e-06
carbon_pipeline,power,EL-IT,9.368553067034186e-07,1.0379924515272989e-06,1.103565052617921e-06,1.1502170780105448e-06,1.1748953157432663e-06,1.2107866140665112e-06,1.2568470350320793e-06,1.3121986826010897e-06,1.3733416397110645e-06,1.440768045827614e-06,1.5102595159058238e-06,1.5825285478872522e-06,1.6471019549412607e-06,1.6918523369488228e-06,1.7241374702207765e-06,1.7545284551465556e-06,1.7900516145279544e-06,1.839443704113712e-06,1.911190474288569e-06,2.1149119471931147e-06,2.2833211022569478e-06
carbon_pipeline,power,ES-FR,1.199315382925922e-06,1.3116079350470702e-06,1.4124180288546202e-06,1.5007054589960072e-06,1.6404856337369723e-06,1.8035930128756993e-06,1.9742474321498043e-06,2.149112753152308e-06,2.288823779537167e-06,2.4456639881081296e-06,2.6173704317260586e-06,2.8229046460726757e-06,3.043148689368977e-06,3.311522855296922e-06,3.6386832866257644e-06,4.006542501426513e-06,4.500872666725067e-06,5.157468375507188e-06,5.433366251733444e-06,5.685599369914693e-06,5.871754277169589e-06
carbon_pipeline,power,ES-PT,6.70781727011094e-07,7.387301124437235e-07,7.837405116002876e-07,8.249180800556225e-07,8.65152573261837e-07,9.059027509329404e-07,9.478538382318148e-07,9.913606612458416e-07,1.0368847600944333e-06,1.0848888060798814e-06,1.1381853084622263e-06,1.185540487753298e-06,1.2367890924162955e-06,1.2911364846958602e-06,1.348634275475674e-06,1.4109242229024695e-06,1.481111078929153e-06,1.5569718111819048e-06,1.634914819945168e-06,1.7241924103273237e-06,1.85659449997207e-06
carbon_pipeline,power,FI-EE,7.568082459649096e-07,8.354304295275594e-07,8.83567349357132e-07,9.246598652427043e-07,9.679876180233125e-07,1.0092919854495137e-06,1.053872840594494e-06,1.101563505492428e-06,1.1544858879200557e-06,1.211671484966059e-06,1.2761988127411916e-06,1.3386461789781706e-06,1.4050804914886437e-06,1.4756151389025652e-06,1.5492110529377241e-06,1.6214545151858686e-06,1.696648728417508e-06,1.7945112482407652e-06,1.8892895553339717e-06,1.995127524055345e-06,2.145546037379101e-06
carbon_pipeline,power,FI-NO,1.0050482267161278e-06,1.0959836638664466e-06,1.1572753462369863e-06,1.2278312356574276e-06,1.3045265206984935e-06,1.4184735768894097e-06,1.5250539149487096e-06,1.6612647217102252e-06,1.7699104247096818e-06,1.8925831236694484e-06,2.0567747434599854e-06,2.2418951651349842e-06,2.4635949509819857e-06,2.746472469728346e-06,3.091114611403945e-06,3.2036333024711583e-06,3.2687871655358033e-06,26.073219258667383,33.72661037881299,41.666047634398524,41.66604772939171
carbon_pipeline,power,FI-SE,9.237892633753843e-07,1.010161539389882e-06,1.0675007970235073e-06,1.1255119713777142e-06,1.188842607970956e-06,1.2595738494507874e-06,1.32894916293758e-06,1.3984455637097876e-06,1.4647059755194003e-06,1.5366793677396678e-06,1.620168096906249e-06,1.6896611301438854e-06,1.7632785353856506e-06,1.84002405811868e-06,1.918820872227642e-06,1.97628980005443e-06,2.030276210302079e-06,2.45595146671446e-06,2.6217264578506955e-06,2.789429608342843e-06,2.9285032692502456e-06
carbon_pipeline,power,FR-BE,9.27623611979472e-07,1.0147919072472345e-06,1.0669454162421397e-06,1.1125131890027347e-06,1.1539413633182547e-06,1.2044636952782564e-06,1.2698187538691996e-06,1.3186211545812607e-06,1.356262632755758e-06,1.3936768944465555e-06,1.4369270070698876e-06,1.472950033855267e-06,1.5056912145942243e-06,1.542322345069704e-06,1.5969765605950796e-06,1.684840161331587e-06,1.814017194086417e-06,1.9262560291930855e-06,2.0289854035366103e-06,2.123701688266438e-06,2.263614475930016e-06
carbon_pipeline,power,FR-CH,8.150960415912751e-07,8.975910473187001e-07,9.468798454839195e-07,9.928984705386592e-07,1.0589194237406039e-06,1.110075897045837e-06,1.1536190179590966e-06,1.2002935909824958e-06,1.2532529242911522e-06,1.3069614527331403e-06,1.3607534598153827e-06,1.3984162686789615e-06,1.436808040672281e-06,1.479455642413867e-06,1.525713603580955e-06,1.5761297537939474e-06,1.6396014585520621e-06,1.7228145019340014e-06,1.8124134297777024e-06,1.9302565505513525e-06,2.102410968047639e-06
carbon_pipeline,power,FR-DE,9.011991504331876e-07,9.918310268000866e-07,1.0503267457184833e-06,1.1029727739692535e-06,1.1550786255573312e-06,1.2099907612625185e-06,1.2605243854695448e-06,1.3044397703756343e-06,1.344751105515732e-06,1.3924675872491415e-06,1.4531375429124323e-06,1.4898213675267402e-06,1.5249967728951209e-06,1.5621046826003089e-06,1.607817908985946e-06,1.6766178277741813e-06,1.7737601546549038e-06,1.8763973295038178e-06,1.9666983188880325e-06,2.1061682609921105e-06,2.2710525998332287e-06
carbon_pipeline,power,FR-ES,6.826384457468349e-07,7.517277338486366e-07,7.991295411111061e-07,8.42673839372434e-07,8.854082658284259e-07,9.296078828723265e-07,9.75969476861679e-07,1.0247604997646652e-06,1.0766637534041102e-06,1.131382593298419e-06,1.1904787668747884e-06,1.250610878282902e-06,1.3148425290395036e-06,1.3831965876778728e-06,1.4565705132820588e-06,1.5364276374335062e-06,1.6270989432177774e-06,1.7258385813550431e-06,1.8259289532165987e-06,1.9394148476862163e-06,2.1109290849497133e-06
carbon_pipeline,power,FR-IT,8.577321363290465e-07,9.406893835191733e-07,9.977109953801405e-07,1.0560006092983817e-06,1.2184992691359014e-06,1.3135765021207925e-06,1.38840157702258e-06,1.4872781431743951e-06,1.596784766233272e-06,1.6924687381539707e-06,1.7738721844916213e-06,1.8161098821897103e-06,1.843064440326213e-06,1.8613040363106588e-06,1.8773389433566597e-06,1.8977706623481809e-06,1.927199120068954e-06,1.976472730200811e-06,2.053561784305017e-06,2.170032351740062e-06,2.4944354187396585e-06
carbon_pipeline,power,FR-LU,9.07108954152009e-07,9.929786515678331e-07,1.0460866799468732e-06,1.0921617419155839e-06,1.1338415560292729e-06,1.1820002681846032e-06,1.238992640810218e-06,1.2839729829812478e-06,1.3209537616072248e-06,1.3583241221854242e-06,1.3977509738153703e-06,1.4321705365701642e-06,1.4647868673755975e-06,1.5016853342452037e-06,1.5508573139951742e-06,1.6258249954083644e-06,1.7361324776487753e-06,1.8314171980380515e-06,1.921823937438327e-06,2.024790892494842e-06,2.171088658867735e-06
carbon_pipeline,power,FR-NO,9.733340569029862e-07,1.0632626400359202e-06,1.134368723205046e-06,1.1979545805446977e-06,1.2511731667160646e-06,1.3138193915217706e-06,1.375069940171404e-06,1.4463403454557636e-06,1.5286624824257638e-06,1.6167992542909719e-06,1.7211582335377528e-06,1.821421764623279e-06,1.928177148739649e-06,2.0368832369719242e-06,2.1477546202415244e-06,2.25990170689402e-06,2.376973602819285e-06,2.6567669440125925e-06,3.348032601319476e-06,4.158960584550867e-06,4.4314891220735826e-06
carbon_pipeline,power,FR-UK,9.506605979400814e-07,1.0467318123023942e-06,1.119727358095203e-06,1.1965923709123972e-06,1.3197144621487805e-06,1.4161825125342525e-06,1.492639241368901e-06,1.5901460205688278e-06,1.704314293381686e-06,1.8246578469997732e-06,1.9759583679480006e-06,2.12775252710677e-06,2.2867788441706896e-06,2.429794974788635e-06,2.604894097080772e-06,2.8439991734777813e-06,3.493417063741528e-06,3.6839924755873192e-06,3.786549218597247e-06,3.8433966051411426e-06,3.9194848168276515e-06
carbon_pipeline,power,HR-HU,8.155709958255133e-07,8.959238071513776e-07,9.429140850254351e-07,9.85116703809995e-07,1.0305419344750942e-06,1.07386298457029e-06,1.1157177433285068e-06,1.1531223076425437e-06,1.193134496305775e-06,1.2360956008497426e-06,1.285961113319053e-06,1.3227577108874989e-06,1.368720133790461e-06,1.4368969090625594e-06,1.5445468608916448e-06,1.763647987054382e-06,2.3553147217693444e-06,3.384547817804933e-06,3.494555188366665e-06,3.5532710605235235e-06,3.6657369622049828e-06
carbon_pipeline,power,HR-SI,7.733126492339007e-07,8.438338343726569e-07,8.872985817790112e-07,9.317138131021682e-07,1.0075974981911829e-06,1.0743655256268546e-06,1.1372433485346186e-06,1.2001927047314358e-06,1.2484209407116512e-06,1.2937738131260762e-06,1.3306392941317827e-06,1.3499013319686877e-06,1.3755193378974614e-06,1.4407314257539762e-06,1.5812289290703474e-06,1.947833800794509e-06,2.4343580733737107e-06,2.798344915069362e-06,2.8833604415691915e-06,2.9893806288591757e-06,3.081969922611986e-06
carbon_pipeline,power,HU-AT,9.073579910993629e-07,9.91739990890123e-07,1.0508406142838057e-06,1.1077372856860933e-06,1.163202895970769e-06,1.225356346550455e-06,1.2900412025159406e-06,1.359549659026544e-06,1.421169337482849e-06,1.4840841464380183e-06,1.5429694491448612e-06,1.5927785941123999e-06,1.6455086964095253e-06,1.7158119839395873e-06,1.7813251487420705e-06,1.8321258057324172e-06,1.8710371260551575e-06,1.9121681426951124e-06,1.9734621385371382e-06,2.125140930209335e-06,2.2713488017607432e-06
carbon_pipeline,power,HU-HR,9.174257879517344e-07,1.0103103596220319e-06,1.0719001857912446e-06,1.1317276448516775e-06,1.1836976836616964e-06,1.243622276864418e-06,1.313198111837657e-06,1.429254591407797e-06,1.5525511629909718e-06,1.6660239416711105e-06,1.796436993428367e-06,1.9235735966195055e-06,1.949903112445427e-06,1.960284188919483e-06,1.968130816662202e-06,1.975437896793803e-06,1.9840462910585256e-06,1.995076563140582e-06,2.0099520315460364e-06,2.0351611374798717e-06,2.095566117218263e-06
carbon_pipeline,power,HU-RO,8.243495374777082e-07,8.888874635753529e-07,9.313297091373098e-07,9.748460387427804e-07,1.1145901496933713e-06,1.1847493065471579e-06,1.2469673487362402e-06,1.3190200139696931e-06,1.3906894840356788e-06,1.452520393892288e-06,1.5445496701022472e-06,1.6450016666570841e-06,1.7635168467599654e-06,1.8818847013346613e-06,2.0727060542176157e-06,2.6280078839036092e-06,4.804169925648672e-06,8.064489151179413e-06,8.118227903764226e-06,8.13847352452477e-06,9.08047375523152e-06
carbon_pipeline,power,HU-SI,8.961679311814902e-07,9.76851832368702e-07,1.0363782179720186e-06,1.0981863693656573e-06,1.1801815182143002e-06,1.2628353496289298e-06,1.3498256099284167e-06,1.4859276903779655e-06,1.6001581977232395e-06,1.7140431014255983e-06,1.8095710994690651e-06,1.875783152841391e-06,1.9123674135275435e-06,1.9353198702118724e-06,1.9506723242004467e-06,1.9639410702130505e-06,1.977550753613925e-06,1.9944210498560512e-06,2.0199866758356956e-06,2.0689995163545773e-06,2.166589391596869e-06
carbon_pipeline,power,HU-SK,7.619532772741706e-07,8.286580277591027e-07,8.744199337255245e-07,9.100270592268008e-07,9.351577188742093e-07,9.639812400916724e-07,9.940842988739831e-07,1.0223246543192285e-06,1.0549204442018178e-06,1.0936883317054522e-06,1.13943564271696e-06,1.1821944599798329e-06,1.2331229008864322e-06,1.2997834103985616e-06,1.3795549327158634e-06,1.4585084871005844e-06,1.5139889198340077e-06,1.5673395601834002e-06,1.6766394860026057e-06,2.425553945188115e-06,2.565210322313381e-06
carbon_pipeline,power,IE-UK,8.23943576577334e-07,9.093976633050792e-07,9.64240357878929e-07,1.020254042685484e-06,1.1174579434346942e-06,1.202346194508714e-06,1.2868529118541066e-06,1.3747680682102774e-06,1.465413242520905e-06,1.5597123873310484e-06,1.6972217613252362e-06,1.8205745915011367e-06,2.1885867981520546e-06,2.344439866951112e-06,2.5083059119108473e-06,2.5512803034086e-06,2.565555091277052e-06,2.5770111956412727e-06,2.588915809580339e-06,2.6054661628008673e-06,2.6390210754650596e-06
carbon_pipeline,power,IT-AT,8.654747145329755e-07,9.490132217301502e-07,9.936175845521252e-07,1.023798231171379e-06,1.04316651245786e-06,1.067775286150377e-06,1.0983795912741847e-06,1.134243203975623e-06,1.1790000170765028e-06,1.2304406641359556e-06,1.2875959676699637e-06,1.3354760590260984e-06,1.387230307100817e-06,1.448699873228563e-06,1.5324262417618644e-06,1.6331380145989424e-06,1.744888927546198e-06,1.835872362398939e-06,1.9399250255731418e-06,2.1287803496359193e-06,2.294889632623883e-06
carbon_pipeline,power,IT-CH,9.081162915470391e-07,9.92164150958828e-07,1.0351516150560935e-06,1.0632218687741826e-06,1.080526685083417e-06,1.102618022914584e-06,1.1305062904769428e-06,1.1623128721783904e-06,1.2019232048020862e-06,1.248312119071592e-06,1.300734918806686e-06,1.3487856112893756e-06,1.407853464248974e-06,1.4889877920203115e-06,1.6424398060437725e-06,1.8639767083069354e-06,2.0666649914101535e-06,2.1450069518422046e-06,2.227671065040359e-06,2.6141340086286215e-06,2.9528939307460805e-06
carbon_pipeline,power,IT-EL,8.89006696316248e-07,9.66266785161931e-07,1.0164334413072214e-06,1.06669489845674e-06,1.2006172445143344e-06,1.2710167947806505e-06,1.3310835424895356e-06,1.3908130932154657e-06,1.4557315251548378e-06,1.5215372172662516e-06,1.603761161214151e-06,1.6815234408600303e-06,1.7641922293495399e-06,1.8598796540647543e-06,2.1222742610737043e-06,2.9275269452043104e-06,8.85701491274686e-06,2.1036693579322884e-05,2.1096107799237096e-05,2.1119499485102346e-05,2.1313186603793528e-05
carbon_pipeline,power,IT-FR,9.790833906305175e-07,1.0689761023071062e-06,1.1229186264014118e-06,1.158927875503487e-06,1.179288444841376e-06,1.207178677539558e-06,1.2439329412429572e-06,1.2835034114047313e-06,1.3281758575951726e-06,1.379742105610383e-06,1.4433087063863364e-06,1.5042813422188043e-06,1.5901084915745048e-06,1.7280686952887888e-06,2.1457915237254165e-06,2.93366886355045e-06,3.383751795834312e-06,3.4650194498616654e-06,3.564034259964159e-06,3.7776818157900175e-06,3.9315290934068595e-06
carbon_pipeline,power,IT-SI,8.436716677074882e-07,9.265864562409423e-07,9.67766248232922e-07,9.95444542808873e-07,1.013136004093991e-06,1.036315613392093e-06,1.06615246925481e-06,1.103109475521625e-06,1.1496142985457194e-06,1.2025630315096756e-06,1.2637264445981769e-06,1.3100622934089766e-06,1.3599389887702838e-06,1.4159832950588164e-06,1.4858514482860476e-06,1.5627146608275695e-06,1.650852814101428e-06,1.7308906215567586e-06,1.8228086726110132e-06,1.9636341509643573e-06,2.1113330322220226e-06
carbon_pipeline,power,LT-LV,7.520193601359032e-07,8.173212109101465e-07,8.62074696143967e-07,9.00209542452487e-07,9.332585779495417e-07,9.686711537291052e-07,1.0063896050449265e-06,1.0483791562963607e-06,1.095694495687801e-06,1.1463619651100166e-06,1.2031799675824415e-06,1.2628069536627958e-06,1.3285987328190914e-06,1.3984778064408895e-06,1.4690293339679577e-06,1.5425177308868854e-06,1.607856823194447e-06,1.6585261949222436e-06,1.7109024690382249e-06,1.7905952474751468e-06,1.958145147229509e-06
carbon_pipeline,power,LT-PL,9.074008345065525e-07,9.821724087727926e-07,1.0355337153487572e-06,1.097484845517134e-06,1.2361211076475708e-06,1.3325172424894997e-06,1.4222673431382397e-06,1.4813954111167547e-06,1.5220998649553008e-06,1.5587656393060175e-06,1.5887415145609115e-06,1.6132551804592876e-06,1.6372657209798193e-06,1.6641125493341784e-06,1.6972593785147803e-06,1.746800363623343e-06,1.8162862822510003e-06,1.8943203114556306e-06,1.9593573582256597e-06,2.0609535459664627e-06,2.2281816907043375e-06
carbon_pipeline,power,LT-SE,1.2078171726643207e-06,1.3003220998832926e-06,1.3773584228387884e-06,1.4731359364732507e-06,1.5476067031532618e-06,1.7241803479319943e-06,1.889105680659622e-06,2.119200276650721e-06,2.296872726147754e-06,2.4932546647937e-06,2.722880432750254e-06,3.074551854309744e-06,3.4765822638556973e-06,4.0253275929318315e-06,4.835561407869849e-06,5.13100921150369e-06,5.228606524137921e-06,6.65640505007615e-06,1.1404046134180963e-05,1.2734562875838001e-05,1.2841496690945314e-05
carbon_pipeline,power,LU-BE,8.218985080757703e-07,8.915020584996865e-07,9.417508509649498e-07,9.91085251302869e-07,1.0412023241277237e-06,1.101594798648846e-06,1.1888410159984553e-06,1.2633535769961292e-06,1.3210563269401063e-06,1.3625886850604619e-06,1.4103284010241217e-06,1.524347406813628e-06,1.585637198793846e-06,1.623808934703055e-06,2.0700874182825784e-06,2.289778416080543e-06,2.5963224412258215e-06,2.8506775254097604e-06,2.9186131377201936e-06,2.9416572905069492e-06,2.9783829796784547e-06
carbon_pipeline,power,LU-DE,8.435429348716679e-07,9.270253445380417e-07,9.77396437268725e-07,1.023392205605602e-06,1.0736630828435958e-06,1.1201160015981848e-06,1.154959381474774e-06,1.1917964073999386e-06,1.2326607262401443e-06,1.2933948430840255e-06,1.379690695266022e-06,1.4117525748353522e-06,1.450372408560966e-06,1.4857696027361964e-06,1.527760498163222e-06,1.5848294074400905e-06,1.6606734767520562e-06,1.7466506603225647e-06,1.82848711125685e-06,1.9985034205948133e-06,2.153303748199547e-06
carbon_pipeline,power,LU-FR,8.764681604080933e-07,9.628704666960001e-07,1.0189628366361001e-06,1.073277286944593e-06,1.1327364415985973e-06,1.185591609925692e-06,1.232144968588821e-06,1.2936291838698159e-06,1.390760663268438e-06,1.505501017699902e-06,1.6943902320660823e-06,1.8248368962554299e-06,2.1915023432569075e-06,2.9239666444756924e-06,3.064220307343758e-06,3.1073760383406858e-06,3.1349135537575682e-06,3.1873041262278767e-06,3.283067902370734e-06,3.4741944508579128e-06,4.60144211745312e-06
carbon_pipeline,power,LV-EE,8.242239354486526e-07,8.914292128447983e-07,9.40547974195658e-07,9.863309544452088e-07,1.0266952358086611e-06,1.0747916625398557e-06,1.126393940216217e-06,1.1865923508481968e-06,1.249889637912251e-06,1.3168776502274204e-06,1.3983506337179458e-06,1.4836793999170508e-06,1.5839999663905663e-06,1.6993246607182702e-06,1.8429046036887657e-06,1.999436755261105e-06,2.116132585672667e-06,2.1915600041165107e-06,2.3642682474926743e-06,2.5091281518394435e-06,2.7059093106718813e-06
carbon_pipeline,power,LV-LT,7.727319454786274e-07,8.38358730256225e-07,8.854685313622816e-07,9.332296742628358e-07,9.910629877036917e-07,1.0452436139434457e-06,1.0981956686845378e-06,1.1478617038307235e-06,1.1941540232914328e-06,1.2411288709556859e-06,1.2883350855514008e-06,1.3310938974454242e-06,1.3752642900496118e-06,1.423334910689379e-06,1.47562122235816e-06,1.5314049460386262e-06,1.6033476671697032e-06,1.7530499458424209e-06,1.9418973463172984e-06,2.0803176223860475e-06,2.208559564750418e-06
carbon_pipeline,power,NL-BE,8.087181142315331e-07,8.76970343750014e-07,9.193172410353546e-07,9.558023487139978e-07,9.859407764660943e-07,1.0096174552814576e-06,1.0301705846068346e-06,1.0553371452599127e-06,1.0861209931601338e-06,1.1245934150070047e-06,1.1819800349615711e-06,1.2295696236848478e-06,1.2751620727941668e-06,1.3275145066845948e-06,1.4684564054739977e-06,1.5512477327492479e-06,1.620030970521895e-06,1.7022598911522606e-06,1.7926220891619783e-06,2.084421844003379e-06,2.94495998188379e-06
carbon_pipeline,power,NL-DE,8.36954712048331e-07,9.136790664267618e-07,9.63237612340172e-07,1.0069984906723865e-06,1.050020039484227e-06,1.0847782083453943e-06,1.1106228832085426e-06,1.1415415171201084e-06,1.1797895240933827e-06,1.2312450341134336e-06,1.3060224472294812e-06,1.3671398789821875e-06,1.4200949791098331e-06,1.460794902590825e-06,1.5116796439111614e-06,1.575056167411892e-06,1.6485569860693451e-06,1.7374440415633782e-06,1.8305010718749836e-06,2.0493139856996325e-06,2.312126199352532e-06
carbon_pipeline,power,NL-DK,9.315989043924709e-07,1.0204043016850985e-06,1.077722737987522e-06,1.1301889547854125e-06,1.1837249660499285e-06,1.337143170648216e-06,1.3625295026343264e-06,1.3967520670812089e-06,1.444741286571535e-06,1.533948695676739e-06,1.684861932846228e-06,2.0299110119168853e-06,2.2138300166235343e-06,2.2986155775398026e-06,2.428784361430998e-06,2.5176136404709293e-06,2.582861587858014e-06,2.608318810438981e-06,2.640048344517591e-06,5.041549028472697e-06,8.114291469431172e-06
carbon_pipeline,power,NL-NO,9.850542147635763e-07,1.0766217923934316e-06,1.1454341560674726e-06,1.2037823331891602e-06,1.2498195992968884e-06,1.3013260052352936e-06,1.3438434104867524e-06,1.399201801750458e-06,1.470849550375447e-06,1.5576163919706834e-06,1.676277555004013e-06,1.858893747773643e-06,2.0902078878048272e-06,2.287468136389216e-06,2.5332311411170116e-06,2.6402711790366305e-06,2.7149354811866085e-06,3.0513452935924858e-06,4.619179224652886e-06,1.4376942254066929e-05,2.277532389689149e-05
carbon_pipeline,power,NL-UK,9.307179116253525e-07,1.0252548721347118e-06,1.0929593177844915e-06,1.1696386953126522e-06,1.3395058578628231e-06,1.401811789090959e-06,1.4337707344010672e-06,1.4791475131358205e-06,1.5390021030500399e-06,1.6265025027200273e-06,1.7812642558428643e-06,2.386426978719696e-06,3.791553620221589e-06,4.708659833267048e-06,13.342295796416325,15.375278018777873,15.375280181664236,22.74467764048234,28.734039410035873,28.734041262518545,28.73404658525688
carbon_pipeline,power,NO-BE,8.631453505181512e-07,9.432452176286988e-07,1.0048333113631647e-06,1.0615640806165064e-06,1.1232560513464524e-06,1.1791243975966025e-06,1.2409789313180547e-06,1.295644897719913e-06,1.3447527697951074e-06,1.3945476337355308e-06,1.450754451653972e-06,1.5052367222019615e-06,1.5598836461576782e-06,1.6215038576796268e-06,1.697456966853471e-06,1.7857256279841386e-06,1.8873357555520204e-06,1.9681771220923006e-06,2.0393279207873986e-06,2.1291630112223945e-06,2.273349679214482e-06
carbon_pipeline,power,NO-DE,8.469474912213921e-07,9.26263406501547e-07,9.863202596481012e-07,1.0407600803926954e-06,1.1015161123175702e-06,1.1552755539758937e-06,1.2107772519118768e-06,1.2605865375096231e-06,1.3067236647717444e-06,1.3574963781368408e-06,1.4163486353380142e-06,1.4639376514871544e-06,1.513446115217739e-06,1.5677307165722555e-06,1.630059639223127e-06,1.7075091520594875e-06,1.7996598676265258e-06,1.8799472070584485e-06,1.9525478597407723e-06,2.053518034399423e-06,2.2043162285567474e-06
carbon_pipeline,power,NO-DK,8.487163143049353e-07,9.311574354053965e-07,9.897837096287082e-07,1.045307224112344e-06,1.1188046178716464e-06,1.21503681934614e-06,1.2895427929417847e-06,1.35142500975172e-06,1.4063406999213778e-06,1.4627859894351366e-06,1.5190352305632986e-06,1.5619795738635375e-06,1.60400852513364e-06,1.6509189204436517e-06,1.7073226903694174e-06,1.785979145461414e-06,1.89089827920838e-06,1.9484989585547035e-06,2.0009359715090366e-06,2.0799836442884185e-06,2.2098780171326454e-06
carbon_pipeline,power,NO-FI,8.251790047249573e-07,9.073858287921277e-07,9.57319169830919e-07,9.989740108530103e-07,1.0397147641691425e-06,1.0783427717425128e-06,1.1199409822494837e-06,1.1637432291333441e-06,1.2138915905220365e-06,1.2683840853127197e-06,1.332216644067988e-06,1.3870128993194777e-06,1.4434769188039683e-06,1.5014382296743056e-06,1.5594152914599913e-06,1.6187458637725685e-06,1.6859888836253338e-06,1.737067495722586e-06,1.799881877835976e-06,1.8799296171794649e-06,2.0122977733143145e-06
carbon_pipeline,power,NO-FR,8.663220156833063e-07,9.456503275197055e-07,1.0060548447776896e-06,1.063925051629113e-06,1.1263106316196656e-06,1.1825749315888862e-06,1.241987066239435e-06,1.299521734542873e-06,1.356325587956767e-06,1.4163511292973312e-06,1.4878049140532434e-06,1.5531212274917475e-06,1.6224915140653976e-06,1.6990682760287912e-06,1.7810864229372933e-06,1.8651320666890336e-06,1.956202375298601e-06,2.0355386946260156e-06,2.1072269736671763e-06,2.200718035199155e-06,2.3582192773477838e-06
carbon_pipeline,power,NO-NL,8.599647324522628e-07,9.40671995160715e-07,1.0026491351557984e-06,1.0595154924224416e-06,1.1246020134668045e-06,1.1861836907851452e-06,1.2621783507660547e-06,1.3263023200768685e-06,1.3838511791639392e-06,1.4382901022222442e-06,1.4952902747115786e-06,1.5386028926849065e-06,1.5855034587290075e-06,1.6419504941296751e-06,1.7063587141492307e-06,1.7883679983419708e-06,1.8894221495218179e-06,1.9702637272918814e-06,2.0399109777559977e-06,2.1234622618545244e-06,2.2560478414645255e-06
carbon_pipeline,power,NO-SE,7.907314723459833e-07,8.660472302235522e-07,9.1252936223547e-07,9.526398036014981e-07,9.936406641716108e-07,1.0323794232833283e-06,1.0722594298635395e-06,1.111877362311727e-06,1.1557137143691333e-06,1.2043782168927975e-06,1.2633798828787517e-06,1.3036450234674504e-06,1.3471783516622207e-06,1.3922036538248142e-06,1.4366318564319352e-06,1.4772877731989026e-06,1.5303155253972649e-06,1.6228912744229317e-06,1.7334063310850408e-06,1.8333354690897314e-06,1.9547494727945224e-06
carbon_pipeline,power,NO-UK,8.686435341204985e-07,9.510930350182828e-07,1.0171413805318132e-06,1.0813636466133653e-06,1.1696518364220475e-06,1.2378379648870393e-06,1.3067782005203464e-06,1.3733322153178278e-06,1.4365161817907557e-06,1.5022050008783515e-06,1.578942679535638e-06,1.6500054585826066e-06,1.7237520937264858e-06,1.8041800919099958e-06,1.8954936606059072e-06,1.9961608860919584e-06,2.1148028323697796e-06,2.1784882115320164e-06,2.226465364181695e-06,2.2862558838931884e-06,2.39679002895826e-06
carbon_pipeline,power,PL-CZ,8.785521887513281e-07,9.573816115196952e-07,1.011152097168596e-06,1.0687492429652188e-06,1.1537682567523477e-06,1.2296141371545782e-06,1.305217231638059e-06,1.3793277142090664e-06,1.4364402737338888e-06,1.4878409932040753e-06,1.5313514033894593e-06,1.5649234080650649e-06,1.5964286419832707e-06,1.628581344472508e-06,1.662641175339037e-06,1.7064931445275264e-06,1.7529600429147665e-06,1.7965587635087296e-06,1.8381552993412888e-06,1.8967213972448116e-06,2.0086311047645987e-06
carbon_pipeline,power,PL-DE,1.0204903028625798e-06,1.1157115562691248e-06,1.1794708047812546e-06,1.2509681647518033e-06,1.317174454072116e-06,1.418185526115869e-06,1.5364024109810334e-06,1.6014504192088293e-06,1.6350723698434297e-06,1.6742694898658805e-06,1.723934842409602e-06,1.7558378412532634e-06,1.7934937354741774e-06,1.8508468929168092e-06,1.940672795500215e-06,2.1497864793691983e-06,2.2884658639956446e-06,2.3378657216140097e-06,2.3749302592928456e-06,2.4418923488864294e-06,2.63167111085851e-06
carbon_pipeline,power,PL-LT,8.638826416923125e-07,9.460235401462225e-07,9.99791764816669e-07,1.0394326257869809e-06,1.0680109074345839e-06,1.1044340640625588e-06,1.1445686773728188e-06,1.1985615143739386e-06,1.2689557654000441e-06,1.3415236020449375e-06,1.4302107117354286e-06,1.5542536546150638e-06,1.7147319984664006e-06,1.9144620923706673e-06,2.1864551095649268e-06,2.3412498474605066e-06,2.4756844118259153e-06,2.7870623533060517e-06,4.351456995626273e-06,5.286379608146173e-06,6.437120640511727e-06
carbon_pipeline,power,PL-SE,1.1181598855599091e-06,1.2206749822081305e-06,1.2989396865760257e-06,1.369200421381096e-06,1.4143175894750026e-06,1.4919382659141021e-06,1.5684538955412846e-06,1.6815861494814086e-06,1.8122327693088362e-06,1.943436665875057e-06,2.1041784999434437e-06,2.3962131822170295e-06,2.7709663328370003e-06,3.2947448783753257e-06,4.162256702568825e-06,4.465137810322539e-06,4.58058430242118e-06,5.743675850633434e-06,2.0244678493896366e-05,3.312373276087128e-05,3.3279257520291676e-05
carbon_pipeline,power,PL-SK,8.447185717454133e-07,9.191641062546311e-07,9.70032084889594e-07,1.0240587043044346e-06,1.1200251584142504e-06,1.1920959499891064e-06,1.2618301715413396e-06,1.3365649738513356e-06,1.4110771382261972e-06,1.4744448117861688e-06,1.5309574187124533e-06,1.5760108221359095e-06,1.6115159452680123e-06,1.6407773894906494e-06,1.669768192913204e-06,1.7041440453207243e-06,1.7504632611247716e-06,1.802705473246958e-06,1.8485851632284033e-06,1.9147089230426307e-06,2.0514144336236108e-06
carbon_pipeline,power,PT-ES,7.826141020654044e-07,8.609777897945536e-07,9.166300645859925e-07,9.696932809496681e-07,1.0285995407509252e-06,1.0920202329753417e-06,1.158322267601852e-06,1.227022661192386e-06,1.2931993138968555e-06,1.3626706846761962e-06,1.4374971723775682e-06,1.512985931755502e-06,1.5948674168179475e-06,1.6855388787175153e-06,1.7864932717178882e-06,1.8966745078356422e-06,2.0118683535876097e-06,2.148639896304811e-06,2.265024990410178e-06,2.383391668338248e-06,2.516272764064547e-06
carbon_pipeline,power,RO-BG,8.579014376993776e-07,9.273064039897548e-07,9.767805585143933e-07,1.0288860370586143e-06,1.2734959103749588e-06,1.3878974574971898e-06,1.4850878478199995e-06,1.609526206170169e-06,1.7202572021975063e-06,1.8057021303628778e-06,1.969225562171338e-06,2.1046772869157886e-06,2.243015215087248e-06,2.3687980098833177e-06,2.578104183460851e-06,3.2003386886095146e-06,5.316457621940912e-06,7.991546511843904e-06,8.035626896102886e-06,8.05455665177166e-06,8.437722192333942e-06
carbon_pipeline,power,RO-HU,9.486525725747109e-07,1.0449119801410793e-06,1.1111270794748637e-06,1.1445865791857356e-06,1.158336571511699e-06,1.1802495628527292e-06,1.2084788226188806e-06,1.2456007905567225e-06,1.292188555247541e-06,1.3532020232307509e-06,1.4085692716270144e-06,1.4597612390911313e-06,1.5005018489358645e-06,1.5436489331103257e-06,1.5797881036699483e-06,1.609264131583618e-06,1.6411025477763426e-06,1.6847242863003945e-06,1.750007120320557e-06,2.091289054618671e-06,2.2852173487126914e-06
carbon_pipeline,power,SE-DE,8.534015755726638e-07,9.340211977046231e-07,9.94081638835752e-07,1.049386191752741e-06,1.1136792669440716e-06,1.1698368671233007e-06,1.2279774039890844e-06,1.2786271125553438e-06,1.323635956214016e-06,1.3735274977753928e-06,1.432182865570637e-06,1.4779008087502254e-06,1.525703028341778e-06,1.5791796433638057e-06,1.6431203037569055e-06,1.7306155464371036e-06,1.8329766372288585e-06,1.908454615755939e-06,1.9721503238927556e-06,2.065737299732068e-06,2.2129813669797785e-06
carbon_pipeline,power,SE-DK,8.594019731621989e-07,9.438280968473843e-07,1.001751928841524e-06,1.058939178803792e-06,1.1410753720472272e-06,1.2691516346646106e-06,1.358355367912532e-06,1.42893554662631e-06,1.4847454565999838e-06,1.540362549340498e-06,1.5968232253662145e-06,1.6339793967846673e-06,1.6681698363119527e-06,1.7072313950475444e-06,1.756981580866705e-06,1.8465229489838544e-06,1.974434846878345e-06,2.0248771580023186e-06,2.063370559418838e-06,2.122118030926125e-06,2.231674551818797e-06
carbon_pipeline,power,SE-FI,8.772578321172455e-07,9.622019716713248e-07,1.0160381746529257e-06,1.0626276366993903e-06,1.1063040128452091e-06,1.1489520102725245e-06,1.1950118410571926e-06,1.2449295699890185e-06,1.3003538620152436e-06,1.3585592281267188e-06,1.4259413584282e-06,1.486568253181486e-06,1.5520097673106793e-06,1.6217993528796885e-06,1.6943973518086101e-06,1.785099983950777e-06,1.8852093422596348e-06,1.9261931241917555e-06,1.9790183391542216e-06,2.055577203659078e-06,2.2128617442870567e-06
carbon_pipeline,power,SE-LT,7.715328760731171e-07,8.491058178625689e-07,8.992066187654822e-07,9.416639287297526e-07,9.858442118507469e-07,1.0268707772860583e-06,1.0710289221884169e-06,1.1180446787099248e-06,1.1703247611213527e-06,1.2265661222475993e-06,1.2878830551407547e-06,1.3489181760380572e-06,1.4132095206967893e-06,1.4811422967362321e-06,1.5522070092437692e-06,1.6270163312287024e-06,1.7062029544605318e-06,1.7797172562591254e-06,1.8644397059106483e-06,1.967392437336184e-06,2.1227068315203738e-06
carbon_pipeline,power,SE-NO,9.803268184959338e-07,1.0619470774599598e-06,1.1222029598092395e-06,1.188535291895881e-06,1.2475560410783506e-06,1.3300696539994969e-06,1.4115813271827811e-06,1.5452047945596746e-06,1.663347326934782e-06,1.7854646636558537e-06,1.953978064543371e-06,2.1941393687783872e-06,2.5549129713615793e-06,3.042808028962946e-06,4.009546225861557e-06,9.162413339998267e-06,3.747289915585231,10.45074844307329,11.347676459810936,44.41559318071607,44.41559364932321
carbon_pipeline,power,SE-PL,8.048411302475791e-07,8.835781519608614e-07,9.375285090830344e-07,9.855365379865232e-07,1.0411453851469328e-06,1.0882187137746714e-06,1.1371193488248917e-06,1.1857675115011404e-06,1.2367010356034877e-06,1.2914534554472898e-06,1.3505084069213218e-06,1.404150603122894e-06,1.4595369332680614e-06,1.5187531158879705e-06,1.5838785924556601e-06,1.6590661317460029e-06,1.7432348864073926e-06,1.8219531796014063e-06,1.9067449494019934e-06,2.018135087833975e-06,2.18260977399691e-06
carbon_pipeline,power,SI-AT,7.836014545499497e-07,8.491324826075159e-07,8.933722919663958e-07,9.280366953200633e-07,9.528708453158296e-07,9.802450947272248e-07,1.0081179435205239e-06,1.0340281464780573e-06,1.0628247209660556e-06,1.095818615604576e-06,1.132236753626672e-06,1.1651585864405156e-06,1.2048938884231658e-06,1.2611470193609661e-06,1.353621039764228e-06,1.5174474029572e-06,1.7287961459235113e-06,1.8522504221127055e-06,1.9534325741770566e-06,2.2817408171585284e-06,2.439283724407324e-06
carbon_pipeline,power,SI-HR,8.410692824849097e-07,9.16485511841057e-07,9.614775412472601e-07,9.952323474492433e-07,1.0169929745909955e-06,1.0418425108832643e-06,1.0714366129051162e-06,1.1148939041479684e-06,1.1678158221250467e-06,1.2213864301941545e-06,1.3115817894111464e-06,1.4224074227746885e-06,1.4837626486583743e-06,1.5056066947684693e-06,1.523747894956832e-06,1.5413403492956218e-06,1.5636845553004402e-06,1.596741279459426e-06,1.641902909557721e-06,1.7081975242469384e-06,1.8538192530642525e-06
carbon_pipeline,power,SI-HU,8.357829107502411e-07,9.094762653067648e-07,9.574104875230473e-07,9.977645696271592e-07,1.032371936056697e-06,1.0674136835197724e-06,1.1033438792538887e-06,1.1381067515406137e-06,1.1780358703033986e-06,1.2227344855245396e-06,1.2740504696261797e-06,1.3213541775867601e-06,1.3754987961534047e-06,1.4403317685419777e-06,1.5261106231277222e-06,1.6558502039077552e-06,1.9081404523717172e-06,2.2271719821454557e-06,2.3787644107381903e-06,2.4683595840786325e-06,2.659118809898227e-06
carbon_pipeline,power,SI-IT,8.973221150515434e-07,9.79180433380696e-07,1.0292658807003666e-06,1.0891199011514613e-06,1.6213453936932627e-06,1.956095712028795e-06,2.257936090442249e-06,2.927538645484383e-06,3.4125517610328526e-06,3.8711778917819315e-06,4.561125530198423e-06,4.922366431912397e-06,4.981274145428301e-06,5.172085988108957e-06,5.188179655498488e-06,5.201242930808429e-06,5.215460097626598e-06,5.236807201223813e-06,5.2532325949421025e-06,5.2695421044469305e-06,5.30914463149634e-06
carbon_pipeline,power,SK-AT,9.023967140670516e-07,9.8212116248444e-07,1.0407002386830138e-06,1.1000575088659123e-06,1.1722712143443921e-06,1.2451886879571935e-06,1.3209422511557344e-06,1.419101679024408e-06,1.499165684007409e-06,1.574187682575864e-06,1.6376922051203653e-06,1.692141809578527e-06,1.7418964620172815e-06,1.7941474927174441e-06,1.8407725929280405e-06,1.8809397241812197e-06,1.9171948453428606e-06,1.9563229884610034e-06,2.0024683923738537e-06,2.0753738859817765e-06,2.191906018851508e-06
carbon_pipeline,power,SK-CZ,8.919664714530458e-07,9.702565346066858e-07,1.0261087201713523e-06,1.074242067091099e-06,1.110628737103549e-06,1.1556576525954514e-06,1.2048262349890695e-06,1.2540921681314025e-06,1.2975736190166488e-06,1.34554758361151e-06,1.393929188386796e-06,1.4365186738341113e-06,1.48765210728286e-06,1.5603258885752914e-06,1.652997188442018e-06,1.7809115097847183e-06,1.8459258979939718e-06,1.8969998954707072e-06,1.9689580608187806e-06,2.1547810167361392e-06,2.3098151521800807e-06
carbon_pipeline,power,SK-HU,7.605653514947331e-07,8.223611803539263e-07,8.671366872442257e-07,9.1342696183371e-07,9.903092790191202e-07,1.0523419793662899e-06,1.1157456557880126e-06,1.2246089631438263e-06,1.3266294548065897e-06,1.4118260779439285e-06,1.499906709329114e-06,1.5872248012663407e-06,1.642959234560872e-06,1.6757575330218612e-06,1.7071958129669328e-06,1.7449400834894117e-06,1.8204173874297786e-06,1.932682433191319e-06,1.9790597442113935e-06,2.0183641286608355e-06,2.2321481942885383e-06
carbon_pipeline,power,SK-PL,8.911521605256566e-07,9.719501204535375e-07,1.0238725658525433e-06,1.061571643830632e-06,1.0868170727924338e-06,1.1184009816835033e-06,1.1534437133723336e-06,1.1927507543886839e-06,1.2370646826858548e-06,1.289259969211858e-06,1.3521742820212174e-06,1.4161826212185176e-06,1.4996919484410423e-06,1.6248122907710024e-06,1.8234883500205455e-06,2.038941977950052e-06,2.1600402400538628e-06,2.2855894899745737e-06,3.147355533336776e-06,5.570421857753861e-06,5.681950463242131e-06
carbon_pipeline,power,UK-BE,8.826668731267018e-07,9.631601334960175e-07,1.008059442433862e-06,1.043308828862422e-06,1.0709215195230528e-06,1.1050529584688645e-06,1.150252809625829e-06,1.1912799061105447e-06,1.230909419499295e-06,1.2743627676830314e-06,1.3302248750491676e-06,1.3779003985943263e-06,1.424209211474491e-06,1.4825027626595332e-06,1.5535861770627376e-06,1.6342787057130468e-06,1.7231583764379002e-06,1.8195518279140165e-06,1.911618543746627e-06,2.033068372265775e-06,2.2188793317985205e-06
carbon_pipeline,power,UK-DE,8.707859346662463e-07,9.512750732673954e-07,1.00175837570025e-06,1.042411709073694e-06,1.0766868568336777e-06,1.115568342072537e-06,1.1588086884809957e-06,1.2005819275032013e-06,1.2431333527796996e-06,1.2935025288858186e-06,1.3543855112575736e-06,1.4017495781884626e-06,1.450571184350691e-06,1.5022584816986424e-06,1.5598304034822164e-06,1.6297676020279886e-06,1.7116321942075645e-06,1.7989967271942695e-06,1.892107589167567e-06,2.0368818646830717e-06,2.2336247076177966e-06
carbon_pipeline,power,UK-DK,9.116958040158817e-07,9.991084456080593e-07,1.0505213298973854e-06,1.0929338491175322e-06,1.1293184703086446e-06,1.2045596315206124e-06,1.2649862439432272e-06,1.3208104809042325e-06,1.3756944256374412e-06,1.4365222855702226e-06,1.5085602390618092e-06,1.5503499430966185e-06,1.5906011343571162e-06,1.6362624008214889e-06,1.6876396742530507e-06,1.753483045475126e-06,1.8413098951050135e-06,1.923364412686945e-06,2.000732653682245e-06,2.1591868290623437e-06,2.391441499395639e-06
carbon_pipeline,power,UK-FR,8.749817831449842e-07,9.54632434382018e-07,1.004298510975575e-06,1.0447146507628977e-06,1.078320284903452e-06,1.1163450437828836e-06,1.1610908098800331e-06,1.2078022373639134e-06,1.2586842297655846e-06,1.3150667676039645e-06,1.3836122687726751e-06,1.4462413392612262e-06,1.5158584467180675e-06,1.5964763316709146e-06,1.6757818408288267e-06,1.7490333410442325e-06,1.823574060687145e-06,1.912063363000636e-06,2.0142390967505716e-06,2.17908489703025e-06,2.490750120569292e-06
carbon_pipeline,power,UK-IE,9.7805891890278e-07,1.0605189371885093e-06,1.1077767706517317e-06,1.1441683124104159e-06,1.1689539620512932e-06,1.1974387699794349e-06,1.2311863101101787e-06,1.2705638646295415e-06,1.3159375284720222e-06,1.3679439764935959e-06,1.4311325851547128e-06,1.4814962453731133e-06,1.5285496866547538e-06,1.5698111736571745e-06,1.602500024941624e-06,1.6354381887153425e-06,1.6941819336016795e-06,2.088580014086523e-06,2.004139814768114,9.219234323690126,9.219235597715072
carbon_pipeline,power,UK-NL,8.853029351076611e-07,9.674706231113788e-07,1.0133825091795313e-06,1.0498552228215926e-06,1.0789582514732888e-06,1.1193040678383664e-06,1.1887540696616336e-06,1.2444773024274164e-06,1.2965062112519404e-06,1.3452135681510583e-06,1.3996244836637025e-06,1.4325268216351693e-06,1.4697286166492187e-06,1.5198991011138354e-06,1.5762529698593783e-06,1.648274371885045e-06,1.7369356175003157e-06,1.8356638679690565e-06,1.928683065717834e-06,2.0363547989677693e-06,2.192698812521443e-06
carbon_pipeline,power,UK-NO,9.695192256720804e-07,1.0560604018113104e-06,1.117920087242057e-06,1.16615720896955e-06,1.2022735819083864e-06,1.247159309670615e-06,1.2954085010578641e-06,1.3520452638667973e-06,1.4178773308077051e-06,1.4903339510276948e-06,1.5786524616359986e-06,1.657150809577164e-06,1.7423059988040579e-06,1.8318908468219394e-06,1.9173196546627726e-06,1.9984578092789645e-06,2.080219350109778e-06,2.2628023626725086e-06,2.7269031315348133e-06,3.841700178096351e-06,4.357525594876324e-06
carbon_storage,power,AT,0.0,0.0,0.0,0.0,0.0,0.0,0.0,0.0,0.0,0.0,0.0,0.0,0.0,0.0,0.0,0.0,0.0,0.0,0.0,0.0,0.0
carbon_storage,power,BE,7.433388931671158e-07,8.09458657863601e-07,8.622954383768443e-07,9.269292080576764e-07,9.619429010001626e-07,1.0240542500345428e-06,1.076076802374782e-06,1.300889343464804e-06,1.7208947916908705e-06,2.5549673569548825e-06,72.25583448449406,98.74767885450609,103.21645112321507,103.21645119019036,103.21645120784298,103.21645121827999,103.21645122456832,103.21645122965978,103.21645123373987,103.21645123719668,103.21645124303251
carbon_storage,power,BG,0.0,0.0,0.0,0.0,0.0,0.0,0.0,0.0,0.0,0.0,0.0,0.0,0.0,0.0,0.0,0.0,0.0,0.0,0.0,0.0,0.0
carbon_storage,power,CH,0.0,0.0,0.0,0.0,0.0,0.0,0.0,0.0,0.0,0.0,0.0,0.0,0.0,0.0,0.0,0.0,0.0,0.0,0.0,0.0,0.0
carbon_storage,power,CZ,0.0,0.0,0.0,0.0,0.0,0.0,0.0,0.0,0.0,0.0,0.0,0.0,0.0,0.0,0.0,0.0,0.0,0.0,0.0,0.0,0.0
carbon_storage,power,DE,8.202248763873255e-07,8.803345244544646e-07,9.283116963191594e-07,9.743984177744215e-07,1.0003321596516054e-06,1.0493491631037687e-06,1.1137981469234096e-06,1.4443694691261376e-06,4.315051860496748e-06,4.594044654567259,22.61484007790486,22.614840405069543,22.61484041928161,22.61484042592584,22.614840429772983,22.614840431887703,22.614840433345265,22.61484043482888,22.61484043637477,22.614840437773545,22.61484044048785
carbon_storage,power,DK,4.066384064230526e-07,4.112513582936401e-07,4.683157381100781e-07,4.777385118530226e-07,5.165243703409125e-07,11.597354589587763,11.597354593542834,11.597354595295759,11.597354605005837,11.597354639495506,11.597354694746677,11.59735478325831,11.597354927781536,11.59735530968627,28.73407011496498,57.994575184196925,152.13996089762082,156.56427993767073,156.56427995933936,156.56427996574197,156.56427997655547
carbon_storage,power,EE,0.0,0.0,0.0,0.0,0.0,0.0,0.0,0.0,0.0,0.0,0.0,0.0,0.0,0.0,0.0,0.0,0.0,0.0,0.0,0.0,0.0
carbon_storage,power,EL,4.2647610249550245e-07,4.302905459951473e-07,4.3216143279251286e-07,4.3345281970504197e-07,0.208752807677379,0.4233038590613301,0.42330386027267186,0.4233038618624955,0.42330386378079865,0.4233038671782656,0.42330387325061086,0.42330388889901344,0.4233039023086704,0.42330404653255593,0.7479369956592115,11.460301315628536,15.27535259669816,21.69213496848371,34.79206211070045,34.79206218274323,34.792062193590795
carbon_storage,power,ES,0.0,0.0,0.0,0.0,0.0,0.0,0.0,0.0,0.0,0.0,0.0,0.0,0.0,0.0,0.0,0.0,0.0,0.0,0.0,0.0,0.0
carbon_storage,power,FI,4.810357116933047e-07,5.223350811323895e-07,5.583014456286881e-07,6.018436784314367e-07,6.428138751824394e-07,6.930965321399779e-07,7.539069908270478e-07,8.461010701321154e-07,9.2077291439176e-07,9.931707261596142e-07,1.0671166539630037e-06,1.2120280172122227e-06,1.3727347964219986e-06,1.591116961606482e-06,2.025857563001655e-06,3.0844341491859726e-06,2.319470744837974,2.319470785666513,2.3194707929417975,2.319470797295811,2.3194708039004452
carbon_storage,power,FR,7.93813331366591e-07,8.933284241640405e-07,9.66136016967317e-07,1.0472608429631543e-06,1.0827243662064045e-06,1.166540924984771e-06,1.248037264921075e-06,1.414790192631699e-06,1.6726394662585647e-06,1.9586649835549647e-06,2.4350529807525755e-06,3.2819485791042575e-06,5.405461202118418e-06,8.568391735429637e-06,1.3326342107789121e-05,8.682318245945353,71.90359520721617,71.90359523031613,71.90359524001694,71.90359524539744,71.90359525411762
carbon_storage,power,HR,7.484062493934413e-07,8.069618396111334e-07,8.647681742582808e-07,9.192557758294946e-07,9.386053863148621e-07,9.876792324655453e-07,1.0943640702682426e-06,1.4681833850497928e-06,1.7889702472146431e-06,2.5189648796282885e-06,3.5895945179306103e-06,5.628902556116507e-06,1.4206748827333175,1.4206758412575564,1.4206758576093574,1.4206758629104128,1.4206758652748555,1.420675866658318,1.420675867611369,1.4206758682848377,1.4206758692983301
carbon_storage,power,HU,0.0,0.0,0.0,0.0,0.0,0.0,0.0,0.0,0.0,0.0,0.0,0.0,0.0,0.0,0.0,0.0,0.0,0.0,0.0,0.0,0.0
carbon_storage,power,IE,6.196741013742768e-07,6.655326214630167e-07,6.937713860849282e-07,7.182911515179392e-07,7.332739770235503e-07,7.632301417934537e-07,8.016989723271665e-07,8.580889450147399e-07,9.260288609953702e-07,9.938300689269814e-07,1.0644397666450134e-06,1.229711982350756e-06,1.5121358053636605e-06,1.7531403487268826e-06,2.2263577632590627e-06,5.368107403963842e-06,4.050804231873633,4.0508072147198675,6.500518071512641,14.496692554266286,14.496692578597392
carbon_storage,power,IT,3.664316916015129e-07,3.6901872628434535e-07,3.704563044382218e-07,3.7159852180904527e-07,0.1449672984312104,0.14496729952893303,0.14496730080210835,0.14496730504715916,0.1449673076949489,0.14496731091360593,0.14496732489856032,0.14496738014593807,0.14496754867386566,0.14496792722279106,23.19470808744668,23.19470811338767,23.194708118302206,23.194708121388974,23.194708124075074,23.1947081263835,23.194708129634286
carbon_storage,power,LT,0.0,0.0,0.0,0.0,0.0,0.0,0.0,0.0,0.0,0.0,0.0,0.0,0.0,0.0,0.0,0.0,0.0,0.0,0.0,0.0,0.0
carbon_storage,power,LU,0.0,0.0,0.0,0.0,0.0,0.0,0.0,0.0,0.0,0.0,0.0,0.0,0.0,0.0,0.0,0.0,0.0,0.0,0.0,0.0,0.0
carbon_storage,power,LV,0.0,0.0,0.0,0.0,0.0,0.0,0.0,0.0,0.0,0.0,0.0,0.0,0.0,0.0,0.0,0.0,0.0,0.0,0.0,0.0,0.0
carbon_storage,power,NL,5.373215894719169e-07,5.415290416319565e-07,5.792778029948213e-07,5.804346802595924e-07,5.826622818483406e-07,6.279822271562285e-07,14.49669321949832,14.496693222367655,14.496693225931613,14.496693237158624,14.496693299335847,14.496693326570862,41.26854406898034,104.95605411301199,104.95605431877273,104.95605435199184,104.95605436852615,104.95605437738263,104.95605438291463,104.95605438720358,104.95605439376239
carbon_storage,power,NO,9.857750966019074,9.857750969349986,9.857750972983416,9.857750993433212,18.55576655218768,18.555766552912672,18.55576655413495,18.55576655884558,18.55576656330076,18.555766572778367,18.555766596731416,18.55576663432273,18.555766658706045,18.555766689377485,18.555766730049935,18.555766764040367,12.757089814368163,53.42332153999388,71.94614834412243,170.07519628331625,170.0751977054107
carbon_storage,power,PL,0.0,0.0,0.0,0.0,0.0,0.0,0.0,0.0,0.0,0.0,0.0,0.0,0.0,0.0,0.0,0.0,0.0,0.0,0.0,0.0,0.0
carbon_storage,power,PT,0.0,0.0,0.0,0.0,0.0,0.0,0.0,0.0,0.0,0.0,0.0,0.0,0.0,0.0,0.0,0.0,0.0,0.0,0.0,0.0,0.0
carbon_storage,power,RO,0.0,0.0,0.0,0.0,0.0,0.0,0.0,0.0,0.0,0.0,0.0,0.0,0.0,0.0,0.0,0.0,0.0,0.0,0.0,0.0,0.0
carbon_storage,power,SE,6.101379489262948e-07,6.548837715540958e-07,6.88276551994488e-07,7.276847607096458e-07,7.629090817931605e-07,8.154927586187683e-07,8.789297976319022e-07,9.757832214225717e-07,1.0653034372463153e-06,1.1527511264421365e-06,1.2367295247347197e-06,1.388315294274658e-06,1.5421375520691514e-06,1.737331255913354e-06,2.0316767957634174e-06,2.562931093383834e-06,17.97589874575671,17.975898763849617,17.97589877325819,17.97589878056859,17.975898802556664
carbon_storage,power,SI,0.0,0.0,0.0,0.0,0.0,0.0,0.0,0.0,0.0,0.0,0.0,0.0,0.0,0.0,0.0,0.0,0.0,0.0,0.0,0.0,0.0
carbon_storage,power,SK,0.0,0.0,0.0,0.0,0.0,0.0,0.0,0.0,0.0,0.0,0.0,0.0,0.0,0.0,0.0,0.0,0.0,0.0,0.0,0.0,0.0
carbon_storage,power,UK,1.716659448440585e-07,2.2886862531760448e-07,3.361080327909372e-07,4.519563746874494e-07,4.638942677505375,4.6389427437854645,20.875238465987202,49.86862366547161,49.868623666314875,49.86862366708456,49.86862366786096,49.868623669093466,49.868623670882286,49.86862367352349,49.86862367737597,49.86862368437505,49.86862370192476,110.42020173811943,120.61248229233247,120.61248231373874,120.61248233350766
hard_coal_plant_CCS,power,AT,7.223628987469961e-07,7.293137068918368e-07,7.41198412470556e-07,7.659547987901636e-07,1.0505023080006402e-06,1.4450998074852302e-06,1.948266600979302e-06,2.9050900095843384e-06,2.9747893373770004e-06,3.029744011477839e-06,3.0678109995701204e-06,3.091130003319741e-06,3.1090795738744814e-06,3.1240628358509876e-06,3.137687920527806e-06,3.150686678934337e-06,3.1636081965891374e-06,3.1775782286976766e-06,3.192190399471787e-06,3.210288394010069e-06,3.2468114553626594e-06
hard_coal_plant_CCS,power,BE,5.638420358534095e-07,6.06691142960955e-07,6.519998798013795e-07,7.038267379340341e-07,1.0227533192536878e-06,1.4632621881272687e-06,2.140357935646936e-06,3.537793797097852e-06,3.6242125994482045e-06,3.6924818343384826e-06,3.74557606424277e-06,3.7813457749845186e-06,3.80910835496313e-06,3.8328016269658875e-06,3.8551646166877945e-06,3.874297537790155e-06,3.891375841767915e-06,3.906840773235906e-06,3.923642293150729e-06,3.944964342791654e-06,3.978901849330509e-06
hard_coal_plant_CCS,power,BG,4.830226158895821e-07,5.3484701548093e-07,5.843999536942615e-07,6.458786228940767e-07,1.0101918533906339e-06,1.1854708941404982e-06,1.431115849854441e-06,1.916966583346876e-06,2.043625887561513e-06,2.5972566381907363e-06,2.6697721641392125e-06,2.7076601156142825e-06,2.730671194394949e-06,2.752869318889301e-06,2.7766421981568716e-06,2.8011725876709654e-06,2.830578145004038e-06,2.8605363853820548e-06,2.8811870918415153e-06,2.8984866183422778e-06,2.931430758801007e-06
hard_coal_plant_CCS,power,CH,5.67262587151531e-07,6.048547012949606e-07,6.497816093183507e-07,7.010313977219062e-07,1.0649962564728718e-06,1.489834597083206e-06,2.0249015380416123e-06,2.9623331035020444e-06,3.022434874596213e-06,3.068138724877704e-06,3.1044567177715967e-06,3.1302967076624665e-06,3.1506246611282712e-06,3.1698561933807686e-06,3.187716411408129e-06,3.203424981445178e-06,3.2185530667209116e-06,3.23402215799085e-06,3.249680712035741e-06,3.268999857135996e-06,3.2993276918923603e-06
hard_coal_plant_CCS,power,CZ,7.15280166105746e-07,7.222193297642628e-07,7.340456230396042e-07,7.587542475504168e-07,1.0240122944327726e-06,1.3800907080750597e-06,1.8026191841213002e-06,2.5068869124735956e-06,2.5712334395917558e-06,2.616995250224467e-06,2.650679919657285e-06,2.674483788346524e-06,2.6932083518035626e-06,2.7098077361990205e-06,2.7247632957636837e-06,2.738800873439725e-06,2.7528486424060835e-06,2.7682071314295183e-06,2.7838110061055355e-06,2.803010186261804e-06,2.8339397366069087e-06
hard_coal_plant_CCS,power,DE,7.54006013021283e-07,7.608104747632097e-07,7.724980688619545e-07,7.969549301288811e-07,1.1079442282117611e-06,1.5865486281910095e-06,2.3524904350461862e-06,3.6180059830904256e-06,3.6754736687779582e-06,3.7150431511352703e-06,3.743924953302854e-06,3.765372201721905e-06,3.783968947936743e-06,3.801336836849724e-06,3.8179038979988115e-06,3.833932834117013e-06,3.848640558296629e-06,3.862124626838493e-06,3.877085730331583e-06,3.899206395554825e-06,3.932530029489766e-06
hard_coal_plant_CCS,power,DK,7.27377959173814e-07,7.337970021330628e-07,7.445964146759401e-07,7.68663629410751e-07,9.758012968052065e-07,1.3783161033861865e-06,1.7818392218285017e-06,2.7148224504461794e-06,2.837054220919273e-06,2.9071286536563745e-06,2.9524142239928526e-06,2.979418739727766e-06,2.999890385809931e-06,3.017874999072061e-06,3.0343397129533343e-06,3.0498542475622346e-06,3.0645095475833817e-06,3.0776014571635765e-06,3.0915972891189298e-06,3.109651381531821e-06,3.1440971213934275e-06
hard_coal_plant_CCS,power,EE,7.093882431922304e-07,7.15247999296081e-07,7.251930177078762e-07,7.48111121585344e-07,9.170473779800677e-07,1.1741242659636318e-06,1.4159697770183997e-06,1.8048764920445191e-06,1.8854433725351012e-06,1.9634212398621717e-06,2.044916198630377e-06,2.104981167136533e-06,2.1587956637337453e-06,2.2058368429919892e-06,2.245026039385668e-06,2.2757160559686554e-06,2.300852113528108e-06,2.3274469095258073e-06,2.3593134561414987e-06,2.3969863853938772e-06,2.4489234880832634e-06
hard_coal_plant_CCS,power,EL,4.999385798912067e-07,5.486127808366502e-07,5.928949131363722e-07,6.42792232741498e-07,8.281607983218807e-07,1.0432182489285899e-06,1.3296101102207357e-06,1.754074218113176e-06,1.865388007578862e-06,2.042935648443316e-06,2.3187156387164896e-06,2.459213423415322e-06,2.556044048013641e-06,2.607964543767857e-06,2.6581868939710432e-06,2.6965899852261986e-06,2.7418684036456617e-06,2.7825216952832445e-06,2.8057882488145658e-06,2.8246540469633913e-06,2.8604231554273806e-06
hard_coal_plant_CCS,power,ES,4.819119583043491e-07,5.277916527368531e-07,5.670312627333718e-07,6.101214319240658e-07,6.985494018169185e-07,8.057519445854485e-07,9.168866271973022e-07,1.0333868586381215e-06,1.090896777774517e-06,1.149847852839976e-06,1.2220304131780417e-06,1.2898492788181347e-06,1.350299491833829e-06,1.4153372662893258e-06,1.4842925193466916e-06,1.5559148407927477e-06,1.6449052679590821e-06,1.743387113248562e-06,1.798318652533338e-06,1.8556994775804606e-06,1.9551868204302144e-06
hard_coal_plant_CCS,power,FI,7.039761422452676e-07,7.100678547354269e-07,7.204346567780183e-07,7.454833065201998e-07,9.098350817342373e-07,1.1275911730596473e-06,1.3224057360085323e-06,1.615185861151702e-06,1.7129199009786603e-06,1.8088467194686882e-06,1.916511313972365e-06,2.009287720258973e-06,2.098298996942173e-06,2.1892343003556726e-06,2.2807896444471038e-06,2.3495160980003382e-06,2.404024252603376e-06,2.4621221188741965e-06,2.5177255509235795e-06,2.572216458626996e-06,2.649023769112417e-06
hard_coal_plant_CCS,power,FR,5.228498481788808e-07,5.659570520012705e-07,6.151715236816591e-07,6.729540882364786e-07,9.314412017216714e-07,1.2323417576299746e-06,1.5028075069953645e-06,1.8557897611732103e-06,1.940544191598791e-06,2.0150249201642998e-06,2.0936835187944374e-06,2.1654736678095383e-06,2.2262608630006664e-06,2.2802203485901536e-06,2.3289104971558953e-06,2.3697621631613617e-06,2.401771694690593e-06,2.4301895210781753e-06,2.4620798247286874e-06,2.5037499827076796e-06,2.564598820146791e-06
hard_coal_plant_CCS,power,HR,7.240762538219271e-07,7.317378973834153e-07,7.440432608074951e-07,7.65788791007838e-07,1.0496878182165232e-06,1.4501730906303536e-06,1.915188239846011e-06,2.8874685237321716e-06,2.968176801818626e-06,3.032953710595211e-06,3.0772950329121917e-06,3.1022561621802096e-06,3.117862808627572e-06,3.1298828343894218e-06,3.140036559399942e-06,3.1494827391001674e-06,3.1595714027209127e-06,3.1716721813636383e-06,3.1842032985833718e-06,3.199864301512804e-06,3.2282850589024046e-06
hard_coal_plant_CCS,power,HU,5.142490009196099e-07,5.547618828875558e-07,6.01526252763697e-07,6.551477217700276e-07,9.320346498641187e-07,1.1930940373141179e-06,1.408127437262386e-06,1.7038937909434846e-06,1.7952314256346002e-06,1.8960643430634642e-06,2.010516683579488e-06,2.0646746462243435e-06,2.0970608956426802e-06,2.122596136697345e-06,2.144487923566626e-06,2.165160536343658e-06,2.187528353369607e-06,2.2155151392033105e-06,2.240852328116972e-06,2.2695146363622317e-06,2.317525178298272e-06
hard_coal_plant_CCS,power,IE,5.23261322437634e-07,5.720094452864799e-07,6.138980119443088e-07,6.641063960891257e-07,9.113063893800921e-07,1.2245768866222502e-06,1.524750776702231e-06,1.9546837628001953e-06,2.078349829993597e-06,2.196247158534854e-06,2.3408339955319814e-06,2.4391222710672575e-06,2.50784633375217e-06,2.569458482734766e-06,2.620821776548324e-06,2.661496660583333e-06,2.7043212689733173e-06,2.75739012526261e-06,2.800082512718808e-06,2.8329284793959787e-06,2.87220866406052e-06
hard_coal_plant_CCS,power,IT,5.42737519601659e-07,5.938861043688335e-07,6.379940230941044e-07,6.803673495183137e-07,8.695429515864029e-07,1.1269574061383728e-06,1.4574842450139362e-06,2.63775971754565e-06,2.7354142605188333e-06,2.8045232542772613e-06,2.8509357182905512e-06,2.8817354875369947e-06,2.9038523246370506e-06,2.9205568154971395e-06,2.9347669096417037e-06,2.9475239527464162e-06,2.9601430094026425e-06,2.9737292778537514e-06,2.9892698724373853e-06,3.0102470074941823e-06,3.046613753362652e-06
hard_coal_plant_CCS,power,LT,7.008031456591264e-07,7.067568787341439e-07,7.167809146485359e-07,7.396405132818741e-07,9.074185812482066e-07,1.1616639979281e-06,1.4057766797458544e-06,1.7532595183238797e-06,1.826149125329038e-06,1.897727373335683e-06,1.9735846552806986e-06,2.0270351716900723e-06,2.067411646771599e-06,2.1036954852861746e-06,2.1349004438037306e-06,2.1608554365489668e-06,2.1850316721751816e-06,2.219073519418634e-06,2.2499617533423717e-06,2.283119111317339e-06,2.327813352778531e-06
hard_coal_plant_CCS,power,LU,5.26097640000482e-07,5.694368968463155e-07,6.197101574468401e-07,6.761307911648403e-07,9.498662387314067e-07,1.2810008057104965e-06,1.5929756562491349e-06,1.8932118054799673e-06,1.9495178090191826e-06,1.998787955140184e-06,2.058829979033735e-06,2.1036301013903084e-06,2.140401149920053e-06,2.1755299898132e-06,2.213052481453364e-06,2.252510394472957e-06,2.2934394146175365e-06,2.3251754089136164e-06,2.3556802379775437e-06,2.395824618186733e-06,2.45623716377745e-06
hard_coal_plant_CCS,power,LV,7.06615310271745e-07,7.125305580950197e-07,7.224093028762204e-07,7.417460254764819e-07,9.110424632689455e-07,1.1691340292241019e-06,1.4169990819123596e-06,1.7850385729440043e-06,1.8688833229670006e-06,1.9458629410604176e-06,2.0203567516629957e-06,2.0754336626591356e-06,2.122826423757555e-06,2.1635311228502493e-06,2.197788567760712e-06,2.2257429222602176e-06,2.2497387137900657e-06,2.2756906851665153e-06,2.307110896958315e-06,2.3451597300172602e-06,2.3992812616672305e-06
hard_coal_plant_CCS,power,NL,5.514711226884558e-07,5.958992522870978e-07,6.367335776104674e-07,6.833225498258383e-07,9.555048822438478e-07,1.3472070433169254e-06,2.0072644943549318e-06,3.494254079839407e-06,3.561232229667199e-06,3.5993477535857787e-06,3.6240029584533522e-06,3.6405680597153216e-06,3.6544303820412755e-06,3.667266856705524e-06,3.6793190528836457e-06,3.691230430941464e-06,3.702886616603499e-06,3.7143763006695477e-06,3.7271211176627996e-06,3.7432616926305277e-06,3.769830081013327e-06
hard_coal_plant_CCS,power,NO,6.985674039214001e-07,7.052212107258001e-07,7.165308353508204e-07,7.435316698382566e-07,9.254748293190517e-07,1.17292012018028e-06,1.3944883736029668e-06,1.724605109486081e-06,1.8317544838048616e-06,1.939023301424484e-06,2.055209025778584e-06,2.177870558662575e-06,2.293904288395779e-06,2.4086760325327445e-06,2.5081630775606915e-06,2.5754252145580136e-06,2.62159246863464e-06,2.6723319268433625e-06,2.7321120282283754e-06,2.790957493892683e-06,2.848292391826155e-06
hard_coal_plant_CCS,power,PL,7.220509027263017e-07,7.279000447490532e-07,7.378880551085199e-07,7.610510738794492e-07,9.812645616016203e-07,1.344664797066811e-06,1.7384668486015585e-06,2.5107618182123723e-06,2.560204819988395e-06,2.600739411531068e-06,2.632044122055284e-06,2.6548598405208776e-06,2.673803769480416e-06,2.690661428087543e-06,2.7064216871457494e-06,2.7212206166755e-06,2.736374929902848e-06,2.7532187081139237e-06,2.7710529015504297e-06,2.792440649821787e-06,2.8264826532332356e-06
hard_coal_plant_CCS,power,PT,4.730882903661271e-07,5.180920257950615e-07,5.558434990291728e-07,5.982172437975488e-07,6.785266119510751e-07,7.732342720842747e-07,8.711147975765867e-07,9.734076748754369e-07,1.030417024414235e-06,1.0870453804339411e-06,1.1471005524929711e-06,1.2090350646478113e-06,1.2710430829230355e-06,1.3367348228095714e-06,1.4065500743196333e-06,1.4790650789196496e-06,1.5654700436622169e-06,1.6623096694746243e-06,1.7216669438524593e-06,1.783440234470261e-06,1.861030702831629e-06
hard_coal_plant_CCS,power,RO,4.835380835321338e-07,5.379810248536065e-07,5.93024038010189e-07,6.489542836962803e-07,9.680208495822805e-07,1.2424891135954425e-06,1.4918441490734318e-06,1.7868322608923328e-06,1.874857386198268e-06,1.9541075722135256e-06,2.0297483062598192e-06,2.068823384609575e-06,2.0992346828206843e-06,2.126361535436653e-06,2.150933875036886e-06,2.1748875275335197e-06,2.1997044071328638e-06,2.224243656167634e-06,2.247048234185517e-06,2.2728297339838193e-06,2.3209870702273832e-06
hard_coal_plant_CCS,power,SE,7.098310840901577e-07,7.160751484619003e-07,7.266812004084947e-07,7.51885554588682e-07,9.251771219763308e-07,1.1679131856016868e-06,1.3904678814704304e-06,1.7518127226594862e-06,1.8552842819972736e-06,1.957235325225142e-06,2.068792672728424e-06,2.1810467560882898e-06,2.282790671708824e-06,2.3872813714433733e-06,2.487849379619452e-06,2.5635467954770296e-06,2.6190869436171887e-06,2.679994757578577e-06,2.7509651172795547e-06,2.82306966096249e-06,2.8915121944655125e-06
hard_coal_plant_CCS,power,SI,5.44757362035663e-07,5.849129004071169e-07,6.305694563178009e-07,6.775026347541293e-07,9.809713686893077e-07,1.302409174306443e-06,1.609254500191918e-06,2.152730450118669e-06,2.2417237964161464e-06,2.3195385859383385e-06,2.3834929321992093e-06,2.4105757021471982e-06,2.426359686482024e-06,2.438048893578155e-06,2.4482588721745614e-06,2.4580152647185587e-06,2.4683710905795754e-06,2.4813948021131624e-06,2.4970424735464843e-06,2.5169286319246912e-06,2.5497358869994873e-06
hard_coal_plant_CCS,power,SK,6.670821947724386e-07,6.743867285733135e-07,6.867490035508312e-07,7.10695541534695e-07,9.352000239860494e-07,1.2166166073182537e-06,1.4005013601591423e-06,2.3910036799936433e-06,2.4547155948840686e-06,2.49776431817672e-06,2.5306453078312384e-06,2.554093850445793e-06,2.5705405047056646e-06,2.585080860327885e-06,2.5983776485963012e-06,2.6110655911961877e-06,2.6249270383029008e-06,2.6418877861331705e-06,2.658964766003586e-06,2.680264867875528e-06,2.7140056374439666e-06
hard_coal_plant_CCS,power,UK,5.160869830077293e-07,5.636690241652262e-07,6.057736298951863e-07,6.590283962425879e-07,9.193112364174155e-07,1.2643176639601116e-06,1.6460014106255828e-06,2.2132745230287314e-06,2.351730911830258e-06,2.472108761578997e-06,2.5818079497309203e-06,2.6635354379727933e-06,2.719003351120946e-06,2.7615717534958093e-06,2.7968019820448964e-06,2.824852071490189e-06,2.848300652179585e-06,2.8685041378442934e-06,2.8896751677459733e-06,2.914859115847866e-06,2.953807762702577e-06
heat_pump,power,AT,200.2763867360282,210.52308785144606,210.52308785315088,210.52308785518252,183.6753541780944,172.8978064283127,145.78386182242778,137.70909487343178,127.32418413055369,127.32418417274734,132.91974493638295,148.94683491062744,155.23692762433734,212.77338184630895,263.8998037086443,286.0999605753681,295.83806023063914,358.3529738521752,356.9927164634182,365.96648816006757,406.7076106001778
heat_pump,power,BE,184.9386036898939,195.88829366874967,195.88829367050775,195.88829367263628,189.75713622798546,177.1157431544475,157.12917655668906,156.13302402990007,142.96167000693322,199.18465248385326,393.5238470563804,478.6630158757669,541.5492185979971,697.799109880929,697.7991106482946,787.7271284572851,798.1804749302269,895.0710197015246,918.3430304064833,935.299649481571,1026.9903280733693
heat_pump,power,BG,257.1744629600218,257.17446296647813,257.17446297111616,257.1744629760331,255.92183411221424,254.12604207269493,261.96337201562204,272.23234422733145,280.1930173288269,287.25436350595606,287.25436354824456,288.1212372208928,287.8401459431824,286.52874783318856,286.27405761192733,289.9906236993834,289.949442036802,289.41302662884124,338.484922128114,323.1989226275358,323.198930533883
heat_pump,power,CH,271.3571703841615,285.2405635585291,285.2405635599288,285.24056356159923,248.86420805699385,234.26156363072724,197.5245153997078,186.58390503255671,172.5132497649315,172.51324977844163,143.7902285340978,134.8716073238514,141.41418217716725,216.9926864152028,286.2645632390153,316.3438531194291,329.5381342641001,414.240433804789,412.3974003691096,424.55608334734063,479.756776495421
heat_pump,power,CZ,152.11326081147016,155.59911235482696,155.59911235728052,155.59911236043092,144.78702058161696,137.6444824456854,128.62953183653147,133.50273132664492,138.2463364850511,152.0184340070779,153.62371008076042,157.61742542894694,161.31991971681887,184.38159650348229,207.77397175813394,217.67468615532005,412.6728626695226,503.29179639379106,624.6554235607412,654.4301997291487,740.7830281175579
heat_pump,power,DE,572.322560502128,632.5302919528917,632.5302919541806,632.5302919556929,610.2066780632744,597.8782049310407,446.4418425794148,434.1133694521733,361.0257847779709,361.02578479166726,279.5211044589494,279.52110463474605,366.8999488240132,1140.3371533912386,1612.288515959496,1970.2614296003073,2570.0486413336157,3853.065655887025,4545.115427581319,5253.772267001179,5423.333540916216
heat_pump,power,DK,546.85330740847,549.4736880072437,549.4736880122956,549.4736880202663,544.5432236491043,581.313313186858,614.3272280792526,667.4490428340696,676.6829077054007,686.0828394912791,693.7802733095026,709.4243145210409,722.9358055276678,757.0198888847652,795.8250310631919,836.8077759279954,844.4901866635496,878.1020609110991,907.7059113183545,1401.7567861941084,1401.757112984014
heat_pump,power,EE,4.1103356600905725,4.269644974769628,4.269644976550809,4.269644978664092,4.0616675554455375,3.6113160769481794,3.5296371420343506,3.20365688489533,3.1163656035337612,3.116365640257323,3.0528846122403865,3.7204640358518213,4.593280898173304,5.996190434457911,8.020035255835168,13.739071954727203,14.970232864044206,23.82358650250162,23.74533776413068,24.939269223986297,29.64923985419356
heat_pump,power,EL,1598.049341833148,1598.0493418408068,1598.049341846425,1598.0493418527535,1598.049341864628,1597.7827911322438,1601.3482412251078,1627.5946832996278,1648.742724357118,1670.5961593178736,1712.463540379549,1718.6407285243051,1726.9784932434952,1756.422623054951,1778.6565154770221,1770.9282126653047,1805.8089898670382,1805.8089927292174,1831.6173708876975,1653.939081290761,1671.581246594412
heat_pump,power,ES,1625.9951942434477,1627.1778733598996,1627.1778733670699,1627.1778733772912,1632.0719295069157,1655.283626385238,1716.84595419542,2063.3303751756894,2093.0124576242483,2171.941779222619,2199.074278823109,2351.173521924301,2372.9733542689737,2442.4147484861055,2491.467700894065,2517.249789349428,2514.7500663927635,2792.0464500876383,2802.917407080198,2597.107815621736,2597.1078339132064
heat_pump,power,FI,344.58313181758126,352.30947413012876,352.30947413250453,352.3094741353739,323.39825951898865,299.7901086038756,284.01297099231886,257.00334576060436,254.66327815925587,253.8521219252657,273.16240435669306,271.0837962714277,281.1061362217381,293.76499587217495,292.6817943196828,292.8337597417729,290.7251147427563,291.3371941908476,288.5363229625863,295.9858987032104,296.7590028811275
heat_pump,power,FR,7002.522859412236,7052.062174546676,7052.062174551881,7052.062174559852,7236.7428653389225,7668.617412840932,7806.059795974124,7993.554994726855,8223.617628842372,8405.220033408743,9020.979654328348,9293.078561931045,9639.687807030346,10094.624861390339,10200.568483321915,10351.591655502762,10680.490522007398,10805.360074784136,11075.575595614897,10253.65930901928,10464.40782453275
heat_pump,power,HR,147.84115403434743,150.79074745129168,150.79074745600323,150.79074746342164,150.7445800373904,156.72155004991234,170.40164883712887,175.86442222806474,180.67556521004732,193.54951509155083,198.12246762005512,217.07450943476437,235.17340503258433,265.1438761456317,269.80899196432637,303.6269373965689,307.7411876298857,336.16568936303025,348.9998454336497,344.36478606245714,535.8826534512748
heat_pump,power,HU,732.4005400205783,734.0286059600028,734.0286059648538,734.028605972381,782.1706944265062,849.5999340020632,861.9922168176328,874.5516878986907,887.0256114934821,936.721408488739,969.0151118751634,1034.824366211716,1117.0907181812056,1254.1814747434785,1284.2994625616702,1491.3369222100116,1552.4889968968855,1687.0731650298956,1817.8556156291622,1822.4047252216187,1879.6309242003144
heat_pump,power,IE,608.3409918062595,609.8612852031582,609.8612852059601,609.8612852094828,608.0938806737139,609.4453101279795,610.335152933758,622.9846214189348,623.8237909213836,628.1239630356606,628.3430388902005,644.9914344292284,647.618827531652,685.682113590261,704.009181311228,717.903094655967,725.129856630631,727.7039952776483,748.4105363725116,700.9368692057546,700.9369280393076
heat_pump,power,IT,3766.8846071510543,3797.539543873876,3797.5395438775854,3797.5395438841747,4378.337165157582,5010.438052817966,5349.897503597984,5685.8203385949655,6093.916128051146,6441.198911143685,6995.336513446768,7731.300837735949,8632.680559886727,9196.258453693232,9251.960388953627,9586.656183741443,9801.299264553856,10064.166609527505,10262.375356818546,9840.082250504882,10142.48852402248
heat_pump,power,LT,257.641640637059,257.6416406582726,257.64164067169315,257.64164068457893,259.94991611826333,268.2096266643767,269.28336172953044,272.2576323175065,283.1202642469085,285.43859035593647,286.1492812610696,294.5922076547324,295.95664832510664,333.0465655655924,333.8518856637006,343.24492817499356,360.53756328920065,386.8664363952779,400.43672545271295,375.288836782625,375.2888384353419
heat_pump,power,LU,18.25662530330287,18.25662530448486,18.256625305734328,18.256625307145924,17.28097247462807,17.129578749531095,15.04154474171763,15.04154474714108,14.89889326397286,15.016953033681666,15.758523250224869,22.964638529519448,23.443053098037026,25.520639308152145,26.982358290325994,35.44146294080918,36.37661021667991,46.163553820799045,49.07645855761321,49.076461058455706,51.536150509285754
heat_pump,power,LV,5.0782283309589245,5.487970778731045,5.4879707820758235,5.487970786376882,5.18979398402814,4.759499298621224,5.742115207023552,7.9859564954161435,11.783208298475046,14.692385571915082,14.671345118422876,24.533650916211165,24.500551511009515,29.256319900640808,35.070450260547666,52.6702914654099,56.24521186820929,70.20615559061817,77.35603481287751,87.88180354919929,120.1985719112728
heat_pump,power,NL,118.67431238300914,121.15511538254243,121.15511538456107,121.15511538713567,117.10751305266666,114.20865743573061,107.50624456413549,106.86479522559323,104.38527102406712,409.17958005137234,625.1119244624736,939.8292795461732,1155.9103005444836,1318.5537886927943,1346.2985423356788,1345.178728652956,1370.319260544567,1394.870908548667,1440.4132924744085,1451.9315094628053,1451.931509642391
heat_pump,power,NO,804.7737016068188,804.7737016095801,804.773701612181,804.7737016149754,689.2855686394021,610.3624115472091,468.88255544569455,371.52268883175066,366.19067123219725,360.7353068296945,355.77810838966116,354.4708351564298,351.56650615140575,359.39776118014606,370.472907165777,370.9135030524776,370.3510818604548,384.94997662653407,381.981416059555,390.21732409913335,1192.5401297007488
heat_pump,power,PL,1327.242838454407,1327.2428384571742,1327.2428384602763,1327.2428384641216,1327.2428384720831,1346.0568643269767,1393.8846802448609,1420.4274857926434,1523.573802999253,1549.3346576032416,1608.9514630896608,1634.0906988124202,1670.9772926236412,1695.246549994295,1697.971613979739,1697.9716146052851,1774.3967015322528,1931.4792955949201,2561.908477068469,3197.441790154632,4072.988554874423
heat_pump,power,PT,140.5449698504351,140.6482293968285,140.64822940665098,140.64822941841115,142.00509101378015,146.4652215315043,157.8284630624383,165.50999309700572,177.29223358346317,183.10980529582105,188.20512816990683,202.87635206733822,211.45573919149774,213.66912812892588,219.76634803575107,219.68188589183535,220.46278504144138,222.52645058703138,223.56802219485718,203.5258495808455,203.52586186869425
heat_pump,power,RO,5.120978113524066,5.120978115791851,5.120978118479945,5.120978122401243,4.846334153047582,4.5853478973078605,4.552808064116929,116.07252061809184,189.92342984660155,191.1020017211976,219.40602398567708,224.7058820336426,234.9215772518769,301.0819736968231,324.22102003655056,324.2280549698623,410.268350441773,473.25373055340987,489.0795219508467,516.5888984059021,571.5128738617934
heat_pump,power,SE,590.5911546998885,590.5911547051886,590.591154709879,590.5911547149586,552.3414056723688,484.85420578664883,440.4829934988787,442.1993053086327,453.6761474556428,453.28089439145293,441.86378959725613,511.8383582059515,508.06501035418205,504.8569307838605,501.91893160105866,497.03764872607064,496.9782650401438,502.6020957598643,582.1826225288619,1197.7662483207273,1477.7108206539588
heat_pump,power,SI,243.90247537162006,246.90820214264474,246.90820214510066,246.90820214868717,246.5217689705239,249.69616546319162,249.57034763195793,249.49909492261233,249.44636804112662,251.56926783285428,254.66037222638502,256.25322693880827,266.3187178476927,270.73103132055485,275.69060539939153,277.2806920603306,280.9581325675535,286.9558289861989,286.43312450464225,252.70723398540326,253.154055723242
heat_pump,power,SK,38.31603830165384,40.3871047029993,40.387104705186864,40.38710470783567,40.387104712020566,39.49788806783407,35.45565995062604,35.45565996278524,34.801215134443154,34.80121518627983,33.94464967157878,71.73398069452853,71.631099558254,118.01292613972227,124.7384768781765,125.17362798870245,125.29915864231926,127.43808351545647,139.45875024088772,162.47046596979865,175.47268601897147
heat_pump,power,UK,3315.204223496249,3353.137211366705,3353.1372113721955,3353.1372113807943,3917.3615971652125,4566.718616267939,5126.649524095061,5681.706795410286,6313.2284886210255,6886.223403423301,7440.447615022988,8140.398964449396,8685.517659093206,9412.881787814957,9473.358347594618,9512.964714928954,9657.232713443034,9981.841059707833,10451.721538313304,10571.901325752999,10571.901336114857
hydrogen_storage,energy,AT,7.247684910341766e-08,7.293393234189324e-08,7.3056178385282e-08,7.33892923843634e-08,7.604060098315759e-08,8.45470567756221e-08,8.995200791272003e-08,9.559831705163957e-08,1.0184809900933295e-07,1.0828379179521456e-07,1.2316608287851762e-07,1.2644267106347854e-07,1.336705342745084e-07,1.416075975292925e-07,1.5099371957291503e-07,1.636750119907767e-07,1.731508215522478e-07,1.8340355908539895e-07,1.9472778150946151e-07,2.083159578822408e-07,2.2152758717337164e-07
hydrogen_storage,energy,BE,7.199327806330138e-08,7.277095969278117e-08,7.289688740352232e-08,7.329841157589342e-08,7.654988551538675e-08,8.495411693673861e-08,9.035156868795047e-08,9.599038013685284e-08,1.022035136297486e-07,1.0863051472583467e-07,1.242687201023106e-07,1.2657810086248458e-07,1.3377584982333895e-07,1.4155616818368735e-07,1.5018797166933382e-07,1.621810760674295e-07,1.7119954523346405e-07,1.8114575379981436e-07,1.9244361236735707e-07,2.0564116791014673e-07,2.1946725874770325e-07
hydrogen_storage,energy,BG,7.123881127585345e-08,7.207326420910631e-08,7.220165008247334e-08,7.262484757961945e-08,7.60192339751895e-08,8.446904822772684e-08,8.977263303357645e-08,9.521121923782613e-08,1.0111066965238536e-07,1.0837476557225243e-07,1.2332839498256198e-07,1.2682593475231447e-07,1.343004976400015e-07,1.4203502475675143e-07,1.5117045252224692e-07,1.6385425371775523e-07,1.7366724857793123e-07,1.848226772699927e-07,1.9667603931793778e-07,2.0837815765982395e-07,2.209920427583084e-07
hydrogen_storage,energy,CH,7.183124530263733e-08,7.255941912054436e-08,7.268660055732871e-08,7.306746893966048e-08,7.603928258757942e-08,8.46361523274492e-08,9.01521824261547e-08,9.587680014426928e-08,1.0209632142045926e-07,1.0863035792016684e-07,1.2365658264458985e-07,1.2682275865701743e-07,1.3426068649881544e-07,1.421124560938286e-07,1.5100310224104304e-07,1.641881211662272e-07,1.7357158377815446e-07,1.8389683257485238e-07,1.9570938806060423e-07,2.0944608287792648e-07,2.2299553861677978e-07
hydrogen_storage,energy,CZ,7.277546623156172e-08,7.329517573330482e-08,7.342073537429379e-08,7.378909506211258e-08,7.691383054081828e-08,8.473178588003575e-08,9.009395526085873e-08,9.576697555039727e-08,1.0175806747243547e-07,1.0814607631722279e-07,1.23031455225885e-07,1.2640128402998316e-07,1.3358405361858463e-07,1.4182422431927637e-07,1.5116898041914414e-07,1.6399643536254503e-07,1.7376628236365955e-07,1.836901241936809e-07,1.9540355633188445e-07,2.0879489488877587e-07,2.2185679398068727e-07
hydrogen_storage,energy,DE,7.581668895818375e-08,7.617943759878347e-08,7.633015766639834e-08,7.669262954066787e-08,7.943500722524776e-08,8.791857070314372e-08,9.354767622111372e-08,9.951638003955834e-08,1.0587474670294407e-07,1.1247147273674814e-07,1.2695680326829937e-07,1.3065697116047953e-07,1.3822889412349552e-07,1.4556004458175844e-07,1.5442755347867368e-07,1.6709846644962206e-07,1.766848203262468e-07,1.868587745909022e-07,1.9869589407563666e-07,2.1286951026417427e-07,2.2720763765916545e-07
hydrogen_storage,energy,DK,7.303724439779205e-08,7.345921489726516e-08,7.358021618383772e-08,7.390218075836486e-08,7.657506713700931e-08,8.489461844169588e-08,9.021529408062965e-08,9.582002543671937e-08,1.0175222817891251e-07,1.0806878708970153e-07,1.2284750335483307e-07,1.2598534672709315e-07,1.3294336522589485e-07,1.4153271129477968e-07,1.503302128141224e-07,1.62581212229384e-07,1.7207267023296347e-07,1.820885823994305e-07,1.9364475147674604e-07,2.0449816586062311e-07,2.1636173690376476e-07
hydrogen_storage,energy,EE,7.085900613489923e-08,7.121999001221127e-08,7.130941431699045e-08,7.163711263146227e-08,7.439825046948337e-08,8.123536234810988e-08,8.613890747312056e-08,9.15344541799157e-08,9.72629288860306e-08,1.0354156056786058e-07,1.181679090331316e-07,1.2139367962208528e-07,1.2824656653547293e-07,1.3566829840134683e-07,1.448289174708829e-07,1.5683226808214028e-07,1.6727972688153364e-07,1.772416800228394e-07,1.890872275649009e-07,2.0047136987410895e-07,2.1299193327008236e-07
hydrogen_storage,energy,EL,7.237050344434597e-08,7.315952330498585e-08,7.328315841387295e-08,7.369616546894885e-08,7.699899522374421e-08,8.535981085345113e-08,9.063447897823638e-08,9.618504659476506e-08,1.0225026473772668e-07,1.0892002342794045e-07,1.240714551227977e-07,1.273481813959212e-07,1.352561696770903e-07,1.4317685038770185e-07,1.5266467295726417e-07,1.6503666979105912e-07,1.7474545718324405e-07,1.8574546765189244e-07,1.9703184907060824e-07,2.0893889306593688e-07,2.2185782462989091e-07
hydrogen_storage,energy,ES,7.306619280531498e-08,7.392034662098519e-08,7.405713900934557e-08,7.451681127067479e-08,7.786867956098445e-08,8.641019126945477e-08,9.180679868905147e-08,9.745268798454767e-08,1.0361892488696874e-07,1.1000203266275356e-07,1.2342999192945593e-07,1.2788413928244206e-07,1.3524720688949725e-07,1.4304943002374935e-07,1.5174784145193845e-07,1.6407765410277399e-07,1.7404397682645416e-07,1.852546719048588e-07,1.9635074708569701e-07,2.086576216727473e-07,2.223300183047384e-07
hydrogen_storage,energy,FI,7.362151039102842e-08,7.402575163975307e-08,7.41393769887658e-08,7.446177302637938e-08,7.718191163957362e-08,8.570161330799855e-08,9.107231201230854e-08,9.67424407048353e-08,1.0310408222737768e-07,1.0949437309456571e-07,1.245260874996911e-07,1.274174904708494e-07,1.34502100147754e-07,1.4225809693060133e-07,1.5089400044044864e-07,1.6321611813475606e-07,1.7256594597712124e-07,1.826804982022748e-07,1.9405876117837377e-07,2.0524913885653304e-07,2.1818630629975116e-07
hydrogen_storage,energy,FR,7.429302501212708e-08,7.481705730506234e-08,7.497228679517137e-08,7.540112166975798e-08,7.871379966140955e-08,8.737227716216355e-08,9.293657405370324e-08,9.874397516178806e-08,1.0501437702427444e-07,1.114293848011439e-07,1.2517366690976075e-07,1.292100532140373e-07,1.3631090322756268e-07,1.4398577186173947e-07,1.5259713751301738e-07,1.6512050594095351e-07,1.7388004007356672e-07,1.8334543955545968e-07,1.9482574798607768e-07,2.0933440615032869e-07,2.226930295841587e-07
hydrogen_storage,energy,HR,7.137578939000755e-08,7.205292525012648e-08,7.217126927571305e-08,7.25383328539589e-08,7.546169885063502e-08,8.385368746255185e-08,8.911540175469755e-08,9.465656978524108e-08,1.0079620068153643e-07,1.073016754204527e-07,1.2248475907692414e-07,1.2557189900037729e-07,1.333573386780824e-07,1.4115313826800053e-07,1.500318319096135e-07,1.6267142181787215e-07,1.719913855405034e-07,1.8244531891936242e-07,1.935044015630345e-07,2.0770245434413238e-07,2.2099833533549927e-07
hydrogen_storage,energy,HU,7.178352917099075e-08,7.262195389003034e-08,7.274914003152204e-08,7.316369406410072e-08,7.652713100435787e-08,8.50752425851118e-08,9.03588458652455e-08,9.5890155214707e-08,1.0189772535888612e-07,1.0835428908861502e-07,1.2389655856237384e-07,1.2744245187065413e-07,1.347846182278994e-07,1.4271894335159467e-07,1.5146818514048293e-07,1.6446931766371445e-07,1.7412272483916645e-07,1.847759827742583e-07,1.9720711696213784e-07,2.1083027762358946e-07,2.251418616807166e-07
hydrogen_storage,energy,IE,7.206601522862098e-08,7.285603807106033e-08,7.297813920818485e-08,7.337070440105189e-08,7.672694547208652e-08,8.513598091472811e-08,9.058187441940287e-08,9.614886741162544e-08,1.0244838968766192e-07,1.0880788386001302e-07,1.2352920619116104e-07,1.26548978205569e-07,1.3332989125488854e-07,1.4110260433085174e-07,1.4970203758447531e-07,1.6150181956276508e-07,1.7031549213932528e-07,1.7981261824357196e-07,1.9038944336733896e-07,2.0315706790826364e-07,2.1580553198186179e-07
hydrogen_storage,energy,IT,7.424156919487602e-08,7.512226459651268e-08,7.526100717535713e-08,7.568981555130449e-08,7.878281929977133e-08,8.708683274529879e-08,9.266498265577997e-08,9.856933416420799e-08,1.0530176056819095e-07,1.1201108350794817e-07,1.265589180645618e-07,1.3133180677814088e-07,1.394569787370375e-07,1.4787121197925012e-07,1.572050054134488e-07,1.7033056544098298e-07,1.8035861479278457e-07,1.9109966792655835e-07,2.0354384961072033e-07,2.173127710947074e-07,2.312840701951744e-07
hydrogen_storage,energy,LT,7.212204188989218e-08,7.251056459625751e-08,7.260884940255588e-08,7.294104729548816e-08,7.562873397254792e-08,8.381309119284355e-08,8.902617365449825e-08,9.456068057869275e-08,1.0027202426253295e-07,1.0635197584894188e-07,1.210976793712439e-07,1.240481342616094e-07,1.3075819241327414e-07,1.3827361679217567e-07,1.473637054523379e-07,1.593676885297695e-07,1.6843646563743322e-07,1.7868088515985618e-07,1.9064224872433704e-07,2.0225202252544178e-07,2.1471368510320222e-07
hydrogen_storage,energy,LU,7.02000520121886e-08,7.085444979833592e-08,7.09783035661178e-08,7.136175386534749e-08,7.445720467128145e-08,8.268383173699708e-08,8.792289945258581e-08,9.337160659423844e-08,9.921818906207537e-08,1.0532252425215115e-07,1.2033088193450965e-07,1.2280480638529348e-07,1.2962022990709966e-07,1.36794064529298e-07,1.4514948704375777e-07,1.57200651856198e-07,1.6576155945532506e-07,1.7484156438009246e-07,1.8554680738713863e-07,1.9930137643035958e-07,2.1204627661540595e-07
hydrogen_storage,energy,LV,7.154869388920141e-08,7.192256484886012e-08,7.201484888779447e-08,7.234033306311247e-08,7.52291914655661e-08,8.255948363130274e-08,8.740733003444063e-08,9.280505058454041e-08,9.859515084338495e-08,1.0474231010516914e-07,1.2003933805175254e-07,1.2278466071632966e-07,1.2969005227255842e-07,1.3760435925102967e-07,1.4678883360881082e-07,1.5888410790261252e-07,1.6780937776046783e-07,1.789700224624032e-07,1.9070860210568306e-07,2.0225489200970277e-07,2.1494187719226708e-07
hydrogen_storage,energy,NL,7.2729436704994e-08,7.35896805755071e-08,7.373038668080483e-08,7.415264981199756e-08,7.753463018614947e-08,8.61197611202693e-08,9.159460050899126e-08,9.719832906700822e-08,1.0328051228774339e-07,1.098820041572497e-07,1.2526345287849652e-07,1.2833474606816413e-07,1.3546654404772945e-07,1.4366483616187935e-07,1.5328076821091513e-07,1.6587068234288262e-07,1.753295466702239e-07,1.8566110847629891e-07,1.971859001139566e-07,2.0863633036373116e-07,2.211821189212794e-07
hydrogen_storage,energy,NO,7.379772669720458e-08,7.425747388056548e-08,7.437987131685135e-08,7.473964421921623e-08,7.76299951595566e-08,8.61549494883175e-08,9.159092481352142e-08,9.729807574467862e-08,1.0363244109725846e-07,1.1000487472124679e-07,1.2361084860268026e-07,1.2776275068422887e-07,1.3495722778097723e-07,1.4285248848575265e-07,1.5152840991889015e-07,1.6371768919785895e-07,1.727960569462842e-07,1.828781370271446e-07,1.944399722626287e-07,2.0792723392491348e-07,2.214055649187619e-07
hydrogen_storage,energy,PL,7.47985493409705e-08,7.523632450846772e-08,7.535062183536831e-08,7.570306533432999e-08,7.849791533483086e-08,8.676988128241776e-08,9.216532156637638e-08,9.8113664898961e-08,1.0439053833681449e-07,1.1105292173317041e-07,1.2591333762761354e-07,1.2980516584397702e-07,1.3687218881755017e-07,1.4463715620999028e-07,1.5487396448106478e-07,1.6763255410642323e-07,1.7708581831964374e-07,1.8731893965957098e-07,1.9758600279387953e-07,2.1049959457772885e-07,2.2344568509485085e-07
hydrogen_storage,energy,PT,7.237812778404605e-08,7.32694416902389e-08,7.338359034324713e-08,7.383761085315585e-08,7.701727097757149e-08,8.515388067854596e-08,9.017633855595297e-08,9.565486708785939e-08,1.0152637351069485e-07,1.0773177371947108e-07,1.229486515151191e-07,1.2566941807729045e-07,1.3274334858722222e-07,1.4040971548954195e-07,1.4889717040438115e-07,1.613566743142098e-07,1.709368483525857e-07,1.8203425127814792e-07,1.9298468463851577e-07,2.0510872919485446e-07,2.1803842619711856e-07
hydrogen_storage,energy,RO,7.148772074893309e-08,7.24582912299305e-08,7.257544560960728e-08,7.302762413196262e-08,7.657311324267035e-08,8.452738802405463e-08,8.961808148132918e-08,9.505461587083605e-08,1.009971354007604e-07,1.0771748294586658e-07,1.2374432358504452e-07,1.2701351900297076e-07,1.3435767247792314e-07,1.424927517509446e-07,1.5154356875111667e-07,1.6451227000235002e-07,1.7422080805563868e-07,1.8443206815565422e-07,1.950007096254054e-07,2.0797173384490797e-07,2.2252494203281704e-07
hydrogen_storage,energy,SE,7.42218713087905e-08,7.465929604332308e-08,7.47950705213078e-08,7.517247940755096e-08,7.804470139491599e-08,8.653351627941841e-08,9.192796160259895e-08,9.759441056711966e-08,1.0397436904324485e-07,1.1035254450613257e-07,1.2508256103878678e-07,1.2827258137811756e-07,1.3517426854847504e-07,1.4300585576309728e-07,1.5176241033432775e-07,1.6394040144612354e-07,1.7320680494902204e-07,1.8326998776938846e-07,1.945378814275935e-07,2.0619936219650526e-07,2.1997089303064294e-07
hydrogen_storage,energy,SI,7.131925787672109e-08,7.215251153498938e-08,7.227875062911954e-08,7.267053871027105e-08,7.581886742633718e-08,8.419962029140125e-08,8.950387212790812e-08,9.498201482619553e-08,1.0126408389740934e-07,1.0775212622982158e-07,1.236007838710446e-07,1.2632575368129758e-07,1.3430760896306314e-07,1.4208675226591807e-07,1.5084447024930798e-07,1.637436469288454e-07,1.7310027774066036e-07,1.833085970619432e-07,1.9532057043116522e-07,2.0931325885240994e-07,2.2284083483726193e-07
hydrogen_storage,energy,SK,7.244089732325693e-08,7.292204413065717e-08,7.304250925966984e-08,7.33830382407648e-08,7.617223599115811e-08,8.465018658508463e-08,8.983370848374897e-08,9.566747464364816e-08,1.017467220889947e-07,1.0829163437928182e-07,1.2390641871372275e-07,1.2689677941300466e-07,1.3411182305686394e-07,1.4191661783807166e-07,1.508260874675957e-07,1.638792390714387e-07,1.7322260787464738e-07,1.833928854841794e-07,1.9507374939353323e-07,2.095864059453603e-07,2.228715215553278e-07
hydrogen_storage,energy,UK,7.454997242312964e-08,7.513179768674858e-08,7.528400268400852e-08,7.570003682064401e-08,7.896079609849373e-08,8.764009437869462e-08,9.319336319356631e-08,9.907968948744178e-08,1.057436152511145e-07,1.1229371003190584e-07,1.2681832219172572e-07,1.3071759017884597e-07,1.377790230606659e-07,1.4581957997026295e-07,1.544069896244842e-07,1.6643957907911855e-07,1.7572274168269728e-07,1.8558632360699912e-07,1.9684356072065307e-07,2.1213198526160987e-07,2.2495733857846985e-07
hydrogen_storage,power,AT,8.395024306682611e-06,8.447968452912042e-06,8.4621282641944e-06,8.501003763566848e-06,8.812966591048505e-06,9.822900534144459e-06,1.0468543139201648e-05,1.1147481731484225e-05,1.1904369215169958e-05,1.2689836025917555e-05,1.4521600368416862e-05,1.4926482442063269e-05,1.582336171640665e-05,1.6812650032807266e-05,1.7988149558864646e-05,1.9584476038344697e-05,2.0779576940998697e-05,2.2075258971536355e-05,2.3509362939256202e-05,2.5233984033377898e-05,2.6914719852220665e-05
hydrogen_storage,power,BE,8.339012067105374e-06,8.429091261539277e-06,8.44367752191945e-06,8.490536713529767e-06,8.873117226454058e-06,9.87091452125405e-06,1.0515661295263556e-05,1.119369833026679e-05,1.1946147456824319e-05,1.2730553459654136e-05,1.4655358372349858e-05,1.4940724374495018e-05,1.5833866880992048e-05,1.68036182619121e-05,1.7884648410384555e-05,1.9394345489436462e-05,2.053176605186615e-05,2.178871071369238e-05,2.3219475952285968e-05,2.4894519170412985e-05,2.6653424570586073e-05
hydrogen_storage,power,BG,8.25162185771351e-06,8.348276896447942e-06,8.363147886852242e-06,8.412536426751775e-06,8.811932550616383e-06,9.815141693730147e-06,1.0448675693082643e-05,1.1102636709150444e-05,1.1817096863061548e-05,1.2703669054272979e-05,1.4544213967111393e-05,1.4976398628320217e-05,1.5903889968847058e-05,1.6867933855593494e-05,1.801203692166942e-05,1.9608679207145936e-05,2.0846306339588502e-05,2.2256065289577528e-05,2.3757179706727902e-05,2.524242096240917e-05,2.6847113921363305e-05
hydrogen_storage,power,CH,8.320243743411934e-06,8.404588426941107e-06,8.419319906942948e-06,8.463768499914584e-06,8.813443143136053e-06,9.834111535060243e-06,1.0493022957599817e-05,1.118137773932832e-05,1.1934600466190093e-05,1.2732069982136027e-05,1.4581550179674974e-05,1.497278882093147e-05,1.589573425177336e-05,1.6874391429381107e-05,1.7987838525404683e-05,1.9647574311724964e-05,2.0831028302097625e-05,2.2135873889283962e-05,2.363182054739899e-05,2.5375291709057195e-05,2.709900458990553e-05
hydrogen_storage,power,CZ,8.429613255846006e-06,8.489811428828412e-06,8.504355055532391e-06,8.547343842710726e-06,8.91501183711644e-06,9.843203160896474e-06,1.0483735317427921e-05,1.1165885783264234e-05,1.1891444293960661e-05,1.2671091350039832e-05,1.4503235752864331e-05,1.4919639401116191e-05,1.581092317175671e-05,1.6837991287210454e-05,1.8008310223557554e-05,1.9623035703875825e-05,2.0855220974599095e-05,2.2109339056865532e-05,2.3592732695383315e-05,2.5292370992690488e-05,2.695405867572464e-05
hydrogen_storage,power,DE,8.781879379827155e-06,8.82389670939822e-06,8.841354679036585e-06,8.883656339007504e-06,9.206334693723826e-06,1.0213550733372931e-05,1.0885969458089718e-05,1.1603674292972685e-05,1.237371206017464e-05,1.3178832741279052e-05,1.4961737793229088e-05,1.5418960844908876e-05,1.6358533243303244e-05,1.727229961524179e-05,1.8382849047391558e-05,1.99778689576826e-05,2.1186911847030856e-05,2.2472637700989637e-05,2.3971695153566724e-05,2.5770620689130476e-05,2.7594665533021926e-05
hydrogen_storage,power,DK,8.45993513235759e-06,8.508812155070387e-06,8.522827785640461e-06,8.560402110494703e-06,8.87490385978121e-06,9.862647458163785e-06,1.0498223024537916e-05,1.117216210994792e-05,1.18905887745334e-05,1.2661515471569191e-05,1.4480531463855116e-05,1.4868269092028688e-05,1.573166431685114e-05,1.6802254211207697e-05,1.7904036056618818e-05,1.944619707004448e-05,2.0643271573705078e-05,2.1909024975815852e-05,2.3372502758643974e-05,2.475002589906886e-05,2.6259266610581994e-05
hydrogen_storage,power,EE,8.207628866440336e-06,8.249441782728003e-06,8.259799838045202e-06,8.298043309210423e-06,8.622929053332177e-06,9.434669163130468e-06,1.0020416854131289e-05,1.0669202599930426e-05,1.136295653167061e-05,1.2129254266361233e-05,1.3929516297905e-05,1.4328118933157663e-05,1.5178468761673664e-05,1.610352534578866e-05,1.72507833214026e-05,1.8761770198122238e-05,2.007941671271272e-05,2.1338351083412533e-05,2.2838475868473946e-05,2.4283359377954605e-05,2.5876180286563592e-05
hydrogen_storage,power,EL,8.38270624368924e-06,8.474098750268486e-06,8.488419457599259e-06,8.536618739390763e-06,8.92524196848794e-06,9.917884698012056e-06,1.0547964486434899e-05,1.1215390670729223e-05,1.1949926328022067e-05,1.2763960537105376e-05,1.4628851645678795e-05,1.5033750782629608e-05,1.6015024304838437e-05,1.700227067461245e-05,1.8190506975185052e-05,1.9747899195083128e-05,2.0972383551887223e-05,2.236250164023873e-05,2.3791813408204978e-05,2.5303063974845852e-05,2.6946563844713713e-05
hydrogen_storage,power,ES,8.46328823873295e-06,8.562225239070329e-06,8.578069959687472e-06,8.631715224540088e-06,9.026108510054523e-06,1.004020448729776e-05,1.0684850402585381e-05,1.136373851093309e-05,1.2110508168575048e-05,1.2889557056412396e-05,1.4542317161667598e-05,1.5092708091135348e-05,1.600636438754663e-05,1.6978846014680348e-05,1.8068218011311885e-05,1.962030006832952e-05,2.0877265101865092e-05,2.2294008300055742e-05,2.369921961144298e-05,2.5261216963645137e-05,2.7000569941422022e-05
hydrogen_storage,power,FI,8.527610911250633e-06,8.5744343472966e-06,8.587595619876982e-06,8.625220297892578e-06,8.945281920783268e-06,9.956788488255913e-06,1.0598339505919654e-05,1.1280142272620775e-05,1.2050576645644065e-05,1.2830502219190865e-05,1.4680658105795835e-05,1.5037943539492751e-05,1.5917047003478055e-05,1.688376690390172e-05,1.7965310531368216e-05,1.9516423943987514e-05,2.0695635875335718e-05,2.19738548410209e-05,2.3414802525438553e-05,2.4835093288929328e-05,2.648091306157313e-05
hydrogen_storage,power,FR,8.605392735876755e-06,8.666091619604452e-06,8.684071917571321e-06,8.73411835796064e-06,9.123900367222743e-06,1.015188317661916e-05,1.0816560256807204e-05,1.1514869300137037e-05,1.2274253982598378e-05,1.3057196218510045e-05,1.4748890443471252e-05,1.5247659396009894e-05,1.612877806433682e-05,1.7085386021964163e-05,1.816385657612256e-05,1.9740303516628477e-05,2.0845066870176637e-05,2.2041249643888963e-05,2.34951204046763e-05,2.5336569708174726e-05,2.7036005591585646e-05
hydrogen_storage,power,HR,8.267488091028461e-06,8.345921026164943e-06,8.35962886506302e-06,8.402466391991024e-06,8.746440504435567e-06,9.742784264519225e-06,1.037131666684389e-05,1.1037612601001393e-05,1.1781160105748462e-05,1.2575143700923394e-05,1.4443930643433297e-05,1.4825402938176138e-05,1.5791469849615298e-05,1.676315083586209e-05,1.7875101023513452e-05,1.9466177973359892e-05,2.064162340473578e-05,2.1962731409659262e-05,2.3363257971635966e-05,2.5165285017059593e-05,2.685673903327717e-05
hydrogen_storage,power,HU,8.314716763556308e-06,8.411831855930391e-06,8.42656388088049e-06,8.47494370003489e-06,8.870698195915183e-06,9.885577746858434e-06,1.0516724874620605e-05,1.1181835354901797e-05,1.1909389480833484e-05,1.2697403559489366e-05,1.461040034635426e-05,1.5048559966832344e-05,1.5959622703125637e-05,1.6948569734468405e-05,1.804430762583618e-05,1.9680895713721572e-05,2.0898395448623187e-05,2.2244692945125944e-05,2.381897665260722e-05,2.554803797774682e-05,2.7368706073947525e-05
hydrogen_storage,power,IE,8.34743724395027e-06,8.438945926338617e-06,8.45308895306666e-06,8.49890260230095e-06,8.893810405453784e-06,9.892178060493367e-06,1.0542711391884431e-05,1.1212112640096964e-05,1.1975023985837926e-05,1.2751190868210372e-05,1.4563142614732098e-05,1.4936290378843769e-05,1.5777709232174934e-05,1.674651267822985e-05,1.782348884229592e-05,1.930885041297498e-05,2.04204417744954e-05,2.1620633976357075e-05,2.296008725693222e-05,2.458056332384691e-05,2.618965529527496e-05
hydrogen_storage,power,IT,8.59943258664446e-06,8.701443910191012e-06,8.717514522202704e-06,8.767557870113663e-06,9.131492191158718e-06,1.0117391048117758e-05,1.0783722925733275e-05,1.1493689738184626e-05,1.2309028467520188e-05,1.312789143489611e-05,1.4918489700460309e-05,1.5508266923154066e-05,1.65164899785226e-05,1.756525352881531e-05,1.8734199522403035e-05,2.0386450597415372e-05,2.165120067016128e-05,2.3008593219173854e-05,2.458452926669993e-05,2.6332090660012376e-05,2.810946893156928e-05
hydrogen_storage,power,LT,8.353926835992592e-06,8.398929586581003e-06,8.41031395756373e-06,8.449082544335314e-06,8.765325751761894e-06,9.737018353341177e-06,1.0359741492838025e-05,1.1025236464445235e-05,1.1716915722791976e-05,1.2458964844924249e-05,1.4273917513571038e-05,1.4638499886081064e-05,1.5471126612702458e-05,1.6407861182175434e-05,1.7546286067573175e-05,1.9057352559403645e-05,2.020111802208293e-05,2.1495748870241694e-05,2.301054064179077e-05,2.448406146210312e-05,2.606938922109762e-05
hydrogen_storage,power,LU,8.131301929693255e-06,8.207101104035217e-06,8.221447138718919e-06,8.266197049884993e-06,8.630419300809958e-06,9.607130414528799e-06,1.0232957594491044e-05,1.0888135599360531e-05,1.1596193115958345e-05,1.234121822094809e-05,1.4188499280573628e-05,1.4494197648856627e-05,1.533989878128154e-05,1.6234057054654872e-05,1.728047379205816e-05,1.8797479540745125e-05,1.9877191868529175e-05,2.1024670693591682e-05,2.238038686525465e-05,2.4126126636487852e-05,2.5747486862131132e-05
hydrogen_storage,power,LV,8.287515692827154e-06,8.330821325352915e-06,8.341510624895549e-06,8.379495698738765e-06,8.719409519345483e-06,9.589702747407149e-06,1.0168797007696733e-05,1.0817844146571732e-05,1.1519061316205977e-05,1.2269313035974762e-05,1.4152124639505615e-05,1.4491359194023098e-05,1.5348224132827728e-05,1.6334676070385547e-05,1.7484921635538144e-05,1.900747990448671e-05,2.0133146054102472e-05,2.15435641734346e-05,2.3030142501854942e-05,2.4495605900402498e-05,2.610959838835234e-05
hydrogen_storage,power,NL,8.424281636175155e-06,8.523924050159342e-06,8.540222098276578e-06,8.58950159459603e-06,8.98743797985414e-06,1.0006712675194521e-05,1.0660703705926038e-05,1.133452221021037e-05,1.2071112443984996e-05,1.2876814788306429e-05,1.4770017195506493e-05,1.5149531338027137e-05,1.6034490226971683e-05,1.7056338528114152e-05,1.8260619008775676e-05,1.9845442750788927e-05,2.103840649941162e-05,2.2344049888432068e-05,2.380355401999963e-05,2.5256850842455522e-05,2.685288080512292e-05
hydrogen_storage,power,NO,8.548022121062911e-06,8.601274833163244e-06,8.615452180349369e-06,8.657438861421549e-06,8.99752829958538e-06,1.0009658492230985e-05,1.0659007058197062e-05,1.1345261551851221e-05,1.2112392610968954e-05,1.2890138734325775e-05,1.4564809499833686e-05,1.5077852527965796e-05,1.5970589040738337e-05,1.695466702014315e-05,1.8041222413879335e-05,1.95756140703156e-05,2.07205891165515e-05,2.1994704439310337e-05,2.345889978663048e-05,2.517071271329457e-05,2.688537736065849e-05
hydrogen_storage,power,PL,8.663947834239328e-06,8.714655518382124e-06,8.727894626447518e-06,8.769025942034647e-06,9.097878384537906e-06,1.0079972383545397e-05,1.0724478879904946e-05,1.1439735474837201e-05,1.2199903905344194e-05,1.3013037970692e-05,1.4842109838577366e-05,1.5323016009743223e-05,1.6199937203635487e-05,1.7167775215252383e-05,1.8449813016919842e-05,2.0055869701733157e-05,2.12481271569888e-05,2.25413302057925e-05,2.384155510657291e-05,2.5480557440684348e-05,2.712751237460115e-05
hydrogen_storage,power,PT,8.383589374204657e-06,8.486830643657418e-06,8.500052530762524e-06,8.553038217634606e-06,8.927168850068157e-06,9.893192599467689e-06,1.0493144884975336e-05,1.1151908753144315e-05,1.1862984715779132e-05,1.2620344657212737e-05,1.4493291100352121e-05,1.482949130172497e-05,1.5707269626696774e-05,1.666281791480482e-05,1.7725770131221582e-05,1.929417777904384e-05,2.050244125949606e-05,2.1904867246681924e-05,2.3291634420822382e-05,2.4830426854354524e-05,2.6475296264449e-05
hydrogen_storage,power,RO,8.280453148015404e-06,8.392874740290968e-06,8.406444781996526e-06,8.459215502862457e-06,8.876390934000442e-06,9.82076686334442e-06,1.0428870156405287e-05,1.1082584452681655e-05,1.1802260544456506e-05,1.2622469048652053e-05,1.4595108546256151e-05,1.4999077109055902e-05,1.5910386419562786e-05,1.6924355770624162e-05,1.8057862350305086e-05,1.9690367975887113e-05,2.0914820885759083e-05,2.22052612367343e-05,2.3543678136156273e-05,2.5189969836205938e-05,2.7041376482690876e-05
hydrogen_storage,power,SE,8.597150972107904e-06,8.647818065451122e-06,8.663544881075824e-06,8.707589739474934e-06,9.045546057626995e-06,1.0053385573599289e-05,1.0697773217992852e-05,1.1379133517005622e-05,1.2151786187083103e-05,1.2930233093407387e-05,1.474325495260305e-05,1.5137439994193155e-05,1.5993845269219555e-05,1.696998688250913e-05,1.8066640612402917e-05,1.959961130955764e-05,2.0768301659319264e-05,2.2040028854929685e-05,2.3466999325656272e-05,2.494708283142005e-05,2.669904730477772e-05
hydrogen_storage,power,SI,8.260940021762145e-06,8.357456147964225e-06,8.372078476014993e-06,8.417801433756003e-06,8.788245496190821e-06,9.783255285652697e-06,1.0416868964432496e-05,1.1075586438164382e-05,1.1836384092200595e-05,1.2628240087877547e-05,1.45789482000339e-05,1.4915667789167209e-05,1.590610719899159e-05,1.687571211885788e-05,1.7972511552209995e-05,1.9596265395156965e-05,2.0776335325484298e-05,2.2066404037748644e-05,2.3587605054812943e-05,2.5363567108344572e-05,2.7084496525817803e-05
hydrogen_storage,power,SK,8.390859996671186e-06,8.446591436340205e-06,8.460544963551714e-06,8.500285815714525e-06,8.828473193454676e-06,9.835022840169085e-06,1.0454214854515688e-05,1.11556941548619e-05,1.189192884796941e-05,1.269072573811189e-05,1.4612647907188114e-05,1.4982161368303895e-05,1.5877449909153065e-05,1.6850252070494787e-05,1.796605658254501e-05,1.9609192854407406e-05,2.0787590163693383e-05,2.2072851383113296e-05,2.3552120568360384e-05,2.5394077350078624e-05,2.708416183330956e-05
hydrogen_storage,power,UK,8.635155063952409e-06,8.702548132094119e-06,8.720178101765848e-06,8.768730653932043e-06,9.152403714290872e-06,1.0182858482914275e-05,1.0846218216105448e-05,1.155401759253925e-05,1.2361060468095231e-05,1.3160489873558672e-05,1.4948229845453163e-05,1.5430055335630575e-05,1.63062828753558e-05,1.7308470807174264e-05,1.8383941159219854e-05,1.9898608633971145e-05,2.1069412662381616e-05,2.2315915444173404e-05,2.3741536365919885e-05,2.568195417739615e-05,2.7313549360242475e-05
lignite_coal_plant,power,AT,1.5618208420769566e-06,1.564220785404048e-06,1.5665542699734376e-06,1.5686590038392902e-06,1.5715141959236372e-06,1.5749618487981933e-06,1.5788236849966626e-06,1.5831213526120722e-06,1.587870201186011e-06,1.5937908433627902e-06,1.6023671464857037e-06,1.6108279650432347e-06,1.6195485297562961e-06,1.630171903930558e-06,1.6435045518714183e-06,1.6607625925188497e-06,1.6856469358459497e-06,1.7360919487034854e-06,1.7808449212482886e-06,1.8412100836984605e-06,1.9475364298418448e-06
lignite_coal_plant,power,BE,1.182754716527418e-06,1.1919964157113495e-06,1.1982637833142243e-06,1.2024357346532678e-06,1.2100526583980124e-06,1.2218822303647737e-06,1.2380297521932207e-06,1.2593296611905298e-06,1.2841444074888237e-06,1.31112309343842e-06,1.3445310266851632e-06,1.3790167756542627e-06,1.4167726992620626e-06,1.4588130342627303e-06,1.5044448254818262e-06,1.5509641570013251e-06,1.6055591943533672e-06,1.69174269948643e-06,1.7558681412597532e-06,1.8295995904488542e-06,2.0000106085419616e-06
lignite_coal_plant,power,BG,164.62836600681896,164.62836600721968,164.62836600764203,164.62836600809194,69.89924285812695,69.89924285866299,69.89924285925514,69.89924285992595,69.89924286067622,69.89924286153668,69.89924286252017,69.89924286358871,69.89924286480716,69.89924286621702,69.8992428678604,69.89924286980825,69.89924287226314,69.89924287558145,69.89924287990507,69.89924288637219,69.89924289763773
lignite_coal_plant,power,CH,1.224633721531454e-06,1.2334538704101667e-06,1.2399006756836204e-06,1.2441700312818772e-06,1.252015992956949e-06,1.2628780856585703e-06,1.275870716625526e-06,1.2913081277906828e-06,1.30729463829899e-06,1.32528057401918e-06,1.3524249951726328e-06,1.3783017836973095e-06,1.4044701445402899e-06,1.434635575994426e-06,1.4692384744774382e-06,1.5071588405495725e-06,1.5545150725082064e-06,1.6397488072254415e-06,1.7034545284697493e-06,1.7802603977435036e-06,1.8996880155460138e-06
lignite_coal_plant,power,CZ,147.88110043864884,147.88110043918968,142.39019369557528,52.33932308989567,52.3393230905169,52.33932309120024,52.339323091953574,52.339323092795695,38.04649283849588,38.046492839525996,38.04649284069879,22.781772093546433,22.781772095040015,22.781772096696912,22.781772098663108,17.971737793104797,17.971737795988087,17.97173779986218,17.971737804868074,17.971737812346422,17.97173782714312
lignite_coal_plant,power,DE,1198.9779239627428,1198.9779239632724,1198.9779239638126,1198.977923964356,1198.977923964969,911.2544105640762,911.254410564818,574.1127364673065,574.1127364682162,573.0914278144965,573.0914278156163,530.8389004197961,512.4992718964395,512.4992718981142,512.4992719000694,508.82036438239436,508.82036438525745,508.8203643889272,508.82036439391896,501.47353117911763,501.473531194557
lignite_coal_plant,power,DK,1.3889364597422132e-06,1.3913503558956219e-06,1.3938727079645887e-06,1.3964015046713863e-06,1.3999765704526888e-06,1.4045827285478674e-06,1.4102838941447114e-06,1.4173940135145178e-06,1.426099772521739e-06,1.4364457584394003e-06,1.4489931031110935e-06,1.4644084828565963e-06,1.4832820942438482e-06,1.5075422857787656e-06,1.5379737414047427e-06,1.57393770248073e-06,1.618129927355615e-06,1.671452612240838e-06,1.7324795272771613e-06,1.802204516725393e-06,1.954438630586706e-06
lignite_coal_plant,power,EE,1.3743585913523364e-06,1.3768523711364644e-06,1.3798383861297174e-06,1.3832547377682413e-06,1.3888138934546393e-06,1.3966121441528891e-06,1.406124557803529e-06,1.4177428994451614e-06,1.4301489382330776e-06,1.4435337989425586e-06,1.4610693467384305e-06,1.4802492948135378e-06,1.5048168585444437e-06,1.5349863994490999e-06,1.5722827675348423e-06,1.617060875793025e-06,1.6718297960246013e-06,1.7300554925353761e-06,1.7927029139637057e-06,1.857101911405621e-06,1.9444595236997526e-06
lignite_coal_plant,power,EL,222.1071778102237,222.1071778106281,222.10717781099646,222.10717781137978,222.10717781180088,222.1071778122661,222.1071778127837,222.10717781336345,222.10717781401888,222.10717781477484,46.947252675801934,46.94725267682898,46.947252678053424,46.947252679514584,46.94725268124196,46.94725268323979,46.94725268577956,46.94725268959765,46.947252694099674,46.947252700866215,46.94725271436881
lignite_coal_plant,power,ES,7.138178776756449,7.1381787771603324,7.138178777578024,7.138178778009056,7.138178778488732,7.138178779025299,7.138178779629998,7.138178780319318,7.1381787811150925,7.138178782053373,7.138178783210737,7.138178784600173,7.138178786359339,7.138178788758169,7.138178792429923,7.138178799838725,1.1530114961199197e-06,1.485422117511116e-06,1.5943146075308657e-06,1.6927884361926594e-06,1.8203737506101602e-06
lignite_coal_plant,power,FI,1.1793516087352522e-06,1.1821259312505234e-06,1.1856311486893769e-06,1.1899613347121664e-06,1.1975770755347899e-06,1.2089575754070823e-06,1.2241251989916712e-06,1.2425634693048007e-06,1.263233059396036e-06,1.2870519292179627e-06,1.3152243736016565e-06,1.3480659726130353e-06,1.3858496560610313e-06,1.42955517066203e-06,1.4779643261335833e-06,1.5305352139574388e-06,1.5907300819022934e-06,1.6809918904360584e-06,1.7483288705551814e-06,1.8169603763512694e-06,1.923752908520879e-06
lignite_coal_plant,power,FR,8.368814413755966e-07,8.589169725836005e-07,8.808908466320081e-07,8.914677431898357e-07,9.27982697423362e-07,9.90956212611037e-07,1.05253666502209e-06,1.1236909708567114e-06,1.1804854405617765e-06,1.224735341777097e-06,1.269710434878851e-06,1.3182709958407396e-06,1.366745344633757e-06,1.4163824769192915e-06,1.4673796906992745e-06,1.5206335466255724e-06,1.5775113170670494e-06,1.63924965704398e-06,1.7119312198106625e-06,1.804048806776733e-06,1.947731074818596e-06
lignite_coal_plant,power,HR,1.4994020394524218e-06,1.501892389318059e-06,1.5041648430395513e-06,1.5061297645741783e-06,1.5087742299091887e-06,1.511965580267683e-06,1.5157575077944774e-06,1.5204096260571333e-06,1.5259539693345726e-06,1.5329243653592935e-06,1.5423366517837438e-06,1.552486042393114e-06,1.5634129280696592e-06,1.5770705604802806e-06,1.5941208875051825e-06,1.6159815479740074e-06,1.6453479575909958e-06,1.704267586666316e-06,1.7534738067197841e-06,1.8182129858300309e-06,1.930493616336709e-06
lignite_coal_plant,power,HU,8.278975818659551e-07,8.476291009907002e-07,8.654318276617308e-07,8.743217091881411e-07,8.936744025290203e-07,9.14319424643472e-07,9.327093590272244e-07,9.530831743183307e-07,9.797425539600636e-07,1.0150191231018371e-06,1.0994382209749031e-06,1.1756361461460925e-06,1.2638460956063976e-06,1.3309255116023753e-06,1.3867063490934788e-06,1.4426412501592436e-06,1.52927718965718e-06,1.5999263580560963e-06,1.6651115595580019e-06,1.747317339602578e-06,1.880500867222047e-06
lignite_coal_plant,power,IE,8.516377318494293e-07,8.708405199579692e-07,8.82592291417057e-07,8.901441112037089e-07,9.103519510516816e-07,9.50256401345696e-07,1.0062087572872618e-06,1.0648127477975005e-06,1.1190378287173255e-06,1.1632628159115881e-06,1.2171502457065384e-06,1.265589774181578e-06,1.317925390494989e-06,1.375360900869189e-06,1.4353293635744486e-06,1.4899813205059952e-06,1.5451756220240017e-06,1.6299426257924762e-06,1.6916261806608936e-06,1.7573279078732105e-06,1.8658285653818166e-06
lignite_coal_plant,power,IT,9.083251505521706e-07,9.164699737808832e-07,9.209437830834846e-07,9.237390668074953e-07,9.273455272069176e-07,9.322869887161933e-07,9.395714750360085e-07,9.518544751572773e-07,9.676965668053285e-07,9.852705687600648e-07,1.0058847851590687e-06,1.0392977766235144e-06,1.1025924061338712e-06,1.204742300185225e-06,1.3580022476756502e-06,1.439403838266813e-06,1.509623108456599e-06,1.593910821807227e-06,1.6797823407246861e-06,1.8184533380325754e-06,1.94693089258745e-06
lignite_coal_plant,power,LT,1.3445494810056303e-06,1.3470958402913568e-06,1.3501319982546842e-06,1.3536311201897653e-06,1.359421571519848e-06,1.36789954240445e-06,1.379000692839011e-06,1.3929887663226096e-06,1.4077466931533451e-06,1.4247704313194107e-06,1.4483272174421829e-06,1.4724921544611762e-06,1.4971246909828532e-06,1.5253676131997481e-06,1.5591413708777622e-06,1.6015825251506504e-06,1.6805823182687507e-06,1.739416777972806e-06,1.80005866528682e-06,1.8562462629686614e-06,1.931467388986634e-06
lignite_coal_plant,power,LU,8.651159600917684e-07,8.864165760090754e-07,9.073024977112892e-07,9.173714121692624e-07,9.499832452974441e-07,1.0110601243880499e-06,1.0675589917460973e-06,1.1260727764728397e-06,1.172226303805715e-06,1.2103870399981781e-06,1.2674565368326004e-06,1.3081870867463762e-06,1.3497296937468743e-06,1.3961310779608899e-06,1.4690226693040855e-06,1.5240341739807048e-06,1.5864347181187918e-06,1.6536077545419148e-06,1.7248944860295916e-06,1.8107938373873188e-06,1.9449725985777793e-06
lignite_coal_plant,power,LV,1.375985345400767e-06,1.3784909812732482e-06,1.3814993611412871e-06,1.3849490363668022e-06,1.3906290598879645e-06,1.3988537705262208e-06,1.4091734260038292e-06,1.4219166200556626e-06,1.4351697618597547e-06,1.4492244632331896e-06,1.466978552092937e-06,1.4873230375071927e-06,1.5120315543844517e-06,1.5413449841221816e-06,1.5772361488539568e-06,1.6222928224005336e-06,1.6787438048323632e-06,1.7378496007343266e-06,1.8026644210804683e-06,1.8684544402519268e-06,1.9566725595436795e-06
lignite_coal_plant,power,NL,1.0861396171414747e-06,1.0953738686575235e-06,1.1013462820523548e-06,1.1054822599688475e-06,1.1132930232694947e-06,1.1266137152611301e-06,1.1477398635623548e-06,1.1810189193197328e-06,1.2191234488114377e-06,1.2588947242564575e-06,1.301690410836889e-06,1.346599213698741e-06,1.3908552988620916e-06,1.4376878420587048e-06,1.4888094245093947e-06,1.541379218784944e-06,1.6009298035749363e-06,1.6671808259442608e-06,1.7442958938965742e-06,1.8375380112509292e-06,1.9790887194428492e-06
lignite_coal_plant,power,NO,1.1272847803293188e-06,1.130240147922044e-06,1.1338392418579667e-06,1.1380657976470267e-06,1.1452018163676916e-06,1.1553870549604109e-06,1.1683647830726269e-06,1.184450112654606e-06,1.2029643861552643e-06,1.2242195250596413e-06,1.2495314523944211e-06,1.2795137713997274e-06,1.313412944857995e-06,1.3520860933661764e-06,1.3947732500329425e-06,1.4412535027877707e-06,1.4960844874999761e-06,1.5599298572460648e-06,1.633508346398464e-06,1.7186660502558724e-06,1.8403660600902053e-06
lignite_coal_plant,power,PL,604.4390144104066,604.4390144109431,604.4390144114933,604.4390144120767,604.4390144127412,604.4390144134827,604.4390144143074,52.05379594776133,52.053795948812486,52.05379594994712,52.05379595142947,52.05379595284793,52.053795954430086,52.05379595624128,52.053795958335336,52.05379596079321,52.05379596380522,52.053795967732384,52.05379597289498,52.05379598054591,52.05379599597242
lignite_coal_plant,power,PT,7.106989289970025e-07,7.2260454589396e-07,7.296341476208844e-07,7.3398305224286e-07,7.3951041279179e-07,7.467026537448652e-07,7.560558351452223e-07,7.677827362452878e-07,7.814562272492503e-07,7.975889879978925e-07,8.165682116051987e-07,8.408431525840111e-07,8.690754851932857e-07,9.024334257888113e-07,9.432293555867398e-07,9.996746502352726e-07,1.18374721722099e-06,1.493432221320553e-06,1.6003117260411907e-06,1.7032648406228657e-06,1.8294439539581108e-06
lignite_coal_plant,power,RO,398.3323388588143,398.332338859312,144.65244727573497,144.65244727629158,144.65244727684376,144.65244727743192,144.65244727806103,144.65244727874756,144.6524472795108,144.6524472803683,144.65244728137998,144.65244728249155,131.507216538039,29.376351096976517,29.376351098796142,29.376351100891064,29.37635110344803,29.376351106580177,29.376351110817076,24.15998971047097,24.159989724331872
lignite_coal_plant,power,SE,1.1941707249174013e-06,1.1969390570210287e-06,1.2003079741448427e-06,1.204266962047283e-06,1.2108928542239289e-06,1.2205128293373566e-06,1.233326381295651e-06,1.2498416831279411e-06,1.2680004670191892e-06,1.2886319299870347e-06,1.3131229722037808e-06,1.3439255643338722e-06,1.3784456663379152e-06,1.4190075285614425e-06,1.4648636528919653e-06,1.515153981119187e-06,1.5703001996109477e-06,1.6321055453779128e-06,1.721218751807604e-06,1.7846020565607096e-06,1.9349522637132613e-06
lignite_coal_plant,power,SI,1.008243548616574e-06,1.018274561397255e-06,1.0251507550263384e-06,1.0294254141832718e-06,1.0363625107204707e-06,1.044424917048697e-06,1.0530210964760245e-06,1.0632692915900029e-06,1.076934758268186e-06,1.0966343616924431e-06,1.1412792664985462e-06,1.1813835883930025e-06,1.2446499950917247e-06,1.2772927976824966e-06,1.3054672125687855e-06,1.3317770532968859e-06,1.3630506329251014e-06,1.3975017176043205e-06,1.4802026045651914e-06,1.5994749795277666e-06,1.7345611005310378e-06
lignite_coal_plant,power,SK,1.2076927508789066e-06,1.210690960809077e-06,1.2140718086517476e-06,1.2173811584414105e-06,1.2227746812944838e-06,1.2297951575357915e-06,1.238197857000851e-06,1.253460630240039e-06,1.271331081782977e-06,1.2917726653891777e-06,1.3251543745713446e-06,1.3552674632667603e-06,1.3856102471306528e-06,1.4210901192374438e-06,1.4613391414817308e-06,1.5043886825428943e-06,1.5575032841936577e-06,1.6496270202624996e-06,1.7185890987515365e-06,1.7957907190511186e-06,1.9107676547769047e-06
lignite_coal_plant,power,UK,8.157156531503556e-07,8.362619385674962e-07,8.499403756857623e-07,8.58745632261233e-07,8.859149073002381e-07,9.42508732249014e-07,1.0151868656096216e-06,1.0871521781198008e-06,1.1522067278229384e-06,1.20424750059095e-06,1.2517907900690724e-06,1.302909331796692e-06,1.350456490213026e-06,1.399247926890803e-06,1.4509768784697566e-06,1.503286986275205e-06,1.5639973208861182e-06,1.629464399449836e-06,1.7037312088134765e-06,1.7913610433108532e-06,1.9316144875824054e-06
lng_terminal,power,AT,0.0,0.0,0.0,0.0,0.0,0.0,0.0,0.0,0.0,0.0,0.0,0.0,0.0,0.0,0.0,0.0,0.0,0.0,0.0,0.0,0.0
lng_terminal,power,BE,138.4046550006669,138.40465500104875,138.404655001458,138.40465500190612,138.4046550023996,138.40465500294437,138.40465500354753,138.40465500421723,138.4046550049645,138.4046550058034,138.40465500675253,138.4046550078368,138.40465500909025,138.4046550105617,138.40465501232563,138.40465501449992,138.40465501729048,138.4046550211087,138.40465502697998,138.40465503898176,1.3694365820812932e-06
lng_terminal,power,BG,0.0,0.0,0.0,0.0,0.0,0.0,0.0,0.0,0.0,0.0,0.0,0.0,0.0,0.0,0.0,0.0,0.0,0.0,0.0,0.0,0.0
lng_terminal,power,CH,0.0,0.0,0.0,0.0,0.0,0.0,0.0,0.0,0.0,0.0,0.0,0.0,0.0,0.0,0.0,0.0,0.0,0.0,0.0,0.0,0.0
lng_terminal,power,CZ,0.0,0.0,0.0,0.0,0.0,0.0,0.0,0.0,0.0,0.0,0.0,0.0,0.0,0.0,0.0,0.0,0.0,0.0,0.0,0.0,0.0
lng_terminal,power,DE,1.1358622543036498e-07,1.1442766149149414e-07,28.451859778126444,28.45185977858085,28.451859779075328,28.451859779615184,28.45185978020682,28.45185978085803,28.45185978157839,28.45185978237985,28.451859783277605,28.451859784291372,28.451859785447436,28.451859786781913,28.451859788346425,28.4518597902183,28.45185979252095,28.45185979547007,28.451859799493874,28.45185980565255,28.451859818012665
lng_terminal,power,DK,0.0,0.0,0.0,0.0,0.0,0.0,0.0,0.0,0.0,0.0,0.0,0.0,0.0,0.0,0.0,0.0,0.0,0.0,0.0,0.0,0.0
lng_terminal,power,EE,1.0467657738526271e-07,1.0553519538218993e-07,21.268534429633288,21.26853443008715,21.268534430581017,21.26853443112016,21.268534431710957,21.268534432361157,21.268534433080273,21.268534433880195,21.26853443477606,21.26853443578749,21.26853443694068,21.268534438271587,21.26853443983136,21.268534441696552,21.26853444398956,21.26853444692326,21.26853445092101,21.268534457021037,21.268534468805974
lng_terminal,power,EL,63.98685399940769,63.98685399980596,63.986854000238246,63.986854000708874,63.98685400122293,63.98685400178651,63.986854002407014,63.98685400309357,63.98685400385756,63.98685400471351,63.986854005680236,63.9868540067829,63.986854008056035,63.98685400954898,63.98685401133566,63.986854013534334,63.986854016351685,63.98685402020019,63.986854026108034,63.9868540381584,1.0857114959728929e-06
lng_terminal,power,ES,594.9376249922248,594.9376249924703,594.9376249927315,594.9376249930159,594.9376249933285,594.937624993674,594.9376249940581,594.9376249944872,594.9376249949702,594.9376249955178,594.937624996145,594.9376249968752,594.9376249977377,594.9376249987753,594.937625000054,594.9376250016811,594.9376250038471,594.9376250069404,594.9376250119429,594.9376250232153,1.3468686532155272e-06
lng_terminal,power,FI,1.1511056283555851e-07,1.1588539107205651e-07,22.726781565343593,22.726781565797676,22.726781566291812,22.726781566831306,22.726781567422513,22.726781568073193,22.726781568792862,22.726781569593424,22.726781570490033,22.72678157150239,22.72678157265676,22.72678157398914,22.72678157555095,22.726781577419295,22.72678157971705,22.726781582658536,22.726781586671024,22.72678159281362,22.72678160512123
lng_terminal,power,FR,379.4062364866701,379.40623648696806,379.40623648728547,379.40623648763375,379.40623648801926,379.40623648844786,379.4062364889264,379.4062364894635,379.4062364900699,379.4062364907596,379.4062364915511,379.40623649246885,379.4062364935483,379.4062364948462,379.4062364964419,379.4062364984646,379.4062365011308,379.4062365048574,379.4062365106548,379.4062365225693,1.4366689795153043e-06
lng_terminal,power,HR,1.0843046317775223e-07,1.0926966813352459e-07,21.14166693344758,21.141666933901295,21.141666934394962,21.141666934933873,21.14166693552441,21.141666936174314,21.141666936893085,21.14166693769259,21.141666938587907,21.141666939598686,21.14166694075107,21.14166694208076,21.141666943638786,21.14166694550164,21.14166694779108,21.141666950719067,21.14166695470675,21.141666960753994,21.141666972188645
lng_terminal,power,HU,0.0,0.0,0.0,0.0,0.0,0.0,0.0,0.0,0.0,0.0,0.0,0.0,0.0,0.0,0.0,0.0,0.0,0.0,0.0,0.0,0.0
lng_terminal,power,IE,0.0,0.0,0.0,0.0,0.0,0.0,0.0,0.0,0.0,0.0,0.0,0.0,0.0,0.0,0.0,0.0,0.0,0.0,0.0,0.0,0.0
lng_terminal,power,IT,160.20066366276308,160.20066366315757,160.20066366358523,160.2006636640512,160.2006636645606,160.2006636651195,160.2006636657352,160.2006636664168,160.2006636671757,160.20066366802635,160.20066366898766,160.20066367008454,160.20066367135144,160.20066367283752,160.20066367461666,160.20066367680673,160.20066367961442,160.200663683452,160.2006636893474,160.20066370138576,1.2788412062872902e-06
lng_terminal,power,LT,39.07712981484762,39.07712981524586,39.0771298156781,39.077129816148684,39.0771298166627,39.077129817226236,39.0771298178467,39.07712981853322,39.0771298192972,39.07712982015315,39.07712982111991,39.07712982222267,39.07712982349601,39.07712982498931,39.077129826776634,39.07712982897647,39.077129831796064,39.07712983564945,39.07712984157191,39.07712985369721,1.0979456316756502
lng_terminal,power,LU,0.0,0.0,0.0,0.0,0.0,0.0,0.0,0.0,0.0,0.0,0.0,0.0,0.0,0.0,0.0,0.0,0.0,0.0,0.0,0.0,0.0
lng_terminal,power,LV,0.0,0.0,0.0,0.0,0.0,0.0,0.0,0.0,0.0,0.0,0.0,0.0,0.0,0.0,0.0,0.0,0.0,0.0,0.0,0.0,0.0
lng_terminal,power,NL,143.54228561364442,143.54228561404008,143.54228561446917,143.54228561493656,143.5422856154474,143.54228561600777,143.542285616625,143.54228561730815,143.54228561806858,143.5422856189208,143.5422856198836,143.5422856209821,143.5422856222508,143.54228562373893,143.54228562552026,143.54228562771294,143.54228563052365,143.5422856343651,143.54228564026647,143.54228565232071,1.3900054123790095e-06
lng_terminal,power,NO,0.0,0.0,0.0,0.0,0.0,0.0,0.0,0.0,0.0,0.0,0.0,0.0,0.0,0.0,0.0,0.0,0.0,0.0,0.0,0.0,0.0
lng_terminal,power,PL,1.1252127352770783e-07,1.1336662480455934e-07,50.41160323818617,50.41160323864134,50.41160323913688,50.41160323967812,50.41160324027151,50.41160324092481,50.41160324164761,50.41160324245192,50.41160324335294,50.41160324437051,50.41160324553105,50.41160324687094,50.41160324844214,50.411603250322536,50.41160325263671,50.411603255602685,50.41160325965637,50.41160326588677,50.41160327865109
lng_terminal,power,PT,60.03243528508774,60.03243528548606,60.0324352859184,60.03243528638909,60.03243528690321,60.03243528746685,60.03243528808743,60.03243528877405,60.032435289538114,60.03243529039413,60.03243529136096,60.03243529246373,60.032435293736995,60.03243529523009,60.032435297016974,60.032435299215905,60.03243530203364,60.032435305882885,60.03243531179211,60.03243532384735,1.1210335693796453e-06
lng_terminal,power,RO,0.0,0.0,0.0,0.0,0.0,0.0,0.0,0.0,0.0,0.0,0.0,0.0,0.0,0.0,0.0,0.0,0.0,0.0,0.0,0.0,0.0
lng_terminal,power,SE,0.0,0.0,0.0,0.0,0.0,0.0,0.0,0.0,0.0,0.0,0.0,0.0,0.0,0.0,0.0,0.0,0.0,0.0,0.0,0.0,0.0
lng_terminal,power,SI,0.0,0.0,0.0,0.0,0.0,0.0,0.0,0.0,0.0,0.0,0.0,0.0,0.0,0.0,0.0,0.0,0.0,0.0,0.0,0.0,0.0
lng_terminal,power,SK,0.0,0.0,0.0,0.0,0.0,0.0,0.0,0.0,0.0,0.0,0.0,0.0,0.0,0.0,0.0,0.0,0.0,0.0,0.0,0.0,0.0
lng_terminal,power,UK,402.91478868506283,402.9147886853524,402.9147886856608,402.91478868599893,402.9147886863729,402.91478868678854,402.91478868725244,402.91478868777295,402.91478868836066,402.91478868902925,402.9147886897962,402.91478869068567,402.914788691734,402.91478869299516,402.91478869454687,402.9147886965166,402.91478869912885,402.91478870280355,402.9147887085721,402.91478872046184,1.3606768630880914e-06
natural_gas_boiler,power,AT,706.2260136482399,709.5307678252964,709.5307678275003,709.530767833023,714.3875570190442,719.6176943255075,732.944134524866,736.8956281339837,741.9749537771409,741.9494947149203,737.6538381365615,728.35251003178,724.0568534191693,691.1147608795349,662.0696440973115,649.7670676992493,643.891847431295,610.6129374809482,610.6129374927551,605.33010246977,581.1757608078955
natural_gas_boiler,power,BE,1283.2757650979493,1321.9649823471289,1321.9649823488787,1321.964982352116,1296.7110844222766,1287.0856415550127,1296.8335838742055,1315.7978455731386,1322.7842997142136,1297.5304018256772,1206.0586344435026,1158.2909641515846,1133.0370662196638,1046.6680909039585,1046.6680909100608,996.869633178395,996.8696331852501,939.4415565467527,924.3451757744801,914.362858240653,860.0018615716763
natural_gas_boiler,power,BG,190.58797268084655,190.587972686471,190.58797269259728,190.58797270486053,191.20239877264228,192.07978351057815,187.82872249714387,182.18400870942364,177.80760828304378,173.65402846350904,173.65402846667757,173.05831448220752,172.8856602494839,172.88566025297902,172.88566025655,170.46609320780777,170.46609321195476,170.46609321678892,168.43498426884932,166.2591009512891,166.25910096670907
natural_gas_boiler,power,CH,1017.8063403017532,1022.2839961898104,1022.2839961919374,1022.2839961968215,1028.864525168832,1035.9509085099526,1054.0070811942485,1059.3610133015973,1066.243059918547,1066.2085644881722,1080.2545160326174,1084.5291015123662,1079.8071440409808,1035.1734597544735,995.8198403300952,979.150914082546,971.1904991121652,926.1004563686224,926.1004563847597,918.9426721493471,886.2156297163723
natural_gas_boiler,power,CZ,918.1598110511304,918.1598110524908,918.1598110546629,918.1598110596772,921.7662023809539,925.2709540157946,929.5776096256993,926.9360687358927,924.2945278311053,916.5414417844403,913.899900876069,911.2583599642791,908.6168190556103,894.3685314266279,894.3685314300595,888.3857755681711,775.5902235094825,721.3825264014573,649.2344999918222,631.7061704955424,580.5098638681244
natural_gas_boiler,power,DE,8086.491375606696,8258.434410897455,8258.434410899219,8258.434410903523,8169.356540004477,8073.7948230322745,8148.00322022868,8247.504262171487,8280.350510341215,8272.775089007697,8356.448651830131,8384.779381686762,8449.75967046761,8010.839202823099,7742.710001572837,7536.06964470957,7187.729840127335,6614.604762192061,6313.592916099204,5922.315407979483,5821.7869697488395
natural_gas_boiler,power,DK,437.7623200439998,437.80493490210154,437.80493490452653,437.80493491088953,440.7184907310025,436.42010902429615,432.12172731304497,427.1824850787553,422.88410336559315,418.58572165107313,413.99454142924856,407.63809400580766,403.33971229201455,387.8228932072053,375.6477678992724,362.33951255965843,362.33951256275714,347.70087561630186,328.72865070749384,328.7286507150348,319.66558853773483
natural_gas_boiler,power,EE,98.24418496842662,98.92000861013965,98.92000861243677,98.92000861785375,98.25957076480599,98.48134754386939,98.52153699623516,98.67737054269558,98.72024880648164,98.72024884876917,98.72024886972838,98.30106864136305,97.81065007392297,97.0117411760227,95.85454374135132,92.57904193337066,92.07316199282832,90.98907674501822,90.98907675426749,90.28621384106239,87.49379638406707
natural_gas_boiler,power,EL,136.21347857065675,136.2134785747748,136.21347857871316,136.21347858365064,136.21347858998286,136.2134786015934,133.94109114078395,119.68551591142413,107.45139874067253,95.1796390537309,72.11336488041366,66.35631911002322,57.734462962491726,57.73446296622726,45.10330336739546,45.10330337151672,22.19616902706509,22.19616903264958,17.315983648911594,13.084501442446442,2.6249212332427807
natural_gas_boiler,power,ES,508.30389100743923,525.0561607231259,525.0561607236801,525.0561607243277,511.23198899066045,505.08467174339546,478.5265200321395,312.1518839080222,311.40196762945527,310.65205135123824,301.148002629558,235.1128516993251,228.54569224570048,202.60210801831025,186.5286559589925,169.1638713383632,169.1638713405724,159.385312939504,138.83362163248765,104.17546599098988,50.44416742272813
natural_gas_boiler,power,FI,445.77690269306544,445.92940848035863,445.9294084828756,445.9294084896653,466.1682737342614,487.3033442440738,491.44016700797374,491.18704003017797,491.18704004384637,491.18704005047846,491.18704005526496,491.1870400595227,491.18704006351373,490.21359139713036,490.21359140108973,489.6581417132757,489.30506026244933,489.1299195348541,489.1060264935223,488.72140659812345,488.26305079907627
natural_gas_boiler,power,FR,2063.5005083411384,2063.5005083422784,2063.5005083439655,2063.500508347047,1944.1192007711263,1718.0407236940168,1639.5756003179913,1538.3558343365492,1412.5104854491806,1334.0453620720282,1115.5969570052318,1037.1318336280656,890.1396783662105,684.1999463877078,621.8490650717939,543.1785738586037,393.88218686035344,315.9932003269289,159.4575773878846,124.94730509123829,124.94730510666075
natural_gas_boiler,power,HR,232.92265701963686,232.92265702099863,232.92265702313307,232.9226570279279,231.46096690963475,228.2727486056915,221.0324973030126,218.05651576315233,215.4513589851324,208.4567895876401,205.63837660771048,200.92086608244577,199.28777940559291,186.7566460341361,184.0609750301526,171.64246269567764,171.642462699349,154.7738313003029,146.8429754970326,139.62784393516756,130.33930429770447
natural_gas_boiler,power,HU,624.7257909977446,635.4224337028164,635.4224337043097,635.4224337066439,599.476124229806,564.6425644122069,557.9285878482499,551.2146112871885,544.5006347227666,518.0939702414668,511.37999367698484,504.6660171158016,497.9520405515568,428.16823382751704,411.05808986841305,292.29805816881384,256.7554498160047,178.2331658210777,101.47432082970545,68.08797781362394,51.77107192574297
natural_gas_boiler,power,IE,102.72707402580477,113.27198155147501,113.27198155235435,113.27198155350274,108.81364754631558,102.06321051075969,101.52634667034522,94.80339842891587,94.2665345881526,92.72689954972238,92.19003570887388,83.2809886544747,82.74412481376771,61.78191957309711,51.96280842909465,43.89270768802274,40.39106962562467,38.666194011009345,26.212923266741306,24.97489967920488,17.581778853640085
natural_gas_boiler,power,IT,3548.924158302603,3550.5346833798976,3550.534683381676,3550.5346833851745,3238.9207717972386,2912.5976712731517,2734.841755694342,2557.0858401146197,2379.3299245340936,2190.6470765115732,1879.4602944345725,1470.620746277697,1190.505279797857,868.8606591294725,837.2161775139778,668.0468803883629,517.1741018392693,384.12149443020104,264.1170013997288,249.85878362978727,70.57003878643529
natural_gas_boiler,power,LT,39.304331338077624,39.30433134033836,39.3043313434551,39.304331349133356,38.12913144819423,33.87251096348123,33.29357316313027,31.694299313119966,25.870430384749966,25.38631507578784,24.902199766785962,22.43325571581321,21.94914040691396,15.075162441979861,15.075162444229584,15.075162446752397,12.220442797257801,7.7301683675169075,7.049804842623247,5.723395214583565,4.313972831187999
natural_gas_boiler,power,LU,84.96571301173032,93.82450652698137,93.82450652783314,93.82450652892312,93.40339940515466,92.9822922817419,92.56118515852759,90.60797556538837,90.18686844403686,86.55936316625477,86.13825604616245,82.13792218608224,81.71681506532546,80.54565517712277,79.6252684874727,74.78188885978601,74.11082344525755,68.42932017088056,66.60583110554963,66.60583111687308,65.14754901510707
natural_gas_boiler,power,LV,131.73109639453625,132.32024587138574,132.32024587363563,132.32024587896336,131.67556508265977,131.87959810467936,131.3528759466153,130.1481587102998,128.11133706702725,126.51900458760466,126.51900459024907,121.03596176591167,121.03596176848446,121.03596177111575,117.7097910992354,116.40879058088495,115.66092012667836,112.67329771629296,112.6732977215619,111.44853216290828,110.22434030556568
natural_gas_boiler,power,NL,1593.9679366216214,1598.3873084245686,1598.3873084266802,1598.387308431594,1596.6481446561677,1601.6345416544325,1608.6625227933537,1613.7817968991344,1614.9181301612657,1451.7169785067551,1332.3914558479732,1168.5301378033694,1049.2046151395602,956.3019203201471,956.3019203258156,956.3019203316661,940.913358801782,936.475952788116,910.4963711402486,910.496371154042,910.4963711746435
natural_gas_boiler,power,NO,314.9825803200925,314.98258032316403,314.98258032845087,314.9825803470101,371.9039201640275,410.76979193681075,480.38333297343786,528.2478776444648,527.7770067201238,527.3303421037517,527.3303421085753,526.8994184761838,526.7242669824465,526.2567071954463,526.256707199049,526.2567072027986,525.7614079441444,525.7614079490062,525.7398197729799,525.7398197818181,523.7875056542637
natural_gas_boiler,power,PL,2090.761902244057,2136.638245470622,2136.6382454719405,2136.638245473977,2095.108813403902,2081.0762076859364,2056.126671405052,2042.09406567998,1986.817231516043,1972.7846257934193,1939.8431600994832,1925.8105543767726,1905.023964833358,1891.0826886212726,1882.5959315165662,1882.5959315192983,1838.4381406745642,1753.4690435288137,1753.4690435342347,1684.9669527073593,1561.474172613071
natural_gas_boiler,power,PT,19.41153943802827,20.65619249723549,20.656192497728526,20.656192498380175,19.56253245481777,18.14411368834424,18.144113688996917,15.70100050747153,14.084532012776533,11.767345785888153,9.8358929233618,5.407471037423602,4.416392097479943,3.469413058401016,3.4694130598136517,3.4694130615666277,2.495509905405654,2.2359133586837836,2.0088190494006217,1.244653094468052,1.2446531069522893
natural_gas_boiler,power,RO,324.3998049942804,331.8791616119218,331.8791616140091,331.8791616187825,325.00778730650353,324.64208144707527,324.6420814598648,265.67923985798313,265.6792398621168,265.6792398654899,255.6059269420209,252.66254469049238,250.3828933095666,213.06227409775965,208.76939050828466,208.7653629214649,188.2102318854435,176.15469879423588,166.88098621480847,162.21137358151535,140.81464241441896
natural_gas_boiler,power,SE,407.59898081587414,407.59898081885905,407.5989808248493,407.59898087175725,432.30308001337573,465.53533731251423,487.36582356056215,487.3658235702577,487.10512870888147,486.51275861519696,486.51275861824695,483.31702465301845,483.31702465584146,483.3170246587098,483.3170246617083,483.31702466498103,483.31702466873793,483.31702467330314,483.3170246793072,480.55095750888,479.3483820673755
natural_gas_boiler,power,SI,28.568015489417082,28.568015490483845,28.568015491973373,28.568015494406115,28.56801549922658,25.582736412678514,25.582736417826766,25.582736421420467,25.582736424368843,24.429339837727944,22.43932192369776,21.36779230906462,17.798704936296545,17.798704938869154,14.971080320278155,14.891910967584202,12.482379369224347,8.74545130973682,8.745451315308845,8.745451323503596,8.480561768892784
natural_gas_boiler,power,SK,247.08015708782497,257.17933592723483,257.17933592932013,257.17933593387284,246.04585668552147,246.48375314712368,248.36648722340425,248.3559190681632,248.67738941745142,248.67738943224603,248.6773894420137,227.69938184263341,227.69938184909006,201.0893712542001,197.09468053990838,197.094680545642,197.0223109048182,195.39484767336526,188.2590438967999,174.7121078227685,167.0034346136442
natural_gas_boiler,power,UK,4006.479629940664,4172.723677301681,4172.7236773031345,4172.723677305585,3700.692415780796,3372.024270760348,3083.1951327145334,2794.365994668856,2505.536856610134,2206.494015242473,1917.6648771963662,1538.7828874126853,1249.953749366707,883.9165194488622,883.9165194511239,857.5054439016039,776.8319069476869,602.7471027048418,339.3451234358792,261.81729646852483,166.2440474331035
natural_gas_pipeline,power,AT-CH,1.1467188576770172e-06,1.1504069196788396e-06,1.1522560236655881e-06,1.1545166175816302e-06,1.1572269939999365e-06,1.1602867595433831e-06,1.1636551376592478e-06,1.167541359650357e-06,1.172376066891222e-06,1.1786588259102007e-06,1.1871476016333194e-06,1.1968005928414656e-06,1.2087895105501977e-06,1.2238754769494037e-06,1.243318113070767e-06,1.2688659118247174e-06,1.305009877234033e-06,1.3659158069155967e-06,1.4321868108434833e-06,1.5093495062045228e-06,1.615232120045159e-06
natural_gas_pipeline,power,AT-CZ,6.284915483223008e-07,6.623925590851006e-07,6.847529911715863e-07,7.234573629361665e-07,7.556147611477935e-07,7.874115709216856e-07,8.202322052621977e-07,8.560290478572957e-07,8.961071117095968e-07,9.456471902619768e-07,1.0342277115612976e-06,1.3126597476148988e-06,6.410513261537994,7.558927766396381,8.492521642477577,8.820998435478145,8.859159942237087,9.15060958709938,9.150609603363872,9.150609609102071,9.15060961996742
natural_gas_pipeline,power,AT-DE,88.86181088578043,88.86181088619894,88.86181088662565,88.86181088709195,88.86181088759601,88.86181088814357,88.86181088874517,88.86181088940836,88.86181089014163,88.86181089095459,88.86181089220221,88.86181089279306,88.8618108934887,88.86181089483685,88.86181089642449,88.8618108983334,88.8618109007281,88.86181090373711,88.86181090779819,88.86181091333515,88.86181092603623
natural_gas_pipeline,power,AT-HU,37.79264681441961,37.79264681483387,37.79264681536419,37.7926468159404,37.792646816452475,37.79264681700697,37.792646817647324,37.79264681839389,37.792646819180256,37.792646820032886,37.792646821049125,37.792646822125924,37.79264682338901,37.79264682482113,37.79264682646592,37.79264682836441,37.79264683027029,37.79264683328553,37.792646837433566,37.792646843691145,37.79264685653
natural_gas_pipeline,power,AT-IT,351.04181953757904,351.0418195380102,351.04181953844324,351.0418195389047,351.0418195394203,351.0418195399681,351.0418195405505,351.04181954120446,351.0418195420422,351.04181954288094,351.04181954379646,351.0418195448186,351.04181954598994,351.0418195473405,351.04181954898695,351.0418195508939,351.04181955322986,351.0418195562534,351.0418195603055,351.0418195663469,351.04181957611223
natural_gas_pipeline,power,AT-SI,12.243679887602758,12.243679888031997,12.243679888477008,12.243679889210988,12.243679889883559,12.243679890427472,12.243679890721815,12.243679890998976,12.243679891760165,12.243679892690977,12.243679893703849,12.243679894717678,12.243679895898179,12.24367989724317,12.243679898762373,12.243679900403608,12.243679902642233,12.24367990567576,12.24367990976107,12.243679915817651,12.243679926675568
natural_gas_pipeline,power,AT-SK,64.09680276640223,64.09680276680609,64.09680276728311,64.09680276781864,64.09680276833004,64.09680276887244,64.0968027694798,64.09680277014874,64.09680277088411,64.09680277171806,64.0968027726991,64.09680277373471,64.09680277491861,64.0968027762579,64.09680277785326,64.09680277981771,64.09680278213915,64.09680278390907,64.09680278799216,64.09680279435989,64.09680280723954
natural_gas_pipeline,power,BE-DE,76.66994220692524,76.6699422073795,76.6699422079344,76.66994220857666,76.66994220918608,76.66994220981574,76.66994221050665,76.66994221131378,76.66994221213882,76.66994221304512,76.66994221404654,76.66994221515309,76.66994221641963,76.66994221790905,76.66994221962042,76.66994222054502,76.66994222315945,76.66994222660438,76.6699422313407,76.66994223859527,76.66994225345864
natural_gas_pipeline,power,BE-FR,242.64950494285668,242.64950494329514,242.64950494377499,242.64950494425796,242.64950494477222,242.6495049453649,242.64950494597892,242.64950494665393,242.64950494739924,242.6495049482518,242.6495049491603,242.64950495018218,242.64950495134616,242.6495049523284,242.6495049538471,242.6495049557241,242.6495049580505,242.649504961118,242.64950496532052,242.64950497168277,242.6495049844785
natural_gas_pipeline,power,BE-LU,3.9522523535875944,3.952252354083943,3.9522523547823805,3.9522523555002578,3.9522523561876715,3.9522523568851358,3.9522523576705355,3.952252358537402,3.952252359425748,3.9522523603799193,3.9522523614740153,3.9522523627607513,3.952252364130289,3.952252365657819,3.9522523677448897,3.9522523699238943,3.952252372556244,3.952252375840077,3.9522523802364713,3.9522523870914044,3.9522524013258633
natural_gas_pipeline,power,BE-NL,34.609850082800754,34.60985008323869,34.60985008372029,34.609850085036626,34.60985008575716,34.60985008648231,34.60985008710933,34.60985008781544,34.60985008860731,34.609850089531776,34.60985009056138,34.60985009161854,34.609850092023414,34.609850093372174,34.60985009502111,34.60985009693588,34.609850099310236,34.60985010274434,34.60985010687504,34.60985011321205,34.609850124098706
natural_gas_pipeline,power,BE-NO,5.750554538839608e-07,6.392257891043251e-07,6.889347296161781e-07,7.487396493740478e-07,7.946532860827428e-07,8.356796201773353e-07,8.765161372613234e-07,9.187837169565539e-07,9.627014684558913e-07,1.0090557114049186e-06,1.060402752974327e-06,1.1080399386617583e-06,1.1596280461627309e-06,1.2143671361355039e-06,1.2714683114985523e-06,1.3323953178405504e-06,1.3986222995531641e-06,1.473306686937673e-06,1.5519296302684989e-06,1.644347720425857e-06,1.7799061979637158e-06
natural_gas_pipeline,power,BE-UK,296.60102476105436,296.6010247614729,296.6010247619184,296.6010247623783,296.60102476288336,296.6010247634591,296.6010247640741,296.6010247647316,296.6010247654618,296.601024766286,296.6010247676511,296.6010247686721,296.6010247698428,296.6010247712014,296.60102477278633,296.60102477467586,296.60102477696813,296.6010247799199,296.6010247839316,296.6010247888699,296.60102480154825
natural_gas_pipeline,power,BG-EL,28.802236480627002,28.802236481084474,28.80223648152943,28.80223648203656,28.80223648257154,28.80223648315444,28.802236483798797,28.80223648451861,28.80223648531169,28.802236486169786,28.802236487083732,28.802236488106505,28.802236489296583,28.802236490681885,28.802236492279437,28.802236494168536,28.80223649654943,28.802236499995963,28.802236504182243,28.80223651043393,28.802236523258635
natural_gas_pipeline,power,BG-RO,28.85814920052896,28.85814920096254,28.85814920158672,28.8581492028005,28.85814920331376,28.858149203863906,28.858149204498808,28.85814920518975,28.858149205854538,28.85814920677706,28.858149211985275,28.858149212996654,28.858149214210748,28.858149215700465,28.85814921747081,28.858149219424295,28.85814922191324,28.85814922503675,28.8581492292039,28.858149235575958,28.85814924841552
natural_gas_pipeline,power,CH-AT,4.966110983295465e-07,5.558958822468972e-07,6.728849610461689e-07,7.68438195523563e-07,8.159404003269091e-07,8.581753653486393e-07,8.963810674382953e-07,9.335158291590092e-07,9.689481442937234e-07,1.0086601651284676e-06,1.0559065931693715e-06,1.1100441858314658e-06,1.2507480854298446e-06,1.388940301701715e-06,1.4704491948825894e-06,1.5282851775697133e-06,1.565050781353323e-06,1.585500057439147e-06,1.6147325353418137e-06,1.6614614464196292e-06,1.7605141107992542e-06
natural_gas_pipeline,power,CH-DE,51.25188443524659,51.25188443565952,51.251884436107,51.25188443659333,51.25188443710529,51.25188443767533,51.25188443830951,51.25188443898678,51.251884439735875,51.251884440556104,51.251884441826,51.25188444221471,51.25188444289632,51.25188444436026,51.25188444610432,51.25188444806892,51.251884450538796,51.251884453770714,51.25188445817729,51.25188446500208,51.25188447845453
natural_gas_pipeline,power,CH-FR,27.108461069138166,27.10846106958134,27.108461070025513,27.108461070511996,27.10846107103869,27.10846107161369,27.108461072247337,27.10846107294966,27.108461073731572,27.108461074594253,27.10846107551504,27.10846107657398,27.108461077799728,27.10846107916533,27.10846108088346,27.10846108294251,27.10846108534801,27.10846108836969,27.10846109250257,27.108461098869725,27.108461111730126
natural_gas_pipeline,power,CH-IT,204.0019431812252,204.00194318163696,204.00194318214258,204.00194318286867,204.0019431833957,204.00194318394878,204.0019431844045,204.00194318505825,204.00194318578392,204.0019431862264,204.0019431865266,204.00194318732622,204.00194318848736,204.00194318987374,204.00194319195563,204.00194319438322,204.0019431967489,204.00194319969836,204.0019432037545,204.00194321005685,204.00194322287825
natural_gas_pipeline,power,CZ-AT,5.426292161978151e-07,6.014827441789499e-07,6.885585958564805e-07,7.640846416423066e-07,8.102286449454756e-07,8.462058637160637e-07,8.770698443758428e-07,9.031816206837288e-07,9.248088262951867e-07,9.41836387467891e-07,9.552923052344874e-07,9.670277599434994e-07,9.800018188545844e-07,9.970917445619162e-07,1.0192061368404675e-06,1.0472721953381105e-06,1.0813234121817376e-06,1.1197650035507246e-06,1.1702625564410297e-06,1.2760134227802075e-06,1.3976816329696984e-06
natural_gas_pipeline,power,CZ-DE,273.92008851585575,273.92008851626065,273.9200885166865,273.9200885171657,273.9200885176803,273.9200885182303,273.9200885188231,273.9200885194879,273.9200885202276,273.9200885210558,273.9200885223783,273.9200885233794,273.92008852453336,273.92008852585724,273.92008852731965,273.9200885291966,273.920088531418,273.9200885343708,273.9200885384104,273.9200885446594,273.9200885574979
natural_gas_pipeline,power,CZ-PL,6.265511331014119,6.265511331852302,6.265511332673421,6.265511333971788,6.265511335004408,6.265511336138572,6.265511337515794,6.265511359837541,6.2655113613381435,6.265511362820444,6.265511364313799,6.265511365784306,6.26551136737503,6.265511369174134,6.26551137123564,6.2655113738177795,6.265511376833706,6.265511380933844,6.265511387117475,6.265511394502334,6.265511406874989
natural_gas_pipeline,power,CZ-SK,237.2510768892923,237.25107688968936,237.25107689021502,237.25107689102077,237.2510768915466,237.25107689211993,237.25107689273213,237.25107689340024,237.2510768941189,237.2510768946323,237.25107689554144,237.2510768958477,237.25107689697262,237.25107689794456,237.25107689948842,237.25107690143122,237.2510769041485,237.25107690750707,237.2510769116206,237.2510769178137,237.25107693063427
natural_gas_pipeline,power,DE-AT,90.18810661209415,90.1881066125178,90.18810661299781,90.18810661352563,90.18810661403818,90.18810661459291,90.18810661519858,90.1881066158631,90.18810661660392,90.18810661744004,90.18810661840318,90.18810661924155,90.18810662024569,90.18810662157253,90.18810662315319,90.18810662504441,90.18810662734403,90.18810663029316,90.18810663436274,90.18810664061503,90.18810665242802
natural_gas_pipeline,power,DE-BE,93.99782390774438,93.99782390818406,93.99782390862215,93.99782390911884,93.99782390963337,93.99782391018658,93.99782391079951,93.9978239114713,93.99782391220099,93.99782391302281,93.99782391397737,93.99782391500214,93.99782391616483,93.99782391751502,93.99782391913124,93.99782392107763,93.99782392305927,93.9978239258786,93.99782392995095,93.99782393541149,93.99782394643572
natural_gas_pipeline,power,DE-CH,94.50491988198307,94.50491988240492,94.50491988286068,94.50491988338572,94.50491988389835,94.5049198844524,94.50491988505941,94.50491988572833,94.50491988646651,94.50491988728561,94.50491988823482,94.50491988928158,94.50491989046542,94.5049198917123,94.50491989293096,94.50491989481087,94.50491989714047,94.50491990003032,94.50491990347018,94.50491990968024,94.50491992237843
natural_gas_pipeline,power,DE-CZ,401.0972725127979,401.0972725132123,401.09727251364006,401.0972725141497,401.0972725144116,401.0972725149586,401.09727251556745,401.09727251623536,401.0972725166555,401.0972725172674,401.09727251939375,401.09727252041773,401.09727252157023,401.09727252219557,401.09727252381697,401.0972725257016,401.097272528213,401.0972725312164,401.09727253530684,401.09727254153046,401.09727255293063
natural_gas_pipeline,power,DE-DK,43.72827920830116,43.728279208711115,43.72827920914484,43.72827920962459,43.72827921013909,43.72827921070464,43.728279211315595,43.72827921198527,43.728279212721986,43.728279213557,43.72827921451187,43.7282792155282,43.72827921671143,43.72827921813005,43.72827921980088,43.728279221732286,43.72827922410863,43.72827922720228,43.72827923137649,43.72827923775735,43.7282792506003
natural_gas_pipeline,power,DE-FR,278.6251066189199,278.625106619339,278.6251066197879,278.6251066203052,278.6251066208161,278.6251066213637,278.62510662196877,278.6251066226577,278.625106623416,278.6251066242361,278.6251066255746,278.62510662658497,278.62510662774196,278.6251066289952,278.62510663048505,278.6251066323716,278.6251066341782,278.6251066371307,278.6251066411707,278.62510664744383,278.625106660365
natural_gas_pipeline,power,DE-LU,5.337778756742262,5.337778757162021,5.337778757599813,5.337778758079799,5.337778758601813,5.337778759173297,5.337778759802318,5.337778760497861,5.337778761270781,5.3377787621292425,5.337778763088656,5.3377787641626515,5.337778765381594,5.337778766759264,5.337778768342851,5.337778770306176,5.337778772773539,5.3377787759352024,5.337778780162623,5.337778786540313,5.337778799271339
natural_gas_pipeline,power,DE-NL,123.37557776262085,123.3755777630226,123.37557776345285,123.37557776393108,123.37557776449823,123.37557776512608,123.37557776575429,123.375577766418,123.37557776715681,123.37557776798326,123.37557776947656,123.37557777043844,123.37557777159351,123.37557777295916,123.37557777454606,123.37557777642343,123.37557777877119,123.3755777817898,123.3755777858798,123.37557779206952,123.37557780488582
natural_gas_pipeline,power,DE-NO,5.800257121421237e-07,6.396366281548972e-07,6.824766963875934e-07,7.35787720540328e-07,7.791069675594108e-07,8.186140426712444e-07,8.582915974616317e-07,8.994939731101891e-07,9.424034290594955e-07,9.873364658501948e-07,1.0368763982555298e-06,1.0832847055751821e-06,1.133332159340313e-06,1.1863535440385606e-06,1.241597947473838e-06,1.3003819597629443e-06,1.3639877975197387e-06,1.43494104578345e-06,1.5103994867292994e-06,1.599625352408116e-06,1.7308844370631425e-06
natural_gas_pipeline,power,DE-PL,86.23004866216742,86.23004866272603,86.23004866335822,86.23004866404806,86.23004866477301,86.23004866555712,86.23004866644906,86.23004866748897,86.23004866853937,86.23004866963383,86.23004867085842,86.23004867208824,86.23004867344842,86.23004867499317,86.2300486767983,86.23004867901592,86.2300486816644,86.23004868514849,86.23004869001525,86.23004869680884,86.23004871062751
natural_gas_pipeline,power,DE-SE,6.040541863373131e-07,6.582987377980614e-07,6.964657007991846e-07,7.497424823544787e-07,7.930274326351118e-07,8.321890090847146e-07,8.714285843326262e-07,9.11966733434814e-07,9.537384239364184e-07,9.974487121107736e-07,1.0464838141041349e-06,1.0907403726039247e-06,1.1384198110529448e-06,1.1890731705229457e-06,1.2428208069717612e-06,1.3013008954131373e-06,1.3657754238097557e-06,1.4356406961456313e-06,1.504550354242645e-06,1.5830466825818962e-06,1.7040201544491451e-06
natural_gas_pipeline,power,DE-UK,6.446905119321894e-07,6.988085971540536e-07,7.298552617266593e-07,7.783584814217505e-07,8.179380844125167e-07,8.530656063137343e-07,8.875791218435592e-07,9.220473948883178e-07,9.56136711588767e-07,9.898580160095494e-07,1.0285151838933067e-06,1.0666366436617738e-06,1.108262242329495e-06,1.1532761504868643e-06,1.2003238000518593e-06,1.2494859883149942e-06,1.30145985146816e-06,1.3585892704707634e-06,1.4207834196115914e-06,1.496424954983075e-06,1.610367449811565e-06
natural_gas_pipeline,power,DK-DE,1.2861258636815422,1.2861258654913896,1.286125928044758,1.2861261187739341,1.2861261231601715,1.2861261266014574,1.2861261293876503,1.2861261310203607,1.2861261324450186,1.2861261339397463,1.286126135616752,1.2861261371928268,1.2861261389853036,1.2861261410460456,1.286126143443655,1.2861261461804874,1.2861261494144567,1.2861261533259463,1.2861261593273747,1.2861261666766766,1.2861262357546805
natural_gas_pipeline,power,DK-NL,6.346949681310325e-07,6.970422541198678e-07,1.0263663070516094e-06,1.626599552981058e-06,1.7039755678883492e-06,1.7794489388977638e-06,1.814139730855794e-06,1.8356071522609187e-06,1.850830653453408e-06,1.8641990438894182e-06,1.876578128600027e-06,1.886014489885167e-06,1.8949583931608086e-06,1.9044355880004113e-06,1.9158470773261673e-06,1.928838842042435e-06,1.9435907599585507e-06,1.959486547176743e-06,1.989451547538641e-06,2.261008317627186e-06,2.487105634765578e-06
natural_gas_pipeline,power,DK-NO,5.734451456438117e-07,6.354472020698367e-07,6.871727835348907e-07,7.498081622717653e-07,7.956567388225743e-07,8.360334357151545e-07,8.755252549776869e-07,9.156944334034124e-07,9.571115895145313e-07,1.0002803802352424e-06,1.0477650753206462e-06,1.0903419930605342e-06,1.1363598240377933e-06,1.1853046491025604e-06,1.2365459425312482e-06,1.2907485743812434e-06,1.349934235164161e-06,1.4155581907638118e-06,1.48796970997282e-06,1.5816045281448934e-06,1.7145759682387368e-06
natural_gas_pipeline,power,DK-SE,199.74292062744394,199.74292062786157,199.74292062831012,199.7429206288887,199.74292062941092,199.74292062997264,199.742920630578,199.74292063123804,199.7429206319607,199.74292063276934,199.74292063366167,199.74292063468013,199.74292063584718,199.74292063722564,199.7429206389923,199.7429206410974,199.74292064347216,199.74292064648358,199.74292065060735,199.74292065689826,199.74292066967664
natural_gas_pipeline,power,DK-UK,6.48453130404294e-07,7.180278620006058e-07,7.977958534427751e-07,8.921311542126568e-07,9.389132046173077e-07,9.745376986572293e-07,1.006745575386351e-06,1.0363921206043247e-06,1.0636087458272854e-06,1.0896567906254047e-06,1.1207667730476242e-06,1.1521841503998866e-06,1.1876404074963475e-06,1.227431030492458e-06,1.270018759841464e-06,1.3137285185294347e-06,1.3592647747118403e-06,1.4047329746327216e-06,1.4630863496489411e-06,1.5482701481279704e-06,1.6689173965876607e-06
natural_gas_pipeline,power,EE-FI,29.058491191980846,29.05849119241026,29.058491192855563,29.058491193357746,29.058491193895744,29.05849119447302,29.058491195108754,29.05849119581592,29.058491196609733,29.058491197482752,29.058491198428296,29.058491199447303,29.058491200634926,29.058491202024225,29.05849120362953,29.058491205551125,29.058491208133617,29.058491211276085,29.05849121545728,29.058491221751538,29.058491234568592
natural_gas_pipeline,power,EE-LV,22.54139538166646,22.541395382125206,22.541395382576003,22.541395383040523,22.54139538657662,22.54139538715032,22.541395387951287,22.54139538824173,22.541395388993703,22.541395389854443,22.54139539082395,22.541395391907233,22.541395393130916,22.54139539453504,22.541395396258885,22.541395398181894,22.54139540077977,22.541395403757562,22.541395405482245,22.541395407507636,22.541395420290474
natural_gas_pipeline,power,EL-BG,35.4648283984594,35.464828398870154,35.464828400061954,35.46482840076005,35.46482840141442,35.464828401999284,35.464828402613314,35.464828402935154,35.4648284037372,35.464828404192936,35.46482840891251,35.46482840998617,35.464828411221205,35.46482841284761,35.46482841451782,35.46482841644322,35.46482841881292,35.46482842183528,35.46482842590223,35.46482843202091,35.464828443711006
natural_gas_pipeline,power,EL-IT,270.22568559612523,270.2256855965866,270.2256855970306,270.2256855975372,270.225685598058,270.225685598617,270.2256855992225,270.2256855998828,270.2256856006075,270.2256856014118,270.2256856023169,270.22568560333343,270.2256856044942,270.22568560583557,270.2256856074116,270.2256856093129,270.2256856116925,270.2256856148664,270.2256856190329,270.22568562533456,270.22568563821136
natural_gas_pipeline,power,ES-FR,109.98788835216564,109.9878883525819,109.98788835390634,109.9878883546959,109.98788835520881,109.98788835576256,109.98788835638963,109.98788835708136,109.98788835788744,109.98788835830975,109.98788835925848,109.98788836031913,109.98788836150138,109.98788836290235,109.9878883644589,109.98788836554118,109.98788836802936,109.9878883712755,109.98788837547752,109.9878883818876,109.98788839493446
natural_gas_pipeline,power,ES-PT,31.295053492410684,31.295053492835464,31.295053493304327,31.295053494000953,31.295053494576713,31.29505349520534,31.29505349592274,31.295053496638282,31.295053497390303,31.295053497959362,31.295053498935193,31.295053499996545,31.295053500832406,31.295053502153397,31.295053503838606,31.295053506193348,31.295053508683413,31.295053511677256,31.29505351583151,31.2950535221735,31.295053535078562
natural_gas_pipeline,power,FI-EE,29.058491190364006,29.058491191457748,29.05849120131565,29.058491202760923,29.0584912042677,29.05849120588011,29.058491207610505,29.058491209471356,29.05849121137382,29.058491213325752,29.058491215333422,29.0584912172708,29.058491219358874,29.058491221659022,29.058491224143385,29.058491226821744,29.05849122986115,29.058491233455737,29.058491237955284,29.05849124436565,29.058491258623043
natural_gas_pipeline,power,FI-NO,5.73227558961554e-07,6.139463775013054e-07,6.370656128902207e-07,6.756542376239036e-07,7.094424430888854e-07,7.42854216494382e-07,7.765346133597304e-07,8.134344719203628e-07,8.486382750311609e-07,8.842657969290467e-07,9.225098078332983e-07,9.573299757116978e-07,9.93832587952948e-07,1.0323838748369594e-06,1.0742522920103397e-06,1.1194064879362109e-06,1.1682106891162381e-06,1.2214391858323996e-06,1.280529185189115e-06,1.3535403188592022e-06,1.4736039558707126e-06
natural_gas_pipeline,power,FI-SE,7.223918112507696e-07,7.415890916618534e-07,7.555130416962315e-07,7.846724371354647e-07,8.160623846173967e-07,8.530647525299138e-07,8.935542085329692e-07,9.531319550314191e-07,1.0040596250259012e-06,1.0520067918290303e-06,1.1054369360943944e-06,1.1424169077794601e-06,1.1736806436006957e-06,1.2036139042620108e-06,1.2451021548195056e-06,1.3039085391362593e-06,1.372785876358008e-06,1.423544689187061e-06,1.4663461386605473e-06,1.514029833798303e-06,1.6116952289985648e-06
natural_gas_pipeline,power,FR-BE,75.30501877576727,75.30501877617903,75.30501877665056,75.30501877717776,75.30501877770072,75.30501877829646,75.30501877889903,75.30501877954887,75.30501878030545,75.30501878112018,75.30501878209317,75.30501878313103,75.30501878432517,75.30501878569541,75.30501878729319,75.30501878920789,75.30501879147695,75.30501879446516,75.30501879860682,75.30501880475528,75.30501881333099
natural_gas_pipeline,power,FR-CH,60.45186817450245,60.4518681749355,60.451868175773875,60.45186818337137,60.45186818492831,60.45186818557651,60.451868187505575,60.451868187760276,60.4518681885148,60.45186818935013,60.451868190279534,60.451868191315285,60.45186819249761,60.45186819386309,60.45186819546488,60.45186819737994,60.451868199737355,60.45186820276209,60.45186820689675,60.451868213237034,60.45186822612195
natural_gas_pipeline,power,FR-DE,14.066665321508653,14.066665321971842,14.066665322538075,14.066665323177872,14.066665323744795,14.066665324311252,14.066665324933778,14.066665325790716,14.06666532656857,14.066665327405886,14.066665328322081,14.066665329371585,14.066665330595798,14.066665332012787,14.06666533366396,14.066665335638959,14.066665338000096,14.066665341140112,14.066665345555359,14.066665352089693,14.066665365097567
natural_gas_pipeline,power,FR-ES,81.01786419260277,81.01786419302469,81.01786419346794,81.01786419394895,81.01786419445573,81.01786419500792,81.01786419561314,81.01786419627979,81.01786419701786,81.01786419784604,81.0178641988434,81.01786419985282,81.01786420099239,81.01786420234029,81.01786420393103,81.01786420581156,81.01786420812222,81.01786421111139,81.01786421520278,81.01786422142226,81.0178642335267
natural_gas_pipeline,power,FR-IT,5.839174791439942e-07,6.500143415598721e-07,7.193414722343461e-07,8.223169463960404e-07,8.752896991360908e-07,9.212653579156262e-07,9.629673436554724e-07,1.0024382133994467e-06,1.0388871988785316e-06,1.0743537561731996e-06,1.1076502227035363e-06,1.134658848131896e-06,1.1602696540456485e-06,1.1914455948053612e-06,1.231846996647592e-06,1.2833433839579288e-06,1.3506531219265064e-06,1.4605771076321e-06,1.5444721811957518e-06,1.6292717696806284e-06,1.7367887294284277e-06
natural_gas_pipeline,power,FR-LU,5.440383389149964e-07,5.955052257784014e-07,6.482757800445743e-07,7.632745419181093e-07,8.088148852837605e-07,8.524549756491263e-07,8.922218995172558e-07,9.299793935080074e-07,9.632318064374293e-07,9.99876933436576e-07,1.042161663595219e-06,1.077216811086119e-06,1.1069129706709136e-06,1.1392990344107918e-06,1.1841713096639686e-06,1.2465567873402592e-06,1.3433899071053671e-06,2.0121106722026716e-06,2.292142392965722e-06,2.409867174377843e-06,2.503804719504992e-06
natural_gas_pipeline,power,FR-NO,5.701418582301915e-07,6.366988598514532e-07,6.883991093651335e-07,7.520968624494449e-07,7.987036600914917e-07,8.407840942052193e-07,8.825792033066206e-07,9.259219800909331e-07,9.703002274366397e-07,1.0174693626165282e-06,1.0711468646440232e-06,1.1178843329312139e-06,1.1677571974567321e-06,1.2206236258970285e-06,1.2779795330987463e-06,1.3414493421273794e-06,1.4145895937411058e-06,1.5094240831316365e-06,1.5972522129466531e-06,1.6945040364367112e-06,1.8324777294363323e-06
natural_gas_pipeline,power,FR-UK,5.879505798738405e-07,6.464252936907085e-07,6.915716304435048e-07,7.679162011522314e-07,8.121936641273216e-07,8.499248625486545e-07,8.851595840135118e-07,9.192643713374297e-07,9.515545295657051e-07,9.841180445765625e-07,1.0216326103262549e-06,1.0593188412474941e-06,1.0988786491536051e-06,1.1415351786277718e-06,1.1903614674531744e-06,1.2465123415672218e-06,1.3136773575727492e-06,1.405194951135875e-06,1.488103130695228e-06,1.5748019522395223e-06,1.6901039139222804e-06
natural_gas_pipeline,power,HR-HU,10.142863093620438,10.142863094043706,10.142863094572663,10.142863095195423,10.142863095714105,10.142863096276225,10.142863096903213,10.142863097594878,10.142863098354862,10.142863099196886,10.142863100123964,10.14286310114729,10.14286310236725,10.142863104021282,10.14286310568803,10.142863107659862,10.142863110000732,10.142863113068994,10.14286311726472,10.142863123671251,10.142863136654288
natural_gas_pipeline,power,HR-SI,0.8957034059367276,0.8957034063840107,0.8957034068589314,0.8957034074014514,0.8957034081654162,0.8957034147597421,0.8957034149612163,0.8957034153535514,0.8957034161142647,0.8957034169363182,0.8957034178341723,0.8957034187545165,0.8957034198170516,0.8957034210072916,0.8957034224195644,0.8957034241644859,0.8957034263955567,0.895703429349517,0.895703433420871,0.895703439831018,0.8957034510984264
natural_gas_pipeline,power,HU-AT,8.016305803465767e-07,8.456351362706791e-07,8.67321694920362e-07,8.788432429275098e-07,8.977868031018931e-07,9.392166326801768e-07,9.974761916595747e-07,1.2495197579264197e-06,1.297934957867426e-06,1.3218629431294397e-06,1.336294821938119e-06,1.34786085592413e-06,1.3605677225416998e-06,1.3775967594039836e-06,1.400640691919568e-06,1.430894708768e-06,1.4668757549433667e-06,1.5049922925392692e-06,1.558544571155697e-06,1.889117963549991e-06,2.099277370161556e-06
natural_gas_pipeline,power,HU-HR,15.21429464109493,15.214294641513604,15.214294641947241,15.214294642424171,15.214294642945235,15.21429464351873,15.214294644149504,15.214294644838517,15.214294645603841,15.214294646078562,15.21429464701262,15.214294648117615,15.21429464937515,15.214294650762275,15.214294652383604,15.214294654260692,15.214294656498328,15.214294659508251,15.214294663650932,15.214294669911855,15.21429468236434
natural_gas_pipeline,power,HU-RO,20.786024426114032,20.786024426570922,20.786024427053732,20.78602442764784,20.786024428166648,20.786024428724357,20.78602442934633,20.786024430023875,20.78602443075903,20.786024431592445,20.78602443293211,20.78602443398801,20.78602443520065,20.786024436571683,20.7860244381782,20.786024440114833,20.78602444250767,20.786024445574164,20.78602444969045,20.78602445597086,20.78602446870569
natural_gas_pipeline,power,HU-SI,8.777888823702651e-07,8.894011489692634e-07,8.950918201337589e-07,9.015068360201558e-07,9.099228153066878e-07,9.224470863367384e-07,9.440048631020181e-07,1.0178005954006252e-06,1.076944806281186e-06,1.117577511238186e-06,1.1428262824114568e-06,1.165778159023218e-06,1.1876086217417206e-06,1.2220198325004377e-06,1.2485688417012172e-06,1.2717567562329934e-06,1.297234287463645e-06,1.344261180242412e-06,1.401012472403723e-06,1.5776759405277658e-06,1.6836228133355046e-06
natural_gas_pipeline,power,HU-SK,5.699398366617703e-07,6.381033942757357e-07,4.489994809687895,4.489994813327315,4.489994821035994,4.544687506222781,4.571690249327585,4.764813775488666,4.764813887545255,5.419237318426385,6.892535559579895,7.282579013701657,9.801967066179962,11.163423517370179,12.045415703051248,14.582909676985935,15.358471021482462,16.593437362385103,17.931289063729245,18.08265505802664,19.420818940864617
natural_gas_pipeline,power,IE-UK,2.3667182014360115,2.3667182387986387,3.060283814870666,3.060283819837918,3.0602838228679667,3.0602838253182747,3.060283827406875,3.0602838292460572,3.060283830856068,3.060283832480469,3.0602838342102188,3.060283835988912,3.060283837882824,3.060283839979843,3.0602838423496723,3.0602838449614915,3.0602838478678063,3.0602838512162074,3.0602838557286174,3.0602838625616116,3.060283876427387
natural_gas_pipeline,power,IT-AT,59.21922868109122,59.21922868161245,59.219228682274526,59.21922868292225,59.21922868365145,59.219228684463744,59.219228685389346,59.21922868644656,59.219228687732034,59.21922868922313,59.21922869129405,59.219228693757806,59.219228697279924,59.2192287013219,59.2192287056347,59.219228710235406,59.21922871485055,59.21922871927147,59.21922872536836,59.21922873456882,59.21922875401755
natural_gas_pipeline,power,IT-CH,141.52634806374004,141.52634806415992,141.5263480646188,141.52634806517153,141.52634806575196,141.52634806635592,141.5263480670189,141.5263480677606,141.5263480685766,141.5263480694942,141.5263480705553,141.52634807172186,141.52634807309715,141.52634807467408,141.52634807648658,141.52634807862307,141.52634808113024,141.5263480842311,141.52634808827145,141.52634809408738,141.52634810519385
natural_gas_pipeline,power,IT-EL,5.748877927095421e-07,6.382326313818959e-07,6.895450699475101e-07,7.519839785773425e-07,7.972203294986937e-07,8.36851385410949e-07,8.756493271788203e-07,9.149297045532705e-07,9.549607060180976e-07,9.971780192845297e-07,1.0465861733415563e-06,1.0901698131641607e-06,1.1376813450703886e-06,1.1876690175261436e-06,1.2396627068264837e-06,1.295449971746672e-06,1.3586277002421791e-06,1.435312169538654e-06,1.5142482809889085e-06,1.6034715075201073e-06,1.75096384181868e-06
natural_gas_pipeline,power,IT-FR,7.340860487562929e-07,7.878538174573592e-07,8.156765815499064e-07,8.468548249225004e-07,8.820457469649683e-07,9.179870154492999e-07,9.575750896064808e-07,1.0012609834905423e-06,1.0511270007966958e-06,1.1055648017354448e-06,1.1725396326728014e-06,1.2636688134587674e-06,1.5192724343580499e-06,1.6941052684231517e-06,1.7454647568180262e-06,1.7777625488129295e-06,1.8026444061762227e-06,1.8223615414568102e-06,1.8521061851781894e-06,1.9021975787851912e-06,2.0196449361833674e-06
natural_gas_pipeline,power,IT-SI,6.583972613702158,6.583972614235181,6.583972615531455,6.58397261623463,6.583972617004023,6.583972617863472,6.58397261885366,6.583972620002288,6.5839726213393215,6.583972622153049,6.583972624317229,6.583972627579406,6.583972631498638,6.583972645155239,6.583972648782484,6.583972651557732,6.583972653878878,6.583972656927539,6.583972661187177,6.583972667527062,6.583972680262203
natural_gas_pipeline,power,LT-LV,6.95001892636732,6.950018926898632,6.95001892756017,6.950018928397155,6.950018929223152,6.950018929991808,6.950018930741242,6.950018931484533,6.950018932330959,6.950018933293142,6.950018934503634,6.950018935794442,6.950018937694118,6.950018939549675,6.9500189447310765,6.9500189471188065,6.950018950136276,6.950018952805555,6.950018956119847,6.95001896112585,6.950018971625093
natural_gas_pipeline,power,LT-PL,15.768589812518501,15.768589813256527,15.768589813925486,15.768589814676606,15.768589815470545,15.76858981633893,15.768589817274439,15.768589818292874,15.768589819241104,15.768589820223085,15.768589821377866,15.768589822426245,15.768589823610721,15.768589825001545,15.768589826646375,15.768589828581504,15.768589830886379,15.76858983362992,15.768589837308213,15.768589842876557,15.76858985382933
natural_gas_pipeline,power,LT-SE,6.687235231074936e-07,6.955085365633599e-07,7.106380054540308e-07,7.349709962345652e-07,7.623922535615034e-07,7.92796399219558e-07,8.250208794275214e-07,8.589941306728557e-07,8.940136964297991e-07,9.320688703688441e-07,9.773661557751005e-07,1.0152418241557773e-06,1.0545192659679295e-06,1.0959062931210235e-06,1.142954716832924e-06,1.1955213181886292e-06,1.2546050015690584e-06,1.3198141333941348e-06,1.3846006028544435e-06,1.4615836836311017e-06,1.5834533709867438e-06
natural_gas_pipeline,power,LU-BE,5.112134593584022e-07,5.394555291972459e-07,5.620338176205327e-07,6.003489907831245e-07,6.32093625070249e-07,6.610511778514064e-07,6.892361263566023e-07,7.17772463136309e-07,7.472909917541121e-07,7.780662012837229e-07,8.118305663598792e-07,8.458287716107922e-07,8.84079334710728e-07,9.228234665306214e-07,9.623081102255332e-07,1.003771249166783e-06,1.0485805205353268e-06,1.0997945548003457e-06,1.1524716629036547e-06,1.214543391756828e-06,1.3059457193642119e-06
natural_gas_pipeline,power,LU-DE,5.160409348485252e-07,5.771156678064272e-07,6.870549227245847e-07,8.993617510294476e-07,9.62958846639034e-07,1.0277312861497282e-06,1.0763029241265577e-06,1.117334818562135e-06,1.1466064448431025e-06,1.1833905452673006e-06,1.2241293342824816e-06,1.2683337561022452e-06,1.3139151973594297e-06,1.3671622087030858e-06,1.4341828490489667e-06,1.5164649472768402e-06,1.612656980600615e-06,1.7343200915623843e-06,1.8469899425494343e-06,1.964828162281341e-06,2.1246688457209594e-06
natural_gas_pipeline,power,LU-FR,7.518419921122088e-07,8.02524466940125e-07,8.264754648146857e-07,8.485142079222539e-07,8.774660536244268e-07,9.069614318666149e-07,9.404072211119718e-07,9.774499084092892e-07,1.0213411596418945e-06,1.0646602284600362e-06,1.1047151493995255e-06,1.1449260708553273e-06,1.203963960945432e-06,1.2729009274770718e-06,1.308140514168003e-06,1.333322926720866e-06,1.3536525037280428e-06,1.370709558408761e-06,1.3941789620935949e-06,1.4317318683192672e-06,1.50806511118643e-06
natural_gas_pipeline,power,LV-EE,9.22871246273475,9.228712463150828,9.2287124635922,9.2287124641823,9.228712464709117,9.228712465261586,9.228712465876818,9.228712466563927,9.22871246732529,9.228712468165583,9.228712469110217,9.228712470126167,9.22871247103347,9.228712472481552,9.228712474178211,9.22871247619709,9.228712478547433,9.22871248160173,9.22871248580149,9.228712492192669,9.228712505173696
natural_gas_pipeline,power,LV-LT,6.643400444566236,6.643400444978021,6.643400445519045,6.64340044607432,6.6434004466225565,6.643400447203986,6.64340044783662,6.643400448529107,6.643400449288155,6.643400450122243,6.6434004510475395,6.643400452089666,6.64340045330851,6.64340045473559,6.643400456417227,6.64340045842359,6.643400460851777,6.643400463917046,6.643400468051335,6.643400474328905,6.643400486455922
natural_gas_pipeline,power,NL-BE,146.07238836651868,146.0723883669182,146.07238836734888,146.0723883689701,146.0723883694963,146.07238837004388,146.0723883708449,146.07238837150462,146.07238837224548,146.07238837316126,146.072388374115,146.07238837515158,146.07238837585666,146.07238837723395,146.0723883788436,146.07238838073985,146.07238838312875,146.07238838495672,146.07238838899784,146.0723883953305,146.07238840818394
natural_gas_pipeline,power,NL-DE,264.40590993528605,264.4059099356866,264.4059099362243,264.40590993676506,264.40590993728114,264.405909937835,264.4059099384376,264.4059099390966,264.4059099398193,264.4059099406248,264.405909941526,264.4059099425462,264.4059099437095,264.40590994506005,264.40590994665655,264.4059099485758,264.40590995095226,264.4059099539946,264.4059099580853,264.4059099643272,264.4059099769833
natural_gas_pipeline,power,NL-DK,5.835131973323288e-07,6.299244970683233e-07,6.547090277706999e-07,6.896500949624628e-07,7.231428253066767e-07,7.55370639977629e-07,7.886635003617823e-07,8.234155348562678e-07,8.597964041710663e-07,8.982173071406962e-07,9.40732579991234e-07,9.809715014535602e-07,1.0250847595529548e-06,1.072825894955387e-06,1.1224710282098272e-06,1.176893463189722e-06,1.237993900614924e-06,1.3196571393972897e-06,1.3846752044173119e-06,1.4441653963875634e-06,1.5499032096822616e-06
natural_gas_pipeline,power,NL-NO,5.766920040790031e-07,6.40069462723009e-07,6.882660820461181e-07,7.453982843916559e-07,7.901609315508886e-07,8.305212534311668e-07,8.70958355025375e-07,9.129231498792419e-07,9.565833142796173e-07,1.0022923296825514e-06,1.0524778100939625e-06,1.0998274910689188e-06,1.1508170417619107e-06,1.2048141332127694e-06,1.2609459437473363e-06,1.3205886192295847e-06,1.3852115001063531e-06,1.4575906029875483e-06,1.5344613956318113e-06,1.6248131395349297e-06,1.7574333431594377e-06
natural_gas_pipeline,power,NL-UK,172.22261089341626,172.2226108938371,172.22261089426445,172.2226108947263,172.22261089522445,172.2226108957675,172.22261089635455,172.22261089700703,172.22261089773366,172.22261089856542,172.22261090032188,172.22261090136547,172.22261090255645,172.22261090391572,172.2226109055041,172.22261090743086,172.2226109098135,172.2226109128376,172.22261091692974,172.222610923211,172.22261093593397
natural_gas_pipeline,power,NO-BE,495.5523675889805,495.5523675894189,495.5523675899035,495.5523675904004,495.5523675908999,495.55236759144856,495.55236759206184,495.5523675927456,495.5523675934805,495.5523675942802,495.5523675951936,495.5523675962562,495.5523675974486,495.55236759881467,495.5523676004084,495.5523676022896,495.5523676046246,495.55236760763484,495.55236761175644,495.55236761803263,495.5523676308412
natural_gas_pipeline,power,NO-DE,1153.858090983395,1153.8580909839557,1153.858090984563,1153.858090985191,1153.858090985857,1153.8580909863228,1153.8580909870975,1153.8580909879527,1153.8580909888976,1153.8580909899201,1153.8580909905309,1153.858090991734,1153.8580909926552,1153.8580909942432,1153.858090996045,1153.8580909981913,1153.8580910007045,1153.8580910036892,1153.8580910078103,1153.8580910141459,1153.8580910268745
natural_gas_pipeline,power,NO-DK,167.59152808218883,167.59152808263397,167.59152808690627,167.5915280875476,167.59152808805072,167.59152808863772,167.59152808926484,167.59152808992263,167.5915280906523,167.59152809147315,167.59152809240373,167.59152809342754,167.5915280945955,167.59152809594534,167.5915280975296,167.59152809942404,167.59152810175152,167.5915281047268,167.591528108795,167.59152811507604,167.5915281280817
natural_gas_pipeline,power,NO-FI,0.4781980651958117,0.4781980717839715,54.52787790216266,54.527877921471706,54.65267431201964,56.959183938664765,57.16134211005417,63.25742378206453,63.25742378966253,63.25742379540272,63.25742380075827,63.25742380554535,63.25742381086583,63.25742381733629,63.257423824717364,63.25742383275679,63.25742384267763,63.25742385491233,63.25742388227901,63.25742390901003,75.95405981764992
natural_gas_pipeline,power,NO-FR,737.4384121203335,737.4384121208535,737.4384121214117,737.4384121219045,737.4384121224047,737.4384121229587,737.4384121235732,737.4384121242497,737.4384121249769,737.4384121257631,737.4384121266701,737.4384121277268,737.4384121289228,737.4384121302793,737.4384121318521,737.4384121324906,737.4384121348054,737.4384121378392,737.4384121419298,737.4384121481426,737.438412160908
natural_gas_pipeline,power,NO-NL,877.2159566484569,877.2159566489235,877.215956649402,877.2159566499014,877.2159566502659,877.2159566508891,877.2159566515617,877.2159566523022,877.2159566531365,877.2159566539736,877.2159566542683,877.2159566553344,877.2159566565228,877.2159566578746,877.2159566594484,877.2159566602656,877.2159566625717,877.2159566656004,877.2159566696904,877.215956675927,877.2159566872091
natural_gas_pipeline,power,NO-SE,19.619005537738857,19.61900554807485,28.762639446880193,30.812875331781445,32.069489733950334,33.367726076372044,34.35849464550641,35.16904421180599,36.44552072118147,36.4455363795582,37.806136674316214,37.80613676984874,37.8061368016659,37.80613682385916,37.806136855746864,37.80613689647032,37.80613692964543,37.806136940281796,37.80613694775126,37.80613695555224,37.80613697026483
natural_gas_pipeline,power,NO-UK,1427.9087412246909,1427.9087412251026,1427.9087412255328,1427.9087412259948,1427.9087412264903,1427.9087412270055,1427.908741227604,1427.9087412282731,1427.9087412290455,1427.9087412298509,1427.9087412304677,1427.908741231204,1427.9087412322945,1427.9087412336348,1427.9087412352274,1427.9087412371305,1427.9087412394579,1427.9087412419021,1427.9087412459455,1427.908741252202,1427.9087412650276
natural_gas_pipeline,power,PL-CZ,5.288735947066842e-07,5.802995632310893e-07,6.284343428126719e-07,6.840529698912929e-07,7.265115028364698e-07,7.657416309419801e-07,8.017525975835263e-07,8.36501108260321e-07,8.7212025431059e-07,9.092225062686992e-07,9.48791938008799e-07,9.871858359016687e-07,1.0291772447319314e-06,1.0711812226909282e-06,1.116283586340657e-06,1.1648819370403644e-06,1.2178051545937085e-06,1.27018080050181e-06,1.3319746113562293e-06,1.3983775979377116e-06,1.556369866748186e-06
natural_gas_pipeline,power,PL-DE,343.446176689025,343.4461766894363,343.4461766898717,343.4461766903512,343.4461766908469,343.44617669138785,343.4461766920202,343.4461766927072,343.44617669347434,343.44617669430244,343.44617669526895,343.4461766962998,343.44617669747515,343.4461766988271,343.4461767004128,343.4461767023113,343.44617670464424,343.4461767076283,343.4461767115882,343.44617671760676,343.44617672882146
natural_gas_pipeline,power,PL-LT,16.713251852645058,16.71325185309793,16.71325185356141,16.713251854057592,16.713251854649343,16.713251855280006,16.71325185594047,16.71325185665804,16.713251857449404,16.71325185834746,16.71325185939082,16.713251860514934,16.713251861817255,16.713251863355005,16.713251865169358,16.713251867331284,16.713251870171252,16.713251873978276,16.7132518796008,16.713251888869596,16.71325196904874
natural_gas_pipeline,power,PL-SE,5.896306765896411e-07,6.389858413286279e-07,6.708540097584026e-07,7.156656561101591e-07,7.54884681209689e-07,7.920955689358023e-07,8.287289015608229e-07,8.657236053424634e-07,9.039739015958892e-07,9.443707028692843e-07,9.905706740613385e-07,1.0309757607561983e-06,1.0750102725886338e-06,1.121945569992408e-06,1.1723261517619956e-06,1.2269914717010173e-06,1.2886928702631863e-06,1.3576610837816978e-06,1.4278952246541408e-06,1.5144176876105976e-06,1.6482541681961245e-06
natural_gas_pipeline,power,PL-SK,4.84855978051529e-07,5.415175404248958e-07,6.312850561928476e-07,7.381357080275788e-07,7.795264688315969e-07,8.062440190445544e-07,8.278405572052092e-07,8.445399130959394e-07,8.64844915995662e-07,8.88805215770319e-07,9.156718695561508e-07,9.418091550619736e-07,9.703681460875276e-07,1.0034257405542122e-06,1.0411815445520468e-06,1.08325514811837e-06,1.1300569225593242e-06,1.1787116284819898e-06,1.235770428700902e-06,1.3020180533105807e-06,1.4301389425780181e-06
natural_gas_pipeline,power,PT-ES,17.38614082860202,17.38614082902621,17.386140829497986,17.38614083022767,17.386140830761754,17.386140831349252,17.38614083199583,17.386140832689843,17.386140833462704,17.38614083433373,17.386140835350616,17.386140836389124,17.38614083704849,17.38614083833121,17.386140840094008,17.386140842089702,17.386140844468006,17.386140847458478,17.386140851035158,17.386140856539104,17.38614086906063
natural_gas_pipeline,power,RO-BG,157.15992061473762,157.15992061513845,157.15992061556318,157.15992061601546,157.1599206164477,157.1599206169868,157.15992061763106,157.15992061856682,157.1599206195933,157.1599206204152,157.15992062131892,157.15992062236438,157.1599206236126,157.1599206249503,157.15992062679413,157.1599206273078,157.15992062965685,157.15992063269098,157.15992063566077,157.159920641876,157.15992065439832
natural_gas_pipeline,power,RO-HU,13.49741846060547,13.497418465763392,38.781165881936424,38.781165889681695,38.781165898378774,38.78116591379707,38.78116592491006,40.67057555822142,40.69128636414923,41.03703689422708,43.11319536525573,43.5729309637109,49.83878468471863,51.180295069059525,51.1802950908273,51.18029510148444,51.18029510837134,51.18029511338263,51.180295120492126,51.180295132929665,51.18029517843747
natural_gas_pipeline,power,SE-DE,6.883453345407356e-07,7.936552563112426e-07,1.1121079869394621e-06,1.232997686094282e-06,1.3075352485144678e-06,1.3958420319898293e-06,1.4777675005145692e-06,1.5555962035233498e-06,1.621894356717268e-06,1.6905385574658333e-06,1.7655866786700823e-06,1.8160933811815173e-06,1.8626306340863026e-06,1.9104613668308445e-06,1.964120020602833e-06,2.0149463970924003e-06,2.0614910503200108e-06,2.1079097552548715e-06,2.1800006024292786e-06,2.290561753278068e-06,2.4353229037616647e-06
natural_gas_pipeline,power,SE-DK,199.74292062680996,199.7429206272195,199.7429206279486,199.74292062946228,199.7429206300123,199.74292063059232,199.74292063122573,199.7429206319027,199.74292063263792,199.74292063345277,199.74292063436988,199.7429206353939,199.74292063656506,199.74292063791648,199.74292063950233,199.74292064140386,199.74292064374114,199.74292064672994,199.7429206507631,199.74292065688587,199.7429206694052
natural_gas_pipeline,power,SE-FI,1.232712372254667e-06,1.239611686093655e-06,1.255316452693834e-06,1.2721926004221086e-06,1.3351247459323698e-06,1.4336517276097352e-06,1.5262201014761645e-06,2.1621394091569075e-06,2.1724424761600927e-06,2.181902649398987e-06,2.192047214202614e-06,2.1982373684141263e-06,2.2048144789092054e-06,2.2132860414540615e-06,2.2241634139989195e-06,2.235975678522758e-06,2.253695261164398e-06,2.2732959264913267e-06,2.363094661804034e-06,2.4076526065150054e-06,4.162455412394427e-06
natural_gas_pipeline,power,SE-LT,6.088673862380904e-07,6.988445171402939e-07,2.283792730949307e-05,2.2849187675268244e-05,2.2861753988973535e-05,2.287435532196602e-05,2.2899540434419786e-05,0.40439174770148506,0.4043917582894115,0.40439176528260384,0.4043917707421843,0.404391774963728,0.4043917792578279,0.4043917836789492,0.40439178811400833,0.40439179281533616,0.4043917976398027,0.40439180384451573,0.4043918117804297,0.4043918217579978,0.4043918449709395
natural_gas_pipeline,power,SE-NO,4.711638382580168e-07,5.231244384549413e-07,5.554926718574129e-07,5.959243765679859e-07,6.29210239063168e-07,6.607303678676945e-07,6.915541922339939e-07,7.229957144382524e-07,7.559984218392104e-07,7.9012855775444e-07,8.297449484718409e-07,8.61703674989949e-07,8.974190821754162e-07,9.367882220987455e-07,9.762834840793986e-07,1.016316239394364e-06,1.0598010197712512e-06,1.1181019505414387e-06,1.1829664934787005e-06,1.2567336187515096e-06,1.3584522076486072e-06
natural_gas_pipeline,power,SE-PL,7.358859765943609e-07,8.740669500364575e-07,39.282454685504,39.28245470573577,39.28245472747822,39.282454749958724,39.282454798294836,40.154812021125224,40.15481203222766,40.1548120397607,40.154812046156955,40.15481205054784,40.1548120546277,40.15481205873805,40.154812063004314,40.15481206752998,40.15481207219987,40.15481207757268,40.1548120841026,40.15481209190468,40.1548121047831
natural_gas_pipeline,power,SI-AT,5.26357543432856e-07,5.908765439280071e-07,1.0277601885279126e-06,1.039905615232464e-06,1.0610845153421934e-06,1.5092732297526416e-06,1.5448631814656102e-06,1.5598712222730198e-06,1.567345136532237e-06,1.5737949184642645e-06,1.5801856117592707e-06,1.5856715443692344e-06,1.59352710849959e-06,1.6082807589987412e-06,1.624842756889594e-06,1.8006819832958338e-06,5.538115308866271e-06,5.54426169240332e-06,5.557331857286857e-06,5.588717644578306e-06,1.7140480697604137
natural_gas_pipeline,power,SI-HR,6.0459979226545855,6.045997923074651,6.045997923526569,6.045997924141632,6.045997924679644,6.0459979252585665,6.045997925872295,6.045997926555748,6.045997927322741,6.045997928176013,6.045997929147565,6.045997930243099,6.0459979314955135,6.045997932559854,6.045997934395223,6.0459979364826735,6.045997938968171,6.045997942058412,6.045997946194489,6.045997951970985,6.04599796237169
natural_gas_pipeline,power,SI-HU,5.14014492238042e-07,5.694286645262991e-07,6.382509961479721e-07,8.128520755918363e-07,8.42156562767201e-07,8.638627753153604e-07,8.825790968401872e-07,8.976197224099196e-07,9.169889396491911e-07,9.432310095131552e-07,9.82793201501978e-07,1.0311943308834513e-06,1.10061269313843e-06,1.1427913346453584e-06,1.2059361302026627e-06,1.3189317749302508e-06,1.540251324879653e-06,1.5769000314305813e-06,1.6279867383855555e-06,1.654312412452775e-06,1.7165977975608315e-06
natural_gas_pipeline,power,SI-IT,4.994737854913363,4.994737855329912,4.994737855763276,4.994737856236836,4.994737856751032,4.9947378573146075,4.994737857935483,4.994737858621963,4.994737859384378,4.9947378602334025,4.994737861186317,4.994737862241155,4.994737863430041,4.994737864760281,4.994737866328759,4.994737868288455,4.99473787077307,4.994737873963509,4.9947378781778164,4.994737884596925,4.99473789717748
natural_gas_pipeline,power,SK-AT,407.41692435289787,407.4169243533009,407.41692435372624,407.4169243542353,407.4169243547455,407.41692435521446,407.41692435570195,407.41692435636844,407.4169243571342,407.416924357954,407.4169243582878,407.4169243593162,407.41692436060123,407.4169243619466,407.41692436354947,407.41692436539176,407.41692436772263,407.4169243707181,407.4169243748284,407.4169243810711,407.41692439381814
natural_gas_pipeline,power,SK-CZ,87.20785970832536,87.20785970875373,87.20785970917505,87.20785970963533,87.20785971013558,87.20785971068152,87.20785971128001,87.2078597119394,87.20785971266969,87.20785971348198,87.20785971400002,87.20785971501726,87.20785971620668,87.20785971755184,87.20785971914187,87.20785972107188,87.20785972344018,87.20785972640077,87.2078597304331,87.20785973628891,87.20785974885045
natural_gas_pipeline,power,SK-HU,12.366571790968141,12.366571791395975,12.366571791840672,12.366571792406125,12.366571792964326,12.366571793545864,12.366571794173018,12.3665717948557,12.366571795604013,12.366571796423722,12.366571796888161,12.366571797928852,12.366571799172782,12.366571800598411,12.366571802205666,12.36657180413021,12.366571806407292,12.366571809002574,12.366571812900332,12.366571819104436,12.366571831145892
natural_gas_pipeline,power,SK-PL,4.073658042953811e-06,4.0770492409663985e-06,4.078767990362857e-06,4.080959531876231e-06,4.083726036154067e-06,4.086850106435767e-06,4.092378277901047e-06,6.771148042612657,6.771148051501213,6.771148059350905,6.771148070029199,6.77114807875437,6.771148090196313,6.771148102920016,6.771148115502333,6.771148135502097,6.771148152296223,6.771148195889148,15.859679753865379,15.859679832729705,15.859679851056093
natural_gas_pipeline,power,UK-BE,240.82673497812428,240.82673497883053,240.82673497971206,240.8267349806264,240.82673498163075,240.8267349828345,240.8267349843311,240.826734986297,240.82673498902528,240.82673499252942,240.82673499683412,240.8267350013714,240.82673500644987,240.82673501194688,240.82673501834955,240.82673502589566,240.82673503489062,240.82673504576158,240.82673506013057,240.82673507897843,240.82673511093233
natural_gas_pipeline,power,UK-DE,6.415831935930772e-07,7.276661948185743e-07,8.78654468169488e-07,9.89702959412155e-07,1.0630423430337632e-06,1.145949350696358e-06,1.22908721267063e-06,1.3454446364009113e-06,1.7396456044511125e-06,2.3297612677188636e-06,2.801251063257624e-06,2.963490967450908e-06,3.0732183906828416e-06,3.1452628320397293e-06,3.2597310955547335e-06,3.440502025957188e-06,3.619412124312058e-06,3.750287932247908e-06,3.930552632423757e-06,4.1684851232641704e-06,4.497881820993038e-06
natural_gas_pipeline,power,UK-DK,6.461334535183353e-07,7.040306152310119e-07,7.391295805376788e-07,7.853109271776719e-07,8.304532902069744e-07,8.75631549206807e-07,9.237585383880492e-07,9.800449898393935e-07,1.0642273246178463e-06,1.1878890317682036e-06,1.2982889953508084e-06,1.3762662029599476e-06,1.4684211131618983e-06,1.546328725998999e-06,1.62929829179081e-06,1.7252318140574987e-06,1.8371663355011768e-06,2.020932814627335e-06,2.0820545165813735e-06,2.119565371737559e-06,2.2006047671648464e-06
natural_gas_pipeline,power,UK-FR,8.251226272031115e-07,9.49521639015877e-07,1.01614366342504e-06,1.0410661219505542e-06,1.077312624942348e-06,1.1256765512720471e-06,1.1908391077821098e-06,1.2886599773601652e-06,1.7823765394467387e-06,2.440354241396399e-06,2.601773389374286e-06,2.646839880058939e-06,2.67893851722138e-06,2.69853929680226e-06,2.7119424608301902e-06,2.7224495888632497e-06,2.731373622987589e-06,2.7392052255556106e-06,2.749893183923199e-06,2.766103452699828e-06,2.7993561581477584e-06
natural_gas_pipeline,power,UK-IE,81.92239941170152,81.92239941211984,81.92239941257671,81.92239941309138,81.92239941360609,81.92239941416022,81.9223994147948,81.92239941548597,81.92239941599783,81.922399416804,81.92239941777602,81.92239941877213,81.92239941994333,81.92239942130628,81.92239942294087,81.92239942488636,81.92239942719876,81.92239943018839,81.92239943417658,81.9223994396575,81.92239945244886
natural_gas_pipeline,power,UK-NL,58.569632863967286,58.56963286488501,58.56963286606159,58.56963286759306,58.56963286931308,58.56963287161832,58.569632872853795,58.569632878280615,58.56963289022665,58.569632918733255,58.56963298041056,58.569633023490105,58.56963306397311,58.56963310854747,58.56963320230885,58.569633551261354,66.85816819446576,66.85816880119229,92.4502883151447,124.65166986727698,135.4125880601205
natural_gas_pipeline,power,UK-NO,5.825099562330351e-07,6.466392771660737e-07,6.977938666552458e-07,7.572069326643793e-07,8.044990284197273e-07,8.479134269434881e-07,8.919329283832436e-07,9.38801231865959e-07,9.900742604035674e-07,1.046264815566125e-06,1.1068579216089704e-06,1.1587643370262078e-06,1.21473878092083e-06,1.2728154152149139e-06,1.3333876349175773e-06,1.3984182383092186e-06,1.4698899446403409e-06,1.553386738759298e-06,1.6375454709532964e-06,1.734488430975425e-06,1.8772491241387214e-06
natural_gas_storage,energy,AT,0.0,0.0,0.0,0.0,0.0,0.0,0.0,0.0,0.0,0.0,0.0,0.0,0.0,0.0,0.0,0.0,0.0,0.0,0.0,0.0,0.0
natural_gas_storage,energy,BE,0.0,0.0,0.0,0.0,0.0,0.0,0.0,0.0,0.0,0.0,0.0,0.0,0.0,0.0,0.0,0.0,0.0,0.0,0.0,0.0,0.0
natural_gas_storage,energy,BG,0.0,0.0,0.0,0.0,0.0,0.0,0.0,0.0,0.0,0.0,0.0,0.0,0.0,0.0,0.0,0.0,0.0,0.0,0.0,0.0,0.0
natural_gas_storage,energy,CH,0.0,0.0,0.0,0.0,0.0,0.0,0.0,0.0,0.0,0.0,0.0,0.0,0.0,0.0,0.0,0.0,0.0,0.0,0.0,0.0,0.0
natural_gas_storage,energy,CZ,0.0,0.0,0.0,0.0,0.0,0.0,0.0,0.0,0.0,0.0,0.0,0.0,0.0,0.0,0.0,0.0,0.0,0.0,0.0,0.0,0.0
natural_gas_storage,energy,DE,0.0,0.0,0.0,0.0,0.0,0.0,0.0,0.0,0.0,0.0,0.0,0.0,0.0,0.0,0.0,0.0,0.0,0.0,0.0,0.0,0.0
natural_gas_storage,energy,DK,0.0,0.0,0.0,0.0,0.0,0.0,0.0,0.0,0.0,0.0,0.0,0.0,0.0,0.0,0.0,0.0,0.0,0.0,0.0,0.0,0.0
natural_gas_storage,energy,EE,0.0,0.0,0.0,0.0,0.0,0.0,0.0,0.0,0.0,0.0,0.0,0.0,0.0,0.0,0.0,0.0,0.0,0.0,0.0,0.0,0.0
natural_gas_storage,energy,EL,0.0,0.0,0.0,0.0,0.0,0.0,0.0,0.0,0.0,0.0,0.0,0.0,0.0,0.0,0.0,0.0,0.0,0.0,0.0,0.0,0.0
natural_gas_storage,energy,ES,0.0,0.0,0.0,0.0,0.0,0.0,0.0,0.0,0.0,0.0,0.0,0.0,0.0,0.0,0.0,0.0,0.0,0.0,0.0,0.0,0.0
natural_gas_storage,energy,FI,0.0,0.0,0.0,0.0,0.0,0.0,0.0,0.0,0.0,0.0,0.0,0.0,0.0,0.0,0.0,0.0,0.0,0.0,0.0,0.0,0.0
natural_gas_storage,energy,FR,0.0,0.0,0.0,0.0,0.0,0.0,0.0,0.0,0.0,0.0,0.0,0.0,0.0,0.0,0.0,0.0,0.0,0.0,0.0,0.0,0.0
natural_gas_storage,energy,HR,0.0,0.0,0.0,0.0,0.0,0.0,0.0,0.0,0.0,0.0,0.0,0.0,0.0,0.0,0.0,0.0,0.0,0.0,0.0,0.0,0.0
natural_gas_storage,energy,HU,0.0,0.0,0.0,0.0,0.0,0.0,0.0,0.0,0.0,0.0,0.0,0.0,0.0,0.0,0.0,0.0,0.0,0.0,0.0,0.0,0.0
natural_gas_storage,energy,IE,0.0,0.0,0.0,0.0,0.0,0.0,0.0,0.0,0.0,0.0,0.0,0.0,0.0,0.0,0.0,0.0,0.0,0.0,0.0,0.0,0.0
natural_gas_storage,energy,IT,0.0,0.0,0.0,0.0,0.0,0.0,0.0,0.0,0.0,0.0,0.0,0.0,0.0,0.0,0.0,0.0,0.0,0.0,0.0,0.0,0.0
natural_gas_storage,energy,LT,0.0,0.0,0.0,0.0,0.0,0.0,0.0,0.0,0.0,0.0,0.0,0.0,0.0,0.0,0.0,0.0,0.0,0.0,0.0,0.0,0.0
natural_gas_storage,energy,LU,0.0,0.0,0.0,0.0,0.0,0.0,0.0,0.0,0.0,0.0,0.0,0.0,0.0,0.0,0.0,0.0,0.0,0.0,0.0,0.0,0.0
natural_gas_storage,energy,LV,0.0,0.0,0.0,0.0,0.0,0.0,0.0,0.0,0.0,0.0,0.0,0.0,0.0,0.0,0.0,0.0,0.0,0.0,0.0,0.0,0.0
natural_gas_storage,energy,NL,0.0,0.0,0.0,0.0,0.0,0.0,0.0,0.0,0.0,0.0,0.0,0.0,0.0,0.0,0.0,0.0,0.0,0.0,0.0,0.0,0.0
natural_gas_storage,energy,NO,0.0,0.0,0.0,0.0,0.0,0.0,0.0,0.0,0.0,0.0,0.0,0.0,0.0,0.0,0.0,0.0,0.0,0.0,0.0,0.0,0.0
natural_gas_storage,energy,PL,0.0,0.0,0.0,0.0,0.0,0.0,0.0,0.0,0.0,0.0,0.0,0.0,0.0,0.0,0.0,0.0,0.0,0.0,0.0,0.0,0.0
natural_gas_storage,energy,PT,0.0,0.0,0.0,0.0,0.0,0.0,0.0,0.0,0.0,0.0,0.0,0.0,0.0,0.0,0.0,0.0,0.0,0.0,0.0,0.0,0.0
natural_gas_storage,energy,RO,0.0,0.0,0.0,0.0,0.0,0.0,0.0,0.0,0.0,0.0,0.0,0.0,0.0,0.0,0.0,0.0,0.0,0.0,0.0,0.0,0.0
natural_gas_storage,energy,SE,0.0,0.0,0.0,0.0,0.0,0.0,0.0,0.0,0.0,0.0,0.0,0.0,0.0,0.0,0.0,0.0,0.0,0.0,0.0,0.0,0.0
natural_gas_storage,energy,SI,0.0,0.0,0.0,0.0,0.0,0.0,0.0,0.0,0.0,0.0,0.0,0.0,0.0,0.0,0.0,0.0,0.0,0.0,0.0,0.0,0.0
natural_gas_storage,energy,SK,0.0,0.0,0.0,0.0,0.0,0.0,0.0,0.0,0.0,0.0,0.0,0.0,0.0,0.0,0.0,0.0,0.0,0.0,0.0,0.0,0.0
natural_gas_storage,energy,UK,0.0,0.0,0.0,0.0,0.0,0.0,0.0,0.0,0.0,0.0,0.0,0.0,0.0,0.0,0.0,0.0,0.0,0.0,0.0,0.0,0.0
natural_gas_storage,power,AT,0.0,0.0,0.0,0.0,0.0,0.0,0.0,0.0,0.0,0.0,0.0,0.0,0.0,0.0,0.0,0.0,0.0,0.0,0.0,0.0,0.0
natural_gas_storage,power,BE,0.0,0.0,0.0,0.0,0.0,0.0,0.0,0.0,0.0,0.0,0.0,0.0,0.0,0.0,0.0,0.0,0.0,0.0,0.0,0.0,0.0
natural_gas_storage,power,BG,0.0,0.0,0.0,0.0,0.0,0.0,0.0,0.0,0.0,0.0,0.0,0.0,0.0,0.0,0.0,0.0,0.0,0.0,0.0,0.0,0.0
natural_gas_storage,power,CH,0.0,0.0,0.0,0.0,0.0,0.0,0.0,0.0,0.0,0.0,0.0,0.0,0.0,0.0,0.0,0.0,0.0,0.0,0.0,0.0,0.0
natural_gas_storage,power,CZ,0.0,0.0,0.0,0.0,0.0,0.0,0.0,0.0,0.0,0.0,0.0,0.0,0.0,0.0,0.0,0.0,0.0,0.0,0.0,0.0,0.0
natural_gas_storage,power,DE,0.0,0.0,0.0,0.0,0.0,0.0,0.0,0.0,0.0,0.0,0.0,0.0,0.0,0.0,0.0,0.0,0.0,0.0,0.0,0.0,0.0
natural_gas_storage,power,DK,0.0,0.0,0.0,0.0,0.0,0.0,0.0,0.0,0.0,0.0,0.0,0.0,0.0,0.0,0.0,0.0,0.0,0.0,0.0,0.0,0.0
natural_gas_storage,power,EE,0.0,0.0,0.0,0.0,0.0,0.0,0.0,0.0,0.0,0.0,0.0,0.0,0.0,0.0,0.0,0.0,0.0,0.0,0.0,0.0,0.0
natural_gas_storage,power,EL,0.0,0.0,0.0,0.0,0.0,0.0,0.0,0.0,0.0,0.0,0.0,0.0,0.0,0.0,0.0,0.0,0.0,0.0,0.0,0.0,0.0
natural_gas_storage,power,ES,0.0,0.0,0.0,0.0,0.0,0.0,0.0,0.0,0.0,0.0,0.0,0.0,0.0,0.0,0.0,0.0,0.0,0.0,0.0,0.0,0.0
natural_gas_storage,power,FI,0.0,0.0,0.0,0.0,0.0,0.0,0.0,0.0,0.0,0.0,0.0,0.0,0.0,0.0,0.0,0.0,0.0,0.0,0.0,0.0,0.0
natural_gas_storage,power,FR,0.0,0.0,0.0,0.0,0.0,0.0,0.0,0.0,0.0,0.0,0.0,0.0,0.0,0.0,0.0,0.0,0.0,0.0,0.0,0.0,0.0
natural_gas_storage,power,HR,0.0,0.0,0.0,0.0,0.0,0.0,0.0,0.0,0.0,0.0,0.0,0.0,0.0,0.0,0.0,0.0,0.0,0.0,0.0,0.0,0.0
natural_gas_storage,power,HU,0.0,0.0,0.0,0.0,0.0,0.0,0.0,0.0,0.0,0.0,0.0,0.0,0.0,0.0,0.0,0.0,0.0,0.0,0.0,0.0,0.0
natural_gas_storage,power,IE,0.0,0.0,0.0,0.0,0.0,0.0,0.0,0.0,0.0,0.0,0.0,0.0,0.0,0.0,0.0,0.0,0.0,0.0,0.0,0.0,0.0
natural_gas_storage,power,IT,0.0,0.0,0.0,0.0,0.0,0.0,0.0,0.0,0.0,0.0,0.0,0.0,0.0,0.0,0.0,0.0,0.0,0.0,0.0,0.0,0.0
natural_gas_storage,power,LT,0.0,0.0,0.0,0.0,0.0,0.0,0.0,0.0,0.0,0.0,0.0,0.0,0.0,0.0,0.0,0.0,0.0,0.0,0.0,0.0,0.0
natural_gas_storage,power,LU,0.0,0.0,0.0,0.0,0.0,0.0,0.0,0.0,0.0,0.0,0.0,0.0,0.0,0.0,0.0,0.0,0.0,0.0,0.0,0.0,0.0
natural_gas_storage,power,LV,0.0,0.0,0.0,0.0,0.0,0.0,0.0,0.0,0.0,0.0,0.0,0.0,0.0,0.0,0.0,0.0,0.0,0.0,0.0,0.0,0.0
natural_gas_storage,power,NL,0.0,0.0,0.0,0.0,0.0,0.0,0.0,0.0,0.0,0.0,0.0,0.0,0.0,0.0,0.0,0.0,0.0,0.0,0.0,0.0,0.0
natural_gas_storage,power,NO,0.0,0.0,0.0,0.0,0.0,0.0,0.0,0.0,0.0,0.0,0.0,0.0,0.0,0.0,0.0,0.0,0.0,0.0,0.0,0.0,0.0
natural_gas_storage,power,PL,0.0,0.0,0.0,0.0,0.0,0.0,0.0,0.0,0.0,0.0,0.0,0.0,0.0,0.0,0.0,0.0,0.0,0.0,0.0,0.0,0.0
natural_gas_storage,power,PT,0.0,0.0,0.0,0.0,0.0,0.0,0.0,0.0,0.0,0.0,0.0,0.0,0.0,0.0,0.0,0.0,0.0,0.0,0.0,0.0,0.0
natural_gas_storage,power,RO,0.0,0.0,0.0,0.0,0.0,0.0,0.0,0.0,0.0,0.0,0.0,0.0,0.0,0.0,0.0,0.0,0.0,0.0,0.0,0.0,0.0
natural_gas_storage,power,SE,0.0,0.0,0.0,0.0,0.0,0.0,0.0,0.0,0.0,0.0,0.0,0.0,0.0,0.0,0.0,0.0,0.0,0.0,0.0,0.0,0.0
natural_gas_storage,power,SI,0.0,0.0,0.0,0.0,0.0,0.0,0.0,0.0,0.0,0.0,0.0,0.0,0.0,0.0,0.0,0.0,0.0,0.0,0.0,0.0,0.0
natural_gas_storage,power,SK,0.0,0.0,0.0,0.0,0.0,0.0,0.0,0.0,0.0,0.0,0.0,0.0,0.0,0.0,0.0,0.0,0.0,0.0,0.0,0.0,0.0
natural_gas_storage,power,UK,0.0,0.0,0.0,0.0,0.0,0.0,0.0,0.0,0.0,0.0,0.0,0.0,0.0,0.0,0.0,0.0,0.0,0.0,0.0,0.0,0.0
natural_gas_turbine,power,AT,56.83999619225725,56.8399961937105,56.839996195982884,48.76017668169535,48.76017672073385,48.76017710817678,101.38090775498867,95.55116588628468,95.55116594979509,95.55116601967143,104.16897319031916,129.86289240641784,132.79891928141964,132.79891971105516,132.79891996653328,159.21995158112927,193.89206004847762,205.77545208514044,206.07179054257583,206.07179256852098,210.64408073026254
natural_gas_turbine,power,BE,166.15279495432665,166.15279495562226,166.1527949575617,163.4936138524746,139.9700886831225,138.94732675466943,138.94732682062488,176.67230338227188,198.9171745935874,198.91717477596583,219.1362424969996,199.44807519338792,199.4480757351411,226.74338182145124,274.18445712045576,274.18445787474167,294.7195028488277,310.4559279444398,294.90994794992486,294.90994880859193,305.0894168920948
natural_gas_turbine,power,BG,0.9204857711979666,0.9204857723098195,0.9204857737374694,0.9204857758977933,0.9204857815660035,0.9204857843491354,0.9204857874297094,0.9204857930661147,0.920485802524352,30.3648805469289,30.36488061779752,30.611070383437994,35.68873500041006,44.456339414516506,46.205661164109465,45.285175455785236,61.04892856912066,66.31130206101007,66.31130211574174,66.31130216241105,66.31130226628459
natural_gas_turbine,power,CH,2.72642771203827,2.7264277134618995,2.7264277156616172,2.6719656459421137,2.67196567471471,2.6719657674635258,2.6719674533547577,62.0170852361746,62.017085295902206,62.0170853407776,62.017085384792814,62.017085559785855,62.01708709925455,68.89685242390885,100.62584345529928,100.62584396582827,103.05962716274728,112.00750071601975,115.1098062793847,133.06303868806154,136.9715969691806
natural_gas_turbine,power,CZ,48.94580796238303,48.94580796370677,48.94580796567511,48.169531638145415,48.16953164830914,48.169531661351655,48.07748310003359,48.077483119810935,48.07748314279519,43.2193638266293,43.21936384083442,43.21936387692116,43.219363919225614,43.21936397112418,43.219364032269525,43.21936407091747,43.219364174238926,43.21936428797836,43.21936456053129,43.21936502589132,43.21936609938511
natural_gas_turbine,power,DE,687.399281207939,691.6641986015593,681.0325879834063,673.2186869497932,757.9684296157062,1055.0490528900054,1082.064710378972,1390.9629689256003,1378.5599303677764,1364.1185315335194,1325.580860851208,1314.4225300543494,1301.2585194928017,1428.9489046204274,1496.4349151036263,1486.6866070045687,1566.7943085742443,1765.406338472628,1983.3029688716492,2078.65586704449,2104.336358272744
natural_gas_turbine,power,DK,31.907281731164723,28.263692234183356,28.26369223673084,25.195406349154478,25.195406376819808,44.850520886648795,58.75157278472312,98.75382301342245,110.715895757711,124.77589904486732,128.05616504126388,128.05616983328272,128.05617070548652,128.0561721105693,167.84792434867538,167.84792459091125,167.84792567420888,167.847941957758,167.84794483372903,167.8479462153713,167.8479474594393
natural_gas_turbine,power,EE,38.80437808626132,38.80437808759385,38.80437808953926,38.804378093150895,38.8043781007397,38.80437811980303,38.80437814675387,38.804378182019015,38.80437822109484,38.80437825042528,38.80437827804748,38.80437833113459,38.80437840036792,38.804378476387434,38.51289138080573,38.512891439299594,38.51289149881417,38.51289154065508,38.512891569214965,38.51289159344751,38.512891616460635
natural_gas_turbine,power,EL,172.33753882142116,172.33753882187807,172.33753882236928,172.33753882294812,172.3375388235808,172.3375388243075,172.33753882516578,172.33753882620084,172.3375388274857,172.33753882915082,172.33753883144203,172.33753883474088,147.9804626554885,147.9804626633569,140.42419500552063,140.424195019768,120.51204237833997,106.09618492895301,99.62828073119465,99.62828229485083,96.19025976642283
natural_gas_turbine,power,ES,1173.320912326741,1173.3209123270656,1171.812338426622,1153.4230783054184,1146.3148826514553,1139.089069378343,1127.1227543900843,1122.6440797471055,1111.8015244710116,1101.4660034414424,1055.6191642423792,1033.177209837156,923.6956553490895,841.0488179043825,714.7975468641008,531.6224131701243,294.2623733713982,241.48953316400656,293.3303708023135,360.6851348939231,398.83710243079
natural_gas_turbine,power,FI,9.660889743597427e-06,9.66244237540471e-06,9.66487450814462e-06,9.670213226927946e-06,9.689539399061964e-06,1.0045334120384137e-05,1.5541120083192585e-05,9.430899160131997e-05,9.546527902910495e-05,9.553529361278708e-05,9.562283599508227e-05,0.1754478300359603,16.700422459583592,29.198873604525602,34.231618143187895,37.42180804530023,40.84296490364427,40.84296501418292,40.842965069922975,40.84296511724585,40.84296516917349
natural_gas_turbine,power,FR,389.8661730063056,388.8434110427019,388.84341104438687,388.84341104727037,378.308962821077,378.30896283575953,374.32019120740154,371.86556266843286,562.7496762408806,544.5138310238656,536.0589821010102,585.9710167074156,686.8739631467176,763.7804268595544,787.4085070828186,983.6794279214645,1114.023730798788,1225.7046003699638,1359.5563546086078,1458.8411344236763,1531.214950579298
natural_gas_turbine,power,HR,10.216940372418847,10.216940374095284,10.216940376448065,10.216940380939569,10.216940395833777,10.216940467034595,10.216940514140253,11.602812832870546,12.838668080030574,15.708278973153334,17.59219710319623,24.649934870195352,48.859306038604004,70.24457644777623,81.41516076613122,81.41516383267145,81.41516442799175,81.41516548194207,81.8093647473354,81.80936791716148,81.80937009610929
natural_gas_turbine,power,HU,192.41220838452753,192.41220838536688,192.41220838640288,192.41220838773305,192.4122083895625,192.41220839170205,192.41220839414743,192.41220839720216,180.13906482704508,180.1390648332355,151.53241269557836,151.53241272295202,145.90722210625046,193.66862943393042,193.2694987483402,220.09039277129477,239.4730364191041,274.25554821023735,344.94283554707437,366.4358219324761,375.52499406691106
natural_gas_turbine,power,IE,142.75225688862878,142.75225688956743,142.75225689072988,142.54770449944888,142.54770450230654,142.5477045066877,142.5477045130301,141.3720396440177,141.37203965692814,141.11634918246628,141.11634920601588,141.1163492463254,111.56540982667504,114.92845473892912,115.79672445894741,116.51431876149228,113.47818559942672,113.1313230554558,116.15038613319645,116.3807566940475,116.90877776767081
natural_gas_turbine,power,IT,1876.5847725062079,1835.0810919882774,1780.6190173776033,1768.5504261974131,1758.9546177562233,1750.2139405917178,1711.2978478440198,1486.2135085039238,1442.817718355332,1380.224686127177,1341.3085933814348,1312.2007878748302,1195.7593382266668,1099.7731278771846,989.8784103627789,996.24569668007,1018.1060843159742,1056.8613201816079,1040.8856899949499,1082.4054391126779,1129.4381812105523
natural_gas_turbine,power,LT,61.43762862447801,61.43762862583582,61.43762862784568,61.4376286315898,61.437628641152926,61.43762869343899,61.43762875275513,61.43762879962033,61.43762885862645,61.43762889480281,61.437628960958484,61.437629164546586,61.43762968978989,62.35532366625018,61.281431999690426,61.281432073654656,61.250749295095034,61.250749328927796,59.46091591548757,59.46091593705365,59.46091595876013
natural_gas_turbine,power,LU,19.248380175953667,19.248380177194775,19.24838017896795,19.248380182026896,19.248380190141713,19.24838020791983,19.248380233513164,19.2483802923437,19.248380358988793,19.248380407342793,19.24838047262082,19.248380646912896,1.5393533602976899,3.4280619151212317,10.356143397584365,11.605906587767453,16.936890526661653,16.93692810710325,18.003626479377665,18.003628362535927,20.645012294509904
natural_gas_turbine,power,LV,2.655347323629591,2.655347324967626,2.655347326940925,2.6553473306497795,2.655347339243293,2.6553473677006307,2.655347424856281,2.6473316548058006,2.647331795708383,2.6473318496615184,2.647331908245136,2.647332172751337,2.6473326838290827,2.64733306495092,2.647333357137085,2.6473336279400477,0.19270511705440127,0.1927052034066821,0.1927052406326896,3.225625947531198e-05,3.2279658212877344e-05
natural_gas_turbine,power,NL,677.7843538761722,677.7843538771245,677.7843538784024,674.716067985956,674.71606798984,622.6574840064994,576.6843337123302,515.6765825605415,483.4595807405657,472.771718337003,485.2681998351952,507.8019242008188,557.0505399368282,612.4942829934917,568.6454681933033,568.6454687089663,568.6454691574754,568.3386420890688,580.3108861818478,532.7524579266116,453.79732964022503
natural_gas_turbine,power,NO,112.9294402780026,112.92944027959918,112.92944028218892,112.92944028796339,112.92944031400309,173.39975767951788,173.39975932114942,173.39975951487787,173.3997596976734,173.39975995923498,178.1150636759741,178.11506429826773,178.11506452388204,178.11506471029548,178.11506482663643,178.1150649288807,178.1150650713167,156.63706394935974,156.637064045173,156.63706413119354,142.82977784338777
natural_gas_turbine,power,PL,236.84429102826124,236.8442910296134,236.84429103168276,236.84429103588184,236.84429105159387,236.11281211539873,252.09150874089255,427.9563850701781,427.95638571711055,427.95638576001454,420.2703296693846,420.01463944764953,417.26851215675833,418.31650223779144,422.57149555064865,422.5714956862079,452.5689420110907,512.161039707308,562.0807075427298,608.0592484132867,634.185811243307
natural_gas_turbine,power,PT,219.83567835170342,219.83567835206298,219.83567835242735,219.83567835282187,219.83567835326218,219.83567835375135,219.8356783542971,219.6372625341136,168.4889366900879,168.48893669090847,164.69806946948458,164.41987821623846,161.54080328812026,161.14039198130396,99.33693199315071,97.29856740295898,97.03658694141376,96.79726083037563,96.71748575971871,67.97187260804057,48.464679516849564
natural_gas_turbine,power,RO,58.51221199113086,60.71115021573081,60.71115021694096,60.71115021862883,60.71115022095793,60.71115022345221,60.711150226044516,60.71115022901127,60.71115023236135,60.71115023643929,60.711150241474186,60.711150246868186,60.71115025398407,60.71115026275947,60.71115026956786,60.711150276886215,60.71115028608618,60.66001219978892,60.66001221260344,59.98498934237276,46.17770309853094
natural_gas_turbine,power,SE,80.194126253696,80.19412625518494,80.19412625757089,80.19412626265546,80.19412627997079,80.19412639591225,80.19412697742159,103.67755183926218,169.74071967876466,180.44993515792757,218.73791663542596,222.37911567616925,222.37911636655994,222.3791180880728,315.44154694208714,325.31301954341603,349.9621676303315,349.96216924535616,349.9621696915841,327.0523023060896,404.272071074339
natural_gas_turbine,power,SI,5.870227475380735e-07,6.064750101709114e-07,6.357635514950569e-07,7.269359985101061e-07,1.6893001050160474e-06,1.787474375854437e-06,1.8106569932854105e-06,1.841215739803515e-06,1.884272026186716e-06,1.938535742751657e-06,2.307844280170056e-06,2.6438814482772053e-06,4.663510117097677e-06,4.696969392487106e-06,4.719473085983901e-06,4.7390574073262155e-06,4.754076130310933e-06,4.7808450716680555e-06,5.0364520094748076e-06,7.287569762558251e-06,7.472789801948746e-06
natural_gas_turbine,power,SK,16.31238854616786,16.312388547286808,16.312388548820998,16.312388551280065,16.31238855645091,16.30471784978289,16.304717861097828,16.24821070862674,6.661018976549871,6.540230855582889,6.5402309251554,10.24656539684008,15.243168250773447,15.23601041386929,31.305721756288744,31.258675902598316,42.51848959529772,43.27427993600798,46.61562546427459,67.52733678051678,80.87829843344005
natural_gas_turbine,power,UK,1663.004766573722,1663.441997313853,1631.6341002207093,1581.8255925490353,1469.4322347454624,1419.5725889821615,1286.460119312919,1245.0382597844616,1096.509238890506,1165.5293578872386,1238.8648667167258,1346.0758225481763,1402.3253564324316,1496.138902660998,1427.1383416707476,1427.138342013,1431.0454107945648,1489.2250151448366,1515.388244982346,1514.2632077405144,1373.3249486803472
natural_gas_turbine_CCS,power,AT,1.0774114817594441e-06,1.0816090373705043e-06,1.0883313008926023e-06,1.1130013047575346e-06,1.7539400319970648e-06,2.123335277622928e-06,2.5365182364076908e-06,3.103009041390405e-06,3.459843757033036e-06,4.064042057789606e-06,7.411391659257665e-06,1.0988217157659629e-05,1.2104828024883566e-05,1.2217523497380195e-05,1.2266871145862841e-05,1.2300387707585237e-05,1.2336530294938636e-05,1.2368392661984473e-05,1.2394686335193738e-05,1.2422292900888033e-05,1.245487842908109e-05
natural_gas_turbine_CCS,power,BE,6.290898236229159e-07,6.704930933638033e-07,7.212446348579232e-07,9.83877425322267e-07,1.945589618212158e-06,3.182836721185357e-06,5.751829951178188e-06,1.1887105397168569e-05,4.6540136152483546e-05,5.71352148206868e-05,503.43150849243193,687.0315393933856,687.0315403592623,687.0315405653346,687.0315406703908,687.0315407152442,687.0315407490538,687.0315407755753,687.0315408000307,687.0315408254406,687.0315408579708
natural_gas_turbine_CCS,power,BG,4.911439685075399e-07,5.465349424392e-07,5.918246406358351e-07,8.513491572140858e-07,1.6855051072539115e-06,1.724217797017041e-06,1.7871296012773092e-06,1.925413073546049e-06,2.1224318474986765e-06,1.1576222872599725e-05,1.4661003951821642e-05,0.0001567573851515303,0.00016058382790954987,0.00016102649888341343,0.00016119405176727027,0.00016124260836713184,0.00016128720337820163,0.0001613151797262867,0.00016133255200736336,0.00016134637318502816,0.00016137160756799317
natural_gas_turbine_CCS,power,CH,6.288893819906267e-07,6.584321748765423e-07,6.972950852812678e-07,9.314638055274643e-07,1.8375896592122536e-06,2.310990581932108e-06,2.7804306218410704e-06,3.408875177683214e-06,3.907704157791534e-06,4.160619065852119e-06,4.936083297789408e-06,6.348746055567125e-06,1.4502061623559887e-05,1.7725457812650078e-05,1.785760665580204e-05,1.7898052397008973e-05,1.7925865165469074e-05,1.795031094738859e-05,1.7972470480829673e-05,1.7998103563605126e-05,1.8031111225933497e-05
natural_gas_turbine_CCS,power,CZ,1.056563838628312e-06,1.0607888929417215e-06,1.0678108377631475e-06,1.09789382365619e-06,1.7380042402269882e-06,2.065625943308166e-06,2.4210093983039143e-06,2.9295647473137444e-06,3.601385671088917e-06,3.930541797477416e-06,4.351523332441256e-06,4.5370078457451056e-06,4.644357503665581e-06,4.70848302348453e-06,4.74668316419213e-06,4.776774152742221e-06,4.810284363642732e-06,4.837136392769787e-06,4.862129304518994e-06,4.893264303820299e-06,4.931552987024683e-06
natural_gas_turbine_CCS,power,DE,1.2132026142395515e-06,1.2175168697284148e-06,1.2254107076100924e-06,1.2819039343956023e-06,2.7682935678879204e-06,3.7516939382277594e-06,6.322058162182735e-06,1.3348938254542414e-05,0.0003504639394154978,134.27810091732698,259.8352371469932,340.2099471472877,524.7624585131898,524.7624589045797,524.7624590224502,524.7624590810359,524.762459116862,524.7624591418481,524.7624591645396,524.7624591930634,524.7624592270136
natural_gas_turbine_CCS,power,DK,1.0457656646343228e-06,1.0499604659513687e-06,1.058121281105832e-06,1.114441377115584e-06,1.8029593258886482e-06,3.098006612438674e-06,3.99185569775894e-06,6.813272013036653e-06,1.8359260030018034e-05,1.8655358207518088e-05,1.8778038967815833e-05,1.8830941430319292e-05,1.8867617559089716e-05,1.8898530048661332e-05,1.8923005872555655e-05,1.8942279098229763e-05,1.895960228403966e-05,1.8974688774863054e-05,1.8989486968484743e-05,1.9006601723567566e-05,1.9038082939389307e-05
natural_gas_turbine_CCS,power,EE,1.0059938210489612e-06,1.0095482645923473e-06,1.0154309642644464e-06,1.0357087331053346e-06,1.2673536733109245e-06,1.5828482005519896e-06,1.7887816933655541e-06,1.947838861335987e-06,2.130155995989504e-06,2.28505877133439e-06,2.496214291775552e-06,2.7485607225252005e-06,3.0174028679805893e-06,3.2495057742906034e-06,3.382622096254496e-06,3.451291124512219e-06,3.4928312316783647e-06,3.5318198552378777e-06,3.568582860217418e-06,3.6015249906024034e-06,3.6340150976279384e-06
natural_gas_turbine_CCS,power,EL,5.357389107553474e-07,5.880316768219888e-07,6.354433925678569e-07,8.262483949535052e-07,1.0656361245364967e-06,1.2036060259578896e-06,1.3813432739636514e-06,1.5112025688991003e-06,1.6711793835009989e-06,1.9657815089219133e-06,2.581572487666161e-06,3.3594179939384277e-06,2.9178668757722552,2.917867627581434,5.131758151736236,5.131758205572579,5.131758302217517,5.131758339173484,5.1317583590310125,5.131758374468578,5.131758401141212
natural_gas_turbine_CCS,power,ES,5.081978246373399e-07,5.556262164928404e-07,5.964389976199597e-07,6.888565867500557e-07,7.66524611900519e-07,8.353119859068106e-07,8.958741227097181e-07,9.51141860014441e-07,1.0066840210271419e-06,1.065216241559998e-06,1.138492158806323e-06,1.237493963424862e-06,1.3263257798246007e-06,1.4235395541934872e-06,1.5312266232996554e-06,1.6517957356132064e-06,2.0756134324318107e-06,2.8773436949563856e-06,2.996361308900182e-06,3.076273444788206e-06,3.1942807922582403e-06
natural_gas_turbine_CCS,power,FI,9.172065261888807e-07,9.213718116945457e-07,9.287876589987352e-07,9.64922467786138e-07,1.2355761148812548e-06,1.4904561003002765e-06,1.678572876046288e-06,1.949939810183085e-06,2.130583443275112e-06,2.254331466296801e-06,2.453829189057826e-06,2.702252714706049e-06,3.0148193470377873e-06,3.3983416646943545e-06,4.0788415200447035e-06,4.579097835265371e-06,4.948170650662794e-06,5.137034592825506e-06,5.256987877001377e-06,5.341318106094555e-06,5.3902231837645315e-06
natural_gas_turbine_CCS,power,FR,5.309999139256611e-07,5.702149147267626e-07,6.205832899512799e-07,8.100464402605528e-07,1.2290447674616138e-06,1.538100604443185e-06,1.7019762080614656e-06,1.8917350960620654e-06,2.0548984715244088e-06,2.1927689978988333e-06,2.403215799462163e-06,2.7042559490506588e-06,2.9335490633503055e-06,3.1999231046269988e-06,3.515752827000028e-06,3.8011358967038946e-06,3.923579128837435e-06,4.023013568241729e-06,4.101014675327192e-06,4.1713141093330165e-06,4.245359045480117e-06
natural_gas_turbine_CCS,power,HR,1.14694800697576e-06,1.1514864019476925e-06,1.1583267124249413e-06,1.1793189409515201e-06,1.946895174821118e-06,2.703949085816224e-06,3.2218878090780115e-06,4.143550880599718e-06,5.101241816471829e-06,8.919450298629017e-06,1.5172919994900155e-05,1.533519635457294e-05,1.537732723171234e-05,1.5400358939453838e-05,1.5418242776146477e-05,1.543475790196951e-05,1.5455205618084876e-05,1.5472895756487174e-05,1.5489485133544204e-05,1.5507234543030582e-05,1.553574511549725e-05
natural_gas_turbine_CCS,power,HU,5.652982438235048e-07,5.993816496482561e-07,6.320020462185883e-07,7.89822183291314e-07,1.2530769381860653e-06,1.418066877708917e-06,1.502865682250943e-06,1.6163533677717396e-06,1.761870031854179e-06,1.9590334992511244e-06,2.5619420860601787e-06,2.952290089843092e-06,3.3079497132795886e-06,3.4126479771847324e-06,3.471584407926692e-06,3.5150811209023236e-06,3.5581408263773815e-06,3.6097312692998782e-06,3.6525198693459237e-06,3.698089091714035e-06,3.758239420930102e-06
natural_gas_turbine_CCS,power,IE,5.545245337867695e-07,6.070541618294622e-07,6.545484969244781e-07,8.26643494070153e-07,1.3299223555940196e-06,1.8311595764587855e-06,2.1931407853970444e-06,2.534912009760797e-06,3.157393113320266e-06,3.61254081940798e-06,4.738773924803995e-06,5.597879612944311e-06,1.0440874710520397e-05,1.1077622008106557e-05,1.1373713546772925e-05,1.15596805660864e-05,1.1821551953730933e-05,1.3092707435667661e-05,1.3278358014922828e-05,1.3327035768648546e-05,1.3363228369205942e-05
natural_gas_turbine_CCS,power,IT,6.17089432992836e-07,6.760085926141273e-07,7.210659630023013e-07,8.639337484061014e-07,1.0709027726210923e-06,1.2143791757520296e-06,1.38487724519997e-06,2.122379115022561e-06,2.6208271662781034e-06,3.0212271309413856e-06,3.5188366627129674e-06,5.208563861106245e-06,1.6063159451060267e-05,1.6096088084901264e-05,1.616982845990253e-05,1.61969382078566e-05,1.6215196599605817e-05,1.623799577206781e-05,1.6257207415977416e-05,1.6276542885695106e-05,1.6304474850522403e-05
natural_gas_turbine_CCS,power,LT,9.60595173148203e-07,9.641768583507287e-07,9.700021864141418e-07,9.8959735249771e-07,1.193436834514419e-06,1.552946001586639e-06,1.7359121153629976e-06,1.829648794044562e-06,1.961585566032236e-06,2.0871044004325016e-06,2.2530908039655873e-06,2.4551740439459852e-06,2.6197854702455586e-06,2.7796172937506533e-06,2.876608033474438e-06,2.9243200444988537e-06,2.9630164962663876e-06,2.999425140839589e-06,3.0353965881465127e-06,3.067226776459787e-06,3.100270464479589e-06
natural_gas_turbine_CCS,power,LU,5.500877289395002e-07,5.898224344391107e-07,6.418829928607363e-07,8.547235308105034e-07,1.3678567876243538e-06,1.7759636891732332e-06,1.965595440476861e-06,2.127459206266626e-06,2.245954334720868e-06,2.342629104430155e-06,2.512091211142873e-06,2.6914101350949386e-06,2.8761348610566174e-06,3.061272678827762e-06,3.2720460538395366e-06,3.4673727899377048e-06,3.5649707597502345e-06,3.624729584046839e-06,3.676280991412353e-06,3.7317899750951393e-06,3.7988483473149875e-06
natural_gas_turbine_CCS,power,LV,9.810814567873403e-07,9.846530028951616e-07,9.905489167884226e-07,1.0111000600896948e-06,1.2368429724020262e-06,1.544363895672243e-06,1.7512140169829033e-06,1.920264809856012e-06,2.0952514810433865e-06,2.2373066042756516e-06,2.418968101909935e-06,2.6613021441891844e-06,2.8744728965783775e-06,3.0335976047732062e-06,3.1258702584386147e-06,3.1814002039647355e-06,3.218863835547193e-06,3.255338821498726e-06,3.290551376668032e-06,3.322425649572209e-06,3.3556785841131917e-06
natural_gas_turbine_CCS,power,NL,6.138131857599672e-07,6.598711157629578e-07,7.040188086872837e-07,8.899485151412037e-07,1.477761933280998e-06,2.1421118422203257e-06,3.575888054901973e-06,1.1294848280170662e-05,0.00019807124739658577,0.0001984344204006641,0.00019854798732250555,0.00019858874475757343,0.0001986175959666927,0.00019864272174333931,0.00019866360121061077,0.00019868188262529176,0.0001986988094941915,0.00019871459910399122,0.00019873035277664716,0.00019874738086464441,0.00019877099313663765
natural_gas_turbine_CCS,power,NO,9.971286185632661e-07,1.0014298610364678e-06,1.0094729773005842e-06,1.0511702642058698e-06,1.473677584379746e-06,1.921141418278134e-06,2.2195792321958933e-06,2.6054172092752422e-06,2.849426814731223e-06,3.072902208828188e-06,3.3910462821794945e-06,3.913410331399427e-06,4.648890289079964e-06,6.708446664353558e-06,1.0053442042465207e-05,1.0300179937849746e-05,1.041317126087078e-05,1.056017174850039e-05,1.0742766806465026e-05,1.084026101639115e-05,1.0907965141331742e-05
natural_gas_turbine_CCS,power,PL,1.0017615686085654e-06,1.0054156616982282e-06,1.011718559428306e-06,1.0409410203886596e-06,1.3950710352074742e-06,1.9016902894292513e-06,2.219768327336919e-06,2.534022642224218e-06,2.8788090798981707e-06,3.099140910369446e-06,3.3582629608173186e-06,3.6333689143930664e-06,3.8066885106872037e-06,3.902782100657054e-06,3.978911439938429e-06,4.017136517731214e-06,4.052537795456179e-06,4.086835841402437e-06,4.1198881901820484e-06,4.160878369669477e-06,4.2118680839125745e-06
natural_gas_turbine_CCS,power,PT,4.897214820683191e-07,5.349256733763486e-07,5.74292551754356e-07,6.595349190709441e-07,7.298435544188351e-07,7.92261047379681e-07,8.498546380365738e-07,9.055859389114291e-07,9.619078623619958e-07,1.0235031618968075e-06,1.0966514848111164e-06,1.1750942912946795e-06,1.2555319317734882e-06,1.3429346690932886e-06,1.4424834458761706e-06,1.5549561209504525e-06,1.8853575944258017e-06,2.48130500512498e-06,2.601863171818743e-06,2.6924576185981165e-06,2.778181907348952e-06
natural_gas_turbine_CCS,power,RO,4.965380069912824e-07,5.559261223298521e-07,6.370657105877273e-07,8.919805404124176e-07,1.751941069465841e-06,2.0335968524492336e-06,2.1205573023532928e-06,2.28393968465209e-06,2.5111946408031725e-06,2.758083586276577e-06,3.63759176827595e-06,3.931646921754775e-06,4.1584189584897996e-06,4.309163950918762e-06,4.362668887434187e-06,4.398883363804341e-06,4.432987553105129e-06,4.461463973186879e-06,4.484400623636156e-06,4.509262280987816e-06,4.553515309260369e-06
natural_gas_turbine_CCS,power,SE,9.882714857854947e-07,9.92357584339518e-07,9.998824675267621e-07,1.0318876630400044e-06,1.3779318908550654e-06,1.734044123152372e-06,1.971420164654364e-06,2.387406117902654e-06,2.581742007737935e-06,2.7507823279253453e-06,3.0928315811307657e-06,3.4550037000826605e-06,3.846691102833598e-06,4.848994297675281e-06,6.544599929295923e-06,7.138307517522231e-06,7.320155239191943e-06,8.12704998981772e-06,9.332298229714583e-06,9.50339793108908e-06,9.56658200081892e-06
natural_gas_turbine_CCS,power,SI,6.343251190991562e-07,6.681175794013501e-07,6.98186266656037e-07,8.691853512832893e-07,1.4642004294118457e-06,1.713475642671499e-06,1.8333616979409894e-06,1.988649803542482e-06,2.212080469320218e-06,2.5194333456390467e-06,3.6851354386892295e-06,3.969960106299664e-06,4.106802406919619e-06,4.136340537321391e-06,4.158308080859082e-06,4.175784438717529e-06,4.190789348704704e-06,4.2092302626782194e-06,4.237525800154288e-06,4.268894977554902e-06,4.308271477490097e-06
natural_gas_turbine_CCS,power,SK,8.877950657226997e-07,8.922001401819021e-07,8.993266516248002e-07,9.231550171465129e-07,1.2527044640438138e-06,1.4501370207531903e-06,1.514649917642788e-06,2.8738734844228703e-06,3.638813355289958e-06,4.244436635299495e-06,4.577393435750901e-06,4.806654000368977e-06,4.88887509343842e-06,4.9358450051166906e-06,4.9700413955184665e-06,4.9966159934646014e-06,5.0222718653455065e-06,5.05176547815061e-06,5.081791146190925e-06,5.1175651626367515e-06,5.160777056000441e-06
natural_gas_turbine_CCS,power,UK,5.380017493820911e-07,5.880284730094407e-07,6.329733121399744e-07,8.08696737932508e-07,1.2989048532302635e-06,1.828034233699776e-06,2.306851223132883e-06,2.7101802107995884e-06,3.677061412866581e-06,4.675113170768265e-06,6.330576467752245e-06,9.090376277088595e-06,9.662271533473525e-06,9.806993768166462e-06,9.887569274817897e-06,9.935143075688362e-06,9.976656761907764e-06,1.0012498407134942e-05,1.0044711900612107e-05,1.0075959375886889e-05,1.0115548526060003e-05
nuclear,power,AT,0.0,0.0,0.0,0.0,0.0,0.0,0.0,0.0,0.0,0.0,0.0,0.0,0.0,0.0,0.0,0.0,0.0,0.0,0.0,0.0,0.0
nuclear,power,BE,2013.7018109312,2013.7018109312,2013.7018109312,2013.7018109312,2013.7018109312,2013.7018109312,2013.7018109312,2013.7018109312,2013.7018109312,2013.7018109312,3.6931771273926262e-06,4.100246527144931e-06,4.495607801797936e-06,4.927593709893977e-06,5.343731757562069e-06,5.616050776500193e-06,6.1413713054522145e-06,6.988820603161249e-06,8.968155036626743e-06,1.196153962338067e-05,2.1156989180311394e-05
nuclear,power,BG,1362.7980285312,1362.7980285312,1362.7980285312,1362.7980285312,1362.7980285312,1362.7980285312,1362.7980285312,1362.7980285312,1362.7980285312,2.239404514542705e-06,2.4941181943016645e-06,2.6736203951616504e-06,2.817590128882671e-06,2.9965550861170093e-06,3.232540001560023e-06,3.4087157205534208e-06,3.7148726586086325e-06,4.087110466740876e-06,4.448655769956307e-06,4.794630647302281e-06,5.326209304660977e-06
nuclear,power,CH,989.4008561152,989.4008561152,989.4008561152,989.4008561152,742.0506420882407,742.0506420903523,742.0506420927787,742.0506420955892,742.0506420988448,742.0506421026389,742.0506421071315,742.050642112266,742.0506421185431,742.050642126582,413.379809797201,413.3798098102695,413.3798098286819,413.37980985773737,413.37980992004236,7.766627938621138e-06,9.752461343257568e-06
nuclear,power,CZ,696.6466301952,696.6466301952,696.6466301952,696.6466301952,696.6466301952,696.6466301952,696.6466301952,696.6466301952,696.6466301952,696.6466301952,696.6466301952,696.6466301952,696.6466301952,696.6466301952,696.6466301952,696.6466301952,696.6466301952,696.6466301952,696.6466301952,696.6466301952,696.6466301952
nuclear,power,DE,2241.3995421952,2241.3995421952,2241.3995421952,2241.3995421952,2241.3995421952,2241.3995421952,2241.3995421952,2241.3995421952,2241.3995421952,2241.3995421952,2241.3995421952,1755.1700118856832,1755.1700118963684,1755.1700119083064,946.3686956387116,946.3686956563884,946.3686956851557,946.3686957241126,946.3686957777454,946.3686958773169,461.8333453527526
nuclear,power,DK,0.0,0.0,0.0,0.0,0.0,0.0,0.0,0.0,0.0,0.0,0.0,0.0,0.0,0.0,0.0,0.0,0.0,0.0,0.0,0.0,0.0
nuclear,power,EE,0.0,0.0,0.0,0.0,0.0,0.0,0.0,0.0,0.0,0.0,0.0,0.0,0.0,0.0,0.0,0.0,0.0,0.0,0.0,0.0,0.0
nuclear,power,EL,0.0,0.0,0.0,0.0,0.0,0.0,0.0,0.0,0.0,0.0,0.0,0.0,0.0,0.0,0.0,0.0,0.0,0.0,0.0,0.0,0.0
nuclear,power,ES,2427.081620672,2427.081620672,2427.081620672,2427.081620672,2427.081620672,2427.081620672,2427.081620672,2427.081620672,2427.081620672,2427.081620672,2427.081620672,2427.081620672,2427.081620672,2427.081620672,2427.081620672,2427.081620672,2427.081620672,2427.081620672,1743.6495909586306,1068.6884589909398,708.1670511716706
nuclear,power,FI,1118.4973376896,1118.4973376896,1118.4973376896,1118.4973376896,1118.4973376896,1118.4973376896,1118.4973376896,1118.4973376896,1118.4973376896,1118.4973376896,1118.4973376896,1118.4973376896,946.707531511094,946.7075315164753,343.57961238267217,343.57961240131675,2.5019443421990217e-06,2.7757381325731175e-06,3.0397307885821346e-06,3.3637903581415437e-06,3.925030893264491e-06
nuclear,power,FR,21905.7415575552,21905.7415575552,20889.233828659475,20889.233828660097,20889.233828660912,20889.23382866169,20889.233828662444,19676.2012721709,19676.20127217229,19676.201272173865,19676.201272175647,19676.20127217769,19676.201272180046,19676.20127218281,19676.201272186107,15379.76193809462,14146.399227056327,14146.399227063162,13526.32951243591,11059.604090371677,9256.997051172655
nuclear,power,HR,0.0,0.0,0.0,0.0,0.0,0.0,0.0,0.0,0.0,0.0,0.0,0.0,0.0,0.0,0.0,0.0,0.0,0.0,0.0,0.0,0.0
nuclear,power,HU,677.6718192576,677.6718192576,677.6718192576,677.6718192576,677.6718192576,677.6718192576,677.6718192576,677.6718192576,677.6718192576,677.6718192576,677.6718192576,677.6718192576,677.6718192576,677.6718192576,677.6718192576,677.6718192576,677.6718192576,677.6718192576,3.462462510413527e-06,3.923402221428054e-06,4.369016529914464e-06
nuclear,power,IE,0.0,0.0,0.0,0.0,0.0,0.0,0.0,0.0,0.0,0.0,0.0,0.0,0.0,0.0,0.0,0.0,0.0,0.0,0.0,0.0,0.0
nuclear,power,IT,0.0,0.0,0.0,0.0,0.0,0.0,0.0,0.0,0.0,0.0,0.0,0.0,0.0,0.0,0.0,0.0,0.0,0.0,0.0,0.0,0.0
nuclear,power,LT,0.0,0.0,0.0,0.0,0.0,0.0,0.0,0.0,0.0,0.0,0.0,0.0,0.0,0.0,0.0,0.0,0.0,0.0,0.0,0.0,0.0
nuclear,power,LU,0.0,0.0,0.0,0.0,0.0,0.0,0.0,0.0,0.0,0.0,0.0,0.0,0.0,0.0,0.0,0.0,0.0,0.0,0.0,0.0,0.0
nuclear,power,LV,0.0,0.0,0.0,0.0,0.0,0.0,0.0,0.0,0.0,0.0,0.0,0.0,0.0,0.0,0.0,0.0,0.0,0.0,0.0,0.0,0.0
nuclear,power,NL,163.3189084416,163.3189084416,163.3189084416,163.3189084416,163.3189084416,163.3189084416,163.3189084416,163.3189084416,2.207294929880596e-06,2.48569037894802e-06,2.8105642443374072e-06,3.060020546152248e-06,3.2901888121975594e-06,3.5127209901477407e-06,3.725270688442375e-06,3.9221212040503285e-06,4.230290692813244e-06,4.6293862461453834e-06,5.2361806479115105e-06,6.028238679262525e-06,7.354828708655491e-06
nuclear,power,NO,0.0,0.0,0.0,0.0,0.0,0.0,0.0,0.0,0.0,0.0,0.0,0.0,0.0,0.0,0.0,0.0,0.0,0.0,0.0,0.0,0.0
nuclear,power,PL,0.0,0.0,0.0,0.0,0.0,0.0,0.0,0.0,0.0,0.0,0.0,0.0,0.0,0.0,0.0,0.0,0.0,0.0,0.0,0.0,0.0
nuclear,power,PT,0.0,0.0,0.0,0.0,0.0,0.0,0.0,0.0,0.0,0.0,0.0,0.0,0.0,0.0,0.0,0.0,0.0,0.0,0.0,0.0,0.0
nuclear,power,RO,928.410392384,928.410392384,928.410392384,928.410392384,928.410392384,928.410392384,928.410392384,928.410392384,928.410392384,928.410392384,928.410392384,928.410392384,928.410392384,928.410392384,928.410392384,928.410392384,928.410392384,928.410392384,928.410392384,928.410392384,928.410392384
nuclear,power,SE,2358.2979310208,2358.2979310208,2358.2979310208,2358.2979310208,2358.2979310208,2358.2979310208,2358.2979310208,1866.9858620620403,1866.985862063449,1866.9858620650793,1124.9352199741472,1124.9352199765679,1124.9352199790658,1124.935219982051,1124.935219985791,782.71095126695,403.214732485937,403.2147324939844,403.2147325067682,403.21473253379247,3.8303140342245724e-06
nuclear,power,SI,235.8297931024,235.8297931024,235.8297931024,235.8297931024,235.8297931024,235.8297931024,235.8297931024,235.8297931024,235.8297931024,235.8297931024,235.8297931024,235.8297931024,235.8297931024,235.8297931024,235.8297931024,235.8297931024,235.8297931024,235.8297931024,3.8157089581302765e-06,4.364544031220094e-06,4.961426797419314e-06
nuclear,power,SK,909.4355814464,909.4355814464,909.4355814464,909.4355814464,909.4355814464,909.4355814464,909.4355814464,317.1504114160316,317.15041141830886,317.1504114209977,317.1504114243257,317.1504114279125,317.1504114321183,317.15041143697454,317.15041144259646,317.1504114491708,317.15041145732283,317.1504114678923,317.1504114826746,317.15041150602985,317.15041155567167
nuclear,power,UK,2320.3483091456,2320.3483091456,2320.3483091456,2320.3483091456,2320.3483091456,2320.3483091456,2320.3483091456,2320.3483091456,2320.3483091456,2320.3483091456,2320.3483091456,1993.3716563475748,1993.371656349842,1993.3716563524667,1993.3716563555556,1993.3716563592689,1993.3716563638843,1993.3716563698551,1993.3716563781509,1993.3716563911717,1993.3716564183694
photovoltaics,power,AT,1464.53650917566,1490.7041793804779,1490.7041793851874,1490.7041793906783,1490.7041794016395,1490.704179567594,1490.7041797011134,1490.7041797950035,1490.7041799073738,1490.704180273391,1529.4714070567163,1567.9730538132765,1567.9488069192578,1567.9164787967804,1567.876067385061,1685.8775869116357,1721.1413036772838,1721.0670485537157,1720.9114576057639,1720.1971512566465,1737.316129973193
photovoltaics,power,BE,261.2579869949746,281.95874533466446,281.958745342113,281.9587453498847,281.95874536809583,281.9587455606148,337.8808998104691,350.6258789641691,350.6258802008619,370.9142075283037,560.6439400692013,560.5984751826156,560.530277696881,560.4393476860981,560.3256851949512,560.1892902994641,560.0301628980864,569.4019315876615,583.4353157525591,648.7730928440893,685.8198529782029
photovoltaics,power,BG,209.1963360567891,214.854210862039,214.85421088600407,214.85421105642038,214.85421385960265,230.93596508923753,239.39366750201438,240.46880944867476,240.46881062997977,302.83498257061785,302.83498421781593,302.8349940161449,302.83499524641235,302.8349958043075,338.07927189815115,355.2393122227844,366.8163429020122,366.8163444321343,366.7739108132581,366.59710300818887,375.29393490797634
photovoltaics,power,CH,1013.7758299932914,1037.9278823660661,1037.927882376244,1037.9278823869568,1037.9278824420112,1249.7887220714647,1325.8725350670709,1326.6633619011357,1326.663362333922,1361.8740200326629,1573.7865555945164,1574.5564853813644,1574.5292066938086,1649.9486668017128,1716.7738593100767,1843.6834252854933,1874.6694859552922,1874.4219546521792,1873.9983215287266,1872.9328731031917,1871.3108398573193
photovoltaics,power,CZ,440.0457030916942,440.04570309685363,440.04570310195373,440.0457031153021,440.04570329026467,440.0457071838717,440.04570776166327,440.04570791466966,440.04570800595,440.04570806797005,440.0443441713134,440.0416165226779,440.0375247668199,440.0320690052012,440.0252493065145,440.01706567782037,440.0075180686777,439.8427325261159,437.6359138769977,422.51245049150134,370.8791479649175
photovoltaics,power,DE,1949.0757827121838,2158.8768466479282,2158.8768466575607,2158.876846936274,2158.876848546645,2158.8768520619356,2158.8768569263552,2165.703249751533,2390.33185746842,2430.684472769064,2567.1481974345334,2579.5428965604005,2566.7680930834613,2549.7350219484415,2571.4889216271226,2680.4147147956705,2650.6068394544563,2605.669842720513,2536.7173206913635,2497.4156221287635,2441.2026898515437
photovoltaics,power,DK,48.074711437028355,72.04995737358884,72.04995737509711,72.04995738027583,72.0499574031043,72.04995746064475,72.0499575079766,72.04995754537264,72.04995756593277,72.0499575726719,72.04981865683342,72.04954085135883,72.04912409595438,72.04856841939352,72.04787382287083,72.04704030773013,72.04606787149199,72.04468170553761,72.03876570897938,72.0322945432034,71.95395071555944
photovoltaics,power,EE,5.799321509922618,13.083835107614055,13.083835109165962,13.083835110961873,13.083835113422674,13.08383511828452,13.083835123017417,13.083835128662916,13.08383513547914,13.083835145411198,13.083835194224966,13.083835207017538,13.083835224932503,13.08383524430859,13.083835263540148,13.083835281536786,13.083835294321968,13.083835307965312,13.083835324154016,13.083835346940988,13.083835396199968
photovoltaics,power,EL,123.46562197163406,155.18508167396018,155.18508168350073,155.185081882901,155.18508334676343,155.18509142936338,163.69040775343967,163.69041254459586,163.69041329984856,163.6904139165799,179.93420668894944,179.92180416754638,180.47304378258005,180.4481906064348,180.41712350311516,180.37984253245114,181.3826501277301,194.930706161652,213.65299029603142,214.1221805843118,227.61633018096427
photovoltaics,power,ES,1402.329985494533,1563.3177437512725,1563.31774375813,1563.3177437737063,1563.3177439028625,1563.317744467624,1563.3177453696574,1563.3177464111156,1563.317747269392,1563.317748172027,1562.8174313973493,1561.8167983212777,1560.3158473881313,1558.3145793349636,1555.812994327569,1555.350567646625,1582.7194238185898,1725.484310245122,1699.8146112443712,1708.6329355407902,1731.2730177133892
photovoltaics,power,FI,10.833061863929972,13.661999183488804,13.661999184196377,13.661999184983273,13.66199918587935,13.661999187223524,13.661999188465,13.661999189924106,13.661999191536625,13.661999193435893,13.656947526983005,13.646844181768625,13.631689163110517,13.611482471438872,13.586224108168217,13.555914078914988,13.520552369999455,13.485190661040402,13.449828954352263,13.414467253153239,13.379105571270154
photovoltaics,power,FR,386.80054195000827,485.56581611231695,485.5658161284072,485.5658164142906,485.56581768528196,485.56583731283376,582.5445767184759,610.179844572349,610.1798530215593,610.179858859066,616.0017231629686,615.891613532286,615.7264387518092,630.8956929022485,630.620384172014,886.8970471370371,927.7358820767558,948.7497415988203,945.0547361799335,946.9598557652595,1011.4687219691859
photovoltaics,power,HR,96.92269264318537,97.06413951513086,97.06413952051619,97.0641395260068,97.06413953880538,97.06413977582702,97.06413980432714,97.06413982890504,97.06413985519453,97.06413990241154,97.0641400801159,97.06414013274347,97.06414021170626,97.0641403403631,97.06414060529164,110.76022845253702,116.01279943241512,116.01280009301473,116.01280026136425,116.01280039675636,116.01280123005527
photovoltaics,power,HU,75.28307746317125,104.5772195985087,104.57721960110547,104.5772196323159,104.57721992148562,104.57722065542794,104.5772208589196,104.57722097472535,104.57722105379008,104.57722111573953,104.57722123631662,104.57722486435254,104.5772251150848,104.57722519846507,104.57722524215811,104.57722526943559,104.57722529612283,104.57722538536636,104.57722562260568,104.57722594536962,104.5418647568364
photovoltaics,power,IE,2.97038420470681,5.092087196623711,5.092087199151272,5.092087202413764,5.092087233456452,5.092087350333413,5.092087434335842,5.092087504540952,5.092087560382277,5.092087635340103,5.092087689091895,5.092088738718991,5.092088984382894,5.0920892827609645,25.95970970019185,41.651499924297454,41.65150010912733,41.651500285853984,42.55682098392359,43.40094461610666,43.40094480336805
photovoltaics,power,IT,2232.672899337324,2265.7714659887934,2265.771466001159,2265.7714661091222,2265.771466441953,2265.7714671306694,2265.771467751462,2265.771468441585,2265.7714691393717,2265.771470106972,2265.6931703813893,2265.5365837826416,2265.301683799627,2264.9884821984056,2264.59698412945,2333.3228418972003,2332.774739189088,2330.2970165775473,2318.3303699541734,2292.9247880289704,2156.8214651286335
photovoltaics,power,LT,3.6422568137270734,5.976130104036102,5.976130106376477,5.976130117994437,5.976130203886855,5.9761304319738215,5.976130577142782,5.976130666638285,5.976130729472461,5.976130781765067,5.976130835041732,5.976131190300913,5.976131303058341,5.976131334892524,5.976131362054015,5.976131388989143,5.976131413466001,5.9761314371688625,5.9761314609296186,5.976131490074105,5.976131546794569
photovoltaics,power,LU,4.026483728737284e-06,4.038912449030966e-06,4.048217600075725e-06,4.056794047038657e-06,4.083085237652761e-06,6.096713958860484e-06,6.739878957564516e-06,7.026210364285611e-06,7.1492255797466035e-06,7.2655947550406475e-06,7.505290238667172e-06,7.635478393718432e-06,7.79663953960068e-06,8.20140987334962e-06,8.54583530796154e-06,9.259731856967282e-06,9.795602810717806e-06,1.0299985253981403e-05,1.0854451278054632e-05,1.1502311472450612e-05,1.2306267606084636e-05
photovoltaics,power,LV,1.8364592672318806e-06,1.8439733567452873e-06,1.8501811206913299e-06,1.85787356927628e-06,1.874141092992022e-06,2.8225220806157287e-06,3.3576762168715526e-06,3.5811024414294637e-06,3.7387582431996015e-06,4.06730031785593e-06,6.182845775913678e-06,7.480801690576447e-06,9.27748407570591e-06,1.0223793469030608e-05,1.043420562967601e-05,1.0536096417889523e-05,1.0586722976480934e-05,1.0633126385227162e-05,1.0680234879788958e-05,1.0745415048678689e-05,1.0939406107678207e-05
photovoltaics,power,NL,368.6388315500554,502.34147727551095,502.341477279257,502.3414772835701,502.34147729091984,502.34147730705695,502.34147733270703,502.3414773771183,502.3414774433659,502.3414775226514,502.33390012320933,502.31874519622886,502.29601275008724,502.2657028392072,502.2278155268457,502.1823509125148,502.1293087213083,503.04989555498764,502.89431155904595,502.515942511754,502.3447788079525
photovoltaics,power,NO,5.569470254071416,7.867981826426613,7.867981827219226,7.867981828106158,7.867981829136503,7.867981830524786,7.867981832115449,7.867981834060937,7.867981836122299,7.867981838551999,7.867981844308221,7.867981847106777,7.86798185027665,7.867981854370524,7.867981861347113,7.867981875578299,7.867981884661634,7.867981894026954,7.867981905769556,7.867981923476273,7.867981965021603
photovoltaics,power,PL,138.97508545693407,275.1176939355567,275.11769394196136,275.1176940271028,275.11769437285943,275.1176955995046,275.117697684149,279.2947890473337,370.2537356138386,370.25376141889456,492.355521088243,492.35558768450227,492.3555929351754,492.3555946006322,492.35559534407804,492.35559585040096,492.35559639474604,492.3555974020297,492.3555996217685,492.35560368447005,492.3556076973896
photovoltaics,power,PT,383.93135132096256,408.71991620789834,408.7199162146881,408.7199162208059,408.7199162319381,408.7199162670734,408.7199183070946,408.7199192344708,408.71991939678526,408.7199194665293,408.71789892014027,408.7138582540052,408.7077964524957,408.69971439314446,408.6896119317863,408.67749549303596,408.66335109706284,408.2390107747336,406.57701067735155,404.87964927748766,404.03096886172176
photovoltaics,power,RO,49.37135777417712,50.43220927851712,50.43220928844154,50.4322093022593,50.432209327484486,50.432209372106826,50.432209570518026,50.43220975804657,50.432209812736964,50.4322098535655,50.432209896179174,50.43220993804883,50.43220998638368,50.43221008166233,50.432213572456774,50.43222733954855,68.55688122556118,68.55688680862808,68.55688954916931,68.55689188870676,68.48617198271175
photovoltaics,power,SE,41.66433935632729,59.451282682629824,59.45128268345959,59.45128268621116,59.45128269783846,59.4512827158509,59.45128273050985,59.4512827426962,59.45128275160157,59.45128275963255,59.448186094295295,59.44199276079178,59.43270273819289,59.420316039870784,59.40483266684845,59.38625261983129,59.364575897805466,59.315352396701805,59.25601544076305,59.22581656002622,59.13079966656424
photovoltaics,power,SI,12.861480558199636,14.02841720389751,14.028417205593115,14.028417207394211,14.028417209724108,14.02841722024746,14.02841722813074,14.028417235399422,14.028417244639568,14.028417257690583,14.027356434370999,14.025234736296282,14.022052187083895,14.017808787022497,14.012504537567175,14.006139449026529,13.998713497676158,13.977496477967321,13.90677305950912,13.644495238719669,12.992602057761985
photovoltaics,power,SK,71.335288897958,71.51209735072233,71.51209735565403,71.51209736177815,71.51209737529115,71.51209741236468,71.51209747877273,218.71989978163322,233.0986171671062,238.17084595417566,238.17074573935744,238.17054414915344,238.1702413418941,238.1698380939898,246.37298137637842,246.37237561066462,246.37166862564845,246.37074944436839,246.36983023305277,246.3621944237508,240.26914969741097
photovoltaics,power,UK,484.21127752906955,503.66022159782005,503.66022159943657,503.6602216166755,503.6602216894031,503.66022182985415,503.66022195101243,503.6602220684743,503.66022216945686,503.66022226547193,503.64313256293053,503.60895352692376,503.5576845238784,503.48932563618877,503.4038768961809,503.30133831551876,503.1817098854868,503.0459210926367,502.89032983608,502.7488834109247,499.8577840227332
power_line,power,AT-CH,27.37302691492195,27.373026924534646,27.373026927719014,27.373026929616923,27.37302693136453,27.373026933009626,27.373026934577172,27.37302693609643,27.373026937689357,27.373026939280294,27.373026940985266,27.3730269429641,27.37302694535077,27.373026948380748,27.373026952339906,27.37302695713982,27.37302696333101,27.373026971544054,27.373026982795025,27.373027002647515,27.373027046330208
power_line,power,AT-CZ,9.703521123112345,12.390014522903229,12.390014535162006,18.192535316694332,18.192535349904905,18.19253584045975,18.192535853793956,18.192535860707768,18.19253586531935,18.192535868175383,18.192535870322605,18.19253587219042,18.192535873862543,18.19253587558639,18.192535877464827,18.19253587942786,18.192535881463012,18.192535883787105,18.192535886576028,18.192535890295893,18.192535896060143
power_line,power,AT-DE,152.99738076066848,152.99738077169576,152.99738078042728,152.99738079487594,152.99738081308007,156.46302456570353,156.4630247057058,156.46302473663036,156.46302475286492,156.4630247623269,156.46302477044824,156.46302477788055,156.46302478437735,156.46302479165692,156.46302479980852,156.4630248072431,156.4630248136414,156.46302481993362,156.46302482687577,156.46302483516124,156.4630248456258
power_line,power,AT-HU,8.201542648877108,8.201542705373889,13.609817698769643,13.609818564885865,13.786266481367276,13.897257839819599,17.204559591537546,17.204560141089264,17.24992635568005,20.50468522454642,20.766037903570815,21.56492251435235,21.564922533596413,21.56492312151849,25.859967072659508,27.381842235794103,28.113105867380717,28.11310587342345,28.11310587664652,28.11310587958229,28.11310588330163
power_line,power,AT-IT,27.85396638733787,27.853966390811742,27.853966392391257,27.85396639339442,27.853966394348465,27.85396639528231,27.853966396161542,27.853966397003894,27.853966397827172,27.853966398671055,27.85396639956325,27.853966400520374,27.85396640158806,27.85396640278217,27.853966404107297,27.853966405408627,27.853966406639135,27.853966407763206,27.85396640880837,27.85396640992922,27.853966411477174
power_line,power,AT-SI,6.009336481094922,6.009336494409071,6.009336503183836,6.00933651248956,6.009336531107429,6.3753186837912335,6.3753187039089125,6.375318718287391,6.375318726562786,6.375318734642787,6.375318745743461,6.37531876358827,6.923159104252198,11.164050477398975,11.279793953292412,11.322009566115526,11.420682885220774,11.57386050027089,14.632801997369183,14.636744877718872,14.65738289926434
power_line,power,AT-SK,0.0,0.0,0.0,0.0,0.0,0.0,0.0,0.0,0.0,0.0,0.0,0.0,0.0,0.0,0.0,0.0,0.0,0.0,0.0,0.0,0.0
power_line,power,BE-DE,39.936191381473975,39.93619138174548,39.936191382031424,39.93619138233307,39.93619138262977,39.93619138292385,39.93619138322699,39.93619138353567,39.93619138384889,39.936191384164665,39.93619138448604,39.93619138482906,39.93619138519168,39.93619138557667,39.93619138598906,39.93619138643893,39.93619138691827,39.93619138743851,39.936191388025726,39.936191388747766,39.936191389787346
power_line,power,BE-FR,8.970953962249112,8.970953962885106,8.97095396351732,8.970953964154953,8.970953964849402,8.970953965606423,8.970953966430939,8.970953967340776,8.970953968338131,8.97095396945634,8.970953970720474,8.970953972136263,8.970953973730623,8.97095397556032,8.970953977635077,8.970953980017248,8.970953982907814,8.970953986422971,8.97095399106399,8.970953997944756,8.970954012007253
power_line,power,BE-LU,1.5965175533385731,1.596517582109267,1.8880230833634462,1.888023088500326,1.8880230941447125,1.888023100270535,1.8880231070983904,1.8880231178205449,1.8880231261570193,1.8880231401206502,1.8880231675807724,1.8880231956806466,1.888023214633498,1.8880232215482604,1.8880232251414177,1.8880232281207914,1.888023231311456,1.8880232349322021,1.888023239573908,1.888023245593378,1.888023258497559
power_line,power,BE-NL,7.300210348061644,7.300210352548374,7.300210356617687,7.300210360824021,7.3002103673299015,7.300210384102379,7.300210448016448,7.300210735225075,7.30021075042951,7.300210760777193,7.300210770089498,7.300210781535083,7.300210790022811,7.300210800400806,7.300210813799617,7.300210832662257,7.3002108580789455,7.300210897661404,7.300210995289752,11.679667186590162,14.306349828462524
power_line,power,BE-NO,0.0,0.0,0.0,0.0,0.0,0.0,0.0,0.0,0.0,0.0,0.0,0.0,0.0,0.0,0.0,0.0,0.0,0.0,0.0,0.0,0.0
power_line,power,BE-UK,13.708296195203483,13.708296196336516,13.708296197420172,13.708296198590354,13.708296199953146,13.70829620157788,13.708296203519534,13.70829620587168,13.708296208771086,13.708296212130756,13.70829621583206,13.708296220036118,13.708296224727764,13.708296229936355,13.708296235667701,13.708296241971123,13.708296248963578,13.70829625723049,13.708296268628358,13.708296287350052,13.708296327433786
power_line,power,BG-EL,15.701916759717685,15.701916760716948,15.701916761315161,15.701916761775555,15.701916762227206,15.701916762677989,15.70191676310621,15.701916763509384,15.701916763886427,15.7019167642523,15.701916764628319,15.701916765012077,15.7019167654043,15.701916765808049,15.701916766230463,15.701916766683189,15.701916767184098,15.701916767740899,15.70191676839286,15.70191676921851,15.70191677045914
power_line,power,BG-RO,11.701207836839828,11.7012078592048,14.473152277180866,14.4731522803974,14.47315228385519,14.473152289951582,14.473152292690225,14.473152294494932,14.473152296262482,14.473152297906658,14.473152298916373,14.473152299712714,14.473152300416713,14.47315230098845,14.473152301500345,14.473152301954823,14.473152302381518,14.473152302830982,14.473152303330705,14.473152303896955,14.473152304619196
power_line,power,CH-AT,14.82814490984,14.82814490984,14.82814490984,14.82814490984,14.82814490984,14.82814490984,14.82814490984,14.82814490984,14.82814490984,14.82814490984,14.82814490984,14.82814490984,14.82814490984,14.82814490984,14.82814490984,14.82814490984,14.82814490984,14.82814490984,14.82814490984,14.82814490984,14.82814490984
power_line,power,CH-DE,70.36717025987937,70.36717026022603,70.3671702605686,70.36717026092072,70.36717026127388,70.36717026164456,70.36717026202304,70.36717026240105,70.36717026277984,70.36717026315908,70.3671702635419,70.36717026392691,70.3671702643157,70.36717026471045,70.3671702651165,70.36717026553785,70.3671702659767,70.36717026644888,70.36717026697765,70.36717026760849,70.36717026849871
power_line,power,CH-FR,59.19896794890863,60.364622666311774,60.3646227360273,60.36462274692012,60.36462275727798,60.36462278575119,60.364622804722195,60.3646228164098,60.36462282382273,60.36462282846067,60.36462283213967,60.364622834748225,60.36462283703099,60.364622839091446,60.36462284097591,60.36462284282157,60.36462284464473,60.3646228465066,60.364622848464656,60.36462285062938,60.36462285349286
power_line,power,CH-IT,75.77254995972184,75.77254997202915,75.77254997911548,75.77254998393506,75.77254999203915,75.77255003403825,78.24494533217928,78.24494539331549,78.24494540993255,78.24494543213609,78.24494566955323,78.24494572404953,83.50806006683244,106.87911309535214,106.87911319604935,106.87911320563373,106.87911321006679,106.879113212823,106.87911321487704,106.87911321687007,106.87911321956086
power_line,power,CZ-AT,6.8222009638,6.8222009638,6.8222009638,6.8222009638,6.8222009638,6.8222009638,6.8222009638,6.8222009638,6.8222009638,6.8222009638,6.8222009638,6.8222009638,6.8222009638,6.8222009638,6.8222009638,6.8222009638,6.8222009638,6.8222009638,6.8222009638,6.8222009638,6.8222009638
power_line,power,CZ-DE,35.20693901474894,35.20693901644658,35.206939017504915,35.20693901829054,35.20693901898862,35.20693901962463,35.206939020210314,35.20693902074613,35.20693902125664,35.2069390217459,35.206939022208516,35.206939022648875,35.20693902306338,35.206939023456975,35.20693902383788,35.20693902421032,35.20693902457967,35.20693902495523,35.20693902535075,35.20693902579184,35.20693902636484
power_line,power,CZ-PL,25.467800426108077,25.467800427315968,25.46780042861827,25.467800430042576,25.467800431637176,25.467800433414947,25.467800435178066,25.4678004369722,25.467800438380596,25.467800439683284,25.46780044094435,25.467800442115994,25.467800443285245,25.46780044442493,25.467800445531395,25.467800446637,25.467800447811502,25.467800449098217,25.4678004506134,25.467800452454828,25.467800455127296
power_line,power,CZ-SK,6.595584738315232,6.595584739760802,6.595584741433593,6.595584743387006,6.595584745749062,6.595584748710157,6.595584752512445,6.595584758116101,6.59558476468578,6.595584775478087,6.595584790738834,6.595584851673176,6.595584924697435,10.142923862029942,10.776171999846522,11.728932700747862,12.175766350826922,12.1950115808569,15.157159525492357,16.3539444903263,20.593672284582972
power_line,power,DE-AT,63.2677667624,63.2677667624,63.2677667624,63.2677667624,63.2677667624,63.2677667624,63.2677667624,63.2677667624,63.2677667624,63.2677667624,63.2677667624,63.2677667624,63.2677667624,63.2677667624,63.2677667624,63.2677667624,63.2677667624,63.2677667624,63.2677667624,63.2677667624,63.2677667624
power_line,power,DE-BE,4.69837545774,4.69837545774,4.69837545774,4.69837545774,4.69837545774,4.69837545774,4.69837545774,4.69837545774,4.69837545774,4.69837545774,4.69837545774,4.69837545774,4.69837545774,4.69837545774,4.69837545774,4.69837545774,4.69837545774,4.69837545774,4.69837545774,4.69837545774,4.69837545774
power_line,power,DE-CH,4.76444382032,4.76444382032,4.76444382032,4.76444382032,4.76444382032,4.76444382032,4.76444382032,4.76444382032,4.76444382032,4.76444382032,4.76444382032,4.76444382032,4.76444382032,4.76444382032,4.76444382032,4.76444382032,4.76444382032,4.76444382032,4.76444382032,4.76444382032,4.76444382032
power_line,power,DE-CZ,14.52286234856,14.52286234856,14.52286234856,14.52286234856,14.52286234856,14.52286234856,14.52286234856,14.52286234856,14.52286234856,14.52286234856,14.52286234856,14.52286234856,14.52286234856,14.52286234856,14.52286234856,14.52286234856,14.52286234856,14.52286234856,14.52286234856,14.52286234856,14.52286234856
power_line,power,DE-DK,29.434747973638007,29.434747974230998,29.434747974877972,29.434747975592092,29.434747976393396,29.43474797730903,29.434747978360004,29.43474797958978,29.434747981043127,29.434747982766673,29.434747984846585,29.434747987142902,29.43474798978116,29.434747992856057,29.434747996459986,29.434748000825333,29.434748006161296,29.434748012880927,29.434748022402207,29.434748039842248,29.43474809004925
power_line,power,DE-FR,26.946243931959994,26.946243932678215,26.946243933428605,26.946243934194477,26.94624393501796,26.946243935906217,26.94624393686323,26.946243937906978,26.94624393904906,26.946243940339052,26.946243941819624,26.946243943436237,26.946243945265515,26.946243947362984,26.94624394975966,26.946243952522646,26.94624395591562,26.946243960215483,26.946243966006005,26.946243974779648,26.946243993338808
power_line,power,DE-LU,10.795487211971022,10.795487427945865,10.795487440102265,10.795487444269414,10.795487448124353,10.795487451739975,10.795487455113056,10.79548745848212,10.795487461822935,10.795487465764706,10.795487470424428,10.7954874747429,10.795487479446269,10.795487484714576,10.795487490138076,10.795487495737435,10.795487502865205,10.795487512238351,10.795487524747331,10.795487542553218,10.79548758615188
power_line,power,DE-NL,15.088078133193559,15.088078134066897,15.088078135016493,15.08807813605953,15.088078137315428,15.088078138882093,15.088078140852918,15.088078143489826,15.088078147161575,15.088078152503956,15.088078165038983,15.088078173302135,15.088078182047957,15.088078191321749,15.088078200913818,15.088078212482836,15.08807822632499,15.088078243311276,15.088078262010837,15.088078288180073,15.088078344679928
power_line,power,DE-NO,66.11777858736369,66.11777858792118,66.1177785884478,66.11777858900848,66.11777858961361,66.11777859027539,66.11777859100373,66.11777859181367,66.1177785927193,66.11777859373524,66.11777859488177,66.11777859617884,66.11777859766076,66.11777859937955,66.11777860140094,66.1177786038347,66.11777860684977,66.11777861075664,66.11777861625046,66.11777862540256,66.11777864946495
power_line,power,DE-PL,39.15073621795771,39.15073621896361,39.15073622009473,39.15073622138583,39.150736222897486,39.15073622470119,39.15073622673609,39.150736229092615,39.15073623124613,39.150736233447,39.15073623573888,39.150736237991175,39.150736240348415,39.15073624276348,39.15073624524828,39.15073624790658,39.15073625096829,39.15073625464613,39.150736259393206,39.15073626613714,39.150736279945356
power_line,power,DE-SE,23.467507212703666,23.46750721330401,23.467507213910558,23.467507214543186,23.46750721520693,23.467507215926716,23.467507216718914,23.46750721760389,23.467507218592093,23.467507219703144,23.467507220964343,23.467507222388228,23.467507224011833,23.467507225898622,23.467507228131463,23.46750723084503,23.467507234241406,23.467507238633484,23.467507244877737,23.46750725556599,23.46750728684744
power_line,power,DE-UK,9.009185454270325e-07,1.0393959469343092e-06,1.065612517172791e-06,1.0788041093572896e-06,1.097183139202218e-06,1.1265256818785862e-06,1.1653786447066367e-06,1.2143946795728967e-06,1.2986926730032274e-06,1.500341618711991e-06,2.3273237036190145e-06,2.418393448239429e-06,2.492981200828245e-06,2.559997812441503e-06,2.614818039475927e-06,2.670818333259565e-06,2.7193118449460216e-06,2.7790846346995706e-06,2.8692203469215662e-06,3.012754180857512e-06,3.4009756820125626e-06
power_line,power,DK-DE,18.2813650924,18.2813650924,18.2813650924,18.2813650924,18.2813650924,18.2813650924,18.2813650924,18.2813650924,18.2813650924,18.2813650924,18.2813650924,18.2813650924,18.2813650924,18.2813650924,18.2813650924,18.2813650924,18.2813650924,18.2813650924,18.2813650924,18.2813650924,18.2813650924
power_line,power,DK-NL,38.73358943146158,38.733589432753064,38.73358943341393,38.73358943384998,38.73358943425326,38.73358943463078,38.73358943498562,38.73358943531786,38.73358943563378,38.733589435950414,38.73358943626439,38.733589436577255,38.73358943688879,38.73358943720078,38.733589437516216,38.733589437844316,38.73358943818792,38.73358943855681,38.73358943896198,38.7335894394369,38.733589440074276
power_line,power,DK-NO,34.39246471468811,34.39246471513717,34.392464715609684,34.39246471612044,34.39246471667009,34.392464717264396,34.39246471791202,34.39246471862287,34.39246471940792,34.39246472027978,34.39246472125575,34.39246472236293,34.392464723624535,34.39246472508495,34.392464726801336,34.39246472887147,34.39246473145351,34.392464734822994,34.39246473957609,34.392464747374845,34.39246476731062
power_line,power,DK-SE,60.277947964812434,60.277947965268936,60.27794796575189,60.277947966272585,60.27794796683497,60.277947967446615,60.27794796811572,60.277947968852395,60.27794796966752,60.277947970575326,60.277947971593306,60.277947972753054,60.2779479740776,60.2779479756156,60.27794797743345,60.27794797965283,60.277947982473734,60.2779479862436,60.2779479918154,60.27794800186135,60.27794803713465
power_line,power,DK-UK,18.18648578547459,26.634330209673138,26.634330227244085,26.63433023479283,26.634330244738493,26.634330255656096,26.634330266111494,26.634330274431257,26.63433028474097,26.634330304188346,26.634330332511766,26.63433036479636,26.634330428625802,27.322545696089747,27.322546177825323,27.32254622421955,27.322546259094356,27.322546298651684,27.32254632115014,27.322546342854643,27.322546440208583
power_line,power,EE-FI,20.768485264696043,20.768485265102367,20.768485265547707,20.768485266055908,20.768485266642173,20.76848526735332,20.768485268222094,20.768485273331375,20.76848527821706,20.76848528013416,20.768485285221075,20.768485292275127,20.768485296920282,20.768485300751014,20.768485304783297,20.768485307882802,20.768485311830577,20.768485315783433,20.768485320950568,20.768485328125017,20.768485342657172
power_line,power,EE-LV,5.599067460717969,5.599067461175678,5.599067461672961,5.599067462217297,5.599067462813808,5.599067463469474,5.599067464193094,5.599067464989009,5.599067465881297,5.599067466876048,5.599067467984915,5.599067469272371,5.599067470787725,5.5990674726239344,5.599067474916574,5.599067477934932,5.599067482061922,5.599067487614641,5.599067497844437,5.599067525166959,5.7281720330809405
power_line,power,EL-BG,3.62351925502,3.62351925502,3.62351925502,3.62351925502,3.62351925502,3.62351925502,3.62351925502,3.62351925502,3.62351925502,3.62351925502,3.62351925502,3.62351925502,3.62351925502,3.62351925502,3.62351925502,3.62351925502,3.62351925502,3.62351925502,3.62351925502,3.62351925502,3.62351925502
power_line,power,EL-IT,54.90404235346036,54.90404235527924,54.904042356198865,54.904042356867244,54.9040423575403,54.90404235821113,54.90404235888417,54.904042359593014,54.904042360268065,54.904042360918694,54.90404236155392,54.90404236217864,54.904042362790086,54.90404236337216,54.90404236393973,54.90404236449363,54.904042365046685,54.90404236560979,54.90404236620956,54.9040423668744,54.904042367733304
power_line,power,ES-FR,190.73553718500696,190.7355371870139,190.73553718835063,190.73553718920786,190.73553718995203,190.7355371905399,190.73553719102674,190.735537191453,190.73553719183533,190.73553719218427,190.73553719250918,190.7355371928178,190.73553719311417,190.73553719340174,190.7355371936845,190.73553719396654,190.73553719425308,190.73553719454998,190.7355371948667,190.735537195225,190.73553719570344
power_line,power,ES-PT,38.71513884826074,38.71513884865845,38.715138849085015,38.715138849546165,38.71513885004645,38.715138850591856,38.71513885118845,38.71513885184565,38.71513885257542,38.71513885339162,38.71513885431066,38.71513885534057,38.715138856516695,38.715138857877285,38.71513885947861,38.71513886139765,38.71513886375735,38.715138866790774,38.715138870942404,38.71513887731539,38.71513889033935
power_line,power,FI-EE,20.76848526176,20.76848526176,20.76848526176,20.76848526176,20.76848526176,20.76848526176,20.76848526176,20.76848526176,20.76848526176,20.76848526176,20.76848526176,20.76848526176,20.76848526176,20.76848526176,20.76848526176,20.76848526176,20.76848526176,20.76848526176,20.76848526176,20.76848526176,20.76848526176
power_line,power,FI-NO,12.925371831537099,12.925371852198458,12.925371860804551,12.925371865041832,12.925371869626355,12.925371874642446,12.925371879325386,12.92537188369488,12.925371887778539,12.925371891547162,12.925371895195848,12.925371898726105,12.925371902157082,12.925371905568198,12.925371908963761,12.92537191243324,12.925371915742248,12.925371919563139,12.925371924148944,12.925371930223838,12.925371940180156
power_line,power,FI-SE,41.26723738788262,41.267238300117626,41.267238336328546,41.267238346358006,41.26723836265837,41.26723841251779,41.26723850258957,48.73814516595174,51.57164719716056,51.57164736917866,63.95027952935719,66.94495920411285,66.9449598030578,67.7121033284491,74.29523510090843,78.96100157557325,78.9610016327464,82.00803545661775,88.3178432400286,100.54007692844174,101.98066244718201
power_line,power,FR-BE,24.8426417396,24.8426417396,24.8426417396,24.8426417396,24.8426417396,24.8426417396,24.8426417396,24.8426417396,24.8426417396,24.8426417396,24.8426417396,24.8426417396,24.8426417396,24.8426417396,24.8426417396,24.8426417396,24.8426417396,24.8426417396,24.8426417396,24.8426417396,24.8426417396
power_line,power,FR-CH,31.99325011384,31.99325011384,31.99325011384,31.99325011384,31.99325011384,31.99325011384,31.99325011384,31.99325011384,31.99325011384,31.99325011384,31.99325011384,31.99325011384,31.99325011384,31.99325011384,31.99325011384,31.99325011384,31.99325011384,31.99325011384,31.99325011384,31.99325011384,31.99325011384
power_line,power,FR-DE,29.1917642588,29.1917642588,29.1917642588,29.1917642588,29.1917642588,29.1917642588,29.1917642588,29.1917642588,29.1917642588,29.1917642588,29.1917642588,29.1917642588,29.1917642588,29.1917642588,29.1917642588,29.1917642588,29.1917642588,29.1917642588,29.1917642588,29.1917642588,29.1917642588
power_line,power,FR-ES,48.59504132384,48.59504132384,48.59504132384,48.59504132384,48.59504132384,48.59504132384,48.59504132384,48.59504132384,48.59504132384,48.59504132384,48.59504132384,48.59504132384,48.59504132384,48.59504132384,48.59504132384,48.59504132384,48.59504132384,48.59504132384,48.59504132384,48.59504132384,48.59504132384
power_line,power,FR-IT,106.52312529582782,106.52312529721098,106.52312529784373,106.5231252983292,106.5231252988004,106.52312529926299,106.52312529971735,106.52312530014675,106.52312530054846,106.52312530092824,106.52312530128512,106.52312530162204,106.52312530194642,106.52312530226439,106.52312530257953,106.5231253028908,106.5231253032047,106.52312530352386,106.52312530385599,106.52312530423161,106.52312530475533
power_line,power,FR-LU,16.99597881464,16.99597881464,16.99597881464,16.99597881464,16.99597881464,16.99597881464,16.99597881464,16.99597881464,16.99597881464,16.99597881464,16.99597881464,16.99597881464,16.99597881464,16.99597881464,16.99597881464,16.99597881464,16.99597881464,16.99597881464,16.99597881464,16.99597881464,16.99597881464
power_line,power,FR-NO,0.0,0.0,0.0,0.0,0.0,0.0,0.0,0.0,0.0,0.0,0.0,0.0,0.0,0.0,0.0,0.0,0.0,0.0,0.0,0.0,0.0
power_line,power,FR-UK,259.9515615326162,259.9515615409021,259.9515615438979,259.9515615468505,259.9515615505179,259.95156155518254,259.9515615617602,259.9515615718291,259.9515615868687,259.9515616045595,259.9515616186091,259.9515616283729,259.9515616352505,259.9515616408031,259.9515616455432,259.9515616496457,259.9515616533937,259.951561657176,259.95156166134956,259.95156166621103,259.95156167265236
power_line,power,HR-HU,4.826055793427426,4.826055794143093,4.826055794897361,4.826055795684252,4.826055796527392,4.826055797481049,4.826055798546462,4.826055799722405,4.826055801026117,4.82605580245251,4.826055804018339,4.826055805890413,4.826055808205527,4.826055811234091,4.826055815294047,4.826055820654534,4.826055830195124,4.826055845070025,4.826056024106645,5.447621460276318,5.447627418537744
power_line,power,HR-SI,3.324226432319282,3.3242264329927904,3.324226433639583,3.324226434302206,3.3242264350332733,3.324226435842872,3.3242264367510193,3.324226437755394,3.324226438825737,3.324226439961382,3.32422644116556,3.324226442492135,3.324226443992682,3.324226445723564,3.32422644774941,3.324226450152759,3.3242264532723227,3.324226457628614,3.324226464664722,3.3242264803654358,3.3242265437294587
power_line,power,HU-AT,3.6669268547,3.6669268547,3.6669268547,3.6669268547,3.6669268547,3.6669268547,3.6669268547,3.6669268547,3.6669268547,3.6669268547,3.6669268547,3.6669268547,3.6669268547,3.6669268547,3.6669268547,3.6669268547,3.6669268547,3.6669268547,3.6669268547,3.6669268547,3.6669268547
power_line,power,HU-HR,5.79126695108,5.79126695108,5.79126695108,5.79126695108,5.79126695108,5.79126695108,5.79126695108,5.79126695108,5.79126695108,5.79126695108,5.79126695108,5.79126695108,5.79126695108,5.79126695108,5.79126695108,5.79126695108,5.79126695108,5.79126695108,5.79126695108,5.79126695108,5.79126695108
power_line,power,HU-RO,40.944919794260656,40.94491984716458,40.944919865106996,40.94491987376193,40.94491987985364,40.9449198853524,40.94491989536717,40.94491991779273,41.6441476240418,44.97629098973724,44.976291094292684,44.97629115616835,44.97629118165484,44.97629120030883,44.97629137716941,45.110421109962765,45.1104212113901,45.110421241706426,45.11042126325259,45.11042127324582,45.11042128343372
power_line,power,HU-SI,10.515454482400468,10.515454483079816,10.515454483447852,10.515454483716203,10.515454483969862,10.51545448421434,10.515454484454295,10.51545448468465,10.515454484904934,10.51545448511872,10.515454485326591,10.515454485526826,10.515454485719918,10.515454485907677,10.515454486093692,10.5154544862824,10.515454486477733,10.515454486684003,10.515454486909254,10.515454487169652,10.515454487533724
power_line,power,HU-SK,8.538807677200497,8.538807677313901,8.538807677424854,8.538807677538607,8.538807677657687,8.538807677783042,8.538807677914322,8.538807678056475,8.538807678178406,8.538807678285284,8.538807678381152,8.538807678471045,8.538807678555662,8.538807678638843,8.538807678721307,8.538807678803522,8.538807678887073,8.538807678971825,8.53880767906092,8.538807679162515,8.53880767930072
power_line,power,IE-UK,23.474625186783236,23.474625211138864,23.474625222155236,23.474625229007213,23.474625239977307,23.47462526391067,23.474625308860702,23.474625316313553,23.474625320564023,23.47462532376944,23.47462532633032,23.47462532854956,23.47462533040635,23.47462533190495,23.474625333198848,23.474625334398848,23.474625335537734,23.474625336644785,23.474625337779386,23.474625338979205,23.474625340430954
power_line,power,IT-AT,0.362524508628,0.362524508628,0.362524508628,0.362524508628,0.362524508628,0.362524508628,0.362524508628,0.362524508628,0.362524508628,0.362524508628,0.362524508628,0.362524508628,0.362524508628,0.362524508628,0.362524508628,0.362524508628,0.362524508628,0.362524508628,0.362524508628,0.362524508628,0.362524508628
power_line,power,IT-CH,28.54946796528,28.54946796528,28.54946796528,28.54946796528,28.54946796528,28.54946796528,28.54946796528,28.54946796528,28.54946796528,28.54946796528,28.54946796528,28.54946796528,28.54946796528,28.54946796528,28.54946796528,28.54946796528,28.54946796528,28.54946796528,28.54946796528,28.54946796528,28.54946796528
power_line,power,IT-EL,0.0,0.0,0.0,0.0,0.0,0.0,0.0,0.0,0.0,0.0,0.0,0.0,0.0,0.0,0.0,0.0,0.0,0.0,0.0,0.0,0.0
power_line,power,IT-FR,26.61740574552,26.61740574552,26.61740574552,26.61740574552,26.61740574552,26.61740574552,26.61740574552,26.61740574552,26.61740574552,26.61740574552,26.61740574552,26.61740574552,26.61740574552,26.61740574552,26.61740574552,26.61740574552,26.61740574552,26.61740574552,26.61740574552,26.61740574552,26.61740574552
power_line,power,IT-SI,25.3398988481214,25.339898852464213,25.339898888469186,27.199494693650525,31.512872880284455,31.512872882018794,31.512872882879908,31.512872883517858,31.512872884173284,31.512872884867807,31.51287288563948,31.512872886324317,31.51287288699626,31.512872887636696,31.512872888288978,31.512872888955048,31.512872889618905,31.512872890387058,31.512872893032835,31.51287289404522,31.512872895387147
power_line,power,LT-LV,7.131794852061583,7.131794886472596,7.141251035715907,7.141251208742879,7.307228542555552,7.435714876291684,7.435714925013564,7.61617988605546,8.121751734036815,8.157308234423748,8.157308317881107,8.279743255740689,8.39600966942328,8.526447982902953,8.664800424622367,9.002920018285344,9.073609599840996,9.399307826901259,9.540689344862484,9.629619441792153,9.629619625101824
power_line,power,LT-PL,16.124764203616433,16.124764205167377,16.124764205884144,16.124764206341105,16.12476420671792,16.12476420704781,16.12476420735857,16.12476420765433,16.12476420793379,16.124764208198894,16.124764208452184,16.12476420869725,16.124764208935787,16.12476420917043,16.12476420940481,16.124764209641,16.124764209883562,16.124764210137588,16.124764210411794,16.12476421073055,16.124764211172767
power_line,power,LT-SE,18.490674439999722,18.49067444121056,18.490674442472397,18.490674443803176,18.490674445299433,18.49067444700771,18.490674449018524,18.490674451603557,18.490674454607454,18.490674458612837,18.49067446308393,18.49067447745062,18.49067448315607,18.490674489743586,18.490674497701796,18.490674509252003,18.49067452731764,18.490674551952896,18.490674613414843,21.53737417561585,60.75507294738435
power_line,power,LU-BE,1.59651753243,1.59651753243,1.59651753243,1.59651753243,1.59651753243,1.59651753243,1.59651753243,1.59651753243,1.59651753243,1.59651753243,1.59651753243,1.59651753243,1.59651753243,1.59651753243,1.59651753243,1.59651753243,1.59651753243,1.59651753243,1.59651753243,1.59651753243,1.59651753243
power_line,power,LU-DE,0.0,0.0,0.0,0.0,0.0,0.0,0.0,0.0,0.0,0.0,0.0,0.0,0.0,0.0,0.0,0.0,0.0,0.0,0.0,0.0,0.0
power_line,power,LU-FR,15.68859582888,15.68859582888,15.68859582888,15.68859582888,15.68859582888,15.68859582888,15.68859582888,15.68859582888,15.68859582888,15.68859582888,15.68859582888,15.68859582888,15.68859582888,15.68859582888,15.68859582888,15.68859582888,15.68859582888,15.68859582888,15.68859582888,15.68859582888,15.68859582888
power_line,power,LV-EE,4.2430433097,4.2430433097,4.2430433097,4.2430433097,4.2430433097,4.2430433097,4.2430433097,4.2430433097,4.2430433097,4.2430433097,4.2430433097,4.2430433097,4.2430433097,4.2430433097,4.2430433097,4.2430433097,4.2430433097,4.2430433097,4.2430433097,4.2430433097,4.2430433097
power_line,power,LV-LT,5.35597016284,5.35597016284,5.35597016284,5.35597016284,5.35597016284,5.35597016284,5.35597016284,5.35597016284,5.35597016284,5.35597016284,5.35597016284,5.35597016284,5.35597016284,5.35597016284,5.35597016284,5.35597016284,5.35597016284,5.35597016284,5.35597016284,5.35597016284,5.35597016284
power_line,power,NL-BE,4.91541786712,4.91541786712,4.91541786712,4.91541786712,4.91541786712,4.91541786712,4.91541786712,4.91541786712,4.91541786712,4.91541786712,4.91541786712,4.91541786712,4.91541786712,4.91541786712,4.91541786712,4.91541786712,4.91541786712,4.91541786712,4.91541786712,4.91541786712,4.91541786712
power_line,power,NL-DE,15.088078132,15.088078132,15.088078132,15.088078132,15.088078132,15.088078132,15.088078132,15.088078132,15.088078132,15.088078132,15.088078132,15.088078132,15.088078132,15.088078132,15.088078132,15.088078132,15.088078132,15.088078132,15.088078132,15.088078132,15.088078132
power_line,power,NL-DK,10.0420417068,10.0420417068,10.0420417068,10.0420417068,10.0420417068,10.0420417068,10.0420417068,10.0420417068,10.0420417068,10.0420417068,10.0420417068,10.0420417068,10.0420417068,10.0420417068,10.0420417068,10.0420417068,10.0420417068,10.0420417068,10.0420417068,10.0420417068,10.0420417068
power_line,power,NL-NO,27.947118713055577,27.947118713565978,27.947118714119608,27.94711871471742,27.947118715347884,27.947118716024352,27.947118716761683,27.94711871757577,27.947118718493435,27.94711871952839,27.947118720697357,27.947118722027064,27.94711872354032,27.947118725285826,27.94711872731984,27.947118729760067,27.947118732827914,27.947118736853735,27.947118742435183,27.947118751524314,27.947118774133365
power_line,power,NL-UK,17.527583401015523,17.527583404885352,17.527583408493953,17.527583411793223,17.527583415712883,17.52758342051475,17.527583426622286,17.527583434414776,17.52758344718508,17.527583487351215,21.228195167518173,26.88492446907746,34.48261631473882,48.223155008594055,57.95163727496288,58.86153364348425,65.32709476966745,83.65319588867541,83.65319915155456,83.65319927944974,83.6531994185594
power_line,power,NO-BE,0.0,0.0,0.0,0.0,0.0,0.0,0.0,0.0,0.0,0.0,0.0,0.0,0.0,0.0,0.0,0.0,0.0,0.0,0.0,0.0,0.0
power_line,power,NO-DE,66.11777858656,66.11777858656,66.11777858656,66.11777858656,66.11777858656,66.11777858656,66.11777858656,66.11777858656,66.11777858656,66.11777858656,66.11777858656,66.11777858656,66.11777858656,66.11777858656,66.11777858656,66.11777858656,66.11777858656,66.11777858656,66.11777858656,66.11777858656,66.11777858656
power_line,power,NO-DK,50.5662183904,50.5662183904,50.5662183904,50.5662183904,50.5662183904,50.5662183904,50.5662183904,50.5662183904,50.5662183904,50.5662183904,50.5662183904,50.5662183904,50.5662183904,50.5662183904,50.5662183904,50.5662183904,50.5662183904,50.5662183904,50.5662183904,50.5662183904,50.5662183904
power_line,power,NO-FI,1.64460434842,1.64460434842,1.64460434842,1.64460434842,1.64460434842,1.64460434842,1.64460434842,1.64460434842,1.64460434842,1.64460434842,1.64460434842,1.64460434842,1.64460434842,1.64460434842,1.64460434842,1.64460434842,1.64460434842,1.64460434842,1.64460434842,1.64460434842,1.64460434842
power_line,power,NO-FR,0.0,0.0,0.0,0.0,0.0,0.0,0.0,0.0,0.0,0.0,0.0,0.0,0.0,0.0,0.0,0.0,0.0,0.0,0.0,0.0,0.0
power_line,power,NO-NL,22.0872389768,22.0872389768,22.0872389768,22.0872389768,22.0872389768,22.0872389768,22.0872389768,22.0872389768,22.0872389768,22.0872389768,22.0872389768,22.0872389768,22.0872389768,22.0872389768,22.0872389768,22.0872389768,22.0872389768,22.0872389768,22.0872389768,22.0872389768,22.0872389768
power_line,power,NO-SE,33.90812254713862,33.908122549129246,33.908122550965906,33.908122552551184,33.90812255405214,33.908122555920315,33.908122558618295,33.90812256307284,33.90812256796089,33.90812257371019,33.90812258112409,33.90812258776041,33.90812259452454,33.908122601809545,33.908122611752994,33.90812263101914,33.90812264248913,33.90812264817528,33.908122652524646,33.90812265618944,33.908122659454904
power_line,power,NO-UK,179.12142275457762,179.12142275857684,179.12142276089506,179.12142276235198,179.12142276375877,179.1214227651047,179.1214227664046,179.12142276765954,179.1214227689682,179.12142277035656,179.12142277181837,179.12142277337142,179.12142277501775,179.12142277679285,179.12142277876745,179.1214227809669,179.12142278347764,179.12142278638612,179.12142278982546,179.121422794264,179.12142280151434
power_line,power,PL-CZ,8.85836537652,8.85836537652,8.85836537652,8.85836537652,8.85836537652,8.85836537652,8.85836537652,8.85836537652,8.85836537652,8.85836537652,8.85836537652,8.85836537652,8.85836537652,8.85836537652,8.85836537652,8.85836537652,8.85836537652,8.85836537652,8.85836537652,8.85836537652,8.85836537652
power_line,power,PL-DE,31.60140929064,31.60140929064,31.60140929064,31.60140929064,31.60140929064,31.60140929064,31.60140929064,31.60140929064,31.60140929064,31.60140929064,31.60140929064,31.60140929064,31.60140929064,31.60140929064,31.60140929064,31.60140929064,31.60140929064,31.60140929064,31.60140929064,31.60140929064,31.60140929064
power_line,power,PL-LT,4.70305622836,4.70305622836,4.70305622836,4.70305622836,4.70305622836,4.70305622836,4.70305622836,4.70305622836,4.70305622836,4.70305622836,4.70305622836,4.70305622836,4.70305622836,4.70305622836,4.70305622836,4.70305622836,4.70305622836,4.70305622836,4.70305622836,4.70305622836,4.70305622836
power_line,power,PL-SE,10.341562384265595,10.341562386517136,10.341562388958122,10.341562391601743,10.34156239485715,10.34156239906013,10.341562404668371,10.341562413473357,10.34156242771078,10.341562454329802,10.341562527018523,10.341562828507639,14.786354404061527,20.25569989890758,20.255700875638425,27.41338004542355,44.813436680466694,44.81343681120653,44.81343687011857,44.81343690809558,44.81343695759911
power_line,power,PL-SK,17.31470665680944,17.314706661512393,17.31470666378891,17.31470666504621,17.314706666146083,17.31470666713372,17.314706668047407,17.31470666892183,17.314706669644725,17.31470667025884,17.314706670793083,17.314706671281908,17.31470667173552,17.31470667217025,17.314706672606157,17.31470667304953,17.314706673517936,17.314706674022133,17.314706674587992,17.31470667524285,17.314706676084434
power_line,power,PT-ES,26.8855130888,26.8855130888,26.8855130888,26.8855130888,26.8855130888,26.8855130888,26.8855130888,26.8855130888,26.8855130888,26.8855130888,26.8855130888,26.8855130888,26.8855130888,26.8855130888,26.8855130888,26.8855130888,26.8855130888,26.8855130888,26.8855130888,26.8855130888,26.8855130888
power_line,power,RO-BG,4.82438410172,4.82438410172,4.82438410172,4.82438410172,4.82438410172,4.82438410172,4.82438410172,4.82438410172,4.82438410172,4.82438410172,4.82438410172,4.82438410172,4.82438410172,4.82438410172,4.82438410172,4.82438410172,4.82438410172,4.82438410172,4.82438410172,4.82438410172,4.82438410172
power_line,power,RO-HU,4.6753471874,4.6753471874,4.6753471874,4.6753471874,4.6753471874,4.6753471874,4.6753471874,4.6753471874,4.6753471874,4.6753471874,4.6753471874,4.6753471874,4.6753471874,4.6753471874,4.6753471874,4.6753471874,4.6753471874,4.6753471874,4.6753471874,4.6753471874,4.6753471874
power_line,power,SE-DE,24.05419489224,24.05419489224,24.05419489224,24.05419489224,24.05419489224,24.05419489224,24.05419489224,24.05419489224,24.05419489224,24.05419489224,24.05419489224,24.05419489224,24.05419489224,24.05419489224,24.05419489224,24.05419489224,24.05419489224,24.05419489224,24.05419489224,24.05419489224,24.05419489224
power_line,power,SE-DK,50.29402283552,50.29402283552,50.29402283552,50.29402283552,50.29402283552,50.29402283552,50.29402283552,50.29402283552,50.29402283552,50.29402283552,50.29402283552,50.29402283552,50.29402283552,50.29402283552,50.29402283552,50.29402283552,50.29402283552,50.29402283552,50.29402283552,50.29402283552,50.29402283552
power_line,power,SE-FI,38.24981940928,38.24981940928,38.24981940928,38.24981940928,38.24981940928,38.24981940928,38.24981940928,38.24981940928,38.24981940928,38.24981940928,38.24981940928,38.24981940928,38.24981940928,38.24981940928,38.24981940928,38.24981940928,38.24981940928,38.24981940928,38.24981940928,38.24981940928,38.24981940928
power_line,power,SE-LT,18.49067443768,18.49067443768,18.49067443768,18.49067443768,18.49067443768,18.49067443768,18.49067443768,18.49067443768,18.49067443768,18.49067443768,18.49067443768,18.49067443768,18.49067443768,18.49067443768,18.49067443768,18.49067443768,18.49067443768,18.49067443768,18.49067443768,18.49067443768,18.49067443768
power_line,power,SE-NO,28.85259851568,28.85259851568,28.85259851568,28.85259851568,28.85259851568,28.85259851568,28.85259851568,28.85259851568,28.85259851568,28.85259851568,28.85259851568,28.85259851568,28.85259851568,28.85259851568,28.85259851568,28.85259851568,28.85259851568,28.85259851568,28.85259851568,28.85259851568,28.85259851568
power_line,power,SE-PL,20.6831247568,20.6831247568,20.6831247568,20.6831247568,20.6831247568,20.6831247568,20.6831247568,20.6831247568,20.6831247568,20.6831247568,20.6831247568,20.6831247568,20.6831247568,20.6831247568,20.6831247568,20.6831247568,20.6831247568,20.6831247568,20.6831247568,20.6831247568,20.6831247568
power_line,power,SI-AT,5.09356957132,5.09356957132,5.09356957132,5.09356957132,5.09356957132,5.09356957132,5.09356957132,5.09356957132,5.09356957132,5.09356957132,5.09356957132,5.09356957132,5.09356957132,5.09356957132,5.09356957132,5.09356957132,5.09356957132,5.09356957132,5.09356957132,5.09356957132,5.09356957132
power_line,power,SI-HR,3.32422643158,3.32422643158,3.32422643158,3.32422643158,3.32422643158,3.32422643158,3.32422643158,3.32422643158,3.32422643158,3.32422643158,3.32422643158,3.32422643158,3.32422643158,3.32422643158,3.32422643158,3.32422643158,3.32422643158,3.32422643158,3.32422643158,3.32422643158,3.32422643158
power_line,power,SI-HU,0.0,0.0,0.0,0.0,0.0,0.0,0.0,0.0,0.0,0.0,0.0,0.0,0.0,0.0,0.0,0.0,0.0,0.0,0.0,0.0,0.0
power_line,power,SI-IT,4.46011070946,4.46011070946,4.46011070946,4.46011070946,4.46011070946,4.46011070946,4.46011070946,4.46011070946,4.46011070946,4.46011070946,4.46011070946,4.46011070946,4.46011070946,4.46011070946,4.46011070946,4.46011070946,4.46011070946,4.46011070946,4.46011070946,4.46011070946,4.46011070946
power_line,power,SK-AT,0.0,0.0,0.0,0.0,0.0,0.0,0.0,0.0,0.0,0.0,0.0,0.0,0.0,0.0,0.0,0.0,0.0,0.0,0.0,0.0,0.0
power_line,power,SK-CZ,5.653358346,5.653358346,5.653358346,5.653358346,5.653358346,5.653358346,5.653358346,5.653358346,5.653358346,5.653358346,5.653358346,5.653358346,5.653358346,5.653358346,5.653358346,5.653358346,5.653358346,5.653358346,5.653358346,5.653358346,5.653358346
power_line,power,SK-HU,3.32064743088,3.32064743088,3.32064743088,3.32064743088,3.32064743088,3.32064743088,3.32064743088,3.32064743088,3.32064743088,3.32064743088,3.32064743088,3.32064743088,3.32064743088,3.32064743088,3.32064743088,3.32064743088,3.32064743088,3.32064743088,3.32064743088,3.32064743088,3.32064743088
power_line,power,SK-PL,6.4930150038,6.4930150038,6.4930150038,6.4930150038,6.4930150038,6.4930150038,6.4930150038,6.4930150038,6.4930150038,6.4930150038,6.4930150038,6.4930150038,6.4930150038,6.4930150038,6.4930150038,6.4930150038,6.4930150038,6.4930150038,6.4930150038,6.4930150038,6.4930150038
power_line,power,UK-BE,13.70829619416,13.70829619416,13.70829619416,13.70829619416,13.70829619416,13.70829619416,13.70829619416,13.70829619416,13.70829619416,13.70829619416,13.70829619416,13.70829619416,13.70829619416,13.70829619416,13.70829619416,13.70829619416,13.70829619416,13.70829619416,13.70829619416,13.70829619416,13.70829619416
power_line,power,UK-DE,0.0,0.0,0.0,0.0,0.0,0.0,0.0,0.0,0.0,0.0,0.0,0.0,0.0,0.0,0.0,0.0,0.0,0.0,0.0,0.0,0.0
power_line,power,UK-DK,0.0,0.0,0.0,0.0,0.0,0.0,0.0,0.0,0.0,0.0,0.0,0.0,0.0,0.0,0.0,0.0,0.0,0.0,0.0,0.0,0.0
power_line,power,UK-FR,64.61520922048,64.61520922048,64.61520922048,64.61520922048,64.61520922048,64.61520922048,64.61520922048,64.61520922048,64.61520922048,64.61520922048,64.61520922048,64.61520922048,64.61520922048,64.61520922048,64.61520922048,64.61520922048,64.61520922048,64.61520922048,64.61520922048,64.61520922048,64.61520922048
power_line,power,UK-IE,10.30746601344,10.30746601344,10.30746601344,10.30746601344,10.30746601344,10.30746601344,10.30746601344,10.30746601344,10.30746601344,10.30746601344,10.30746601344,10.30746601344,10.30746601344,10.30746601344,10.30746601344,10.30746601344,10.30746601344,10.30746601344,10.30746601344,10.30746601344,10.30746601344
power_line,power,UK-NL,17.52758339848,17.52758339848,17.52758339848,17.52758339848,17.52758339848,17.52758339848,17.52758339848,17.52758339848,17.52758339848,17.52758339848,17.52758339848,17.52758339848,17.52758339848,17.52758339848,17.52758339848,17.52758339848,17.52758339848,17.52758339848,17.52758339848,17.52758339848,17.52758339848
power_line,power,UK-NO,65.99210314016,65.99210314016,65.99210314016,65.99210314016,65.99210314016,65.99210314016,65.99210314016,65.99210314016,65.99210314016,65.99210314016,65.99210314016,65.99210314016,65.99210314016,65.99210314016,65.99210314016,65.99210314016,65.99210314016,65.99210314016,65.99210314016,65.99210314016,65.99210314016
pumped_hydro,energy,AT,449.30718261839377,449.30718262085907,449.30718262357175,449.30718262664186,431.0840505928576,414.0413643599154,414.04136436789133,396.998678143897,396.99867818189523,396.99867829843026,398.32263084689185,409.6527726158249,409.65277301471036,364.7424676888433,316.9430836957653,350.40876901058596,417.42078357860544,417.42078871342915,417.4207894070729,417.420789521068,417.4207895836
pumped_hydro,energy,BE,23.25356241024,23.25356241024,23.25356241024,23.25356241024,14.826812764223146,14.8268127755994,14.826812800643179,14.826812852872592,14.826813050449578,14.826872899842954,23.253557615231358,23.253557702799778,23.253557738574063,10.98677058294797,10.98677064179664,10.986770704898708,10.000198137052427,10.000199402776996,21.977666795137605,23.40183035459213,23.401830513403503
pumped_hydro,energy,BG,103.21522963536,103.21522963536,103.21522963536,103.21522963536,103.21522963536,103.21522963536,103.21522963536,103.21522963536,103.21522963536,103.21522963536,103.21522963536,103.21522963536,103.21522963536,103.21522963536,103.21522963536,103.21522963536,103.21522963536,103.21522963536,103.21522963536,103.21522963536,103.21522963536
pumped_hydro,energy,CH,352.6207849138491,345.3431358138652,345.3431358168408,345.3431358202,345.3431358245635,340.03241891764316,340.03241892830573,340.03241895130236,340.03241908491236,348.5400984961285,348.5400986493678,344.9194803390984,319.1932796527211,319.1932798311544,319.1932799613089,319.1932800551047,312.19448053940465,312.19448111273886,312.19448130992595,312.19448137509323,312.1944814181441
pumped_hydro,energy,CZ,9.366583808,9.366583808,9.366583808,9.366583808,9.366583808,9.366583808,9.366583808,9.366583808,9.366583808,9.366583808,9.366583808,9.366583808,9.366583808,9.390481209643267,9.390481225819808,9.39048123328758,9.390481237240843,9.390481240503389,9.390481243589164,9.390481247217203,9.390481250718175
pumped_hydro,energy,DE,116.7402455354985,108.1579815958434,106.2579637213293,106.25796372688548,102.96809588713879,102.96809590096305,102.96809592967472,102.9680960210162,102.96810094727127,124.70148116669318,149.04244826849734,152.53138081546132,152.53138143080804,152.5313817410169,127.61420916531681,127.61420974928397,150.66193465837523,162.7770338486777,162.71737480910738,162.78847774638368,162.78847790424496
pumped_hydro,energy,DK,0.0,0.0,0.0,0.0,0.0,0.0,0.0,0.0,0.0,0.0,0.0,0.0,0.0,0.0,0.0,0.0,0.0,0.0,0.0,0.0,0.0
pumped_hydro,energy,EE,0.0,0.0,0.0,0.0,0.0,0.0,0.0,0.0,0.0,0.0,0.0,0.0,0.0,0.0,0.0,0.0,0.0,0.0,0.0,0.0,0.0
pumped_hydro,energy,EL,20.93227859696,20.93227859696,20.93227859696,20.93227859696,20.93227859696,20.93227859696,20.93227859696,20.93227859696,20.93227859696,20.93227859696,20.93227859696,20.93227859696,20.93227859696,20.93227859696,20.93227859696,20.93227859696,20.93227859696,20.93227859696,20.93227859696,20.93227859696,21.026608586993472
pumped_hydro,energy,ES,530.2767811598084,517.6448492640466,511.9347049543042,511.93470495575207,503.98191909245804,455.2236312858722,455.2236312881493,455.2236312900059,418.5042310727602,410.31704731237954,394.32423727234743,373.38439788694615,326.70132457431936,314.9814296252864,314.9814296392778,314.9814296548739,314.9814296774844,252.96291789312417,236.93397890364122,236.933979002509,187.98535328736855
pumped_hydro,energy,FI,0.0,0.0,0.0,0.0,0.0,0.0,0.0,0.0,0.0,0.0,0.0,0.0,0.0,0.0,0.0,0.0,0.0,0.0,0.0,0.0,0.0
pumped_hydro,energy,FR,336.72054304128,336.72054304128,336.72054304128,336.72054304128,336.72054304128,336.72054304128,336.72054304128,336.72054304128,336.72054304128,336.72054304128,336.72054304128,282.6235118981737,282.62351190579216,282.6235119162588,250.1519028831126,250.15190289975328,250.15190292254368,250.15190295987358,189.22579126194933,190.18318514667112,315.3579180060108
pumped_hydro,energy,HR,38.268577278,38.268577278,38.268577278,38.268577278,38.268577278,38.268577278,38.268577278,38.268577278,38.268577278,38.268577278,38.268577278,38.268577278,38.268577278,38.268577278,13.114402721550062,30.017481925255005,31.90341432749449,31.903414453846004,31.903414514885327,31.903414554045973,31.903414581081485
pumped_hydro,energy,HU,0.0,0.0,0.0,0.0,0.0,0.0,0.0,0.0,0.0,0.0,0.0,0.0,0.0,0.0,0.0,0.0,0.0,0.0,0.0,0.0,0.0
pumped_hydro,energy,IE,7.33036993668,7.33036993668,7.33036993668,7.33036993668,7.33036993668,7.33036993668,7.33036993668,7.33036993668,7.33036993668,1.300928646937127e-05,1.3852784803547096e-05,1.465600918137218e-05,1.6572066718962386e-05,1.868734726320605e-05,2.0617523968770782e-05,2.138832096241934e-05,2.207193551307743e-05,2.3588407995692534e-05,2.9062828061058816e-05,4.5806812867270465e-05,6.33721579417584e-05
pumped_hydro,energy,IT,587.46360793088,587.46360793088,587.46360793088,587.46360793088,587.46360793088,587.46360793088,587.46360793088,587.46360793088,460.96412304291886,460.9641231448623,480.9104049104425,485.9446168284864,502.9373661922866,502.93736645600933,502.9373673912498,502.9373675592508,502.937367669853,505.36118359129864,505.3611837262294,475.4030073214684,475.40300738748056
pumped_hydro,energy,LT,43.98221962,43.98221962,43.98221962,43.98221962,43.98221962,43.98221962,43.98221962,43.98221962,43.98221962,43.98221962,43.98221962,43.98221962,43.98221962,43.98221962,43.98221962,43.98221962,43.98221962,43.98221962,43.98221962,43.98221962,43.98221962
pumped_hydro,energy,LU,1.5923197919443743,1.5923197984978057,1.5923198001568928,1.592319802228283,1.5923198133099454,1.5923198261288627,1.5923198416644646,1.5923198771731302,1.5923200035045608,1.5923200471487786,0.7941252558765115,0.7941263377187542,0.7941346353647055,0.7941832350794148,5.293210746668603,5.293210887645641,5.293210958069871,5.293211004283396,5.2932110487791375,5.2932110925649285,5.293211115861782
pumped_hydro,energy,LV,0.0,0.0,0.0,0.0,0.0,0.0,0.0,0.0,0.0,0.0,0.0,0.0,0.0,0.0,0.0,0.0,0.0,0.0,0.0,0.0,0.0
pumped_hydro,energy,NL,0.0,0.0,0.0,0.0,0.0,0.0,0.0,0.0,0.0,0.0,0.0,0.0,0.0,0.0,0.0,0.0,0.0,0.0,0.0,0.0,0.0
pumped_hydro,energy,NO,102.96349956958596,102.9634995708534,102.96349957218627,102.96349957370407,102.73478820173337,102.7347882038469,102.73478820634672,102.73478820932422,101.91009926585006,99.32787408255304,95.03695360486138,95.03695361093862,95.03695361800193,95.03695362677462,60.361358271727596,60.36135828827175,58.8858010610616,58.885801097183844,58.738245451889426,59.26062807309002,11.677709754748467
pumped_hydro,energy,PL,60.712807896226224,60.71280789920594,60.71280790271677,53.29693131112946,53.29693131719469,53.29693132583391,47.04212633104803,47.04212635259816,47.04212639591113,47.04212650862444,47.04212695373706,57.60430057316586,57.60430280570069,61.58872536025648,43.95659456532937,49.82190594061758,63.780827491991516,64.1618686545669,64.15118368085143,64.4300388940412,64.43003895763354
pumped_hydro,energy,PT,249.07267850582656,249.07267850702675,249.07267850831732,249.07267850972698,249.0726785113147,249.07267851315123,249.07267851532333,224.18281616655855,224.18281616999798,224.18281617446718,224.18281617920962,224.1828161849639,224.18281619184748,224.18281620007792,224.18281621036962,224.1828162238312,165.700342466091,165.70034249562514,165.70034254208107,165.70034261987948,165.70034279070433
pumped_hydro,energy,RO,0.0,0.0,0.0,0.0,0.0,0.0,0.0,0.0,0.0,0.0,0.0,0.0,0.0,0.0,0.0,0.0,0.0,0.0,0.0,0.0,0.0
pumped_hydro,energy,SE,6.78756334986,6.78756334986,6.78756334986,6.78756334986,6.78756334986,6.78756334986,6.78756334986,6.78756334986,6.78756334986,6.78756334986,6.78756334986,6.78756334986,6.78756334986,6.78756334986,2.3865570068942917e-05,2.650095466094558e-05,3.0575623311169244e-05,3.489745035561017e-05,6.185723296447265e-05,0.0007384932889373454,5.976631675288457
pumped_hydro,energy,SI,0.0,0.0,0.0,0.0,0.0,0.0,0.0,0.0,0.0,0.0,0.0,0.0,0.0,0.0,0.0,0.0,0.0,0.0,0.0,0.0,0.0
pumped_hydro,energy,SK,0.0,0.0,0.0,0.0,0.0,0.0,0.0,0.0,0.0,0.0,0.0,0.0,0.0,0.0,0.0,0.0,0.0,0.0,0.0,0.0,0.0
pumped_hydro,energy,UK,99.43997331638693,99.43997331805565,99.43997331990845,99.43997332205716,99.43997332466675,99.4399733277627,99.43997333148621,99.43997333599796,99.43997334151385,86.5591477898749,86.55914779852971,86.55914780915475,86.5591478227085,86.55914784000778,86.55914786279978,86.55914789527091,86.55914795228696,86.5591480633219,86.56064325913691,0.0018371585258172782,36.513371139909474
pumped_hydro,power,AT,350.00531139462214,350.0053113983527,350.0053114024044,350.00531140698484,335.8096936927913,322.5336301634646,322.53363017742083,309.25756666832945,309.2575667512664,309.257567016327,326.29875902998515,352.94819663144114,352.9481975406857,332.03888411448133,318.26136036959025,347.47392533478035,382.8066029745081,382.80660603281746,382.80660646486655,382.8066065598947,382.8066066125552
pumped_hydro,power,BE,75.1735545648,75.1735545648,75.1735545648,75.1735545648,47.93176187625215,47.93176188371137,47.93176189927513,47.931761930924125,47.9317620481198,47.9317972419548,52.886863411820464,52.88686346488349,52.88686348867191,13.231089508335074,13.231089558894263,13.23108962555982,8.655993662782931,8.655996474442206,19.663501623242947,23.013252809249128,23.01325313209227
pumped_hydro,power,BG,80.40351898784,80.40351898784,80.40351898784,80.40351898784,80.40351898784,80.40351898784,80.40351898784,80.40351898784,80.40351898784,80.40351898784,80.40351898784,80.40351898784,80.40351898784,80.40351898784,80.40351898784,80.40351898784,80.40351898784,80.40351898784,80.40351898784,80.40351898784,80.40351898784
pumped_hydro,power,CH,274.6876800613605,269.0184721402701,269.0184721452516,269.0184721508623,269.0184721584772,264.881482603681,264.8814826253228,264.88148267543255,264.8814829849564,284.8922539274557,284.89225427978243,284.9006968103559,285.0207913250937,285.02079171669516,285.02079197438457,285.0207921037144,285.31804184262984,285.3180422249519,285.3180423690743,285.3180424388697,285.3180424802773
pumped_hydro,power,CZ,67.3866290216,67.3866290216,67.3866290216,67.3866290216,67.3866290216,67.3866290216,67.3866290216,67.3866290216,67.3866290216,67.3866290216,67.3866290216,67.3866290216,67.3866290216,41.08821939949715,41.08821940988831,41.088219415242456,41.088219418731185,41.088219421672825,41.088219425082464,41.08821942987937,41.08821943483455
pumped_hydro,power,DE,325.5795249743612,301.64425390007136,296.34525083425183,296.34525083816004,287.1700635955997,287.17006360455724,287.17006362239096,287.1700636772117,287.17006657529106,266.15992365945095,232.72643002078587,210.9047504002098,210.90475076636025,210.90475095574482,141.41268084970127,141.4126812168226,154.96522369082706,162.0891545424894,159.5355780955988,159.70281807689304,159.702818408314
pumped_hydro,power,DK,0.0,0.0,0.0,0.0,0.0,0.0,0.0,0.0,0.0,0.0,0.0,0.0,0.0,0.0,0.0,0.0,0.0,0.0,0.0,0.0,0.0
pumped_hydro,power,EE,0.0,0.0,0.0,0.0,0.0,0.0,0.0,0.0,0.0,0.0,0.0,0.0,0.0,0.0,0.0,0.0,0.0,0.0,0.0,0.0,0.0
pumped_hydro,power,EL,40.1730234256,40.1730234256,40.1730234256,40.1730234256,40.1730234256,40.1730234256,40.1730234256,40.1730234256,40.1730234256,40.1730234256,40.1730234256,40.1730234256,40.1730234256,40.1730234256,40.1730234256,40.1730234256,40.1730234256,40.1730234256,40.1730234256,40.1730234256,27.671569600375527
pumped_hydro,power,ES,413.079730514938,403.2395956863083,398.79145660820825,398.79145660997784,392.59632463827575,354.6141592811709,354.6141592840636,354.61415928654145,326.0101538229182,319.63242849138896,307.1742068701851,290.86230426440244,254.49670798136856,245.36703982226317,245.36703983915714,245.36703985870514,245.36703988476688,197.05530714511326,184.56894148584468,184.5689415858418,146.43850515015657
pumped_hydro,power,FI,0.0,0.0,0.0,0.0,0.0,0.0,0.0,0.0,0.0,0.0,0.0,0.0,0.0,0.0,0.0,0.0,0.0,0.0,0.0,0.0,0.0
pumped_hydro,power,FR,304.83221208832,304.83221208832,304.83221208832,304.83221208832,304.83221208832,304.83221208832,304.83221208832,304.83221208832,304.83221208832,304.83221208832,304.83221208832,255.8583136685374,255.85831367669712,255.85831368783738,226.4618523911073,226.46185240736338,226.4618524289073,226.46185246268732,171.3056055634358,173.5574752738998,287.7805211248219
pumped_hydro,power,HR,29.8107972116,29.8107972116,29.8107972116,29.8107972116,29.8107972116,29.8107972116,29.8107972116,29.8107972116,29.8107972116,29.8107972116,29.8107972116,29.8107972116,29.8107972116,29.8107972116,12.830108661210872,28.97448025129361,30.083448314142313,30.083448475915834,30.083448540649286,30.08344858198304,30.083448610605586
pumped_hydro,power,HU,0.0,0.0,0.0,0.0,0.0,0.0,0.0,0.0,0.0,0.0,0.0,0.0,0.0,0.0,0.0,0.0,0.0,0.0,0.0,0.0,0.0
pumped_hydro,power,IE,16.78186386308,16.78186386308,16.78186386308,16.78186386308,16.78186386308,16.78186386308,16.78186386308,16.78186386308,16.78186386308,7.660823569659916e-06,8.159779082156589e-06,8.633703129944007e-06,9.762563791293237e-06,1.1009483661104857e-05,1.2148629230151439e-05,1.2607954417760245e-05,1.3021165571745006e-05,1.3934245237304269e-05,1.7235332967986435e-05,2.9432669020878053e-05,4.175691585876361e-05
pumped_hydro,power,IT,457.6276342336,457.6276342336,457.6276342336,457.6276342336,457.6276342336,457.6276342336,457.6276342336,457.6276342336,359.0859387083003,359.0859389050732,406.0012557811489,417.84214163282985,457.81050412094464,457.81050439041337,457.8105049870592,457.8105051380186,457.81050523591915,458.98216588118646,458.98216599853185,459.9183120484071,459.9183121097894
pumped_hydro,power,LT,51.72492286576,51.72492286576,51.72492286576,51.72492286576,51.72492286576,51.72492286576,51.72492286576,51.72492286576,51.72492286576,51.72492286576,51.72492286576,51.72492286576,51.72492286576,51.72492286576,51.72492286576,51.72492286576,51.72492286576,51.72492286576,51.72492286576,51.72492286576,51.72492286576
pumped_hydro,power,LU,22.471605719196397,22.471605723855227,22.47160572513451,22.47160572672019,22.4716057338436,22.471605741711496,22.471605751048873,22.47160577234475,22.47160584688812,22.4716058729638,11.207067737659047,11.207068374714995,11.207073254339859,11.207101833135761,13.852623740677288,13.852623824139018,13.852623866377346,13.85262389457744,13.852623922650137,13.852623952170466,13.85262397008377
pumped_hydro,power,LV,0.0,0.0,0.0,0.0,0.0,0.0,0.0,0.0,0.0,0.0,0.0,0.0,0.0,0.0,0.0,0.0,0.0,0.0,0.0,0.0,0.0
pumped_hydro,power,NL,0.0,0.0,0.0,0.0,0.0,0.0,0.0,0.0,0.0,0.0,0.0,0.0,0.0,0.0,0.0,0.0,0.0,0.0,0.0,0.0,0.0
pumped_hydro,power,NO,80.20742405919371,80.20742406055886,80.20742406191697,80.20742406346879,80.02926044210987,80.029260444292,80.02926044688233,80.02926044997203,79.3868369117519,77.37531213799787,74.0327326835876,74.03273268999695,74.032732697454,74.03273270668319,47.02082855854066,47.02082857610196,45.87138587019963,45.87138591084204,45.75644174624705,46.98512908712555,10.446804381589331
pumped_hydro,power,PL,93.16233329659995,93.16233329893406,93.16233330165328,81.7828502776032,81.78285028201331,81.7828502880493,72.18500349790808,72.18500351184261,72.1850035387844,72.18500360684698,72.18500387084794,78.39578200737131,78.39578332455643,80.73870680243697,51.22848359481024,54.67740891775506,62.885546298106135,63.781784857787436,61.88654063771973,62.542431296275105,62.542431415527865
pumped_hydro,power,PT,194.02485375847326,194.02485375991623,194.0248537614848,194.0248537632251,194.02485376521568,194.024853767553,194.02485377036382,174.63592708859653,174.63592709304905,174.63592709868848,174.63592710518233,174.6359271130741,174.63592712257878,174.63592713392748,174.63592714789368,174.63592716558753,129.07872882405144,129.07872885887292,129.07872891440377,129.0787290056381,129.07872922138122
pumped_hydro,power,RO,0.0,0.0,0.0,0.0,0.0,0.0,0.0,0.0,0.0,0.0,0.0,0.0,0.0,0.0,0.0,0.0,0.0,0.0,0.0,0.0,0.0
pumped_hydro,power,SE,5.2874365596,5.2874365596,5.2874365596,5.2874365596,5.2874365596,5.2874365596,5.2874365596,5.2874365596,5.2874365596,5.2874365596,5.2874365596,5.2874365596,5.2874365596,5.2874365596,1.4084098411062866e-05,1.5725329280163374e-05,1.826738340657348e-05,2.139811389361312e-05,4.397417456707848e-05,0.0006596966774612708,5.340310784258733
pumped_hydro,power,SI,10.63234525576,10.63234525576,10.63234525576,10.63234525576,10.63234525576,10.63234525576,10.63234525576,10.63234525576,10.63234525576,10.63234525576,10.63234525576,10.63234525576,10.63234525576,10.63234525576,10.63234525576,10.63234525576,10.63234525576,10.63234525576,10.63234525576,10.63234525576,10.63234525576
pumped_hydro,power,SK,57.30918977888,57.30918977888,57.30918977888,57.30918977888,57.30918977888,57.30918977888,57.30918977888,53.84430526992,53.84430526992,53.84430526992,53.84430526992,42.41018639016,42.41018639016,42.41018639016,42.41018639016,42.41018639016,42.41018639016,0.0,0.0,0.0,0.0
pumped_hydro,power,UK,160.31151950628663,160.3115195077102,160.3115195092662,160.3115195110467,160.31151951315104,160.31151951560648,160.31151951850694,160.3115195219656,160.31151952613067,139.54577866241618,139.5457786687171,139.54577867636104,139.54577868596627,139.54577869808813,139.54577871388244,139.5457787359837,139.54577877350988,139.54577884481216,139.5466580623995,0.0016415174630145537,32.62587912575734
reservoir_hydro,power,AT,686.657059839539,686.6570598497174,686.657059812352,686.6570598246304,686.6570598421168,686.6569776495968,686.6569777184333,686.6569777536848,686.6569777787932,686.6569778044546,686.6350408388521,686.635040894435,686.6350409236039,686.6350409443008,686.6350409614196,686.6350409771185,686.6350409932919,686.6350410131176,686.6282430693061,686.628243173028,686.6282432445392
reservoir_hydro,power,BE,1.70040305636,1.70040305636,1.70040305636,1.70040305636,1.70040305636,1.700357619803065,1.7003576249609786,1.7003576276456527,1.7003576295284701,1.7003576310341855,1.700357632318059,1.700357633426016,1.7003576344475706,1.7003576354088357,1.7003576363304416,1.7003576372306737,1.700357638127034,1.7003576390557882,1.700357640055574,1.700357641174089,1.7003576427425457
reservoir_hydro,power,BG,176.37645502354408,176.3764550247789,176.37645502617806,156.95562414487654,136.8285812311765,136.82858123311485,136.828581235332,136.8285812378897,136.82858124091842,136.82858124483093,136.82858124925292,136.828581253882,136.82858126067967,136.8285812721469,28.248481359821493,3.098130878298693e-06,3.2710039206866404e-06,3.4113632112680488e-06,3.5956217929762815e-06,3.817308835412107e-06,4.089496915021011e-06
reservoir_hydro,power,CH,1054.965592269702,1017.6205441043815,949.5524263133833,949.5524263144517,894.6846041843667,848.4762924479753,825.4812900749487,822.8368648029099,822.8368648046488,822.8368648065461,771.6074924245034,761.492602141989,761.4926021446713,752.469246781398,732.6178649866457,719.6504301110866,713.2467585646584,713.2467585717496,637.4942349299939,637.4942349437638,570.7941742790163
reservoir_hydro,power,CZ,94.99378650208,94.99378650208,94.99378650208,94.99378650208,94.99378650208,2.493866692556609e-06,2.886529616711355e-06,3.226787237722788e-06,3.476180928288752e-06,3.655829590261691e-06,3.7999698906320487e-06,3.965949436967029e-06,4.123759256866592e-06,4.282973844901587e-06,4.464174634623342e-06,4.618843827114986e-06,4.760631471544233e-06,4.897610607150412e-06,5.0523402974843595e-06,5.221314747755805e-06,5.474922420149261e-06
reservoir_hydro,power,DE,25.301096026674834,25.30109602836441,25.301096029342816,25.30109603003245,25.30109603064073,25.301096031189015,25.301096031689283,25.30109603214754,25.30109603258329,25.301096032998203,25.30109603338434,25.30109603379925,25.301096034205028,25.301096034611366,25.30109603502377,25.30109603544545,25.301096035877837,25.30109603634807,25.30109603688004,25.30109603751287,25.301096038476178
reservoir_hydro,power,DK,0.0,0.0,0.0,0.0,0.0,0.0,0.0,0.0,0.0,0.0,0.0,0.0,0.0,0.0,0.0,0.0,0.0,0.0,0.0,0.0,0.0
reservoir_hydro,power,EE,0.0,0.0,0.0,0.0,0.0,0.0,0.0,0.0,0.0,0.0,0.0,0.0,0.0,0.0,0.0,0.0,0.0,0.0,0.0,0.0,0.0
reservoir_hydro,power,EL,326.06408613175324,326.06408613234515,326.0640861329782,326.0640861336501,326.06408613438435,326.0640861351954,261.4134483700982,261.41344837112524,261.41344837224295,214.07202026003867,214.0720202613761,214.07202026286612,214.0720202645592,214.0720202665117,158.59378419837014,158.59378420110426,158.59378420442573,158.59378420860676,158.59378421424373,158.5937842227737,158.59378424014068
reservoir_hydro,power,ES,1778.093871610675,1757.2134578431967,1608.315506297447,1468.1514396914336,1356.06024091452,1337.8821711391201,1308.116332893728,1247.0906233192318,1211.898734717305,1098.7901515187837,843.1235774389252,820.2017190686124,817.6382307501201,770.4166389889667,765.078708604058,756.6405595233318,709.3054802948809,626.7183804678693,626.7183823725849,626.7183840318129,619.9892285787641
reservoir_hydro,power,FI,179.57770012,179.57770012,179.57770012,179.57770012,179.57770012,179.57290417015116,179.57290418696618,179.5729041957774,179.572904201461,179.5729042057588,179.57290420935996,179.5729042125334,179.57290421539437,179.5729042180393,179.57290422053896,179.57290422294577,179.5729042253489,179.57290422777345,179.5729042303386,179.57290423326376,179.57290423721204
reservoir_hydro,power,FR,1212.2680659974174,1212.268066031974,1212.2680660485844,1101.5476846599586,1212.2660820690814,1212.2645292969742,1212.2632699975018,1212.263270128207,1072.0611305538928,1072.0611306253954,1072.061130676332,1072.0611307209533,1072.0611307629763,1072.061130804222,954.5053491179896,954.5053491696718,954.505349232039,954.5053493043135,954.5053494148679,954.5053495861231,954.5053498281916
reservoir_hydro,power,HR,177.2578043856,177.2578043856,177.2578043856,177.2578043856,177.2578043856,177.25307035264802,177.25307038174356,177.25307039509778,177.25307040328346,177.253070409327,177.25307041428923,177.253070418624,177.25307042248548,177.25307042603933,177.25307042944172,177.25307043281768,177.25307043624915,177.25307043980754,177.2530704435896,177.25307044817336,177.25307045499946
reservoir_hydro,power,HU,3.73842052296,3.73842052296,3.73842052296,3.73842052296,3.73842052296,3.73832065357769,3.7383206590408427,3.7383206619226907,3.7383206639819804,3.738320665666021,3.738320667130154,3.7383206684176242,3.738320669613231,3.7383206707550265,3.7383206718724953,3.738320672986883,3.738320674120342,3.738320675317694,3.738320676632225,3.7383206781555205,3.738320680364058
reservoir_hydro,power,IE,0.13351501867725,0.13351501867725,0.13351501867725,0.13351501867725,0.13351501867725,0.13351107130437737,0.13351123201658777,0.1335112880903346,0.13351131833723465,0.13351133877466834,0.1335113545224617,0.1335113675270275,0.1335113792682351,0.1335113903370816,0.1335114006697275,0.13351140926906968,0.1335114167827682,0.1335114238181516,0.13351143075690186,0.13351143779509733,0.13351144620200064
reservoir_hydro,power,IT,732.3619210496,732.3619210496,732.3619210496,732.3619210496,732.3619210496,529.2959135538196,595.9349771841743,595.934977367571,595.9349774255342,595.9349774709433,595.9349775124239,595.9349775519241,595.9349775931623,595.9349776445613,595.9349777171649,595.934977798048,595.9349778857083,595.9349779568446,595.9349780155799,595.9349780780542,595.9349781773515
reservoir_hydro,power,LT,13.4850168864,13.4850168864,13.4850168864,13.4850168864,13.4850168864,13.484656579066915,13.484656621974533,13.484656639629778,13.484656650772845,13.484656659509975,13.484656666843216,13.484656673203222,13.48465667895662,13.48465668427454,13.484656689208114,13.484656693846478,13.48465669827587,13.484656702980356,13.484656708498811,13.48465671491061,13.484656725556539
reservoir_hydro,power,LU,0.0,0.0,0.0,0.0,0.0,0.0,0.0,0.0,0.0,0.0,0.0,0.0,0.0,0.0,0.0,0.0,0.0,0.0,0.0,0.0,0.0
reservoir_hydro,power,LV,118.02727651056,118.02727651056,118.02727651056,118.02727651056,118.02727651056,1.2721089243878765e-06,1.40027280204541e-06,1.4874325482845695e-06,1.556640609861016e-06,1.6198435784755605e-06,1.680546569393946e-06,1.7524891192801004e-06,1.8283101549617218e-06,1.911581222418038e-06,2.0009414207247435e-06,2.088832012325435e-06,2.1721026402884077e-06,2.2574641458052868e-06,2.349530882753315e-06,2.460126506142567e-06,2.6508022697451016e-06
reservoir_hydro,power,NL,0.0,0.0,0.0,0.0,0.0,0.0,0.0,0.0,0.0,0.0,0.0,0.0,0.0,0.0,0.0,0.0,0.0,0.0,0.0,0.0,0.0
reservoir_hydro,power,NO,3393.70917802245,3280.127951635785,3246.8293059872904,3143.0347304851416,2999.4793824276444,2909.0363088376457,2859.9027820866877,2879.492533352587,2596.227070234571,2532.3134309692346,2487.585899909312,2381.505868097049,2358.2836012734956,2133.310795374808,2028.1009610870472,1989.3348755787542,1979.0675707489304,1943.843638623998,1890.046432240732,1826.7956949757684,1702.613376273928
reservoir_hydro,power,PL,55.85653021784,55.85653021784,55.85653021784,55.85653021784,55.85653021784,55.85653021784,55.85653021784,1.3670072902803397e-09,3.2180791040184056e-09,4.723655534783356e-09,6.1640704323081675e-09,7.633623965171957e-09,9.190006328450826e-09,1.0885031982981422e-08,1.2778356967795455e-08,1.495037930307039e-08,1.752316486168511e-08,2.070435164807567e-08,2.490189672136391e-08,3.112617914017023e-08,4.3391000214330955e-08
reservoir_hydro,power,PT,177.62837952909263,177.6283795679377,177.6283795983357,177.62837961081098,177.62837963105173,177.62837970340996,177.62838037012293,177.6283805954486,177.628380644589,177.62838067201272,177.62838069232467,177.6283807066173,177.62838071828358,177.62838072847092,177.6283807380444,177.6283807475841,177.62838075718298,177.62838076786358,177.6283807802605,177.6283807958074,177.6283808194928
reservoir_hydro,power,RO,581.0013673009747,503.1009073252479,503.1009073272893,503.10090732920753,503.1009073313275,503.10090733359795,421.08861885593495,421.08861885850405,421.08861886131575,421.08861886440667,421.0886188677874,421.0886188716365,421.08861887597783,357.542178397285,357.54217840269405,357.5421784091418,275.60465045337236,275.60465046258923,275.60465047447616,275.60465049158375,220.02020523369853
reservoir_hydro,power,SE,1554.884333456493,1511.3924534483021,1554.8843331388407,1449.045889691254,1554.881104528692,1554.8811047890508,1554.8811048623616,1554.8723719372733,1554.8723719804857,1554.8723720058638,1554.8723720305918,1554.8625931602553,1554.85903216304,1554.8590322195619,1554.859032251235,1554.8590322745706,1554.859032295173,1554.859032316875,1554.7929045778903,1554.7929046480867,1554.7929046969132
reservoir_hydro,power,SI,80.40140904528849,80.40140905279544,80.40140905723717,80.40140905989682,80.40140906230015,80.4014090645056,80.40140906656532,80.40140906852008,80.40140907041503,80.40140907231151,80.40140907426962,80.4014090762367,80.40140907834612,80.40140908064502,80.40140908328648,80.40140908663732,80.40140909188861,80.39690452627613,80.39690462648718,80.39690467269664,80.39690471614256
reservoir_hydro,power,SK,107.39948102384,107.39948102384,107.39948102384,107.39948102384,107.39948102384,107.39948102384,107.39948102384,107.39948102384,107.39948102384,107.39948102384,107.39948102384,107.39948102384,107.39948102384,107.39948102384,107.39948102384,107.39948102384,107.39948102384,107.39948102384,107.39948102384,107.39948102384,107.39948102384
reservoir_hydro,power,UK,69.9618697868,69.9618697868,69.9618697868,69.9618697868,69.9618697868,1.1733257463553095e-09,2.734662495943623e-09,3.9918082772085656e-09,5.1818506778878336e-09,6.380715700058533e-09,7.629970574382271e-09,8.96306104217344e-09,1.0413930534069542e-08,1.2022971332718236e-08,1.3843545562996597e-08,1.5952363883593407e-08,1.846873394753898e-08,2.1598111360347405e-08,2.574706393314665e-08,3.192392198802827e-08,4.4134509317996104e-08
run-of-river_hydro,power,AT,972.463584909282,972.4635849214075,972.4635848863558,972.4635849048806,972.423133516969,972.3624586468619,972.1564187808366,972.1564189692434,972.1499271615648,971.9267396599089,971.9267397873235,971.8566260110125,971.496771485215,971.4967715945804,971.4702161723098,970.7288309161734,970.685562188869,970.6647329992636,970.6286222581556,970.4957316978816,970.473155646417
run-of-river_hydro,power,BE,9.445558463658388,9.445558467353534,9.44555846952418,9.445558470986064,9.445558472369505,9.445558473668259,9.445558474881457,9.445558476014924,9.445558477094403,9.445558478137984,9.445558479143045,9.445558480125946,9.445558481101859,9.44555848207802,9.445558483064493,9.445558484070832,9.445558485111118,9.445558486225215,9.445558487480035,9.445558488950205,9.445558491162457
run-of-river_hydro,power,BG,7.962183945987092e-07,8.778458627739521e-07,9.964495572235313e-07,1.0264261953770236e-06,1.0883387319145555e-06,1.1328935888823498e-06,1.187598098699388e-06,1.2564632227690976e-06,1.340757360888014e-06,1.4634778462498679e-06,1.578543634323857e-06,1.6838837840345544e-06,1.7958362604623305e-06,1.8889316181355246e-06,1.98537824146773e-06,2.0660659386904313e-06,2.154548053788698e-06,2.263693886836357e-06,2.4143529977591962e-06,2.5998076159981778e-06,2.85439599628588e-06
run-of-river_hydro,power,CH,536.9300536563385,536.5891416256325,530.2430560845395,527.8214602647674,505.063581245032,501.8625292718193,498.6774825563161,497.40506439773725,496.15665413049715,492.9363958442135,489.5864949533278,488.67739619391756,487.3969754060184,461.40443336723797,441.94203736096136,441.813995285014,436.61548688041216,432.94227974438684,426.12403904584943,412.71483233267395,389.70407023459387
run-of-river_hydro,power,CZ,1.4600330031859358e-06,1.4718174195212476e-06,1.4824436063022563e-06,1.4899328350970754e-06,1.5015822228114064e-06,1.5217908291736374e-06,1.5601438899703575e-06,1.6265839559353484e-06,1.7070449106747606e-06,1.7911406856902027e-06,1.8748611495505316e-06,1.9617455077006536e-06,2.047173956030215e-06,2.1353595223264353e-06,2.235104450038405e-06,2.335737615502946e-06,2.4416113502950634e-06,2.559874045316505e-06,2.6956299977208385e-06,2.851664340829238e-06,3.0893107302424746e-06
run-of-river_hydro,power,DE,432.76702370267105,432.7670236899008,432.767023695932,432.76702369912925,432.7670237028394,432.7627849710717,432.7627849838962,432.75374102519567,432.6621622535314,432.6621622661811,432.6525884936796,432.64187339306727,432.5838087271663,432.57016427779325,432.5400921592908,432.4909092426359,432.49090925704803,432.49090926695044,432.4691797245766,432.4691797413314,432.4691797528145
run-of-river_hydro,power,DK,0.0,0.0,0.0,0.0,0.0,0.0,0.0,0.0,0.0,0.0,0.0,0.0,0.0,0.0,0.0,0.0,0.0,0.0,0.0,0.0,0.0
run-of-river_hydro,power,EE,0.0,0.0,0.0,0.0,0.0,0.0,0.0,0.0,0.0,0.0,0.0,0.0,0.0,0.0,0.0,0.0,0.0,0.0,0.0,0.0,0.0
run-of-river_hydro,power,EL,8.826061596884614e-07,9.271153785195167e-07,9.632694651882792e-07,9.79356291886283e-07,1.0056164801533367e-06,1.0514611286590317e-06,1.1170196513775144e-06,1.1827916118318642e-06,1.248839954420009e-06,1.322438313206069e-06,1.4018464019112539e-06,1.4791868617562336e-06,1.5740997962884194e-06,1.6531745571023415e-06,1.735040654275043e-06,1.8087941162518968e-06,1.8978304465131247e-06,2.0008530088818955e-06,2.127358323277531e-06,2.2823743166673654e-06,2.5001695285353932e-06
run-of-river_hydro,power,ES,67.1276604743696,67.1084541643569,67.10845416622503,67.10845416805321,67.1084541701339,66.43623325765013,66.43623326038293,66.43623326352754,64.12987531855781,64.12987532235746,63.46565704159842,61.00564860284437,58.81292800464509,58.48482018288944,57.36925357601668,56.5897974275287,56.02961334079329,53.80488222982909,49.947614615861895,46.87780579427152,45.61339030496818
run-of-river_hydro,power,FI,206.40383131793973,206.40383132176976,206.40383132567266,206.40383132940772,206.403831333449,206.4038313374046,206.40383134108689,206.40383134446097,206.4038313474325,206.4038313501176,206.4038313526753,206.4038313551698,206.40383135758756,206.40383135996862,206.40383136236665,206.40383136481992,206.40383136741673,206.40383137016332,206.40383137318736,206.4038313768131,206.40383138184887
run-of-river_hydro,power,FR,284.8722486411101,284.8722486432434,284.87224864557504,255.8998510940157,255.89985109624456,220.0292636522071,220.02926365472715,220.02926365739876,220.02926366018403,220.02926366314995,220.02926366639014,220.02926366999995,220.02926367407355,168.7527188034468,168.75271880892785,168.75271881563077,168.75271882383865,168.7527188344488,168.75271885000174,168.7527188757172,168.75271892657747
run-of-river_hydro,power,HR,44.60149436726537,44.601494371503115,44.601494374787436,44.60149437721504,44.60149437974153,44.601494382197,44.60149438458692,44.601494386883644,44.60149438912618,44.60149439135356,44.60149439349141,44.601494395658,44.60149439783558,44.601494400030205,44.601494402272614,44.60149440457894,44.601494406944155,44.60149440952175,44.601494412417246,44.601494415816774,44.60149442111436
run-of-river_hydro,power,HU,3.153036151388293,3.153036156987367,3.153036160608291,3.1530361628174135,3.1530361649306577,3.153036166831602,3.1530361685519064,3.1530361701369034,3.153036171630497,3.1530361730665897,3.153036174459087,3.1530361758195014,3.1530361771800104,3.153036178551546,3.1530361799490394,3.153036181388598,3.15303618289021,3.153036184507433,3.1530361863252727,3.1530361884552547,3.153036191572705
run-of-river_hydro,power,IE,1.920012081687673e-06,1.9539808319896846e-06,1.9859547825270283e-06,1.9999726082024054e-06,2.314551627756513e-06,3.895971253938633e-06,4.970292328841811e-06,6.0364642549604454e-06,7.045006904761576e-06,7.650720475361269e-06,8.105464149070057e-06,8.36901974564801e-06,8.760081198642051e-06,1.0290239630158838e-05,3.103448695664445e-05,3.4425355389062996e-05,3.545365812205463e-05,3.702893788996279e-05,9.151064902031896e-05,9.53748069415218e-05,9.68930254304061e-05
run-of-river_hydro,power,IT,2.4456762513606446e-05,2.447336541096309e-05,2.448282361169352e-05,2.4488513930644894e-05,2.449527455563681e-05,2.4503456706383106e-05,2.4513027185259907e-05,2.452377198821528e-05,2.453487692509065e-05,2.4546872818504465e-05,2.4560023121785142e-05,2.4574490640800695e-05,2.4590797880038745e-05,2.461025413195239e-05,2.4634630021608832e-05,2.466387705560298e-05,2.4699653762720353e-05,2.4740088641920295e-05,2.4785248088038185e-05,2.484245816786076e-05,2.4946118649758107e-05
run-of-river_hydro,power,LT,9.528855862922444e-10,2.21340605397522e-09,3.2127953704910224e-09,4.139988287391951e-09,5.0507485056169204e-09,5.972786420644775e-09,6.924632156054546e-09,7.92144511985304e-09,8.977686150097809e-09,1.0108746392868148e-08,1.1332316524325355e-08,1.266994455642264e-08,1.414919333449353e-08,1.5806973807898793e-08,1.7695069051655017e-08,1.9890557625999e-08,2.2516095957541523e-08,2.57837372786858e-08,3.01148749792578e-08,3.655576558559891e-08,4.926430017520543e-08
run-of-river_hydro,power,LU,0.0,0.0,0.0,0.0,0.0,0.0,0.0,0.0,0.0,0.0,0.0,0.0,0.0,0.0,0.0,0.0,0.0,0.0,0.0,0.0,0.0
run-of-river_hydro,power,LV,64.3411447118712,64.34114471415917,64.341144717579,64.3411447241005,1.1464153960551553e-06,1.270694034609914e-06,1.3582201627044977e-06,1.4349124206526018e-06,1.5015920115824276e-06,1.5625871694333512e-06,1.6217850199261965e-06,1.6942832000490537e-06,1.771623864585572e-06,1.8571536000759035e-06,1.949462658953936e-06,2.040669071037262e-06,2.12926055393857e-06,2.2220289746937597e-06,2.323487997311877e-06,2.446196274215518e-06,2.651142283138043e-06
run-of-river_hydro,power,NL,0.0,0.0,0.0,0.0,0.0,0.0,0.0,0.0,0.0,0.0,0.0,0.0,0.0,0.0,0.0,0.0,0.0,0.0,0.0,0.0,0.0
run-of-river_hydro,power,NO,0.0,0.0,0.0,0.0,0.0,0.0,0.0,0.0,0.0,0.0,0.0,0.0,0.0,0.0,0.0,0.0,0.0,0.0,0.0,0.0,0.0
run-of-river_hydro,power,PL,9.488561966884525e-10,2.2024275866953618e-09,3.1954924334521067e-09,4.116246854679894e-09,5.020123552560669e-09,5.934655275551708e-09,6.878201705235735e-09,7.865695622081518e-09,8.911344242298465e-09,1.003026464615431e-08,1.1239923569099087e-08,1.2561726566480785e-08,1.4023533230134696e-08,1.5662714135588443e-08,1.7531956883538152e-08,1.9709399538744185e-08,2.2317990960766998e-08,2.5571140097476263e-08,2.989237345173834e-08,3.633261379728326e-08,4.906594295731668e-08
run-of-river_hydro,power,PT,266.17785484734054,234.00728252712426,234.00728254914594,184.07087174087815,184.07087175901333,145.65824809423376,145.65824819117475,152.40642129709045,157.30573074271638,159.78982045436337,170.0625849147037,170.06258541965792,140.2928025073123,140.29280283171744,140.29280320732704,121.56665206739952,257.9253885565194,269.46194251433053,247.05457994494708,247.0545804850541,247.05458113100883
run-of-river_hydro,power,RO,185.821067184,185.821067184,2.2135266464423138e-06,2.2516483848360596e-06,2.33941650939417e-06,2.44316816244882e-06,2.5596857077508335e-06,2.6644765058918074e-06,2.7700672211020602e-06,2.8777383972493845e-06,2.9727832007967973e-06,3.045108328781718e-06,3.121001888457165e-06,3.2097967708384865e-06,3.3080032651228213e-06,3.404707134282466e-06,3.5145765766849976e-06,3.615324684462376e-06,3.712541193373279e-06,3.816784817378739e-06,4.006653193503254e-06
run-of-river_hydro,power,SE,319.3049342901284,319.3049342954694,319.304934301981,319.30493430929016,319.3049343202421,319.3049343345698,319.3049343507465,319.3049343678167,319.30493438265324,319.30493439616606,319.30493440880036,319.3049344209495,319.304934432298,319.3049344438256,319.30493445574444,319.30493446812324,319.3049344811043,319.304934494317,319.30493450862724,319.30493452481494,319.3049345460954
run-of-river_hydro,power,SI,141.46264941346502,141.4626494271251,141.46264943588437,141.46264944142342,141.46264944765187,141.4626494544093,141.46264946243662,141.46264947384174,141.4047225826205,141.4047226689125,141.40472271430977,141.40472274478432,141.40472277121185,141.40472280085515,141.3707526759712,141.3707527930909,141.37075285596407,141.37075290946802,141.3707529671893,141.37075302141338,141.37075309254348
run-of-river_hydro,power,SK,10.009689544132813,10.009689545526664,10.009689546991158,10.009689548442932,9.721594872285396,9.721594874209792,9.721594876440996,9.721594880183972,9.721594883540769,8.745274034350288,8.745274037765915,8.745274041509315,8.745274045647534,8.745274050331274,8.745274055626728,1.533303962617959,1.533303970256811,1.5333039775127035,0.6818241727987369,0.6818241972653869,0.681824242497703
run-of-river_hydro,power,UK,16.005259878283578,16.005259878590543,16.00525987892503,16.00525987928924,16.00525987968691,16.005259880122253,16.00525988060033,16.005259881127447,16.00525988171125,16.00525988236141,16.00525988309033,16.005259883914068,16.005259884854162,16.005259885940184,16.00525988721445,16.005259888740348,16.005259890619246,16.00525989302863,16.005259896323288,16.00525990139058,16.00525991178087
waste_plant,power,AT,7.585497812361124e-07,7.646083839699889e-07,7.712311012955113e-07,7.78074597919835e-07,7.895932640547366e-07,8.060950924494337e-07,8.265351586901436e-07,8.50955194988565e-07,8.765793820034361e-07,9.068674191854963e-07,9.431669249547117e-07,9.843286731258314e-07,1.0203275875799709e-06,1.0582922918825452e-06,1.098634509904796e-06,1.1410849199358247e-06,1.1907301941193265e-06,1.254146931599528e-06,1.3102280297445486e-06,1.3772085206044968e-06,1.4835469647074383e-06
waste_plant,power,BE,13.071794521868876,13.071794522212533,13.071794522567707,13.071794522943222,13.07179452336238,13.071794523837587,0.5653890433866445,0.5653890440611101,0.5653890448393772,0.5653890456816546,0.5653890466238537,0.5653890476033617,0.5653890486791302,0.56538904993382,0.5653890514197438,0.5653890531293938,0.5653890551775788,0.5653890578044266,0.5653890613361661,0.5653890665869781,0.5653890766704224
waste_plant,power,BG,5.357863896066418e-07,5.816278456668252e-07,6.16934133292146e-07,6.392821718508092e-07,6.759785732037933e-07,7.018184728411589e-07,7.288106928747327e-07,7.597307357086111e-07,7.931540249078884e-07,8.35026172905936e-07,8.694986582538808e-07,9.113303416105678e-07,9.477646072170863e-07,9.87044852361574e-07,1.0293529019898099e-06,1.0703951032791669e-06,1.130832038082149e-06,1.1907970818329582e-06,1.245876399827221e-06,1.3094655303070709e-06,1.410921673101626e-06
waste_plant,power,CH,7.236979667538463,7.236979668011243,7.23697966848221,7.236979668962752,7.236979669534823,7.236979670171066,7.2369796708644705,7.236979671634532,7.2369796725142095,7.2369796735497856,7.236979674819087,7.236979676345383,7.23697967827025,7.236979680939253,4.5231123113360745,4.523112319466024,1.0606443054057414e-06,1.146326778762467e-06,1.216430506973745e-06,1.2967553963083475e-06,1.4177172019763218e-06
waste_plant,power,CZ,3.9577232639321496,3.95772326462718,3.957723265433011,3.9577232663812203,3.957723267635352,3.9577232693605877,3.9577232720031628,3.957723277409675,7.950453796296212e-07,8.492445203941415e-07,8.944772606336968e-07,9.412364759223124e-07,9.811108320000173e-07,1.0214149632335927e-06,1.0629636829464537e-06,1.1081266072396706e-06,1.1655373885242797e-06,1.2179127117465016e-06,1.2719295613926843e-06,1.339068369428293e-06,1.4476949617986485e-06
waste_plant,power,DE,146.21412789852857,146.21412790022836,146.21412790062536,146.21412790100666,146.2141279014245,146.21412790188575,140.10792631056248,135.40388952939924,111.54447219925683,108.15213798232784,108.15213798307167,108.15213798394416,108.15213798491783,108.15213798602738,108.15213798731719,89.76568652888659,73.61817565471819,68.18591779662157,59.592004448620756,20.82893212707888,13.93118589533983
waste_plant,power,DK,42.064944301133814,41.40909301941042,39.82600371818972,31.051165875615546,31.051165876073775,31.05116587658058,23.47495279118501,23.474952791739565,23.474952792464336,22.434636966452114,22.434636967258793,22.434636968148528,22.43463696913973,18.295989224822126,18.295989226123524,18.295989227702023,14.247803729948957,14.247803732517415,14.247803735832152,14.24780374086035,14.247803751170554
waste_plant,power,EE,3.844645453490465,3.8446454538406205,3.844645454216414,3.8446454546249713,3.8446454550982296,3.8446454556266016,3.8446454561848187,3.844645456799672,3.8446454574873554,3.8446454582272036,3.8446454590664176,3.844645460013018,3.844645461156993,3.8446454624985673,3.844645464011992,3.8446454657241915,3.8446454677507105,3.844645470319113,3.844645473805283,3.8446454791033804,3.844645489675201
waste_plant,power,EL,5.632781775655213e-07,5.938584890461959e-07,6.13906989093477e-07,6.267410309772997e-07,6.430045439538933e-07,6.63513570433242e-07,6.873905569477018e-07,7.128296890833791e-07,7.397810912863293e-07,7.708307035940077e-07,8.058413306827002e-07,8.549323560823235e-07,9.113228927599567e-07,9.582213391970396e-07,1.006530497818536e-06,1.0497958426811005e-06,1.1139850032066802e-06,1.1761260021333026e-06,1.2335996886750671e-06,1.3008926435197578e-06,1.405347163073164e-06
waste_plant,power,ES,25.216351025110846,25.21635102588723,25.216351026227695,25.21635102655769,25.21635102691629,25.216351027306633,25.21635102773533,25.216351028211818,25.216351028741446,25.216351029333737,25.216351030036332,25.216351030824857,25.21635103171716,25.21635103274004,12.43855881414444,12.43855881562876,5.427734768778718,5.42773477171334,5.427734775062586,5.42773478020207,5.427734790883443
waste_plant,power,FI,72.36979664720972,72.3697966475732,72.3697966479271,72.36979664830788,72.3697966487261,72.3697966491814,72.36979664967656,72.36979665021784,72.3697966508159,64.90666137261036,64.90666137339979,64.90666137430459,58.12199293993073,58.12199294105964,58.121992942353586,58.12199294389166,58.12199294583693,43.30880019923556,43.308800202546415,41.386477484218894,41.38647749445846
waste_plant,power,FR,129.85629229995345,126.89365375062056,125.28794888797633,123.52393509508526,118.61635826063815,113.76079721790599,113.76079721841384,104.80503488377546,90.01445769560829,83.15289635229016,68.09093242623699,64.87952270108987,63.323572074221794,50.31962424105785,42.35894661182448,37.15736747964206,36.659825129640446,20.996287271372648,20.996287274820506,18.847808942158025,18.024602515725093
waste_plant,power,HR,7.460224537624914e-07,7.523733596516221e-07,7.589205933612744e-07,7.653425235913729e-07,7.758915510233141e-07,7.903705878993149e-07,8.088190132644285e-07,8.31850029892924e-07,8.586923084695661e-07,8.903945549212109e-07,9.26931046019565e-07,9.679053391037572e-07,1.0076536305826389e-06,1.047715078189658e-06,1.0891577089265856e-06,1.1351748869859028e-06,1.1930178864349882e-06,1.2470352615812713e-06,1.3013373405074878e-06,1.371025689721689e-06,1.4819885585888054e-06
waste_plant,power,HU,5.806034320123755e-07,6.106167648239363e-07,6.349242461368491e-07,6.517558785145309e-07,6.818774205549724e-07,7.115919142646678e-07,7.383939914104791e-07,7.657312145170378e-07,7.956669158254903e-07,8.301530917930497e-07,8.733672252216113e-07,9.207440368755873e-07,9.656576038683383e-07,1.0091447375497061e-06,1.0524313451975649e-06,1.0995955389692638e-06,1.1579454697178757e-06,1.2150049338855838e-06,1.269460760219896e-06,1.339420352902581e-06,1.4502780718929132e-06
waste_plant,power,IE,13.90857029739992,13.90857029783319,13.908570298203093,13.90857029858343,13.90857029901042,13.908570299484337,13.908570299999157,13.90857030054947,13.90857030114945,13.908570301829409,13.908570302616525,13.908570303495177,13.908570304503167,13.908570305618946,13.908570306962822,13.908570308527679,13.908570310437385,13.908570312862043,13.90857031612934,13.908570321119317,13.908570331390207
waste_plant,power,IT,48.046760307388915,48.046760307731944,48.046760308056825,48.046760308396024,45.106737320051266,45.10673732046405,45.10673732091854,45.10673732141982,45.106737321978166,45.1067373226289,35.325506995950136,31.95578834072663,31.95578834168681,27.43267605278273,27.43267605415147,22.457252536617542,22.45725253858417,22.457252541178676,22.457252544495223,22.457252549567563,22.457252560023292
waste_plant,power,LT,9.95084704503476,14.247803721088623,14.247803721446589,14.247803721833879,14.247803722262647,14.247803722734288,14.24780372325133,14.24780372381984,14.247803724448938,14.247803725159006,14.247803725968142,14.2478037269123,14.247803727916814,14.247803729049629,14.247803730371253,14.247803731955553,14.24780373390986,14.247803736395698,14.247803739741556,14.247803744837606,14.247803755151718
waste_plant,power,LU,5.841036686046036e-07,6.143037252061872e-07,6.3978839972566e-07,6.574761114465522e-07,6.920393600424033e-07,7.308319955233832e-07,7.673416258036361e-07,8.04897688158155e-07,8.413178883446122e-07,8.792757854292832e-07,9.197978717518952e-07,9.574254547587079e-07,9.971255520669917e-07,1.0388661083034066e-06,1.0830917751093026e-06,1.1286100504253053e-06,1.1782144850277633e-06,1.2319275186486135e-06,1.290527505693831e-06,1.367669257436492e-06,1.4869366381125428e-06
waste_plant,power,LV,7.057357914288118e-07,7.114302114860417e-07,7.186894797095338e-07,7.279994380208358e-07,7.45467074007907e-07,7.722761783727402e-07,8.04897887588181e-07,8.417138633952056e-07,8.745216095841288e-07,9.057776898041494e-07,9.409077238340023e-07,9.774653778589702e-07,1.0157121011407178e-06,1.0553626137952215e-06,1.0975493630496828e-06,1.1433028573802223e-06,1.193833145110805e-06,1.246883449294946e-06,1.3056808088860023e-06,1.3767053094182924e-06,1.4798155676083226e-06
waste_plant,power,NL,59.25277100441271,59.252771004748205,59.25277100509483,59.25277100546208,59.25277100587068,59.25277100632675,43.87418922019745,43.87418922080271,43.87418922142221,43.874189222190466,43.87418922312111,43.87418922413511,43.874189225144626,43.874189226300516,43.87418922764314,43.874189229229884,43.87418923116828,30.98331920664675,3.844645469146424,3.8446454746623386,3.8446454851701595
waste_plant,power,NO,16.136203101161524,16.136203101526245,16.136203101903288,16.136203102303536,16.136203102751384,16.136203103243613,16.136203103780858,16.13620310437317,16.136203105025803,16.136203105750756,15.910047492055234,15.910047492996338,14.575729368549348,14.57572936978432,14.575729371229713,14.57572937300798,14.575729375309459,14.57572937853179,12.257634334624255,12.257634344345819,1.2659664073511672e-06
waste_plant,power,PL,11.647014155168069,11.64701415550293,11.647014155858722,11.647014156240786,11.6470141566644,11.647014157129622,11.647014157640745,11.647014158205447,11.647014158829643,11.64701415952874,11.647014160335583,11.647014161233635,11.647014162231077,11.647014163377694,11.647014164775799,11.647014166389994,11.647014168383242,11.172087380446515,11.172087383832425,11.172087389009675,11.172087399579508
waste_plant,power,PT,5.648428406144886e-07,5.909101599954712e-07,6.069203523688232e-07,6.179006114612049e-07,6.323043663536076e-07,6.508891742937157e-07,6.729576827795464e-07,6.972245679010327e-07,7.229955342222182e-07,7.519765111137746e-07,7.837917895035816e-07,8.199852894453529e-07,8.542246161007531e-07,8.918378516965011e-07,9.339245024429493e-07,9.84668762379218e-07,1.0660653017851132e-06,1.1775555562298325e-06,1.2475973954804503e-06,1.3210535693126589e-06,1.4257837792598658e-06
waste_plant,power,RO,5.420752379355329e-07,5.888790244695915e-07,6.307745221145403e-07,6.514719179715933e-07,6.869281325242202e-07,7.183980263686656e-07,7.458463440112405e-07,7.726714275666479e-07,8.004242005482424e-07,8.292107889381844e-07,8.654099405249684e-07,9.050224418975897e-07,9.467877339164384e-07,9.90504171290374e-07,1.0318459785763326e-06,1.072306380804631e-06,1.1171944908949208e-06,1.165754691751607e-06,1.215672272709481e-06,1.2911129619840021e-06,1.4170400435782163e-06
waste_plant,power,SE,90.32655243818728,90.32655243852045,90.326552438865,90.32655243923962,47.356985683530176,47.35698568404256,47.356985684552264,47.356985685117266,47.3569856857305,47.356985686404066,47.35698568724325,47.35698568822696,47.35698568925586,47.35698569041022,47.356985691751525,47.35698569335262,47.35698569534073,47.35698569807793,47.35698570136847,47.35698570632445,46.814212241592145
waste_plant,power,SI,6.343857845185176e-07,6.576980468883165e-07,6.748101364687804e-07,6.868285936538737e-07,7.082169776844459e-07,7.32775956652228e-07,7.572529048127292e-07,7.834491317526856e-07,8.126353285517688e-07,8.468343048435305e-07,8.898894188127287e-07,9.326585596215766e-07,9.75680167450904e-07,1.0121975284536166e-06,1.0480204314272835e-06,1.0855212879727482e-06,1.125505435048482e-06,1.169631951207419e-06,1.2315452528952709e-06,1.3124624694867274e-06,1.4241488583773712e-06
waste_plant,power,SK,6.862756561957294e-07,6.931333173241141e-07,7.013398941781715e-07,7.102816444551949e-07,7.2656028247094e-07,7.491969849406125e-07,7.750027914613241e-07,8.169101518211355e-07,8.539785794967572e-07,8.894181636555179e-07,9.263507128796226e-07,9.665428158621802e-07,1.0024929386997817e-06,1.0404436694738687e-06,1.080650040955525e-06,1.1250793220433552e-06,1.1824670243055016e-06,1.2362439679371823e-06,1.2917228044185643e-06,1.3586951937072205e-06,1.4615842294448947e-06
waste_plant,power,UK,297.7904054110844,297.7904054114639,293.85529771937945,293.8552977197988,285.9398512121057,285.93985121258333,279.15518277791693,279.1551827785356,268.1187887910429,267.6438620013211,265.76677040142,260.99488693603536,257.8287083341028,256.0194634190373,248.9634082475457,244.66645157395348,239.84933698559715,239.84933698812935,238.98994565708622,234.10498438855942,215.33406839404637
wind_offshore,power,AT,0.0,0.0,0.0,0.0,0.0,0.0,0.0,0.0,0.0,0.0,0.0,0.0,0.0,0.0,0.0,0.0,0.0,0.0,0.0,0.0,0.0
wind_offshore,power,BE,383.6761513984,383.6761513984,383.6761513984,383.6761513984,383.6761513984,383.6761513984,383.6761513984,383.6761513984,383.6761513984,383.6761513984,383.6761513984,383.6761513984,383.6761513984,383.6761513984,378.4883504416,350.423197728,350.423197728,350.423197728,300.21208816063967,263.4722519112513,263.4722519840921
wind_offshore,power,BG,8.655980269826926e-10,1.9971880587713178e-09,2.8898167004292315e-09,3.7229507681523674e-09,4.545797212829326e-09,5.383442503308071e-09,6.25211687690033e-09,7.166227178220779e-09,8.139571471212938e-09,9.18695546922127e-09,1.0325465733651206e-08,1.1576165121892506e-08,1.296612624114402e-08,1.4531659623134334e-08,1.632358095284912e-08,1.8416985775439874e-08,2.0930448146529642e-08,2.407070197950028e-08,2.8247936514763636e-08,3.448035969933693e-08,4.681584896262845e-08
wind_offshore,power,CH,0.0,0.0,0.0,0.0,0.0,0.0,0.0,0.0,0.0,0.0,0.0,0.0,0.0,0.0,0.0,0.0,0.0,0.0,0.0,0.0,0.0
wind_offshore,power,CZ,0.0,0.0,0.0,0.0,0.0,0.0,0.0,0.0,0.0,0.0,0.0,0.0,0.0,0.0,0.0,0.0,0.0,0.0,0.0,0.0,0.0
wind_offshore,power,DE,1306.6590811997396,1306.6590812285956,1306.659081230607,1306.6590812324903,1306.6590812353927,1306.6590812606416,1306.6590813394419,1306.6590814276642,1306.6590814686085,1305.8936682384299,1305.8936682604797,1305.4684386814704,1305.4684387003178,1304.6179797732782,1304.6179799721515,1294.3308259478724,1286.1153903848437,1286.1153904148582,1218.0786565943579,1130.7535087559154,746.2098891217922
wind_offshore,power,DK,288.4417331932724,391.31327478472133,391.3132747857637,391.31327478746556,391.3132747966909,391.31327481790174,384.5096014500582,357.29490791485756,320.997310403411,320.9973104057144,320.99731040829295,320.99731041167644,320.9973104159302,320.9973104204445,280.60049969947767,245.39148993458048,244.77915933696704,244.77915934596777,176.81046223518678,176.8104622546404,176.81046229444738
wind_offshore,power,EE,7.710405990748964e-10,1.7707819808234782e-09,2.5885311405128607e-09,3.3644382038741615e-09,4.139240364026558e-09,4.9346315839797516e-09,5.764871620848495e-09,6.6429833779109e-09,7.582099974731222e-09,8.596522228712634e-09,9.703101376867956e-09,1.092270056607796e-08,1.2282333810330345e-08,1.3818362048904937e-08,1.5581890167796924e-08,1.764865739931393e-08,2.0137982718641654e-08,2.3257963112234324e-08,2.7421738221638378e-08,3.365671459683539e-08,4.604235186369851e-08
wind_offshore,power,EL,9.087581113017094e-10,2.1120445342989017e-09,3.0675064933325665e-09,3.96375560437759e-09,4.850693383652934e-09,5.753782100092735e-09,6.689133539210135e-09,7.671437070956769e-09,8.714811542866945e-09,9.834291658723634e-09,1.104721808353335e-08,1.2374933840353482e-08,1.3844526010249367e-08,1.549225278187845e-08,1.736866168309058e-08,1.9547856780475406e-08,2.2142596799740178e-08,2.5333937909567378e-08,2.9445058798268816e-08,3.5201454204858006e-08,4.5416632516183537e-08
wind_offshore,power,ES,0.8504591734707291,0.8504591737546224,0.8504591740514755,0.8504591743749194,0.850459174726482,0.850459175109885,0.8504591755305223,0.8504591759955225,0.8504591765151409,0.850459177101264,0.8504591777658492,0.8504591785246373,0.8504591793978501,0.8504591804167483,0.8504591816235884,0.850459183075902,0.8504591848698936,0.850459187175672,0.850459190334176,0.8504591951996947,0.8504592051983212
wind_offshore,power,FI,7.53506828078988,7.535068281488381,7.535068282235724,7.535068283057936,7.535068283996476,7.535068285238026,7.535068286913477,7.535068289332475,7.535068291292653,7.535068294488831,7.535068305911212,7.535068308166423,7.535068311545278,7.535068318516479,7.5350683255001965,7.143857112877506,7.143857123701225,7.143857137710891,7.1438571531020765,7.143857172318274,7.143857208991651
wind_offshore,power,FR,0.34018372269945607,0.34018372536127595,0.34018372826773685,0.34018373103005356,0.3401837347079282,0.3401837393965031,0.340183744827349,0.3401837509637536,0.34018375805791207,0.34018376630779557,0.34018377656307175,0.34018379251002134,0.34018382008124126,0.3401838437803275,0.3401838707591508,0.3401838975696879,0.3401839387222266,0.3401839780598258,0.3401840431333339,0.34018417872888146,0.34018437737816204
wind_offshore,power,HR,5.624023311713656e-10,1.2663092462455766e-09,1.8083461511881625e-09,2.3137590560720303e-09,2.8109345635861605e-09,3.315405024046652e-09,3.837871075346651e-09,4.388684425666947e-09,4.980258982987921e-09,5.623071075971604e-09,6.329721371177382e-09,7.116257467360866e-09,8.003636694081251e-09,9.021305857219397e-09,1.0216613742921516e-08,1.1656002133780224e-08,1.3449203538116941e-08,1.5794637504508302e-08,1.910462579357166e-08,2.4468299176217433e-08,3.6538711275526726e-08
wind_offshore,power,HU,0.0,0.0,0.0,0.0,0.0,0.0,0.0,0.0,0.0,0.0,0.0,0.0,0.0,0.0,0.0,0.0,0.0,0.0,0.0,0.0,0.0
wind_offshore,power,IE,4.28631423296,4.28631423296,4.28631423296,4.28631423296,4.28631423296,4.28631423296,4.28631423296,4.28631423296,4.28631423296,0.0,0.0,0.0,0.0,0.0,0.0,0.0,0.0,0.0,0.0,0.0,0.0
wind_offshore,power,IT,5.626834860269121e-10,1.2675863958744068e-09,1.811093415579362e-09,2.318183526974613e-09,2.817319098603791e-09,3.3241001676260085e-09,3.849276281649439e-09,4.403515710550251e-09,4.999149756173614e-09,5.646799034238764e-09,6.359251421417098e-09,7.152806875355302e-09,8.048759233941266e-09,9.076801070894339e-09,1.0285014528872763e-08,1.174106115169316e-08,1.3556023683069381e-08,1.5931594690566493e-08,1.9286417112782598e-08,2.472539634832455e-08,3.684233471970807e-08
wind_offshore,power,LT,6.003480219811574e-10,1.3743342202165058e-09,1.995869010697551e-09,2.587634465842428e-09,3.181954637844952e-09,3.797017938142695e-09,4.451090462310349e-09,5.156789790220817e-09,5.927575139760977e-09,6.779019986834218e-09,7.730018481508076e-09,8.804695600551728e-09,1.003427107320145e-08,1.1460108060643371e-08,1.3130697153704056e-08,1.5120171820819965e-08,1.7538631441618644e-08,2.0583835679789986e-08,2.4664102768368896e-08,3.079787576570963e-08,4.302955535865677e-08
wind_offshore,power,LU,0.0,0.0,0.0,0.0,0.0,0.0,0.0,0.0,0.0,0.0,0.0,0.0,0.0,0.0,0.0,0.0,0.0,0.0,0.0,0.0,0.0
wind_offshore,power,LV,6.125428304655884e-10,1.351005593343659e-09,1.903760023680751e-09,2.3974924894473117e-09,2.8733339560067214e-09,3.3476156650414542e-09,3.829540889593045e-09,4.327376792319425e-09,4.849000600093749e-09,5.402650049384391e-09,5.997546064883952e-09,6.6447154611766316e-09,7.357921926361713e-09,8.155210435011458e-09,9.061443249321364e-09,1.0112827941884384e-08,1.1366024162938854e-08,1.2924552808684117e-08,1.4986020824857528e-08,1.806509998546054e-08,2.4163027744716815e-08
wind_offshore,power,NL,315.18016961301515,507.9282366295743,507.928236630955,507.9282366338877,507.92823664082545,507.9282366697348,507.9282367337129,507.9282368232918,507.92823689380396,507.92823693728445,507.9282369608851,507.92823697053467,489.55831883671743,469.14729869211885,469.14729871088184,469.1472987348393,469.14729875872274,469.14729878643584,469.1472988138123,469.14729885743475,447.2054522521939
wind_offshore,power,NO,0.3912112230047447,1.003541828803989,1.003541829847108,1.003541832530157,1.0035418361999924,1.0035418415484614,1.0035419011096782,1.0035422321057237,1.003542243207103,1.0035422529584133,1.0035422661907816,1.0035422792694146,1.0035422946191053,1.0035424340901684,0.6123315250217717,0.6123321416984356,0.6123330229035985,0.6123332286862118,0.6123332944801041,0.6123333884342337,0.6123353476981269
wind_offshore,power,PL,5.940679749509712e-10,1.3154273098504682e-09,1.857571044421396e-09,2.344130635269453e-09,2.8156260265858005e-09,3.286226645796808e-09,3.765212727390973e-09,4.261011748784958e-09,4.78166105301071e-09,5.335554465677865e-09,5.932094150925363e-09,6.582572333746599e-09,7.301166912460735e-09,8.106603400108938e-09,9.02488381678156e-09,1.009476026906192e-08,1.1379821493078843e-08,1.2987292476614035e-08,1.512942083495327e-08,1.8351327907578414e-08,2.4882128013766726e-08
wind_offshore,power,PT,4.28631423296,4.28631423296,4.28631423296,4.28631423296,4.28631423296,4.28631423296,4.28631423296,4.28631423296,4.28631423296,4.28631423296,4.28631423296,4.28631423296,4.28631423296,4.28631423296,4.28631423296,4.28631423296,4.28631423296,4.28631423296,4.28631423296,4.28631423296,4.28631423296
wind_offshore,power,RO,5.710600443330739e-10,1.2722970446995616e-09,1.8028742862248981e-09,2.287750866024857e-09,2.7592264025900194e-09,3.231888855094908e-09,3.7154377694629132e-09,4.218776612683917e-09,4.75045804397709e-09,5.31949384176846e-09,5.936104273466047e-09,6.612770102262466e-09,7.365423012784093e-09,8.215483833106643e-09,9.194496554986921e-09,1.0349876737285532e-08,1.1756299318095867e-08,1.3545465335357204e-08,1.5983737081041702e-08,1.9750719587503345e-08,2.7900192160519004e-08
wind_offshore,power,SE,32.5555771651093,32.55557716640869,32.55557716785904,32.55557716980772,32.55557717309517,32.555577180977615,32.55557718927523,32.55557719715015,32.555577202755785,32.55557720829019,32.55557721409763,32.555577227054556,32.55557723472344,13.777438699691126,13.777438710629866,8.674683691844079,8.674683713349335,8.674683739436153,0.5102757926270096,0.510275886857349,0.510276248790856
wind_offshore,power,SI,0.0,0.0,0.0,0.0,0.0,0.0,0.0,0.0,0.0,0.0,0.0,0.0,0.0,0.0,0.0,0.0,0.0,0.0,0.0,0.0,0.0
wind_offshore,power,SK,0.0,0.0,0.0,0.0,0.0,0.0,0.0,0.0,0.0,0.0,0.0,0.0,0.0,0.0,0.0,0.0,0.0,0.0,0.0,0.0,0.0
wind_offshore,power,UK,1774.5511016266855,1782.6304637719609,1782.6304637729675,1782.6304637744229,1782.630463776933,1782.6304637814249,1782.630463787032,1782.630463794091,1772.424953721374,1762.2194436557013,1746.9111785401442,1731.6029140413098,1714.593730754479,1714.5937308462208,1666.2196130912407,1555.1836634453034,1523.9548026337677,1327.192568323981,1161.506112241434,1094.1837643121116,914.8219247135777
wind_onshore,power,AT,873.6138982189553,888.5196515393341,888.5196515340135,888.519131696322,888.5184819374011,888.4891252872502,888.4748076880109,888.3634440416147,888.0379472955334,887.3047458152892,886.4329054979381,885.7602485117181,885.6550995556738,885.5712382902127,885.5712383123112,885.4454875011304,885.4454875246482,884.2562809965594,882.1021301455531,878.4351636567437,875.2263205957347
wind_onshore,power,BE,637.6091301976846,653.7855115429984,653.7855115507795,653.7855115569395,653.7855115672684,653.7777142502947,653.7664405714197,653.7227801309178,653.6608096868916,653.5588053415312,653.260428232071,653.0624187277056,652.539046545612,652.0538493260362,651.0992591092759,649.848721423095,648.6378699234299,648.2322234237921,647.5858016725377,646.6552374699248,643.9368202768153
wind_onshore,power,BG,70.61635820609462,70.61635823043203,70.61635827884608,70.61635831068257,80.37336730068057,80.3733673929989,80.3733676115114,87.60266179940744,98.85370784465294,864.1374950574466,865.8338615925893,865.3433035409265,864.9009966263105,866.840513028741,887.3466544091998,884.3137176431833,898.371585879218,912.4399844686408,918.717510998087,948.4935060721855,948.4935086838849
wind_onshore,power,CH,8.402543779718286,8.402543803559634,8.4025438189986,8.402543829344054,8.402543847932346,8.402543877752237,8.402543941832302,8.402544103872245,8.402544751507552,140.23595587085126,181.17272494795816,187.67383078465215,187.67383277281877,187.5130123015172,377.53862528226864,378.13874052298286,377.3988893659933,428.90988796674577,428.08158221299135,688.7719048956887,752.5354460357006
wind_onshore,power,CZ,1425.3441612174036,1425.3441612259699,1425.344161234412,1425.3441612422296,1425.3441612552074,1425.3441612768866,1425.1579901931225,1425.1499484546123,1441.0666230997017,1480.1256914852363,1497.7756785576682,1613.4697928858604,1636.4997550726234,1754.496392158392,2052.9813894973818,2145.0503400566695,2348.845608419563,2446.1314185997057,2675.2142570561987,2818.293824067833,3016.918937164364
wind_onshore,power,DE,4341.0882265009195,4487.31499349426,4465.890435943942,4430.390054265801,4327.681492583458,4208.413752766816,3986.149066959172,3749.868549970945,3504.6469935973437,3339.8111556779477,3180.3232144127305,3269.9083834710045,3282.8041570632586,3576.916099103046,4089.6622004917717,4158.728564443597,4428.083945780282,5225.599417843231,5797.80425853833,6203.368054877139,7107.569156266657
wind_onshore,power,DK,1128.3712240319824,1136.760987811221,1136.7609878177916,1135.669293184377,1133.7665679528318,1131.1247875720048,1129.930558106506,1125.4672762415894,1125.3305642871599,1133.6507875703157,1135.2598462849398,1158.5771576530512,1169.6859990463925,1258.9369145969,1298.934162540127,1286.670191043828,1339.8111420738617,1338.85639050662,1395.8395671560118,1637.066967038354,1670.1829275246603
wind_onshore,power,EE,122.35613088993634,122.35613089714089,122.3561309053829,122.3561309143697,122.35613093147975,122.3561309699283,122.35613107392133,139.79351821259934,139.79351918463848,139.79352011959386,137.2924745227761,137.29247506989375,135.17342200540315,133.50873896882703,128.36189177719908,127.80699880626497,149.89681990655052,149.03096952151444,149.44671253872897,165.7600717913119,188.6867968915666
wind_onshore,power,EL,1524.7357120035103,1554.1491422012155,1554.1491422419995,1553.328863467389,1551.398795699996,1543.7750277673022,1528.8998344917213,1555.7663736372078,1560.7539166677243,1609.5063915408055,1651.429042864834,1660.1287795011488,1768.1255989057624,1802.713811062082,1906.4454476804603,1887.9449437617286,1904.0432593317566,1907.7051710605765,1905.1156639204355,1902.0717871702873,1898.1025840688137
wind_onshore,power,ES,3669.6204025235447,3713.452243880437,3695.229990610918,3673.4604334856303,3641.281377173517,3571.5291272494383,3492.311101916218,3633.276455140206,3590.6404668162436,3889.986364739647,4261.625972556938,4439.683370573924,4506.429070414945,4753.397687765945,4798.504871288428,5034.967474829989,5433.414910998665,5775.783750222255,6165.578838189047,6565.112509685778,6905.517292722312
wind_onshore,power,FI,1582.8617040005745,1636.1396191611507,1636.1396191698536,1636.1396191795134,1635.5284310366496,1635.5284310657114,1635.528431133858,1729.2161130602394,1762.2621134929038,1762.1973104561202,1914.8323040626306,1960.4523339512862,2023.0730657407692,2037.8110133256323,2315.2937720572945,2365.7721210511563,2416.903328347618,2415.975308106661,2414.310055105351,2412.6091749852985,2407.98310537893
wind_onshore,power,FR,1838.5087144759598,1931.632880889809,1931.6328809649353,1931.0297347913822,1930.675889175487,2140.7533012900435,2300.3759637521107,3291.034449805097,3488.5008852846518,3540.051172416485,3930.6941026683885,4205.743590947159,4361.297521765304,4727.242432206804,5287.396635835619,7890.430258616968,8319.936469237418,8252.701753928079,8727.27759666452,10425.04251986183,11501.242509314054
wind_onshore,power,HR,47.51987935551882,79.30166361544363,79.3016636184689,79.30166362164036,79.30166362583944,79.30166363101455,79.30166363749916,79.30166364566524,79.30166365587836,79.30166366891359,78.81914671798923,77.91844840043068,77.91844843066174,77.91844846908269,77.14642137375667,73.76880267835065,72.18453872551397,66.26566415084099,110.49497784187798,147.91972902289498,282.88130346496166
wind_onshore,power,HU,1849.882940737872,1849.882940788654,1849.8829408380136,1849.88294085927,1849.8829409510686,1849.8829542035808,1875.2940021958022,1899.3529352401288,1990.078347261227,2067.19001372897,2146.474411201482,2243.536720675292,2341.6481781117327,2426.211738682891,2436.279146396107,2621.254320266446,2615.6249597375777,2670.2587135768176,3155.7059898683224,3163.369261452988,3163.3692664456366
wind_onshore,power,IE,1097.6547068049008,1099.5204391142768,1095.9192541750222,1094.7451295816543,1094.0551304201474,1090.1805279064404,1101.4002965721415,1107.3062039288513,1113.033953200588,1121.2411796026327,1120.8176302395118,1124.8444744338158,1181.204016592226,1201.3436638106552,1234.422677734582,1241.1759032551274,1230.3911909268154,1230.3999622323172,1224.4081272702394,1221.1231626516537,1224.1398446671044
wind_onshore,power,IT,4712.43431433247,4751.774726903295,4751.774726915103,4751.774726922634,4749.699903977178,4729.723701540407,4717.400218258887,4928.434992646847,5464.224367789335,6144.22625580683,6942.264139514833,7701.086578739732,8938.70903159224,9787.84529010995,10154.960607788464,10312.668375478668,10433.579947353259,10596.64683336943,11337.519358426474,11825.398697584946,12197.1726190343
wind_onshore,power,LT,735.6993752665472,741.2402784514694,741.2402784609078,741.2402784712638,741.2402784915157,741.2402785378501,741.2402786908802,752.3185154104942,752.3185206463684,752.2618322979998,778.7972742841062,817.1380680154087,831.3096478723968,879.2665304836283,882.8285304865242,918.2174341774202,961.986891031901,961.3519194454026,1009.3823702503921,1120.6572711515666,1455.5608220657987
wind_onshore,power,LU,11.03355472372028,11.387400506371911,11.387400513174589,11.387400518426603,10.985303053521303,10.985303063068915,10.985303073962651,10.888799694204684,10.88879971228877,10.792296342849312,10.792296370576375,10.79229639483638,10.792296421403131,10.148940499428628,9.666423573280687,9.537752429296816,9.537752485982463,7.50313933976696,7.503139401603952,7.503139454783112,7.503139668375241
wind_onshore,power,LV,3.884261611499489,3.7877582219569774,3.7877582265901246,3.7877582345234786,3.787758248049909,3.578667573749993,3.5786675856828665,1.8255226235784847,1.8255226389756543,1.8255226586001816,1.825522696814098,1.8255228186136603,1.825522850392708,1.6646838994705886,1.6646839490118566,1.664684027911346,1.6646841831180876,1.2251393126338712e-05,1.4058077299556389e-05,1.685028253768744e-05,3.085090265615175e-05
wind_onshore,power,NL,1558.975430311305,1615.156489239048,1611.8182760307352,1609.7112852805858,1609.264957099791,1605.2182481615716,1604.391535834871,1590.569034626662,1678.080905622281,2079.1120101813035,2439.856414697543,2879.3530118204703,3190.251967261819,3433.839159201205,3474.498533454192,3495.9031534001306,3613.9888334473776,3767.1741289852303,3768.8516577732616,3768.551778492766,3766.3163490707843
wind_onshore,power,NO,2081.462728119773,2127.5913502150097,2127.59135022207,2127.289777128638,2126.988204060902,2126.988204163286,2126.988204317028,2141.6948064117273,2341.9973539269868,2409.527354089188,2615.565912150891,2694.7401518372308,2712.886443625154,2867.3719789368406,2969.115308717922,3012.9784350406826,3102.9497832115158,3088.5345753641413,3158.829827559226,3236.9062155074457,3861.580326147714
wind_onshore,power,PL,5788.378042626124,5847.934307734835,5847.934307743528,5847.934307752482,5847.934307767858,5847.9343077963795,5846.486756966466,5856.752277731133,5955.111068739589,6094.966986160279,6239.969335895553,6372.85319374497,6470.7808274479485,6638.9417216050015,6692.045225019561,6760.550973128295,6919.720773111079,7004.079711678391,7224.200328914448,7593.544996720704,7913.6446215475025
wind_onshore,power,PT,765.2906608675064,776.4689706355992,776.4689706505857,776.4287609124656,775.6486918299852,772.7937998107016,771.1773680847336,761.136995897027,773.3023635101578,774.8277191846215,761.9656165872483,723.0068950177529,773.9106146127237,772.8626302114645,777.271140130372,737.3388954214759,704.6644556978738,694.7165653975285,735.738861715575,826.3722550593903,884.912007952945
wind_onshore,power,RO,250.47857881244605,250.4785788603075,298.7143857881086,298.71438582483876,298.71438723836485,396.93939677506364,453.1506962717005,572.9113323209388,651.1143610185295,651.1143620048895,781.7621251689676,790.1420984001065,807.4493133471896,948.7344819203033,975.4383273058539,971.2391890096737,1093.4679601010967,1158.561390602877,1172.1061601869553,1212.2479436579001,1356.9451776200408
wind_onshore,power,SE,741.9205017737326,853.7277250925055,853.7277251014041,853.502148438291,853.4490716032279,851.4715562789188,849.575666737375,846.1642718197766,840.4046276528866,836.6168694937514,834.9176056075871,826.249188707843,810.3180869133367,796.206074012724,769.2904733800918,721.4690209381636,678.0786826500084,623.2969229667318,574.2651571494468,495.4218847091343,435.61471090987817
wind_onshore,power,SI,0.25734238306308665,0.2573423840047101,0.2573423860431736,0.25734238702322704,0.2573423894009248,0.25734239215383814,0.25734239342972337,0.2573423948159262,0.2573423964885742,0.2573423983565309,0.25734240043140005,0.2573424028909923,0.25734240530633257,0.25734240817788745,0.25734241147699877,0.2573424151486422,0.2573424194939087,0.2573424251267901,0.25734243303558324,0.2573424450906929,0.2573424687728818
wind_onshore,power,SK,0.4101394466775956,0.4101394476177375,0.4101394486417347,0.4101394499705861,0.41013945128974605,0.41013945287353337,0.4101394565932657,0.41013946603479445,0.20104879409372797,0.16083908760725885,2.8110679639271576e-06,3.096312665868194e-06,3.3181163368607392e-06,3.5521846485613896e-06,3.826343154208707e-06,4.098837422137393e-06,4.3764576724334125e-06,4.676780426098354e-06,5.001492907054929e-06,5.418220170369315e-06,6.123134409679287e-06
wind_onshore,power,UK,5878.037609640507,5914.68477334905,5910.317994817638,5909.176038005931,5906.869606938616,5902.33475181005,6348.332299800045,6890.88662196694,7243.006033391724,7557.511475659515,7869.093208753217,8419.192498631332,8687.17243357924,9018.697446550847,9169.693876223822,9388.34718281162,9503.091678148523,9615.84237675701,10056.16739557588,10560.965286005061,11065.22273951805
