technology,capacity_type,location,0,1,2,3,4,5,6,7,8,9,10,11,12,13,14,15,16,17,18,19,20,21,22,23,24,25,26,27,28,29
DAC,power,AT,6.014781622418922e-09,6.780374321174286e-09,7.333099106317713e-09,8.037056598089616e-09,8.598862816467775e-09,9.074474571304592e-09,9.471878350449775e-09,9.872456294878712e-09,1.030819204808298e-08,1.0830657615351477e-08,1.1416336983229948e-08,1.1865993733156703e-08,1.239111559605639e-08,1.3004709225969959e-08,1.3720038746967638e-08,1.4499840144468015e-08,1.5342422490958433e-08,1.6417360604243572e-08,1.744764042738097e-08,1.892357982734384e-08,1.847832136633287e-08,1.980834023999133e-08,2.172932759561946e-08,2.361783108907872e-08,2.5360502480887125e-08,2.6978213705099207e-08,2.869533650966401e-08,3.035871087996651e-08,3.2521492040836254e-08,3.480393906529322e-08
DAC,power,BE,5.933802700112382e-09,6.715423537353864e-09,7.327609684062525e-09,8.089808314577758e-09,8.662264565294997e-09,9.148179437903252e-09,9.554736708589987e-09,9.865314352516086e-09,1.0184327776485316e-08,1.0597808586671475e-08,1.1144907078587346e-08,1.1626555881204433e-08,1.2269788885103293e-08,1.3018201862974219e-08,1.3894903090545011e-08,1.4863153028023211e-08,1.5697481060326933e-08,1.673107102384689e-08,1.7783052148822883e-08,1.9280019637977693e-08,1.9034851498645735e-08,2.0791266628301078e-08,2.257819421750477e-08,2.4262170258475145e-08,2.6592539666072098e-08,2.9079882646923013e-08,3.1393696134139935e-08,3.370875006003151e-08,3.561038724791435e-08,3.8278912147259953e-08
DAC,power,BG,6.091135038196183e-09,6.806709667648205e-09,7.367351610588203e-09,8.085118494387658e-09,8.756136197372115e-09,9.339278312011198e-09,9.912169330038788e-09,1.0501966372514773e-08,1.1176721108706716e-08,1.1845465547796832e-08,1.2529180894333747e-08,1.3274159851230367e-08,1.4217941555055302e-08,1.5145840143388134e-08,1.6001372453663688e-08,1.682988506798752e-08,1.768589601225613e-08,1.8557861694638715e-08,1.936925472659811e-08,2.0622757599502372e-08,2.0140273252563617e-08,2.2098436011040903e-08,2.3927599211718074e-08,2.5419848227911142e-08,2.7216820674072423e-08,2.9226654722381428e-08,3.110678331731242e-08,3.2896907579026747e-08,3.42699189374304e-08,3.673082207842707e-08
DAC,power,CH,5.984888351015686e-09,6.737609103566361e-09,7.333688211363112e-09,8.093844748497376e-09,8.667855378471358e-09,9.165004382792289e-09,9.57643944028321e-09,9.925157721218544e-09,1.0328807642409735e-08,1.0780778497076915e-08,1.130939073297863e-08,1.177272990456561e-08,1.2300168940184636e-08,1.2897843798218919e-08,1.3568685047923562e-08,1.435368881392423e-08,1.522332827876903e-08,1.6173663316150553e-08,1.7253251359639882e-08,1.884244521116484e-08,1.8582455505112534e-08,2.0280843882513478e-08,2.1924760015079634e-08,2.3425877185066317e-08,2.5425596666685126e-08,2.7327784384934525e-08,2.929953077480462e-08,3.119159584060713e-08,3.3482658236508645e-08,3.614241066858958e-08
DAC,power,CZ,6.040964148107037e-09,6.78216860881454e-09,7.357025698766765e-09,8.119472986734366e-09,8.729068219673783e-09,9.292728756469429e-09,9.841716026826731e-09,1.0357522498958003e-08,1.0884106208784525e-08,1.1391998954852628e-08,1.189906896661924e-08,1.2198015087732087e-08,1.2621874057546626e-08,1.3160179046883524e-08,1.3846730275642537e-08,1.4757255931379522e-08,1.564269767383188e-08,1.6626335457322538e-08,1.7740648757257937e-08,1.9465410105218884e-08,1.9615502169216647e-08,2.1579852205015985e-08,2.3414014540403038e-08,2.493019341913251e-08,2.6844488185620734e-08,2.862714678164362e-08,3.0064333913399826e-08,3.1904384633242595e-08,3.3769511774390366e-08,3.653692270144872e-08
DAC,power,DE,5.938481694390903e-09,6.720762462805258e-09,7.314906697534016e-09,8.060776811298215e-09,8.623232183496695e-09,9.099027853177276e-09,9.515725412141953e-09,9.870081714435158e-09,1.0259584911082633e-08,1.063425463437567e-08,1.100280968557871e-08,1.1420555403017456e-08,1.1937223433305545e-08,1.2536694749176864e-08,1.3243142058771759e-08,1.4045763640625544e-08,1.4939986960344977e-08,1.5909713578475615e-08,1.7125440457364417e-08,1.873454072064653e-08,1.8105498233463127e-08,1.949706404987544e-08,2.0964076994388688e-08,2.2273384751124244e-08,2.4119667735428617e-08,2.638255228295154e-08,2.8533330656441178e-08,3.0612019431187197e-08,3.2437303731772444e-08,3.489150649168027e-08
DAC,power,DK,5.531977934249294e-09,6.6185961393062635e-09,7.255851619118401e-09,7.876569297276308e-09,8.255384446938616e-09,8.701001655041887e-09,9.182692002587727e-09,9.67010841941815e-09,1.025191694516265e-08,1.0914909419852128e-08,1.1749797651252325e-08,1.2330898580627058e-08,1.3064777494750831e-08,1.3870895250024458e-08,1.4717913440391132e-08,1.5760204141900702e-08,1.6975485133065796e-08,1.8534113840033155e-08,1.9581470848235006e-08,2.124100878112866e-08,2.1454649282270487e-08,2.344138740328889e-08,2.546814033605957e-08,2.7238205388343554e-08,2.9729885435287484e-08,3.216431427342396e-08,3.4567634796632546e-08,3.704427044420686e-08,3.8904798924026004e-08,4.177692544984382e-08
DAC,power,EE,5.4799090062443766e-09,6.6892628609572875e-09,7.2761801276790825e-09,7.853526841786258e-09,8.250131312618448e-09,8.661605713130644e-09,9.029107473259556e-09,9.371217318201634e-09,9.747284221040291e-09,1.0190681324700183e-08,1.0732494798861174e-08,1.128405049237047e-08,1.1930102853141355e-08,1.2672117888662789e-08,1.349948171961405e-08,1.4403225068763958e-08,1.536421021088708e-08,1.6446015758742185e-08,1.777526983956792e-08,1.9759860983864375e-08,1.9540070029618116e-08,2.063084049551246e-08,2.2303507622616856e-08,2.5065661614911617e-08,2.7121824483133154e-08,2.8979780732106347e-08,3.1132644846787384e-08,3.304375375884177e-08,3.502673129516903e-08,3.7728566557386173e-08
DAC,power,EL,5.960555158948865e-09,6.706679119588183e-09,7.315790375320577e-09,8.062366762864673e-09,8.791622786521569e-09,9.391409261548777e-09,9.940069305941133e-09,1.0525645717982173e-08,1.1227038011645355e-08,1.189959997853576e-08,1.2542114996139025e-08,1.2956877497252737e-08,1.3327029121982115e-08,1.356235364351356e-08,1.3914409812501316e-08,1.4438310439907717e-08,1.5193850204482236e-08,1.6179807393695194e-08,1.7298281906401964e-08,1.8747722388616603e-08,1.850898840633782e-08,2.0268003731712337e-08,2.1724754480666586e-08,2.317568620666734e-08,2.4925146022934443e-08,2.7182591581148473e-08,2.952540980474105e-08,3.155744608837754e-08,3.3066695802797234e-08,3.553731994259007e-08
DAC,power,ES,5.638324360214738e-09,6.553920968745413e-09,7.1246988280486466e-09,7.70608337026759e-09,8.09325949842238e-09,8.526373142552688e-09,9.006434704953074e-09,9.514070320949791e-09,1.0078683046073036e-08,1.0721129140328501e-08,1.1378244530343463e-08,1.2063102056373364e-08,1.2843020674616062e-08,1.3708326414001737e-08,1.46930847758277e-08,1.5791870725022717e-08,1.6978585997092774e-08,1.8409211128460055e-08,1.9855497685806368e-08,2.1654442460774533e-08,2.1886830999622917e-08,2.4033428926349094e-08,2.6013078863937552e-08,2.7952287422749373e-08,3.054386865075037e-08,3.297109276295566e-08,3.5326966143657455e-08,3.7650155958013285e-08,3.938897428658758e-08,4.1938678778741246e-08
DAC,power,FI,5.602424869304507e-09,6.766681655710166e-09,7.403337325178438e-09,8.070785239255849e-09,8.531364245883096e-09,8.963828556443427e-09,9.363325554054945e-09,9.747116267569506e-09,1.0251248298874293e-08,1.0850457721030852e-08,1.1612674146194447e-08,1.2186713884958634e-08,1.290920239252586e-08,1.3753245989118161e-08,1.4694781202698242e-08,1.572439931694704e-08,1.6740905552455935e-08,1.805448812487948e-08,1.9754737104150582e-08,2.2071876599175517e-08,2.2450770580633386e-08,2.3180768482171705e-08,2.490102884996944e-08,2.6697672563275156e-08,2.9094822061159444e-08,3.092218449939154e-08,3.242945526569407e-08,3.437700621934889e-08,3.600865353506669e-08,3.863900953909015e-08
DAC,power,FR,6.061349736481425e-09,6.793737505046314e-09,7.385368182294134e-09,8.17313935934779e-09,8.759486742410697e-09,9.318520316403344e-09,9.884013907333127e-09,1.0413482052196304e-08,1.0893252604821996e-08,1.1252559771414926e-08,1.1717667297397117e-08,1.2269350781770226e-08,1.2965553412446272e-08,1.3784285288471884e-08,1.4735295632599515e-08,1.5747864467454282e-08,1.6818169246510566e-08,1.8038257078772693e-08,1.929028553381798e-08,2.0926973887209024e-08,2.091294482383576e-08,2.3159708192738132e-08,2.5132440584233588e-08,2.6785960470103335e-08,2.918539383018016e-08,3.131820073536487e-08,3.3537497651919676e-08,3.567392583524976e-08,3.736489474421147e-08,4.019546968283475e-08
DAC,power,HR,5.977838278906829e-09,6.718902548914372e-09,7.296189459220809e-09,8.066079196000317e-09,8.68496401264825e-09,9.231725699455483e-09,9.761279819718072e-09,1.0304527280282074e-08,1.0893200907242059e-08,1.1434287237078047e-08,1.1915375336798415e-08,1.2231190974857799e-08,1.2721436197926388e-08,1.3330185473610047e-08,1.4033647423239363e-08,1.4834863811291826e-08,1.5727417502898317e-08,1.6751449736722486e-08,1.797841446414924e-08,1.9857250606799498e-08,1.9792336898434226e-08,2.1824125562793467e-08,2.3628858839379896e-08,2.513504106277951e-08,2.7115478907357726e-08,2.921082292581739e-08,3.12882732781195e-08,3.328394691616247e-08,3.510837214318823e-08,3.7768119033265875e-08
DAC,power,HU,6.137606295855308e-09,6.8658266708222844e-09,7.426684022959352e-09,8.1653254582871e-09,8.768776156064181e-09,9.292245793655869e-09,9.7871390650993e-09,1.0248412343348586e-08,1.0669690640630977e-08,1.1000337640299238e-08,1.1484275764562424e-08,1.1995726306564619e-08,1.2682266869547476e-08,1.3443413360921316e-08,1.4287803913357269e-08,1.516926498153977e-08,1.6165551689075983e-08,1.731844967595334e-08,1.8634661361196113e-08,2.0609566495712362e-08,2.0618862823184877e-08,2.2692803069714686e-08,2.4531239708870025e-08,2.6064353278864062e-08,2.8057065674640598e-08,3.018440507465181e-08,3.228998199580548e-08,3.440598627261704e-08,3.640147509134838e-08,3.924854584461717e-08
DAC,power,IE,5.312226204707903e-09,6.708196292125008e-09,7.448051230550179e-09,8.316744175006025e-09,8.792553603043273e-09,9.080277269302322e-09,9.434107646601628e-09,9.874614576833305e-09,1.0478711110823441e-08,1.1162422867718329e-08,1.1898613868227886e-08,1.2559934801985803e-08,1.3361747328752785e-08,1.4276383157010404e-08,1.5329363268031567e-08,1.6435889052644997e-08,1.759297158630581e-08,1.9000256829977056e-08,2.087362862222417e-08,2.3484682677220288e-08,2.364295554362784e-08,2.5967355324414202e-08,2.8338317225330124e-08,3.026846823438796e-08,3.336821185276373e-08,3.661115370351615e-08,3.989784603774775e-08,4.3012644180323344e-08,4.495537295150122e-08,4.7869181850606974e-08
DAC,power,IT,5.9646458765642465e-09,6.684631835543744e-09,7.261749064908704e-09,7.978670979786015e-09,8.545606554013808e-09,8.999592757176097e-09,9.371574215976578e-09,9.657992666566574e-09,9.99646666743917e-09,1.0428748280568304e-08,1.0930981288622302e-08,1.1487445457743186e-08,1.2154425515284922e-08,1.2886220506008666e-08,1.3676976896945867e-08,1.4509150958480304e-08,1.5360598058610288e-08,1.643122862090718e-08,1.7581664128327222e-08,1.9151236860652893e-08,1.9126316175774924e-08,2.1119510736327173e-08,2.3019719319321416e-08,2.4677014744803007e-08,2.6654143546716252e-08,2.8591570309368514e-08,3.054905861016085e-08,3.2436927040630385e-08,3.415544203372655e-08,3.658879762459622e-08
DAC,power,LT,6.0655503700860985e-09,6.8032335539002656e-09,7.36082506150798e-09,8.099405264365043e-09,8.671764269640505e-09,9.189485330734145e-09,9.67554374507763e-09,1.0085436739478362e-08,1.0427590985938712e-08,1.0843479588437122e-08,1.141137302088916e-08,1.1997510007037535e-08,1.2721697218658735e-08,1.3583598759244711e-08,1.4582398553995016e-08,1.5702228457314902e-08,1.6901674334458083e-08,1.8341980027241688e-08,1.9867320941804547e-08,2.217298228375358e-08,2.2363445131547654e-08,2.4341042157301664e-08,2.6193594494961058e-08,2.778045050200102e-08,3.0055856310561297e-08,3.235811906257577e-08,3.442071139462258e-08,3.677767409817638e-08,3.926955425301509e-08,4.2681127259287586e-08
DAC,power,LU,5.120055719273894e-09,6.67283784985064e-09,7.384637409717812e-09,8.288398242334903e-09,8.863488400466338e-09,9.400407565954578e-09,9.925156156394428e-09,1.039974111968717e-08,1.0833759253674162e-08,1.1169461608926178e-08,1.1599047667721059e-08,1.2026943783527867e-08,1.257727896908194e-08,1.3235200301071391e-08,1.4007261268599772e-08,1.4895337715517335e-08,1.5879143998452645e-08,1.6970382379334145e-08,1.8121056753987823e-08,1.9907333737246216e-08,1.9809619077132138e-08,2.1325177496475694e-08,2.3322245399213478e-08,2.5145799419373067e-08,2.7680346619579086e-08,3.022777296541094e-08,3.2534666365484724e-08,3.467468308054647e-08,3.629249272182442e-08,3.887231076651874e-08
DAC,power,LV,6.071759545658904e-09,6.841480685823876e-09,7.3966686719040125e-09,8.12887534105037e-09,8.702581667897499e-09,9.23624347845254e-09,9.757475043215107e-09,1.02355172932072e-08,1.0678147794854608e-08,1.1048575357657393e-08,1.1509192636345215e-08,1.1958145572592464e-08,1.254420756252498e-08,1.32714706321611e-08,1.4125964289278113e-08,1.5125048758585416e-08,1.6218936689316882e-08,1.7516384160490144e-08,1.8970575234964668e-08,2.1224052768217506e-08,2.1278076448458727e-08,2.2729643968174783e-08,2.4585559440108818e-08,2.620277311125806e-08,2.837612837165105e-08,3.0438451359905066e-08,3.228114170763891e-08,3.429992418114944e-08,3.636873214687868e-08,3.938217479598762e-08
DAC,power,NL,5.125638403476353e-09,6.5099833867363844e-09,7.162206906313917e-09,7.811306064666556e-09,8.206466846576657e-09,8.668681578406067e-09,9.094688733173367e-09,9.442284590448444e-09,9.876695539838928e-09,1.0396546768552563e-08,1.1032589412722665e-08,1.1501396187637627e-08,1.2093462072692652e-08,1.2747546068935979e-08,1.3516805076004707e-08,1.4348969451398768e-08,1.5223155642391488e-08,1.6273468561681927e-08,1.7436449555877653e-08,1.8929339894899073e-08,1.887990675323397e-08,2.0362566202565635e-08,2.209326557543754e-08,2.3681451284230856e-08,2.591686571542271e-08,2.8107039971761266e-08,3.024553938381544e-08,3.224650402437786e-08,3.369666375228244e-08,3.594237630192397e-08
DAC,power,NO,6.121816419519964e-09,6.9094780103085425e-09,7.54976637378163e-09,8.323608111106651e-09,8.945864941075974e-09,9.51044242223725e-09,1.0150915876091313e-08,1.0749545004018567e-08,1.1451871231511435e-08,1.2187795835662166e-08,1.306353026796129e-08,1.3594389942341982e-08,1.4139680087341134e-08,1.4558034543174394e-08,1.520742609766026e-08,1.610691533541689e-08,1.7171023694866733e-08,1.8630221038328363e-08,2.042056797398158e-08,2.310054661481142e-08,2.3978174929200507e-08,2.570362272806294e-08,2.77944856314354e-08,2.9639635717801957e-08,3.2478742173032195e-08,3.481101529258229e-08,3.637513562739903e-08,3.877043042278408e-08,4.055609852835937e-08,4.361706646588862e-08
DAC,power,PL,6.0386263900429105e-09,6.7951582151490624e-09,7.3786391337978415e-09,8.154265075123848e-09,8.772192834745102e-09,9.316466577681028e-09,9.8449415241406e-09,1.0392058472248211e-08,1.0999341316213122e-08,1.162360547915761e-08,1.2227011538624892e-08,1.2848525588427188e-08,1.3559622528750913e-08,1.4302057950142435e-08,1.5068021158992696e-08,1.5852288785069878e-08,1.6633922498557644e-08,1.7464183330741073e-08,1.8609004575693238e-08,2.0659602762541037e-08,2.0520870775253073e-08,2.23038378439082e-08,2.4080387083795575e-08,2.5608182373001952e-08,2.7523702318586598e-08,2.9446513506462015e-08,3.1214886554859204e-08,3.297982351255756e-08,3.452892889670895e-08,3.6972764162707353e-08
DAC,power,PT,5.733704639725909e-09,6.506540787142793e-09,7.066158905275981e-09,7.654852698431195e-09,8.057365918566232e-09,8.474201329889313e-09,8.955001173179436e-09,9.530726052646772e-09,1.0136193436842573e-08,1.0786089537417899e-08,1.1480897777001015e-08,1.2145644987638892e-08,1.292301108796978e-08,1.3785762612153453e-08,1.4772709075199708e-08,1.5867812256734144e-08,1.7050922089374867e-08,1.8336760099416502e-08,1.9852879591583487e-08,2.1741821080395946e-08,2.1869805405088836e-08,2.4125324046471857e-08,2.6087499789247398e-08,2.7883462092367246e-08,3.026879785938097e-08,3.264011507831633e-08,3.5036720525887395e-08,3.741809305654081e-08,3.938018087533789e-08,4.213344148388446e-08
DAC,power,RO,5.3576988071914394e-09,6.6133127691344964e-09,7.174404711375569e-09,7.6905583636538e-09,8.032406103792535e-09,8.439752891509228e-09,8.857569013122157e-09,9.252474065833637e-09,9.721943505878256e-09,1.0294242740271611e-08,1.0943042123780621e-08,1.1524884186601185e-08,1.2221699655435225e-08,1.299634638061786e-08,1.3803851136868525e-08,1.4636992924782942e-08,1.5564898336542834e-08,1.6645413140361493e-08,1.786116751693856e-08,1.958629073298353e-08,1.959923151429647e-08,2.1251419900827015e-08,2.295424921830295e-08,2.4576675610478534e-08,2.6598123594042037e-08,2.8634393584347122e-08,3.061743196144844e-08,3.264332396958563e-08,3.434309797144271e-08,3.683608063727024e-08
DAC,power,SE,5.979031470269241e-09,6.706790859771031e-09,7.27987081208055e-09,7.937819582463955e-09,8.501029893184373e-09,8.901669332973517e-09,9.313721437594635e-09,9.754079817585087e-09,1.034724208574971e-08,1.102635479234361e-08,1.1845080835675142e-08,1.2440990137627327e-08,1.3206086446503699e-08,1.4111148964969721e-08,1.5135339049969433e-08,1.6214238942153548e-08,1.7341051213062746e-08,1.8930598977105848e-08,2.071448332751033e-08,2.298570675498305e-08,2.279988445036114e-08,2.4302072688913818e-08,2.6159713261121294e-08,2.7919559028468264e-08,3.036821133471437e-08,3.2469663091945136e-08,3.395240999843655e-08,3.5983146134990005e-08,3.766354896122699e-08,4.009866438038727e-08
DAC,power,SI,6.031323663859845e-09,6.7727564802529305e-09,7.344332732865796e-09,8.110261405173131e-09,8.739474269242375e-09,9.296507847663177e-09,9.86852730286361e-09,1.043488706442509e-08,1.1021841698555055e-08,1.1608908054782338e-08,1.2182220196612861e-08,1.2578198635778643e-08,1.2925298509080945e-08,1.3422186590757813e-08,1.4094197590427759e-08,1.4931956406326393e-08,1.5866371933269766e-08,1.69813367165777e-08,1.8204485323044173e-08,2.0052727232420818e-08,1.9713090813319678e-08,2.130793421081302e-08,2.2914931234134235e-08,2.4261636436338877e-08,2.596755975843786e-08,2.7893213400876718e-08,2.963181228683667e-08,3.1672085132759594e-08,3.3900877635301184e-08,3.685777163963257e-08
DAC,power,SK,5.587132396777697e-09,6.680247598816109e-09,7.24506484946559e-09,7.86965322882629e-09,8.282680205811999e-09,8.727305861059066e-09,9.172554046682117e-09,9.610666028644246e-09,1.0094112496357643e-08,1.0611289822842816e-08,1.1160582414207167e-08,1.1648794089187268e-08,1.2252310724987026e-08,1.2919193118356035e-08,1.3622566580968382e-08,1.4431320714379307e-08,1.5313463637865174e-08,1.631257605995263e-08,1.7514614201262927e-08,1.925702463870946e-08,1.89623687780463e-08,2.0502770128553497e-08,2.2155988828519176e-08,2.362162911722908e-08,2.5483615373200035e-08,2.7185384796530793e-08,2.8881076495376218e-08,3.063975410225981e-08,3.2490254374506416e-08,3.489776316437004e-08
DAC,power,UK,5.553340530486431e-09,6.678715716264294e-09,7.2993513738523205e-09,7.92532510868538e-09,8.294136196577788e-09,8.729562382866585e-09,9.249271786521282e-09,9.826699252828683e-09,1.049730318520448e-08,1.1191823067492039e-08,1.1923228596823839e-08,1.2559034694047772e-08,1.3347218010826982e-08,1.4264661246679973e-08,1.5346829280869e-08,1.653564139251132e-08,1.7792858586664066e-08,1.9024365289775013e-08,2.0577401427101767e-08,2.2507054021356846e-08,2.185840120704565e-08,2.3991831019835258e-08,2.6162360844981683e-08,2.8080585626684925e-08,3.084481989581943e-08,3.360324244650804e-08,3.632257381182619e-08,3.8911900798692736e-08,4.0885613806672865e-08,4.3808732989718386e-08
battery,energy,AT,2.4755307578524e-06,2.4780454040607354e-06,2.479200338285364e-06,2.480759195378988e-06,2.484736844567004e-06,2.960833611281365e-06,3.2683318311018986e-06,3.805356345313083e-06,4.216777548285277e-06,4.7810283642373365e-06,8.067632059843323e-06,9.02301334214449e-06,9.961049728861623e-06,1.0608785776911848e-05,1.2404564660338091e-05,1.6918025148438294e-05,1.821082312780937e-05,1.828017082065681e-05,2.079355511612047e-05,2.4550159203538164e-05,3.91949222176779e-05,4.2257947165568225e-05,4.864554051484003e-05,5.684128316466567e-05,6.988459384095969e-05,8.590973245754653e-05,9.761484691958387e-05,0.00012505601022519877,0.00017053178371351091,0.00021032466966874826
battery,energy,BE,2.338736091175584e-06,2.3428113496644273e-06,2.344200459259922e-06,2.3461183390805833e-06,2.351693143372561e-06,2.9198480406627984e-06,3.2280879157102256e-06,3.7010685905986865e-06,4.118442901442612e-06,4.677705525821327e-06,7.789389030424919e-06,8.746072017175232e-06,9.558542893511363e-06,1.0180957718449455e-05,1.1583510704293141e-05,1.5804321676626925e-05,1.732015313577061e-05,1.7404400107686127e-05,1.939847077745788e-05,2.278533032522498e-05,3.505433995673471e-05,3.700882135627192e-05,4.20383443148843e-05,4.8513765716080035e-05,5.6290498132635595e-05,6.813484298068276e-05,7.839384706294327e-05,0.00010222226415965617,0.0001227838507821451,0.0001466434553488337
battery,energy,BG,2.312568819306466e-06,2.3167266477652998e-06,2.3180147148392596e-06,2.319847346413987e-06,2.3242529502271837e-06,2.882785388059318e-06,3.16806726067191e-06,3.6075721118130285e-06,3.979090936864239e-06,4.631171998193365e-06,8.075591255073006e-06,8.869018134532395e-06,9.755372479892635e-06,1.0730930790106963e-05,1.2392433431918758e-05,1.7743959878289824e-05,1.919030573548761e-05,1.9269159880991185e-05,2.1803141507533516e-05,2.5317004924947845e-05,3.858173960092925e-05,4.164692711554903e-05,5.416213122702663e-05,6.274494638802579e-05,6.822090037492752e-05,7.394900375133662e-05,8.32042296494818e-05,9.81084269004449e-05,0.0001098759935789512,0.00012825396290104454
battery,energy,CH,2.394013461156528e-06,2.3979855848056185e-06,2.399326073258786e-06,2.40115407053657e-06,2.405902558956142e-06,2.9443285023481383e-06,3.2683272636372936e-06,3.763547702820571e-06,4.259966717622168e-06,4.9061738346656115e-06,7.964286943268756e-06,9.004929179257283e-06,1.0213336465959458e-05,1.0941638054030163e-05,1.2506080223107934e-05,1.7284025331588063e-05,1.882392657564399e-05,1.8893997007019763e-05,2.1312611820199692e-05,2.5644896544407575e-05,4.152377751266915e-05,4.271595761242362e-05,5.098126180456178e-05,5.949573981004163e-05,7.360013584322758e-05,9.483351282015638e-05,0.0001124743050942117,0.00013460879762956142,0.00018699896931397472,0.00022090657745565452
battery,energy,CZ,2.4670882878798026e-06,2.4696169728175378e-06,2.470794799550845e-06,2.472286800024379e-06,2.475598708323654e-06,2.981142945098587e-06,3.2947067645035267e-06,3.8003254888397925e-06,4.209437742895842e-06,4.6792909161992695e-06,8.084861680870476e-06,8.865964072065407e-06,9.828101525338238e-06,1.0687593850552444e-05,1.2482330522034604e-05,1.7297424650745497e-05,1.8848575917121992e-05,1.8924057535178296e-05,2.1149799311101387e-05,2.5226333604295517e-05,3.959044545910243e-05,4.445473282064998e-05,5.0917691779280826e-05,6.106011784356801e-05,7.66556683195565e-05,9.297221319826849e-05,0.00010413698614919241,0.00013039008160000643,0.00016816900408807758,0.00024319851777161177
battery,energy,DE,2.3632716371600556e-06,2.3659790168863365e-06,2.367377640895892e-06,2.3692163479201783e-06,2.3735280328696024e-06,2.8718567180365295e-06,3.1767133028460413e-06,3.6404993337893285e-06,4.035497407884214e-06,4.505146670155973e-06,7.779808193102602e-06,8.467532382562528e-06,9.237998610092146e-06,1.0165783363715965e-05,1.163075914953845e-05,1.590919542437372e-05,1.7506416134957322e-05,1.758576838499305e-05,1.9562547978260976e-05,2.3441998992578227e-05,3.63556208936285e-05,3.8471412886227105e-05,4.306848012327421e-05,5.110537139257264e-05,6.340323443251717e-05,7.80143017238039e-05,8.389512468878729e-05,0.00010570512020327594,0.0001314525322306488,0.00016753856783129181
battery,energy,DK,2.4858108906296914e-06,2.4881937232305386e-06,2.4892775381042766e-06,2.4907104804906155e-06,2.4940529295810208e-06,2.9694431765930936e-06,3.268214973602454e-06,3.7753994129125606e-06,4.1856019073819174e-06,4.635428158595345e-06,8.00993727185341e-06,8.637393163608285e-06,9.545808579972717e-06,1.0065783257781916e-05,1.1530482313024714e-05,1.5378360240964843e-05,1.649844687790253e-05,1.6624988564385796e-05,1.8416606857120787e-05,2.1851893713639113e-05,2.834079126127937e-05,2.9549585673388972e-05,3.2931426296456035e-05,3.7091099574628255e-05,4.312450909973692e-05,4.937946459832952e-05,5.448342774391118e-05,6.608524886280518e-05,7.417632633531156e-05,9.687864878232089e-05
battery,energy,EE,2.477026083537118e-06,2.4779342310696915e-06,2.479266739958344e-06,2.4819290337586545e-06,2.488111960532537e-06,3.0070573837861678e-06,3.296209144732945e-06,3.799389583404908e-06,4.1638096500694126e-06,4.644613313399959e-06,7.5573738044239545e-06,8.363152069222272e-06,9.037061560927048e-06,9.871167846676022e-06,1.1476403261724028e-05,1.5259429627205178e-05,1.695386774666352e-05,1.731673750741604e-05,1.7717395342876068e-05,2.0771063049569216e-05,2.7264942674875434e-05,3.279939478191527e-05,3.623815238519799e-05,3.9855202529589444e-05,4.4973792965345436e-05,4.930674751696826e-05,5.1701556049521e-05,6.26913076340741e-05,7.108505600707097e-05,8.750704762093164e-05
battery,energy,EL,2.375231364550118e-06,2.3793969324362257e-06,2.3806880631029123e-06,2.382411936471261e-06,2.386167772994293e-06,2.9222562994133342e-06,3.1890421023490126e-06,3.6162318082309427e-06,3.988335552414958e-06,4.486082544487886e-06,7.956651324034562e-06,8.702265465475227e-06,1.0024805046454673e-05,1.0927013242842221e-05,1.221422253393898e-05,1.7357224827671373e-05,1.8671715805186688e-05,1.877100961860361e-05,2.115910954851387e-05,2.4533035561424818e-05,3.588661333992594e-05,4.144757698352165e-05,5.339563080556157e-05,6.27319811511851e-05,6.801830345653536e-05,7.129601641046145e-05,7.977676344794395e-05,9.301214022291001e-05,9.994883980798684e-05,0.00011769483248866621
battery,energy,ES,2.2910799117543392e-06,2.2951346362159406e-06,2.2964676403217093e-06,2.2983141486247577e-06,2.3020098857347773e-06,2.8247727971833144e-06,3.094193606227199e-06,3.510992622635028e-06,3.855522997606181e-06,4.2467218920759405e-06,6.8182973653444376e-06,7.402589315676309e-06,8.216398809057088e-06,8.917405542613344e-06,1.0014836658010136e-05,1.3073147843248154e-05,1.424319923321414e-05,1.4368337785823953e-05,1.6242750341589515e-05,1.8230314427468166e-05,2.487972000329741e-05,2.8779770816437778e-05,3.2375412144296224e-05,3.9883892517477355e-05,4.801101016926919e-05,5.541279042312894e-05,5.9826564740129355e-05,6.711761175476692e-05,7.570007204318115e-05,8.811181632636357e-05
battery,energy,FI,2.4697374903698308e-06,2.472053206506833e-06,2.473176085281232e-06,2.474811720553014e-06,2.4787920679917223e-06,2.9857347130428964e-06,3.28348099572098e-06,3.7726589203386543e-06,4.145009155932691e-06,4.6320988111875645e-06,7.4690643115485606e-06,8.296423976588638e-06,9.021870704652749e-06,9.606809371603765e-06,1.1104366559403644e-05,1.4323138366850567e-05,1.6255964377095917e-05,1.691446460533307e-05,1.7247840194343528e-05,2.021721172764476e-05,2.630999722416693e-05,3.348468694803292e-05,3.7094159012739785e-05,3.977192296527228e-05,4.646861455983299e-05,5.403444187323325e-05,5.6804878597621e-05,6.664075497826052e-05,7.522650856380648e-05,9.853377611380762e-05
battery,energy,FR,2.2400262166305237e-06,2.244747201325588e-06,2.246469402511327e-06,2.249042516307518e-06,2.2567440756463745e-06,2.8501930719116673e-06,3.150392060938969e-06,3.5904410071033505e-06,3.958999209327852e-06,4.345952914191729e-06,6.840220642167622e-06,7.423413421631501e-06,8.2489313275497e-06,8.932721144591815e-06,9.960295886161673e-06,1.3067598834232114e-05,1.3934661935868245e-05,1.4009451331491451e-05,1.5851961474206815e-05,1.8083835047471013e-05,2.5436545972101617e-05,2.909817504804788e-05,3.263199610036788e-05,3.71959135748643e-05,4.164749044534939e-05,4.832393596612888e-05,5.2364230857905765e-05,6.293973340517181e-05,6.810410581412527e-05,7.31153756613015e-05
battery,energy,HR,2.4234175178820915e-06,2.426964035493661e-06,2.4282708596160945e-06,2.4301690909772595e-06,2.435985322054529e-06,2.962436219344349e-06,3.2102636538530915e-06,3.672198215154016e-06,4.067254989706321e-06,4.648304324249021e-06,7.648007906075268e-06,8.847930418072658e-06,1.0114115285774381e-05,1.080530961165096e-05,1.2620127402233958e-05,1.722735045956995e-05,1.8213996663215665e-05,1.8289079798112973e-05,2.0566226681550456e-05,2.4070708980854875e-05,3.802630012509565e-05,4.050591990470857e-05,4.779678032533915e-05,5.5320807000349547e-05,6.39078805704459e-05,7.506694934496857e-05,8.274778129243376e-05,9.971850401894051e-05,0.00011775893667818247,0.0001452895665177578
battery,energy,HU,2.3470980583684584e-06,2.3509935727644426e-06,2.352298996807247e-06,2.354015413961164e-06,2.3582580498525096e-06,2.9633614706730554e-06,3.23355101015238e-06,3.675771477118382e-06,4.0543154706604e-06,4.5464568478266265e-06,8.084820209009514e-06,8.925674928523851e-06,9.949282262856593e-06,1.0596391398592427e-05,1.2434643605907294e-05,1.7404965780150648e-05,1.898761160948341e-05,1.905488648862159e-05,2.161278765383804e-05,2.5502222129725544e-05,3.9996164483229806e-05,4.217096757785699e-05,4.9306228178446913e-05,5.612133481915094e-05,6.55380257626269e-05,7.741383462329954e-05,8.32388717753561e-05,0.00011013476195826013,0.00014139076816003685,0.00015180178350132292
battery,energy,IE,2.3450454101456238e-06,2.3490444900114507e-06,2.350283165465111e-06,2.351918834874536e-06,2.3556959150094455e-06,2.944844054342649e-06,3.2554243647027676e-06,3.7489028135317674e-06,4.1319481890123264e-06,4.552966251105001e-06,7.453646640152711e-06,7.869528260420115e-06,8.703928856679341e-06,9.335849427305859e-06,1.0518849335886776e-05,1.3433666836354181e-05,1.4569352108065683e-05,1.4638857986344668e-05,1.6145425097409254e-05,1.870256601568681e-05,2.7375640001216165e-05,3.023698057466041e-05,3.4165451773782164e-05,3.849320886230888e-05,4.4136516465049864e-05,4.9240401886033536e-05,5.08081883498328e-05,5.703424578277818e-05,6.339493412165886e-05,7.295932760498351e-05
battery,energy,IT,2.3771811273624447e-06,2.382164864906022e-06,2.3836637374401757e-06,2.3858000450193248e-06,2.3923102957741103e-06,2.873917224201616e-06,3.1650723435779815e-06,3.606273437266738e-06,4.047896185594436e-06,4.5309206194632665e-06,7.715235117309145e-06,8.490477612435593e-06,9.55276154011118e-06,1.0528750087994942e-05,1.205708776366841e-05,1.7228196419808432e-05,1.8747470020938008e-05,1.881883597389449e-05,2.128351673795452e-05,2.5694804659818538e-05,4.124132930817549e-05,4.1356397703501474e-05,4.5383620227858766e-05,5.3325345575596576e-05,6.050183970625577e-05,7.297544173116438e-05,9.80820288660482e-05,9.983697056807117e-05,0.00012470907787289813,0.00013237936791485013
battery,energy,LT,2.4518235674402763e-06,2.4653315948179026e-06,2.4665543873219624e-06,2.4684857538172263e-06,2.4765355261544516e-06,2.9919411033096556e-06,3.289876236074008e-06,3.7875845733155886e-06,4.151997156272403e-06,4.5628365840729e-06,7.640403763039392e-06,8.100442563110337e-06,8.765295857409159e-06,9.821260442886902e-06,1.1326081990349177e-05,1.5088073048764967e-05,1.6700859965439574e-05,1.6991569161870324e-05,1.7724276435652894e-05,2.084110865011807e-05,2.702242557862282e-05,3.111768026997562e-05,3.4390059941646815e-05,3.797332175309357e-05,4.313730995190578e-05,4.807710568436185e-05,5.039216963946874e-05,6.33103341042533e-05,7.120896932845957e-05,8.665785043623393e-05
battery,energy,LU,2.3262115250610745e-06,2.331155455045655e-06,2.3326929530050685e-06,2.335467990775708e-06,2.3470380059885817e-06,2.9216283187972174e-06,3.228359122701799e-06,3.681647785935505e-06,4.042753989873441e-06,4.5220648193485e-06,7.092549581533749e-06,7.969442912728906e-06,8.692565276723314e-06,9.153472834465243e-06,1.0231938128674838e-05,1.3357256948587268e-05,1.4294577928786476e-05,1.4391613128711488e-05,1.6122358165596884e-05,1.8374210727354268e-05,2.5702648005907287e-05,2.991260323792153e-05,3.405894937777203e-05,3.838283409043579e-05,4.3471177690520085e-05,4.9718215566451395e-05,5.221014056652954e-05,6.150127154534969e-05,6.635308482927423e-05,7.220725124970184e-05
battery,energy,LV,2.471953178264316e-06,2.474466693664878e-06,2.475724817239829e-06,2.47760959550469e-06,2.484562751684426e-06,3.0000223546595617e-06,3.3002003275419073e-06,3.797330222332286e-06,4.1687732335827405e-06,4.587143245374728e-06,7.662075349231338e-06,8.29263102677378e-06,8.975565464360513e-06,9.96062291792076e-06,1.1525729032804815e-05,1.5406267435946192e-05,1.7036055503194818e-05,1.731893776939379e-05,1.7902461483136582e-05,2.1149078133622158e-05,2.7470711003102778e-05,3.254728681909644e-05,3.6026919410856e-05,3.9950683929326044e-05,4.5407355948899717e-05,5.0727848230941335e-05,5.297914171621639e-05,6.727261005230564e-05,7.630521551217249e-05,9.352951696946103e-05
battery,energy,NL,2.371097694859025e-06,2.3750899899302005e-06,2.376385031571943e-06,2.378131144856477e-06,2.3823983098682888e-06,2.9797876108387456e-06,3.2972513639459605e-06,3.7840995190357172e-06,4.1885417986993485e-06,4.674948534073601e-06,7.958855326663695e-06,8.824488356934867e-06,9.57121131573671e-06,1.0168091278564253e-05,1.1445039967521744e-05,1.558713648710359e-05,1.667550121794462e-05,1.6753577312432313e-05,1.846594769537805e-05,2.3017742157463635e-05,3.1657354384906374e-05,3.495432567343942e-05,3.9097323041115446e-05,4.501161160318715e-05,5.303545321484697e-05,5.950760321094214e-05,6.406894317140035e-05,8.207338182929209e-05,9.735755014909002e-05,0.00012656973570614907
battery,energy,NO,2.4556584693608984e-06,2.458019592072495e-06,2.4591219424926404e-06,2.4605920864904876e-06,2.4635731514983363e-06,2.9513089641534726e-06,3.2476638413531546e-06,3.7290159356998924e-06,4.076847605452416e-06,4.487488448475462e-06,7.271636140459935e-06,7.802001242836772e-06,8.563061588127165e-06,9.450137221594425e-06,1.0903578397248254e-05,1.4224655017039318e-05,1.5241509286392149e-05,1.5366514771596194e-05,1.705753966797603e-05,2.0021279268070448e-05,2.762466658028549e-05,3.2102431333661976e-05,3.5718512620354055e-05,3.968237741261046e-05,4.530337321373542e-05,5.0862015138745606e-05,5.23397815056929e-05,6.12684489332941e-05,6.617773499193403e-05,7.372973023120337e-05
battery,energy,PL,2.4672888066993963e-06,2.469647385596281e-06,2.4707152524853903e-06,2.472125978524062e-06,2.4752834661608077e-06,3.0097474615163062e-06,3.314621895609243e-06,3.845994076676384e-06,4.259738759437513e-06,4.708795113823736e-06,7.975230303700124e-06,8.553739287616716e-06,9.391824423493288e-06,1.0516005730497335e-05,1.2293185735152075e-05,1.644831746881032e-05,1.7731388367062522e-05,1.7796427831526398e-05,1.99879527385854e-05,2.369837304695657e-05,3.269828883016181e-05,3.673561003316607e-05,4.150721405617092e-05,4.801866579136923e-05,5.679593632510571e-05,6.766683295778098e-05,7.258119046681734e-05,9.045654153545273e-05,9.53534688773088e-05,0.00012357640583105664
battery,energy,PT,2.315869999952656e-06,2.3199845038464206e-06,2.3214037691000764e-06,2.3232222673067526e-06,2.327389309326772e-06,2.8504643319365236e-06,3.114098770901715e-06,3.534062421464368e-06,3.872771612955153e-06,4.264572540777431e-06,6.9749002555662946e-06,7.608559220036294e-06,8.339459540432128e-06,8.912911338805367e-06,1.0012042448703413e-05,1.3087353541612952e-05,1.4250864928206707e-05,1.4369246771838931e-05,1.6255289785584102e-05,1.8208826028123346e-05,2.4779346079141145e-05,2.837390028773403e-05,3.167706691269727e-05,3.6507829933404235e-05,4.561835920516017e-05,5.1689549358836985e-05,5.565685694022832e-05,6.258913047378462e-05,6.81973362994803e-05,7.904527101723845e-05
battery,energy,RO,2.3541339898476597e-06,2.3582221951431963e-06,2.359495111479739e-06,2.361280664554763e-06,2.3654378417825676e-06,3.0110661975976833e-06,3.2609019679291054e-06,3.7000351787850103e-06,4.068291776911258e-06,4.567932426384674e-06,8.178721408920233e-06,8.765231121249595e-06,9.802761527375437e-06,1.0668261702326871e-05,1.2487017543248454e-05,1.6976570117651644e-05,1.8368563001776575e-05,1.8443686322645728e-05,2.039275010679546e-05,2.442059574825995e-05,3.7204958816872014e-05,3.9937693439645854e-05,4.8166843262927774e-05,5.014154713233352e-05,6.542866875267322e-05,7.923455408156671e-05,9.788957296411448e-05,0.00012328814201242137,0.00016018424562605415,0.00017791691803780482
battery,energy,SE,2.471234531418422e-06,2.473560565630496e-06,2.47469380183427e-06,2.4762109593505464e-06,2.4796800810681436e-06,2.969024137637744e-06,3.264922243167097e-06,3.75543539671147e-06,4.129088211095892e-06,4.546184601906117e-06,7.668431360820414e-06,8.15073493941126e-06,8.849396516184934e-06,9.684006534699117e-06,1.1191680140898822e-05,1.4758152859119486e-05,1.6004524443567608e-05,1.610557496205419e-05,1.769470057487868e-05,2.084841140370373e-05,2.8394975084086682e-05,3.361549928172886e-05,3.7397640821216113e-05,4.070455850976293e-05,4.707177495103871e-05,5.501855153618072e-05,5.765985049522987e-05,7.035961854741216e-05,7.897026496905002e-05,0.00010194081000755795
battery,energy,SI,2.408005918755215e-06,2.410411366663168e-06,2.411948564902681e-06,2.4142855969002416e-06,2.4213291317347332e-06,3.002809362514962e-06,3.2697658268320336e-06,3.696046805801105e-06,4.10051221589532e-06,4.706798753399403e-06,8.082321768877288e-06,9.21264670736137e-06,1.0472284868416415e-05,1.1256362943785278e-05,1.2693594444283233e-05,1.7653626834672122e-05,1.88359553695407e-05,1.8919025275519433e-05,2.101020979625825e-05,2.5204339275330477e-05,3.9495766421437004e-05,4.372361126850921e-05,5.017362554740098e-05,5.7241054159741195e-05,6.728025417395182e-05,8.331112458559213e-05,8.695973556388335e-05,0.00010419008903610855,0.00012599534812938876,0.00014066997648953008
battery,energy,SK,2.452054673704535e-06,2.454521425191266e-06,2.4556540961550837e-06,2.457163615169299e-06,2.4607861552063064e-06,2.991917405343084e-06,3.2776948920988514e-06,3.794835867961178e-06,4.203802793593858e-06,4.745589002827812e-06,8.037029234708998e-06,9.137889513097502e-06,1.0033620398901515e-05,1.0530401244263907e-05,1.2539264101863676e-05,1.7053670293313463e-05,1.8988915538968614e-05,1.906817298096679e-05,2.2060571239978628e-05,2.6696043998401798e-05,4.152758749318325e-05,4.515403942348052e-05,5.1987341890501806e-05,6.10181925514993e-05,7.35832330072198e-05,0.00010412474019650219,0.00011908811948321322,0.00016541478624692186,0.0002450619456053395,0.0005383612224534132
battery,energy,UK,2.3199262648338845e-06,2.333307374346422e-06,2.335053878675224e-06,2.3377322960849124e-06,2.346739702735321e-06,2.904846475190107e-06,3.2119257487843135e-06,3.7100421796378313e-06,4.094089490399233e-06,4.501223898586859e-06,7.415266410334536e-06,7.895036000411007e-06,8.720095536724742e-06,9.44808992441425e-06,1.06274513934325e-05,1.3827047565555275e-05,1.510552129421007e-05,1.5182397629040001e-05,1.654374386525595e-05,1.9572437074749726e-05,2.8215074641117936e-05,3.19968492634621e-05,3.6617759583003496e-05,4.1720788050344246e-05,4.8155727312306554e-05,5.575466489436702e-05,5.906115637106465e-05,6.702196191247455e-05,7.585294483704698e-05,0.00010703238669221312
battery,power,AT,1.2377653789262e-06,1.2390225798384531e-06,1.2396000469433367e-06,1.2403794661019797e-06,1.2423682821615191e-06,1.480416658236216e-06,1.6341657596268657e-06,1.902678006987807e-06,2.1083886005720112e-06,2.3905139988472138e-06,4.0338158277030096e-06,4.511506472705128e-06,4.980524661098619e-06,5.304392668955933e-06,6.202282097512283e-06,8.459012345685824e-06,9.105411336194921e-06,9.140085168553795e-06,1.039677731491828e-05,1.2275079359714486e-05,1.9597460873374087e-05,2.112897334759101e-05,2.4322770021028313e-05,2.84206413482271e-05,3.494229668335758e-05,4.295486599553622e-05,4.880742323521302e-05,6.252800488765037e-05,8.526589163348824e-05,0.00010516233460732951
battery,power,BE,1.169368045587792e-06,1.1714055560126426e-06,1.1721001112184397e-06,1.1730590409178084e-06,1.175846434563193e-06,1.459923877035546e-06,1.6140438060205933e-06,1.8505341332021503e-06,2.0592212815110066e-06,2.338852583365282e-06,3.894694304807482e-06,4.3730358134613506e-06,4.779271244903299e-06,5.090478640379845e-06,5.791755118971897e-06,7.902160609868017e-06,8.660076340484137e-06,8.702199806964897e-06,9.69923514022503e-06,1.1392664915286002e-05,1.752716974304005e-05,1.8504410443186702e-05,2.1019171921103235e-05,2.4256882624125066e-05,2.81452488295033e-05,3.406742125682585e-05,3.9196923307046205e-05,5.111113184813453e-05,6.139192516122468e-05,7.332172744332628e-05
battery,power,BG,1.156284409653233e-06,1.1583631967215835e-06,1.1590072294789377e-06,1.1599235358387933e-06,1.162126329160213e-06,1.4413925406158024e-06,1.584033468811925e-06,1.803785885206939e-06,1.9895452903306532e-06,2.3155858123741168e-06,4.037795424512546e-06,4.434508866549613e-06,4.877686035062437e-06,5.365465175872941e-06,6.196216484275412e-06,8.87197971155844e-06,9.595152640917811e-06,9.634579703078519e-06,1.090157051493932e-05,1.2658502223237727e-05,1.929086956938025e-05,2.0823463326958282e-05,2.7081065381674118e-05,3.137247296415895e-05,3.411044995492922e-05,3.697450164687967e-05,4.1602114602659975e-05,4.905421322506062e-05,5.493799656599261e-05,6.412698122357406e-05
battery,power,CH,1.197006730578264e-06,1.19899266508489e-06,1.1996629086306453e-06,1.2005768976003758e-06,1.2029511330981474e-06,1.472164099380332e-06,1.634163471683248e-06,1.8817736818850902e-06,2.1299831813325598e-06,2.4530867304708442e-06,3.982143271515051e-06,4.502464387920846e-06,5.106668026640992e-06,5.47081880281161e-06,6.2530398748598305e-06,8.642012432933773e-06,9.411963055845807e-06,9.446998262665075e-06,1.0656305667790474e-05,1.2822448030867503e-05,2.0761888514397453e-05,2.1357978564394174e-05,2.549063065938933e-05,2.9747869664210524e-05,3.680006767797401e-05,4.7416756170280344e-05,5.623715231727978e-05,6.730439857520288e-05,9.349948441886528e-05,0.00011045328848890327
battery,power,CZ,1.2335441439399013e-06,1.2348083604883031e-06,1.2353972729572827e-06,1.2361432643750384e-06,1.237799210127614e-06,1.4905713146383574e-06,1.6473532165424626e-06,1.9001625696119456e-06,2.104718689045615e-06,2.339645266847125e-06,4.042430643476461e-06,4.432981830283031e-06,4.914050553098785e-06,5.343796702373701e-06,6.241165024223596e-06,8.648712094820241e-06,9.424287729035186e-06,9.462028529421657e-06,1.0574899416238894e-05,1.2613166561460272e-05,1.9795222494875557e-05,2.222736617572773e-05,2.5458845661203196e-05,3.053005869349578e-05,3.8327833928572804e-05,4.6486106371777335e-05,5.2068492853123097e-05,6.519504057224717e-05,8.408450181778168e-05,0.00012159925865475698
battery,power,DE,1.1816358185800278e-06,1.182989490616314e-06,1.1836888061080831e-06,1.184608157410243e-06,1.1867639960906652e-06,1.4359283158154606e-06,1.5883566042385385e-06,1.8202496142005733e-06,2.0177486472806522e-06,2.252573274466648e-06,3.889904058178797e-06,4.233766122118715e-06,4.618999235817437e-06,5.082891631998611e-06,5.8153795134251715e-06,7.954597653984545e-06,8.753208010503796e-06,8.792884151560303e-06,9.78127394922953e-06,1.1720999457135117e-05,1.8177810396147733e-05,1.9235706393802777e-05,2.15342400132223e-05,2.5552685651108815e-05,3.170161716769242e-05,3.900715081527214e-05,4.194756231520649e-05,5.285256005053451e-05,6.572626606493656e-05,8.37692838642769e-05
battery,power,DK,1.2429054453148457e-06,1.2440967346530197e-06,1.2446386414047848e-06,1.2453551026732277e-06,1.2470263186379181e-06,1.4847214376949883e-06,1.6341073276348478e-06,1.8876995377500672e-06,2.0928007766948965e-06,2.317713891958884e-06,4.004968439999869e-06,4.3186963793509464e-06,4.77290408306475e-06,5.032891406616419e-06,5.765240921065815e-06,7.68917988914823e-06,8.249223208307867e-06,8.312494035418727e-06,9.208303180035016e-06,1.0925946612716674e-05,1.4170395390631746e-05,1.4774792596894654e-05,1.6465712907016714e-05,1.8545549548994967e-05,2.1562254307966037e-05,2.4689732061345002e-05,2.7241713641155775e-05,3.304262419602943e-05,3.7088162933874896e-05,4.843932415674879e-05
battery,power,EE,1.238513041768559e-06,1.2389669853447516e-06,1.239633237792645e-06,1.240964379577078e-06,1.2440558380643999e-06,1.5035285258329228e-06,1.6481044010603453e-06,1.8996946132401646e-06,2.081904640942445e-06,2.3223064656083897e-06,3.7786867039681685e-06,4.181575843511416e-06,4.518530588365225e-06,4.935583720118146e-06,5.738201423193971e-06,7.629714606759857e-06,8.476933664700945e-06,8.658368553825453e-06,8.858697466048031e-06,1.0385531320536728e-05,1.363247112437361e-05,1.6399697179201458e-05,1.811907598002409e-05,1.992760105423729e-05,2.24868962713622e-05,2.465337355069047e-05,2.5850777815985436e-05,3.134565361902939e-05,3.554252780589733e-05,4.37535236125341e-05
battery,power,EL,1.187615682275059e-06,1.189698343254711e-06,1.190343908218879e-06,1.1912058358521313e-06,1.193083745596903e-06,1.4611280004215683e-06,1.5945208937417586e-06,1.8081157375437404e-06,1.9941676020442836e-06,2.2430410889881354e-06,3.9783254583571755e-06,4.351132530529682e-06,5.012402316411179e-06,5.463506399749161e-06,6.107111032884941e-06,8.678612183902838e-06,9.335857673568008e-06,9.3855045725107e-06,1.0579554536370428e-05,1.2266517543660704e-05,1.794330643922077e-05,2.0723788261224006e-05,2.669781517114377e-05,3.136599034604711e-05,3.400915149595867e-05,3.564800797670614e-05,3.9888381502949174e-05,4.650606988501486e-05,4.997441967929008e-05,5.8847416018867915e-05
battery,power,ES,1.1455399558771696e-06,1.147567218770885e-06,1.1482337212853039e-06,1.149156964849703e-06,1.1510048230071973e-06,1.412386265950361e-06,1.5470966607709039e-06,1.7554961575475548e-06,1.927761336026403e-06,2.123360771976913e-06,3.4091484943417008e-06,3.701294465937282e-06,4.108199204690546e-06,4.4587025524158925e-06,5.007418088826777e-06,6.536573686142266e-06,7.12159938418124e-06,7.184168658001244e-06,8.121374936003815e-06,9.115156979465497e-06,1.2439859770547843e-05,1.4389885177572268e-05,1.6187705840008115e-05,1.994194602871186e-05,2.400550485132855e-05,2.7706394981850323e-05,2.9913282154139628e-05,3.35588056490217e-05,3.785003579529061e-05,4.405590793828796e-05
battery,power,FI,1.2348687451849154e-06,1.236026478625047e-06,1.2365879171143955e-06,1.2374057256450216e-06,1.239395890588177e-06,1.4928672049321445e-06,1.6417403377798168e-06,1.8863292901725745e-06,2.0725043998049947e-06,2.316049217568242e-06,3.734531950409123e-06,4.148211784691454e-06,4.510935143841854e-06,4.803404461019957e-06,5.5521830394894605e-06,7.16156895264954e-06,8.127981956379926e-06,8.45723205388075e-06,8.623919846921822e-06,1.0108605614670663e-05,1.3154998379049385e-05,1.6742343241299786e-05,1.8547079272456885e-05,1.9885961250977074e-05,2.323430704523337e-05,2.7017220705785972e-05,2.8402439071565208e-05,3.332037726327236e-05,3.7613254057392535e-05,4.926688783176371e-05
battery,power,FR,1.1200131083152618e-06,1.1223735867041446e-06,1.1232346906221598e-06,1.1245212454492928e-06,1.1283720211803796e-06,1.4250964963627619e-06,1.575195987180928e-06,1.7952204549478255e-06,1.9794995523035096e-06,2.172976400772508e-06,3.420110289015513e-06,3.7117066463984334e-06,4.124465599796303e-06,4.466360526546048e-06,4.980147886336668e-06,6.533799364665985e-06,6.967330916817866e-06,7.0047256316436175e-06,7.925980702871575e-06,9.04191749029661e-06,1.2718272941963775e-05,1.454908748017951e-05,1.631599800592493e-05,1.85979567445197e-05,2.0823745179124715e-05,2.4161967941503914e-05,2.6182115404818667e-05,3.1469866653052674e-05,3.4052052858198015e-05,3.655768778172246e-05
battery,power,HR,1.2117087589410458e-06,1.213481881452619e-06,1.2141352928058647e-06,1.215084401087021e-06,1.2179925106866832e-06,1.4812179542812827e-06,1.6051316687447e-06,1.8360989407013565e-06,2.0336273212819974e-06,2.3241519796513985e-06,3.824003754930062e-06,4.4239650138447175e-06,5.057057442749664e-06,5.40265459224725e-06,6.310063478547686e-06,8.613675009844632e-06,9.106998112547518e-06,9.144539682222118e-06,1.0283113121427047e-05,1.2035354272857892e-05,1.901314984810919e-05,2.025295973817183e-05,2.3898389947152755e-05,2.7660403287571306e-05,3.1953940069169085e-05,3.753347446056373e-05,4.137389043902356e-05,4.9859251784199384e-05,5.8879468114783925e-05,7.264478303396714e-05
battery,power,HU,1.1735490291842292e-06,1.1754966618212112e-06,1.1761493735695885e-06,1.177007573006307e-06,1.1791288826580354e-06,1.4816805811988932e-06,1.6167753468406728e-06,1.8378855711606892e-06,2.02715756090137e-06,2.273228240801332e-06,4.0424099084284e-06,4.46283726788857e-06,4.974640931575537e-06,5.298195483330352e-06,6.217321574913044e-06,8.702482667519509e-06,9.493805584444174e-06,9.527443003632484e-06,1.0806393590430868e-05,1.275111082965178e-05,1.9998082008620026e-05,2.1085483556493972e-05,2.4653113855697676e-05,2.8060667178182844e-05,3.276901264710642e-05,3.8706917081236e-05,4.1619435665274584e-05,5.506738075287225e-05,7.069538385552068e-05,7.590089152224356e-05
battery,power,IE,1.1725227050728119e-06,1.1745221219425211e-06,1.1751414587622268e-06,1.175959283306972e-06,1.1778478104620355e-06,1.4724218767579723e-06,1.6277120227617934e-06,1.874451237613585e-06,2.0659739172479654e-06,2.276482938884068e-06,3.726823105996335e-06,3.9347639284881515e-06,4.3519642217272e-06,4.66792449333808e-06,5.259424431117752e-06,6.71683318578024e-06,7.284675824759604e-06,7.31942874636285e-06,8.072712305429418e-06,9.351282764947103e-06,1.3687819758084759e-05,1.5118490044960287e-05,1.7082725643450262e-05,1.9246604189728344e-05,2.206825798831955e-05,2.4620200702498696e-05,2.5404093941677753e-05,2.851712266400986e-05,3.169746683536006e-05,3.647966356605685e-05
battery,power,IT,1.1885905636812223e-06,1.1910823405528404e-06,1.1918317795204564e-06,1.1928999217753524e-06,1.1961550364839212e-06,1.4369585298432206e-06,1.5825360809178204e-06,1.8031365985362251e-06,2.0239479633473926e-06,2.2654601733297787e-06,3.857617374218231e-06,4.245238649726577e-06,4.7763805811670056e-06,5.264374820374585e-06,6.028543639923149e-06,8.614097974331472e-06,9.373734774860888e-06,9.40941773193668e-06,1.0641758112269207e-05,1.2847402078566503e-05,2.0620664407940597e-05,2.0678198607392035e-05,2.2691809868219745e-05,2.6662672544153513e-05,3.0250919606199465e-05,3.648772062161045e-05,4.90410142043892e-05,4.991848528068616e-05,6.235453893538236e-05,6.618968395597813e-05
battery,power,LT,1.2259117837201382e-06,1.2326656759118894e-06,1.2332770708414001e-06,1.2342427476623096e-06,1.2382676288916292e-06,1.4959703913717522e-06,1.6449379518637708e-06,1.8937921098762105e-06,2.0759983952220043e-06,2.2814181015278966e-06,3.820201699613515e-06,4.050221079806639e-06,4.382647725694154e-06,4.910630006642126e-06,5.663040773974891e-06,7.544036305102598e-06,8.350429764148486e-06,8.495784366076356e-06,8.862138012788976e-06,1.042055412141544e-05,1.3511212576270614e-05,1.555883992212346e-05,1.7195029757003323e-05,1.8986660665024625e-05,2.1568654761597813e-05,2.4038552639077627e-05,2.5196084618790176e-05,3.165516683884881e-05,3.560448445167327e-05,4.33289250054447e-05
battery,power,LU,1.1631057625305373e-06,1.1655775934160914e-06,1.1663463412064364e-06,1.1677338547781082e-06,1.1735188581872274e-06,1.4608139923694514e-06,1.6141793892746534e-06,1.8408237133287796e-06,2.0213768092532877e-06,2.261032216639938e-06,3.54627460839066e-06,3.984721252090459e-06,4.346282432251161e-06,4.576736198151649e-06,5.115968838983342e-06,6.678628250033264e-06,7.147288743705232e-06,7.195806357624583e-06,8.061178856430747e-06,9.187105139102587e-06,1.285132378117755e-05,1.4956301396799684e-05,1.7029474465812694e-05,1.919141682427468e-05,2.1735588621709728e-05,2.4859107563421647e-05,2.610507007014756e-05,3.075063555810532e-05,3.317654220040904e-05,3.61036254101273e-05
battery,power,LV,1.235976589132158e-06,1.2372332086784066e-06,1.2378622690871767e-06,1.2388046525010706e-06,1.2422812263877302e-06,1.5000110069299985e-06,1.6500999880888356e-06,1.8986649280902966e-06,2.0843864279175585e-06,2.293571426562915e-06,3.83103748240783e-06,4.146315306413794e-06,4.487782523843969e-06,4.980311250854287e-06,5.762864303268629e-06,7.703133506270825e-06,8.518027540638471e-06,8.65946867158096e-06,8.951230526168802e-06,1.0574538852667005e-05,1.3735355295684034e-05,1.6273643203927438e-05,1.8013459498939442e-05,1.997534176032078e-05,2.270367776523186e-05,2.5363923909857526e-05,2.6489570657914582e-05,3.363630481370007e-05,3.815260754418636e-05,4.6764758273002746e-05
battery,power,NL,1.1855488474295126e-06,1.1875448723391046e-06,1.1881923934174834e-06,1.1890654407012359e-06,1.191199015228718e-06,1.4898936614567952e-06,1.64862552970633e-06,1.892049597499157e-06,2.0942707294639416e-06,2.3374740872248455e-06,3.979427457259553e-06,4.412243983430385e-06,4.785605457584818e-06,5.084045422986558e-06,5.722519753611146e-06,7.793568022662905e-06,8.3377503887056e-06,8.376788420890717e-06,9.232973610591105e-06,1.1508870842721498e-05,1.5828676963710205e-05,1.747716260819167e-05,1.954866129076616e-05,2.2505805574262142e-05,2.651772637693724e-05,2.9753801378778012e-05,3.2034471366453145e-05,4.103669069192754e-05,4.8678774853599344e-05,6.328486763216284e-05
battery,power,NO,1.2278292346804492e-06,1.2290096894554137e-06,1.2295608652081792e-06,1.2302959277258203e-06,1.2317864512553712e-06,1.4756543567953573e-06,1.6238317863259113e-06,1.8645078228364136e-06,2.0384236491177964e-06,2.243744059523703e-06,3.6358178742427853e-06,3.901000439720012e-06,4.281530602532241e-06,4.725068400581144e-06,5.451788972161227e-06,7.112327287877412e-06,7.6207544236202495e-06,7.68325715432949e-06,8.528769597232747e-06,1.0010639398314662e-05,1.3812333061030005e-05,1.6051215434828308e-05,1.785925607659405e-05,1.9841188475429252e-05,2.265168637243318e-05,2.5431007338862195e-05,2.6169890532545153e-05,3.063422425262268e-05,3.308886728396062e-05,3.6864864884245234e-05
battery,power,PL,1.2336444033496981e-06,1.2348235796584238e-06,1.2353575126073735e-06,1.2360628654249522e-06,1.237641599145964e-06,1.5048735953923863e-06,1.6573108029714488e-06,1.9229968778168337e-06,2.1298692106919006e-06,2.35439737707522e-06,3.987614947190742e-06,4.276869447224226e-06,4.695912008872458e-06,5.258002644954422e-06,6.146592632803689e-06,8.22415850414467e-06,8.865693954209234e-06,8.898213684474805e-06,9.99397612877016e-06,1.184918628374745e-05,1.6349144191005475e-05,1.8367804792326116e-05,2.0753606802394623e-05,2.400933267262198e-05,2.8397967936108858e-05,3.383341625633027e-05,3.6290595019909544e-05,4.522827054279138e-05,4.767673421581547e-05,6.178820269188687e-05
battery,power,PT,1.157934999976328e-06,1.1599921348737788e-06,1.1607017679787962e-06,1.1616110068339966e-06,1.1636945196305983e-06,1.4252320202077272e-06,1.557049229512291e-06,1.7670310436599766e-06,1.9363856308826947e-06,2.1322860851371894e-06,3.4874499195052587e-06,3.8042794091793087e-06,4.169729561256325e-06,4.4564554442413775e-06,5.006020985150258e-06,6.5436765343193165e-06,7.125432227511196e-06,7.184623142947305e-06,8.12764464784116e-06,9.104412769434531e-06,1.238967279373458e-05,1.4186949898413043e-05,1.5838533209900803e-05,1.825391472215696e-05,2.2809179355213313e-05,2.5844774435896608e-05,2.7828428233156162e-05,3.12945649935106e-05,3.409866790847099e-05,3.9522635266177314e-05
battery,power,RO,1.1770669949238299e-06,1.1791109748177354e-06,1.1797474299824112e-06,1.1806401977009689e-06,1.1827187785315467e-06,1.5055329474300289e-06,1.630450825198685e-06,1.8500174223604711e-06,2.0341457147337048e-06,2.283966030612451e-06,4.089360505303143e-06,4.382615362770168e-06,4.901380562888396e-06,5.334130638639029e-06,6.243508548018518e-06,8.488284838994231e-06,9.184281281653516e-06,9.221842928227698e-06,1.0196374819209497e-05,1.2210297640758599e-05,1.860247917384566e-05,1.996884648548254e-05,2.408342140003421e-05,2.5070773337336143e-05,3.2714334144580676e-05,3.961727681349339e-05,4.894478626051425e-05,6.164407078013782e-05,8.009212258869356e-05,8.895845879416245e-05
battery,power,SE,1.235617265709211e-06,1.2367801702188265e-06,1.2373467884236462e-06,1.2381053579341123e-06,1.2398399120254674e-06,1.484511929488552e-06,1.6324609736707987e-06,1.877717540416143e-06,2.0645439394760598e-06,2.2730921240009357e-06,3.834215475023942e-06,4.075367276669798e-06,4.424698059150482e-06,4.8420030498458225e-06,5.595839834361914e-06,7.379076198181307e-06,8.002261991453557e-06,8.052787245277571e-06,8.84735004986611e-06,1.0424205465353377e-05,1.4197487310777156e-05,1.6807749406791184e-05,1.8698820174898083e-05,2.0352279022078057e-05,2.353588723900372e-05,2.750927553560437e-05,2.882992502472523e-05,3.5179809047634676e-05,3.948513226031698e-05,5.0970404777814194e-05
battery,power,SI,1.2040029593776076e-06,1.2052055530478464e-06,1.2059741499564191e-06,1.207142660151607e-06,1.2106644233673767e-06,1.5014045191962998e-06,1.6348827467157972e-06,1.8480232289899985e-06,2.050255928842257e-06,2.3533991904896765e-06,4.041160696087023e-06,4.60632315742761e-06,5.236142236865307e-06,5.628181260117249e-06,6.346797005594624e-06,8.826813202023159e-06,9.417977470340273e-06,9.459512439198427e-06,1.0505104697551029e-05,1.2602169438590727e-05,1.974788299999483e-05,2.1861805423990302e-05,2.508681256171682e-05,2.8620526870377937e-05,3.364012687428366e-05,4.165556208390407e-05,4.347986757530254e-05,5.209504430342164e-05,6.299767385047094e-05,7.033498803054983e-05
battery,power,SK,1.2260273368522675e-06,1.2272605854877785e-06,1.2278269197327045e-06,1.228581670513869e-06,1.2303929321354117e-06,1.49595854393989e-06,1.6388472797902055e-06,1.897417758916084e-06,2.101901214352535e-06,2.3727943102700183e-06,4.018514422055085e-06,4.5689445532442374e-06,5.016809992496091e-06,5.2652004019590176e-06,6.269631819424898e-06,8.526834918698012e-06,9.494457542580962e-06,9.534086253168608e-06,1.1030285377953933e-05,1.3348021751636669e-05,2.076379351338325e-05,2.2577019478426397e-05,2.599367071094827e-05,3.0509096043402275e-05,3.679161626853653e-05,5.206236986616098e-05,5.954405951529301e-05,8.270739289144722e-05,0.00012253097257209985,0.00026918061099271876
battery,power,UK,1.1599631324169422e-06,1.166653589318025e-06,1.1675268459478147e-06,1.1688660458608812e-06,1.173369740300886e-06,1.4524231598591907e-06,1.6059627877323953e-06,1.8550209921927808e-06,2.04704463818798e-06,2.25061183016891e-06,3.7076330434459446e-06,3.947517861421516e-06,4.360047617577291e-06,4.724044779069156e-06,5.31372549235419e-06,6.913523584678275e-06,7.552760449396861e-06,7.591198601859755e-06,8.271871696612908e-06,9.786218302862213e-06,1.4107537126627373e-05,1.599842443802817e-05,1.8308879595857405e-05,2.0860393831384354e-05,2.40778634588516e-05,2.7877332252765717e-05,2.953057801227973e-05,3.351098076749907e-05,3.792647223185769e-05,5.351619315695369e-05
biomass_boiler,power,AT,5.353402293398562,5.353402293681484,5.353402293966277,5.353402294372318,5.0345682790156285,4.600185553452249,4.0942877899310846,4.229216865952981,4.477197781258407,4.477197870663765,4.477197779051909,4.477197787798917,4.477197618936642,4.349122286324835,4.349122289338739,4.300427143052737,4.300427145066987,4.167363333369929,4.167363336610101,4.167363343314258,4.269392715359224,4.425553893189235,4.425554273605778,4.447021513995863,4.447021525866042,4.447021538117246,4.262281690171352,4.115641935528772,4.228696374071421,4.2287189897871755
biomass_boiler,power,BE,1.864841828152667,1.864841828362369,1.8648418285932606,1.864841828845197,1.8648418291744522,1.864841829679692,1.7857770073306707,1.2457969076450617,1.2254027336364006,1.0861157613170036,0.6246347710843217,0.6246347747446785,0.3566949496740628,0.24584597361904945,0.24584597223990587,0.1750773608861392,4.2974481388768097e-07,4.3527263545676673e-07,4.414679834604628e-07,4.493918682949046e-07,4.593494001203928e-07,4.7042436616998703e-07,4.812509989018346e-07,4.935036758619829e-07,5.060668836089746e-07,5.194818025754522e-07,5.363770161389889e-07,5.994193363439553e-07,9.515468566453866e-07,9.935895941338084e-07
biomass_boiler,power,BG,3.436625838458779,3.4366258385412487,3.436625838629029,3.436625838723467,3.142706919686953,3.1427069198071043,3.120760165023959,3.049327381317352,2.852511705642262,2.771984211139508,2.690517778987234,2.690517779168439,2.4427246502251316,2.367256363722335,2.3672563640409674,2.267894914517497,2.210592337001075,1.9741995131090782,1.2484174315396015,1.047152307300957,1.047152305266753,1.0471523061780854,1.047152307158219,1.0471523082091434,1.0471523093216117,1.0471523105384262,1.047152312017857,1.047152313974759,1.0471523232720599,1.0471523228455835
biomass_boiler,power,CH,7.253396778643728,7.2533967788755485,7.253396779124108,7.253396779431852,6.821404282840264,6.2328532836986215,5.297099072019006,3.9735425660628447,4.309535234207393,4.462704931432659,4.462704884175862,4.46270489974307,4.462704890991709,4.442206655992637,4.442206659963281,4.376228950586569,4.376228952226149,4.195939001846296,4.195939003539262,4.195939005808147,4.19593900913408,4.19593901289273,4.19593901780915,4.195939026399289,4.195939033510618,4.195939066071722,4.195939081105115,4.195938916080312,4.195941558338282,4.462686483878669
biomass_boiler,power,CZ,6.440908732931171,6.441665573354236,6.441665573514867,6.441665573689046,6.154371577437196,5.770675054403536,5.527945812214563,4.989518564932697,4.869869074900643,4.38825477692429,4.324300660275257,4.303516425781546,4.303516411087026,4.303516340734307,3.922571267062901,3.9225712744201497,3.922570900545572,3.933609303587068,3.402148750350102,2.9204449962750543,2.920445003262996,2.9204450086020035,2.9204450129408612,2.920445016618467,2.9204450203834424,2.9204450236382695,2.920445027778294,2.9204450330075873,2.920445040018941,2.920445052998543
biomass_boiler,power,DE,25.845634162721776,25.845634162958582,25.845634163263565,25.84563416359067,24.98236931938486,24.740126056458504,22.506853685003758,17.507444701906195,16.086341411511327,17.717321891752057,14.745122120626215,13.975978083640834,10.913628964708844,10.913628965851316,10.913628966651682,10.91362896716803,10.913628968016873,6.279206581690865,3.4456606317160277,2.7638749049628424,2.763874901188321,2.7638749023310916,2.763874903611488,2.763874905037361,2.7638749066198116,2.7638749081598997,2.7638748974700507,2.7638747883013655,2.7638748420727675,2.680231015321032
biomass_boiler,power,DK,3.078527410195142,3.2047028892018465,3.2047028896769834,3.204702890242474,3.029915564474709,2.6405668313963995,2.295737095856844,1.6815599515909896,1.6602772863254371,1.6389946208003046,1.617711955232171,1.5534501705197399,1.454305998308363,1.3312548939280247,1.071502832088689,0.7865449549474958,0.6620128387839695,0.5116936477980352,0.5116936488621274,0.45186688958679755,0.4518668900346455,0.4518668911007302,0.4518668921530845,0.4518668932321163,0.451866893963697,0.4518668946397457,0.4518668956971239,0.4518668970317172,0.4518669009876931,0.4518669095011188
biomass_boiler,power,EE,1.4627916475355633,1.4627916467931572,1.4627916487280181,1.4627916496337958,1.4627916569888688,1.4627916538223051,1.4311561876317602,1.4627916427538221,1.4639257657308204,1.4627916820719997,1.4627916854801633,1.46279168972157,1.4627916960547909,1.462791562447809,1.4627915101343723,1.3298771600573729,1.3298771554331175,1.3489854489595918,1.3489854647346262,1.3489852178501953,1.3489851966850679,1.3489852241854943,1.3489852628983592,1.3740650723536716,1.433779231335272,1.4337792632569306,1.468881232349787,1.4688616791594469,1.4299788463493246,1.371450143943631
biomass_boiler,power,EL,3.3206761641694,3.3206761642671125,3.320676164370363,3.3206761644959437,3.3206761646349663,3.320676164796607,3.3206761649817276,3.320676165196589,3.320676165450207,3.320676165757064,3.023259140646909,2.606512786544204,1.2849278104911632,0.26861134635217765,0.26861134853331897,0.2686113506920378,0.2686113531148966,0.26861135521255763,4.200404214282986e-07,4.50627439047485e-07,4.900393882833394e-07,5.256119017041895e-07,7.157485483932018e-07,7.345484664384749e-07,7.454749006647908e-07,7.54177407181565e-07,7.632561671555583e-07,7.744720599249881e-07,7.888944782699959e-07,8.158890087297311e-07
biomass_boiler,power,ES,4.295854873857498,4.295854874008291,4.295854874158285,4.295854874312791,4.131441256378748,3.9670276409254304,3.8026140242299418,3.3312813950769313,2.92185340874403,1.813042140971301,1.6486285242563963,1.1540631673627664,0.9931736611649957,0.5643277113466291,0.2464635288133379,0.24646352907299557,0.2464635293573659,0.2464635296807063,0.24646353004938112,0.032871171069719936,0.0328712729669866,0.03287127331983327,0.03287127373683106,0.032871274249560836,0.0328712748642369,0.032871275611791116,0.03287127655826536,0.03287127790060702,0.03287127993433578,0.032871284042501454
biomass_boiler,power,FI,2.8683047518763694,2.9661105747526277,2.9661105755092727,2.966110576396599,2.606013526036389,2.6027049784986476,2.808426491506031,3.166029504568037,2.8239190872303968,2.823918917793768,2.4886736244125607,2.488673630953454,2.3224488691490177,2.160271786966744,2.1499087906656977,2.133183375416368,2.029448382870327,1.9251743524607485,1.925174353476049,1.8198831600145835,1.819883154844301,1.8198831576539887,1.8198831570592615,1.8198831586348012,1.8198831594093186,1.572249207728454,1.106940155748228,1.272517906568594,1.2002165755967782,0.987135365278404
biomass_boiler,power,FR,18.05750561727514,18.057505617454172,18.057505617637773,18.05750561784003,17.10149494626532,15.90040271041243,14.944392039005375,12.704875043187952,11.69959061608444,10.453276933877337,7.209237119169904,5.111310537810142,3.661118280600323,2.2477608086526546,2.2477608116746115,1.7878489197741627,0.7268003411140677,0.7268003446743687,0.5088496193268919,1.6118502807274457e-06,1.616855847876821e-06,1.621421184862378e-06,1.625678085916159e-06,1.6299270100856255e-06,1.6343107705233722e-06,1.6388926568700777e-06,1.644604242842648e-06,1.6536759196108123e-06,1.6703839254915743e-06,1.0228804052574291e-06
biomass_boiler,power,HR,3.415601308348392,3.4826540307103433,3.482654030859407,3.4826540310257332,3.37249176304435,3.1810819282675857,3.0709196603714197,2.8755575905467596,2.7653953228686574,2.5691755951770445,2.331919707155393,0.7068370628304067,0.4787585889402615,0.35932078740457174,0.35932078837046305,0.16976389851382398,0.09962390444812241,0.09962390539561651,0.09962390644752299,0.09962390776274392,0.09962390901473435,0.09962391028260756,0.0996239115887412,0.09962391296114063,0.09962391444927744,0.09962391611862412,0.09962391809927892,0.09962392060508783,0.09962392408192068,0.09962393092715915
biomass_boiler,power,HU,4.300547303271684,4.300547303422879,4.300547303588571,4.30054730378125,4.3005473040190045,4.3005473043273215,4.2229780001895065,3.6087411704606778,3.6087411713585174,2.3348260934801806,2.0301004883138383,1.2453686486918856,0.20863494782874573,1.562282754032628e-06,1.5703843053172384e-06,1.5758608832912225e-06,1.5795916144773094e-06,1.5827514782736542e-06,1.5857295939960726e-06,1.5891281037100696e-06,1.5935552502019002e-06,1.5977338753406541e-06,1.6014128431723794e-06,1.6047259055976947e-06,1.6081270133824891e-06,1.6117907403978394e-06,1.6162474729394747e-06,1.6218490869244122e-06,1.6301588913868697e-06,1.646485845654504e-06
biomass_boiler,power,IE,0.11921849341902528,0.11921849374830865,0.11921849412551361,0.11921849455448741,0.11921849532398211,0.11921849836549046,0.11921850001989862,0.11921850111946265,0.11921850192348214,0.09660625805838521,0.09660625875914203,0.08570233605527762,0.05994689045510347,0.03875698859532875,0.02002329001942071,0.020023292231475025,3.8749710470948875e-07,3.910216860755978e-07,3.94733889462906e-07,4.015168377941797e-07,2.9692973935763696e-07,3.197263700430083e-07,3.4323138346931266e-07,4.4573554382719787e-07,4.7046832633652843e-07,4.858994480363986e-07,5.009001424399072e-07,5.180834561601741e-07,5.418658485532296e-07,5.791109258050176e-07
biomass_boiler,power,IT,20.95925289654917,20.959252896742438,20.959252897550975,20.959252897327445,20.959252897693155,19.686625107329906,16.793237975518814,12.889075195774613,10.403818038974427,10.403818041338473,10.403818042196084,10.403818043177749,4.400727991720238,4.361458765906981,4.361458767246905,3.7082828582298673,3.7082828596269115,3.1938745923999474,3.1938745934518806,2.531089651627251,2.5310896521532475,2.5310896535744805,2.531089680888412,2.5310896577462665,2.53108965924299,2.531089660106494,2.5310896614652414,0.010478458977083039,0.0104783948321266,0.010478402785872375
biomass_boiler,power,LT,1.6872306906128653,1.6872306909765817,1.6872306914122093,1.6872306918537219,1.6872306925428089,1.6809908853333915,1.6809908872486004,1.6809908914689933,1.5961989976141508,1.5757914638889978,1.5757914650664435,1.5170893297675387,1.5091707471998714,1.1381077396037553,1.124770467248737,0.9823421822784242,0.7938493648348453,0.7062385479808979,0.49574130383853166,0.2696381308774249,0.2696381346197617,0.2696381373583057,0.2696381425746777,0.2696381345389169,0.2696381353964144,0.2696381358723452,0.26963813587885527,0.2696381340957426,0.2655714070695829,0.26557140822016356
biomass_boiler,power,LU,0.21231453227199387,0.2123145331533322,0.21231453385798485,0.21231453312530188,0.21231453496165287,0.21231453591894076,0.21231453658608115,0.21231453802695213,0.21231454041537542,0.21231486920690412,0.21231487746734667,0.2123148875551416,0.21231485079184104,0.2123148367100003,0.2123141555625755,0.21231416385418347,0.21231383788796998,0.2123138541120737,0.21231252788703273,0.21231254432138694,0.08728445119299051,0.0872844658178732,0.08728447004490257,0.08728447363586778,0.08728447627579684,0.08728448221076035,0.0872844821816195,0.08728448661197385,0.08728450463559634,0.08219512984405634
biomass_boiler,power,LV,1.4800424058079058,1.4800424060718358,1.4800424063840643,1.4800424067243267,1.427382937444745,1.4273829382790766,1.4273829394989999,1.4160092194294327,1.41600922338678,1.4029872324829051,1.4029872432212585,1.4029871338915492,1.402987132051814,1.4029870741075077,1.3313956889835108,1.3313955206176595,1.3313954849981544,1.331395497438331,1.3313948270880138,1.2005559650024114,1.2005559966784607,1.2005560117966056,1.2005560196078724,1.2005560236117203,1.2005560298307363,1.2005560337661085,1.2005560376255582,1.2005560417202603,1.20055604588178,1.0607589783604803
biomass_boiler,power,NL,1.942251221840268,1.9422512221257482,1.94225122244173,1.9422512227853872,1.8854533305289085,1.7830762016447246,1.6738171356133165,1.5334455109062508,1.5195416682181409,1.4564550549601367,1.442551212362896,1.157070895370929,1.1114182449078696,1.1114182457431592,0.6945430273827141,0.6945430280991399,0.6945430288399794,0.40599704380233953,0.3499320776835987,0.17148497034044788,0.1714849663442677,0.17148496575199518,0.1714849675788614,0.17148497439433208,0.17148497294665715,0.17148497488497044,0.17148497724009515,0.1714849827640899,0.7240792244267168,0.9549870688884264
biomass_boiler,power,NO,1.342296913514029,1.3422969136221863,1.3422969137354386,1.3422969138545158,1.342296913985974,1.2087266406122235,1.2087266407701087,1.2087266409417459,1.1143212898688117,1.1143212900709691,0.9338448020298964,0.933844802271958,0.9338448025465068,0.7716126211304287,0.5981454216631679,0.5551850797024492,0.5551850800188894,0.3099672851322928,0.24620699176149277,0.1746527278342853,0.17465271723767717,0.17465272697835058,0.17465271876343885,0.1746527322450755,0.17465271971113366,0.17465287367090057,0.1746527314884511,0.17465268094511957,0.17465272469964646,0.1746527278728866
biomass_boiler,power,PL,15.460867077407299,15.460867077570272,15.46086707749558,15.460867077684963,15.46086707782308,15.460867077956467,15.460867078105775,15.014662496991205,15.014662497091042,14.993523135636508,14.989499718755905,13.826111716562647,13.826111716930331,9.86049863609469,9.631503488660169,9.346118249997591,9.34611825126608,9.167138672715394,8.326406964207884,8.326407025366372,8.326407085958374,8.326407110866594,8.326407122757853,8.326407134388408,8.326407141915077,8.326407150153981,8.326407160460965,8.326407171788919,8.326407187986161,8.326407217748322
biomass_boiler,power,PT,0.7052829568422238,0.7052829569732993,0.7052829571026905,0.7052829572288589,0.6818008911490042,0.6583188250730989,0.502085917209978,0.4591347209063096,0.33537839478129977,0.3118963287036173,0.2884142626030707,0.19047788894087134,0.09005909177783203,0.06230936480765699,0.0623093650150848,0.062309365240431305,0.04968215473834565,0.01708068206016521,0.009925218958357709,0.009925219311714199,0.009925219563658882,0.00992521989827708,0.009925220299569434,0.009925220797590322,0.009925221397016121,0.009925222129988634,0.009925223071314,0.009925224385603728,0.0099252263756021,0.00992523028354244
biomass_boiler,power,RO,4.583419276590477,4.583419278824361,4.583419279549466,4.583419278903614,4.5834192993690905,4.583419517167912,4.583419532825073,4.5834194218100475,3.541655338479422,3.5241698805290613,3.3776112204386526,3.3776112215400365,3.286610946631194,3.28661094770883,3.0534838896249643,3.0534838908486357,2.288622265594812,1.6427984994430584,1.6427985012477138,1.3394959295316071,1.045636603281893,1.045636605446429,1.0456365964258034,1.0456366091775235,0.6171635658727853,0.5253843627875764,0.5253843577887085,1.0121887467339977e-06,1.0689057115066734e-06,1.1428528107536292e-06
biomass_boiler,power,SE,4.533038172965582,4.533038174661578,4.533038177776129,4.533038176023315,4.3787237191007105,4.378723731106487,4.378723733134428,4.320199452559045,4.121802243402308,4.121802243732472,4.121802243923639,3.164846874424877,3.1648468745874463,3.1648468748228904,3.155200230204768,3.1552002292231145,3.1552002309131213,3.0292406125589477,3.0292406128511606,3.0221713387646085,0.48880180269824164,0.48880180162666065,0.4888018008481036,0.488801794969202,0.4888017997136171,0.4888017886833651,0.4888017875303719,0.48880178793275264,0.4888017893811818,0.48880179331855556
biomass_boiler,power,SI,1.3603120196313114,1.4051573220647104,1.4051573222071745,1.4051573223599032,1.4051573225449132,1.1145087221700705,1.114508722438998,0.755947296630215,0.7559472970553489,0.7559472975990381,0.7559472984155245,0.6447903637089709,0.6158024967352385,0.5423894460575343,0.5423894495610361,0.5173744812607664,0.5173744836231822,0.5173744858546583,0.5173744880570402,0.5173744902575566,0.5173744924357423,0.5173744946729748,0.5173745049703962,0.5173744953073562,0.5173745015121781,0.5173745041347262,0.5173745072506207,0.5173745110732785,0.5173745162225949,0.5173745261688734
biomass_boiler,power,SK,1.4410812322803295,1.4410812326889102,1.4410812332893699,1.4410812347263515,1.441081234360515,1.441081236391817,1.4410812493925904,1.4410814976941746,1.4410815621901212,1.4410815224131945,1.4410815352412227,1.4410814667177156,1.4410814955834341,1.4410815364437837,1.4410811543768784,1.4344291427283078,1.4344291530031112,1.4344291651255083,1.4344289905000667,1.434428807094488,1.4344287289965865,1.4344287431960616,1.4344287509399862,1.434428757414438,1.434428764183684,1.4410792281599816,1.4410792288266059,1.4410791575065869,1.4410806078348255,1.4410790069108905
biomass_boiler,power,UK,6.53671405749648,6.536714057664305,6.536714057840696,6.536714058031198,6.536714058418877,6.367184466503052,6.252369107804142,6.118644978802712,4.769290703591062,4.446329654518501,3.9593979784413182,3.704591373283604,3.2639205985402993,1.995294749283157,0.9609735112887494,0.96097351205708,0.89373339240321,0.49263432389959316,0.19366811391879146,3.4782517147620353e-07,6.056735177251579e-07,6.266341016869592e-07,6.408854439255202e-07,6.510481629871824e-07,6.626963898375149e-07,6.762256248839469e-07,6.898731412399013e-07,7.072654032560541e-07,7.310086018988185e-07,7.749006294905557e-07
biomass_plant,power,AT,0.17793100011516763,0.17793100013295066,0.17793100015190477,0.17793100017235675,0.17793100019478494,0.17793100021945216,0.17793100024667305,0.1779310002759841,0.17793100030773154,0.17793100034199996,0.17793100037932782,0.17793100041978988,0.17793100046362753,0.17793100051176577,0.17793100056476746,0.17793100062350664,0.17468100068949927,0.17268100076405948,0.16618100085001303,0.16508100094956424,0.09678100106963644,0.027181001214478466,0.024050001395292793,0.014050001627039824,0.014050001894775628,0.01205000224783124,0.012050002730425755,0.012050003505643822,0.005200005007724059,0.005200006924657461
biomass_plant,power,BE,0.38210000001913763,0.3821000000347281,0.38210000005157174,0.3821000000690002,0.38210000008820527,0.3821000001090554,0.38210000013171036,0.3821000001564743,0.38210000018369905,0.3821000002136051,0.3821000002463145,0.38210000028145497,0.38210000031885577,0.38209999992449445,0.38210000040231035,0.38210000045167986,0.38210000050582477,0.38210000056658633,0.3821000006352734,0.3349000007136444,0.3349000008036329,0.32760000090794794,0.31930000103081757,0.31930000117811996,0.27460000136049867,0.24940000159124875,0.016400001916857122,0.013400002407811421,0.013400003269587154,0.013400005034598001
biomass_plant,power,BG,0.010000000090549846,0.01000000010909469,0.010000000129199412,0.010000000151109134,0.010000000175436705,0.010000000202257076,0.010000000231716209,0.010000000264699714,0.010000000301029559,0.010000000342082479,0.010000000388237621,0.010000000440648105,0.010000000500021198,0.010000000568860582,0.01000000064787662,0.010000000739622265,0.010000000823225339,0.010000000950569288,0.010000001111175678,0.010000001286742312,0.010000001559535607,0.010000001972449789,0.010000002669247221,0.010000004072698432,1.2118843108724115e-07,1.279937985374217e-07,1.3482042081595875e-07,1.4484607082344254e-07,1.550662070603587e-07,1.7109159722916196e-07
biomass_plant,power,CH,0.04040000008812099,0.04040000010654493,0.04040000012628008,0.04040000014760534,0.04040000017111818,0.04040000019708736,0.04040000022585461,0.04040000025865094,0.04040000029340787,0.04040000033085227,0.04040000037191713,0.040400000417097987,0.040400000467144835,0.04040000052191468,0.04040000058292233,0.04040000065133702,0.04040000072896831,0.040400000819421425,0.040400000926145346,0.040400001054019065,0.04040000120962461,0.01840000142394203,0.018400001725101763,0.014400002223112536,0.01440000322497281,1.1693512513637626e-07,1.219180612510914e-07,1.3651106347578678e-07,2.0481726888399156e-07,2.412261246730504e-07
biomass_plant,power,CZ,0.1704760001014265,0.17047600011917524,0.17047600013814032,0.17047600015872602,0.17047600018127182,0.17047600020607778,0.1704760002335272,0.170476000264137,0.17047600029817322,0.17047600033635646,0.17047600037944466,0.17047600042682404,0.17047600047926942,0.17047600053781511,0.17047600060381335,0.1704760006770608,0.17047600076180916,0.16553600085939002,0.16553600097080784,0.16553600110020472,0.10953600125282378,0.10683600143340197,0.1068360016492114,0.026202001923910964,0.01893000226627396,0.01621000271292185,0.015000003322876345,0.015000004212462191,0.015000005677778028,0.015000008842862315
biomass_plant,power,DE,2.217957000020726,2.2179570000361863,2.2179570001022113,2.2089570000748595,2.202757000096412,2.141257000115308,2.0832570001444335,2.0712570001729413,2.0612570002025707,1.9843570002366824,1.9463570002700454,1.9361570003066297,1.897757000347871,1.8720570003906516,1.7735570004329682,1.7367570004695507,1.70115700054613,1.5966570006106247,1.4116570006842026,1.0473570007684072,0.9121570008673343,0.7689050009826094,0.6778950011225459,0.6472750012946249,0.5400450015121282,0.3878000018017615,0.2706000022049504,0.15100000285354567,0.11810000414692219,0.04580000737008559
biomass_plant,power,DK,0.9318000000174711,0.9318000000355526,0.9318000000551093,0.9318000000764977,0.9268000001000962,0.9125000001263441,0.9125000001556043,0.9017000001883275,0.9002000002240741,0.9002000002627771,0.9002000003051753,0.8919000003513027,0.8919000004026378,0.8659000004580709,0.8522000005195379,0.8522000005876933,0.8522000006602255,0.8072000007504264,0.6802000008516833,0.680200000981142,0.6802000011202386,0.6802000012886303,0.6775000014890202,0.6721000017343284,0.5841000020421683,0.5841000024441054,0.5841000029800305,0.5540000037411666,0.5540000049797009,0.5540000076381452
biomass_plant,power,EE,0.09530000016766801,0.09530000018504488,0.09530000020359913,0.09530000022353133,0.0953000002452527,0.09530000026876516,0.09530000029430834,0.09530000032175596,0.09530000035146688,0.09530000038439758,0.09530000042075802,0.0953000004612053,0.09530000050637896,0.09530000055710568,0.09530000061384053,0.09530000067753937,0.09530000074940968,0.0953000008315217,0.08730000092394989,0.08730000103040032,0.08730000115357141,0.08730000130399271,0.08730000147306555,0.07680000169753896,0.05180000197937293,0.051800002330557364,0.027800002849118644,0.02140000358662241,0.021400004767656862,0.02140000689892306
biomass_plant,power,EL,0.052000000052577405,0.05200000007036508,0.0520000000894673,0.05200000011026145,0.05200000013311309,0.05200000015834305,0.05200000018638463,0.052000000217800345,0.05200000025301807,0.05200000029246933,0.052000000337155954,0.05200000038851766,0.052000000447453884,0.05200000051506913,0.05200000059156393,0.05200000067579232,0.028500000784419062,0.028500000902776094,0.028500001063945537,0.02850000127894407,0.028500001617849408,0.02850000231144704,1.086363851189405e-07,1.1621041985199479e-07,1.2095819018955988e-07,1.2538012719136985e-07,1.303675369458993e-07,1.3879384380001354e-07,1.4722489847190415e-07,1.6246141018923756e-07
biomass_plant,power,ES,0.608220000021401,0.6082200000375473,0.6082200000547414,0.6082200000732358,0.6082200000933653,0.6082200001152817,0.6082200001391906,0.6082200001654613,0.6082200001944433,0.6082200002266389,0.6082200002622008,0.6082200003016789,0.608220000345898,0.60587000039572,0.6058700004509814,0.6058700005161832,0.5896700005921017,0.5346700006824482,0.5346700007830274,0.50267000090758,0.49467000104780395,0.44927000121108973,0.4492700014057816,0.40990000164728235,0.35330000194412736,0.32090000231981264,0.32090000278594827,0.23750000345086705,0.22050000444984919,0.22050000644363538
biomass_plant,power,FI,1.671400000017123,1.5344000000352305,1.5344000000541227,1.5344000000751916,1.5344000000991103,1.534400000122694,1.534400000151995,1.5344000001785727,1.528400000207597,1.5284000002858034,1.5284000002873217,1.5034000003323338,1.5034000003786465,1.4044000004305024,1.355200000485335,1.3542000005479977,1.3332000006057942,1.0932000007345288,1.039900000769809,0.8970000008595009,0.8970000009586742,0.8970000010635837,0.8970000011949493,0.8230000013758219,0.677000001611309,0.4680000019439798,0.46800000244974704,0.3960000032161368,0.19200000450383586,0.19200000698904598
biomass_plant,power,FR,0.8121900000176555,0.8121900000356291,0.812190000055011,0.8121900000763076,0.8121900000997205,0.7971900001257273,0.7971900001546087,0.7971900001869356,0.7721900002232767,0.7721900002642889,0.7721900003099496,0.7721900003601317,0.7721900004148851,0.7721900004755837,0.7591900005428374,0.7591900006178522,0.7529100007027574,0.7335400007971989,0.7092800009085445,0.6874300010349532,0.6834900011828363,0.68349000135754,0.6077900015680232,0.5846900018262158,0.5474900021457356,0.5089900025667987,0.5065600031301902,0.4786600039444998,0.39316000527897244,0.3241000081402427
biomass_plant,power,HR,0.019000000089151235,0.019000000107892497,0.01900000012796878,0.01900000014961176,0.019000000173388768,0.01900000019958433,0.019000000228437668,0.019000000260301804,0.0190000002956913,0.019000000335153144,0.019000000379465615,0.01900000043017505,0.019000000491133446,0.01900000055265661,0.01900000062117628,0.019000000696291375,0.019000000780403915,0.019000000875890793,0.019000000985600913,0.017000001113607072,0.017000001258673392,0.01700000142934197,0.01700000160469238,0.017000001857320125,0.017000002170489522,0.017000002572531255,0.017000003127735083,0.01500000394860857,0.015000005259953087,0.015000008150865277
biomass_plant,power,HU,0.25050000003325906,0.2505000000508565,0.25050000006965645,0.2505000000900362,0.25050000011229595,0.2505000001368589,0.2505000001640133,0.25050000019421353,0.25050000022797364,0.2505000002660312,0.2505000003085619,0.2505000003570667,0.25050000041099535,0.25050000047060617,0.2505000005367977,0.2505000006104876,0.2505000006928724,0.2505000007857653,0.2105000008917815,0.13060000101271266,0.12860000115327427,0.128600001317619,0.1286000014850847,0.11520000172206234,0.04630000202151936,0.04130000240127823,0.03710000291253906,0.03590000349789785,0.0009000048109700013,0.0009000072393449502
biomass_plant,power,IE,0.027610000047991322,0.027610000068443896,0.027610000090202622,0.027610000113897908,0.027610000140293495,0.02761000016987574,0.027610000202496793,0.02761000023840343,0.027610000277886345,0.02761000032089873,0.02761000036523998,0.017810000419201402,0.012810000479535674,0.0128100005460836,0.012810000620214746,0.012810000700392366,0.008550000798048704,0.008550000870585134,0.008550000944952778,0.006750001107481977,0.003000001348248899,0.0030000016892323114,0.0030000020895302668,1.0410992449174479e-07,1.1472418142976245e-07,1.2461449080959312e-07,1.3255913292641332e-07,1.424845844784769e-07,1.5557947214103145e-07,1.749293534046039e-07
biomass_plant,power,IT,0.8290000000167213,0.8290000000339625,0.48100000005286064,0.4810000000731167,0.48100000009512245,0.48100000011935296,0.48100000014614414,0.48100000017597144,0.4810000002086952,0.4810000002449185,0.4810000002858388,0.48100000033073836,0.48100000038227264,0.4810000004395318,0.463000000502744,0.4630000005760555,0.4360000006574543,0.34220000075000606,0.2657000008564504,0.26570000097709834,0.206700001116618,0.20670000128019586,0.20670000147487066,0.13190000171392197,0.08490000201242703,0.07140000239564337,0.07140000290503964,0.048700003645345324,0.048700004818173104,0.04870000720816852
biomass_plant,power,LT,0.02140000016193436,0.021400000182637522,0.021400000205014275,0.0214000002294639,0.021400000256564747,0.021400000286336873,0.021400000318969478,0.02140000035487384,0.021400000394549375,0.021400000437725275,0.021400000484591217,0.021400000537424822,0.021400000594379038,0.021400000658245346,0.021400000730387923,0.021400000808910406,0.021400000897047713,0.021400000995532045,0.021400001102200313,0.021400001225086954,0.021400001367053285,0.02140000153211262,0.02140000172693499,0.021400001962005352,0.021400002250203075,0.021400002605664294,0.02140000304699998,0.016000003760359278,0.016000004895652457,0.016000007034226677
biomass_plant,power,LU,2.3510592782551688e-08,2.5620318096704636e-08,2.7151654165855238e-08,2.8078095281405192e-08,3.051109494940454e-08,3.362732500199291e-08,3.6357165068313004e-08,3.8984008101639185e-08,4.2146317757440834e-08,4.488688677014183e-08,4.678928268140306e-08,4.8555168633397203e-08,5.0828199464683205e-08,5.349999661438008e-08,5.6914848094814236e-08,5.886319106592781e-08,6.44984255694879e-08,6.75203182522906e-08,7.402788897492168e-08,7.748366777552581e-08,9.235524277267023e-08,1.005395693370172e-07,1.0801537937818305e-07,1.1425670995447221e-07,1.1899535758837525e-07,1.2222398820112719e-07,1.2498525758755627e-07,1.3188337393195016e-07,1.8002535070319023e-07,2.139058510410285e-07
biomass_plant,power,LV,0.031400000105886124,0.03140000012619841,0.0314000001482106,0.031400000172348536,0.03140000019931659,0.03140000022887204,0.03140000026113658,0.03140000029618993,0.03140000033477288,0.03140000037772918,0.03140000042367424,0.031400000474720566,0.03140000053205239,0.031400000595648375,0.03140000066709345,0.03140000074835395,0.03140000084080566,0.03140000094673758,0.03140000106699569,0.03140000120631089,0.03140000137185345,0.03140000156953929,0.03140000180905474,0.03140000211165912,0.031400002499277595,0.03140000301423635,0.031400003797658504,0.023000005645854228,1.6953734785946427e-07,1.9346242251361927e-07
biomass_plant,power,NL,0.7039060000168101,0.7039060000334596,0.7039060000544647,0.7039060000698573,0.7039060000904377,0.7039060001129142,0.703906000137553,0.7039060001645201,0.703906000194573,0.7039060002276171,0.7039060002642066,0.7039060003056781,0.7039060003503601,0.7039060003990385,0.6789060004517177,0.6774060005049285,0.677406000571988,0.6774060006448515,0.6774060007256889,0.6774060008219783,0.6166000009350634,0.615900001072212,0.6117000012457965,0.5519000014640043,0.5519000017196334,0.5519000020377062,0.5499000024679253,0.5399000031629994,0.13990000483718107,0.04000000884721456
biomass_plant,power,NO,0.002121000139172873,0.0021210001613757353,0.0021210001836409875,0.002121000208109289,0.002121000235308445,0.0021210002653844783,0.002121000298829097,0.0021210003366936092,0.002121000380650185,0.0021210004325134917,0.0021210004966270525,0.002121000565709236,0.0021210006438053875,0.002121000736086432,0.0021210008400078403,0.0021210009684885724,0.0021210011046350593,0.0021210012447985234,0.0019810014222059217,0.0014710018811054785,6.25886452331963e-08,6.873694635724342e-08,7.366447524012008e-08,7.849860736106317e-08,8.347262337288258e-08,8.855933226856318e-08,9.337995652410262e-08,1.0015059543648862e-07,1.0964177488077407e-07,1.1882854699895718e-07
biomass_plant,power,PL,0.582591000027649,0.5825910000438618,0.5825910000613002,0.5825910000800669,0.5825910001005791,0.5825910001228745,0.582591000147316,0.5825910001741773,0.5825910002039132,0.5825910002370794,0.5825910002735656,0.5825910003144954,0.582591000360476,0.5825910004123807,0.5823910004722936,0.5822910005415425,0.5822910006226786,0.5822910007190569,0.45093100084239335,0.4509310009792012,0.4481310011426369,0.4283210013376871,0.42832100157539926,0.4244450018777359,0.42022500226118253,0.4036000027874569,0.39840000345876997,0.3260000047187637,0.02500000759696,2.438316376944943e-07
biomass_plant,power,PT,0.11510000019354591,0.11510000021017622,0.11510000022752505,0.1151000002460523,0.11510000026622264,0.11510000028824802,0.1151000003123505,0.11510000033870263,0.1151000003681801,0.11510000040030534,0.11510000043577907,0.11510000047538009,0.1151000005196263,0.11510000056962254,0.11510000062631597,0.11510000069139642,0.11510000076727059,0.11510000085568696,0.11300000095967795,0.113000001080294,0.11300000122018121,0.10020000138477252,0.10020000157324457,0.10020000181064133,0.047000002105685695,0.03450000247979393,0.034500002932166055,0.034500003568727636,0.03450000454632798,0.034500006495812065
biomass_plant,power,RO,0.015000000080226098,0.01500000009948659,0.015000000119927555,0.015000000141821351,0.015000000166053504,0.015000000192749864,0.01500000022175392,0.015000000253483789,0.015000000288248485,0.015000000326999665,0.01500000037055932,0.015000000418924641,0.015000000472434877,0.015000000531804067,0.01500000059626996,0.015000000668325955,0.015000000749854279,0.015000000842554234,0.01500000094893841,0.015000001073439512,0.01500000122075477,0.015000001397826397,0.015000001612184,0.015000001869342533,0.015000002200666917,0.015000002643407227,0.015000003291850101,0.015000004325979347,0.015000006006251967,1.8626282343027145e-07
biomass_plant,power,SE,0.8255000000178409,0.8254999994688446,0.8254999996637098,0.8255000011052064,0.8255000000976926,0.825500000122912,0.8255000001498759,0.8255000001789405,0.8255000002097247,0.7640000002433398,0.7640000002788729,0.7640000003175125,0.6870000003592095,0.6870000004043979,0.6640000004531144,0.664000000505517,0.6640000005597415,0.6372000006215315,0.6022000006906844,0.6022000007651999,0.46870000085134855,0.46520000094999325,0.45830000106462704,0.45830000120158704,0.33830000136858507,0.31830000157561805,0.3183000018450865,0.22630000222814473,0.22390000284181766,0.13230000424285415
biomass_plant,power,SI,0.008000000149239638,0.008000000169122105,0.008000000189990312,0.008000000212661689,0.00800000023773853,0.008000000265615557,0.008000000296808902,0.008000000331986815,0.008000000371873631,0.00800000041733157,0.008000000469682753,0.008000000531002052,0.008000000602794379,0.008000000683753108,0.008000000775183869,0.008000000883254556,0.00800000101200862,0.00800000116651321,0.008000001361277114,0.008000001613525065,0.00800000195694227,0.008000002495446759,0.008000003623155316,1.0952635487033731e-07,1.218169293054033e-07,1.3321886096219154e-07,1.4827632265096666e-07,1.6153581238970734e-07,1.7803857680532893e-07,2.0202881650318163e-07
biomass_plant,power,SK,0.003000000328693858,0.003000000348708388,0.00300000037039523,0.0030000003939138877,0.003000000420235894,0.0030000004493982535,0.0030000004810018226,0.0030000005237919274,0.0030000005618762197,0.0030000006022533913,0.00300000064836939,0.0030000007006584627,0.0030000007584657135,0.003000000822321198,0.0030000008935151625,0.0030000009750727544,0.0030000010661446544,0.003000001172758819,0.0030000013029746436,0.003000001457538236,0.003000001656834989,0.0030000018677304725,0.0030000021312503876,0.0030000024716441503,0.0030000029745256883,1.2029259680089794e-07,1.2643720278854122e-07,1.442343315925229e-07,1.7962227021339737e-07,2.1051024013544353e-07
biomass_plant,power,UK,5.6097000000146116,5.609700000030291,5.609700000047142,5.6097000000654,5.609700000085222,5.609700000106788,5.609700000130312,5.580430000156043,5.561300000184274,5.561160000215352,5.556540000249704,5.497040000287804,5.472970000330287,5.353970000378035,5.24064000042987,5.128790000491785,4.995510000563526,4.863780000664976,4.789040000752502,4.673280000324904,4.590420000995786,4.532220001153673,4.325520001348027,4.278240001584219,4.22029000193246,4.184620002243828,4.156780002991257,4.030470003584579,3.306270004623989,2.4878700071753106
biomass_plant_CCS,power,AT,1.9827128488720306e-08,2.1679221503996375e-08,2.2712102391038373e-08,2.3204010889884834e-08,2.4298288370377084e-08,2.6177832008963505e-08,3.678438557256023e-08,4.153938603379711e-08,4.9985568029258394e-08,6.469255141166588e-08,8.829602834263892e-08,1.1824326558742797e-07,1.5634531628856533e-07,1.9918369664622084e-07,2.5329385500807833e-07,2.876845175278658e-07,4.377283914126841e-07,5.243794740584527e-07,6.178317739496869e-07,8.680014807079903e-07,1.7418840223301578e-06,1.7506371710592255e-06,1.9193060891688843e-06,2.4769994051941476e-06,3.420506053717709e-06,0.001664562889923473,0.07312754880230861,0.246313447814306,0.2463134585821778,0.24631346704426202
biomass_plant_CCS,power,BE,2.1616307377842255e-08,2.3450184725561247e-08,2.4398371453901806e-08,2.4874622631045877e-08,2.570089381239013e-08,2.730450258257956e-08,3.14711340650815e-08,3.6199746067290314e-08,4.199225572274489e-08,4.8312424199317565e-08,1.1685668391692706e-07,2.601015285250204e-07,0.22287486048377536,0.27498448872270814,0.27498470115926027,0.6289268332939474,0.679283341178304,0.6792833439921365,0.6792833455026238,0.6792833466027594,0.6792833474684031,0.6792833474656077,0.6792833485394159,0.6792833489472301,0.6792833486670471,0.6792833503974016,0.6792833523916112,0.6792833532928911,0.6792833561316131,0.6792833573323791
biomass_plant_CCS,power,BG,1.4917830872888145e-08,1.685853155562054e-08,1.84587237578548e-08,1.9539097694506724e-08,2.296308099899107e-08,2.5531339057290663e-08,2.868386183104056e-08,3.247370073402085e-08,3.762337507219286e-08,5.40315644846279e-08,6.394760490162196e-08,7.610999214290262e-08,7.966520321111543e-08,1.1505885305882878e-07,3.14846511982787e-07,5.751916667460187e-07,0.02682158955460737,0.12553767313092412,0.33046188705166435,0.3422423195596215,0.342242321520676,0.3422423234593563,0.34224232271819033,0.3422423249621713,0.3422423250475441,0.34224232281340816,0.34224232854177317,0.3422423284554188,0.34224232987987147,0.342242331218712
biomass_plant_CCS,power,CH,1.930969020111669e-08,2.1247372556135447e-08,2.2423847412596982e-08,2.2989410124609535e-08,2.435566212765725e-08,2.642928329978328e-08,2.995784802025144e-08,4.516233530264856e-08,5.4356088593755685e-08,6.444166142429761e-08,8.21240254378374e-08,9.659309891354206e-08,1.1709374216374746e-07,1.6250967238236186e-07,2.975591206666567e-07,4.956843245285819e-06,0.09156761496095907,0.09156762408506419,0.09156762726636529,0.09156762672261781,0.09156762724377462,0.09156762799303336,0.0915676300879488,0.0915676292897542,0.09156763329454924,0.10352768502290247,0.1035277093838945,0.10352774875645988,0.10352775531876232,0.10352775767527576
biomass_plant_CCS,power,CZ,1.8710302580597232e-08,2.051256661852176e-08,2.154788245127863e-08,2.2095372369472873e-08,2.312869687784025e-08,2.4658647430157264e-08,2.721473522353594e-08,3.039864185174094e-08,3.4743623572369894e-08,4.090231171241386e-08,6.898662151975283e-08,8.333231691759175e-08,9.772263077835521e-08,1.0954544756498948e-07,1.5116642855887653e-07,1.620642543135222e-07,2.817795234395818e-07,4.319884863141094e-07,5.495505359408013e-07,6.950252623325251e-07,6.980183610728583e-07,6.997755372998211e-07,7.01091586153451e-07,7.024266676780661e-07,7.13776130658258e-07,1.5183676740638584e-06,1.530604907472523e-06,1.532879298017017e-06,1.5342039176639434e-06,1.5370550385151407e-06
biomass_plant_CCS,power,DE,2.1992394649195018e-08,2.3808802950969496e-08,2.4872212471098438e-08,2.5400799308387043e-08,2.6354168510293642e-08,2.8004608717995765e-08,3.189572753197761e-08,4.930302233628099e-08,6.587669189866403e-08,9.07518672843878e-08,1.998602225930709e-07,1.1462318799252385e-06,0.7483080363554773,0.9821512091232857,2.533389898680241,3.0082973757325164,4.746852998305549,6.037328758364809,7.153061773393557,7.240759308407289,7.240759316974804,7.24075931789691,7.240759322104735,7.24075932178219,7.240759323168904,7.240759380501394,7.42361283319348,7.555283405312862,7.55528336352307,7.555283491830943
biomass_plant_CCS,power,DK,1.8251298920529657e-08,1.9910084098463105e-08,2.1034593030165462e-08,2.172810778536291e-08,2.2949059015176883e-08,2.5459130979805542e-08,2.924247661909434e-08,4.424425009626838e-08,5.4802262837986146e-08,6.876739848715872e-08,9.246035935887316e-08,1.4308058314631642e-07,2.3462261239945787e-07,2.069039705000175e-06,4.747201834462693e-06,0.1627578398767399,0.47672678560097964,0.6730840943517451,0.676927063980776,0.6929655414638302,0.6929655432491446,0.6929655442732384,0.6929655454994834,0.6929655462882394,0.6929655483006801,0.6929655495191369,0.69296555099265,0.6929655521983363,0.6929655530963318,0.6929655549114403
biomass_plant_CCS,power,EE,1.987359338177097e-08,2.021895312336627e-08,2.0659808687211643e-08,2.1128586078492992e-08,2.1952742471582985e-08,2.3204436093999297e-08,2.6286146843544348e-08,2.7483163057924144e-08,2.872376126276786e-08,3.109247635578258e-08,3.450427983035179e-08,3.8673434690343443e-08,4.402414770683769e-08,5.3955495970417184e-08,6.604767658028198e-08,8.252528799140839e-08,9.902284876033778e-08,1.0878639474909354e-07,1.2722069523096434e-07,2.0641466328989526e-07,2.0985821743315046e-07,2.1135465093689613e-07,2.1357186010596027e-07,2.1926212810764114e-07,2.3386646242945456e-07,2.3897832630871614e-07,2.4508106812185377e-07,2.480276522764943e-07,2.5003352339456694e-07,2.54468263048515e-07
biomass_plant_CCS,power,EL,1.5674516138064985e-08,1.7317107726256064e-08,1.8512467679367047e-08,1.941378599196985e-08,2.2945050915871425e-08,2.604241041666668e-08,3.028276167212218e-08,3.5572262238490365e-08,4.184511959928954e-08,5.09037745359896e-08,6.134963187685956e-08,7.38121169713978e-08,1.1945700983984107e-07,2.3001333168632636e-07,0.0085340417994985,0.008534084638570994,0.27289916857984753,0.27289946117333413,0.3592966786057925,0.3592966815930683,0.3592966874187167,0.3592967752631047,0.35929713168656957,0.35929713635890514,0.3592972535594874,0.3592972860897909,0.3592972907067352,0.3592972942230969,0.3592972967116094,0.35929729938272204
biomass_plant_CCS,power,ES,1.557614963558294e-08,1.7063021143503388e-08,1.7904634213337867e-08,1.836343124939677e-08,1.9114196213217107e-08,2.030325853082234e-08,2.21414042812168e-08,2.432344235654929e-08,2.7040703848292808e-08,2.9799577895806583e-08,3.287377381204766e-08,3.6656805725856456e-08,4.1355400006827195e-08,4.6785273220602e-08,5.335452700803204e-08,6.167888270393269e-08,7.265150529502388e-08,8.156292316211484e-08,9.485703901930225e-08,1.028488448001321e-07,1.0833487900451983e-07,1.1786061854717005e-07,1.2675133809850821e-07,1.3351116683269258e-07,1.9751925026026174e-07,2.2876956619627028e-07,2.930647427316702e-07,3.358120631535161e-07,3.4087487949561907e-07,3.464868968688098e-07
biomass_plant_CCS,power,FI,1.589886774969351e-08,1.7761306423230462e-08,1.9043115078936665e-08,2.0018279610034357e-08,2.2623254111495e-08,2.4571141828744332e-08,2.600541270240033e-08,2.7131044018821695e-08,2.933127654103805e-08,3.40099975512229e-08,4.802310559077345e-08,5.676645458869566e-08,6.852512619194793e-08,7.944893738488968e-08,1.0706874445786e-07,1.5551806104636297e-07,9.59890474630909e-07,0.07571036324412382,0.49721122826969066,0.781995615411347,1.187074228914616,1.393250989572587,1.3932510075248905,1.3932510098174218,1.3932510491150385,1.393251482914331,1.3932551024721518,1.393845942476823,1.3938459446496148,1.3938459470647457
biomass_plant_CCS,power,FR,1.5823550076348756e-08,1.7654353863107535e-08,1.929504925831048e-08,2.0205450752419833e-08,2.1551104883807186e-08,2.3391091869856167e-08,2.5612047460752492e-08,2.800357663520627e-08,3.114562897787258e-08,4.354410104057496e-08,5.2584979752885216e-08,6.168854724244993e-08,7.421879363620237e-08,9.096821402744267e-08,1.3401342544268383e-07,4.024472431007099e-07,1.3582808902947312,1.3582808972307698,1.3582809016785622,1.358280903671184,1.358280904554038,1.3582809054847276,1.3582809066588606,1.358280907427337,1.3582809081367677,1.3582809088464072,1.3582809096890547,1.3582809105470166,1.3582809116180727,1.3582809131069689
biomass_plant_CCS,power,HR,1.9053692077813265e-08,2.0657889480671206e-08,2.1849728867075414e-08,2.270451446860801e-08,2.461470827491058e-08,2.7054118822549992e-08,3.115872403574951e-08,3.610785773411717e-08,4.207075414552677e-08,4.920657616876325e-08,6.06409672578748e-08,1.726837048773691e-07,7.273222590446663e-07,0.028646059334512988,0.028646213751322876,0.02864635528932095,0.028646378401172984,0.028646380598420593,0.028646383088763435,0.02864638258272729,0.028646382153517554,0.028646383522803014,0.02864638430044323,0.02864638514713068,0.028646386564932114,0.02864638461902408,0.028646388606711596,0.028646387745336736,0.028646393352401364,0.028646391721019304
biomass_plant_CCS,power,HU,1.6131487817676678e-08,1.7964608523729335e-08,1.9249782982143448e-08,2.0089442729290415e-08,2.158101371701474e-08,2.3315845693380915e-08,2.5930455923317e-08,2.889278644206682e-08,3.252266181257239e-08,3.712581701124039e-08,4.166603153562895e-08,6.225549459676656e-08,7.663201627230587e-08,8.918641581833507e-08,1.0135308600073715e-07,1.124813683586063e-07,1.2743104908566586e-07,1.515886082388565e-07,1.837270224633314e-07,2.0025162483890045e-07,2.09123956070799e-07,2.1618730360195208e-07,2.1898619272746502e-07,2.2219273539639935e-07,2.9523856219463156e-07,3.733361605635907e-07,3.799322961435519e-07,3.819479036727121e-07,3.833574945789277e-07,3.864721019251085e-07
biomass_plant_CCS,power,IE,1.8891457396821757e-08,2.0999161821358416e-08,2.243093013314868e-08,2.3133002048339214e-08,2.492258104830775e-08,2.8554734955647007e-08,3.26898373342084e-08,3.725851064811055e-08,4.218146344127752e-08,4.742186820207012e-08,5.683355048099816e-08,6.40871221826404e-08,7.682797064334015e-08,9.69756393983454e-08,1.469744436960823e-07,2.6333775508868317e-07,9.70182567812331e-07,0.08167947849643262,0.0816795977616869,0.08878017673515587,0.0887801774843823,0.08878018350601732,0.08878019670772867,0.08878031206139482,0.08878043803732343,0.08878060539748951,0.08878061015028214,0.08878061106363525,0.08878061459563309,0.08878061662233756
biomass_plant_CCS,power,IT,2.0149289767782202e-08,2.203691706549899e-08,2.3058163367425687e-08,2.3534640778306272e-08,2.511010401213124e-08,2.825033490545234e-08,3.3018203357940956e-08,4.157731999995505e-08,5.579719704794411e-08,7.34516866834032e-08,1.0438115905678633e-07,1.683692293796276e-07,3.7845340366111833e-07,0.002921281241962193,0.002921597923190344,0.46769194148898185,0.4676921908923287,0.46769221996394283,0.46769221560503815,0.4676922191176351,0.46769221866218086,0.46769221817170287,0.4676922180832125,0.46769221622882856,0.4676922190033543,0.46769221824222407,0.4676922210569135,0.4676922237983056,0.467692224682147,0.4676922266576049
biomass_plant_CCS,power,LT,2.0530602911002817e-08,2.082923270383584e-08,2.1275558089361807e-08,2.1728633442192208e-08,2.2762609130445133e-08,2.4766997809894647e-08,2.7549246755018444e-08,3.0758770184988585e-08,3.435456106771187e-08,3.87887016078822e-08,4.419384392316762e-08,5.2404194761217074e-08,6.035983331393224e-08,6.976717292308833e-08,8.308448988631523e-08,1.0021710609045338e-07,1.2144495674174017e-07,1.3720302817185452e-07,1.7328351496614139e-07,2.3353274178095598e-07,2.3542813111240718e-07,2.364678782419402e-07,2.373766573223013e-07,2.3829045494812697e-07,2.399147407251082e-07,2.421006622593715e-07,2.440414953752046e-07,2.45696674345323e-07,2.471271713601941e-07,2.502350380615941e-07
biomass_plant_CCS,power,LU,1.7571037679340545e-08,1.969060205863276e-08,2.1897438261039988e-08,2.2742374606183453e-08,2.474787799650364e-08,2.7926875280820313e-08,3.180974877265637e-08,3.515740360049471e-08,3.985814267193787e-08,4.336563232984417e-08,4.6649245793955194e-08,5.0394582817930306e-08,5.674027888221675e-08,6.457916453475003e-08,9.031795880716041e-08,1.1135614210394669e-07,1.9432923547604914e-07,1.970216259066677e-07,6.788428235024529e-07,6.828019532373993e-07,1.1821540117758278e-06,1.2716053054180462e-06,1.2842219547221711e-06,1.2863513340736077e-06,1.6773756880653208e-06,0.0476321088756323,0.04763212397459862,0.04763212817984074,0.04763213540132452,0.04763213016763505
biomass_plant_CCS,power,LV,1.5709557928599716e-08,1.7318628975552222e-08,1.847543148893595e-08,1.929002237876802e-08,2.1804177846058818e-08,2.4556619063239646e-08,2.7542986628054836e-08,3.0695660879860176e-08,3.423923241730329e-08,3.847415941446611e-08,4.294272113224884e-08,4.812383897474739e-08,5.4332206834358065e-08,6.145194396389748e-08,7.240841295047525e-08,9.11074665245514e-08,1.041554281840395e-07,1.0984787333007138e-07,1.82484646797015e-07,2.9119327917168774e-07,2.937190677219479e-07,2.9504763303602365e-07,2.9607546334122695e-07,2.9692528523887456e-07,2.981201887940143e-07,2.995295340663127e-07,3.008457639864723e-07,3.021352866202397e-07,3.0338075287493547e-07,3.059360936296174e-07
biomass_plant_CCS,power,NL,2.1805933697776317e-08,2.324828867188235e-08,2.4058383243529628e-08,2.446692483094425e-08,2.5201100837218506e-08,2.6599015041842356e-08,3.0800013763501965e-08,3.590598642854063e-08,4.257055625249319e-08,5.098716775442147e-08,6.267604441881699e-08,3.634198558590926e-07,5.94338652604811e-07,6.482759748420117e-07,0.17895089830736177,0.22409584443295738,0.25043506617416894,0.3350321310936376,0.43747203465663126,0.4797668587822951,0.47976724848225843,0.47976728392536117,0.47976751752285574,0.4797700301954912,0.4797795056185986,0.5294354051707403,0.5529607175471356,0.5847646617597989,0.7506470845446589,0.7506472921490086
biomass_plant_CCS,power,NO,1.5395404517568193e-08,1.712873627561578e-08,1.8349059670762122e-08,1.932224301556728e-08,2.0607012148719584e-08,2.214075559983221e-08,2.4142661966635456e-08,2.704652242564476e-08,3.02625374640832e-08,3.400465440942277e-08,4.962011473248576e-08,5.784824003211444e-08,6.771853062590543e-08,1.0413644272715595e-07,1.6264781595913443e-07,6.152342126008636e-07,0.13577539963701815,0.22748950971623572,0.25939813613765855,0.28609293498570715,0.28609293760900173,0.28609293829594884,0.28609293870263386,0.28609293938160424,0.2860929398749964,0.2860929079914075,0.2860929407191949,0.2860929412445716,0.28609294201397995,0.2860929342821767
biomass_plant_CCS,power,PL,1.625645759284263e-08,1.79943373145486e-08,1.9252246131585538e-08,2.018359790399868e-08,2.160220360238951e-08,2.3239154688972324e-08,2.556593769421265e-08,2.8151252832594297e-08,3.147550060727229e-08,3.568875996717198e-08,4.072315118860842e-08,4.660277610211737e-08,5.305260637860325e-08,6.050643630318397e-08,6.984217694334704e-08,7.943921437816245e-08,8.748050801413066e-08,9.887315202391994e-08,4.4976326270592446e-07,4.565870485339045e-06,4.568281183994516e-06,4.569736578471849e-06,4.57099173149759e-06,4.572216015224179e-06,4.577167847699273e-06,4.590334331076088e-06,4.594830324886245e-06,4.598011085665513e-06,4.600099740370988e-06,4.604987840888843e-06
biomass_plant_CCS,power,PT,1.4936179666899215e-08,1.6406094857304246e-08,1.7163494151539933e-08,1.756658430399595e-08,1.822505073690384e-08,1.92753354135298e-08,2.0891790206466685e-08,2.272248603773661e-08,2.4946870086119454e-08,2.732694319037639e-08,2.993525145901176e-08,3.315022260286201e-08,3.6965295452346886e-08,4.116656544337669e-08,4.6255439399345446e-08,5.217105066259969e-08,5.932302548385337e-08,6.556759034782164e-08,7.355455424353643e-08,7.981757097733399e-08,8.518096212396667e-08,9.349361598667506e-08,1.0089110394016838e-07,1.063472637759312e-07,1.3534111009654738e-07,1.5010189162447896e-07,1.7356036339534222e-07,1.9312944057493316e-07,1.9780142033027435e-07,2.0310246722579584e-07
biomass_plant_CCS,power,RO,1.5586001808441694e-08,1.790255461659818e-08,2.0077638638128067e-08,2.083029381307031e-08,2.3552886025176297e-08,2.77192337524266e-08,3.067746832568297e-08,3.4058096985432927e-08,3.922391857368015e-08,4.599197639835644e-08,5.526830920759759e-08,6.525673350017823e-08,7.930088607655813e-08,9.544753989997021e-08,1.1161943667034298e-07,1.1852988018892569e-07,1.4489956552162964e-07,2.2796821324651832e-07,2.4150795623823246e-07,2.4295195040351895e-07,2.44625589357735e-07,2.4628681647741467e-07,2.484174233871324e-07,2.4970373468439787e-07,2.556389202110605e-07,2.8699875436210293e-07,3.319691059992506e-07,3.3822592934572717e-07,3.407416798098573e-07,3.4470711914852606e-07
biomass_plant_CCS,power,SE,1.7175011413291218e-08,1.873168701517098e-08,2.0057202566798387e-08,2.0989725939998687e-08,2.339135206971433e-08,2.5970399522273913e-08,2.9106532032770964e-08,3.437697902705438e-08,3.9365890373132414e-08,4.5191370396476836e-08,5.3620123816894095e-08,6.327209792860164e-08,7.68188647484292e-08,9.761556391548977e-08,1.3884787852930465e-07,3.3225899411488725e-07,0.20278330546016715,0.5773172894833292,0.6063872484609105,1.415614103957302,2.055504450977719,2.0555044511359584,2.055504449297202,2.055504451392557,2.0555044518452075,2.0555044532441884,2.0555044562101465,2.0555044484599647,2.0555044611645563,2.0555044578228516
biomass_plant_CCS,power,SI,1.7246268245741083e-08,1.8956548352585535e-08,2.0104397071829678e-08,2.0965242956557792e-08,2.2774491614030658e-08,2.4933526600451046e-08,2.8077735625770157e-08,3.20273030904331e-08,3.7009753644490835e-08,4.3427007248652757e-08,5.3606287918511046e-08,8.645247166279865e-08,1.956656755545324e-07,2.1614965154409436e-07,2.2510352471462523e-07,2.2910347672009015e-07,2.4202475894364525e-07,2.5558798627245993e-07,2.7629077614847096e-07,2.7995305441287867e-07,2.8187902893044034e-07,2.8365691664100496e-07,2.8561869007632423e-07,2.885963807589039e-07,3.080557446880114e-07,3.7626669287908074e-07,3.8921411402638547e-07,3.917563023316147e-07,3.932864985043662e-07,3.9656074907034076e-07
biomass_plant_CCS,power,SK,2.1669025367553786e-08,2.2027028196047796e-08,2.2536945173771877e-08,2.299846097460171e-08,2.433560557123806e-08,2.6646034208501035e-08,2.993270095749238e-08,3.7783318470977414e-08,4.506595906397443e-08,5.409204230623702e-08,6.331528668536039e-08,7.365837937717853e-08,8.414900945024166e-08,9.027405990859414e-08,9.941261079624437e-08,1.1560356521967191e-07,1.2076848820540478e-07,1.2887241501568688e-07,1.7653825698049444e-07,2.4280997240839624e-07,2.596785846089772e-07,2.616542795442779e-07,2.6288805329604693e-07,2.641273908226679e-07,2.676688451934805e-07,5.934957661252714e-07,6.025585757999652e-07,6.11940733772757e-07,6.146860406461856e-07,6.193951762651729e-07
biomass_plant_CCS,power,UK,1.7414266930720016e-08,1.9176733924469548e-08,2.0482934809620456e-08,2.123565741143576e-08,2.281415771598474e-08,2.4884619554032004e-08,2.7516683250151146e-08,3.0470805664262126e-08,3.396425365588056e-08,3.801850919118514e-08,4.3378580148154995e-08,4.995452225101707e-08,5.796943666752272e-08,6.804917335692893e-08,8.663680728586578e-08,1.2998751668567595e-07,2.269998084323203e-07,0.24128422679758407,0.40383558102878137,0.5650687910843695,0.5650692002607746,0.5650692066544954,0.5650692083683464,0.5650692097331583,0.5650692116555168,0.5650692148786955,0.5650692177026155,0.5650692199948617,0.5650692214555422,0.5650692235393068
carbon_pipeline,power,AT-CH,9.863350812399783e-08,1.0760763996773585e-07,1.141029541568399e-07,1.198703879116531e-07,1.243463482300166e-07,1.292809554865884e-07,1.3445918704390647e-07,1.393801673439033e-07,1.4478662720499416e-07,1.5042191844345845e-07,1.5605660137250925e-07,1.6274296815389875e-07,1.7026982197482413e-07,1.8470891966948326e-07,2.1152812337609264e-07,2.3743904982151646e-07,3.323584400606505e-07,3.490523314771484e-07,3.889149594852762e-07,4.167903305601473e-07,4.904933103487504e-07,5.050804669910779e-07,5.752304015893875e-07,6.011318123981934e-07,6.191895135999082e-07,6.256870698774794e-07,6.551948358795128e-07,7.234683474026869e-07,7.601935045600049e-07,9.162496132248301e-07
carbon_pipeline,power,AT-CZ,1.4269751043672952e-07,1.563312286252926e-07,1.659744753836929e-07,1.7330879729828258e-07,1.7834097437688636e-07,1.841799323276314e-07,1.9091256006301216e-07,1.9750451143757983e-07,2.049228172995327e-07,2.1289204139587857e-07,2.2101825308416209e-07,2.291263368616708e-07,2.3777119246126122e-07,2.4873574549381233e-07,2.6524584628629035e-07,2.8830024501615524e-07,3.0504939573841487e-07,3.172011293402606e-07,3.33493797968517e-07,4.0619272429522523e-07,6.149508089800755e-07,6.444207693165634e-07,6.875915654424522e-07,7.670886363060595e-07,8.578491446173986e-07,9.185671288931818e-07,9.590371616668664e-07,1.0122244636126453e-06,1.0621340846368582e-06,1.115015979995386e-06
carbon_pipeline,power,AT-DE,1.0797991170281442e-07,1.185534912031895e-07,1.2665322080125682e-07,1.3259482024597362e-07,1.3542609817806157e-07,1.3946443731790627e-07,1.4525785829099815e-07,1.5007751841185042e-07,1.5406497297889356e-07,1.5814090692503903e-07,1.6189408084054786e-07,1.6545241173949634e-07,1.6944269260140275e-07,1.7479830932449283e-07,1.9676545135521864e-07,2.531119965678807e-07,2.9332394359608545e-07,3.0015576645650984e-07,3.1274032014314854e-07,3.246732582287701e-07,5.516851731951287e-07,5.651303087871273e-07,7.007265994201583e-07,8.585229796419858e-07,1.7333777697851908e-06,0.0016241080382220956,0.07139506765300656,0.24048048265907918,0.24048049515871706,0.24048051537835105
carbon_pipeline,power,AT-HU,9.120461636927591e-08,9.92149879727207e-08,1.0494978596164386e-07,1.1004248106864556e-07,1.1525760508280257e-07,1.2029375789979145e-07,1.2564223893261482e-07,1.3106867902842962e-07,1.3700774123663408e-07,1.432556967230436e-07,1.5008029393673208e-07,1.5653419580481575e-07,1.6356771327492656e-07,1.7186050325421336e-07,1.8007857719147165e-07,1.8856774418261387e-07,2.006132074837855e-07,2.2227095186679076e-07,2.3823612514467926e-07,2.616389168071922e-07,3.0734601055631503e-07,3.2520684938863686e-07,3.434471152457439e-07,3.9503257732048936e-07,4.434411840424455e-07,4.7651482781173863e-07,5.046852797495717e-07,5.519944960920054e-07,6.777029645916067e-07,7.400602806112969e-07
carbon_pipeline,power,AT-IT,8.057406823172182e-08,8.740613612551227e-08,9.253230129794236e-08,9.844825208845431e-08,1.307071228193019e-07,1.5212372908365386e-07,1.6864050413181477e-07,2.016694615927001e-07,2.2632279282230892e-07,2.58165284972229e-07,3.1177748370392994e-07,3.7600746626138914e-07,4.369919543437023e-07,4.5056295878244855e-07,4.552225285056519e-07,4.566902966944182e-07,4.5864123844064774e-07,4.661581172529924e-07,4.918991406422304e-07,5.075995130146673e-07,5.669065022345551e-07,5.868522952809104e-07,6.095161731258638e-07,8.782833390933041e-07,1.2842495677994535e-06,0.0016213656793246357,0.06136491002539871,0.21251292200661534,0.21251295849577803,0.21251310226766415
carbon_pipeline,power,AT-SI,1.9528494418950912e-07,2.1321339362259769e-07,2.2667159525006858e-07,2.406509217423568e-07,2.644859807991239e-07,2.8417208376296595e-07,3.052448215993149e-07,3.3621662815573937e-07,3.6516934709288684e-07,3.9795416333477283e-07,4.45548869772593e-07,4.958199244293393e-07,5.491868918839866e-07,5.654229881541076e-07,5.727265582443353e-07,5.797550316454704e-07,5.923734223864043e-07,6.373900217120501e-07,6.898754050459311e-07,7.545392286615169e-07,9.064953987460837e-07,9.775036031961267e-07,1.0730323316794083e-06,1.6407898339398374e-06,2.466369728043192e-06,4.167265481968088e-06,0.010031577657054971,0.0279690213841944,0.027969256658736615,0.02796951672118733
carbon_pipeline,power,AT-SK,8.771678505886064e-08,9.508099527737172e-08,1.0046673545191977e-07,1.050942537955608e-07,1.0928381022502567e-07,1.1353751617926125e-07,1.1802080771825921e-07,1.224150934216235e-07,1.2738583940028974e-07,1.3269330775055376e-07,1.384834942585006e-07,1.4432916063785148e-07,1.5058719312099906e-07,1.5800947410124907e-07,1.6614689048801026e-07,1.7486205932005007e-07,1.8547387851794155e-07,1.9973424944709833e-07,2.1356724916975398e-07,2.4932751196041757e-07,3.090388297495945e-07,3.2456762305453813e-07,3.409052415410709e-07,3.699791629386553e-07,3.921957232178993e-07,4.0535023749664345e-07,4.1938164621764986e-07,4.426735421532717e-07,4.850021447094104e-07,5.28907583209992e-07
carbon_pipeline,power,BE-DE,9.725962314232682e-08,1.0623737024948551e-07,1.1249177155709856e-07,1.1796341242874054e-07,1.236556985600502e-07,1.2911652361141167e-07,1.334527850992881e-07,1.3859106140134643e-07,1.4573570408410988e-07,1.6002295144377852e-07,1.6975796556531808e-07,1.7210983597160313e-07,1.738673882193091e-07,1.7558536436752277e-07,1.7787980359451035e-07,1.809105032073886e-07,1.8537586220963788e-07,1.9225093949065253e-07,1.995609559253156e-07,2.087426565082345e-07,2.2415040051034032e-07,2.3678941242094377e-07,2.48782699936132e-07,2.637781116666929e-07,2.805192410675284e-07,2.9692412883003324e-07,3.146417507696324e-07,3.330253526457919e-07,3.5428164774125903e-07,3.8551092558840105e-07
carbon_pipeline,power,BE-FR,8.510809035891055e-08,9.257689808404245e-08,9.776278138966476e-08,1.0264972511361331e-07,1.0801313475588455e-07,1.130213602954355e-07,1.1699066269037789e-07,1.220942667780741e-07,1.2976556587737344e-07,1.4392345490832234e-07,1.6433621878835262e-07,1.7270705610311753e-07,1.793246217247079e-07,1.8492026285260488e-07,1.9060124709701722e-07,1.971502632439408e-07,2.123045963723039e-07,2.2906870202526525e-07,2.3857298368098126e-07,2.511550053217308e-07,2.6986998390665937e-07,2.89620337408754e-07,3.0877582852542046e-07,4.5175670430435707e-07,4.4560445059093985e-06,4.538322386272665e-06,0.00013388441199549135,0.07979459631372765,0.18230437790111637,0.18230477992594996
carbon_pipeline,power,BE-LU,2.447449446039309e-07,2.6749059562042115e-07,2.840358629443103e-07,2.989297159229012e-07,3.1367697378680093e-07,3.2833440528241663e-07,3.420517275523876e-07,3.578143159407347e-07,3.781175656738485e-07,4.084069266319444e-07,4.401899446744389e-07,4.5506546823295787e-07,4.669978173838329e-07,4.77786774724081e-07,4.920975930557376e-07,5.090429127240164e-07,5.317746220502126e-07,5.587843112179304e-07,5.841436139556292e-07,6.142671150871427e-07,6.453435524614495e-07,6.84306472162163e-07,7.32478106802742e-07,8.064540318315016e-07,9.875549722763077e-07,1.0476321404581117e-06,1.1507820421503898e-06,1.2247564283379766e-06,1.3355152483200667e-06,1.4820343563304818e-06
carbon_pipeline,power,BE-NL,2.1151402114568566e-07,2.3125594248720283e-07,2.4791124562837453e-07,2.6356197354338643e-07,2.8246147587583557e-07,3.046725639462228e-07,4.2510144902979256e-07,5.256338506652744e-07,8.358425096926388e-07,1.1320601556788784e-06,1.1370409016529977e-06,1.1378901086328476e-06,1.138613988257255e-06,1.1393062181748549e-06,1.1401211142696517e-06,1.1410768897170734e-06,1.1423452824663893e-06,1.143942930194635e-06,1.1457698208236446e-06,1.1480121563062938e-06,1.1505099880116222e-06,1.154288300151134e-06,1.1585102187135137e-06,1.1630715351397462e-06,1.1689997702805553e-06,1.183443776885671e-06,1.2017958106472898e-06,1.2166075379983298e-06,1.2324257928881448e-06,1.2672517713512694e-06
carbon_pipeline,power,BE-NO,2.8605691140091298e-08,3.145555105448077e-08,3.3462844689299434e-08,3.5253035726258794e-08,3.6804149796382926e-08,3.8585721121450455e-08,4.0226637605296944e-08,4.232823751622709e-08,4.503841620895802e-08,4.8654278530675984e-08,5.264109975881993e-08,5.5545983522275854e-08,5.827482875836131e-08,6.082160777080537e-08,6.319622981884388e-08,6.589150067121956e-08,6.921756165527435e-08,7.698441797475755e-08,8.999510923850467e-08,1.234236259768459e-07,1.995162971585999e-07,2.013258918093263e-07,2.068235741934702e-07,2.411580190322597e-07,2.4591126402917355e-07,2.473342170465174e-07,2.485018354801394e-07,2.510245448065147e-07,3.5046890548430415e-07,3.7722609417840866e-07
carbon_pipeline,power,BE-UK,7.127675757928971e-08,7.77244121716596e-08,8.278298270066894e-08,8.858328261009315e-08,1.028310735627106e-07,1.1137256841743978e-07,1.1598481045069337e-07,1.2367248177673024e-07,1.3594922158013046e-07,1.7055248324552363e-07,2.4732496802821704e-07,2.6195501824571037e-07,2.711949251659859e-07,2.7808393450968894e-07,2.862093094694918e-07,3.02782990413527e-07,5.525203196668757e-07,6.776079909510065e-07,2.1126125599904947e-06,2.1387289485546185e-06,2.1447502849082415e-06,2.1561393636561043e-06,2.168432299648533e-06,2.1835873043195714e-06,3.18166795272817e-06,0.05979880970413817,0.3063818774959923,0.4660517770700874,0.5143901192525743,0.5143901431016856
carbon_pipeline,power,BG-EL,1.0555855029785535e-07,1.140919956636965e-07,1.207301594757364e-07,1.2852470438647425e-07,1.8299231182945192e-07,2.1690658393274984e-07,2.4179151244541384e-07,2.848780528152644e-07,3.1399490427353396e-07,4.3468456848853046e-07,5.049135440499654e-07,5.416259638143575e-07,5.740608396348868e-07,6.645730569114518e-07,9.222065210492948e-07,1.1643438604856661e-06,0.026187284709182315,0.12256661778297288,0.32263944053772897,0.33414075325984005,0.3341407576012925,0.33414076085396166,0.33414076342546867,0.3341407679141187,0.3341407694289887,0.33414077597483904,0.3341407858005898,0.3341407929393253,0.3341408012243249,0.3341408196040492
carbon_pipeline,power,BG-RO,1.147210278770359e-07,1.2458517368662523e-07,1.315294936432732e-07,1.3656334569015174e-07,1.396644161682102e-07,1.4326228406630907e-07,1.4759393165851764e-07,1.525679532674873e-07,1.5852299134850661e-07,1.65400438268047e-07,1.7315898939527667e-07,1.7973473885285396e-07,1.8671296498815987e-07,1.9412549677800543e-07,2.0252197957228235e-07,2.1182006910720985e-07,2.209631950312515e-07,2.310695985282085e-07,2.4125549747446254e-07,2.630539079800251e-07,2.7642733015022807e-07,2.9254163158547006e-07,3.1706687919769053e-07,3.3832557103994275e-07,3.658350866411348e-07,3.937451856916347e-07,4.2050078360478483e-07,4.53560580716096e-07,4.971511214676732e-07,5.501351652431552e-07
carbon_pipeline,power,CH-AT,8.94687015583508e-08,9.768758452116117e-08,1.0370062692414675e-07,1.091542448494097e-07,1.155517802515497e-07,1.215165615104564e-07,1.2768683015768266e-07,1.3476336956375468e-07,1.4192536331135172e-07,1.4979607203169515e-07,1.601203373297506e-07,1.67864353668386e-07,1.7349974535171049e-07,1.770135871686341e-07,1.800445488306568e-07,1.8329391750728694e-07,1.8671463266297804e-07,1.9153413634738758e-07,1.9745340083616042e-07,2.0476876733967816e-07,2.1336029016802536e-07,2.2495836821600662e-07,2.3999927475595943e-07,2.658988643467269e-07,3.192057037775338e-07,3.390814402709928e-07,3.4987190654833236e-07,3.6565810318416493e-07,4.2223322925012206e-07,6.085603418147965e-07
carbon_pipeline,power,CH-DE,8.917461135860296e-08,9.779692225132838e-08,1.0437855045346731e-07,1.0960655962816781e-07,1.1298060641605844e-07,1.1765300990751078e-07,1.2439323131857784e-07,1.3089851930934029e-07,1.359596015054587e-07,1.4147524264361972e-07,1.4696376779072052e-07,1.5003475751322438e-07,1.5283731152210806e-07,1.556500625022314e-07,1.6151518544121638e-07,1.7126649672637013e-07,1.78727027933548e-07,1.8469961420388727e-07,1.9278319921891817e-07,2.0233326922652108e-07,2.2745999610804796e-07,2.3871270367413294e-07,2.537181669551297e-07,2.871204608458409e-07,3.424432767986349e-07,6.0145070481418e-07,6.146483569937565e-07,6.302589832258551e-07,6.414874183631644e-07,6.608175343913797e-07
carbon_pipeline,power,CH-FR,1.0259791047145807e-07,1.1147151374624819e-07,1.1786573954376133e-07,1.2339627862653416e-07,1.2662505411462033e-07,1.3116405734186686e-07,1.3868142353332913e-07,1.4770655967694537e-07,1.5488904596933215e-07,1.6200414218415268e-07,1.7793754914075096e-07,2.014675728509268e-07,2.3357694514216073e-07,3.2115546970382067e-07,4.975487926724788e-07,5.089394866724254e-06,0.08940024323216086,0.0894002537472266,0.08940029457653266,0.08940032264683616,0.08940033727877092,0.08940034928673438,0.0894003891295646,0.08940047273193319,0.08940051642016665,0.101076879136031,0.10107702332853835,0.10107711748163145,0.10107713613469033,0.10107715973433418
carbon_pipeline,power,CH-IT,7.49288262542466e-08,8.1306793318353e-08,8.608710563332023e-08,9.137515698664296e-08,1.1747570233458638e-07,1.3238544490506386e-07,1.4435536926445614e-07,1.695997037180088e-07,1.874746825879111e-07,2.0880670849586828e-07,2.466048598526619e-07,2.517135540126123e-07,2.5444194564147675e-07,2.558731459953358e-07,2.5651004407657094e-07,2.5712594163106736e-07,2.578177542901098e-07,2.588337037297744e-07,2.60245970905547e-07,2.620954412106049e-07,2.651777650741083e-07,2.710547629429778e-07,2.8370140315480945e-07,3.885391087728583e-07,6.89862829190772e-07,9.654918416659609e-07,9.825197780970538e-07,1.0137125563511245e-06,1.3267835911815158e-06,7.093631503053615e-06
carbon_pipeline,power,CZ-AT,1.4252939441702398e-07,1.552877626319377e-07,1.6484319536480868e-07,1.7499125003469282e-07,1.9482281024816323e-07,2.098449381340699e-07,2.2326794229963763e-07,2.444568771832006e-07,2.6489719672796096e-07,2.869737667300913e-07,3.136493244063567e-07,3.3919701514252583e-07,3.6673374284371165e-07,3.765332656641456e-07,3.81395570660277e-07,3.856569160239704e-07,3.9132971809301743e-07,3.9930180116297947e-07,4.0435861961009737e-07,4.073433695580205e-07,4.1065037622389995e-07,4.1611072310916525e-07,4.24937195956311e-07,4.4375229337583084e-07,4.877185012412634e-07,5.799387271145785e-07,6.042345336264975e-07,6.323694388363712e-07,7.342608454367806e-07,8.715082163315984e-07
carbon_pipeline,power,CZ-DE,1.3770079900420667e-07,1.4980868060547164e-07,1.6055947943943762e-07,1.707608391232281e-07,1.7568890417688785e-07,1.848202375077992e-07,2.0376572396111532e-07,2.1850272388169942e-07,2.26216928688198e-07,2.3464350765319997e-07,2.41315769351728e-07,2.4555290246916945e-07,2.492727432363521e-07,2.549539776653386e-07,2.9734510632770326e-07,3.9593466529510136e-07,5.057896017114571e-07,5.158064828465543e-07,5.2564268723738e-07,5.297406388211853e-07,5.370207763331493e-07,5.447808337634516e-07,6.122798584409428e-07,7.159822077322527e-07,9.80441004873526e-07,1.9426957819826348e-06,2.0406733099641173e-06,2.080747068268042e-06,2.092774700320762e-06,2.116555883782323e-06
carbon_pipeline,power,CZ-PL,1.0016078124943756e-07,1.096690740513086e-07,1.1620660888951689e-07,1.2149494831314275e-07,1.257998587365551e-07,1.3053980220755367e-07,1.356812507941745e-07,1.4128399610692557e-07,1.4782290325193786e-07,1.5489946460080145e-07,1.627372053376274e-07,1.709342875849737e-07,1.7999574521855302e-07,1.927531178591304e-07,2.07065568512743e-07,2.2034986485741148e-07,2.372389199843383e-07,2.7213810577986764e-07,3.479578589579641e-07,7.107614632682247e-07,9.43557165994834e-07,9.590421944148566e-07,9.766024586028862e-07,1.014970676289352e-06,1.0310485069297848e-06,1.0398290971532771e-06,1.0443469182824705e-06,1.0513093200734908e-06,1.0673405777932202e-06,1.1093450855533479e-06
carbon_pipeline,power,CZ-SK,1.1227455367249181e-07,1.2238089584642198e-07,1.2963795163651794e-07,1.364858671665757e-07,1.4498657945274534e-07,1.5229591625224232e-07,1.593721476461043e-07,1.6675568553297408e-07,1.752317399025063e-07,1.8427880900163237e-07,1.9498372881131435e-07,2.056088717417787e-07,2.1825559144472418e-07,2.3104759821534184e-07,2.3979623570147633e-07,2.478100700012665e-07,2.61355508538593e-07,3.0143283535278153e-07,3.252178577813651e-07,3.41674138646464e-07,3.562699529107458e-07,3.733653480489945e-07,3.9435104675707134e-07,4.4102142615017317e-07,5.049635113349298e-07,5.550639432205114e-07,5.765603896254067e-07,6.155927242864348e-07,8.628126818724835e-07,1.0157444515342667e-06
carbon_pipeline,power,DE-AT,8.096188466940025e-08,8.820926000492578e-08,9.327569250516529e-08,9.802544926753164e-08,1.051140102794774e-07,1.1037962336520627e-07,1.1502630885538742e-07,1.205495290087887e-07,1.2730016482887907e-07,1.3414417193791437e-07,1.4206597226194028e-07,1.5189363610661503e-07,1.696542045574932e-07,1.7921537322560554e-07,1.8252161692375225e-07,1.859141349711465e-07,1.9031630557695508e-07,1.979663728904068e-07,2.0604743920336842e-07,2.129306979820737e-07,2.1806671763844248e-07,2.2741467721391277e-07,2.4295976179170563e-07,3.161707115888584e-07,4.6057282230676205e-07,4.687598094419547e-07,4.7396207426664263e-07,4.833510882538515e-07,6.37187828295386e-07,1.1730839948141988e-06
carbon_pipeline,power,DE-BE,1.0717191455265772e-07,1.1624836590914361e-07,1.2273575780068319e-07,1.2883106566721065e-07,1.3424628720258853e-07,1.4005754291458129e-07,1.4910243939665347e-07,1.5557219783207235e-07,1.594346125550172e-07,1.6223070662968187e-07,1.6565684840165552e-07,1.7261456021671304e-07,1.9961249251445754e-07,5.443474572755719e-07,7.232578023812884e-07,0.4161466197106949,0.4979732446772013,0.4979734696171751,0.49797474829770744,0.4979747543449757,0.4979747564688731,0.497974759817275,0.49797476849469025,0.49797479719899657,0.4979749840355704,0.4995989001858616,0.7478965096948822,1.0461115156037393,1.0461115354855648,1.0461115759125583
carbon_pipeline,power,DE-CH,7.663223487724665e-08,8.344613237296499e-08,8.815398828766485e-08,9.257621509451658e-08,9.847256174938387e-08,1.0313015105543243e-07,1.0719811430287795e-07,1.1175023629916324e-07,1.1739881655990458e-07,1.229531946085131e-07,1.2867022046168108e-07,1.359867265276984e-07,1.4940175418017607e-07,1.6760749797798734e-07,1.7352600818316044e-07,1.7941361726036957e-07,1.9145944212725414e-07,2.0935954601765572e-07,2.2324459769305838e-07,2.3139326128808825e-07,2.3608106973792295e-07,2.4450417119224084e-07,2.586361210866538e-07,3.2661890983361426e-07,4.952774575243033e-07,5.092483011562304e-07,5.197705513246879e-07,5.348075659062617e-07,6.403003311922344e-07,7.400287189882116e-07
carbon_pipeline,power,DE-CZ,9.340756740461423e-08,1.0199889343854536e-07,1.0768003705176619e-07,1.1268038441475956e-07,1.1876113874763759e-07,1.238717123809648e-07,1.2868388366304632e-07,1.3405494741079855e-07,1.4074383421556355e-07,1.4784577426166085e-07,1.56157550924728e-07,1.6505258622871565e-07,1.7879059438100827e-07,1.9025095749482485e-07,1.958038520198798e-07,2.0196016486490662e-07,2.0869184939739883e-07,2.1857059194729947e-07,2.305090176816685e-07,2.5418202462729645e-07,2.6782042533790154e-07,2.85832411398844e-07,3.1175916493950165e-07,4.521771766977869e-07,6.251346161139709e-07,6.30434022470379e-07,6.3525844298316e-07,6.433902757871252e-07,7.312387876187682e-07,1.1199300047187912e-06
carbon_pipeline,power,DE-DK,7.969122990408099e-08,8.928517410455784e-08,1.0192377588128579e-07,1.1193933731135271e-07,1.19534407893191e-07,1.3900654884468777e-07,1.4995412106447894e-07,1.686234311698881e-07,1.91223577664506e-07,2.1014733553297802e-07,2.3629523736422152e-07,2.856453854108623e-07,8.375238244015712e-07,0.22830608479548645,0.22830608846179506,0.2283060936958006,1.16136729472447,2.4212909771930713,2.4212909790854296,2.421290979134905,2.42129098299264,2.4212909861534713,2.421290999617151,2.421291058646892,2.4212911433455115,2.4212919714643424,2.4230037698458804,2.4230038155314206,2.4230038498923174,2.423003912258452
carbon_pipeline,power,DE-FR,5.801060984319621e-08,6.326052309531089e-08,6.690955572315153e-08,7.031269108768888e-08,7.371109194846484e-08,7.70676218448957e-08,8.058694801258485e-08,8.455822617389604e-08,8.888811417251536e-08,9.29634562863208e-08,9.805886067111398e-08,1.0547786616522273e-07,1.2056883427718172e-07,1.583124698792514e-07,1.6954003998991754e-07,1.810888164023119e-07,2.0919705683814904e-07,2.3087516348454527e-07,2.438371802413736e-07,2.4865681675422217e-07,2.513506453066262e-07,2.5600219542450733e-07,2.6624595267951103e-07,3.1766263641657285e-07,3.934982655078917e-07,4.008391301193905e-07,4.106856214068156e-07,4.237122315123577e-07,4.460404699259993e-07,4.854374752957662e-07
carbon_pipeline,power,DE-LU,1.2499423183114666e-07,1.3552479333178432e-07,1.4314558561070923e-07,1.5035023821771612e-07,1.5668912983753845e-07,1.6344971386462322e-07,1.735062558367827e-07,1.8131655823517086e-07,1.8645688572887804e-07,1.901723274318877e-07,1.9469181730815406e-07,2.0420483533152746e-07,2.385998811771613e-07,5.160019628146359e-07,6.213769398431812e-07,9.354272081735257e-07,9.969772361469487e-07,1.0687496891812184e-06,1.1245467943178291e-06,1.1295106599847253e-06,1.1320617919896235e-06,1.136504580478601e-06,1.1503119699314583e-06,1.2507602455240087e-06,2.283649296885383e-06,2.3481951458150993e-06,3.086628904498479e-06,3.7252152003259997e-06,3.7704926154769644e-06,3.826278796932083e-06
carbon_pipeline,power,DE-NL,1.2226767859729808e-07,1.328266874387726e-07,1.4100873208783954e-07,1.490330371977973e-07,1.5683000162744573e-07,1.6588455895477873e-07,2.1462224522733694e-07,2.628008757372636e-07,3.2951714356435933e-07,3.923243163024468e-07,5.017167733847325e-07,1.1521627524952269e-06,0.28538654212523845,0.2853873629522964,1.7999012716715612,1.8474195165004461,1.8474195855437558,1.8474196276366974,1.847419702648746,1.8474197048740006,1.8474197063676303,1.8474197082381703,1.8474197101458116,1.8474197116241817,1.8474197137191104,1.847419716540609,1.8474197202053597,1.847419724666991,1.8474197292265515,1.8474197397811025
carbon_pipeline,power,DE-NO,3.203697091729346e-08,3.515071204000538e-08,3.7335888659609545e-08,3.928655653490538e-08,4.090025021169315e-08,4.28036686811117e-08,4.4761813431451714e-08,4.73367107500783e-08,5.024180081986792e-08,5.304230551373595e-08,5.6129518690507246e-08,6.014132118647354e-08,6.709410508854241e-08,7.877538458807837e-08,8.363981494680156e-08,8.897150087553138e-08,9.435702571973255e-08,1.1221190898559536e-07,1.6652585332502726e-07,0.08561871759658067,0.08561878355995615,0.08561878492151798,0.08561878688912448,0.08561878873418895,0.08561878982254682,0.08561879047226575,0.08561879106846508,0.08561879207203381,0.08561879480982201,0.08561880066302663
carbon_pipeline,power,DE-PL,6.20447977897405e-08,6.797889898014849e-08,7.188667132821728e-08,7.51641572845297e-08,7.851721673273451e-08,8.164774761905452e-08,8.47206293032998e-08,8.809300348772077e-08,9.219999011386661e-08,9.655315114090029e-08,1.015237194932904e-07,1.0708926513170754e-07,1.1473948492688288e-07,1.2276452782650503e-07,1.2748675719608313e-07,1.3222578283265045e-07,1.3774495456953488e-07,1.4777076260943006e-07,1.6232097896441121e-07,2.0298053180113324e-07,2.181150800559441e-07,2.3366617610707682e-07,2.547082655154686e-07,4.1017869773590653e-07,5.366653606093846e-07,5.404411678737603e-07,5.428217169474444e-07,5.465167484302769e-07,5.608696484574285e-07,8.043415266104637e-07
carbon_pipeline,power,DE-SE,3.704933652057414e-08,4.066942067521111e-08,4.3199846878131266e-08,4.540774516315388e-08,4.720453091542385e-08,4.93182138031911e-08,5.146774485229732e-08,5.421688940064882e-08,5.7462164055058566e-08,6.062252986529974e-08,6.411774845055838e-08,6.855533560170495e-08,7.628050060215122e-08,8.905625155975992e-08,9.364633567259873e-08,9.814015459359641e-08,1.0219077426560302e-07,1.194840795804853e-07,1.751463597167558e-07,2.864432364635916e-06,3.534914584322218e-06,3.5373698822111e-06,3.547088583385933e-06,3.5709528818401723e-06,3.5735583957392687e-06,3.5746188481502283e-06,3.5755140533717077e-06,3.5773420784983383e-06,3.6084419528426434e-06,3.6310070306347406e-06
carbon_pipeline,power,DE-UK,4.9079700887581695e-08,5.36797560844574e-08,5.718697267616587e-08,6.108867371978563e-08,6.739465832212501e-08,7.231900917912008e-08,7.66479317966581e-08,8.218464573965784e-08,8.793596600214319e-08,9.291458789993633e-08,9.895973081216344e-08,1.0963807611434041e-07,1.3528450721003412e-07,2.49374559978843e-07,2.8203132092273807e-07,3.751104391264155e-07,0.6825089146557302,0.682509299009316,1.7718264140899178,1.771826416952522,1.7718264182459265,1.771826419593912,1.7718264216708481,1.7718264233377337,1.7718264253687404,1.7718264273925455,1.7718264300578308,1.7718264334628782,1.7718264395917067,1.7718264447730296
carbon_pipeline,power,DK-DE,7.328996449660625e-08,7.856040498138058e-08,8.164732771385405e-08,8.456414139201934e-08,8.764601722151977e-08,9.035856698933711e-08,9.358795364722681e-08,9.696714902907461e-08,1.0062152831255914e-07,1.0462994840857237e-07,1.0871450088203978e-07,1.1219335503885545e-07,1.1571633795183613e-07,1.1956111995259157e-07,1.2548616674713648e-07,1.313422596487043e-07,1.3616435472252518e-07,1.413726261405186e-07,1.5277475515499972e-07,1.6151863209842546e-07,1.7061907535577674e-07,1.7969498361111996e-07,1.8961315607725764e-07,2.029285692338614e-07,2.1941342186180735e-07,2.390847434282316e-07,2.5735955742822365e-07,2.7292915431630074e-07,2.9104078471314507e-07,3.174898980628783e-07
carbon_pipeline,power,DK-NL,8.225905317743194e-08,8.774115047310925e-08,9.096703623993199e-08,9.416211477683808e-08,9.769062935088284e-08,1.0097051086512527e-07,1.0711671022879395e-07,1.1250712620420118e-07,1.177165248713783e-07,1.2307383072536903e-07,1.2828119255933814e-07,1.3253283194056615e-07,1.3615963828559135e-07,1.402217911894653e-07,1.4980115119213733e-07,1.5842870290707948e-07,1.6290913053288504e-07,1.6814026389454972e-07,2.0740030088334953e-07,2.184258111612947e-07,2.245671568138822e-07,2.3367129443496244e-07,2.4671064565806284e-07,2.6371038200506656e-07,2.9043202508950875e-07,3.5159194212182943e-07,4.034628301268106e-07,4.370035605110556e-07,4.554352255363201e-07,4.859028122057838e-07
carbon_pipeline,power,DK-NO,4.6737417482339663e-08,5.027602755231011e-08,5.2338558005449996e-08,5.4269796733484915e-08,5.597301430967914e-08,5.773541913700358e-08,5.981324605864883e-08,6.239121610213372e-08,6.543795387633132e-08,6.858129873922268e-08,7.195576804191105e-08,7.565559207764526e-08,8.0323609057973e-08,8.569206986049296e-08,9.698102159743535e-08,1.0257451772569198e-07,1.0484163214151556e-07,1.0815358745747224e-07,2.278280832444248e-07,0.015657572815856054,0.015657582624383458,0.01565758364236428,0.01565758516477365,0.015657586005663866,0.01565758690708518,0.015657587549295564,0.0156575881587922,0.015657589159893275,0.01565759163188792,0.015657596739463223
carbon_pipeline,power,DK-SE,5.6426276021255425e-08,6.059961033515526e-08,6.293859724202921e-08,6.506301073744167e-08,6.692509688145237e-08,6.881345816943886e-08,7.102600959586862e-08,7.368696300454766e-08,7.698960029435046e-08,8.049138633140982e-08,8.427650901485812e-08,8.825178336268898e-08,9.311699722114669e-08,9.871715006196362e-08,1.0923018502002451e-07,1.1419283456240776e-07,1.1630196679033562e-07,1.1998335424623198e-07,2.290528646790007e-07,1.670142827745476e-06,1.690160196127087e-06,1.6916680928661688e-06,1.6939182183985263e-06,1.6966705609158134e-06,1.6984120592376547e-06,1.6994327008316964e-06,1.7003474546223003e-06,1.7021132079798154e-06,1.7267443900888472e-06,1.7476682254203726e-06
carbon_pipeline,power,DK-UK,5.615871372675263e-08,6.047256624499675e-08,6.318363432971992e-08,6.623173442207323e-08,7.111042343852201e-08,7.408727815328163e-08,7.73876909916317e-08,8.093838142236615e-08,8.461041942252665e-08,8.831538040618948e-08,9.242339435113971e-08,9.719440764477549e-08,1.0285098680627487e-07,1.0975459086989226e-07,1.3487273329290596e-07,1.4776564718550127e-07,1.505816066891393e-07,1.5275967839093582e-07,2.554043988648525e-07,2.5901304979806034e-07,2.61041538115769e-07,2.635209492594452e-07,2.67290409753581e-07,2.74012995491647e-07,2.919826737443705e-07,3.0418559098049767e-07,3.1999175152623557e-07,3.4399398236392224e-07,3.615724142357435e-07,3.7698569239710115e-07
carbon_pipeline,power,EE-FI,8.981178848785707e-08,9.598379590162731e-08,1.0186165848782137e-07,1.0986843635220405e-07,1.1659827514488405e-07,1.302911564380254e-07,1.4494387444644716e-07,1.6658505722124509e-07,1.787214825062206e-07,1.9330684893292368e-07,2.1047972014747014e-07,2.2844130647658547e-07,2.5153983697148684e-07,2.856228767026621e-07,3.2134660190673687e-07,3.7095427998603426e-07,4.1194016607571055e-07,4.181231854482455e-07,4.711726418590581e-07,6.137603077553332e-07,6.596879525878016e-07,6.615837872106694e-07,6.652191450881861e-07,6.688826850391357e-07,6.715808314156943e-07,6.733802894007136e-07,6.74982377384006e-07,6.785142899503859e-07,7.367324302803835e-07,7.495433437108999e-07
carbon_pipeline,power,EE-LV,1.6364665602113022e-07,1.7677917257776113e-07,1.8707102169237317e-07,1.9653298233302132e-07,2.0656311739409944e-07,2.1597783814546756e-07,2.2571276923857672e-07,2.3567948202311397e-07,2.4675604663888235e-07,2.593842341186043e-07,2.7470925798913845e-07,2.882652830306212e-07,3.0184925619036363e-07,3.153843724868773e-07,3.299049592514136e-07,3.4530996408692595e-07,3.6339425891254064e-07,3.8623086323273537e-07,4.046361221730593e-07,4.2209268521697955e-07,4.4033233511710037e-07,4.6395785160103136e-07,4.880425106088156e-07,5.144346217363574e-07,5.46298780756435e-07,5.863410791841964e-07,6.449707953763031e-07,6.918502938930855e-07,7.49347638205825e-07,8.229400331290074e-07
carbon_pipeline,power,EL-BG,8.861230245485252e-08,9.655576056940915e-08,1.0176612788478776e-07,1.0576633016652698e-07,1.088595652668009e-07,1.1247483723496715e-07,1.1676049340698428e-07,1.2162859985365549e-07,1.2724954102754136e-07,1.3348757446160675e-07,1.4044513154343861e-07,1.4674419458771e-07,1.5380436998029723e-07,1.6081428623476122e-07,1.6777180277335392e-07,1.747427128198543e-07,1.823049067076067e-07,1.9185889538317255e-07,2.0001831373863495e-07,2.0665965999922717e-07,2.1511188546039984e-07,2.2754165023299607e-07,2.498689708461013e-07,2.657122764207107e-07,2.82649083941084e-07,2.9913073305254306e-07,3.1549301750046255e-07,3.338484452841206e-07,3.5753400211310734e-07,3.907272601413325e-07
carbon_pipeline,power,EL-IT,4.896765946977559e-08,5.3913044974008654e-08,5.755532249914531e-08,6.027542495529771e-08,6.174410309732327e-08,6.354930973707745e-08,6.565416140626882e-08,6.793537222177899e-08,7.046543971780042e-08,7.325829755944979e-08,7.64465369845908e-08,7.955726339516806e-08,8.265445434087912e-08,8.511205459727811e-08,8.730021301453673e-08,8.95362216607413e-08,9.173549139776559e-08,9.429208667149912e-08,9.747900069949168e-08,1.0332951047042551e-07,1.080063755493562e-07,1.1508688657171832e-07,1.3885792744827277e-07,1.5187401932770822e-07,1.786102937011813e-07,2.045296721282839e-07,2.1878014956318643e-07,2.3089126547153181e-07,2.4908607491123557e-07,2.684829981749302e-07
carbon_pipeline,power,ES-FR,7.311902404035043e-08,8.033446558547438e-08,8.65370692375773e-08,9.205176849701784e-08,1.0060523248939307e-07,1.0986194604503465e-07,1.2106139047754565e-07,1.3310304760748674e-07,1.4360838193767744e-07,1.5372932863137292e-07,1.6498909170546373e-07,1.7845522001736129e-07,1.9350041338617918e-07,2.0953659851540126e-07,2.2777374008730302e-07,2.485558191551886e-07,2.752947609365374e-07,3.068639049549146e-07,3.517456092610852e-07,3.7077409583724576e-07,3.84277851541825e-07,4.0371898194579707e-07,4.2240052584803024e-07,4.3808556223911e-07,5.387169234669393e-07,5.877206714402232e-07,6.713552109797071e-07,7.364517514784649e-07,7.500028155230846e-07,7.663528755835366e-07
carbon_pipeline,power,ES-PT,8.128958408699433e-08,8.912557834799558e-08,9.475433389328967e-08,9.97928023798208e-08,1.0465521305204182e-07,1.0957494216554237e-07,1.1463204642472221e-07,1.1988756152603535e-07,1.2544451641434582e-07,1.313147226659866e-07,1.3751877204933323e-07,1.4395255253479647e-07,1.5079704524835318e-07,1.579790099255604e-07,1.6552561669745157e-07,1.73479930839112e-07,1.8182259555312e-07,1.906212707568312e-07,1.9975682807049383e-07,2.0952940492731656e-07,2.1995011731329081e-07,2.3086543204077193e-07,2.42469592880831e-07,2.54968767031919e-07,2.679349121477989e-07,2.8193868013800086e-07,2.9702041334477006e-07,3.1406293718670984e-07,3.350802587260827e-07,3.673981279288317e-07
carbon_pipeline,power,FI-EE,5.158707194850189e-08,5.6561833494884674e-08,5.991750783068616e-08,6.271167620292637e-08,6.553065226550505e-08,6.824594658266244e-08,7.111270470260309e-08,7.414218807932954e-08,7.751923971276896e-08,8.115476705833823e-08,8.508475334998482e-08,8.861383280865709e-08,9.244439726592971e-08,9.664563955383661e-08,1.0134874455159033e-07,1.0655822824625254e-07,1.1230846123331134e-07,1.1888499331105483e-07,1.2432820999463687e-07,1.2959931910404655e-07,1.3454186208241582e-07,1.412059215479107e-07,1.4723895921360365e-07,1.5390311393137401e-07,1.617807470839798e-07,1.732701647986987e-07,1.9149412458435231e-07,2.0534805067982072e-07,2.2438392300007382e-07,2.4531967745750957e-07
carbon_pipeline,power,FI-NO,1.0944124394748219e-07,1.1888966974849425e-07,1.263268619991281e-07,1.345006481742274e-07,1.4309827195667097e-07,1.5397153044610484e-07,1.6626134225025523e-07,1.8375965106890674e-07,1.9630883887964666e-07,2.105734121858919e-07,2.2877021042440747e-07,2.443801139308665e-07,2.6699014497841695e-07,2.9214057154516896e-07,3.2303425808660106e-07,3.4673479495590766e-07,3.6613383362980245e-07,0.02825637511836815,0.4397785203901864,0.7178209566585319,1.1133096913155078,1.3146052608326237,1.3146052902907077,1.3146053081483176,1.314605349664699,1.3146057150615649,1.3146090102077115,1.3151857765789656,1.3151857956890425,1.31518583088867
carbon_pipeline,power,FI-SE,8.711082081939139e-08,9.519341750643442e-08,1.0135200219756068e-07,1.072767286113592e-07,1.133746722877789e-07,1.1984249891866436e-07,1.2651956652119998e-07,1.334638924129462e-07,1.4002285495639788e-07,1.4714478594292663e-07,1.550644392205221e-07,1.6203149018978118e-07,1.694766972258088e-07,1.769471716869137e-07,1.846608633269852e-07,1.9171151115842286e-07,1.9753235531214351e-07,2.3332283319604165e-07,2.453986043205509e-07,2.5290440710208864e-07,2.5819036602543456e-07,2.725389238760096e-07,2.8385874580528434e-07,2.9538338191314045e-07,3.1231402554703374e-07,3.4944620791447953e-07,4.860368898132073e-07,5.576786609226096e-07,5.810684883664877e-07,6.093151068441886e-07
carbon_pipeline,power,FR-BE,8.71496710419189e-08,9.53646852127859e-08,1.0152259829828568e-07,1.0670988304547718e-07,1.1139748401980057e-07,1.1659634080029944e-07,1.2353253459054084e-07,1.2877591079931644e-07,1.3231656478817375e-07,1.3501474767329207e-07,1.3778104049377325e-07,1.4102796189799042e-07,1.4558271698362616e-07,1.518470168580927e-07,1.5999442416371013e-07,1.6960148546375654e-07,1.7675472793860254e-07,1.8542332051796724e-07,1.9734392541944967e-07,2.0817490266110568e-07,2.1833117698952843e-07,2.2990543300496266e-07,2.500414724354466e-07,2.975149045423777e-07,4.2113272527078156e-07,0.011675192675795133,0.011675417009019657,0.011675520207291294,0.011675534770216791,0.011675554602758221
carbon_pipeline,power,FR-CH,8.064664632880663e-08,8.806093420809197e-08,9.327590803381098e-08,9.791089999139452e-08,1.0384358169543171e-07,1.0869543432833057e-07,1.1295352121807032e-07,1.1744111888649743e-07,1.226564928878064e-07,1.2836055577976468e-07,1.3330691480479586e-07,1.3737658066980368e-07,1.4141047882376626e-07,1.4530927051845557e-07,1.4953862116742715e-07,1.5424396651661185e-07,1.6021788314171725e-07,1.674622135858976e-07,1.7502568050930426e-07,1.830506252801039e-07,1.9150466426309592e-07,2.010463056284073e-07,2.1191631511650243e-07,2.2641874569514002e-07,2.418943141071482e-07,2.552977761457309e-07,2.6877590522384584e-07,2.857995323371799e-07,3.233957304657828e-07,3.6184646309855134e-07
carbon_pipeline,power,FR-DE,5.5673203816320446e-08,6.111229379093238e-08,6.503297304785173e-08,6.83563818259698e-08,7.151743084178091e-08,7.475082773740835e-08,7.805232998494379e-08,8.128968519293901e-08,8.450432872218995e-08,8.796815505303193e-08,9.09370373282927e-08,9.2934939631267e-08,9.466871723791044e-08,9.641964127542701e-08,9.878482293309696e-08,1.017282061410353e-07,1.0518444667415208e-07,1.0929437287366275e-07,1.1385408312999897e-07,1.1889275321275085e-07,1.2556803861986258e-07,1.319842180437994e-07,1.3881527398155107e-07,1.4725196478010954e-07,1.6063159945537564e-07,1.80826825941073e-07,1.9223831134343098e-07,2.0353825986937682e-07,2.1574842093787455e-07,2.3408589148322967e-07
carbon_pipeline,power,FR-ES,4.0579825761121834e-08,4.470134424918595e-08,4.7598462697424445e-08,5.01815999616539e-08,5.2666052947536067e-08,5.520176358977198e-08,5.781720512271728e-08,6.05505877309257e-08,6.341927574614222e-08,6.642735452011822e-08,6.958851180152151e-08,7.288386112125548e-08,7.637779359623056e-08,8.003612279700147e-08,8.388776673734111e-08,8.797789115405872e-08,9.241707817437889e-08,9.738108982734477e-08,1.0263230297445649e-07,1.0787166085689897e-07,1.1338621199525924e-07,1.1907911411981504e-07,1.2518029931768038e-07,1.3209339726461143e-07,1.3951171979906076e-07,1.4660635320098786e-07,1.53639178736665e-07,1.6137574323774213e-07,1.7066671557386223e-07,1.8481466055894356e-07
carbon_pipeline,power,FR-IT,4.558155498179252e-08,4.98322321553037e-08,5.29300756066477e-08,5.605563432331409e-08,6.379560792597862e-08,6.849260333746951e-08,7.215636487382117e-08,7.648266449737629e-08,8.112641306412488e-08,8.645324638181539e-08,9.129589397776627e-08,9.431335461310552e-08,9.648446055058026e-08,9.788474410279756e-08,9.892871913894695e-08,1.0004832868287151e-07,1.0148553129921282e-07,1.0379826266399142e-07,1.0698621763812472e-07,1.1101123634956356e-07,1.1607465831475771e-07,1.2267411839275886e-07,1.312920946828522e-07,1.5636825652959577e-07,1.875650508719732e-07,2.024085559486869e-07,2.112376189679365e-07,2.24907782093369e-07,2.7429380742224587e-07,3.6601148294526734e-07
carbon_pipeline,power,FR-LU,9.235426279371559e-08,1.0083101024960337e-07,1.0718492405316147e-07,1.125600459926333e-07,1.1741441389646685e-07,1.2270498112337794e-07,1.294572476998661e-07,1.349336408833241e-07,1.3898049237466126e-07,1.4224035673845312e-07,1.4547595845808561e-07,1.49030987725794e-07,1.534798613639064e-07,1.5883383045227647e-07,1.6617207560476627e-07,1.7446271660367447e-07,1.816025124104761e-07,1.8935152018507577e-07,1.9907319366238298e-07,2.0904590774798087e-07,2.185207924555931e-07,2.29851513969733e-07,2.47731682015848e-07,2.8052164693424003e-07,3.5182444115646636e-07,7.162846567344594e-07,7.900987887911288e-07,8.651499841645033e-07,8.866809408522135e-07,9.181722503328269e-07
carbon_pipeline,power,FR-NO,2.2352206633242788e-08,2.4651807143240742e-08,2.6266087907644646e-08,2.767458776627054e-08,2.8891857533767707e-08,3.027042997280662e-08,3.168613624389119e-08,3.332295388904866e-08,3.5102216168695156e-08,3.697580884470832e-08,3.885540818205742e-08,4.0779454588865e-08,4.271926073966879e-08,4.4743028939872114e-08,4.671112462763066e-08,4.888395462016864e-08,5.110093834369406e-08,5.4997326393349214e-08,6.19473286261521e-08,7.468718842902406e-08,9.172124878971717e-08,9.3478625254631e-08,9.794507160964044e-08,1.0994489569483555e-07,1.1767041121284435e-07,1.2029291719824975e-07,1.2206216254880247e-07,1.2609638983803894e-07,1.5637671420055632e-07,1.7016510514783793e-07
carbon_pipeline,power,FR-UK,5.080897015675534e-08,5.585455115667649e-08,5.980295089805403e-08,6.399696707786076e-08,7.057908593582744e-08,7.585918194477874e-08,8.056104686990744e-08,8.616872353578927e-08,9.144262110191132e-08,9.72133240471982e-08,1.0302826139866963e-07,1.0872708443731183e-07,1.1403159223821198e-07,1.2011151578134747e-07,1.272515567151029e-07,1.393143742965025e-07,1.536020853167876e-07,1.653804698673877e-07,1.9664985386376222e-07,2.0690216191329275e-07,2.1077795758905457e-07,2.180708233287821e-07,2.3490338022513521e-07,2.5630903299146713e-07,3.3200258066956906e-07,1.2017878662053785e-06,1.2305372005863805e-06,1.2419056236342308e-06,1.2483639198395328e-06,1.2563445909582396e-06
carbon_pipeline,power,HR-HU,1.0881041362988488e-07,1.1903360630181121e-07,1.2614472305855935e-07,1.3230714130313735e-07,1.38706930457645e-07,1.4494598716796892e-07,1.5105767400407858e-07,1.5695908303897652e-07,1.6344809863690965e-07,1.7037018986101625e-07,1.777585946716597e-07,1.8573962518516575e-07,1.9505238170879775e-07,2.0649513998578994e-07,2.2445063770165616e-07,2.45752661420509e-07,2.6580184013710876e-07,2.915410127741908e-07,3.100067763904965e-07,3.349782713964165e-07,3.7075474182374865e-07,3.915879382796251e-07,4.1406123958371363e-07,4.6672128462254236e-07,5.066978941467556e-07,5.393021252111588e-07,5.571665498485208e-07,5.816738953737301e-07,6.204489627601576e-07,6.679841574418184e-07
carbon_pipeline,power,HR-SI,1.8151397338086402e-07,1.987070964263718e-07,2.1167203963964492e-07,2.2435285877605628e-07,2.435112032703581e-07,2.6240311318632087e-07,2.7821308233173083e-07,2.9508533458265485e-07,3.109864502071186e-07,3.285494774656387e-07,3.4754473944306275e-07,3.7173447537342934e-07,4.0981465884988247e-07,4.5240030374121973e-07,5.373106825160835e-07,6.143602624348148e-07,6.333976128003523e-07,6.457591991235577e-07,6.573271217728072e-07,6.679574441583994e-07,6.78407211850334e-07,6.946464462616049e-07,7.191408055203552e-07,7.560253398797147e-07,8.304451280382931e-07,9.412170538941392e-07,1.03613673454542e-06,1.0929500239857651e-06,1.1611922372210677e-06,1.2634958617847034e-06
carbon_pipeline,power,HU-AT,9.713288386066887e-08,1.0680185512143217e-07,1.1393938034142338e-07,1.2060797143633022e-07,1.267977008858546e-07,1.3373939910115706e-07,1.4071733678717356e-07,1.484516170253876e-07,1.55877439795877e-07,1.6378157975681384e-07,1.7163006070097838e-07,1.8090390569606909e-07,1.898942606841505e-07,1.9730903187932533e-07,2.0526388730199125e-07,2.130242588922874e-07,2.184469293144398e-07,2.226415894363857e-07,2.2769338198023664e-07,2.3277753231854012e-07,2.3799294559947128e-07,2.463838295602868e-07,2.583066055702115e-07,2.719948474451661e-07,2.928446809249093e-07,3.2419615930489533e-07,3.4948166427571174e-07,3.69824549197557e-07,3.957597666920297e-07,4.3722986321696165e-07
carbon_pipeline,power,HU-HR,1.2727191371443243e-07,1.3755435142141347e-07,1.4628451734289737e-07,1.5503050980907354e-07,1.6294999577326034e-07,1.7183418924482873e-07,1.8224822814981984e-07,1.985841153801952e-07,2.1207006587125517e-07,2.2862960408661674e-07,2.456332125211096e-07,2.5275112208340906e-07,2.5777451818905107e-07,2.6096127266972993e-07,2.635411307763551e-07,2.6641828922632203e-07,2.700918980055345e-07,2.747729660853494e-07,2.8161201215437894e-07,2.895904877791109e-07,2.997198044529352e-07,3.1701004903807304e-07,3.516486424540858e-07,4.5722853030348993e-07,5.741645044977311e-07,7.580908275609366e-07,8.181976874336227e-07,8.405043177405214e-07,8.56771551023646e-07,8.87538425692924e-07
carbon_pipeline,power,HU-RO,8.098006064957597e-08,8.680722672404207e-08,9.095545491271281e-08,9.524929422488965e-08,1.0900310803215262e-07,1.1670151642234403e-07,1.2436660833537888e-07,1.344028046577141e-07,1.4211145596790852e-07,1.4884009979184252e-07,1.5736755368043068e-07,1.6610031973682669e-07,1.804553034080537e-07,2.1289410429092398e-07,2.4060512600376716e-07,2.546681112410175e-07,3.0292506102188786e-07,5.130264318452522e-07,5.291562253351073e-07,5.31177964652075e-07,5.355116255395923e-07,5.457597070566826e-07,5.554763260306446e-07,6.524009338115116e-07,7.869218211851974e-07,9.33053851977868e-07,9.881981530657968e-07,1.2007600110794e-06,2.2311227965591754e-06,2.243100703084873e-06
carbon_pipeline,power,HU-SI,1.1270909583444001e-07,1.2331194066014998e-07,1.315044319719976e-07,1.3992235461418567e-07,1.5069175937557905e-07,1.6204913867834742e-07,1.734040641872505e-07,1.9011490962178404e-07,2.039609313361021e-07,2.2008042086759225e-07,2.3804989935713632e-07,2.577490029256817e-07,2.718203380765003e-07,2.7760956463277497e-07,2.819697654863575e-07,2.8547039601062035e-07,2.889226384795488e-07,2.923566393084369e-07,2.9655384299132597e-07,3.010724035982481e-07,3.0619083315936826e-07,3.151650131416692e-07,3.3125238780662734e-07,3.5319403478770387e-07,3.869547852663996e-07,4.279493216271504e-07,4.575805303933788e-07,4.744927659801922e-07,4.93638517696299e-07,5.311207687576581e-07
carbon_pipeline,power,HU-SK,2.1906434494821719e-07,2.412255241807658e-07,2.574859132118653e-07,2.706353865701862e-07,2.8000949802283925e-07,2.907621648296985e-07,3.021816301151977e-07,3.1294140721179923e-07,3.2567246776383306e-07,3.399076584062881e-07,3.5555908630308804e-07,3.72727370536791e-07,3.910818551677951e-07,4.117931815910611e-07,4.3948134614181515e-07,4.719651014495012e-07,4.950859491744069e-07,5.141913727483962e-07,5.438818371150456e-07,6.638087387292355e-07,7.677588155685855e-07,8.220561605232471e-07,9.105178319523335e-07,1.0084743490225757e-06,1.1265958219001279e-06,1.1832050475713544e-06,1.2389589325738483e-06,1.3023550369798106e-06,1.3814068214331389e-06,1.4908091511262668e-06
carbon_pipeline,power,IE-UK,1.0325964874308907e-07,1.1289121810975159e-07,1.1999973068681957e-07,1.2697578962212393e-07,1.3786407661410755e-07,1.4846838329138356e-07,1.587255222809713e-07,1.694518602424228e-07,1.7967975338694443e-07,1.911648581080617e-07,2.0540878870024384e-07,2.16488021358372e-07,2.310340706287005e-07,2.447834027953673e-07,2.67873366754964e-07,2.866217285407236e-07,2.9072793825316406e-07,2.923779355989649e-07,2.9396884688436616e-07,2.9565278528176934e-07,2.977687027573086e-07,3.008730312165206e-07,3.0573024641134426e-07,3.137210530507731e-07,3.257820095956363e-07,3.420844751479583e-07,3.5968319902841304e-07,3.792871723837387e-07,4.028891540441043e-07,4.3984256903487785e-07
carbon_pipeline,power,IT-AT,7.708146858301016e-08,8.405663849108888e-08,8.852002509961011e-08,9.152694803279176e-08,9.345166964423609e-08,9.574338081911816e-08,9.855739625429604e-08,1.0185756988834645e-07,1.0572333748739835e-07,1.0999386685975568e-07,1.1449086756097159e-07,1.1871418063804056e-07,1.231792679708285e-07,1.2777971348679694e-07,1.33703138016373e-07,1.4098446321249865e-07,1.4835484038634717e-07,1.5445640190425306e-07,1.6065546723031454e-07,1.6778797379788894e-07,1.7522385514672216e-07,1.8444096237350092e-07,1.9600344142198445e-07,2.127576928027776e-07,2.3593319170451743e-07,2.6230246211044637e-07,2.8033056286398694e-07,2.971264154915925e-07,3.160338368859587e-07,3.4603691465849244e-07
carbon_pipeline,power,IT-CH,7.714629759929922e-08,8.392849864664303e-08,8.81417510330691e-08,9.088338941423788e-08,9.24925840754269e-08,9.43842968041977e-08,9.671013217537646e-08,9.938488708910211e-08,1.0263706757982191e-07,1.0629536049121742e-07,1.1015254964622254e-07,1.1414917026152359e-07,1.1856047398172971e-07,1.239375250595446e-07,1.3214224188547405e-07,1.4384468753465856e-07,1.603654509545239e-07,1.669931388954434e-07,1.7462463793949268e-07,1.8452025046924029e-07,1.9655593537410542e-07,2.0712299334736762e-07,2.3528928236378355e-07,2.5553260859785597e-07,2.8023023281797766e-07,2.8978849772412535e-07,3.119899990258642e-07,3.35544824599777e-07,3.540422966135404e-07,3.8833812928273196e-07
carbon_pipeline,power,IT-EL,4.5257149298539857e-08,4.908926987668802e-08,5.166778210295846e-08,5.412892828188154e-08,5.991744590512529e-08,6.35956225108069e-08,6.740845459017109e-08,7.192731762059775e-08,7.548365069931956e-08,7.868497299440657e-08,8.198544361291979e-08,8.546645052132262e-08,8.93931307324266e-08,9.641422931322101e-08,1.0962089259379208e-07,1.2106926509585066e-07,1.5933696890918477e-07,2.5422919543953303e-07,2.8088121132433475e-07,2.8244867941970855e-07,2.871330470841524e-07,2.9186648874527496e-07,2.9550757126744383e-07,3.982156510314242e-07,5.443715067726656e-07,8.306588764658332e-07,8.524702077129561e-07,1.0249796988524537e-06,0.08963672929568457,0.08963674566905866
carbon_pipeline,power,IT-FR,5.1568928990837066e-08,5.627522021964642e-08,5.922845654041538e-08,6.123200651447792e-08,6.23373364688718e-08,6.36792600256337e-08,6.541810324327489e-08,6.74009416126979e-08,6.961204300917649e-08,7.20080704698741e-08,7.478828216192007e-08,7.810913203307526e-08,8.181924049000893e-08,8.696046425606728e-08,9.719771554733353e-08,1.1692708694066116e-07,1.3860736052412784e-07,1.4240338588528975e-07,1.478189921333985e-07,1.5620292426535713e-07,1.6475729379222558e-07,1.7171851516265255e-07,1.9613749322126832e-07,2.3006722003786597e-07,2.557510128269203e-07,2.630872986624546e-07,2.856536132956121e-07,3.174971041151657e-07,3.3502772267221974e-07,3.683238347567353e-07
carbon_pipeline,power,IT-SI,9.784334349888496e-08,1.0659441268350898e-07,1.1221687958600913e-07,1.1603040293496304e-07,1.1854121176971749e-07,1.2158484439413367e-07,1.2543107677383704e-07,1.3011801386228446e-07,1.3559591479989074e-07,1.416718934729868e-07,1.4810221540456898e-07,1.5384386678373013e-07,1.5977038811621375e-07,1.6567169866992118e-07,1.7270919645546532e-07,1.8127163472629068e-07,1.9101826028274845e-07,1.9985304098276277e-07,2.0836920925865186e-07,2.1817085534531488e-07,2.2817541783257922e-07,2.4006494766387657e-07,2.548180192484491e-07,2.752506769963827e-07,3.0427892390205264e-07,3.3504463167145745e-07,3.571589725479674e-07,3.7910473820953793e-07,4.039299451701815e-07,4.4258805861373317e-07
carbon_pipeline,power,LT-LV,2.0475314806463218e-07,2.2154213418226394e-07,2.3468488874423883e-07,2.464827135611081e-07,2.5723409833914196e-07,2.69075048162002e-07,2.817885516692097e-07,2.9597846784029414e-07,3.121243583565955e-07,3.296958861079243e-07,3.4958071977227366e-07,3.6778770865456873e-07,3.892719721591878e-07,4.1810308321623235e-07,4.451173796521298e-07,4.734996836274017e-07,5.040249552716273e-07,5.301155275474278e-07,5.519919972651693e-07,5.746886054760789e-07,6.161482121112901e-07,6.511760887702134e-07,6.945127502597754e-07,7.427956003230727e-07,7.813454462364174e-07,8.168468536449042e-07,8.504161250901666e-07,8.939614868533365e-07,9.428216907929699e-07,1.028608739533739e-06
carbon_pipeline,power,LT-PL,9.1018542218674e-08,9.764732343753489e-08,1.0318100433438337e-07,1.0920203484130338e-07,1.2115638898756943e-07,1.2904390384286408e-07,1.368317859558973e-07,1.432111820664105e-07,1.4822637055177154e-07,1.534697791200541e-07,1.5848612137702251e-07,1.6257250079817248e-07,1.667283458376777e-07,1.7013421375848583e-07,1.7389163918171318e-07,1.7831812051737618e-07,1.8433170925265377e-07,1.9072915523124716e-07,1.9559083774187369e-07,2.0213229772184192e-07,2.0993253540732524e-07,2.201082597002024e-07,2.314101248747385e-07,2.4506420594335807e-07,2.600937309272823e-07,2.79090395000614e-07,3.077659366912404e-07,3.2647167259516507e-07,3.4220446186651917e-07,3.6998941619480624e-07
carbon_pipeline,power,LT-SE,6.454015812455156e-08,6.975171484142533e-08,7.45024515132547e-08,8.035261354860679e-08,8.520502182259321e-08,9.417191903491871e-08,1.0380300908631926e-07,1.1815020395711277e-07,1.2667996678564064e-07,1.364288781305077e-07,1.4819339952328748e-07,1.6090953119994625e-07,1.786386117889548e-07,2.029683408338307e-07,2.2962639091691296e-07,2.5939968879054627e-07,2.7537237559294773e-07,3.2174115823300366e-07,5.22427971549228e-07,7.196582683465756e-07,7.640108209776427e-07,7.668063171859808e-07,7.761297093899861e-07,7.836549779311e-07,7.883745312217562e-07,7.910003012930272e-07,7.932412422354827e-07,8.022013236511179e-07,1.0524631397315795e-06,1.0644916820520828e-06
carbon_pipeline,power,LU-BE,2.8446781020605204e-07,3.1120851901922666e-07,3.327348129772176e-07,3.536875242056118e-07,3.7491914562086e-07,3.9851480804112785e-07,4.322366630894299e-07,4.579916095491405e-07,4.7381567915861913e-07,4.848911934151448e-07,4.975993261737459e-07,5.181674869461599e-07,5.684507171919162e-07,8.353898823565141e-07,9.801532131361643e-07,1.3338638734015715e-06,1.4576184155470213e-06,1.5489756523059058e-06,2.0874434702987642e-06,2.15861480328363e-06,2.50567138748778e-06,2.603792674979813e-06,2.7023469158011576e-06,2.838185631034459e-06,4.2810894489431104e-06,0.0465076036105608,0.04650846182272386,0.04650918534243251,0.04650927076118875,0.04650937783535326
carbon_pipeline,power,LU-DE,1.0882851836505987e-07,1.192174381721106e-07,1.268695184910511e-07,1.3359503316366118e-07,1.407300175042527e-07,1.4757714613632683e-07,1.529248500421198e-07,1.591598445253092e-07,1.6755768652863156e-07,1.8393914744012438e-07,1.9449273554484485e-07,1.9723035425109195e-07,1.9928684418871803e-07,2.0134604808440275e-07,2.041570348878344e-07,2.0777106293275078e-07,2.128559870422482e-07,2.1959008000611372e-07,2.269637586435694e-07,2.368524912183951e-07,2.5570417930979326e-07,2.70229419033732e-07,2.8313275879038076e-07,2.977759971913041e-07,3.1362486055038636e-07,3.320480543170799e-07,3.5087437364208215e-07,3.715573279145923e-07,3.9587069796968025e-07,4.3278590680646475e-07
carbon_pipeline,power,LU-FR,8.719068099795596e-08,9.493306429547167e-08,1.0041198846673512e-07,1.0563763203772952e-07,1.1148168978815848e-07,1.1698749501360205e-07,1.2141170430590842e-07,1.2710682908147503e-07,1.354218584702214e-07,1.4930879995967717e-07,1.6958492413246725e-07,1.8139300380666992e-07,1.935148007520687e-07,2.060536348280919e-07,2.1502536435836175e-07,2.24252274945485e-07,2.520604130545507e-07,2.7458650683575884e-07,2.857189393317559e-07,2.996579410322607e-07,3.2595739661786704e-07,3.5075709943629085e-07,3.7030065711247854e-07,5.448759898168559e-07,2.7718067451321394e-06,2.894941511740161e-06,3.6903879664903444e-06,4.2226237134777105e-06,4.368264209320369e-06,4.5886829494441575e-06
carbon_pipeline,power,LV-EE,1.786889586007435e-07,1.9257173823292685e-07,2.040025772906984e-07,2.1503570442618776e-07,2.252643739025555e-07,2.3763368567192574e-07,2.5128484331053737e-07,2.672463981123523e-07,2.8394829775349067e-07,3.0202031098110155e-07,3.23595532825923e-07,3.4553520998295113e-07,3.68893691066483e-07,3.972800773499761e-07,4.274459804246502e-07,4.643024524364726e-07,5.025117493180982e-07,5.268965253843246e-07,5.717842102253414e-07,6.398058015430983e-07,7.029442773041763e-07,7.276329019093887e-07,7.591247801243513e-07,7.876883265952414e-07,8.077609005568223e-07,8.234145158983124e-07,8.373425274877675e-07,8.587931593861823e-07,8.865975565044171e-07,9.449895306595755e-07
carbon_pipeline,power,LV-LT,2.1042671061239142e-07,2.2714872181602388e-07,2.409483141901566e-07,2.54746481323675e-07,2.70978979479483e-07,2.864282519815298e-07,3.0256963717507636e-07,3.1865393277839917e-07,3.3449432902727923e-07,3.519216292610313e-07,3.7175792481398837e-07,3.8790516127160853e-07,4.067307779355258e-07,4.2850701326898604e-07,4.503389410059918e-07,4.7246585295024104e-07,4.968942902126414e-07,5.36421416337721e-07,5.875782666969823e-07,6.390190139768196e-07,6.628649357590724e-07,6.954777459264014e-07,7.252579844357545e-07,7.568609172953969e-07,7.98730193134365e-07,8.549249433519585e-07,9.401200828135608e-07,1.0040249440721457e-06,1.0866876753749783e-06,1.1859737450372941e-06
carbon_pipeline,power,NL-BE,2.0203542967289768e-07,2.1904922303264765e-07,2.3023533751637712e-07,2.3979194050555453e-07,2.477550655268101e-07,2.547628112685987e-07,2.6031315788069176e-07,2.669964589360149e-07,2.7480703048482454e-07,2.83125329594427e-07,2.9386708638651065e-07,3.053464931451729e-07,3.2288418854858914e-07,3.9615464779478005e-07,4.3685822626378933e-07,5.031405247123223e-07,5.477344326380392e-07,5.767510114223488e-07,5.914119346330859e-07,6.257688493197036e-07,6.867635119349845e-07,7.266164734940125e-07,8.340146660240342e-07,2.1244551269243258e-06,1.0807512751332098e-05,0.048492056266068034,0.07146066569354817,0.10251179674250625,0.26446653969901546,0.26446666759858883
carbon_pipeline,power,NL-DE,1.0705497787637957e-07,1.1680124182687628e-07,1.2322212029955066e-07,1.2866949029505392e-07,1.3380728326695326e-07,1.3830426580162182e-07,1.4152358801344316e-07,1.4539443424453372e-07,1.5015932133342225e-07,1.558809523230515e-07,1.6233874408229182e-07,1.6729775696002212e-07,1.7284226404983236e-07,1.7889837415373187e-07,1.8561998285655013e-07,1.9316841575604707e-07,2.023107831949501e-07,2.1264673746320736e-07,2.2079878162038508e-07,2.3135959573210605e-07,2.494059466047716e-07,2.638985367349097e-07,2.7959396018736167e-07,3.0386481224178456e-07,3.27096077888101e-07,3.46030400398815e-07,3.6573605936944357e-07,3.8631079485290404e-07,4.1215846012357134e-07,4.494745790534924e-07
carbon_pipeline,power,NL-DK,8.452184978384409e-08,9.446201421991769e-08,1.0603418357565997e-07,1.1463232535747492e-07,1.2123080445631074e-07,1.3100687575206705e-07,1.3391763356629247e-07,1.378982489391007e-07,1.4309920595003192e-07,1.4914842496694124e-07,1.5675025513385592e-07,1.6505048489482246e-07,1.8872558187889643e-07,2.206411152235911e-07,2.2236615960754207e-07,2.252487413631921e-07,2.469521033348033e-07,2.8365838193181427e-07,2.8494140910187094e-07,2.871966880702033e-07,2.9727891731203155e-07,3.196445873233304e-07,3.576128016642969e-07,5.419857926306503e-07,8.721685683204112e-07,1.1194581451419339e-06,2.8652031796108474e-06,3.0600805138024694e-06,0.10514961549130597,0.1136084743573429
carbon_pipeline,power,NL-NO,3.193781027732221e-08,3.506309285494365e-08,3.722923258260925e-08,3.913133506019885e-08,4.070143828269417e-08,4.2413843219306873e-08,4.383228589114918e-08,4.564710423349152e-08,4.7811530102277283e-08,5.0080170666238487e-08,5.2601158749686064e-08,5.557013965626692e-08,6.027636228890551e-08,6.738756062943418e-08,7.120776304191069e-08,7.518054919974232e-08,7.954500736832046e-08,8.987034124528192e-08,1.0313957367413944e-07,1.5376758827906598e-07,3.0087237698822557e-07,3.0259053651509307e-07,3.0761921954748485e-07,4.0308040709089444e-07,4.0637608105658957e-07,4.074635741074923e-07,4.084006799774024e-07,4.103768784218694e-07,6.07132344860873e-07,6.382277379793986e-07
carbon_pipeline,power,NL-UK,7.52904728331319e-08,8.200398713880185e-08,8.709011948430677e-08,9.293518777173489e-08,1.0550693166386314e-07,1.1120308579175996e-07,1.1390632605607381e-07,1.1769662421516151e-07,1.22230661553129e-07,1.2698815164528787e-07,1.3343028751327878e-07,1.416212982669046e-07,1.6515853230487622e-07,2.941228130525858e-07,3.2699835142767573e-07,4.006128419585774e-07,0.025715961379870454,0.10831019838736278,0.20832553364307813,0.24961885924121285,0.24961886631680774,0.2496188799515532,0.249618926099042,0.24961969507087728,0.2496203575341573,0.2496203656722815,0.24962037429835038,0.24962040897011653,0.24962409672403504,0.24962411880235816
carbon_pipeline,power,NO-BE,2.5214249337063877e-08,2.7738506013315046e-08,2.950891126325593e-08,3.108983112417522e-08,3.2773506905118775e-08,3.4319808102986644e-08,3.605580311104901e-08,3.761247336565301e-08,3.905093203278898e-08,4.0403634907452375e-08,4.1838777856704674e-08,4.351897932057626e-08,4.5497579212789e-08,4.765021055402618e-08,5.005152400617924e-08,5.2520394608658576e-08,5.477445984205782e-08,5.665957932284344e-08,5.842475048152296e-08,6.017377124939172e-08,6.216467524109251e-08,6.479511336787102e-08,6.779900332808238e-08,7.125268362466668e-08,7.547113046244794e-08,8.200983641390252e-08,9.520740335896548e-08,1.0343530666001368e-07,1.1024554516835658e-07,1.1979719716768735e-07
carbon_pipeline,power,NO-DE,2.7134612944174348e-08,2.986069013811451e-08,3.176679997212087e-08,3.3456354678091735e-08,3.5309310723465897e-08,3.6972096871914665e-08,3.8718465224763464e-08,4.0364840508237576e-08,4.202404181508997e-08,4.376464897236719e-08,4.5507117923574966e-08,4.708525502610009e-08,4.862101327443554e-08,5.0135758423665044e-08,5.2031118774701445e-08,5.411343460817361e-08,5.625442113396434e-08,5.814218454063974e-08,5.991587886009813e-08,6.174454137905668e-08,6.396791588809412e-08,6.67492823279939e-08,6.962098549282379e-08,7.276633517820779e-08,7.657502996299492e-08,8.231093954297792e-08,9.254615724614386e-08,9.963692367963603e-08,1.0659171122919186e-07,1.1645059623992235e-07
carbon_pipeline,power,NO-DK,3.8940215498473326e-08,4.3062518405807726e-08,4.647569645582524e-08,4.9346589920160666e-08,5.252593622503417e-08,5.567492302780604e-08,5.854163145391308e-08,6.123391441834695e-08,6.377507669214997e-08,6.640206419366983e-08,6.907352313046354e-08,7.158378466234867e-08,7.429149356267123e-08,7.660014371368132e-08,7.860280774644115e-08,8.105888810125236e-08,8.435520678998224e-08,8.707476932523527e-08,8.839359471740051e-08,8.993462046119111e-08,9.199808661786441e-08,9.483434324291773e-08,9.812529939087963e-08,1.0193640260440611e-07,1.0669969400057578e-07,1.1430448487824365e-07,1.3205712136886706e-07,1.4368004456800852e-07,1.540106034552371e-07,1.6856631174482724e-07
carbon_pipeline,power,NO-FI,9.08115862689237e-08,9.900610460872327e-08,1.0439028811894695e-07,1.087795832543774e-07,1.129690788743201e-07,1.1702231375167461e-07,1.2129177657295218e-07,1.2580094391838098e-07,1.3111286915493013e-07,1.369209363678199e-07,1.4312540497475995e-07,1.483944042992488e-07,1.5409340362445371e-07,1.6024289293629528e-07,1.6691150550994095e-07,1.739018320745192e-07,1.811329961806613e-07,1.8704824938093808e-07,1.9416927188969114e-07,2.0229850530538117e-07,2.1095822376276274e-07,2.1984327130417863e-07,2.3014527181683657e-07,2.4244767951159006e-07,2.5538476720614514e-07,2.6982137239009585e-07,2.872051890673614e-07,3.048402089159017e-07,3.2677999877262715e-07,3.5862321078533397e-07
carbon_pipeline,power,NO-FR,1.998136373818728e-08,2.199823104388396e-08,2.340759796585251e-08,2.4677691643141974e-08,2.6034806711161698e-08,2.72838878990493e-08,2.8596445560432656e-08,2.988880273374089e-08,3.121251417146341e-08,3.2579545302638964e-08,3.4052273118435016e-08,3.562847285444237e-08,3.732410091679764e-08,3.908293586905959e-08,4.097876598865337e-08,4.292295559298356e-08,4.490180874171085e-08,4.652020013792698e-08,4.794472368463339e-08,4.936580195992527e-08,5.098847235179018e-08,5.323971258892811e-08,5.5674109183133894e-08,5.85202515070396e-08,6.199014422459304e-08,6.621726555075198e-08,7.662743000419054e-08,8.276616127900122e-08,8.840838259133731e-08,9.605380474909488e-08
carbon_pipeline,power,NO-NL,2.788692498595475e-08,3.066862565077584e-08,3.264643482260615e-08,3.4414911062449756e-08,3.6358906257691e-08,3.8165997461577973e-08,4.0453776012793646e-08,4.242750231383788e-08,4.4294940920245626e-08,4.619182102156609e-08,4.8074660312700235e-08,4.9828291845931935e-08,5.146874123049505e-08,5.301620045904246e-08,5.501987961194844e-08,5.721979024114399e-08,5.9401667502353795e-08,6.134008832482319e-08,6.324671087305531e-08,6.505022857948905e-08,6.708692590473003e-08,6.975092504712581e-08,7.26578474657314e-08,7.581418724709853e-08,7.974561434288272e-08,8.609644687734514e-08,9.894187340808295e-08,1.0720127620402765e-07,1.1404376734451476e-07,1.2408018814406173e-07
carbon_pipeline,power,NO-SE,1.402890166542565e-07,1.53691448037848e-07,1.6309702726360548e-07,1.7097198858357554e-07,1.7875598517190154e-07,1.8616773108864981e-07,1.938067013757706e-07,2.0153168722858064e-07,2.1037861370892084e-07,2.201973321796524e-07,2.308905336636474e-07,2.390530076486197e-07,2.479073940138378e-07,2.57113297184748e-07,2.666662158481286e-07,2.758522876942454e-07,2.844372832691097e-07,2.983400220298724e-07,3.1333720881639604e-07,3.2784850395538226e-07,3.400482206307548e-07,3.56088849037181e-07,3.733384074213247e-07,3.9391651007696434e-07,4.1890193158748997e-07,4.5672785175769503e-07,5.418585644559513e-07,5.926567356584787e-07,6.378699224732635e-07,7.020573027923585e-07
carbon_pipeline,power,NO-UK,2.7202543498879075e-08,2.99146477980488e-08,3.1876734876866754e-08,3.378238500073424e-08,3.636789971952118e-08,3.8355674748549047e-08,4.030930466945643e-08,4.218822035617157e-08,4.403538803138723e-08,4.5928572576634245e-08,4.797586379412736e-08,5.017234201710823e-08,5.258324794661866e-08,5.4994340378253453e-08,5.7683982036001034e-08,6.04816293657175e-08,6.313920129360933e-08,6.48895641007876e-08,6.640560300425038e-08,6.779041617039378e-08,6.937363700732734e-08,7.180705012992498e-08,7.458885089099746e-08,7.769712262130455e-08,8.165496594582737e-08,8.724344576813136e-08,1.0268001934499491e-07,1.1181219339733684e-07,1.1906240321445834e-07,1.291147284658969e-07
carbon_pipeline,power,PL-CZ,1.0537639547230928e-07,1.1455163993288005e-07,1.2168502548277895e-07,1.29042278600904e-07,1.3928750041487918e-07,1.4832114652987906e-07,1.5742933966062668e-07,1.6684117519971738e-07,1.7497337744684353e-07,1.8303072975006897e-07,1.9066225612955733e-07,1.9762822285726236e-07,2.039741986777588e-07,2.0875070032275217e-07,2.1358669700051683e-07,2.1842397742311969e-07,2.229238253461479e-07,2.265244502841596e-07,2.2994214132847934e-07,2.337726193273639e-07,2.39370218766979e-07,2.4791559465499455e-07,2.5942896655400576e-07,2.751405146754068e-07,2.9735281200200454e-07,3.2457799870915e-07,3.7039073870430964e-07,3.979563959384555e-07,4.2392447971973755e-07,4.506841026657826e-07
carbon_pipeline,power,PL-DE,7.63876053681696e-08,8.331586386915687e-08,8.902405665388189e-08,9.49578209473814e-08,1.0002067094793163e-07,1.0686321167159178e-07,1.1626068367433604e-07,1.2459229977454758e-07,1.295703359250595e-07,1.3479994547665067e-07,1.3913423720257316e-07,1.4203872844942158e-07,1.4465951265560906e-07,1.4756035341016786e-07,1.5481405718781907e-07,1.6481077796995222e-07,1.7142771192634424e-07,1.743655848972184e-07,1.7700519477137091e-07,1.7876980769193096e-07,1.8164326562326152e-07,1.8598235488103e-07,1.9869655813544944e-07,2.1722725635414126e-07,2.517752449255306e-07,2.9533134099923807e-07,3.233704722300315e-07,3.3967973868124487e-07,3.4940578371614826e-07,3.704901784050875e-07
carbon_pipeline,power,PL-LT,8.518476169340054e-08,9.285760940184577e-08,9.828187883215202e-08,1.0261673550234274e-07,1.0580469087809914e-07,1.0961612592998144e-07,1.1404117724662622e-07,1.19795143950399e-07,1.2669349578258918e-07,1.3370836047432326e-07,1.4101904823096308e-07,1.4953608250995775e-07,1.6107890764682995e-07,1.7982062908019659e-07,1.9826087930333683e-07,2.1770016665729793e-07,2.358300672037522e-07,2.717627397939019e-07,4.011134325518001e-07,5.183964595561997e-07,6.550236566709221e-07,6.630801438549443e-07,7.190518616438534e-07,8.271726313984654e-07,8.398938527321902e-07,8.478922303152388e-07,8.558653874983239e-07,8.704436424036869e-07,9.248096286180757e-07,9.800737783988296e-07
carbon_pipeline,power,PL-SE,4.467744667510849e-08,4.90989074645956e-08,5.2448967616042174e-08,5.554390521762038e-08,5.761913102953112e-08,6.064002625754118e-08,6.409171791407094e-08,6.942920968929264e-08,7.430023874305632e-08,7.901278039236208e-08,8.414362049418385e-08,8.999143018562034e-08,9.955418066985031e-08,1.1598912454865992e-07,1.3324468193889434e-07,1.529439618566805e-07,1.663480964053557e-07,2.0011827700535628e-07,5.368380998649066e-07,5.199312147701621e-06,5.52874967860545e-06,5.5308985061458245e-06,5.53587662688018e-06,5.539553009683407e-06,5.541759537822909e-06,5.543225081841424e-06,5.544590464107316e-06,5.547822764817025e-06,5.5633457482457345e-06,5.572429874213717e-06
carbon_pipeline,power,PL-SK,1.0262890308490816e-07,1.1146200740722714e-07,1.1806249484765818e-07,1.2488823467255128e-07,1.3671750630941947e-07,1.4536434718545553e-07,1.53652906263403e-07,1.623701670581781e-07,1.711243350813918e-07,1.8006251727149723e-07,1.899043707568695e-07,1.9897104174427129e-07,2.0767709262386484e-07,2.1365803024369895e-07,2.1835397262687972e-07,2.2301047236091706e-07,2.289494855920357e-07,2.3565486749318818e-07,2.4045676582547833e-07,2.453328953954427e-07,2.511436238044059e-07,2.6017390345726195e-07,2.723583256841052e-07,2.917138074470193e-07,3.188349981269827e-07,3.470176827910884e-07,4.176198130083591e-07,4.6622814164891786e-07,5.419802438532174e-07,5.748232583643566e-07
carbon_pipeline,power,PT-ES,9.950486663911293e-08,1.079414002891595e-07,1.1443314126563252e-07,1.206673506290467e-07,1.2766416143823203e-07,1.3522326570932757e-07,1.4365470556886027e-07,1.5271825332839417e-07,1.6160138645214694e-07,1.7083305684658447e-07,1.8113471733635469e-07,1.9120217723617349e-07,2.0327009506350724e-07,2.156389563062297e-07,2.2899516536710136e-07,2.4409184753521607e-07,2.60600680860207e-07,2.7802953626596794e-07,2.9749041950357023e-07,3.129457209395116e-07,3.267032889478974e-07,3.4175067049319594e-07,3.57251437219771e-07,3.7276305227315226e-07,3.978109274524842e-07,4.2300565706199005e-07,4.5497791246075306e-07,4.846623441315355e-07,5.107806460897464e-07,5.480741151654178e-07
carbon_pipeline,power,RO-BG,1.1558625690537436e-07,1.244279891393651e-07,1.3116349831753762e-07,1.3849649861690572e-07,1.6987109754747928e-07,1.9125078308866434e-07,2.09107179789947e-07,2.34483991873747e-07,2.529937361354337e-07,2.7090785260193435e-07,2.9759393660133054e-07,3.204962079324557e-07,3.500216376583164e-07,4.0456107009783615e-07,4.5733387317504666e-07,4.7614067899583975e-07,5.513078486543605e-07,8.465965640684881e-07,8.62000837164239e-07,8.640900693127865e-07,8.669495373876123e-07,8.727658126278199e-07,8.814030731560996e-07,9.292068164926847e-07,1.0402263354301415e-06,1.2137232998972953e-06,1.2524549171750014e-06,1.5322185229033653e-06,2.448008355144937e-06,2.5253811816282183e-06
carbon_pipeline,power,RO-HU,9.643966229550485e-08,1.0613645399093087e-07,1.1350545978408687e-07,1.1769479348633406e-07,1.1951567030853344e-07,1.216985339272474e-07,1.2406421339906954e-07,1.266795513860693e-07,1.2964885478914812e-07,1.3370680123729478e-07,1.382642792593985e-07,1.4199926026737722e-07,1.4554430784689628e-07,1.4866819711744225e-07,1.5247146387643026e-07,1.5723871764064397e-07,1.6208297256156353e-07,1.679416124661369e-07,1.7494204439935696e-07,1.9431546560472728e-07,2.0604724787393618e-07,2.2096846170825743e-07,2.686101123916505e-07,2.9113691654722964e-07,3.469865937241611e-07,3.903420290257242e-07,4.201721457653623e-07,4.4097090226534874e-07,4.685411844790733e-07,5.039032276680547e-07
carbon_pipeline,power,SE-DE,3.173398738927774e-08,3.485602228922968e-08,3.705748733724725e-08,3.903568892851987e-08,4.123395771599378e-08,4.319252294708409e-08,4.524769932222196e-08,4.715540446439796e-08,4.901867749710352e-08,5.096952119447962e-08,5.293055444464494e-08,5.470024362928157e-08,5.6454858500159435e-08,5.8187128431468794e-08,6.045686362143708e-08,6.302950232112938e-08,6.577839409399042e-08,6.791702468514869e-08,6.98466434834115e-08,7.185138759761593e-08,7.443619968900033e-08,7.760492644126083e-08,8.087906415950687e-08,8.444664378303575e-08,8.87737813433164e-08,9.519115367312338e-08,1.0602261865299735e-07,1.1391336051487864e-07,1.2186981030940998e-07,1.3315196122025648e-07
carbon_pipeline,power,SE-DK,4.717152208579594e-08,5.2198669844499644e-08,5.657224756540544e-08,6.028347422221163e-08,6.456557764778595e-08,6.896237257455904e-08,7.27930467047964e-08,7.64960097385543e-08,7.973931372044143e-08,8.310216154230666e-08,8.654589042506235e-08,8.956831231857262e-08,9.292979570790576e-08,9.569050563314332e-08,9.790081868364245e-08,1.0088245258213463e-07,1.0614435847478459e-07,1.096269856880309e-07,1.1088945518041004e-07,1.1226911748643446e-07,1.142058181768329e-07,1.1698628653371132e-07,1.2044019868440248e-07,1.2464960218343659e-07,1.3009899739140513e-07,1.3882032568537378e-07,1.5852956095994172e-07,1.7236814000399985e-07,1.8502904817312623e-07,2.0277659419373181e-07
carbon_pipeline,power,SE-FI,8.148006711057792e-08,8.887826075506464e-08,9.398255299608767e-08,9.8335151022753e-08,1.0240305180112176e-07,1.0646321140279168e-07,1.1069971697070866e-07,1.1518835161729417e-07,1.2021628866257306e-07,1.2551363543175222e-07,1.310704854547684e-07,1.367074251813706e-07,1.4270359941223225e-07,1.4919650686741128e-07,1.5615485970674238e-07,1.6414069429085287e-07,1.7374449707434384e-07,1.7842040676643797e-07,1.8481243811026514e-07,1.9332578371399073e-07,2.0603573321048212e-07,2.1347730277952043e-07,2.2317569454957453e-07,2.3433611404425385e-07,2.441923701951837e-07,2.5248271090822486e-07,2.606998094687766e-07,2.719368574689609e-07,2.889931240425037e-07,3.149580417899756e-07
carbon_pipeline,power,SE-LT,4.155524512610947e-08,4.572725066899408e-08,4.854747090162579e-08,5.089582507540558e-08,5.326055124182993e-08,5.5479947846523626e-08,5.777983547263515e-08,6.015269483243617e-08,6.277382480224179e-08,6.551915477605838e-08,6.837228531472817e-08,7.130991718322964e-08,7.439455353883229e-08,7.762923841519181e-08,8.11251317065682e-08,8.492627152506194e-08,8.906962171794975e-08,9.31095399738061e-08,9.718261432457721e-08,1.0135208095581857e-07,1.0542969795764875e-07,1.1026288839438345e-07,1.1494915826755514e-07,1.201871444247059e-07,1.2617166713516098e-07,1.3381220058983345e-07,1.4418222726653013e-07,1.5340600455571963e-07,1.6669433188769612e-07,1.8220968207294486e-07
carbon_pipeline,power,SE-NO,1.7558601913490454e-07,1.902010043122221e-07,2.0169066386344032e-07,2.143237212623981e-07,2.26046223358134e-07,2.409418660304622e-07,2.583996009619253e-07,2.874834562478671e-07,3.106076972808537e-07,3.348199872359021e-07,3.659166283620558e-07,3.9615067554662686e-07,4.4495319958328693e-07,5.124798770908956e-07,6.094000856337426e-07,8.277876603810056e-07,0.11858015943029468,0.20976930623694123,0.23815179875768813,1.028229691083377,1.6529719782613799,1.652971985154073,1.6529719913902756,1.6529719941868293,1.6529719959151226,1.65297199837484,1.6529720025478072,1.6529720021595835,1.6529720061691386,1.6529720176044915
carbon_pipeline,power,SE-PL,3.366434974324457e-08,3.7038777868502556e-08,3.935678477767427e-08,4.1375565421939546e-08,4.364519774187654e-08,4.561773631456545e-08,4.7627919894125026e-08,4.961519224741129e-08,5.174666990557884e-08,5.399509824501721e-08,5.6348149695370574e-08,5.865008008258426e-08,6.098503614372582e-08,6.328859025051227e-08,6.583361077696635e-08,6.860678654989313e-08,7.163215853498987e-08,7.443732241301787e-08,7.716401928694798e-08,8.031922455219867e-08,8.359253303263307e-08,8.746596069526897e-08,9.129105134049665e-08,9.560363194907066e-08,1.0052724489814299e-07,1.0684535239682927e-07,1.1586139075619085e-07,1.232659863731916e-07,1.3247614756560038e-07,1.4448315962745411e-07
carbon_pipeline,power,SI-AT,1.9586488486378995e-07,2.1517710228031374e-07,2.290651659490369e-07,2.4003438913775636e-07,2.476951361925782e-07,2.561147053851637e-07,2.649105476528688e-07,2.7375603760248856e-07,2.8374440352544446e-07,2.945050529575074e-07,3.0567334294371626e-07,3.177411754351488e-07,3.309954749910222e-07,3.471123952334106e-07,3.7394574800660746e-07,4.076637235999498e-07,4.309979397039351e-07,4.4807516608116885e-07,4.6792668482851567e-07,4.895376326256787e-07,5.118892345223807e-07,5.441031021794614e-07,5.865384137779638e-07,6.532779183166229e-07,7.348190915502276e-07,8.350148214407065e-07,9.040921948853934e-07,9.56683867316512e-07,1.019926443682299e-06,1.1218543050690706e-06
carbon_pipeline,power,SI-HR,2.0411419140978933e-07,2.2130889010795206e-07,2.3362428706961812e-07,2.4335426364349053e-07,2.4990590924773636e-07,2.571409632828072e-07,2.659619701053996e-07,2.7743606792258e-07,2.891610960877979e-07,3.0342522342085874e-07,3.1883759225800805e-07,3.2821937408371355e-07,3.359614197552536e-07,3.437598957107052e-07,3.521809573864569e-07,3.6272454910743723e-07,3.790250569398315e-07,4.0384751230807153e-07,4.32180023892433e-07,4.6621231630858726e-07,5.139547123384567e-07,5.581808022632129e-07,6.214193483183741e-07,9.445811761145279e-07,1.5697670872607766e-06,2.510650559644554e-06,0.010029875116818156,0.027967098538803872,0.027967182170631003,0.027967253710104858
carbon_pipeline,power,SI-HU,1.025797889755197e-07,1.1181991233780777e-07,1.1830396872354564e-07,1.2369996751795457e-07,1.2840223495058772e-07,1.3319107644128574e-07,1.382836896124949e-07,1.433458834076071e-07,1.4903189446806736e-07,1.550502575593385e-07,1.6142978225717957e-07,1.6771679982196557e-07,1.7450871980690125e-07,1.8286575239999934e-07,1.933428774625104e-07,2.0504424941273456e-07,2.1890959380977125e-07,2.3778120300397774e-07,2.534004563518055e-07,2.750099563103285e-07,3.0864057786259524e-07,3.2740332191027995e-07,3.47080360654661e-07,3.8760433926497834e-07,4.2379645652428426e-07,4.4728845443365014e-07,4.663125758324804e-07,4.888130102842501e-07,5.320814170156284e-07,5.752444778494192e-07
carbon_pipeline,power,SI-IT,1.0511503818106633e-07,1.1417950950820334e-07,1.2087006848470593e-07,1.2910885506377168e-07,1.9375758203183767e-07,2.447329026545909e-07,2.7744630230713644e-07,3.5500494093034935e-07,3.9985015582463084e-07,4.618703664446493e-07,5.546766691896131e-07,6.820348544061124e-07,9.013830804309995e-07,9.54553540312082e-07,9.691036553759238e-07,9.73367602699808e-07,9.760613863762785e-07,9.840887193584377e-07,1.0014777143195005e-06,1.0095377445199238e-06,1.0196398756785018e-06,1.030677503012907e-06,1.0463885051433853e-06,1.1240836129281755e-06,1.3663123793450055e-06,2.114244299563195e-06,2.206605119720767e-06,2.3373682141051354e-06,2.380285789954719e-06,2.5617116986237583e-06
carbon_pipeline,power,SK-AT,9.347632589785552e-08,1.0137770977483158e-07,1.076858212440537e-07,1.1399158776387431e-07,1.2122946365491636e-07,1.2875652169620433e-07,1.3635308736698653e-07,1.462940618316134e-07,1.548995733451205e-07,1.6401438636247806e-07,1.728758021519592e-07,1.8227663698096483e-07,1.9110942261045941e-07,1.9753171074353545e-07,2.0321389450393028e-07,2.0856784947398892e-07,2.1309435292084488e-07,2.169195771493612e-07,2.2088018037951282e-07,2.2433741664247982e-07,2.2792702511950363e-07,2.3380764372088692e-07,2.422068229811174e-07,2.530408499556264e-07,2.6920995630114664e-07,2.9538286939631493e-07,3.1545556259642977e-07,3.320927954499778e-07,3.53238640533745e-07,3.902316102742882e-07
carbon_pipeline,power,SK-CZ,1.2491000294229605e-07,1.3685791872885262e-07,1.4595499701748546e-07,1.5378049092177042e-07,1.5954086144226053e-07,1.6649960434246493e-07,1.7432343345287675e-07,1.8252230137339907e-07,1.9044375045088035e-07,1.986917118744497e-07,2.06333467281783e-07,2.1436736402236403e-07,2.2247014897302276e-07,2.3146315504649493e-07,2.4620513122286686e-07,2.6611418545573457e-07,2.752293222683903e-07,2.8103112489022387e-07,2.8961326258991433e-07,3.0581769599904304e-07,3.208329941526003e-07,3.387326057117488e-07,3.6179720289268854e-07,3.839288157453886e-07,4.181930616367326e-07,4.813292686904086e-07,5.285018062442516e-07,5.696066874726796e-07,6.103972036711239e-07,6.654148759798638e-07
carbon_pipeline,power,SK-HU,2.201423322617384e-07,2.3939417457894895e-07,2.5399332072862614e-07,2.6913144753885863e-07,2.9441264904932736e-07,3.148267675826208e-07,3.368907305650058e-07,3.712397858175909e-07,3.998967720222628e-07,4.2948509216197827e-07,4.5956281686672987e-07,4.86355654898356e-07,5.154378089099943e-07,5.389839912140581e-07,5.540263175341463e-07,5.684045280041798e-07,5.93254480024464e-07,6.529820266528771e-07,6.707527599282608e-07,6.79811441963596e-07,6.891281300996646e-07,7.068393639119213e-07,7.378364778685587e-07,8.554165906169873e-07,1.0162602939375981e-06,1.302060565198666e-06,1.453012184738614e-06,1.5979384094612726e-06,2.0510499506782024e-06,2.268732684368913e-06
carbon_pipeline,power,SK-PL,1.0616818984414959e-07,1.1659410510756865e-07,1.2380604208493224e-07,1.2920236396022605e-07,1.3277811473047117e-07,1.3709987226243028e-07,1.421782793045622e-07,1.479192587129682e-07,1.5445453656562094e-07,1.6146071958525911e-07,1.685692032562204e-07,1.76199136795189e-07,1.8412317301535198e-07,1.9487183318443412e-07,2.1329160433075863e-07,2.385668090916951e-07,2.550145888232246e-07,2.7037915614038864e-07,3.151478895432977e-07,6.021815167357836e-07,8.248004763400932e-07,8.477552020993826e-07,9.01507709910281e-07,1.0171041752490723e-06,1.164856870507137e-06,1.3021490826777987e-06,1.3143154924744299e-06,1.3306869986240489e-06,1.3561760873847245e-06,1.401550041638091e-06
carbon_pipeline,power,UK-BE,6.55579742471551e-08,7.137543785641054e-08,7.511027072290767e-08,7.785367545009697e-08,7.990149166205901e-08,8.229940176836482e-08,8.544603785926091e-08,8.845088322779658e-08,9.134542251754811e-08,9.41077315547602e-08,9.709236649171978e-08,1.0024729530431905e-07,1.0405620711820915e-07,1.0881518172863309e-07,1.1426605657066279e-07,1.2024785248259186e-07,1.2590651893952724e-07,1.321877717461148e-07,1.3845974168903192e-07,1.4534872684607622e-07,1.5330734799285007e-07,1.6088827407824726e-07,1.713110929669849e-07,1.9142868302776534e-07,2.1619513136406255e-07,2.4046007809530385e-07,2.567659617800123e-07,2.7330126045478433e-07,2.9418487658178215e-07,3.2099200939393464e-07
carbon_pipeline,power,UK-DE,4.498375074369572e-08,4.929939488187123e-08,5.2133260150179515e-08,5.431002212694704e-08,5.6074737342012134e-08,5.805316957511958e-08,6.030225428946237e-08,6.259006500311608e-08,6.503603978590318e-08,6.769176833805433e-08,7.027336671722492e-08,7.243814459466259e-08,7.448191819981322e-08,7.654412527042014e-08,7.907894312864161e-08,8.189989295980157e-08,8.496151826923869e-08,8.822625496722696e-08,9.16102868535709e-08,9.557135925997439e-08,1.0112401421484387e-07,1.062258184879403e-07,1.118962029430418e-07,1.1984812214521715e-07,1.281660093917371e-07,1.361195704468202e-07,1.4354498973839496e-07,1.5131916472456418e-07,1.6119540983530144e-07,1.762357228598224e-07
carbon_pipeline,power,UK-DK,5.3274085699122355e-08,5.917643689007208e-08,6.413554391261612e-08,6.738282740113823e-08,6.958302488168942e-08,7.268308506453837e-08,7.588382823766979e-08,7.915349494630676e-08,8.26575488491689e-08,8.646463295469516e-08,9.021830572742193e-08,9.312141373205065e-08,9.581407380792008e-08,9.827142699879279e-08,1.0038688339336574e-07,1.0313298362307866e-07,1.0751237187109304e-07,1.1359708894326253e-07,1.1577889514540245e-07,1.1904595033833285e-07,1.2478933038514135e-07,1.306274905488055e-07,1.3808796105949848e-07,1.526788959343511e-07,1.6545643968435392e-07,1.7723060978116464e-07,1.8997509119690537e-07,2.0214792189716215e-07,2.1600148349677305e-07,2.3715894337334866e-07
carbon_pipeline,power,UK-FR,4.800328714077979e-08,5.248512907233699e-08,5.539472679009138e-08,5.769226353374662e-08,5.953201227865704e-08,6.160431723000896e-08,6.398828169433082e-08,6.648461707080163e-08,6.920320341581067e-08,7.209116737830065e-08,7.521300433447036e-08,7.842231558297293e-08,8.189460732611986e-08,8.5590531224315e-08,8.946960732985834e-08,9.342140225792384e-08,9.769126875198327e-08,1.02082095469859e-07,1.0622070423627919e-07,1.1123728133471012e-07,1.178012196756401e-07,1.2403251622734587e-07,1.318851612825859e-07,1.5244615247636393e-07,1.8847135784059647e-07,2.036021086352124e-07,2.176809972920099e-07,2.2904780624621695e-07,2.406434942347031e-07,2.5800854387552213e-07
carbon_pipeline,power,UK-IE,1.222733184226129e-07,1.3206198010296563e-07,1.3804153678005853e-07,1.4263523365153433e-07,1.4585128778537907e-07,1.4928550709380627e-07,1.5326586364388268e-07,1.5808932837178188e-07,1.6411333026425426e-07,1.7107089355904502e-07,1.7861936483547298e-07,1.8499019346679602e-07,1.9126053287390703e-07,1.9717728206752693e-07,2.0199522315820396e-07,2.064956639828041e-07,2.1256798247920157e-07,2.536648256852168e-07,3.1768912810565084e-07,0.19870965907501037,0.19870984024242333,0.19870987549780728,0.19870990547931658,0.19870994761704147,0.19870996902266444,0.1987099835990436,0.19871000617020565,0.1987100422226974,0.19871013261514556,0.19871022525297372
carbon_pipeline,power,UK-NL,6.863620099713641e-08,7.48294535501056e-08,7.892961319811856e-08,8.195189228285122e-08,8.42435735922445e-08,8.71285947865485e-08,9.201412844363174e-08,9.63494615719805e-08,1.006650688792409e-07,1.0522643937214855e-07,1.0936748099046643e-07,1.1222558342276619e-07,1.146310001075679e-07,1.1710067116035311e-07,1.205332502493089e-07,1.2468917523047958e-07,1.2939467997884194e-07,1.352373581205059e-07,1.4186535906953295e-07,1.4838845335814032e-07,1.5568877410971455e-07,1.6301955996854777e-07,1.7205519718765646e-07,1.854277591166345e-07,2.0081415193042054e-07,2.171077480549183e-07,2.3055603148260096e-07,2.444224077059413e-07,2.6092372658125847e-07,2.8593641716821143e-07
carbon_pipeline,power,UK-NO,2.9813895235078187e-08,3.2729848072382665e-08,3.466305277783279e-08,3.618919930944731e-08,3.732343335631784e-08,3.870827119625487e-08,4.027804245020062e-08,4.20879307091983e-08,4.4156300241692287e-08,4.6362203315885635e-08,4.8650622000476385e-08,5.0921507036365655e-08,5.326986879806543e-08,5.572387765857614e-08,5.806382222206187e-08,6.044046095814062e-08,6.295360411364837e-08,6.725135769784004e-08,7.292549587571495e-08,8.474256548138448e-08,1.1284320503648837e-07,1.1503409181553809e-07,1.190719830540726e-07,1.3749628755403092e-07,1.427041293559873e-07,1.4438805176823404e-07,1.4586074366284537e-07,1.489887099851038e-07,1.8449896912163706e-07,2.0973984562031216e-07
carbon_storage,power,AT,0.0,0.0,0.0,0.0,0.0,0.0,0.0,0.0,0.0,0.0,0.0,0.0,0.0,0.0,0.0,0.0,0.0,0.0,0.0,0.0,0.0,0.0,0.0,0.0,0.0,0.0,0.0,0.0,0.0,0.0
carbon_storage,power,BE,1.0712388400832043e-07,1.1991062796498193e-07,1.3021264853268157e-07,1.412905826815644e-07,1.4817516664737948e-07,1.590048978232719e-07,1.6584274585329492e-07,1.784820483910652e-07,2.02522617754685e-07,3.0819886288294965e-07,0.8707872205978475,0.8707873875195612,1.0883857257937826,1.1392628484823064,1.1392634982430574,1.9009725965327489,2.031963459157413,2.0319634667945343,2.0319634681901224,2.0319634688297357,2.0319634691838275,2.031963469430884,2.0319634695789337,2.0319634697391074,2.0319634698388387,2.031963469931954,2.0319634699913838,2.031963470062973,2.031963470132228,2.031963470223987
carbon_storage,power,BG,0.0,0.0,0.0,0.0,0.0,0.0,0.0,0.0,0.0,0.0,0.0,0.0,0.0,0.0,0.0,0.0,0.0,0.0,0.0,0.0,0.0,0.0,0.0,0.0,0.0,0.0,0.0,0.0,0.0,0.0
carbon_storage,power,CH,0.0,0.0,0.0,0.0,0.0,0.0,0.0,0.0,0.0,0.0,0.0,0.0,0.0,0.0,0.0,0.0,0.0,0.0,0.0,0.0,0.0,0.0,0.0,0.0,0.0,0.0,0.0,0.0,0.0,0.0
carbon_storage,power,CZ,0.0,0.0,0.0,0.0,0.0,0.0,0.0,0.0,0.0,0.0,0.0,0.0,0.0,0.0,0.0,0.0,0.0,0.0,0.0,0.0,0.0,0.0,0.0,0.0,0.0,0.0,0.0,0.0,0.0,0.0
carbon_storage,power,DE,1.0929499727933826e-07,1.20852287768927e-07,1.3115251116698072e-07,1.432818141197479e-07,1.5030864555928554e-07,1.6568639815792652e-07,1.793964895390502e-07,2.129980782287585e-07,2.60509669685817e-07,2.997107743998621e-07,3.427565870088993e-07,5.008308741564386e-07,0.4452054668247593,0.445205474604434,0.44520547590940485,0.4452054767324487,0.445205477393422,0.445205477873178,0.4452054782406486,0.44520547845099845,0.4452054786157704,0.44520547875485195,0.4452054788661338,0.44520547896439056,0.445205479041641,0.44520547911135955,0.44520547916698633,0.4452054792259425,0.44520547928610943,0.44520547936458893
carbon_storage,power,DK,1.7104001023481023e-08,3.7311168834589745e-08,1.3590566879703697e-07,1.844172630637832e-07,2.6607861148904866e-07,0.22831078447449024,0.22831078464684992,0.2283107848473752,0.22831078508611713,0.2283107853781564,0.22831078574870045,0.22831078624641143,0.22831078697898102,0.22831080592189196,0.22831087988024432,0.38721076265773197,1.6268079974968679,3.0784405984234637,3.0821917779154355,3.082191779069655,3.0821917795961644,3.0821917798531175,3.082191780020279,3.0821917801963505,3.082191780329995,3.0821917804096217,3.0821917804708674,3.082191780549581,3.0821917806232446,3.082191780722474
carbon_storage,power,EE,0.0,0.0,0.0,0.0,0.0,0.0,0.0,0.0,0.0,0.0,0.0,0.0,0.0,0.0,0.0,0.0,0.0,0.0,0.0,0.0,0.0,0.0,0.0,0.0,0.0,0.0,0.0,0.0,0.0,0.0
carbon_storage,power,EL,5.078698604750064e-08,5.135942476968984e-08,5.1637500845925215e-08,5.1825860162805336e-08,0.004109640998810205,0.008333385442736332,0.008333385622639253,0.008333386296751743,0.008333386539575917,0.008333386865228002,0.008333387242003071,0.008333388389119399,0.008333396391954824,0.008333401175521237,0.00833341310532583,0.008333427260097935,0.2926259751441964,0.3890057054198859,0.6734303932203202,0.6849315043677238,0.6849315052112521,0.6849315056696228,0.6849315059684729,0.6849315061533158,0.6849315062804725,0.6849315063901602,0.6849315064742342,0.6849315065568116,0.6849315066394016,0.6849315067474666
carbon_storage,power,ES,0.0,0.0,0.0,0.0,0.0,0.0,0.0,0.0,0.0,0.0,0.0,0.0,0.0,0.0,0.0,0.0,0.0,0.0,0.0,0.0,0.0,0.0,0.0,0.0,0.0,0.0,0.0,0.0,0.0,0.0
carbon_storage,power,FI,6.594992558358765e-08,7.067232218585636e-08,7.534679530240592e-08,8.183583904942352e-08,8.89497254122122e-08,9.763596889350426e-08,1.0642471452457171e-07,1.1758063885714755e-07,1.2658182707643416e-07,1.36476866740398e-07,1.4902964275935456e-07,1.6528813987953505e-07,1.8453805150114573e-07,2.1135447849063856e-07,2.5213708792211554e-07,3.2709719077806857e-07,1.1933025861725103e-06,0.045662096330930615,0.04566209746739588,0.04566209811050447,0.04566209863547849,0.04566209916690744,0.04566209947459416,0.045662099693079924,0.0456620998407849,0.04566209996216614,0.04566210006854062,0.04566210015723056,0.04566210024403641,0.04566210034549578
carbon_storage,power,FR,1.1712589263583032e-07,1.292635240604328e-07,1.3907705357253099e-07,1.4726461102773285e-07,1.521793775226537e-07,1.6065044056979015e-07,1.6974108068939584e-07,1.8748364695389306e-07,2.110677454340303e-07,2.5445881439381114e-07,3.306708515430495e-07,3.976710303502663e-07,4.815933553163827e-07,6.537637677354882e-07,9.153528835136192e-07,5.809824089165288e-06,1.4155250939278368,1.4155251099476767,1.4155251117032777,1.4155251124967214,1.415525112919756,1.415525113191033,1.4155251133673081,1.4155251135444744,1.4155251136615168,1.415525113764414,1.415525113824542,1.4155251138952378,1.4155251139680376,1.4155251140645067
carbon_storage,power,HR,1.0430425097371469e-07,1.0853373563718742e-07,1.153120630939209e-07,1.2397117976977407e-07,1.2733623204387135e-07,1.4052686491189752e-07,1.618220828647994e-07,2.076356169196552e-07,2.3562463176206038e-07,2.7065515362679137e-07,3.244002631555853e-07,4.0277528673170275e-07,9.183176540124855e-07,0.027968030011626056,0.027968033828293905,0.027968034725824893,0.027968035167119206,0.027968035434116276,0.027968035623833012,0.027968035768449428,0.027968035882321315,0.027968035973614126,0.02796803605065467,0.02796803611753223,0.027968036172593955,0.027968036228004107,0.027968036276132733,0.02796803632521996,0.027968036378513,0.027968036447574757
carbon_storage,power,HU,0.0,0.0,0.0,0.0,0.0,0.0,0.0,0.0,0.0,0.0,0.0,0.0,0.0,0.0,0.0,0.0,0.0,0.0,0.0,0.0,0.0,0.0,0.0,0.0,0.0,0.0,0.0,0.0,0.0,0.0
carbon_storage,power,IE,8.056037624164417e-08,9.033655537736452e-08,9.804755966335029e-08,1.0443935208009506e-07,1.0889840275290197e-07,1.1566102922021583e-07,1.2330891935173541e-07,1.3232114433606056e-07,1.4166697197102374e-07,1.5219385890136512e-07,1.641054028848507e-07,1.775161887269948e-07,1.9427370846984813e-07,2.1300486885123663e-07,2.4126831130005163e-07,3.147179142943385e-07,9.735484497878914e-07,0.07974596239014112,0.0797461791826723,0.28538802844103056,0.28538812473851016,0.2853881260467982,0.28538812662076546,0.2853881269538175,0.2853881271519358,0.2853881272958168,0.2853881274115951,0.28538812751155096,0.2853881276128666,0.2853881277344301
carbon_storage,power,IT,5.005678363879749e-08,5.06770231646748e-08,5.0989626829606735e-08,5.119557335873094e-08,0.002853932622009764,0.0028539327924888987,0.0028539329905370057,0.0028539332810822277,0.002853933612778555,0.0028539340393484813,0.002853934718283852,0.0028539358678111915,0.002853938052665892,0.0028539476216620703,0.002853990225849093,0.4566209981055675,0.4566210015192207,0.45662100249656556,0.4566210030016413,0.45662100336277894,0.4566210036048591,0.4566210037741063,0.45662100391505056,0.4566210040246376,0.4566210041109395,0.45662100419428864,0.45662100425429986,0.45662100431953595,0.4566210043853337,0.45662100447408777
carbon_storage,power,LT,0.0,0.0,0.0,0.0,0.0,0.0,0.0,0.0,0.0,0.0,0.0,0.0,0.0,0.0,0.0,0.0,0.0,0.0,0.0,0.0,0.0,0.0,0.0,0.0,0.0,0.0,0.0,0.0,0.0,0.0
carbon_storage,power,LU,0.0,0.0,0.0,0.0,0.0,0.0,0.0,0.0,0.0,0.0,0.0,0.0,0.0,0.0,0.0,0.0,0.0,0.0,0.0,0.0,0.0,0.0,0.0,0.0,0.0,0.0,0.0,0.0,0.0,0.0
carbon_storage,power,LV,0.0,0.0,0.0,0.0,0.0,0.0,0.0,0.0,0.0,0.0,0.0,0.0,0.0,0.0,0.0,0.0,0.0,0.0,0.0,0.0,0.0,0.0,0.0,0.0,0.0,0.0,0.0,0.0,0.0,0.0
carbon_storage,power,NL,6.751274660150968e-08,6.886573542433057e-08,6.926762357420324e-08,6.967385963763237e-08,8.474298625016191e-08,8.664611885155885e-08,0.28538821470822207,0.2853882149603926,0.28538821528770175,0.2853882157700569,0.28538821674037695,0.28538821796800296,0.28538822183486645,0.2853882767909165,1.9746157897525598,2.0662099994537932,2.066210036794576,2.066210042350253,2.066210043553982,2.0662100441691136,2.066210044511132,2.0662100447443263,2.066210044907816,2.0662100450823413,2.066210045213839,2.0662100452778405,2.066210045334532,2.0662100454030323,2.06621004547806,2.0662100455668524
carbon_storage,power,NO,0.1940639273352548,0.1940639329336576,0.19406394294103052,0.19406394536126106,0.3652968229408923,0.36529682306785566,0.36529682321073037,0.3652968279937472,0.36529683105643757,0.3652968327773207,0.3652968330734558,0.3652968334073292,0.36529686095321917,0.3652968653064536,0.3652968663485747,0.36529687343215683,0.2511416261667619,0.4601295453223793,0.9311876306337723,2.1266467814329464,3.146878257562659,3.348173513086514,3.3481735142691433,3.348173514911549,3.348173515155619,3.3481735153865615,3.3481735156039627,3.3481735158131603,3.3481735154017707,3.3481735158044232
carbon_storage,power,PL,0.0,0.0,0.0,0.0,0.0,0.0,0.0,0.0,0.0,0.0,0.0,0.0,0.0,0.0,0.0,0.0,0.0,0.0,0.0,0.0,0.0,0.0,0.0,0.0,0.0,0.0,0.0,0.0,0.0,0.0
carbon_storage,power,PT,0.0,0.0,0.0,0.0,0.0,0.0,0.0,0.0,0.0,0.0,0.0,0.0,0.0,0.0,0.0,0.0,0.0,0.0,0.0,0.0,0.0,0.0,0.0,0.0,0.0,0.0,0.0,0.0,0.0,0.0
carbon_storage,power,RO,0.0,0.0,0.0,0.0,0.0,0.0,0.0,0.0,0.0,0.0,0.0,0.0,0.0,0.0,0.0,0.0,0.0,0.0,0.0,0.0,0.0,0.0,0.0,0.0,0.0,0.0,0.0,0.0,0.0,0.0
carbon_storage,power,SE,8.329238383993116e-08,9.204664181158354e-08,1.0028750876426895e-07,1.0889656115755469e-07,1.1714837974945701e-07,1.2659276837147673e-07,1.3639526428511383e-07,1.4762655414643453e-07,1.5785244940558398e-07,1.6839174143144693e-07,1.8033631567100715e-07,1.9654085111742828e-07,2.1559994442221877e-07,2.387047347360125e-07,2.682321478464473e-07,3.1298046944280876e-07,0.07940314718546912,0.3538812700346574,0.3538812727312397,0.3538812743297421,0.35388127563429844,0.353881276741936,0.35388127727018004,0.3538812775946996,0.3538812777938736,0.3538812779523268,0.3538812780844333,0.3538812781954306,0.3538812782953913,0.35388127841953393
carbon_storage,power,SI,0.0,0.0,0.0,0.0,0.0,0.0,0.0,0.0,0.0,0.0,0.0,0.0,0.0,0.0,0.0,0.0,0.0,0.0,0.0,0.0,0.0,0.0,0.0,0.0,0.0,0.0,0.0,0.0,0.0,0.0
carbon_storage,power,SK,0.0,0.0,0.0,0.0,0.0,0.0,0.0,0.0,0.0,0.0,0.0,0.0,0.0,0.0,0.0,0.0,0.0,0.0,0.0,0.0,0.0,0.0,0.0,0.0,0.0,0.0,0.0,0.0,0.0,0.0
carbon_storage,power,UK,3.7524824792742275e-08,3.7953664094038295e-08,3.816741686832306e-08,5.073492284348604e-08,0.09132425175898268,0.09132425475715367,0.4109589580933685,0.9817352139464749,0.9817352141246936,0.9817352143348491,0.9817352145957939,0.9817352166854891,0.9817352210284718,0.9817352234938457,0.9817352260860196,0.981735232061516,0.9817352429652829,1.0263921976414885,2.3744292037216876,2.3744292199080688,2.3744292217220817,2.3744292223915684,2.374429222705417,2.3744292229911204,2.374429223161025,2.3744292232753694,2.374429223349231,2.3744292234382893,2.3744292235205733,2.3744292236293134
hard_coal_plant_CCS,power,AT,2.3798854212205583e-08,2.412325381033959e-08,2.460075729250188e-08,2.5364395821887872e-08,3.506206421757563e-08,4.839139644027986e-08,6.782706407637623e-08,9.465749421435366e-08,9.669933969168486e-08,9.795329785170421e-08,9.874001097951004e-08,9.926144250314512e-08,9.962140643993257e-08,9.989134941847816e-08,1.0012096574978723e-07,1.0033294719371617e-07,1.0053623838430918e-07,1.0074363438924588e-07,1.0093181382549902e-07,1.0112131879218372e-07,1.013136633069848e-07,1.0152097101713525e-07,1.0174167443493732e-07,1.0198276124721051e-07,1.0225887799968375e-07,1.0258813838666357e-07,1.0298841300827525e-07,1.0348682351996293e-07,1.0419607007842999e-07,1.0601983573550924e-07
hard_coal_plant_CCS,power,BE,1.814217093874995e-08,2.004634780668676e-08,2.1814417292748394e-08,2.354528863846371e-08,3.50169568404963e-08,5.1225731162902444e-08,8.274524747768626e-08,1.3014016758508644e-07,1.3150071278095148e-07,1.3238256976285585e-07,1.332368989566357e-07,1.3371101446052247e-07,1.3407480160582518e-07,1.3436796382724247e-07,1.3460820880555792e-07,1.3481400886498494e-07,1.350012953458763e-07,1.3521588736995424e-07,1.3536954802340545e-07,1.3553464959765477e-07,1.3572944885731478e-07,1.3592984376574781e-07,1.3614321575662358e-07,1.3637782244805912e-07,1.3664793483022534e-07,1.3696156943464572e-07,1.3733588639448592e-07,1.3780657294813622e-07,1.384804476984292e-07,1.399487495199906e-07
hard_coal_plant_CCS,power,BG,1.5854094910122847e-08,1.7863571340626745e-08,1.9284722270088603e-08,2.1124748758939825e-08,2.9727566367575953e-08,4.027076500377022e-08,4.7070704156595365e-08,6.412611968142102e-08,6.902331102012377e-08,8.748481008653822e-08,8.888308713114208e-08,8.95760545366047e-08,9.001332777739021e-08,9.039675584613873e-08,9.074442470652212e-08,9.104514161908746e-08,9.132396900055322e-08,9.158419412216035e-08,9.182801656654444e-08,9.205016652108326e-08,9.228690596857778e-08,9.254185637004096e-08,9.281333173869405e-08,9.310733315627474e-08,9.343584561572488e-08,9.38149171914847e-08,9.42748414007871e-08,9.489688814658936e-08,9.57935772328894e-08,9.784024638083664e-08
hard_coal_plant_CCS,power,CH,1.8724485037823927e-08,2.0148418391826513e-08,2.1573944550893898e-08,2.3076408915550877e-08,3.53591006385391e-08,4.935028420710911e-08,6.935457507452295e-08,9.828410340952234e-08,9.955594365459679e-08,1.0040369272821164e-07,1.0103856546170732e-07,1.0150222261328774e-07,1.0185090632057233e-07,1.0213794720810982e-07,1.0239280382667419e-07,1.0262480959777781e-07,1.0284255077443333e-07,1.0305541779519596e-07,1.0324381817087772e-07,1.0343323373061437e-07,1.0362748991061658e-07,1.0384021780034162e-07,1.0406531554950589e-07,1.0430405857393072e-07,1.0456697466491712e-07,1.0486659717356195e-07,1.052142030118364e-07,1.0563295738615816e-07,1.0622566249600131e-07,1.0759161173103204e-07
hard_coal_plant_CCS,power,CZ,2.3602356960488355e-08,2.392404577822609e-08,2.4360991381450623e-08,2.5091270213776554e-08,3.378951555922039e-08,4.5091607058516366e-08,6.001306286054943e-08,8.4959095522929e-08,8.666234070939151e-08,8.771728142485561e-08,8.840878333024137e-08,8.89060763859349e-08,8.925503107740958e-08,8.953995071366386e-08,8.979581863313955e-08,9.003632428340573e-08,9.026334346911793e-08,9.047867229834209e-08,9.068348610947792e-08,9.088959568892364e-08,9.109894845385252e-08,9.131828426421719e-08,9.155595093413645e-08,9.182531004639858e-08,9.214604790742876e-08,9.25299784441665e-08,9.29942757643428e-08,9.35798778102356e-08,9.440059604379207e-08,9.65341291511026e-08
hard_coal_plant_CCS,power,DE,2.483610334157048e-08,2.5152315487894045e-08,2.5697862818143944e-08,2.6742055607984063e-08,3.771989885837049e-08,5.4460487374185254e-08,8.544640520831017e-08,1.2101406572623284e-07,1.2236879088428433e-07,1.231603818717303e-07,1.2367037814956856e-07,1.2403264200430296e-07,1.2431511913819059e-07,1.2455971484987696e-07,1.247876038441123e-07,1.2500144864222134e-07,1.2521082796621033e-07,1.254163344923172e-07,1.2561541270384427e-07,1.2581838999362786e-07,1.2602367628757148e-07,1.2623831896771517e-07,1.2646584380926658e-07,1.267106914951232e-07,1.2696331839426876e-07,1.2724959972068658e-07,1.2760070908513725e-07,1.2805604338252277e-07,1.287093898615067e-07,1.3014415866720496e-07
hard_coal_plant_CCS,power,DK,2.3837309144989865e-08,2.4153420131039064e-08,2.4642710067234095e-08,2.545022514993186e-08,3.311607363498834e-08,4.6888381764172666e-08,6.220932147838496e-08,9.053498245390488e-08,9.293167202233864e-08,9.44829975743409e-08,9.548513333588187e-08,9.616016341569729e-08,9.659880209449024e-08,9.691643081987602e-08,9.717302639684218e-08,9.739955180204411e-08,9.76164840551562e-08,9.782714066081564e-08,9.801271348086289e-08,9.820694933801248e-08,9.841594212012338e-08,9.863932846145708e-08,9.887599402978535e-08,9.913123412952721e-08,9.942664537962066e-08,9.977456744100692e-08,1.0018351010034072e-07,1.0066947670990787e-07,1.0132437726136737e-07,1.0287112749545403e-07
hard_coal_plant_CCS,power,EE,2.308606439720028e-08,2.3369973171910113e-08,2.3830080452576888e-08,2.462163751120833e-08,3.00803856968553e-08,3.739307938416952e-08,4.400113000959207e-08,5.804402888042126e-08,6.093180813920015e-08,6.388519736741673e-08,6.717325550977974e-08,6.94803184032389e-08,7.141416495936693e-08,7.291474931278308e-08,7.425789738652402e-08,7.525584268336132e-08,7.608080106303267e-08,7.671592167877478e-08,7.71909385408713e-08,7.766946484430305e-08,7.812038857410733e-08,7.85643104902406e-08,7.902235658599924e-08,7.952413558200574e-08,8.01205724133572e-08,8.082456131599645e-08,8.165449861388777e-08,8.267520814421558e-08,8.4027608051612e-08,8.751874809645698e-08
hard_coal_plant_CCS,power,EL,1.6326569181898816e-08,1.8216066792203327e-08,1.9470138801364967e-08,2.098471502593048e-08,2.741720443258946e-08,3.4344253387725326e-08,4.341409951427123e-08,5.9551480967311383e-08,6.317688184069983e-08,7.020746965941104e-08,8.359204562938648e-08,8.642508480536513e-08,8.859509208618303e-08,8.948194599266e-08,9.008522924713299e-08,9.051600198460737e-08,9.08977498749166e-08,9.123873290440944e-08,9.153096133090524e-08,9.177932276385963e-08,9.203857475480348e-08,9.231177113606637e-08,9.259681843224467e-08,9.290515261283642e-08,9.325263502455764e-08,9.365948977692778e-08,9.415730198515723e-08,9.48322049045308e-08,9.578655906024229e-08,9.79475233651358e-08
hard_coal_plant_CCS,power,ES,1.5795154819395383e-08,1.7595662369382077e-08,1.88631546196356e-08,2.014840449330558e-08,2.314909663018473e-08,2.6577580673433492e-08,3.053890733487173e-08,3.5153391770954406e-08,3.745420890894824e-08,3.9532119864795884e-08,4.190994371668488e-08,4.422162010844523e-08,4.644621230280484e-08,4.8555143986266347e-08,5.0668980825206545e-08,5.287491796341779e-08,5.529374807146839e-08,5.792133885829917e-08,5.993610485648231e-08,6.134397921943091e-08,6.253138041605124e-08,6.371122497719445e-08,6.495251942800234e-08,6.642943323451832e-08,6.849693105010169e-08,7.007414610675946e-08,7.15000613876822e-08,7.337152292735818e-08,7.569274497510347e-08,7.95942152731404e-08
hard_coal_plant_CCS,power,FI,2.33054677925683e-08,2.360217464745633e-08,2.4080264191487457e-08,2.49085796272078e-08,3.0494188937671735e-08,3.7168790953917626e-08,4.2983957738828584e-08,5.4041697268792824e-08,5.743390404625839e-08,6.10609546942845e-08,6.597095777277499e-08,6.96346793540314e-08,7.294428054152713e-08,7.597038775512078e-08,7.944912231692393e-08,8.191199017431367e-08,8.394537480210575e-08,8.506170995462684e-08,8.575436125314077e-08,8.647690182152863e-08,8.716703340907846e-08,8.779300591172398e-08,8.8362480140489e-08,8.890673472619146e-08,8.951393826158276e-08,9.02115154053346e-08,9.102758485027887e-08,9.215584205201402e-08,9.399812971672943e-08,9.869466015238423e-08
hard_coal_plant_CCS,power,FR,1.691762600845252e-08,1.8773498680322403e-08,2.050213285415648e-08,2.2293616197869584e-08,3.09769596079805e-08,4.046070574880377e-08,4.972922495994906e-08,6.322643721764456e-08,6.622995206824631e-08,6.91605273923164e-08,7.265314420671602e-08,7.471627488235788e-08,7.632782061634212e-08,7.75776019829228e-08,7.861139715017468e-08,7.94171648434453e-08,7.998397792602408e-08,8.050923689731238e-08,8.089238795065228e-08,8.129580661716905e-08,8.181957625438174e-08,8.242280369480647e-08,8.30342444652527e-08,8.364617757421769e-08,8.431230347579489e-08,8.506518847674558e-08,8.594326577032972e-08,8.695890153968335e-08,8.825002413186039e-08,9.114830954633306e-08
hard_coal_plant_CCS,power,HR,2.3932832551585462e-08,2.4312905014215973e-08,2.4868735491196415e-08,2.559555589140157e-08,3.224298840627543e-08,4.985693002849297e-08,6.584129618298441e-08,9.446598234946952e-08,9.582972050565178e-08,9.663582037232769e-08,9.721789739784662e-08,9.76400182295246e-08,9.794344768954113e-08,9.817168689680779e-08,9.836442661300852e-08,9.853876011544198e-08,9.870831891909367e-08,9.888782354077318e-08,9.905638379904752e-08,9.923020200815003e-08,9.941200344809607e-08,9.960081579002196e-08,9.980410884450792e-08,1.0003386630162958e-07,1.0030087091680468e-07,1.0061279431909175e-07,1.0098922475997494e-07,1.0146553442409142e-07,1.0215039270657693e-07,1.039731650370116e-07
hard_coal_plant_CCS,power,HU,1.673376818350151e-08,1.8455734353505076e-08,1.9845532046630865e-08,2.1481814205350674e-08,2.7994617304389787e-08,3.8797347226139144e-08,4.552247902242599e-08,5.578797115395488e-08,5.877168802223421e-08,6.307323052537573e-08,6.81703282592739e-08,6.984907390902264e-08,7.087783756513719e-08,7.153576132727739e-08,7.208634937517441e-08,7.256976488981515e-08,7.301236479675178e-08,7.343283569915397e-08,7.383635212970154e-08,7.422767163906232e-08,7.462702382271503e-08,7.505247506456161e-08,7.551444589035856e-08,7.605378466711264e-08,7.672328300646103e-08,7.753100867186772e-08,7.850425731182742e-08,7.966288425680482e-08,8.113300828363024e-08,8.517826808323088e-08
hard_coal_plant_CCS,power,IE,1.7279729361779478e-08,1.9224281570641574e-08,2.0434806706313605e-08,2.191024062814304e-08,2.7410849141320007e-08,4.0090530963853694e-08,5.017982824124954e-08,6.596215389633779e-08,6.98639495278848e-08,7.349969670218663e-08,7.758882515013526e-08,8.003896441441245e-08,8.190833056276017e-08,8.318415958520942e-08,8.418995598123162e-08,8.493450618180253e-08,8.553159444536939e-08,8.604880674727767e-08,8.64950436865023e-08,8.689660620458546e-08,8.725483706109342e-08,8.761348458755077e-08,8.79917030343583e-08,8.839013779026449e-08,8.884769441662196e-08,8.938860410188348e-08,9.003902908032927e-08,9.080175751295732e-08,9.176943654014243e-08,9.38972005954317e-08
hard_coal_plant_CCS,power,IT,1.7780665535426283e-08,1.9703789886343092e-08,2.1095233939189433e-08,2.2349559552672603e-08,2.8950682271997907e-08,3.795062884988867e-08,4.9475381043936867e-08,8.506534886768266e-08,8.735676846489709e-08,8.869587152777964e-08,8.9568774835976e-08,9.015693852168682e-08,9.056120823926248e-08,9.08560069057117e-08,9.109725598454047e-08,9.131330472418658e-08,9.15170586960773e-08,9.172484592680937e-08,9.191801142169005e-08,9.211457065643316e-08,9.231930356710496e-08,9.254171249879707e-08,9.278391574240635e-08,9.305412559450163e-08,9.336393893961673e-08,9.372776793662825e-08,9.415735831737903e-08,9.469440435119349e-08,9.54537840963804e-08,9.741939578358488e-08
hard_coal_plant_CCS,power,LT,2.283596932720602e-08,2.3123370259978625e-08,2.35923375889656e-08,2.4402488624361206e-08,2.983128811550488e-08,3.709718277292197e-08,4.4362759253584774e-08,5.694528715820477e-08,5.97862197150352e-08,6.258190252943072e-08,6.558142693220041e-08,6.76074366642651e-08,6.921672089960703e-08,7.050684428666033e-08,7.162906607457491e-08,7.251757435857879e-08,7.328289677461895e-08,7.392706056631993e-08,7.444330236043569e-08,7.495511718726265e-08,7.542101047573519e-08,7.587917817504805e-08,7.636487666387603e-08,7.690895555704392e-08,7.757740927208409e-08,7.83855634853173e-08,7.93500429609254e-08,8.051505879205978e-08,8.201444272179986e-08,8.581538479946024e-08
hard_coal_plant_CCS,power,LU,1.6981259818609898e-08,1.887286475290981e-08,2.0630104952809853e-08,2.2402801956348477e-08,3.143276997326283e-08,4.1278854153360955e-08,5.1860382744015376e-08,6.459648220724837e-08,6.668607329091851e-08,6.85667772890857e-08,7.052816993266877e-08,7.21434449242117e-08,7.353332165949211e-08,7.474757291480451e-08,7.58823507829407e-08,7.686800633946308e-08,7.757652144243586e-08,7.814241828806538e-08,7.864997784631076e-08,7.912725985716141e-08,7.958025717752293e-08,8.004571613811792e-08,8.054163809921324e-08,8.105986986166774e-08,8.163702346246626e-08,8.229693343833953e-08,8.307332883056614e-08,8.395157954025116e-08,8.506116702587463e-08,8.769169539376091e-08
hard_coal_plant_CCS,power,LV,2.292685180758533e-08,2.3211887476145708e-08,2.366810776729746e-08,2.4453406876946033e-08,2.98522461326958e-08,3.712298435975752e-08,4.437533888748397e-08,5.713638703829953e-08,5.997842794549583e-08,6.28646723510962e-08,6.583791679417624e-08,6.800082375674333e-08,6.971164628993494e-08,7.112083369425418e-08,7.232820721439436e-08,7.326910960036666e-08,7.408166265595414e-08,7.477270401916013e-08,7.532983056473843e-08,7.589236765282444e-08,7.641590276934188e-08,7.692706216931267e-08,7.744755160347187e-08,7.800961804451646e-08,7.867582718161561e-08,7.946117794152324e-08,8.038090728149183e-08,8.149775217114594e-08,8.294497759290263e-08,8.659680612605878e-08
hard_coal_plant_CCS,power,NL,1.7874811640274275e-08,1.9757625794177033e-08,2.1112058402612484e-08,2.249210026399953e-08,2.8185037207219893e-08,4.409695128815319e-08,6.994630460322549e-08,1.0746598471884539e-07,1.0871929847786652e-07,1.0938432511675855e-07,1.098372626273935e-07,1.1022206997914078e-07,1.1050209847904342e-07,1.1072692546709191e-07,1.1093124582014516e-07,1.1112220370718919e-07,1.1130504830292432e-07,1.1149492100221056e-07,1.1166458643925135e-07,1.1183856561689551e-07,1.1202054571116494e-07,1.1221088003420859e-07,1.1241840895075235e-07,1.1264684155058221e-07,1.1289783244617382e-07,1.1318437368608102e-07,1.1352136036841442e-07,1.1392172854013912e-07,1.1447452603173221e-07,1.1572152108959408e-07
hard_coal_plant_CCS,power,NO,2.2910714792375176e-08,2.3238096644694432e-08,2.3776609986153152e-08,2.4698497727581665e-08,3.100885629544852e-08,3.807608608808338e-08,4.495514429688761e-08,5.820712837757539e-08,6.15272445222986e-08,6.544496103392557e-08,7.127810417802316e-08,7.589660172953588e-08,7.928291025860817e-08,8.228359908323001e-08,8.460822088841549e-08,8.608259322564805e-08,8.70548535657224e-08,8.78223077732435e-08,8.847665292712032e-08,8.90688631691679e-08,8.95985832460139e-08,9.005729160473505e-08,9.050101669312971e-08,9.095226059314011e-08,9.145866772478444e-08,9.205560871860287e-08,9.278520808409238e-08,9.382653623088451e-08,9.54919494271882e-08,9.95428347938038e-08
hard_coal_plant_CCS,power,PL,2.3560576766701073e-08,2.3842635454307498e-08,2.4234866668953206e-08,2.4967183334353603e-08,3.299410420793172e-08,4.359519157311348e-08,5.6677745329582314e-08,8.398568764265031e-08,8.60087537730636e-08,8.710790303308175e-08,8.784170050842905e-08,8.837839533735122e-08,8.876610915748966e-08,8.907740214621632e-08,8.936022595622163e-08,8.960768645268754e-08,8.98435858166808e-08,9.007294716191807e-08,9.029465375885359e-08,9.052639529137525e-08,9.077074507623854e-08,9.104403317966206e-08,9.131827532077888e-08,9.160873197972529e-08,9.193157389665466e-08,9.231187219190417e-08,9.278252640550058e-08,9.340800587057549e-08,9.430208755005297e-08,9.660482094166243e-08
hard_coal_plant_CCS,power,PT,1.556046500949136e-08,1.7383944946105822e-08,1.8466214867911608e-08,1.9663519842272763e-08,2.240561326444576e-08,2.550004319520946e-08,2.8979155838747037e-08,3.269747470096156e-08,3.476807390084522e-08,3.6756645952397426e-08,3.897572464987033e-08,4.126550287517935e-08,4.3432765163819584e-08,4.555301952385407e-08,4.769159112415835e-08,4.9857991396468914e-08,5.221643446687889e-08,5.473383517323517e-08,5.689474562928315e-08,5.84586120833463e-08,5.978818626200453e-08,6.107170261269863e-08,6.246158120080027e-08,6.411061306164844e-08,6.615149444405084e-08,6.774205794703835e-08,6.917841885790093e-08,7.108612255879412e-08,7.348674159531028e-08,7.758357713649055e-08
hard_coal_plant_CCS,power,RO,1.5827587718940822e-08,1.7830936326417314e-08,1.9693454617527033e-08,2.1564911302038297e-08,2.9094119025306516e-08,4.137580760565844e-08,4.894152253411791e-08,6.040969933988518e-08,6.325106385925355e-08,6.685178698730227e-08,6.956537330734212e-08,7.06374825576817e-08,7.138484051486018e-08,7.194148651625431e-08,7.238949255257784e-08,7.27738407446011e-08,7.314295074046205e-08,7.350281260623118e-08,7.384204791896805e-08,7.416605452382025e-08,7.451044027041654e-08,7.489334164184528e-08,7.530797554086065e-08,7.57796190114247e-08,7.641407650918626e-08,7.72302095531031e-08,7.832209542851955e-08,7.973026835465769e-08,8.167653933207545e-08,8.590804633600362e-08
hard_coal_plant_CCS,power,SE,2.3386378447939017e-08,2.3691384037822612e-08,2.4201109808884437e-08,2.506410633508624e-08,3.094128625051547e-08,3.805161448597492e-08,4.450183471260288e-08,5.758390090528188e-08,6.15626697762975e-08,6.571867966084247e-08,7.238998813031262e-08,7.666693797054577e-08,8.012681993076208e-08,8.29766767223091e-08,8.559124152563506e-08,8.744950333524761e-08,8.868369018414882e-08,8.957231304302217e-08,9.036507948905423e-08,9.108712154707063e-08,9.173124755545637e-08,9.228545605638818e-08,9.279321590872932e-08,9.328364269476811e-08,9.38324111577999e-08,9.447838472426641e-08,9.525819305174762e-08,9.63532053497842e-08,9.811207959821762e-08,1.0232689636163993e-07
hard_coal_plant_CCS,power,SI,1.7680784673778365e-08,1.934258383766538e-08,2.082992697380285e-08,2.2345315526586484e-08,2.923437983065019e-08,4.299429395859863e-08,5.1467723379902756e-08,6.947191211303821e-08,7.344633903970224e-08,7.854174499887766e-08,8.192921381769261e-08,8.26839207093493e-08,8.313855374049098e-08,8.343778282274091e-08,8.368070836878427e-08,8.389507030460357e-08,8.410007682647602e-08,8.430501944412603e-08,8.451042381193794e-08,8.47228207803262e-08,8.494793104816415e-08,8.5194827374466e-08,8.546720859738992e-08,8.5784863404455e-08,8.616886473314471e-08,8.663272784412274e-08,8.720675436154674e-08,8.792877646880701e-08,8.892585226906062e-08,9.159689447071996e-08
hard_coal_plant_CCS,power,SK,2.183115964120946e-08,2.216384159448614e-08,2.2702293901326324e-08,2.35149396705153e-08,3.0656333706975246e-08,3.961216080372458e-08,4.784769376074556e-08,8.003955114669076e-08,8.16927653496488e-08,8.274297749753201e-08,8.338235083831098e-08,8.380925926212919e-08,8.414158231563034e-08,8.441871707092804e-08,8.467146132667e-08,8.491301830515124e-08,8.515408703987537e-08,8.539938354241836e-08,8.563756379800851e-08,8.587817702609034e-08,8.612301170718023e-08,8.637883352050778e-08,8.665992348347847e-08,8.698697839145648e-08,8.738832883158751e-08,8.788271606423148e-08,8.849212687624505e-08,8.926314355254226e-08,9.032236292158025e-08,9.310515212288457e-08
hard_coal_plant_CCS,power,UK,1.6935389700035353e-08,1.873511542771004e-08,2.0250666347475997e-08,2.1981893353622207e-08,2.746713446068816e-08,4.1200010972273626e-08,5.3999054256263164e-08,7.405913384194258e-08,7.82490696336934e-08,8.182814305326429e-08,8.44578604866076e-08,8.594183404439575e-08,8.687999192905994e-08,8.758257003214801e-08,8.815859740566914e-08,8.862409919891931e-08,8.901062812072455e-08,8.933912579797294e-08,8.964256138382962e-08,8.993579201507781e-08,9.022575220236381e-08,9.052915933241084e-08,9.086143368131782e-08,9.122542359536173e-08,9.164638511933685e-08,9.215410412863842e-08,9.278292012947317e-08,9.355898115436942e-08,9.460551456879666e-08,9.691565190753284e-08
heat_pump,power,AT,2.6022324113642363,2.735369912735867,2.735369912936023,2.735369913169425,2.386531771819429,2.2464968708802884,1.894199796563838,1.7892826850280061,1.6543494302655133,1.7673970324704493,1.880444690821854,2.1252252512395065,2.2382729842333378,3.2332765705848203,3.9976491819911772,4.370107995191791,4.524724652933101,5.533580685754359,5.533580781844903,5.672607845565226,6.206241916155331,18.68955170079628,18.68955171177473,18.689551726220344,18.689551767859175,20.118401483205908,21.40270737090864,21.54934234806125,21.436294737520708,21.43627192775158
heat_pump,power,BE,2.4029454366859375,2.54521701737286,2.5452170175869013,2.545217017832736,2.4655536247685865,2.3013013974824728,2.0416118158147714,2.0286686025175142,3.3649685307056316,4.168855603187008,7.03757465008549,8.294663649898853,9.227203578598404,11.611001802358402,11.611001869483477,12.992303384175655,13.167380162656121,14.678699516946047,15.075986982706308,15.338689032107133,16.769292924305056,32.521723547328314,32.52172375570262,32.52172418767029,32.521725756441356,37.91709977894875,37.917102081063156,37.91710276389717,37.917102883202894,37.91710303279662
heat_pump,power,BG,3.152365727885609,3.1523657287282565,3.1523657294909078,3.1523657305765265,3.136090075664557,3.2071474337402965,3.319021469379089,3.46757189211771,3.5827444516784266,3.692053099452948,3.6920531050725196,3.707730347747393,3.7122740444701883,3.7122740457837513,3.7122740462842514,3.7759491472261963,3.7759491497909483,3.775949167564416,4.548341286751333,4.806868350739366,4.806868707157755,9.174780088386626,9.174783856271805,9.276758043902012,9.277376467101794,9.277377570399466,9.277377779465874,9.277378036353687,9.277377920944591,9.277378192938231
heat_pump,power,CH,3.5257996984514817,3.706189489854525,3.7061894900423447,3.706189490221698,3.2335439998839295,3.0438088290220464,2.566476793534876,2.424323186909198,2.241500261602452,2.241500264669892,2.135041050043206,2.4666975268776,2.6198672994497603,3.8149781899424755,4.850636892120641,5.355286291373935,5.564778484784655,6.931691067662514,6.931691135935918,7.120060714929365,7.9813296220897305,26.710229703950493,26.710229900236353,26.71023022305378,26.7102314542882,30.577889092287776,30.57789998932004,30.577900035233082,30.577900057741573,30.311155168099116
heat_pump,power,CZ,1.976438989719864,2.021731378119562,2.021731378465792,2.021731378914289,1.8812476410345733,1.7884431710574937,2.7831790247960213,2.852695748729242,2.922212473862378,3.12624836499572,3.1957650932136996,3.265281850164815,3.334798600517103,3.7097670676141563,4.090712195657863,4.248158887379278,7.216569745194822,8.632100930652898,11.062261846931401,12.0052544547251,13.3525742871023,27.136205703384846,27.338502020216794,27.52247509215303,27.522475933251354,27.522476176296813,27.522476692029954,27.52247681957006,27.522476952506654,27.5224771190264
heat_pump,power,DE,7.43630521309021,8.218596687146595,8.218596687307771,8.218596687451878,7.928541367638945,7.768354974370702,5.800711094140002,5.640524779909766,4.690882803704806,4.690882868127804,13.615643177214901,16.729025713955888,22.135613351696392,33.686565882001105,40.74285045738471,46.180949510060884,55.34811493073441,75.06531674343829,85.82051116564621,96.79944232074807,99.44502240972521,201.3615288938655,201.3615290689861,201.3615291348673,201.361529592603,201.36153026911168,233.1316230596935,238.8553606655121,238.85536223639258,238.93900619866443
heat_pump,power,DK,1.9506470931015127,1.9846942392707196,1.9846942399781278,1.98469424108253,2.404142369515194,2.906610488542305,3.3645596074409414,4.1087214762371875,4.243123529997216,4.377525590045366,4.5196332111990465,4.751175920114646,4.963439499346186,5.494842629150195,6.075004257487103,6.710192074003702,6.83472432191607,7.370285054596537,7.869572306645805,7.929403028274804,20.088916104584413,21.24494613403005,21.252511317500723,21.25251202889862,21.25251231306242,21.25251251280413,21.252512630803086,21.252512840045533,21.252513068772895,21.252513384450708
heat_pump,power,EE,0.05340644053720948,0.055476379488343705,0.055476379701950546,0.055476379959893234,0.05277408674489252,0.04692257757733724,0.04586130685259087,0.04162578007297373,0.04049159311539986,0.041625657593698226,0.04162571008786454,0.05265716862388298,0.0655634005935105,0.08658824905118337,0.11704201113676288,0.3361569318282921,0.34947010686489355,0.35889148179907715,0.35889157542550104,0.37738905223735725,0.4508764337639286,2.563906392862273,2.563906428644354,2.563906441468255,2.5639064904632245,2.6327823828270067,2.6327824119799494,2.6328021735973755,2.671685302557258,2.7302141959913007
heat_pump,power,EL,20.76378473159778,20.763784732505943,20.76378473302658,20.76378473423059,20.763784735910352,20.763784726313016,20.82358654035725,21.198746699782085,21.52070868869153,21.84366130550739,22.450690273078518,22.602196906381,22.829095988908257,23.63888580329769,23.971296679203846,23.971296726957906,24.57413774391339,24.574137865695004,24.97117924643899,25.08253808515958,25.357800100289918,25.3578002095681,25.357800297993084,25.357800579152368,25.357801126933026,25.357803319865834,25.426873896610523,25.426877410374342,25.42687801240966,25.426878284524477
heat_pump,power,ES,21.12689107545748,21.14225786996909,21.14225787075278,21.14225787210932,21.214246830139803,21.540437760523982,22.403775168994976,27.253544604554374,27.68270796671773,28.811254627972033,29.22578387223147,31.458178633844177,31.791894394697817,32.90349077225821,33.644355829600855,34.101340500240504,34.10134102628319,34.35868330520403,38.42303906886826,38.7667706040995,38.76677180795799,38.76677390582321,38.766779801233994,38.799639299565705,38.79964167188442,38.79964227580694,38.799642131414,38.799642467599405,38.79964253157539,38.7996423091049
heat_pump,power,FI,4.47723972162582,4.577629681273229,4.577629673149507,4.577629670055436,4.201980307346236,3.895234733764641,3.690239132542955,3.3392975137221206,3.681407952650813,3.6814081527430638,4.016653523168879,4.016653518109825,4.182878311627796,4.370673437195814,4.381036507862359,4.412379670464856,4.525406657817389,4.634289994499008,4.634919134061268,4.750333304469877,4.762398627715146,16.36751625429879,16.36751687130569,16.36752244088379,17.257051714542563,17.504686504056853,17.96999573503089,17.804418312353075,17.876719825664175,18.089801329015497
heat_pump,power,FR,90.98522396776738,91.62889850867002,91.62889850638483,91.62889850524601,94.1269498932982,100.07659669344628,102.14154235694316,104.80531584484744,108.1171542366836,110.83869794489893,119.83158600617173,123.99445834910331,129.313003866445,136.14602220807112,137.7868937480773,140.31715620420096,145.30719787803346,147.35698161601638,151.69443854287846,153.11148433120184,153.11148639235225,156.399685453284,156.39968724716377,156.3996926886403,156.39968794598224,156.3996881467527,156.39968822953975,156.39968806112793,156.39968841894705,156.39968894878834
heat_pump,power,HR,1.8761871677453459,1.914511843858745,1.9145118444834663,1.9145118454404038,1.996906780459316,2.08081026831687,2.2713500247037524,2.3496681348533017,2.4182273492376876,2.6023015616740652,2.676472984725834,3.748059850372788,4.019115873937374,4.468332209602769,4.539273515793595,5.055645166522693,5.125785289006419,5.569712632250359,5.778427092992504,5.968306278430822,6.212752123316422,9.53202829546662,9.60534303838627,9.605343842341602,9.605344145530282,9.605344353623416,9.605344551953614,9.605344818124095,9.605345278535792,9.60534573114201
heat_pump,power,HU,9.51623129268903,9.537385089388591,9.53738509012119,9.537385091039543,10.180720021114826,11.097425495246462,11.274115419601966,11.450805345670863,11.627495271723042,12.339108924469814,12.820524761015099,13.781946652570198,14.995370203854183,17.04048540180706,17.49076859194051,20.61614461685918,21.55151008524485,23.617960143622298,25.638002485123987,26.516622385470257,26.94603243395112,28.308470111396595,28.30847304277228,28.308473481910344,28.308473715036286,28.308473902791082,28.308473980691293,28.30847412653069,28.308474243266318,28.3084743454903
heat_pump,power,IE,7.90429974090885,7.924053226930273,7.924053227275794,7.924053227747123,7.901088976812535,7.921770621979793,7.935899146399942,8.112825203094907,8.126953735017818,8.190084177870796,8.204212776613003,8.449573699643416,8.48945769843529,9.062304408795525,9.339445132505611,9.551823950009469,9.663998517355479,9.709391782231041,10.037121510394815,10.069704390018758,10.726955151654668,10.726958081097843,10.726958501167191,10.726958649450063,10.726958737921331,10.726958821551207,10.726958883883313,10.726958939173313,10.7269589767533,10.726959011276172
heat_pump,power,IT,48.94390869427057,49.34221461061872,49.342214612289396,49.342214612287286,57.10218489364237,65.68994261657335,70.36789748947444,75.04585237796796,82.20906433118866,87.17458039497475,95.36399970908882,106.1233207744274,119.49813462512616,128.00203928839449,128.83481867270518,133.93997786484334,137.9104564168232,141.92637398454173,145.0845009267629,146.12251578235797,150.84080489392994,150.8408080765926,150.84079623335,152.00479893083144,152.69798092221168,152.697981684641,152.69798171694165,155.21859323246633,155.21859335264853,155.21859325365037
heat_pump,power,LT,2.7318870993137594,2.7318871022915747,2.7318871041042754,2.731887105582754,2.762814518032988,2.8748348605122818,2.8900706120161277,2.932158274228266,3.085423489082983,3.1185712815841913,3.1313117089318654,3.254988398000509,3.275647355293611,3.8276110948802495,3.840948508064042,3.983377051423007,4.246997263501594,4.452786235799844,5.482406488232377,5.708512539142647,5.708512685586686,5.708512763680009,5.708513033667097,5.708513184169844,5.70851339735352,5.708513670498327,5.708513818953815,5.70851416529102,5.712581521379058,5.712584108647548
heat_pump,power,LU,0.23721209987939587,0.23721210002119317,0.2372121001724942,0.23721210034487888,0.2245352420397718,0.22256815240078315,0.1954378961917243,0.19543789681718157,0.19358439785132361,0.195272450773462,0.20635462787903466,0.311630341319584,0.32271253203549455,0.3535336657183912,0.37775593771620103,0.5052179226651913,0.5228785618827515,0.672397216207698,0.7203868958655504,0.7203870479060117,0.8837925001099197,2.2833744078208884,2.2833749351551744,2.283377504571322,2.598259221878851,2.5982615595346625,2.5982619818694075,2.598262195813263,2.598262289280905,2.6033517969762823
heat_pump,power,LV,0.06598246971871477,0.07130633821868874,0.07130633926151002,0.0713063393803399,0.06743206881911191,0.14778135111083515,0.16164295728279468,0.19334717841006555,0.24694966931488027,0.28885467240989343,0.2888546763976224,0.43315046569058724,0.4331504862530578,0.4331505731967253,0.5922759707274035,0.6265143516319369,0.6461960636588556,0.724820853875207,0.7248217792511854,0.8878940055444187,1.0032700528809595,3.6481805354359635,3.735105379907705,3.7351435801266994,3.7351449292001355,3.7351452467716344,3.7351453071726866,3.735145473660303,3.735145656548333,3.874942999663874
heat_pump,power,NL,1.5419598273948416,1.5741934126950194,1.5741934129680453,1.5741934133227227,1.5216020818241978,1.4839366535579097,1.3968508229839873,1.3885163956069169,4.542678074018017,8.900685759565922,12.054847528059,16.652622282946776,19.838532819471254,22.28342820551059,22.700303466756196,22.70030352362196,23.10528024013201,23.510604307581044,24.250367092287693,24.428814297922493,24.428814407645138,31.241986489509873,31.241986732350167,31.241987202354522,31.24198843637508,37.042581166092546,45.26075197891278,45.26075345960374,44.70815941027075,44.47725174284025
heat_pump,power,NO,10.456590707506507,10.456590708340318,10.456590708823303,10.456590708670518,8.9560295870127,7.930564727708595,6.092287776567139,6.092287767881873,6.104679552332693,6.1164343060195145,6.116434308731108,6.127774809064684,6.132384225044569,6.295997281205039,6.46946454690844,6.512424994392754,6.525459750149019,6.7706777224807855,6.835006375595722,6.906562104565637,6.95968249427319,15.169926030761212,19.494170385556433,19.494170802244604,19.49417114379399,19.49417126980054,19.494171775085192,19.494174594478487,19.494176565822826,19.66881760833159
heat_pump,power,PL,15.493301131656136,15.493301131177466,15.493301132915915,15.493301133349155,15.493301134843982,15.748196966248248,16.40478723424841,16.774079564380376,18.228785224797406,18.598077552276326,19.464989299834798,19.834281629322607,20.38131675365974,20.74820558284311,20.971549301116546,20.97154932118384,22.133638066148915,24.533445517703054,25.374178018507997,31.895410899227397,57.0550892913885,71.77589407068213,73.27156617568079,73.27158924998554,73.27158996869169,73.27159024880537,73.27159057249695,73.27159049974254,73.27159060294873,73.27159074857609
heat_pump,power,PT,1.8261299884546984,1.8274716627448049,1.8274716641394015,1.8274716657258707,1.8456384124625629,1.9064486563376144,2.062681582311744,2.1699275661900557,2.3362241014702083,2.420686989839952,2.4949987768350295,2.709476749241488,2.835977627991756,2.888648927830003,2.8886493959034607,2.8886671771002286,2.9925782438576225,3.0251804933404007,3.032336751793806,3.0323399918383567,3.0422532775750497,3.0422588131247608,3.042259556094263,3.0422600158916158,3.0422603154695604,3.0422604923205396,3.0422604654427414,3.0422605730758305,3.04226060865845,3.0422606117192337
heat_pump,power,RO,0.06653790780572849,0.06653790812913005,0.06653790853392552,0.06653790918848773,0.0629694063290077,0.0725934762788767,0.07259347706014185,1.6243028204941667,2.6660668915567407,2.68355237825726,3.0952077875754926,3.1726679964929474,3.323661284593903,4.305818083040487,4.651919855775216,4.652025882698464,5.9578314313579614,6.920917499564163,7.164971392174143,7.591163025865636,8.448114542957214,11.318705703405737,11.318706199528446,11.318707247053169,12.569931207453267,12.661715048248773,12.661715587955243,13.187098979361707,13.187099065888965,13.18709910626078
heat_pump,power,SE,7.673672733785394,7.6736727342389655,7.67367273482462,7.673672735365384,7.1766858569660466,6.29981083068941,6.314134096136061,6.372658395354423,6.577916270909479,6.593505550730595,6.593505644881587,7.634562286901934,7.634562329715357,7.634562399837743,7.644209146540691,7.644209266421891,7.644209424105902,7.77016941990564,7.770170186704821,8.407994046478596,10.954577858924644,20.866479590438733,22.44457720003968,22.444581841674903,22.44458244895286,22.44458270443847,22.44458325993534,22.444583553648194,22.44458418170728,22.444584106839383
heat_pump,power,SI,2.9368301095370484,2.97588413773034,2.975884138038077,2.9758841385501498,2.9708631333854316,3.0153916786688573,3.0153916774605283,3.0153916769936124,3.0153916769034104,3.0457453066820506,3.098116077486476,3.12631523546389,3.2377304999058687,3.311143585510181,3.3855575008277867,3.4126560753918844,3.4760671892483965,3.574411002112393,3.5744111637643177,3.5744115831537906,3.5813833844370455,4.036807983664396,4.036808148632999,4.036808312651325,4.0368083892781055,4.036808566495582,4.0368088007309035,4.036808936318777,4.036809303048682,4.036809605119113
heat_pump,power,SK,0.49784819988102225,0.5247579930575452,0.5247579933406558,0.5247579936803928,0.5247579942139481,0.5132042196257819,0.46068272892735573,0.46068273243192587,0.46068271557056323,0.4606827262347219,0.46068272961880935,1.0127553536885545,1.0127553586307538,1.7130438951739777,1.8181714753410498,1.8248235543711333,1.8267281597779763,1.8695577239085608,2.0573490411413986,2.4138604868129505,2.6167277096685075,5.323188276522993,5.32318864845401,5.323189342346889,5.323194740057649,5.992136624501048,7.000187915793221,7.000191024045593,7.00019106474889,7.000192704017067
heat_pump,power,UK,43.07513241339103,43.56800355099264,43.56800355278262,43.568003552617746,51.12245285822012,59.94145408256348,67.65730857859855,75.39207195648873,84.34246542918414,92.53525694392735,100.62322790981337,110.84897046780847,118.89068047746508,129.79221021376893,130.8265314457927,131.52158502492802,133.71188922406893,138.6943315775236,145.9251770784527,148.1591247787444,150.67432598402584,155.04929910214435,155.04929963795374,155.0492981187534,155.04929811171732,155.04929847946008,155.04929835716584,155.0492990221182,155.04929859094187,155.04929868426586
hydrogen_storage,energy,AT,9.120973244454392e-07,9.160984563500364e-07,9.169634790675174e-07,9.18821650457981e-07,9.315727643930961e-07,1.0767917258814898e-06,1.1688521500267286e-06,1.2721434892322198e-06,1.3873973340095995e-06,1.5204149974235628e-06,1.9312680365569057e-06,1.976475495739041e-06,2.1568318547735558e-06,2.3578068165169165e-06,2.5975969798960745e-06,3.065435006916048e-06,3.3460544910133948e-06,3.7308740167991285e-06,4.116136268967772e-06,4.516843283331439e-06,5.1595183836056885e-06,5.565421760951682e-06,6.039326656687812e-06,6.5655193494888836e-06,7.166248120062924e-06,7.824822141912995e-06,8.500452810389565e-06,9.288763965256916e-06,1.0166239708792548e-05,1.1116416859036027e-05
hydrogen_storage,energy,BE,9.022482252242174e-07,9.073515607214172e-07,9.083147684838045e-07,9.104332489081761e-07,9.274049398535342e-07,1.0729933708834533e-06,1.16423260915751e-06,1.2653456801920593e-06,1.381732252856781e-06,1.5111526310154944e-06,1.9093076703850664e-06,1.958797215641527e-06,2.13576389762661e-06,2.33165500609475e-06,2.5572341853321903e-06,3.013637992267061e-06,3.2891431570220747e-06,3.6655564650633115e-06,4.024865276381955e-06,4.4201593327172115e-06,5.055416086273661e-06,5.455570200397185e-06,5.9145298257445495e-06,6.4260480205033875e-06,6.989176480858214e-06,7.583005493110742e-06,8.285266953295564e-06,9.095306845188693e-06,9.92157847557525e-06,1.08474104924308e-05
hydrogen_storage,energy,BG,8.960214776387604e-07,9.010021423523375e-07,9.019996950650945e-07,9.041651917726256e-07,9.196569414020802e-07,1.066049662959911e-06,1.157317604182216e-06,1.2582560050750525e-06,1.3718066421002896e-06,1.515388705196716e-06,1.911014894473082e-06,1.974133865413271e-06,2.1554006582457054e-06,2.3605137277899184e-06,2.589533525364169e-06,3.0646250752368337e-06,3.348531290322192e-06,3.7497798549113508e-06,4.141894181705217e-06,4.5319539746018416e-06,5.187134530959861e-06,5.608875661751429e-06,6.1205594504905375e-06,6.651005253191213e-06,7.198204413715972e-06,7.799801823968544e-06,8.480019305253949e-06,9.231134003933026e-06,1.003916628438243e-05,1.0961991886056648e-05
hydrogen_storage,energy,CH,9.040888385878978e-07,9.090805483865704e-07,9.099971790020515e-07,9.119990398229311e-07,9.269109240999425e-07,1.0743007934570715e-06,1.167107334330243e-06,1.2688923284099186e-06,1.3872319655429285e-06,1.521353949150992e-06,1.929519777312903e-06,1.9785350485817857e-06,2.1532192118710335e-06,2.353701081347186e-06,2.5863672684409757e-06,3.06214158092251e-06,3.3500078851629677e-06,3.7359540668404497e-06,4.112840992360784e-06,4.524261665891157e-06,5.195725835886139e-06,5.58011215551104e-06,6.074669090598234e-06,6.603700065655806e-06,7.196160727546059e-06,7.859523187143691e-06,8.561844369833626e-06,9.332475763501195e-06,1.0216834433444396e-05,1.1144615726344079e-05
hydrogen_storage,energy,CZ,9.09085343258905e-07,9.130750146615667e-07,9.14074667928871e-07,9.16084965707675e-07,9.289668682558817e-07,1.0749140790355915e-06,1.1668323100772383e-06,1.2707254334359683e-06,1.3859291899407682e-06,1.5176724880528341e-06,1.9148906318935834e-06,1.9748020015155357e-06,2.1542460752736823e-06,2.3561544782080586e-06,2.5964573736090666e-06,3.0846637650875862e-06,3.3764196102214015e-06,3.74273178753436e-06,4.11613220393774e-06,4.518731007184991e-06,5.141628034762699e-06,5.583924481440531e-06,6.09471064631827e-06,6.629911111776929e-06,7.245590237684075e-06,7.87735303531678e-06,8.553142127792124e-06,9.350372666559586e-06,1.0213537678524312e-05,1.1274232778497628e-05
hydrogen_storage,energy,DE,9.104645039200002e-07,9.147446630538427e-07,9.157737018394313e-07,9.178887940831315e-07,9.326633709222829e-07,1.0763376478029521e-06,1.1667740603543545e-06,1.267091828072657e-06,1.3788812359572256e-06,1.5058946126140671e-06,1.8711281539330707e-06,1.923913010319146e-06,2.1045035948642417e-06,2.30229675829773e-06,2.5314242004726255e-06,2.9837758458556075e-06,3.263220210134324e-06,3.592741259862786e-06,3.9737631994316615e-06,4.371457952167947e-06,4.956560031545576e-06,5.345229682422725e-06,5.800590351009791e-06,6.328999908217073e-06,6.915882803474225e-06,7.558853751697022e-06,8.190161171868025e-06,8.975501274750949e-06,9.794927929943589e-06,1.0743324034332764e-05
hydrogen_storage,energy,DK,9.155843305243824e-07,9.190637308885026e-07,9.199091017410585e-07,9.216720571984208e-07,9.33250841516628e-07,1.0762762850053747e-06,1.168334935224485e-06,1.2736179034983635e-06,1.3914687992954745e-06,1.5231491347556434e-06,1.9325715569321865e-06,1.976950036765438e-06,2.153110100125138e-06,2.349837661626917e-06,2.577628955108519e-06,3.0436014873271957e-06,3.3158467830814533e-06,3.7070888352509207e-06,4.0526863393753905e-06,4.471774863094296e-06,5.074145161656917e-06,5.466878682049755e-06,5.93907337116843e-06,6.441261659710077e-06,6.9978408387009116e-06,7.5992364532298305e-06,8.277842300462374e-06,9.066061362786462e-06,9.8662645222352e-06,1.0994458230928305e-05
hydrogen_storage,energy,EE,9.093883376366345e-07,9.123048730831043e-07,9.130858045173387e-07,9.147349345493961e-07,9.250368581564671e-07,1.071412012314198e-06,1.1642302796885616e-06,1.2683723354282784e-06,1.3858804611643554e-06,1.518247396869244e-06,1.909808699488657e-06,2.0002678655076408e-06,2.1870501653678666e-06,2.3944791818668568e-06,2.6392828664227204e-06,3.1196673901611536e-06,3.43675395775377e-06,3.862273781562573e-06,4.203482513127954e-06,4.6208408049807465e-06,5.202462683209987e-06,5.641728840732862e-06,6.09924932034443e-06,6.602813408995696e-06,7.153368445027999e-06,7.743421091442304e-06,8.381077993032171e-06,9.162648519122753e-06,9.980080851402416e-06,1.1074583006131581e-05
hydrogen_storage,energy,EL,9.042959730602302e-07,9.094926405789128e-07,9.103642035717486e-07,9.123920415550361e-07,9.282922773598914e-07,1.0753154926382673e-06,1.1643266568113692e-06,1.2645772486709138e-06,1.3782544476859089e-06,1.5132953581172803e-06,1.9192919631330542e-06,1.9889000088728896e-06,2.1788291121404346e-06,2.3933122413963105e-06,2.6197622572829277e-06,3.0972036075415164e-06,3.3785241788593236e-06,3.7684517641386944e-06,4.133585857687752e-06,4.522816319667067e-06,5.114763451082843e-06,5.54612979096396e-06,6.063300456607511e-06,6.590575874210983e-06,7.1369267823586585e-06,7.723505766629671e-06,8.403287260532741e-06,9.150149398511183e-06,9.957313660684419e-06,1.0877869702363506e-05
hydrogen_storage,energy,ES,9.07565087682758e-07,9.126627196350865e-07,9.136378311108412e-07,9.157650481802423e-07,9.314030887981761e-07,1.0751935527763718e-06,1.164086380918097e-06,1.2629796276820747e-06,1.3737962132530363e-06,1.4998227389752643e-06,1.8327977009703264e-06,1.942305951795706e-06,2.114220293167896e-06,2.304084021274404e-06,2.5315418260961955e-06,2.9778438222959584e-06,3.271591985794573e-06,3.6001830514768464e-06,3.946031338482799e-06,4.310452460268034e-06,4.908924821953246e-06,5.346552720284924e-06,5.802338784557071e-06,6.327907676787397e-06,6.9099614948448825e-06,7.524779049346659e-06,8.168402141962485e-06,8.893420556660226e-06,9.698175009754858e-06,1.0596951642236796e-05
hydrogen_storage,energy,FI,9.168517662353023e-07,9.202166199972065e-07,9.21103737316891e-07,9.229051605132082e-07,9.352547014533418e-07,1.0786481888374069e-06,1.1701389870680761e-06,1.2738928166850584e-06,1.389893553722222e-06,1.519247989531991e-06,1.921283519234919e-06,1.964789575832188e-06,2.1336929691910824e-06,2.3299330257626127e-06,2.5645324555799116e-06,2.99278899064296e-06,3.275352798952072e-06,3.694679728070511e-06,4.007995304204575e-06,4.4077252428790525e-06,4.999631912449852e-06,5.4524414700214185e-06,5.898765074635011e-06,6.366218706225624e-06,6.92125900685202e-06,7.531365509211339e-06,8.184779557452573e-06,8.942686572167615e-06,9.748602723036943e-06,1.0887961263037616e-05
hydrogen_storage,energy,FR,9.050418412948846e-07,9.106240376099606e-07,9.117079496087437e-07,9.140731383916035e-07,9.318816563991087e-07,1.0752517451002903e-06,1.1647465354217358e-06,1.2628986085334555e-06,1.3734088917024434e-06,1.4972242956125568e-06,1.8174962636492531e-06,1.922387830655891e-06,2.0879478440915137e-06,2.2718732141862116e-06,2.485466722325524e-06,2.929103252539669e-06,3.1929034294187473e-06,3.522118604451355e-06,3.876823393631875e-06,4.240087825458395e-06,4.80678711079712e-06,5.232612410587269e-06,5.687392315959373e-06,6.181490333725896e-06,6.717882126059869e-06,7.319480612926927e-06,7.938515252150976e-06,8.71205080960705e-06,9.48544745061401e-06,1.0332391605083522e-05
hydrogen_storage,energy,HR,9.007085730414041e-07,9.051746995209835e-07,9.061667197283222e-07,9.082494227898327e-07,9.222967779574445e-07,1.0709942202901136e-06,1.1695369832833567e-06,1.2732270940261508e-06,1.3906692744041995e-06,1.5264671442496155e-06,1.919897127211935e-06,1.9815181859484167e-06,2.1708185318222556e-06,2.3715518779648558e-06,2.6136973596858463e-06,3.085708172743356e-06,3.3662764044725184e-06,3.707811508417396e-06,4.087069266664133e-06,4.473928238943574e-06,5.144691232282242e-06,5.5428179406707645e-06,6.024641471556258e-06,6.556070888144198e-06,7.130457270145185e-06,7.748856945116406e-06,8.407380237134834e-06,9.15887610917196e-06,9.996908357556733e-06,1.0975877581886822e-05
hydrogen_storage,energy,HU,8.98538297164031e-07,9.033033463892326e-07,9.042224532953556e-07,9.062528101161417e-07,9.208283139961042e-07,1.0698483490157045e-06,1.1671936231094213e-06,1.2694516276677885e-06,1.3853578080412843e-06,1.520654083569583e-06,1.9235925134445957e-06,1.9785400816681097e-06,2.1637195176687127e-06,2.35954923553329e-06,2.5940682687166284e-06,3.0699770164973366e-06,3.35892225462269e-06,3.7233583467085305e-06,4.125325774478033e-06,4.527456944562482e-06,5.2037235668508336e-06,5.632204889832785e-06,6.11303879090971e-06,6.635365469993758e-06,7.205400671692683e-06,7.830913914019552e-06,8.504132975277564e-06,9.287407829602343e-06,1.0141503106055343e-05,1.1017037548715036e-05
hydrogen_storage,energy,IE,9.02662160856166e-07,9.076150767715007e-07,9.085247245950185e-07,9.105507274779278e-07,9.271738568172942e-07,1.0760917479330095e-06,1.168597164930124e-06,1.2735024063195586e-06,1.3901198227764221e-06,1.522636972840614e-06,1.914882472515019e-06,1.9672784914814643e-06,2.1419867394211256e-06,2.336439519072811e-06,2.5771964735291977e-06,3.026806577990144e-06,3.2945696344783343e-06,3.6475824281051213e-06,4.0573924990672336e-06,4.459505516029933e-06,5.093787917954274e-06,5.510357833264667e-06,5.971945473930662e-06,6.478605912894374e-06,7.044330549282009e-06,7.653250629019023e-06,8.275797815463709e-06,9.008552535375468e-06,9.843838354948194e-06,1.087167303818041e-05
hydrogen_storage,energy,IT,9.059372668410469e-07,9.110015379823678e-07,9.118594614452931e-07,9.138260129934985e-07,9.284676317625912e-07,1.0694443920745418e-06,1.159175784205707e-06,1.2597593558874587e-06,1.3731195125620801e-06,1.499631528717401e-06,1.8553464156166355e-06,1.9472409106476873e-06,2.1358997660470725e-06,2.3326153536376752e-06,2.5640526715169545e-06,3.0398313951293933e-06,3.3477923355996534e-06,3.6857320427114087e-06,4.0452377508907955e-06,4.451649638836901e-06,5.1235359160711554e-06,5.4814449989120306e-06,5.934413368908804e-06,6.457191818455301e-06,7.006172108489385e-06,7.628962554723031e-06,8.431930040559409e-06,9.056635724598524e-06,9.918397175699046e-06,1.0782232993283688e-05
hydrogen_storage,energy,LT,9.053070598953664e-07,9.082209128853303e-07,9.089267473519124e-07,9.105666585611815e-07,9.206316135203436e-07,1.0637969955422454e-06,1.1562432612122342e-06,1.2611582292926339e-06,1.3760709044696082e-06,1.5056871232274144e-06,1.8979229124038123e-06,1.953066560832942e-06,2.127858808066313e-06,2.3286756396010805e-06,2.564048988216767e-06,3.0294828956947193e-06,3.325600798801912e-06,3.804778031938539e-06,4.183627839283261e-06,4.608524990320636e-06,5.221477781493227e-06,5.6540219094691065e-06,6.1132691563288825e-06,6.6129004408487445e-06,7.181953307014489e-06,7.809187101355931e-06,8.438101071498975e-06,9.247958323857832e-06,1.00610543367738e-05,1.1113407718488594e-05
hydrogen_storage,energy,LU,8.965136681469024e-07,9.007571572203222e-07,9.01911231710838e-07,9.042976254699446e-07,9.221764596986963e-07,1.0714592616368957e-06,1.1650053364154472e-06,1.2680207111983533e-06,1.3847185951417777e-06,1.5157673586422718e-06,1.8981997886530234e-06,1.9590261062746875e-06,2.1365281557589106e-06,2.332645398333356e-06,2.5643846010651693e-06,3.0293358115152386e-06,3.3173650317625364e-06,3.6521790894123117e-06,3.9785608007777715e-06,4.356657282173726e-06,4.974361742196777e-06,5.414506919149069e-06,5.8892532866021285e-06,6.403225948684246e-06,6.952910379462718e-06,7.5621736981061225e-06,8.187620678504105e-06,8.95180027961754e-06,9.727789068409783e-06,1.0605623340113525e-05
hydrogen_storage,energy,LV,9.029472749699531e-07,9.058038601543543e-07,9.065114653386432e-07,9.081393394997351e-07,9.17953214021135e-07,1.0608334140628201e-06,1.1523870305925914e-06,1.255352057467616e-06,1.371197221203341e-06,1.501274025828867e-06,1.8980009753180333e-06,1.948550101533102e-06,2.1271904847773958e-06,2.390731603939172e-06,2.641581607667224e-06,3.118796645760928e-06,3.4107734880602837e-06,3.849155488375835e-06,4.183099991119067e-06,4.60470517733626e-06,5.198654929776476e-06,5.634645086668055e-06,6.094068544273476e-06,6.592354375632999e-06,7.152109244460548e-06,7.744069861713725e-06,8.370207896483499e-06,9.185097789786669e-06,1.0004859423401927e-05,1.1089744006892506e-05
hydrogen_storage,energy,NL,9.064897458356515e-07,9.115352071381245e-07,9.125391698285371e-07,9.146795426570371e-07,9.311741373761386e-07,1.0801308615018144e-06,1.1718419718881734e-06,1.2738306693370206e-06,1.3893283520398056e-06,1.521371625259056e-06,1.9171428681281395e-06,1.96654946920127e-06,2.1420554432156017e-06,2.3362216737929346e-06,2.5596436560493994e-06,3.0218034248957265e-06,3.295757238361202e-06,3.667401169280801e-06,4.018773191084771e-06,4.467921061012331e-06,5.039791261990305e-06,5.4565742895734275e-06,5.909215412777329e-06,6.419006478437728e-06,6.982250202510598e-06,7.5741609933871945e-06,8.234811415648033e-06,9.040564623525822e-06,9.858230321161594e-06,1.0833594525436637e-05
hydrogen_storage,energy,NO,9.223534124839646e-07,9.25854757677908e-07,9.267909768769175e-07,9.286784377190934e-07,9.411871625125286e-07,1.0828407865971463e-06,1.1732053258450735e-06,1.2751422684609044e-06,1.3885705737286927e-06,1.5166563738802619e-06,1.8550695849830512e-06,1.9584148447788343e-06,2.1297516263179207e-06,2.322502022462933e-06,2.5483734119794833e-06,2.9988154174214894e-06,3.2659829277141777e-06,3.618830277976854e-06,3.974278008126567e-06,4.370331747479673e-06,4.990028496432625e-06,5.433800603878092e-06,5.882840282864563e-06,6.375033090057675e-06,6.927092885138543e-06,7.514925706397104e-06,8.135078267354768e-06,8.90763699928746e-06,9.698230496728013e-06,1.0687484616220855e-05
hydrogen_storage,energy,PL,9.163528829964856e-07,9.197631025361036e-07,9.205086416305293e-07,9.222030384202254e-07,9.340975792883897e-07,1.0781948950965142e-06,1.1689365350014307e-06,1.2739726862141382e-06,1.3889277157425207e-06,1.5176532834927696e-06,1.905892378473207e-06,1.96002012467e-06,2.1372608256998215e-06,2.338057803769133e-06,2.605623638367828e-06,3.0716419032777718e-06,3.352162071384166e-06,3.7083367277189684e-06,4.102001210538429e-06,4.516011552527028e-06,5.073122800422262e-06,5.502216860764259e-06,5.961335532780153e-06,6.480194795216733e-06,7.056410738482253e-06,7.680302605514391e-06,8.31694786321005e-06,9.112619145891034e-06,9.828453045721838e-06,1.084443454449951e-05
hydrogen_storage,energy,PT,8.948486872487738e-07,8.99829492805638e-07,9.006064133274641e-07,9.025139492579506e-07,9.159798107486661e-07,1.0565899491492326e-06,1.142506951615762e-06,1.2409383089197127e-06,1.3517728903273192e-06,1.4786079223772535e-06,1.8576661651912854e-06,1.915424273849577e-06,2.0963131300566548e-06,2.290999788548949e-06,2.5155186209672685e-06,3.0076426191847658e-06,3.293675070705783e-06,3.689969107906316e-06,4.06703970355485e-06,4.444782543283543e-06,5.0557364022643135e-06,5.500772243781178e-06,5.965871862407248e-06,6.493971653454632e-06,7.087598510211038e-06,7.707605117733483e-06,8.353869062485087e-06,9.079757296179149e-06,9.866539684453716e-06,1.0772357613330658e-05
hydrogen_storage,energy,RO,8.984805035570206e-07,9.035045551254694e-07,9.044620186129169e-07,9.065998015466472e-07,9.226060770496927e-07,1.07205375524527e-06,1.1610949443557573e-06,1.2612302055143759e-06,1.3744817901527835e-06,1.5106773031779292e-06,1.9022384133994748e-06,1.989227143201669e-06,2.169066849933329e-06,2.368739989746837e-06,2.6029377803426332e-06,3.067315816640588e-06,3.352639906281886e-06,3.7057979070067486e-06,4.069209998337151e-06,4.471527996334896e-06,5.1094621279699776e-06,5.517565245348993e-06,6.000112951156732e-06,6.47410412206899e-06,7.067428589863842e-06,7.711782424829936e-06,8.413127659507572e-06,9.180089493913404e-06,1.0028315650614885e-05,1.0912840281529807e-05
hydrogen_storage,energy,SE,9.187393680946624e-07,9.221632645359461e-07,9.23209751628926e-07,9.252680890552114e-07,9.371313711670423e-07,1.0779091243474903e-06,1.1688936394720568e-06,1.271489481862949e-06,1.3856741174104266e-06,1.5139189520509824e-06,1.900359107184633e-06,1.956155371119482e-06,2.1238939723353245e-06,2.3169674215730524e-06,2.544466719672921e-06,2.9955278186969754e-06,3.268235344419339e-06,3.6182860561630987e-06,3.970901429925389e-06,4.370569023173138e-06,4.963133825608979e-06,5.398051175191452e-06,5.842286594409381e-06,6.311589873662089e-06,6.858459730748026e-06,7.462922196033014e-06,8.082452905274987e-06,8.856152959974728e-06,9.65670796032031e-06,1.077417083711893e-05
hydrogen_storage,energy,SI,9.009513598456271e-07,9.052030003834564e-07,9.063536215279174e-07,9.086924038297606e-07,9.251375361678969e-07,1.0759513786275053e-06,1.1683164559357558e-06,1.2701101778335947e-06,1.3889191592679304e-06,1.5252287997127454e-06,1.9220421724819843e-06,1.9895387715260645e-06,2.1816693517018203e-06,2.3862197947991334e-06,2.6243283610894076e-06,3.1077926650454993e-06,3.39607581847772e-06,3.755024883377769e-06,4.131595278065613e-06,4.532762218498004e-06,5.166531489542324e-06,5.5812206905962175e-06,6.052734187673933e-06,6.582309417317643e-06,7.156428508271986e-06,7.79060737374362e-06,8.46082906624043e-06,9.214090415890917e-06,1.0063246298623378e-05,1.0982315709709504e-05
hydrogen_storage,energy,SK,9.070572403356055e-07,9.106420706127541e-07,9.116379424866659e-07,9.136167815370318e-07,9.261083903706321e-07,1.0724279731845916e-06,1.1632980287013884e-06,1.2661467230571381e-06,1.3837490428432238e-06,1.516820263369033e-06,1.910302920929497e-06,1.968592526511347e-06,2.1435690229226363e-06,2.337316263027514e-06,2.576331572739743e-06,3.038606328115774e-06,3.3238102970494183e-06,3.6892971351778806e-06,4.0721229782972405e-06,4.515908387812558e-06,5.2172587526404944e-06,5.635625012610927e-06,6.111463681932076e-06,6.643730521373825e-06,7.233570729281102e-06,7.901431468869291e-06,8.588572573596278e-06,9.374169647399543e-06,1.0251488087156913e-05,1.1286411602840448e-05
hydrogen_storage,energy,UK,9.126053988187332e-07,9.17684451355893e-07,9.187473276906368e-07,9.209854091166017e-07,9.369790610868439e-07,1.0813617605774284e-06,1.1715278849858342e-06,1.2755797329440772e-06,1.388714876374132e-06,1.514666557946686e-06,1.8619314112132444e-06,1.9482087219764854e-06,2.1178800829577796e-06,2.3134066663263093e-06,2.535606049117384e-06,2.977672172234736e-06,3.2521022509424653e-06,3.5689445424828997e-06,3.92159653297015e-06,4.3191741785054765e-06,4.9523321973384394e-06,5.373841637474353e-06,5.83203039223426e-06,6.337375411173322e-06,6.891213804425556e-06,7.510737476862074e-06,8.148779329603356e-06,8.883851271746715e-06,9.697062853797014e-06,1.0737943891849298e-05
hydrogen_storage,power,AT,4.560486622227196e-07,4.580491536685801e-07,4.5848166653514474e-07,4.5941075097496444e-07,4.657863069390167e-07,5.383957865518032e-07,5.844259975090483e-07,6.360716658589813e-07,6.936985867039457e-07,7.602074172054929e-07,9.656339132331185e-07,9.882376636203932e-07,1.0784158464469795e-06,1.178903326170437e-06,1.2987984066212551e-06,1.5327174187436683e-06,1.6730271593891624e-06,1.8654369012599424e-06,2.058068026519853e-06,2.2584215329558157e-06,2.5797590995450575e-06,2.7827107876367328e-06,3.0196632345720474e-06,3.2827595801398456e-06,3.5831239655485746e-06,3.912410975871046e-06,4.250226309840449e-06,4.6443818868873565e-06,5.0831197585547706e-06,5.558208334489844e-06
hydrogen_storage,power,BE,4.511241126121087e-07,4.536757236985714e-07,4.5415732910122413e-07,4.552165675396081e-07,4.637024113257777e-07,5.364966262732908e-07,5.821162434829453e-07,6.326727771765417e-07,6.908660626272857e-07,7.555762499139145e-07,9.546537286188505e-07,9.793985401298371e-07,1.0678818813532754e-06,1.1658274339994457e-06,1.2786170220104855e-06,1.506818923786733e-06,1.6445715017889758e-06,1.8327781223248917e-06,2.012432527208206e-06,2.2100795542130453e-06,2.5277079550829755e-06,2.7277850110715623e-06,2.957264822685833e-06,3.213023919126723e-06,3.494588148498452e-06,3.791502658178161e-06,4.142633377418822e-06,4.5476533225601585e-06,4.960789137565803e-06,5.423705135019723e-06
hydrogen_storage,power,BG,4.480107388193802e-07,4.5050100851181957e-07,4.509997874539161e-07,4.5208253471849383e-07,4.5982840907783434e-07,5.330247694891721e-07,5.786587397580584e-07,6.291279399547025e-07,6.859032588040148e-07,7.576942914635344e-07,9.55507361206302e-07,9.870668711457335e-07,1.0777002678360256e-06,1.180256803060172e-06,1.2947667012859826e-06,1.5323124772941072e-06,1.6742655846640108e-06,1.8748898428874077e-06,2.070946993620068e-06,2.265976890803048e-06,2.593567188329191e-06,2.8044377527561827e-06,3.0602796462694956e-06,3.325502547617025e-06,3.599102128229561e-06,3.8999008337015284e-06,4.240009569234516e-06,4.615566919191839e-06,5.019583060153122e-06,5.480995861815083e-06
hydrogen_storage,power,CH,4.520444192939489e-07,4.545402031843535e-07,4.5499852031023854e-07,4.55999449491562e-07,4.6345539218997637e-07,5.37150325745099e-07,5.835535950665365e-07,6.344460910588776e-07,6.936159083026842e-07,7.606768992229049e-07,9.647597900074741e-07,9.892674426996251e-07,1.0766095230924394e-06,1.1768504574179668e-06,1.2931835497795673e-06,1.531070704701195e-06,1.6750038554131341e-06,1.8679769439062645e-06,2.056420404822524e-06,2.26213074073819e-06,2.597862832202085e-06,2.7900559862540743e-06,3.0373344530228746e-06,3.3018499398989877e-06,3.5980802702445025e-06,3.9297614995379365e-06,4.280922090611303e-06,4.666237787120699e-06,5.108417122082266e-06,5.572307769720421e-06
hydrogen_storage,power,CZ,4.545426716294525e-07,4.5653744126932907e-07,4.570372710465494e-07,4.580424186924417e-07,4.6448336896418054e-07,5.374569758376656e-07,5.834160905604017e-07,6.353626521628882e-07,6.929645309283943e-07,7.588361782983576e-07,9.574452359574803e-07,9.874009368946748e-07,1.077122974279206e-06,1.178077174596904e-06,1.2982286218346689e-06,1.5423318192787579e-06,1.6882097405127723e-06,1.8713658062133441e-06,2.0580660131206985e-06,2.2593654129546466e-06,2.570813953096752e-06,2.7919621726849457e-06,3.047355235311893e-06,3.3149554677477827e-06,3.6227950309784694e-06,3.938676429780309e-06,4.276570975914309e-06,4.675186242304655e-06,5.106768748737126e-06,5.637116305997625e-06
hydrogen_storage,power,DE,4.552322519600001e-07,4.573722675904456e-07,4.578867911603208e-07,4.58944336200877e-07,4.6633162706770545e-07,5.381687637571116e-07,5.833869679351216e-07,6.335458495801898e-07,6.89440551033973e-07,7.529472383211998e-07,9.355639993700751e-07,9.619564266872855e-07,1.0522517160673512e-06,1.1511482947503271e-06,1.265712012829321e-06,1.4918878322591908e-06,1.6316100107148844e-06,1.7963705430642223e-06,1.9868815083928325e-06,2.185728882252324e-06,2.4782799182708136e-06,2.672614741391405e-06,2.900295073319094e-06,3.164499850280046e-06,3.4579412955146017e-06,3.7794267674653573e-06,4.095080475358505e-06,4.4877505245647306e-06,4.89746385000884e-06,5.371661899959854e-06
hydrogen_storage,power,DK,4.577921652621912e-07,4.5953180244377667e-07,4.599544896567352e-07,4.608359665317718e-07,4.666253580367464e-07,5.381380789149559e-07,5.841674031274511e-07,6.368088865345259e-07,6.957343335024084e-07,7.615745006881097e-07,9.662856930140928e-07,9.884749499931838e-07,1.076554980584672e-06,1.1749187606413427e-06,1.2888144065686846e-06,1.5218006716672921e-06,1.65792331830518e-06,1.853544327403874e-06,2.02634307832222e-06,2.2358873389839195e-06,2.5370724977762133e-06,2.7334392580839074e-06,2.969536602269801e-06,3.2206307463000822e-06,3.4989203356901127e-06,3.7996181429985137e-06,4.138921062683051e-06,4.533030593973702e-06,4.9331321741802176e-06,5.497229029275311e-06
hydrogen_storage,power,EE,4.5469416881831724e-07,4.5615241558791037e-07,4.5654288901491327e-07,4.573674538695605e-07,4.6251841436416726e-07,5.357059909359268e-07,5.821151236324119e-07,6.341861500812825e-07,6.929402127840529e-07,7.591236834130434e-07,9.549043000991332e-07,1.0001339162299868e-06,1.0935250642363208e-06,1.1972395713234976e-06,1.3196414132186686e-06,1.559833675690764e-06,1.718376941146988e-06,1.931136845536089e-06,2.1017412099599276e-06,2.31042035519726e-06,2.6012312814122827e-06,2.8208643604699015e-06,3.049624599231324e-06,3.3014066428079424e-06,3.576684160929053e-06,3.871710483297103e-06,4.190538931807883e-06,4.58132419438165e-06,4.99004035994791e-06,5.537291436697782e-06
hydrogen_storage,power,EL,4.521479865301151e-07,4.5474626276054804e-07,4.551820465914428e-07,4.561959649057237e-07,4.6414608242405266e-07,5.376576894853216e-07,5.821632710211313e-07,6.32288566455212e-07,6.89127165134008e-07,7.566476210694776e-07,9.596458939609271e-07,9.944499442761968e-07,1.0894144880533886e-06,1.1966560579088478e-06,1.3098810651978216e-06,1.5486017396330544e-06,1.68926202497761e-06,1.8842257825830857e-06,2.066792828779415e-06,2.2614080595246634e-06,2.557381656011715e-06,2.7730648256902276e-06,3.031650158185933e-06,3.295287866756384e-06,3.568463320644628e-06,3.861752812667951e-06,4.201643557298424e-06,4.575074626368545e-06,4.978656758000478e-06,5.4389347805487555e-06
hydrogen_storage,power,ES,4.53782543841379e-07,4.5633130340429743e-07,4.568188616977037e-07,4.578824684712913e-07,4.657014871284846e-07,5.375967173318746e-07,5.820431293257171e-07,6.314897508361417e-07,6.868980414371545e-07,7.499113019057307e-07,9.163987687488892e-07,9.711529035603e-07,1.0571100725419778e-06,1.1520419345338525e-06,1.265770831332656e-06,1.4889218270184176e-06,1.6357959099898325e-06,1.8000914439543219e-06,1.9730155898907933e-06,2.1552261496875756e-06,2.4544623280339598e-06,2.673276276221543e-06,2.9011693070358435e-06,3.163953752013908e-06,3.45498066035832e-06,3.76238943673601e-06,4.084200982167148e-06,4.4467101887762085e-06,4.849087414934402e-06,5.298475729315629e-06
hydrogen_storage,power,FI,4.5842588311765113e-07,4.6010825368676285e-07,4.6055181343555005e-07,4.61452523358027e-07,4.676272923132879e-07,5.393240358783321e-07,5.850694333048626e-07,6.369463477115676e-07,6.949467144759273e-07,7.59623930726637e-07,9.606416636386321e-07,9.82394720667607e-07,1.0668464182191028e-06,1.1649664451978347e-06,1.2822661556928557e-06,1.4963944202401189e-06,1.6376763253252014e-06,1.8473397777796765e-06,2.003997564031479e-06,2.203862532930565e-06,2.499815870281271e-06,2.726220648911799e-06,2.949382450410889e-06,3.183109265516422e-06,3.4606294152684404e-06,3.765682665811736e-06,4.0923896893284296e-06,4.471343196291547e-06,4.874301271889949e-06,5.443980543830245e-06
hydrogen_storage,power,FR,4.525209206474423e-07,4.553119543971661e-07,4.55853916247836e-07,4.5703651037674275e-07,4.659407689298313e-07,5.376258123084557e-07,5.823732060609902e-07,6.314492411834156e-07,6.867043811021464e-07,7.486120813319248e-07,9.087480617900389e-07,9.611938460685666e-07,1.0439738521071057e-06,1.1359365348915157e-06,1.2427332870355548e-06,1.4645515548785042e-06,1.5964516414705386e-06,1.7610592308989932e-06,1.9384116209452407e-06,2.120043836372699e-06,2.4033934773803124e-06,2.6163061258121927e-06,2.8436960763983136e-06,3.0907450833609797e-06,3.3589409779931817e-06,3.659740219762632e-06,3.969257537705197e-06,4.356025315058826e-06,4.742723634057603e-06,5.166195710207238e-06
hydrogen_storage,power,HR,4.5035428652070206e-07,4.525872786864697e-07,4.530832916718526e-07,4.5412464236192987e-07,4.6114831943321237e-07,5.354970422129618e-07,5.847684107170148e-07,6.366134654196938e-07,6.9533455622731e-07,7.632334902956938e-07,9.599484642437258e-07,9.907590107729045e-07,1.0854091842556715e-06,1.1857758563784554e-06,1.3068485970765194e-06,1.5428540040736128e-06,1.6831381198072028e-06,1.85390566882934e-06,2.0435345485078928e-06,2.2369640352809884e-06,2.572345527374028e-06,2.771408880622533e-06,3.0123206448584678e-06,3.2780353519814565e-06,3.5652285420109125e-06,3.874428378780177e-06,4.203690024213688e-06,4.579437959784489e-06,4.998454083863466e-06,5.48793869672565e-06
hydrogen_storage,power,HU,4.492691485820155e-07,4.5165161153423143e-07,4.5211116744086285e-07,4.531263447793511e-07,4.604140959869101e-07,5.349241141198007e-07,5.835967512570695e-07,6.347257528899876e-07,6.92678844595879e-07,7.603269830965415e-07,9.617961669974843e-07,9.892699821593239e-07,1.0818596992328576e-06,1.1797745567102718e-06,1.2970340731179755e-06,1.5349884462321172e-06,1.67946106745302e-06,1.861679092749187e-06,2.062662794325764e-06,2.2637283797816036e-06,2.601861705370532e-06,2.816102366219025e-06,3.0565193160948326e-06,3.317682655642189e-06,3.6027002565982673e-06,3.91545687773066e-06,4.2520664084345944e-06,4.643703836013899e-06,5.070751475205434e-06,5.508518694318731e-06
hydrogen_storage,power,IE,4.51331080428083e-07,4.538074678214968e-07,4.542622954247336e-07,4.5527529468482017e-07,4.635868601846996e-07,5.380458064126304e-07,5.842985142017343e-07,6.367511346993509e-07,6.950598435178399e-07,7.61318417579818e-07,9.574411438729788e-07,9.836391767005026e-07,1.0709933016946102e-06,1.1682196898034695e-06,1.2885981693575735e-06,1.5134032218850547e-06,1.6472847457519202e-06,1.8237911495457096e-06,2.028696162454363e-06,2.2297526701632146e-06,2.5468938928968973e-06,2.75517885079158e-06,2.985972670626428e-06,3.23930289017664e-06,3.5221652085344747e-06,3.826625248498944e-06,4.137898841889142e-06,4.5042762026248326e-06,4.921919112802516e-06,5.435836452503197e-06
hydrogen_storage,power,IT,4.5296863342052346e-07,4.555007190171283e-07,4.5592968421340926e-07,4.569129585437343e-07,4.642337666061032e-07,5.347221467384874e-07,5.795878409050779e-07,6.298796270312168e-07,6.86559703499334e-07,7.498157099959666e-07,9.276731334554988e-07,9.736203975999361e-07,1.0679498270377027e-06,1.1663076191862149e-06,1.28202627660491e-06,1.5199156366610034e-06,1.673896101911115e-06,1.8428659449682017e-06,2.022618797377872e-06,2.225824745988654e-06,2.5617678810791574e-06,2.7407224215822058e-06,2.9672066054689313e-06,3.228595829331691e-06,3.503085973594079e-06,3.8144811960483165e-06,4.215964938580292e-06,4.528317780180178e-06,4.959198505612323e-06,5.391116414876228e-06
hydrogen_storage,power,LT,4.526535299476832e-07,4.541103850198847e-07,4.5446330427340733e-07,4.5528325872238956e-07,4.6031573502926485e-07,5.318984275310865e-07,5.781215657240635e-07,6.305790448319582e-07,6.880353838491959e-07,7.528434928606465e-07,9.489613684817155e-07,9.765332112148526e-07,1.063929334247572e-06,1.1643377484972098e-06,1.282024422245329e-06,1.5147413777935898e-06,1.6628003277513045e-06,1.902388992296914e-06,2.091813872317291e-06,2.3042624486182627e-06,2.6107388576338204e-06,2.8270109202912934e-06,3.056634542910269e-06,3.306450184853034e-06,3.5909766173735794e-06,3.9045935061877235e-06,4.219050490497426e-06,4.623979116289365e-06,5.030527122453472e-06,5.556703812674639e-06
hydrogen_storage,power,LU,4.482568340734512e-07,4.503785088267932e-07,4.5095554303889823e-07,4.5214873724984746e-07,4.610881528784824e-07,5.357295525906532e-07,5.825025886967057e-07,6.340102752656572e-07,6.92359217571687e-07,7.578835995102194e-07,9.49099838181783e-07,9.79512972609736e-07,1.0682639963098165e-06,1.1663226164325923e-06,1.2821922282559623e-06,1.5146678355581659e-06,1.6586824564905932e-06,1.8260894341720074e-06,1.9892803383933157e-06,2.1783285838476623e-06,2.4871807984406427e-06,2.7072533870441405e-06,2.944626570779276e-06,3.2016129019867846e-06,3.476455117578022e-06,3.7810867768955434e-06,4.093810246286034e-06,4.475900047291322e-06,4.863894442814057e-06,5.30281158079308e-06
hydrogen_storage,power,LV,4.5147363748497657e-07,4.5290185233413087e-07,4.532556549481401e-07,4.540695901258865e-07,4.589765256045014e-07,5.304166266099485e-07,5.761934329502934e-07,6.27675945244071e-07,6.855985272960522e-07,7.506369284296427e-07,9.490003407209827e-07,9.74274964881206e-07,1.0635951541049686e-06,1.1953657954888667e-06,1.3207907968154632e-06,1.5593983171100507e-06,1.7053867413281286e-06,1.924577698991632e-06,2.091549951239746e-06,2.3023525435317432e-06,2.599327432206265e-06,2.8173225091198805e-06,3.0470342374652725e-06,3.296177153176028e-06,3.576054587990464e-06,3.872034896312185e-06,4.1851039125939265e-06,4.592548859063814e-06,5.002429675997005e-06,5.54487196417924e-06
hydrogen_storage,power,NL,4.5324487291782573e-07,4.557675503073214e-07,4.5626953392675674e-07,4.57339719154633e-07,4.6558701555362926e-07,5.40065376492121e-07,5.859209304104998e-07,6.369152777563609e-07,6.946641195501962e-07,7.606857548164173e-07,9.585713514595465e-07,9.832746747108934e-07,1.0710276606567688e-06,1.1681107748865085e-06,1.2798217649037386e-06,1.5109016480006982e-06,1.6478785526704578e-06,1.8337005144811978e-06,2.009386523915682e-06,2.2339604586101763e-06,2.5198955773486537e-06,2.7282870898392816e-06,2.954607650939779e-06,3.2095031833016836e-06,3.491125045007782e-06,3.787080439955664e-06,4.117405651155084e-06,4.520282254900221e-06,4.929115104172164e-06,5.416797207587064e-06
hydrogen_storage,power,NO,4.611767062419823e-07,4.62927320464337e-07,4.633954317365534e-07,4.6433916031903026e-07,4.7059352117168627e-07,5.414203316093518e-07,5.866025994070502e-07,6.375710689449332e-07,6.942852197693586e-07,7.583281174690733e-07,9.275347206081731e-07,9.79207349408547e-07,1.0648757386717723e-06,1.161250934970925e-06,1.2741866280647595e-06,1.4994076288754275e-06,1.6329913815603657e-06,1.8094150591079386e-06,1.987138924559174e-06,2.1851657934684136e-06,2.495014163860505e-06,2.716900216853785e-06,2.941420055117941e-06,3.187516457671219e-06,3.4635463543169464e-06,3.75746276416432e-06,4.067539043940726e-06,4.453818409213425e-06,4.849115157285482e-06,5.343742232101022e-06
hydrogen_storage,power,PL,4.581764414982428e-07,4.5988149340310973e-07,4.602542650601037e-07,4.6110146199812327e-07,4.670487311407044e-07,5.390973878697895e-07,5.844682061903903e-07,6.369862818392428e-07,6.944637948721043e-07,7.588265773907158e-07,9.529460949662864e-07,9.800099952894632e-07,1.0686303443826003e-06,1.169028832100624e-06,1.302811750736268e-06,1.5358208815193108e-06,1.6760809637753922e-06,1.8541682733223701e-06,2.0510004949336707e-06,2.258005665549031e-06,2.5365613158454456e-06,2.7511083451537876e-06,2.980667680374618e-06,3.2400973109940346e-06,3.5282052820452386e-06,3.840151215072498e-06,4.158473843478735e-06,4.556309484504795e-06,4.914226434585245e-06,5.422217178830009e-06
hydrogen_storage,power,PT,4.474243436243869e-07,4.499146979420354e-07,4.503031638083983e-07,4.512569317590524e-07,4.579898626755174e-07,5.282949322539795e-07,5.712534351363593e-07,6.204691123802884e-07,6.758864033684793e-07,7.393039172474366e-07,9.28833025015202e-07,9.577120918706633e-07,1.04815651484722e-06,1.1454998424292208e-06,1.257759256443857e-06,1.50382126524806e-06,1.6468374890505316e-06,1.8449844818531662e-06,2.0335197735643985e-06,2.222391194848332e-06,2.5278681173683524e-06,2.7503860374022763e-06,2.9829358461279825e-06,3.2469857417188953e-06,3.5437991703132845e-06,3.853802474199924e-06,4.176934446791499e-06,4.539878564131904e-06,4.933269758932424e-06,5.38617872576215e-06
hydrogen_storage,power,RO,4.492402517785103e-07,4.5175221036136906e-07,4.5223094727267845e-07,4.5329983754896645e-07,4.6130297493261427e-07,5.360268137471206e-07,5.805474077213342e-07,6.306150381708492e-07,6.872408318855301e-07,7.553385874799026e-07,9.511191124891492e-07,9.946135045877587e-07,1.084533358822913e-06,1.1843699270714679e-06,1.3014688219495564e-06,1.5336578412488103e-06,1.676319886631725e-06,1.85289884810515e-06,2.0346048928050844e-06,2.2357638929683824e-06,2.554730973895513e-06,2.7587825289171058e-06,3.000056382920472e-06,3.237051968428849e-06,3.5337142024070754e-06,3.855891116320214e-06,4.206563734086992e-06,4.590044651764206e-06,5.014157730633193e-06,5.456420046578066e-06
hydrogen_storage,power,SE,4.593696840473312e-07,4.610815824679883e-07,4.6160482795633767e-07,4.626339958270813e-07,4.6856563203102147e-07,5.389545080942938e-07,5.84446764372266e-07,6.357446864254163e-07,6.928370030239881e-07,7.569594188729384e-07,9.501795034178168e-07,9.780776267424675e-07,1.06194692727028e-06,1.1584836510727172e-06,1.2722333009573011e-06,1.4977638493421796e-06,1.6341176107122404e-06,1.8091429744883806e-06,1.985450668159041e-06,2.185284464903492e-06,2.481566853836291e-06,2.6990255284964792e-06,2.921143237627443e-06,3.155794876926265e-06,3.4292298052670273e-06,3.7314610378025e-06,4.041226392527687e-06,4.428076419968844e-06,4.828353920676191e-06,5.387085360797071e-06
hydrogen_storage,power,SI,4.5047567992281353e-07,4.5260142069361837e-07,4.531767276322145e-07,4.543461175904266e-07,4.6256868364077024e-07,5.379756050343662e-07,5.841581433625839e-07,6.350550044192242e-07,6.944594965195182e-07,7.626143180076352e-07,9.610209885860546e-07,9.947693041378324e-07,1.090834592991057e-06,1.1931098131205165e-06,1.312164096064316e-06,1.5538962499030872e-06,1.6980378289750112e-06,1.8775123666700376e-06,2.0657975661258433e-06,2.266381036151224e-06,2.583265675774132e-06,2.790610275157317e-06,3.026367022195945e-06,3.2911546370081286e-06,3.5782141890611545e-06,3.895303621845806e-06,4.230414468346158e-06,4.6070451410191026e-06,5.03162308369802e-06,5.491157790777333e-06
hydrogen_storage,power,SK,4.5352862016780277e-07,4.553209846643416e-07,4.558189217905136e-07,4.568083408531673e-07,4.6305414523369036e-07,5.362139370241922e-07,5.816489641247415e-07,6.330733139405351e-07,6.918744748763743e-07,7.584100858536504e-07,9.551513739064566e-07,9.842962144976785e-07,1.0717844621244937e-06,1.16865808089917e-06,1.2881657357002063e-06,1.5193031139031023e-06,1.6619050977768638e-06,1.8446484926063594e-06,2.0360614100544315e-06,2.2579541031077564e-06,2.6086292910512175e-06,2.817812420706742e-06,3.055731754853989e-06,3.3218651744513936e-06,3.6167852783002224e-06,3.950715646846049e-06,4.294286199261401e-06,4.687084736606809e-06,5.125743958485756e-06,5.6432057172058365e-06
hydrogen_storage,power,UK,4.563026994093666e-07,4.58842176212669e-07,4.593736200671367e-07,4.6049266046541975e-07,4.684894859489922e-07,5.40680834784718e-07,5.857638956464474e-07,6.377898182138808e-07,6.943573885168496e-07,7.573332277245752e-07,9.309656442548649e-07,9.741043082140066e-07,1.0589399868695665e-06,1.1567032779075698e-06,1.267802968114302e-06,1.488836027899931e-06,1.6260510651952786e-06,1.7844722184811954e-06,1.9607982039196955e-06,2.159587025668194e-06,2.476166037430015e-06,2.6869207564676528e-06,2.9160151324022775e-06,3.1686876407039834e-06,3.445606836318697e-06,3.7553686699030936e-06,4.074389595267749e-06,4.4419255653805415e-06,4.8485313557020935e-06,5.368971866609367e-06
lignite_coal_plant,power,AT,8.317825087655526e-08,8.338681116519384e-08,8.354535442573673e-08,8.367408031399956e-08,8.382663532198981e-08,8.400702322959284e-08,8.42196381584532e-08,8.449745944692664e-08,8.489273257599817e-08,8.536754467756892e-08,8.605340751366511e-08,8.671305265974951e-08,8.754096630617403e-08,8.859256486819908e-08,8.991575116647396e-08,9.156249751959571e-08,9.37391487240867e-08,9.665056225480762e-08,9.990592118911486e-08,1.0366201997998327e-07,1.0824452082548123e-07,1.1490961781095639e-07,1.2082306994374845e-07,1.260856220584722e-07,1.3160212408479394e-07,1.3795960364244579e-07,1.449077016897424e-07,1.529474291939643e-07,1.6200152161153053e-07,1.7521975176468427e-07
lignite_coal_plant,power,BE,5.932997259800222e-08,6.036243311443904e-08,6.093595898622479e-08,6.123908732378842e-08,6.181687147720669e-08,6.279148405032348e-08,6.428225684832852e-08,6.674944384154706e-08,7.01491418115436e-08,7.363071799274162e-08,7.796302296257767e-08,8.040103132916575e-08,8.280057517013944e-08,8.530331853346536e-08,8.786862848354016e-08,9.055072190481453e-08,9.368180099787027e-08,9.742533589010376e-08,1.0118136609414545e-07,1.0534011351931287e-07,1.101155383340827e-07,1.1668577436588319e-07,1.2262410461200286e-07,1.278540843252452e-07,1.329811394695126e-07,1.388265270652135e-07,1.4529980772403892e-07,1.529671678508452e-07,1.6240500617846415e-07,1.7701217326225997e-07
lignite_coal_plant,power,BG,1.49910000002543,1.4991000000429548,1.4991000000747285,1.499100000113011,0.6365000001475958,0.6365000001933095,0.6365000002254273,0.63650000026961,0.6365000003174165,0.6365000003720533,0.6365000004268679,0.6365000004903469,0.6365000005643003,0.6365000006356336,0.6365000007197966,0.6365000008136579,0.6365000009187585,0.6365000010365169,0.6365000011690801,0.6365000013194009,0.6365000014898463,0.6365000016853953,0.6365000019055395,0.6365000021867385,0.6365000024606583,0.6365000028073358,0.6365000032443997,0.6365000038287617,0.6365000047037723,0.6365000064928752
lignite_coal_plant,power,CH,6.243888155369822e-08,6.315425883112962e-08,6.353846179043135e-08,6.377517394864991e-08,6.419999560418737e-08,6.486464646442109e-08,6.587258658973495e-08,6.74493274164046e-08,6.92965651040264e-08,7.159801818644274e-08,7.526662322410396e-08,7.760765672924106e-08,7.966979944085017e-08,8.21621004922486e-08,8.484817521299962e-08,8.772014733269458e-08,9.10624451715807e-08,9.460317089275056e-08,9.828122037265001e-08,1.0234212407683132e-07,1.0723166313897117e-07,1.1369515437323949e-07,1.1928184755718245e-07,1.2412732516670974e-07,1.2933114803973738e-07,1.3580610522238496e-07,1.4280188627390345e-07,1.5050772940459993e-07,1.5998182468664803e-07,1.724269934369852e-07
lignite_coal_plant,power,CZ,1.3466000000510319,1.346600000074206,1.2966000001751143,0.4766000001832523,0.47660000023450827,0.4766000002912505,0.4766000003532614,0.47660000042161105,0.3464500004975415,0.3464500005806547,0.34645000067264853,0.207450000778458,0.20745000089470592,0.20745000102656166,0.2074500011788756,0.16365000135893484,0.16365000157177428,0.16365000179789355,0.16365000204814006,0.16365000248933642,0.1636500031750206,0.14425000469459215,1.1256500364533994e-07,1.203295362301843e-07,1.273092901153272e-07,1.3432894002943535e-07,1.4159733960011853e-07,1.4985822924395375e-07,1.5944408363511745e-07,1.731015339863397e-07
lignite_coal_plant,power,DE,10.917850000043325,10.917850000064155,10.91784999818587,10.917850000147991,10.917850000336987,8.297850000258794,8.297850000295139,5.227850000344895,5.227850000399879,5.218550000443354,5.21855000053245,4.833800000587187,4.666800000674207,4.666800000742022,4.666800000841017,4.633300000939251,4.633300001081781,4.633300001184342,4.6333000013259085,4.566400001492417,4.5664000016602735,4.556400001846083,3.6564000020878473,1.9824000023738186,1.9824000026852344,0.0424000031687303,0.04240000371457647,0.042400004450258065,0.04240000550936463,0.04240000739131936
lignite_coal_plant,power,DK,7.393546158044588e-08,7.415467801574465e-08,7.435219132684498e-08,7.452089505621092e-08,7.474028822148045e-08,7.501723364669882e-08,7.536264873571555e-08,7.583541810860624e-08,7.649306038862616e-08,7.732217324448391e-08,7.849289071231864e-08,7.970245267245195e-08,8.117405462725924e-08,8.29338825856754e-08,8.498144397698717e-08,8.716269426410846e-08,8.982955224579098e-08,9.317058083459087e-08,9.685633261644016e-08,1.0106611929405464e-07,1.0592403541701135e-07,1.1251095674769959e-07,1.1826025693682567e-07,1.240216867269097e-07,1.2976835810217155e-07,1.359007987069248e-07,1.4209474908591634e-07,1.5009262817306704e-07,1.5914976438858956e-07,1.739976766067716e-07
lignite_coal_plant,power,EE,6.931662365114887e-08,6.954017300639788e-08,6.977520385611111e-08,7.00042282799619e-08,7.036424238217862e-08,7.089590063995398e-08,7.167598670608845e-08,7.323875440705161e-08,7.520798900697587e-08,7.715881369207807e-08,7.937065931571791e-08,8.099703673217871e-08,8.293975079219813e-08,8.52323315466302e-08,8.809395423715063e-08,9.111815693015599e-08,9.659674181783105e-08,1.0347066047010814e-07,1.0497222195772716e-07,1.0721217338381583e-07,1.097597455074925e-07,1.128287403762495e-07,1.1627579977926749e-07,1.20347308013911e-07,1.2549755860989285e-07,1.3123708117608873e-07,1.376091452611964e-07,1.459879376910605e-07,1.5682489635731592e-07,1.705584613461493e-07
lignite_coal_plant,power,EL,2.0225000000249476,2.0225000000331166,2.022500000036149,2.022500000106729,2.0225000001380784,2.0225000001723714,2.0225000002100004,2.022500000250955,2.022500000297125,2.022500000348661,0.4275000004288853,0.42750000049442005,0.4275000005670774,0.42750000064876914,0.42750000073916805,0.42750000084014905,0.42750000095385327,0.42750000108264,0.4275000012292115,0.42750000139689753,0.4275000015895044,0.4275000018139727,0.42750000206574634,0.4275000023681472,0.42750000273670574,0.42750000316920383,0.4275000037475224,0.42750000462965104,0.4275000063261713,1.320012848034256e-07
lignite_coal_plant,power,ES,0.06500000028761678,0.06500000032002892,0.06500000035376763,0.06500000038838218,0.06500000042597241,0.06500000046766986,0.06500000051620715,0.06500000057270447,0.06500000063841874,0.06500000071559141,0.06500000080743558,0.06500000092105675,0.06500000106690002,0.06500000126643196,0.06500000157210356,0.06500000209279672,5.77428229712385e-08,7.312351631751029e-08,8.701002828845942e-08,9.440916602079986e-08,1.0103296977641914e-07,1.0702220845879589e-07,1.1190342176958862e-07,1.2107858116040484e-07,1.3277753369686076e-07,1.3649866797352222e-07,1.3875672110481072e-07,1.4186448502258337e-07,1.452742522902975e-07,1.505848498116619e-07
lignite_coal_plant,power,FI,6.244115985383191e-08,6.268822142011069e-08,6.295484404193815e-08,6.322259750159129e-08,6.364764662692629e-08,6.426416589732793e-08,6.509464632826567e-08,6.639993813029602e-08,6.840548508298114e-08,7.08691289319446e-08,7.417262552399008e-08,7.644804017034652e-08,7.897087734267256e-08,8.180175049873968e-08,8.515333762468784e-08,8.853847976483131e-08,9.488623998347507e-08,1.041316737003346e-07,1.0583364146668985e-07,1.0851399607923578e-07,1.1177341928363768e-07,1.1689257671141938e-07,1.212562047245991e-07,1.2505666929755746e-07,1.3021409172851408e-07,1.3685749209816636e-07,1.4371872857999844e-07,1.520305562104896e-07,1.616510597489284e-07,1.7778127028878542e-07
lignite_coal_plant,power,FR,4.5615328198920546e-08,4.791795805302139e-08,4.970624563261995e-08,5.040238510946221e-08,5.2923172569140064e-08,5.7329047725360604e-08,6.126871542132236e-08,6.603639102243789e-08,7.030393562523636e-08,7.347397305884141e-08,7.668181827027201e-08,7.906395343803602e-08,8.158970584420817e-08,8.422892415835216e-08,8.691997219595198e-08,8.965792988815984e-08,9.269736955225406e-08,9.641380810992323e-08,9.959433710528225e-08,1.0320415522632642e-07,1.0829445295631566e-07,1.1529148736443642e-07,1.2171055866453126e-07,1.2785483996944247e-07,1.3398506761771233e-07,1.4068562703339125e-07,1.4790260496876168e-07,1.5630048690637685e-07,1.6692195872045218e-07,1.830611202614065e-07
lignite_coal_plant,power,HR,7.612536477754902e-08,7.63407308768988e-08,7.652451551465524e-08,7.666005045989051e-08,7.682422481267777e-08,7.703381283209579e-08,7.727284816088136e-08,7.758248923658383e-08,7.801215957970818e-08,7.858931045878276e-08,7.941488266245779e-08,8.027912248566608e-08,8.150284360933917e-08,8.302892288818843e-08,8.483930481081972e-08,8.693463052982617e-08,8.953273794658429e-08,9.269351241621072e-08,9.602066758123399e-08,9.997955879460816e-08,1.0453266812217925e-07,1.1050394593762755e-07,1.1594848067106468e-07,1.2096091328801084e-07,1.2630649694727497e-07,1.3234504788468946e-07,1.3917903519156047e-07,1.4713511154913517e-07,1.564520222207122e-07,1.707489814804808e-07
lignite_coal_plant,power,HU,4.4118429686335656e-08,4.5493024477315556e-08,4.6505587927693457e-08,4.6980421241825345e-08,4.779199334837745e-08,4.9620978780530516e-08,5.0776398975200936e-08,5.211505576048601e-08,5.406979712684205e-08,5.699651984130445e-08,6.299665329876491e-08,6.756160674734492e-08,7.355710857484202e-08,7.754432522894093e-08,8.08480314321961e-08,8.398353151580973e-08,8.727805937605831e-08,9.077237010838898e-08,9.443097181927358e-08,9.870831389179215e-08,1.0383611217581836e-07,1.1062658549606967e-07,1.1645391021804477e-07,1.2144307394834723e-07,1.2649483608772954e-07,1.321537827760013e-07,1.3842447611898232e-07,1.461670738189952e-07,1.5541340017409824e-07,1.693778739733401e-07
lignite_coal_plant,power,IE,4.489789904944169e-08,4.622454790820594e-08,4.6778780917843897e-08,4.7145246710415865e-08,4.7913320358053793e-08,5.208394680720701e-08,5.707378272936909e-08,6.181190420727952e-08,6.590335358265947e-08,6.845351593123755e-08,7.053151877451766e-08,7.244363055910349e-08,7.562876849676154e-08,7.855723144425466e-08,8.143000124773982e-08,8.373217838709298e-08,8.655356615944266e-08,8.965396990764057e-08,9.310631236774047e-08,9.70702123492335e-08,1.0162670271535252e-07,1.0651556188921811e-07,1.1172939748747332e-07,1.1718329718811567e-07,1.227309632212949e-07,1.2883810703393375e-07,1.350474302049459e-07,1.421857267136338e-07,1.5130524428750053e-07,1.6633425991672917e-07
lignite_coal_plant,power,IT,5.197520673663451e-08,5.262129527106628e-08,5.291614694874553e-08,5.3084388314914474e-08,5.327587901797434e-08,5.3510857972361735e-08,5.383414790879017e-08,5.433883789355925e-08,5.5075981297723346e-08,5.6076495627629094e-08,5.7687500669045404e-08,6.0424113518006e-08,6.376059966718678e-08,6.746341234204395e-08,7.311885109697896e-08,8.070949359730344e-08,8.567960127006226e-08,9.02833707110961e-08,9.496963745793039e-08,1.003865941306622e-07,1.0662290310763632e-07,1.1303259352050319e-07,1.18866813317434e-07,1.2447586384092077e-07,1.292953480794217e-07,1.3504517504006453e-07,1.4148547981099446e-07,1.4947032350129393e-07,1.5800020203956568e-07,1.7008858183602805e-07
lignite_coal_plant,power,LT,7.541130604632562e-08,7.563759353407903e-08,7.587593205328305e-08,7.61060432522417e-08,7.646351057671683e-08,7.700010541619948e-08,7.778801226361347e-08,7.911983382198416e-08,8.06385238300463e-08,8.204618272462238e-08,8.354499103957095e-08,8.502269057028971e-08,8.680148699452222e-08,8.899398233829659e-08,9.149850462967885e-08,9.416258707017523e-08,9.867138761112356e-08,1.0406630076413095e-07,1.056190351360055e-07,1.0770747712479655e-07,1.1001165200993759e-07,1.1303545011076804e-07,1.1654590275638504e-07,1.2060514320387252e-07,1.2575050940370005e-07,1.3152767684255712e-07,1.3780721574965902e-07,1.4611850368760648e-07,1.5691858087649356e-07,1.705624286878274e-07
lignite_coal_plant,power,LU,3.958608509291222e-08,4.1717755198336664e-08,4.3411853716922884e-08,4.409357136568704e-08,4.6999748599765716e-08,5.155361686147542e-08,5.525993502783911e-08,5.966274390891683e-08,6.47374780883711e-08,6.887322866920063e-08,7.280567629694225e-08,7.554648321508488e-08,7.823667549083144e-08,8.10424047664172e-08,8.392284850570053e-08,8.68370365757919e-08,9.002627619858446e-08,9.340002608374202e-08,9.692715170454742e-08,1.0086576494498616e-07,1.0555136474846202e-07,1.1196505708865676e-07,1.1754819161475611e-07,1.2265585381186364e-07,1.276250456642542e-07,1.3307371330809538e-07,1.3892722483533977e-07,1.4604766958018144e-07,1.558287811763666e-07,1.72077994687508e-07
lignite_coal_plant,power,LV,7.584469091033273e-08,7.606807270792373e-08,7.630832750789379e-08,7.653881875848825e-08,7.689681737667234e-08,7.742359638435455e-08,7.818458029258767e-08,7.94291872069435e-08,8.083160975694564e-08,8.21683200005516e-08,8.357753538145711e-08,8.498806984895146e-08,8.667184021626147e-08,8.873842846864925e-08,9.112565878498937e-08,9.370500906945991e-08,9.812887943310423e-08,1.0354941029214651e-07,1.0517583643402133e-07,1.0743616605079855e-07,1.0989634481125538e-07,1.1295058459988262e-07,1.1655945034029528e-07,1.20757343239361e-07,1.2604788894324634e-07,1.3199436071095614e-07,1.3852115902936062e-07,1.47175181332824e-07,1.58373715260366e-07,1.721221171982679e-07
lignite_coal_plant,power,NL,5.4713925947445e-08,5.554126289747457e-08,5.594294547001577e-08,5.618529545641071e-08,5.656435691545145e-08,5.775838393876244e-08,6.00183656440858e-08,6.361502716803418e-08,6.805240781007529e-08,7.212356303899812e-08,7.582620663140676e-08,7.861933099513362e-08,8.121301828683028e-08,8.387812691005716e-08,8.659665202644769e-08,8.928707065362731e-08,9.231207631934845e-08,9.596927475328921e-08,9.967790419471512e-08,1.0370627625091554e-07,1.0836883672993775e-07,1.1453309338098834e-07,1.2017152367266472e-07,1.2557184855747236e-07,1.3098831444774226e-07,1.3720926755043148e-07,1.4395809853784385e-07,1.5185407311488036e-07,1.610713008539315e-07,1.7510161181969932e-07
lignite_coal_plant,power,NO,6.30347821495515e-08,6.330252038913347e-08,6.358389914767223e-08,6.385575671935501e-08,6.427795731805742e-08,6.486559853207657e-08,6.56440499132665e-08,6.673421763187959e-08,6.810346663483308e-08,6.973480073466332e-08,7.177318440698231e-08,7.371777353154558e-08,7.578184278089014e-08,7.800562479711989e-08,8.046211398713819e-08,8.299289342843542e-08,8.58532917207773e-08,8.935464504366278e-08,9.295542763843286e-08,9.694282875788438e-08,1.0157735491389665e-07,1.0801853655975756e-07,1.1343787716855216e-07,1.1882616758885007e-07,1.2428084151747583e-07,1.3019653255609678e-07,1.3640827779507146e-07,1.4439355588476055e-07,1.5351395254190814e-07,1.6844734279591027e-07
lignite_coal_plant,power,PL,5.504000000042033,5.504000000023342,5.504000000104854,5.504000000140973,5.504000000267118,5.504000000265386,5.504000000313543,0.47400000040110984,0.4740000004637264,0.4740000005299387,0.47400000060050934,0.4740000006767184,0.474000000759133,0.4740000008484811,0.47400000094579137,0.4740000010519715,0.4740000011663592,0.47400000129708936,0.4740000014406116,0.4740000015990767,0.4740000017844554,0.4740000019954524,0.474000002236239,0.47400000252006935,0.47400000286372945,0.47400000328388014,0.47400000379932344,0.47400000449893603,0.4740000055446522,0.4740000075083586
lignite_coal_plant,power,PT,4.1667226489064176e-08,4.260350583207179e-08,4.298172152441191e-08,4.320064041527426e-08,4.345685370902202e-08,4.377402059991053e-08,4.4190298456176155e-08,4.475768673294583e-08,4.5547763683148436e-08,4.654071375494154e-08,4.78547158340149e-08,4.936501216820173e-08,5.104173158156685e-08,5.292471003118962e-08,5.5031695346673563e-08,5.744830081794089e-08,6.082782105477904e-08,7.252533633262561e-08,8.551414433802089e-08,9.300866360370269e-08,1.002707977867194e-07,1.0586809444336787e-07,1.1108296939395506e-07,1.204399251627836e-07,1.2992468181037228e-07,1.3354734202320536e-07,1.3584667384393012e-07,1.3906520404217182e-07,1.4266597103009025e-07,1.4828136399627917e-07
lignite_coal_plant,power,RO,3.6272000000261606,3.6272000001743088,1.317200000081211,1.3172000000942137,1.3172000001521005,1.3172000001888255,1.317200000215506,1.3172000002798456,1.3172000003320259,1.3172000004733917,1.3172000004454922,1.3172000005022726,1.1975000005690188,0.26750000066641694,0.2675000007506161,0.2675000008420712,0.26750000094462684,0.26750000105830185,0.26750000118650424,0.22000000133382422,0.22000000150219198,0.22000000169866984,0.22000000192597832,0.22000000218767649,0.22000000250731902,0.22000000290158775,0.22000000340563391,0.22000000406645986,0.22000000498192354,0.22000000675357279
lignite_coal_plant,power,SE,6.806974072219541e-08,6.831678956792101e-08,6.858349643904989e-08,6.883308450517253e-08,6.919802281666909e-08,6.969356773095357e-08,7.033546185259908e-08,7.126273108781865e-08,7.252009465785807e-08,7.401234947949035e-08,7.59896538663945e-08,7.785557200256157e-08,7.994090241368467e-08,8.226162144945931e-08,8.483430676947667e-08,8.748037050467674e-08,9.090920790839676e-08,9.408908274039697e-08,9.753994188853474e-08,1.0161467679363755e-07,1.0692209032035344e-07,1.1431062425980164e-07,1.1930272960415622e-07,1.233977855857684e-07,1.2867161671840886e-07,1.3517290570515934e-07,1.4186741494512834e-07,1.4989861122413167e-07,1.5940683878365592e-07,1.750806496484368e-07
lignite_coal_plant,power,SI,4.8369425538639456e-08,4.921332427212858e-08,4.9701613793156076e-08,4.998770264501363e-08,5.040069910630323e-08,5.107116937950242e-08,5.1739567707267366e-08,5.2627920312079046e-08,5.4179439483831826e-08,5.695584566632595e-08,6.433600785980099e-08,6.858041488616938e-08,7.427875314731473e-08,7.760356013993241e-08,8.084904695594736e-08,8.40194162182145e-08,8.737921834964591e-08,9.080172251711768e-08,9.43412479520583e-08,9.832107472386883e-08,1.0295804261747406e-07,1.0923953858506606e-07,1.1494013987885268e-07,1.2035672432328328e-07,1.2585669896601278e-07,1.3200338690011292e-07,1.3899717087922744e-07,1.4711165468174528e-07,1.564826047765204e-07,1.7107668587686932e-07
lignite_coal_plant,power,SK,6.509178495821185e-08,6.533788998376343e-08,6.559965127357081e-08,6.582088919083558e-08,6.616056989164597e-08,6.66417196362859e-08,6.730524029758074e-08,6.872808171786023e-08,7.037017198744671e-08,7.232095473914346e-08,7.446738741881671e-08,7.631650772952385e-08,7.836474896037574e-08,8.06013081826084e-08,8.296818045267604e-08,8.546805058396025e-08,8.833960537087207e-08,9.16092907693502e-08,9.50767386222716e-08,9.922834286925687e-08,1.0420346143437364e-07,1.1061014097369389e-07,1.1621209773130677e-07,1.21171205395731e-07,1.2636757014826593e-07,1.323704934701965e-07,1.3888018426564808e-07,1.4693928056229644e-07,1.5638479284070492e-07,1.704609872981136e-07
lignite_coal_plant,power,UK,4.446265188865247e-08,4.6025836504702105e-08,4.6908398486458427e-08,4.742044878484061e-08,4.831118403941643e-08,5.405715731688456e-08,5.979699344221472e-08,6.489265792112572e-08,6.948359223284086e-08,7.290512123023583e-08,7.57573356590603e-08,7.845047869485376e-08,8.107711936507178e-08,8.373702202715379e-08,8.636927670786966e-08,8.87153051756803e-08,9.17393081579713e-08,9.506945092886388e-08,9.936104722700413e-08,1.0282170268141692e-07,1.0721099196888949e-07,1.1248350874619543e-07,1.1791836527571006e-07,1.2343103719060707e-07,1.2917085529820096e-07,1.3542572705176539e-07,1.421398346066838e-07,1.499822988963694e-07,1.599450648734406e-07,1.7540645765384008e-07
lng_terminal,power,AT,0.0,0.0,0.0,0.0,0.0,0.0,0.0,0.0,0.0,0.0,0.0,0.0,0.0,0.0,0.0,0.0,0.0,0.0,0.0,0.0,0.0,0.0,0.0,0.0,0.0,0.0,0.0,0.0,0.0,0.0
lng_terminal,power,BE,18.982331951093432,18.982331951607193,18.982331952162998,18.982331952767186,18.982331953426762,18.982331954149753,18.982331954945703,18.982331955826282,18.982331956805982,18.982331957903185,18.98233195914171,18.982331960554482,18.98233196218865,18.98233196410694,18.98233196640406,18.982331969231815,18.982331972855214,18.98233197780223,18.982331985384427,18.982332000777394,1.28534853773246e-06,1.3792023982856397e-06,1.4659073735451258e-06,1.5517252272153992e-06,1.6405015636711422e-06,1.7341797663262181e-06,1.8354301707211308e-06,1.949998438269682e-06,2.0901972888108755e-06,2.305500142834945e-06
lng_terminal,power,BG,0.0,0.0,0.0,0.0,0.0,0.0,0.0,0.0,0.0,0.0,0.0,0.0,0.0,0.0,0.0,0.0,0.0,0.0,0.0,0.0,0.0,0.0,0.0,0.0,0.0,0.0,0.0,0.0,0.0,0.0
lng_terminal,power,CH,0.0,0.0,0.0,0.0,0.0,0.0,0.0,0.0,0.0,0.0,0.0,0.0,0.0,0.0,0.0,0.0,0.0,0.0,0.0,0.0,0.0,0.0,0.0,0.0,0.0,0.0,0.0,0.0,0.0,0.0
lng_terminal,power,CZ,0.0,0.0,0.0,0.0,0.0,0.0,0.0,0.0,0.0,0.0,0.0,0.0,0.0,0.0,0.0,0.0,0.0,0.0,0.0,0.0,0.0,0.0,0.0,0.0,0.0,0.0,0.0,0.0,0.0,0.0
lng_terminal,power,DE,9.090331050106167e-08,9.178385969120548e-08,3.9022000922224596,3.902200092691485,3.902200093193166,3.902200093730474,3.902200094306741,3.9022000949257714,3.9022000955919016,3.9022000963100694,3.9022000970859425,3.9022000979260785,3.902200098838134,3.9022000998311186,3.9022001009157474,3.902200102104882,3.9022001034141405,3.90220010486275,3.902200106474738,3.9022001082806357,3.9022001103201776,3.902200112646354,3.902200115332023,3.9022001184811215,3.902200122249186,3.9022001268851008,3.902200132823124,3.9022001409298146,3.902200153361873,3.902200178750664
lng_terminal,power,DK,0.0,0.0,0.0,0.0,0.0,0.0,0.0,0.0,0.0,0.0,0.0,0.0,0.0,0.0,0.0,0.0,0.0,0.0,0.0,0.0,0.0,0.0,0.0,0.0,0.0,0.0,0.0,0.0,0.0,0.0
lng_terminal,power,EE,8.52686532698487e-08,8.615035233309966e-08,2.9170000865897516,2.917000087058672,2.9170000875602438,2.9170000880974265,2.9170000886735785,2.917000089292503,2.917000089958506,2.917000090676499,2.917000091452133,2.9170000922919597,2.9170000932036215,2.917000094196128,2.9170000952801676,2.9170000964685467,2.9170000977768433,2.917000099224238,2.9170001008345965,2.917000102638299,2.9170001046748673,2.9170001069969436,2.9170001096765383,2.9170001128164436,2.917000116570994,2.917000121184679,2.9170001270780888,2.91700013506593,2.9170001470983427,2.9170001708766096
lng_terminal,power,EL,8.7758587538346,8.775858754349871,8.775858754908732,8.775858755517026,8.775858756181442,8.77585875690991,8.77585875771201,8.775858758599526,8.77585875958717,8.775858760693671,8.775858761943349,8.775858763368621,8.775858765014043,8.775858766943216,8.775858769251428,8.775858772091967,8.775858775731658,8.775858780702452,8.775858788328582,8.775858803850372,1.1064817685691198e-06,1.2237405180355267e-06,1.311299367607468e-06,1.3910264929336527e-06,1.469340339435533e-06,1.549650369960574e-06,1.6350691040957316e-06,1.731981622335215e-06,1.8523443440507313e-06,2.041160508589711e-06
lng_terminal,power,ES,81.59626919750403,81.59626919798295,81.59626919847824,81.59626919901245,81.59626919959594,81.59626920023723,81.59626920094506,81.59626920173012,81.59626920262319,81.59626920364283,81.59626920481344,81.59626920616522,81.5962692077426,81.59626920960788,81.59626921185323,81.5962692146279,81.59626921819054,81.59626922305388,81.59626923047973,81.59626924593708,1.0545018808104376e-06,1.171944293153848e-06,1.2603781051833476e-06,1.341926367560413e-06,1.423411268680426e-06,1.5087660012311888e-06,1.601836730760407e-06,1.7083701034241764e-06,1.8414818468205582e-06,2.052232125827324e-06
lng_terminal,power,FI,9.227612996330176e-08,9.308889360050774e-08,3.1170000935282967,3.1170000939972393,3.117000094498841,3.117000095036058,3.1170000956122466,3.117000096231213,3.1170000968972715,3.1170000976153385,3.117000098391066,3.117000099231005,3.117000100142814,3.117000101135497,3.1170001022197553,3.1170001034084387,3.1170001047171145,3.117000106164964,3.117000107775983,3.1170001095806996,3.1170001116186135,3.117000113942466,3.1170001166247614,3.117000119768796,3.117000123528873,3.117000128152217,3.117000134068349,3.1170001421216313,3.1170001543551606,3.1170001788146617
lng_terminal,power,FR,52.03593134313256,52.03593134364158,52.035931344183275,52.03593134476892,52.03593134540786,52.03593134610911,52.03593134688239,52.03593134773929,52.03593134869412,52.03593134976489,52.03593135098014,52.035931352377396,52.035931353999324,52.035931355907344,52.03593135819543,52.035931361014875,52.03593136463019,52.03593136956818,52.03593137713471,52.035931392591074,1.2427926140699404e-06,1.3790029686659297e-06,1.4841757198361245e-06,1.5823555871819414e-06,1.6808348122725777e-06,1.7832333369104886e-06,1.893457580694963e-06,2.0174780961160345e-06,2.1688882292320113e-06,2.399972454506105e-06
lng_terminal,power,HR,8.708385367812281e-08,8.796697955187246e-08,2.899600088405532,2.8996000888744975,2.8996000893761047,2.8996000899133167,2.899600090489479,2.8996000911083963,2.899600091774378,2.8996000924923453,2.8996000932679498,2.8996000941077433,2.8996000950193674,2.89960009601183,2.8996000970958127,2.8996000982841257,2.8996000995923428,2.899600101039618,2.8996001026497864,2.899600104453238,2.8996001064894834,2.8996001088110703,2.8996001114899133,2.8996001146288433,2.8996001183819975,2.899600122992501,2.8996001288786317,2.8996001368457627,2.8996001488205514,2.899600172415961
lng_terminal,power,HU,0.0,0.0,0.0,0.0,0.0,0.0,0.0,0.0,0.0,0.0,0.0,0.0,0.0,0.0,0.0,0.0,0.0,0.0,0.0,0.0,0.0,0.0,0.0,0.0,0.0,0.0,0.0,0.0,0.0,0.0
lng_terminal,power,IE,0.0,0.0,0.0,0.0,0.0,0.0,0.0,0.0,0.0,0.0,0.0,0.0,0.0,0.0,0.0,0.0,0.0,0.0,0.0,0.0,0.0,0.0,0.0,0.0,0.0,0.0,0.0,0.0,0.0,0.0
lng_terminal,power,IT,21.971675565431777,21.971675565945986,21.971675566503365,21.97167556710991,21.971675567772422,21.971675568498885,21.971675569298878,21.971675570184157,21.971675571169392,21.97167557227323,21.97167557351988,21.971675574941596,21.97167557658268,21.971675578506368,21.971675580808377,21.971675583641954,21.97167558727279,21.971675592231062,21.971675599835848,21.97167561530091,1.1557318399454389e-06,1.2627542175872183e-06,1.3506685004898206e-06,1.4338775410129824e-06,1.517799425073718e-06,1.6057104439762455e-06,1.7011429410337006e-06,1.8096281963753277e-06,1.9440950196210373e-06,2.1546292717210348e-06
lng_terminal,power,LT,5.35946605179624,5.3594660523120154,5.359466052871738,5.359466053481108,5.359466054146753,5.359466054876592,5.359466055680221,5.359466056569453,5.359466057559055,5.359466058667825,5.359466059920199,5.359466061348753,5.3594660629982736,5.359466064932727,5.359466067248014,5.359466070097459,5.3594660737492195,5.359466078740185,5.359466086410739,5.359466102108421,3.853405345609493e-06,3.857459950701717e-06,3.862144418446756e-06,3.867576672913057e-06,3.874241434132689e-06,3.882668191671456e-06,3.893794386280422e-06,3.909692442746236e-06,3.936406569598789e-06,3.997689378350541e-06
lng_terminal,power,LU,0.0,0.0,0.0,0.0,0.0,0.0,0.0,0.0,0.0,0.0,0.0,0.0,0.0,0.0,0.0,0.0,0.0,0.0,0.0,0.0,0.0,0.0,0.0,0.0,0.0,0.0,0.0,0.0,0.0,0.0
lng_terminal,power,LV,0.0,0.0,0.0,0.0,0.0,0.0,0.0,0.0,0.0,0.0,0.0,0.0,0.0,0.0,0.0,0.0,0.0,0.0,0.0,0.0,0.0,0.0,0.0,0.0,0.0,0.0,0.0,0.0,0.0,0.0
lng_terminal,power,NL,19.68696294589091,19.68696294640454,19.68696294696,19.686962947563607,19.68696294822241,19.686962948944487,19.6869629497394,19.68696295061881,19.6869629515972,19.686962952692895,19.686962953929633,19.68696295534122,19.68696295697412,19.686962958891243,19.68696296118738,19.68696296401428,19.686962967637015,19.68696297258376,19.686962980166978,19.686962995563032,1.2868655716319254e-06,1.3742598894935168e-06,1.456856925648947e-06,1.5388688073038843e-06,1.624550271532325e-06,1.714768491361397e-06,1.8104053870058429e-06,1.91908854536424e-06,2.0547112244652867e-06,2.2635461732682753e-06
lng_terminal,power,NO,0.0,0.0,0.0,0.0,0.0,0.0,0.0,0.0,0.0,0.0,0.0,0.0,0.0,0.0,0.0,0.0,0.0,0.0,0.0,0.0,0.0,0.0,0.0,0.0,0.0,0.0,0.0,0.0,0.0,0.0
lng_terminal,power,PL,9.2175024045957e-08,9.305351570768038e-08,6.914000093492174,6.914000093961293,6.914000094463087,6.914000095000527,6.914000095576955,6.914000096196147,6.914000096862424,6.914000097580751,6.914000098356816,6.914000099197198,6.914000100109575,6.914000101102982,6.9140001021881465,6.914000103377951,6.914000104688042,6.914000106137681,6.914000107750941,6.914000109558478,6.914000111600143,6.914000113929063,6.9140001166182845,6.914000119772149,6.9140001235470665,6.914000128193211,6.914000134148072,6.914000142286288,6.914000154795093,6.914000180430867
lng_terminal,power,PT,8.233506412354917,8.233506412870263,8.23350641342925,8.233506414037711,8.233506414702319,8.233506415430995,8.233506416233325,8.233506417121099,8.233506418109034,8.23350641921586,8.23350642046592,8.233506421891642,8.23350642353762,8.233506425467489,8.233506427776598,8.233506430617899,8.233506434258702,8.233506439231187,8.233506446860558,8.233506462393128,1.1377323197643773e-06,1.2581251825816829e-06,1.3484858781128505e-06,1.4311616306760527e-06,1.5126621156635271e-06,1.5967504270476202e-06,1.6869012711707571e-06,1.7884288529024456e-06,1.9132525312243306e-06,2.107127181899412e-06
lng_terminal,power,RO,0.0,0.0,0.0,0.0,0.0,0.0,0.0,0.0,0.0,0.0,0.0,0.0,0.0,0.0,0.0,0.0,0.0,0.0,0.0,0.0,0.0,0.0,0.0,0.0,0.0,0.0,0.0,0.0,0.0,0.0
lng_terminal,power,SE,0.0,0.0,0.0,0.0,0.0,0.0,0.0,0.0,0.0,0.0,0.0,0.0,0.0,0.0,0.0,0.0,0.0,0.0,0.0,0.0,0.0,0.0,0.0,0.0,0.0,0.0,0.0,0.0,0.0,0.0
lng_terminal,power,SI,0.0,0.0,0.0,0.0,0.0,0.0,0.0,0.0,0.0,0.0,0.0,0.0,0.0,0.0,0.0,0.0,0.0,0.0,0.0,0.0,0.0,0.0,0.0,0.0,0.0,0.0,0.0,0.0,0.0,0.0
lng_terminal,power,SK,0.0,0.0,0.0,0.0,0.0,0.0,0.0,0.0,0.0,0.0,0.0,0.0,0.0,0.0,0.0,0.0,0.0,0.0,0.0,0.0,0.0,0.0,0.0,0.0,0.0,0.0,0.0,0.0,0.0,0.0
lng_terminal,power,UK,55.26015195576757,55.26015195627516,55.26015195681286,55.26015195739363,55.26015195802727,55.26015195872282,55.26015195948994,55.26015196034019,55.26015196128794,55.26015196235109,55.26015196356272,55.260151964956314,55.260151966574455,55.26015196847949,55.26015197076451,55.260151973580406,55.26015197719114,55.26015198212219,55.260151989675414,55.26015200511638,1.117590108605759e-06,1.2297769546312523e-06,1.318870830091016e-06,1.4018003216191947e-06,1.4844649351503194e-06,1.5701501416596482e-06,1.6623529351400408e-06,1.7664266703245048e-06,1.895125095706101e-06,2.097662836548196e-06
natural_gas_boiler,power,AT,18.585561057487837,18.67253138984117,18.672531389835125,18.67253139196867,18.80126171116157,18.941296613828627,19.676503769395847,19.646491720691174,19.533444084586765,19.420396450368337,19.30734880314316,19.06256824116535,18.949520594762756,18.08259235929166,17.318219794104973,16.994456182046356,16.8398395855516,15.96404741398114,15.964047413294447,15.82502045912957,15.189357111668672,2.549885866412708,2.549885866928619,2.549885867272735,2.549885866808743,2.0169028722161872,1.0874334134832562,0.23917861554879827,0.15614302206328126,0.1561430156876667
natural_gas_boiler,power,BE,33.77162497787354,34.78979875646197,34.78979875729517,34.78979875843121,34.125198686643046,33.87326903935351,34.13295861980252,34.64263880107089,33.32673281383818,32.66213273800861,30.254894707191077,28.99780571236134,28.33320563665766,26.060256415776934,26.06025642008514,24.74972372816342,24.749723732296513,23.238404405191833,22.8411169925927,22.578415012361944,21.147811205900382,5.395380603102504,5.395380603470863,5.3953806043581025,5.395380603902754,5.395380601098903,4.85955957092933,3.935269916299557,1.4415637130006347,1.441563711191831
natural_gas_boiler,power,BG,5.204807809113386,5.204807810703124,5.204807812727747,5.2048078170358085,5.221083462880147,5.150026104666058,5.038152069545809,4.889601647259994,4.774429088307914,4.665120439689075,4.665120439930757,4.649443194542851,4.644899499536066,4.644899499786201,4.644899500056699,4.581224401576917,4.581224401899099,4.581224402247733,4.527772251665663,4.470510112728822,4.470510113206184,0.10259896217876746,0.10259896101926756,0.10259895968798638,0.10259895613426527,0.04089981096015431,0.04089980332098753,0.040899804054455195,0.040899805785257724,0.040899809975740595
natural_gas_boiler,power,CH,26.785337145016918,26.903174417381067,26.90317441970849,26.90317441947326,27.077592858869732,27.267328031783556,27.744660067403338,28.375976074144013,28.222806343159416,28.06963660540227,28.176095811281623,27.84443933817974,27.691269564089144,26.51665683647251,25.48099816376442,25.042326558867316,24.832834381217797,23.64621179629387,23.64621179125897,23.457842298568554,22.59657347859058,3.8676734097070793,3.8676734101180275,3.8676734109948305,3.867673410466406,3.1455275817050303,1.8861769114917568,1.2556751024500752,0.47118932420862647,0.4711892868098202
natural_gas_boiler,power,CZ,24.162966091348103,24.162966091678044,24.16296609117006,24.162966093964304,24.25815745100309,24.350961915038713,23.35622605972526,23.286709336270697,23.21719261182922,23.013156720729867,22.943639999084105,22.874123270428555,22.80460654628428,22.429638172953847,22.42963817326284,22.272191588472346,19.303781222993322,17.877211760929196,15.97851145234943,15.51722309475395,14.169903590952906,0.3862726151552632,0.38627261617949726,0.38627261744997643,0.3862726188290771,0.2215645426725053,6.561648343630691e-07,6.938831154234408e-07,7.459348032027912e-07,8.03097451246056e-07
natural_gas_boiler,power,DE,212.81003000191987,217.3350088609376,217.33500891370966,217.33500886436272,214.99077037821033,212.47798023182722,214.44562411625046,218.47126803915867,220.84201324843298,219.21103273398776,213.25847190352982,210.91423350762994,208.56999488366193,197.01904241411114,189.96275769256715,184.52465886148906,175.35749350718922,160.2747141114358,152.35306585967436,142.0559204501841,139.41034046784202,37.493833583511254,37.49383360920602,37.49383362579058,37.49383360608711,37.49383359715592,36.68574828154692,32.37386588447098,25.123650395802585,11.697204721490337
natural_gas_boiler,power,DK,16.675204672962902,16.67632615812314,16.676326158504985,16.676326159894717,16.270321355266432,16.157201994490443,16.044082633264146,15.914097916838873,15.800978555508548,15.687859194385771,15.567034332969849,15.399753406938643,15.286634045861096,14.878282069652894,14.557872553752844,14.20764275948609,14.207642758555048,13.82240166772868,13.323114701023188,13.323114702189642,13.08460451876511,0.007574039444295825,0.007574039788697568,0.0075740400636108915,0.007574039996458791,0.007574031539868151,0.0075740322970928205,0.007574033934339117,0.007574036816526466,0.007574043212085681
natural_gas_boiler,power,EE,2.5854660919814356,2.603251562328978,2.603251563015984,2.60325156477941,2.586098774778302,2.5919503770418366,2.624647023627923,2.597246987716549,2.597246989674935,2.5972469907519047,2.5972469915647567,2.586215537965932,2.5733093241625613,2.5522846528376006,2.5218309979740297,2.435630493588164,2.4223173868756116,2.3937878059010274,2.3937878064241724,2.3752907515066726,2.3018034483957996,0.18877332631881294,0.1887733316038986,0.1887733317796419,0.1887733311059076,0.05633374638422178,0.05048214591184296,0.01778550178599537,0.017785494796103682,0.01778549992793494
natural_gas_boiler,power,EL,3.5846936778369733,3.5846936788017354,3.584693679636104,3.584693680506654,3.5846936813727104,3.584693684077051,3.5248918716430726,3.1497317125491695,2.8277697243116062,2.5048171080386488,1.8977881419573637,1.746281508895458,1.5193824275749543,1.5193824279161388,1.1869715803050396,1.1869715806505035,0.5841306548572196,0.5841306552260812,0.45570012232029833,0.3443413373242077,0.06907936323775817,0.06907935824369518,0.06907935780967447,0.06907935756681326,0.06907935735788763,0.06907935729066747,0.06907935562796111,0.06907935638848195,0.0690793579715914,0.06907936174166124
natural_gas_boiler,power,ES,13.376897509237608,13.817762509588908,13.81776250972103,13.817762509866323,13.453955474999717,13.292178177793431,12.593254405383167,8.214817617310123,8.195082271403699,8.175346925554033,7.92523141772006,6.187402018012544,6.0145758397684155,5.331825474684601,4.908824737262579,4.451840346316409,4.451840345730233,4.194500641459981,3.653647279901002,2.741557870466596,1.3275256623105314,1.3275256626658694,1.3275256631045822,1.3275256636211603,1.327525664269748,1.3275256650209313,1.3275256660022319,1.3275256673859797,1.3275256694914903,1.3275256736614165
natural_gas_boiler,power,FI,11.731391580143208,11.735405034685737,11.735405035578067,11.735405038272887,12.268942706157851,12.578996764922453,12.578270665659886,12.571609189191346,12.571609188414664,12.5716091930791,12.57160919136931,12.571609191211905,12.571609191977053,12.545991204168928,12.545991202548603,12.531373584743667,12.522081630597759,12.517472502045054,12.516843716178814,12.506721779712539,12.49465935288833,0.8895377170522557,0.8895377175686079,0.8895377178903877,0.889537716943946,0.35600004965793725,0.028398811835145137,0.028398800755499904,0.028398802653635404,0.02839880875532006
natural_gas_boiler,power,FR,54.30459081427564,54.30459081457521,54.30459081510977,54.304590815957916,51.1628648866548,45.213218088559856,43.14827242964719,40.484498929120555,37.17266055032378,35.10771488927615,29.358866658827413,27.29392099878767,23.425567775295587,18.005906945781547,16.36503548343209,14.294685211562241,10.365692140090824,8.315908520153751,4.1964024106123965,3.2882048078723445,3.288204808360896,3.2882048083902653,3.288204808782557,3.2882048091626346,3.288204809398027,3.2882048093303484,3.288204810124031,3.288204811709542,3.2882048145471465,3.2882048208756505
natural_gas_boiler,power,HR,6.1745066930532,6.174506693352796,6.174506693829465,6.1745066942725275,6.053787084410944,5.969883596796842,5.779343841112976,5.701025731386621,5.632466517794815,5.448392306531776,5.374220886326613,5.250071423921426,5.207093919243898,4.877315435123924,4.8063741828129825,4.47955951641556,4.479559516821039,4.03563225756156,3.826918047453181,3.637039360719825,3.392595348249204,0.07332589731093905,0.07332589768214605,0.0733258980188313,0.07332589817115485,0.07332589710341031,0.07332589767189174,0.07332589913645135,0.07332590184216904,0.07332590779260123
natural_gas_boiler,power,HU,16.440741504338643,16.722242188830688,16.722242189113384,16.722242183713625,15.776252780649019,14.8595473071246,14.682857382531576,14.506167457483166,14.329477535642221,13.634540451974882,13.457850484187194,13.281160583601812,13.10447063456846,11.267988862926318,10.817705782078763,7.692329804407555,6.756964487503043,4.690514546828969,2.670472559059772,1.7918531023604964,1.3624454556150933,1.36244545584065,1.362445456333001,1.3624454568660505,1.3624454574411105,1.362445458039025,1.3624454591203783,1.362445460908129,1.3624454638543613,1.3624454702081565
natural_gas_boiler,power,IE,2.7034409240182984,2.9809484343658985,2.980948434561536,2.980948434796068,2.863619651741625,2.6859702065970046,2.6718417047792986,2.4949156747924226,2.480787172922178,2.440269009708318,2.426140507810884,2.191683500181651,2.1775549983169222,1.6258982513663156,1.3674913305743643,1.155112648617657,1.0629609767777517,1.0175678869069862,0.6898384926707224,0.6572577573390336,0.46269497462387316,0.46269497479058386,0.4626949751570267,0.46269497558624334,0.46269497609881416,0.4626949767301319,0.46269497754019423,0.4626949788424842,0.46269498105007034,0.4626949858860195
natural_gas_boiler,power,IT,93.3960876045652,93.43847136216218,93.43847136236222,93.43847136329245,85.23781141250119,76.65005369032693,71.97209881480757,67.29414392524492,62.616189066284605,57.65067303444685,49.461253749662006,38.701932739787416,31.330208950833,22.86557351998858,22.032794164994918,17.580811031432265,13.610332482776563,10.108822609145745,6.95069647337161,6.575466771315935,1.8571728417805027,1.857172841274271,1.8571728430809826,1.857172841884455,1.8571728420357445,1.857172841604315,1.8571728421330398,1.8571728434018187,1.8571728452964535,1.8571728496661692
natural_gas_boiler,power,LT,1.6500654601075064,1.6500654606679228,1.6500654613222043,1.650065462220213,1.6191380416053083,1.50711769964691,1.49188194879563,1.4497942870430893,1.2965290867836332,1.2837887538925907,1.2710484210007342,1.2060738811429073,1.19333354830167,1.012432909487496,1.0124329097824896,1.0124329100705438,0.9373060170516085,0.8191366664739871,0.80123172186776,0.7663249547902382,0.7292335631292527,0.11352965894831574,0.11352965913552276,0.11352965932402491,0.11352965945461375,0.11352965962831962,0.11352966054298456,0.11352966211937807,0.11352966463391985,0.11352966927499346
natural_gas_boiler,power,LU,2.236019937418173,2.469154436469061,2.4691544366916367,2.469154436969673,2.458072273722697,2.4469901106450234,2.4359079475705934,2.3845058537718558,2.3734236908275217,2.277959605340751,2.2668774422734335,2.1616017267045624,2.150519563632254,2.1196984625537723,2.095476892671308,1.9680149671862857,1.9503547186057857,1.8008361173257628,1.7528478438007948,1.752847844401471,1.7144706245707748,0.31488878455302827,0.3148887851507279,0.31488878580204027,0.31488878654859437,0.3148887874425512,0.3148887886319311,0.3148887903436548,0.31488879313934254,0.31488879944940534
natural_gas_boiler,power,LV,3.4667320230347114,3.4822365125941896,3.4822365133023685,3.4822365150242427,3.4652824299247857,3.3849331439009664,3.371071538211856,3.339367317519951,3.285764827369501,3.2438598347074166,3.2438598401960865,3.099564070454963,3.0995640697737166,3.0995640701004676,3.0120301267009526,2.9777920443617005,2.958110537987581,2.879486078657796,2.87948607905433,2.8472542518629247,2.8150375223676654,0.08696679018898222,0.08696679051195642,0.08696679068390942,0.08696679002668997,0.08009235190333683,0.08009234915610257,0.0800923504938869,0.08009235339006616,0.08009235954174117
natural_gas_boiler,power,NL,41.94802777211963,42.0643311981278,42.064331198597,42.064331200402975,42.02518363337831,42.16522639962958,42.36157133031359,42.51027721148584,39.37001929337056,35.07509824931545,31.934840389307976,27.622545926902554,24.482288071884394,22.03739271564278,22.0373927153662,22.037392716473363,21.63241605991135,21.51563803294336,20.831940333688227,20.83194033481932,20.831940333837423,14.01876833108066,14.018768354880606,14.018768331729275,14.018768331485179,10.163910795977902,6.741869918146158,3.405267128890208,0.11630346284317172,0.11630346736058307
natural_gas_boiler,power,NO,8.289312312183675,8.289312313582649,8.289312314932108,8.28931232277243,9.78987348695958,10.815338393432185,12.653615242544412,12.653615246125725,12.641223462211514,12.629468709593302,12.62946870995961,12.618128208761933,12.613518793845252,12.601214148858995,12.601214149177645,12.601214149220755,12.58817949268652,12.58817949300023,12.587611363021635,12.587611362903532,12.536232836009368,4.364302947451626,4.364302947792834,4.364302947760113,4.364302942504434,2.8637417813361994,1.838276881046855,6.557853914972345e-07,6.897184974683557e-07,7.44150539853963e-07
natural_gas_boiler,power,PL,56.7738604791321,57.98117592956129,57.9811759294593,57.981175933745384,56.88825697537667,56.518964646292055,55.862374376346544,55.49308204787483,54.03837638825553,53.6690840612418,52.80217231964518,52.43287999097807,51.88584487002875,51.51895603946044,51.29561232363678,51.29561232592367,50.1335235545319,47.897414550392696,47.89741452046093,46.09466336488921,42.844736907302625,1.495698932576172,1.4956989331166606,1.4956989337235973,1.495698934338238,1.495698935025795,1.4956989358837642,1.4956989376373373,1.495698940725611,1.4956989471793278
natural_gas_boiler,power,PT,0.5108482903040357,0.543603491958092,0.5436034920658507,0.5436034921853702,0.5148219335253784,0.47749378643864593,0.47749378656494995,0.41319903070098113,0.3706588619007715,0.30967809201107943,0.25884856387566063,0.14230697000995793,0.11622501084346006,0.09130361695046517,0.0913036171405446,0.09130361735004064,0.06567366870420337,0.05884193599269413,0.05286555599780561,0.03275520718119187,0.03275520758694528,0.03275520776503276,0.03275520821026372,0.032755208738769394,0.032755209374036455,0.03275521014490602,0.0327552111266699,0.032755212502387554,0.032755214592932264,0.032755218811988306
natural_gas_boiler,power,RO,8.53714290141149,8.733975128971624,8.733975129637559,8.733975131256882,8.540711518213904,8.531087338083456,8.531087339418317,6.979378012419884,6.979378012771633,6.979378013433074,6.714281332223892,6.636821129185519,6.5768281540570666,5.594671403211888,5.481696734631666,5.481590742141165,4.94064685806063,4.6233846192752655,4.379330806668063,4.2564418605258965,3.6933498108310534,0.8227588448086733,0.822758845006657,0.8227588450133991,0.822758844230989,0.49599831508726616,0.49599831369947894,0.49599831448673865,0.4959983164424004,0.49599832122801907
natural_gas_boiler,power,SE,10.72667363422986,10.726673632367383,10.726673634417399,10.726673652222702,11.377975504270303,12.254849961790582,12.240526610923839,12.24052660981858,12.233665973028021,12.218076729626054,12.218076728179698,12.133975455213992,12.133975454161886,12.133975455555651,12.133975452387926,12.133975439604994,12.133975456469678,12.133975456897103,12.133975458327546,12.061181610800542,12.029533753989869,1.578105256188697,1.5781052569477274,1.578105257373577,1.578105244132434,0.8968375095192939,6.358809404901001e-07,6.868752011923852e-07,7.315987671463206e-07,7.957883420619695e-07
natural_gas_boiler,power,SI,0.9840618852972516,0.984061885591181,0.9840618860185464,0.9840618867295661,0.9840618883624433,0.9055003207756519,0.9055003224694619,0.9055003233777577,0.9055003241077356,0.8751466953376038,0.8227759269006644,0.7945767692609128,0.700650052313362,0.7006500529215138,0.6262362128714607,0.6241527347429666,0.5607417369354417,0.4623980017270927,0.46239800257299263,0.4623980035737472,0.45542697710907937,1.2424971998067704e-06,1.2450022616762478e-06,1.2481636787133709e-06,1.2522884678431813e-06,1.2594976582247203e-06,6.21436688345028e-07,6.630041332578288e-07,6.958272781399528e-07,7.446400000306151e-07
natural_gas_boiler,power,SK,6.502342368190421,6.768119756154625,6.768119756631572,6.768119757602973,6.475432824012038,6.486986673479176,6.539508111978519,6.539507872065183,6.539507873080869,6.539507875119046,6.53950787576058,5.987435262802328,5.987435263549251,5.287146734396258,5.18201952808726,5.182019528750896,5.1801149967686735,5.1372854827694825,4.949494444269916,4.592983352240735,4.390116261858223,1.6836557662245748,1.6836557667853365,1.6836557671811756,1.683655767004614,1.503391066090125,1.4918372183843067,0.6207134057020142,0.555298083071535,0.5552980882165482
natural_gas_boiler,power,UK,105.4374525369719,109.81245265492525,109.81245265549916,109.8124526533559,97.39013225416066,88.74066058383598,81.13962147750763,73.53858228716632,65.93754311989129,58.06771267308046,50.46667352689506,40.495737569577564,32.894698414641425,23.261794565177514,23.26179456537428,22.566741355999596,20.44367747113979,15.862334250786402,8.930454830626468,6.890175750023126,4.3750001253012805,4.3750001254852995,4.375000125819101,4.375000126179103,4.375000126559785,4.37500012693051,4.375000127699722,4.3750001290254925,4.375000131406822,4.375000136595801
natural_gas_pipeline,power,AT-CH,1.2583727207987538e-06,1.2631749457063476e-06,1.2653287404082953e-06,1.268087707582891e-06,1.2712671884390864e-06,1.274957294310257e-06,1.2793753384412213e-06,1.2847677073602556e-06,1.2917162438363932e-06,1.3007625431291493e-06,1.3132163846457757e-06,1.3291962250727348e-06,1.3542047961933852e-06,1.380869008264376e-06,1.419491093909108e-06,1.4716511155900534e-06,1.5317561331609074e-06,1.5888440046349866e-06,1.6422779255740164e-06,1.7052636791803599e-06,1.777528367739152e-06,1.8618065424148847e-06,1.956764631266537e-06,2.0625046557065595e-06,2.16950597674164e-06,2.2828071347161734e-06,2.418127929069666e-06,2.5683376640055712e-06,2.7396597434955714e-06,3.003022762483648e-06
natural_gas_pipeline,power,AT-CZ,1.1128172796128034e-06,1.1924592417941934e-06,1.2406069502975608e-06,1.2922590961232352e-06,1.3458420522556339e-06,1.4035133157596262e-06,1.467724827517061e-06,1.5373574957941725e-06,1.613494278404907e-06,1.7045798470956527e-06,1.8375724400203817e-06,2.0693473891671193e-06,1.487177565917973,2.2957484127848047,2.5549858487470822,2.5549858794543954,2.55498589181065,2.5549858994819536,2.55498590500257,2.5549859096034284,2.554985913529079,2.5549859180586663,2.5549859232645,2.554985929386035,2.5549859367711796,2.554985945888413,2.554985957606905,2.5549859736231073,2.554985998265214,2.5549860487355285
natural_gas_pipeline,power,AT-DE,13.958333330542278,13.958333331019137,13.958333331523102,13.958333332062345,13.958333332639134,13.958333333256336,13.958333333917148,13.958333334611721,13.958333335375471,13.958333336206753,13.958333337102472,13.958333338075875,13.958333339124124,13.958333340268105,13.958333341514965,13.958333342882971,13.958333344407688,13.958333346085178,13.958333347942494,13.958333350028328,13.958333352384559,13.95833335505778,13.958333358148808,13.95833336178177,13.958333366130182,13.95833337147984,13.958333378363369,13.958333387715761,13.95833340211142,13.958333431583533
natural_gas_pipeline,power,AT-HU,6.375000000587235,6.375000001098701,6.375000001663838,6.375000002316726,6.375000002938857,6.375000003606942,6.375000004323402,6.375000005091846,6.375000005923872,6.375000006824991,6.375000007794099,6.37500000883631,6.375000009970858,6.37500001121347,6.375000012562975,6.375000014037258,6.3750000156656315,6.375000017465413,6.375000019462549,6.375000021698293,6.3750000242351375,6.375000027139141,6.375000030454428,6.37500003434829,6.375000039009893,6.375000044742267,6.375000052096072,6.375000062134867,6.3750000775471785,6.375000109123028
natural_gas_pipeline,power,AT-IT,47.91666667038995,47.9166666708011,47.916666671238666,47.916666671707404,47.91666667220866,47.91666667274631,47.91666667332084,47.91666667393324,47.91666667437488,47.91666667509193,47.91666667561609,47.91666667645255,47.916666677363786,47.91666667835462,47.9166666792097,47.91666668037915,47.91666668168596,47.916666683131126,47.916666684319,47.91666668612062,47.91666668815772,47.91666669045944,47.916666693139774,47.91666669628879,47.916666700054236,47.91666670468698,47.91666671061933,47.916666718691275,47.91666673109498,47.916666755953266
natural_gas_pipeline,power,AT-SI,4.708333337066342,4.7083333382332695,4.708333339474703,4.7083333408354555,4.70833334225868,4.7083333437756885,4.708333345397449,4.708333346740544,4.708333348396129,4.708333350429679,4.708333352636535,4.708333355044003,4.708333357632918,4.708333360437057,4.70833336349644,4.708333366852344,4.708333370559328,4.708333374665526,4.708333379228394,4.70833338435497,4.708333390154504,4.708333396775558,4.708333404405937,4.708333413308264,4.70833342399976,4.7083334371966075,4.7083334541045785,4.70833347714134,4.708333512347429,4.708333584613897
natural_gas_pipeline,power,AT-SK,10.291666670494042,10.291666670978936,10.291666671496667,10.291666672063915,10.291666672661528,10.291666673294253,10.291666673973008,10.291666674700972,10.29166667548365,10.29166667633426,10.291666677265669,10.29166667825656,10.291666679331135,10.291666680507026,10.291666681790522,10.291666683189002,10.291666684729437,10.291666686440456,10.291666688344074,10.29166669047623,10.291666692892116,10.291666695649669,10.29166669882036,10.291666702538526,10.291666706993665,10.291666712472068,10.291666719481526,10.291666729061474,10.291666743779746,10.291666773885947
natural_gas_pipeline,power,BE-DE,13.458333330566907,13.458333331154751,13.458333331788632,13.458333332565001,13.458333333287728,13.458333334072355,13.458333334887003,13.458333335785179,13.45833333674289,13.458333337739688,13.458333338804245,13.458333339921932,13.458333341210698,13.458333342570048,13.458333344070551,13.458333345698996,13.45833334752017,13.458333349342636,13.458333351732826,13.4583333541815,13.458333356878724,13.458333359873851,13.458333363335635,13.458333367391388,13.458333372259915,13.45833337824675,13.458333385912786,13.458333396376931,13.458333412447109,13.458333445346577
natural_gas_pipeline,power,BE-FR,36.25000000043206,36.25000000088018,36.250000001364064,36.250000001876245,36.25000000242348,36.25000000301007,36.25000000363968,36.250000004315574,36.2500000048044,36.25000000558792,36.25000000643673,36.250000007341704,36.25000000833543,36.25000000942092,36.250000010608105,36.25000001190775,36.25000001333912,36.250000014921504,36.25000001668193,36.25000001865469,36.25000002087988,36.25000002325057,36.250000026154325,36.250000029592904,36.25000003372148,36.250000038804274,36.250000045308575,36.25000005417621,36.250000067647846,36.25000009467701
natural_gas_pipeline,power,BE-LU,2.0416666690009655,2.0416666708433717,2.0416666729312802,2.041666675082078,2.0416666774222034,2.0416666798396306,2.041666682387908,2.0416666850834586,2.0416666879595198,2.0416666910322623,2.0416666943291863,2.041666697894662,2.0416667017881975,2.0416667060420512,2.041666710605,2.04166671563014,2.0416667211605724,2.041666727236035,2.0416667339451773,2.0416667414243923,2.0416667497897967,2.041666759249401,2.0416667701708047,2.0416667828494677,2.041666797796356,2.041666816199593,2.041666839681099,2.0416668709199293,2.041666919119055,2.0416670197270586
natural_gas_pipeline,power,BE-NL,13.791666672309914,13.791666673562352,13.791666674911614,13.791666676433556,13.79166667796291,13.791666679620077,13.79166668140256,13.79166668324928,13.791666685242685,13.79166668737621,13.79166668965453,13.7916666921232,13.791666694807189,13.79166669771445,13.79166670089215,13.791666704434533,13.791666708259793,13.791666712497376,13.791666717216684,13.791666722493915,13.791666728454844,13.79166673525317,13.791666743108859,13.79166675231813,13.791666763338206,13.791666776909484,13.791666794303895,13.791666818033702,13.791666854242896,13.79166692794343
natural_gas_pipeline,power,BE-NO,1.5678280975663124e-07,1.72271259003588e-07,1.8368707443511328e-07,1.987640837439361e-07,2.1057323763174528e-07,2.2106248504329464e-07,2.3119416825912143e-07,2.4135437376358375e-07,2.516969842766778e-07,2.624951235589694e-07,2.738763084736659e-07,2.858092505240133e-07,2.9851131444518786e-07,3.1183253567409507e-07,3.2571049576307644e-07,3.404718469378914e-07,3.5641996138702627e-07,3.73787336098428e-07,3.914989057202891e-07,4.099652778296354e-07,4.3028479791846254e-07,4.5383303296644603e-07,4.7574847722201034e-07,4.975833886477562e-07,5.199308104915404e-07,5.434297492583066e-07,5.688233637918848e-07,5.973461876557708e-07,6.323183909411354e-07,6.865188293233305e-07
natural_gas_pipeline,power,BE-UK,33.458333330324116,33.45833333066447,33.458333331027326,33.458333331414664,33.4583333318243,33.45833333226499,33.458333332740715,33.45833333324653,33.45833333379506,33.45833333438799,33.45833333502846,33.458333335409996,33.458333336153736,33.458333336972885,33.458333337868474,33.458333338686316,33.45833333976458,33.458333340960536,33.458333342284035,33.45833334377279,33.45833334545768,33.45833334737825,33.45833334959508,33.458333352194686,33.4583333552994,33.45833335912185,33.45833336402366,33.45833337068069,33.458333380305554,33.458333401320665
natural_gas_pipeline,power,BG-EL,4.9166666744471605,4.916666674964115,4.916666675512263,4.916666676099604,4.9166666767280915,4.916666677401593,4.916666678124123,4.916666678901442,4.916666679739388,4.9166666806461095,4.916666681626549,4.916666682677182,4.916666683820198,4.916666685068097,4.916666686428644,4.916666687917275,4.916666689558669,4.916666691393416,4.916666693412039,4.916666695675084,4.9166666982272105,4.916666701147085,4.916666704508144,4.916666708457746,4.91666671318197,4.9166667189674484,4.916666726342932,4.91666673628289,4.916666751779483,4.916666783798643
natural_gas_pipeline,power,BG-RO,6.1666666705316375,6.166666671189083,6.166666671984489,6.166666673362362,6.166666674176536,6.166666675025856,6.16666667593205,6.166666676903153,6.166666678161362,6.166666679292199,6.166666680508762,6.166666681837184,6.166666683268998,6.166666684841909,6.166666686547308,6.166666688405524,6.166666690476344,6.166666692760239,6.16666669529346,6.166666698123805,6.166666701295312,6.166666704932577,6.166666709124833,6.166666713102615,6.166666719010071,6.166666726299733,6.166666735723399,6.166666748483593,6.166666767983128,6.1666668079953295
natural_gas_pipeline,power,CH-AT,5.005177284478261e-07,5.679892960835213e-07,6.948991180089853e-07,7.933486941409089e-07,8.492851587385118e-07,8.987808412399813e-07,9.464848829992186e-07,9.902327504103083e-07,1.0306465159350297e-06,1.0743502446390376e-06,1.1221111958784728e-06,1.1744503145501323e-06,1.2382334090816813e-06,1.3982040640877875e-06,1.4577799830628187e-06,1.5086095280564057e-06,1.560677397289078e-06,1.6196602335755803e-06,1.6838920638299688e-06,1.759723442400749e-06,1.8466856039451569e-06,1.924825901505173e-06,2.0045733616249562e-06,2.0865221244657614e-06,2.177694456229094e-06,2.2762526624007454e-06,2.376158494719744e-06,2.490571842665408e-06,2.6378107317740903e-06,2.8702900882104927e-06
natural_gas_pipeline,power,CH-DE,7.208333333766113,7.208333334195698,7.208333334651856,7.208333335140556,7.208333335662316,7.208333336226024,7.208333336832483,7.208333337477887,7.20833333817248,7.208333338925106,7.208333339736796,7.208333340609138,7.208333341569265,7.208333342610384,7.208333343758127,7.208333345017475,7.208333346396614,7.208333347922736,7.208333349640642,7.208333351556173,7.208333353736375,7.208333356161048,7.2083333589568,7.20833336222477,7.208333366120099,7.208333370894799,7.2083333770014475,7.208333385329061,7.208333398076919,7.208333424045975
natural_gas_pipeline,power,CH-FR,4.166666671855424,4.166666672321265,4.1666666728156105,4.166666673344844,4.166666673910963,4.166666674517702,4.166666675169512,4.166666675870603,4.166666676626464,4.166666677441178,4.1666666783201345,4.1666666792732405,4.166666680306158,4.166666681428844,4.166666682662135,4.166666684007186,4.166666685482017,4.166666687116138,4.166666688933119,4.166666690971618,4.1666666932741805,4.166666695914122,4.166666698922196,4.166666702310301,4.166666706569915,4.166666711837997,4.166666718562016,4.166666727696111,4.16666674166446,4.1666667703439435
natural_gas_pipeline,power,CH-IT,26.666666670378874,26.666666670772322,26.66666667119184,26.666666671640133,26.666666672119288,26.666666672634456,26.666666673184647,26.666666673773648,26.66666667441135,26.666666675099922,26.66666667584222,26.666666676644308,26.66666667751708,26.666666678465205,26.666666679501354,26.66666668063697,26.666666681889023,26.666666683255304,26.666666684788755,26.666666686488192,26.666666688447307,26.666666690693656,26.666666693263114,26.666666696272554,26.666666699739203,26.666666704152075,26.666666709833766,26.66666671720448,26.666666728424016,26.6666667528582
natural_gas_pipeline,power,CZ-AT,9.2536380223887e-07,1.0262027692261118e-06,1.1221238577174584e-06,1.3313760900509837e-06,1.4275786759924343e-06,1.5028214245944075e-06,1.5686542328849255e-06,1.6276547686149257e-06,1.6784116680618843e-06,1.7192759245379812e-06,1.7513192073276107e-06,1.778252885614427e-06,1.8038509461672686e-06,1.8368025491947587e-06,1.8772918715437878e-06,1.9279467809452626e-06,1.9917981819766165e-06,2.071702859526734e-06,2.175782057047277e-06,2.31379299083521e-06,2.550122012669575e-06,2.7333437067703685e-06,2.901772084264601e-06,3.0743574562712487e-06,3.2659391944463474e-06,3.5041529770755183e-06,3.7430877512484427e-06,3.979341330941478e-06,4.252075004709016e-06,4.662694525768554e-06
natural_gas_pipeline,power,CZ-DE,51.333333330544214,51.33333333110834,51.33333333170759,51.333333332348516,51.3333333330371,51.33333333377451,51.33333333456496,51.333333335165804,51.333333336074965,51.33333333705987,51.33333333812006,51.33333333889941,51.333333340150865,51.33333334151156,51.33333334298624,51.3333333446158,51.33333334641262,51.33333334839961,51.33333335060961,51.33333335308364,51.33333335587262,51.33333335905771,51.33333336273751,51.333333367025844,51.33333337214726,51.33333337850126,51.333333386663334,51.33333339782285,51.333333414958844,51.33333344975666
natural_gas_pipeline,power,CZ-PL,1.1666666690929153,1.1666666711082534,1.1666666730604136,1.1666666757949764,1.1666666780750912,1.1666666800169607,1.1666666823806935,1.1666667187635664,1.1666667212275241,1.1666667233173653,1.1666667255535126,1.1666667276327134,1.1666667297713675,1.1666667319461979,1.1666667341616883,1.166666736411538,1.1666667387374385,1.1666667410169282,1.166666742994655,1.1666667448368833,1.1666667468840966,1.1666667492945022,1.1666667520081242,1.1666667551199008,1.1666667588239965,1.1666667635700256,1.166666770119123,1.1666667795947898,1.166666795121565,1.166666829843072
natural_gas_pipeline,power,CZ-SK,51.916666670628004,51.916666671286414,51.916666671992495,51.91666667274431,51.91666667354762,51.916666674405654,51.91666667532212,51.9166666763133,51.916666677380285,51.91666667852543,51.916666679770145,51.91666668111686,51.91666668257778,51.91666668416677,51.91666668590506,51.9166666878043,51.91666668989952,51.916666692217646,51.91666669479489,51.91666669762977,51.91666670086819,51.91666670459724,51.916666708916004,51.916666713970194,51.91666672000914,51.91666672742358,51.91666673690664,51.916666749900564,51.916666769620996,51.91666680767423
natural_gas_pipeline,power,DE-AT,14.166666670456863,14.166666670930313,14.166666671439225,14.166666671988795,14.166666672565652,14.166666673183512,14.166666673834099,14.166666674545224,14.166666675313243,14.166666676149713,14.166666677044585,14.166666678010916,14.166666679063077,14.166666680204901,14.166666681448278,14.166666682816278,14.16666668432261,14.16666668597556,14.166666687831245,14.166666689921243,14.166666692282677,14.166666694963894,14.166666698063063,14.166666701700388,14.166666706048188,14.166666711376882,14.166666718228441,14.166666727599662,14.16666674199883,14.166666771508757
natural_gas_pipeline,power,DE-BE,16.500000000506855,16.500000001036753,16.50000000160171,16.50000000220748,16.50000000286247,16.500000003552458,16.500000004294993,16.500000005088996,16.500000005943182,16.500000006862233,16.50000000785897,16.500000008610474,16.500000009779793,16.50000001105887,16.500000012457438,16.50000001399138,16.500000015678577,16.500000017537474,16.50000001961128,16.500000021923483,16.50000002455149,16.500000027577027,16.50000003103862,16.500000035097052,16.50000003996016,16.50000004594037,16.50000005357873,16.500000064037554,16.500000080125123,16.500000113087165
natural_gas_pipeline,power,DE-CH,13.291666670410974,13.29166667083555,13.291666671292358,13.291666671782014,13.29166667229871,13.291666672850337,13.291666673443757,13.29166667402535,13.291666674708091,13.291666675446509,13.291666676254684,13.291666677120249,13.291666678063237,13.29166667909085,13.291666680202457,13.291666681425673,13.29166668277526,13.291666684256608,13.291666685916525,13.291666687788565,13.291666689904396,13.291666692305167,13.291666695078654,13.291666698336476,13.291666702230506,13.29166670699628,13.291666713130107,13.291666721521887,13.291666734413145,13.29166676083799
natural_gas_pipeline,power,DE-CZ,75.16666667045517,75.16666667101859,75.16666667162116,75.16666667226785,75.16666667288364,75.1666666736223,75.16666667441142,75.16666667526175,75.1666666761716,75.16666667674994,75.16666667781489,75.16666667820535,75.16666667945525,75.16666668081702,75.16666668230386,75.1666666832247,75.1666666850174,75.16666668700256,75.1666666892017,75.16666669119712,75.16666669399608,75.16666669718154,75.16666670084881,75.16666670517006,75.1666667103429,75.16666671670683,75.16666672486203,75.16666673598951,75.1666667530296,75.16666678793764
natural_gas_pipeline,power,DE-DK,5.6666666679828,5.666666668374833,5.666666668791678,5.666666669237756,5.666666669714954,5.666666670228711,5.666666670780687,5.666666671370173,5.66666667200401,5.66666667268929,5.666666673428964,5.666666674223242,5.666666675090099,5.6666666760365425,5.666666677067972,5.666666678202644,5.666666679454124,5.66666668083568,5.666666682371085,5.666666684096233,5.666666686046716,5.666666688268701,5.6666666908322085,5.6666666938285175,5.666666697411616,5.666666701835788,5.666666707493734,5.666666715162473,5.666666726935722,5.666666750691434
natural_gas_pipeline,power,DE-FR,25.583333330278165,25.583333330554524,25.583333330849303,25.583333331164123,25.583333331500334,25.583333331860874,25.583333332247566,25.583333332663525,25.58333333311015,25.583333333582495,25.583333334103116,25.583333334667316,25.5833333352768,25.583333335801516,25.58333333652987,25.583333337328245,25.58333333819608,25.58333333916902,25.58333334025301,25.583333341466492,25.583333342836404,25.583333344398344,25.583333346198284,25.583333348312106,25.583333350842334,25.583333353923457,25.583333357691313,25.58333336312731,25.583333371516776,25.583333388713267
natural_gas_pipeline,power,DE-LU,1.125000004857848,1.1250000055036833,1.12500000618392,1.1250000069137762,1.1250000076955498,1.1250000085338383,1.125000009434264,1.1250000104015303,1.1250000114420964,1.1250000125645374,1.1250000137727807,1.1250000150720616,1.1250000164897065,1.1250000180359203,1.1250000197306,1.1250000215972682,1.125000023653803,1.1250000259193187,1.125000028432152,1.125000031251334,1.1250000344412734,1.1250000380869538,1.1250000422892255,1.1250000472074946,1.1250000530783062,1.125000060290097,1.125000069560236,1.1250000823050246,1.1250001018517606,1.1250001416976998
natural_gas_pipeline,power,DE-NL,24.750000000757584,24.75000000136247,24.750000002006153,24.750000002694797,24.750000003431275,24.75000000422022,24.750000005066312,24.75000000596743,24.75000000694126,24.750000007961678,24.75000000911004,24.750000010349822,24.750000011694155,24.750000013148714,24.75000001417138,24.750000015916783,24.75000001783504,24.750000019949557,24.750000022305585,24.750000024965793,24.75000002796463,24.750000031401857,24.750000035343202,24.75000003997183,24.750000045502293,24.750000052313087,24.750000061066117,24.750000073033544,24.750000091396807,24.75000012901347
natural_gas_pipeline,power,DE-NO,1.7242828542907985e-07,1.8783087455888865e-07,1.982725890115283e-07,2.1234398020165456e-07,2.2415841742793845e-07,2.349558101305649e-07,2.4552507186525074e-07,2.562039769429828e-07,2.671367845800537e-07,2.78551099573391e-07,2.9059966287250393e-07,3.0337444435355687e-07,3.1686978835344396e-07,3.3089596798612345e-07,3.454624307608588e-07,3.6085377670024583e-07,3.7735554781229325e-07,3.950621085132974e-07,4.1324979332818886e-07,4.3252638982571604e-07,4.5392751592673777e-07,4.788277790882758e-07,5.022429393057603e-07,5.257891657168326e-07,5.498487230947499e-07,5.752713961420238e-07,6.031419423593252e-07,6.3442767432257e-07,6.724642791797167e-07,7.313918782947016e-07
natural_gas_pipeline,power,DE-PL,9.750000000534587,9.750000001118849,9.750000001809607,9.750000002234533,9.750000003250792,9.750000003903718,9.750000004810401,9.75000000562976,9.750000006517118,9.750000007661443,9.750000008643147,9.750000009646802,9.750000010732109,9.750000011718834,9.750000012785794,9.750000013936623,9.750000015686036,9.75000001646491,9.750000017873765,9.750000018278065,9.750000021174204,9.750000023113325,9.750000025387381,9.750000028039478,9.750000031207941,9.750000035141502,9.750000040053056,9.750000047176577,9.75000005820776,9.750000081169127
natural_gas_pipeline,power,DE-SE,2.0033434454032274e-07,2.1590409978141832e-07,2.263527392466677e-07,2.4213577467655173e-07,2.554652187994744e-07,2.6783812294612083e-07,2.7947770949016766e-07,2.918304067548611e-07,3.0456203883253937e-07,3.178304703650873e-07,3.3188536906370394e-07,3.4622062119403753e-07,3.6166965972124116e-07,3.780826158805079e-07,3.9565684670492737e-07,4.152036367314081e-07,4.3735240731098214e-07,4.5974554416585737e-07,4.810565128478195e-07,5.021022037674652e-07,5.261759399195833e-07,5.536886404343177e-07,5.802760089865952e-07,6.072911698742674e-07,6.354067553029282e-07,6.653490498507627e-07,6.981026368959251e-07,7.348427563729332e-07,7.796946549186994e-07,8.491841787344999e-07
natural_gas_pipeline,power,DE-UK,3.0271707430205176e-07,3.2356846185194035e-07,3.357527797200097e-07,3.5487064159393685e-07,3.7141596536040077e-07,3.869111551740957e-07,4.0222614204266484e-07,4.1745253931623914e-07,4.3252410117455815e-07,4.470898307890087e-07,4.639119689860188e-07,4.805295186649055e-07,4.993033287418071e-07,5.195803431464486e-07,5.411973329573564e-07,5.641800705223037e-07,5.888774070687149e-07,6.156587252511065e-07,6.430874327884476e-07,6.726043295123679e-07,7.051643768924324e-07,7.430709251355016e-07,7.803641113538624e-07,8.18270633552214e-07,8.571421051400577e-07,8.983403740927292e-07,9.43766254251165e-07,9.9473461395167e-07,1.0565782540697225e-06,1.1530017916514656e-06
natural_gas_pipeline,power,DK-DE,0.16666666831453353,0.16666666983232614,0.16666669764346043,0.16666670150759239,0.16666670276156018,0.16666670398062675,0.16666670519799348,0.16666670641247308,0.16666670768228403,0.16666670897934938,0.1666667103153527,0.16666671164768262,0.16666671314557455,0.16666671478796438,0.16666671658231633,0.16666671846115083,0.166666720477979,0.16666672277157069,0.16666672547680855,0.1666667288667299,0.16666673365521995,0.16666674477294535,0.16666676189849916,0.16666679680831648,0.16666685820471333,0.16666701523956723,0.23366165306866707,0.23366586945917037,0.29347468422720663,0.3729467461851048
natural_gas_pipeline,power,DK-NL,5.477352462359831e-07,6.180714863576661e-07,9.620133855512783e-07,1.455876470326944e-06,1.5858800394368863e-06,1.6506024035184662e-06,1.685646158946956e-06,1.7043854099636688e-06,1.7172421479505727e-06,1.7278908877230319e-06,1.7368626336093025e-06,1.7442954435503957e-06,1.7511812918739593e-06,1.7588546781810303e-06,1.767553885307052e-06,1.776824190415342e-06,1.7866686523834325e-06,1.7983918988126922e-06,1.8155074353676614e-06,1.844683154635149e-06,1.920112587149727e-06,2.204515626522765e-06,2.4291939683955056e-06,2.6577877203623392e-06,2.8252335337350442e-06,2.990316767063239e-06,3.1524783158615537e-06,3.294473663433156e-06,3.4619170389604257e-06,3.7121459178134257e-06
natural_gas_pipeline,power,DK-NO,2.364495727155577e-07,2.604087363564902e-07,2.806746424126788e-07,3.0619094722025436e-07,3.249193737454521e-07,3.411151815653418e-07,3.566182509467053e-07,3.720288038574497e-07,3.87678270699929e-07,4.0376964936209056e-07,4.205385822581378e-07,4.3797851501648e-07,4.5649953289740826e-07,4.759244731495861e-07,4.961409051086964e-07,5.172687564511311e-07,5.396125080648784e-07,5.638919105337582e-07,5.905486469143296e-07,6.209310861443111e-07,6.596342055135455e-07,7.134188511518033e-07,7.567353250059679e-07,7.984146375263462e-07,8.387659358404569e-07,8.813753779756181e-07,9.297973949261542e-07,9.81492037245353e-07,1.0414774335706034e-06,1.1332157049439248e-06
natural_gas_pipeline,power,DK-SE,16.50000000024083,16.500000000490278,16.500000000755147,16.500000001038487,16.500000001341746,16.500000001666713,16.50000000201395,16.500000002388198,16.500000002790895,16.500000003223576,16.500000003693152,16.500000004201944,16.50000000475323,16.500000005353936,16.500000006008275,16.50000000672696,16.500000007515794,16.50000000838869,16.50000000931847,16.500000010407227,16.50000001164085,16.500000013062177,16.500000014684947,16.50000001658209,16.500000018848624,16.5000000216503,16.500000025204418,16.500000029825998,16.50000003734434,16.50000005282373
natural_gas_pipeline,power,DK-UK,3.526248752654875e-07,3.911518669839701e-07,4.345822404325428e-07,4.835937410927116e-07,5.094467290847291e-07,5.297839006696491e-07,5.481356384418475e-07,5.644693113802462e-07,5.791082222858935e-07,5.916321584997515e-07,6.063996332188243e-07,6.229822802291436e-07,6.424668483310178e-07,6.639488551019859e-07,6.865927036720489e-07,7.091010164382455e-07,7.313511102448926e-07,7.538010800371319e-07,7.813603924222393e-07,8.16240162012175e-07,8.628554499415971e-07,9.280839971599113e-07,9.848713555023194e-07,1.0409375370295915e-06,1.0952498414940404e-06,1.1529974974154306e-06,1.2198982200767463e-06,1.2905302698958358e-06,1.3713315815684284e-06,1.4947859809922136e-06
natural_gas_pipeline,power,EE-FI,2.9310000019036884,2.931000002208017,2.931000002534995,2.9310000028828607,2.931000003255261,2.931000003654516,2.931000004083582,2.9310000045445386,2.9310000050394853,2.931000005572843,2.9310000061511445,2.931000006775764,2.931000007452068,2.9310000081888505,2.9310000089947614,2.9310000098762248,2.9310000108460597,2.9310000119247848,2.9310000131208476,2.931000014455657,2.931000015965302,2.9310000176872073,2.931000019676319,2.931000022006904,2.931000024796058,2.9310000282307525,2.931000032627822,2.9310000386085413,2.9310000477528906,2.9310000665522833
natural_gas_pipeline,power,EE-LV,7.437500009305926,7.437500010316962,7.437500011385932,7.437500013805427,7.4375000150258215,7.437500016333069,7.437500017735548,7.437500019237609,7.437500020857999,7.437500022606744,7.437500024487436,7.437500026523418,7.437500028744595,7.437500031158508,7.437500033792146,7.437500036666609,7.437500039837775,7.437500043330076,7.437500046305881,7.437500050696036,7.4375000557053905,7.437500061429312,7.4375000679527075,7.437500075582998,7.437500084717548,7.437500095976224,7.437500110400044,7.437500130097633,7.437500160418768,7.43750022251183
natural_gas_pipeline,power,EL-BG,6.054000000528094,6.054000001045268,6.05400000306728,6.054000004102312,6.054000004736713,6.054000005417084,6.054000006149413,6.054000006928323,6.054000007755984,6.054000009481376,6.05400001045626,6.0540000115194115,6.0540000126646,6.054000013921042,6.054000015271215,6.054000016755991,6.054000018414363,6.054000020256351,6.0540000222721515,6.054000024528389,6.054000027072336,6.054000029954709,6.054000033297394,6.054000037221734,6.0540000419117925,6.054000047651569,6.054000055047684,6.054000065087293,6.054000077686196,6.054000109689073
natural_gas_pipeline,power,EL-IT,20.2958000002187,20.295800000444736,20.29580000068614,20.29580000094279,20.295800001221835,20.295800001512074,20.29580000182808,20.29580000216791,20.295800002533596,20.295800002925972,20.295800003347974,20.295800003810108,20.295800004311165,20.295800004854815,20.29580000544734,20.29580000610141,20.295800006820627,20.29580000761641,20.295800008501903,20.295800009493313,20.29580001061239,20.29580001188932,20.295800013362854,20.29580001485826,20.295800016742657,20.295800019285938,20.295800022556,20.29580002702568,20.29580003389152,20.29580004765761
natural_gas_pipeline,power,ES-FR,9.333333333265392,9.333333333522964,9.333333333864248,9.333333334169655,9.333333334488803,9.333333334819308,9.333333335179478,9.333333335569765,9.333333335982909,9.333333336444097,9.333333336928408,9.33333333745638,9.333333338027051,9.33333333865047,9.333333339333088,9.333333340083204,9.333333340901737,9.333333341820163,9.333333342840664,9.333333343970429,9.33333334526128,9.333333346728482,9.333333348423361,9.333333350417323,9.333333352803711,9.333333355739871,9.33333335950444,9.333333364646421,9.333333372551568,9.333333388754959
natural_gas_pipeline,power,ES-PT,6.0000000018508794,6.000000002435263,6.000000003058675,6.000000003787992,6.000000004514237,6.000000005274601,6.000000006092992,6.000000006978563,6.000000007923192,6.000000008937256,6.000000010049082,6.000000011235657,6.0000000125206165,6.0000000137175515,6.000000015267284,6.0000000169583325,6.000000018792573,6.000000020839841,6.000000023107943,6.000000025650464,6.000000028518109,6.000000031785651,6.000000035563356,6.0000000399995965,6.000000045308517,6.000000051821552,6.00000006014059,6.000000071488294,6.000000088927647,6.000000124877342
natural_gas_pipeline,power,FI-EE,2.9310000008406245,2.9310000017473783,2.9310000028595313,2.9310000041167523,2.931000006077236,2.931000007371076,2.9310000086569663,2.9310000099987272,2.9310000112850667,2.931000012539427,2.9310000137285455,2.931000014945847,2.931000016185079,2.9310000174108195,2.931000018606278,2.9310000198066555,2.931000021025999,2.9310000222771992,2.931000023587236,2.9310000249768597,2.9310000264398854,2.931000028005701,2.9310000298952135,2.9310000321792398,2.9310000349399608,2.9310000383495294,2.931000042723012,2.9310000486853913,2.931000057777615,2.931000076341231
natural_gas_pipeline,power,FI-NO,5.96585481109884e-07,6.386512565816646e-07,6.626437048938713e-07,7.037220614199902e-07,7.444828583984933e-07,7.825163743396545e-07,8.226826522721658e-07,8.685724294438078e-07,9.11771560959697e-07,9.550165710564023e-07,9.99971435671897e-07,1.045046113186728e-06,1.0927691866152853e-06,1.1429048215162388e-06,1.1952015661668174e-06,1.250612506509326e-06,1.3076866513496552e-06,1.370959032447843e-06,1.4386112122441677e-06,1.5101399643501277e-06,1.5870672212032996e-06,1.6661843756126619e-06,1.7499671737043257e-06,1.8412768348530167e-06,1.942750343970862e-06,2.062360999375715e-06,2.229753715937745e-06,2.3823877396125183e-06,2.547839392058369e-06,2.800753976387055e-06
natural_gas_pipeline,power,FI-SE,6.570720064580531e-07,6.777622953931639e-07,6.91159932986198e-07,7.213693731336846e-07,7.605879255204666e-07,8.032773977889179e-07,8.382823062301543e-07,9.131326577849139e-07,9.71816776676244e-07,1.023486716088709e-06,1.0768788561448862e-06,1.1178322674956205e-06,1.1669442902325816e-06,1.2229925388385199e-06,1.287645132609366e-06,1.3823259563681269e-06,1.4821674680005615e-06,1.5374828263971662e-06,1.5857094286088465e-06,1.6246230283400371e-06,1.6737808702415262e-06,1.7075441974697487e-06,1.7512206539270555e-06,1.8084127405793747e-06,1.8861162862238732e-06,1.993517677241513e-06,2.1680545065815783e-06,2.3118693123534214e-06,2.466327389100258e-06,2.6975349004907505e-06
natural_gas_pipeline,power,FR-BE,11.250000000487933,11.250000000941236,11.250000001422304,11.250000001936101,11.250000002498373,11.250000003092355,11.250000003727353,11.250000004405932,11.250000005135373,11.250000005922733,11.250000006769236,11.250000007692192,11.250000008704092,11.250000009805719,11.25000001099443,11.250000012299617,11.250000013742826,11.250000015335145,11.250000017100158,11.250000019064933,11.250000021298998,11.250000023852248,11.25000002680057,11.250000030257368,11.250000034402083,11.250000039504267,11.250000046032786,11.250000054948956,11.250000068655897,11.250000096697756
natural_gas_pipeline,power,FR-CH,9.291666667474585,9.29166666795693,9.291666668532665,9.291666671099746,9.291666671967246,9.291666672622645,9.291666679376874,9.291666680717423,9.291666681653982,9.291666682464383,9.291666683343013,9.291666684290265,9.291666685320093,9.291666686441188,9.291666687666222,9.29166668900994,9.29166669049036,9.291666692133786,9.29166669396166,9.291666696004803,9.291666698299604,9.2916667009105,9.291666703932012,9.291666707482165,9.291666711742081,9.291666716996039,9.29166672371921,9.291666732882666,9.291666746968268,9.291666775869976
natural_gas_pipeline,power,FR-DE,1.2916000010691826,1.2916000013494773,1.2916000016491171,1.2916000019756437,1.2916000023173453,1.291600002681668,1.2916000030706385,1.2916000034884514,1.291600003757077,1.2916000042397635,1.2916000047648086,1.2916000053686894,1.2916000059902797,1.2916000066608,1.2916000073934013,1.2916000081992542,1.2916000090895041,1.2916000100604315,1.2916000111925012,1.2916000124228448,1.2916000138016293,1.2916000153691563,1.2916000171817776,1.2916000193091917,1.2916000218526802,1.291600024962404,1.2916000289598195,1.2916000344456713,1.291600042883134,1.2916000601309099
natural_gas_pipeline,power,FR-ES,6.875000000247053,6.875000000502923,6.875000000775866,6.8750000010695675,6.875000001381748,6.87500000171543,6.875000002072733,6.875000002456696,6.875000002869203,6.875000003296962,6.875000003779054,6.875000004302383,6.875000004869796,6.875000005488202,6.875000006163312,6.875000006900412,6.875000007713441,6.875000008612803,6.875000009612255,6.8750000107358655,6.875000012008114,6.8750000134582825,6.8750000151291335,6.875000017090922,6.875000019439385,6.875000022323763,6.875000026015171,6.875000031068904,6.87500003883897,6.875000054753568
natural_gas_pipeline,power,FR-IT,2.73546028770913e-07,3.0395604179769546e-07,3.3431831421770125e-07,3.8624849654580776e-07,4.1353623347632885e-07,4.3633791893420383e-07,4.5717442379970897e-07,4.759148233392052e-07,4.929569752779074e-07,5.092498832262521e-07,5.242587494293222e-07,5.376221506385892e-07,5.492333193334821e-07,5.626779673686177e-07,5.798091236272462e-07,6.01108544975472e-07,6.274359215572227e-07,6.605102673916699e-07,7.087870922884035e-07,7.403297003048654e-07,7.646799813383912e-07,7.890224385717414e-07,8.176698103566857e-07,8.502372367534652e-07,8.864565385139847e-07,9.263291805854037e-07,9.704941823857826e-07,1.0209829402019953e-06,1.0835475011411573e-06,1.1818124728833982e-06
natural_gas_pipeline,power,FR-LU,5.193247526195804e-07,5.759160605029511e-07,6.333550319960369e-07,7.417441587755803e-07,7.939097655323498e-07,8.395261660229222e-07,8.84683502510868e-07,9.237346974005067e-07,9.589362247302815e-07,9.9647105169965e-07,1.0376442589063744e-06,1.0772533166487573e-06,1.1132410668165955e-06,1.1572063140813617e-06,1.210945207735225e-06,1.271506854181212e-06,1.3444730190001017e-06,1.4461402123464665e-06,1.9343077598598152e-06,1.9700276642055035e-06,1.989998588199938e-06,2.006443785326055e-06,2.027935571889618e-06,2.0559163409387485e-06,2.0917680084269847e-06,2.1400797279882824e-06,2.204675077811012e-06,2.291848102392765e-06,2.4137157386651894e-06,2.6216952132385445e-06
natural_gas_pipeline,power,FR-NO,1.2383318269894456e-07,1.3657753086595972e-07,1.4622198872770814e-07,1.5928793798908553e-07,1.6911864289055646e-07,1.7783953906881897e-07,1.862540887466345e-07,1.9459577761848479e-07,2.0298466757906192e-07,2.1176209086709685e-07,2.2107337657739284e-07,2.3072255444229391e-07,2.406993101549896e-07,2.5135929444551543e-07,2.626905060346679e-07,2.7486067016945334e-07,2.88300663607022e-07,3.0372312801948174e-07,3.214787169290918e-07,3.370754556678045e-07,3.5199450267310245e-07,3.6721462182004473e-07,3.8291882350016206e-07,3.993032324192789e-07,4.165439418895532e-07,4.3490730822996955e-07,4.5486814745118443e-07,4.77456268411447e-07,5.052587375417893e-07,5.483441748068665e-07
natural_gas_pipeline,power,FR-UK,2.8671229886336107e-07,3.1501682637404816e-07,3.3704871492613043e-07,3.729467767431067e-07,3.951765124177773e-07,4.144302393140123e-07,4.3257284419171205e-07,4.493511055637748e-07,4.6493006166476186e-07,4.797820895517926e-07,4.967484131574303e-07,5.151285915696899e-07,5.345051303780354e-07,5.562232802764315e-07,5.802184194978495e-07,6.062189713998434e-07,6.349234324525411e-07,6.676965914580411e-07,7.12949135122797e-07,7.476795535281519e-07,7.776188433828406e-07,8.075034279514826e-07,8.406309831343898e-07,8.767508418716098e-07,9.15834988574421e-07,9.581053859968976e-07,1.0044850924766869e-06,1.0572935279345754e-06,1.1225840098632439e-06,1.2249421070481073e-06
natural_gas_pipeline,power,HR-HU,2.166666667917636,2.166666668565733,2.1666666692664824,2.1666666700051707,2.166666670793735,2.1666666716489327,2.16666667256531,2.1666666735388236,2.166666674584327,2.166666675713877,2.166666676938556,2.16666667825831,2.1666666796894836,2.1666666812661832,2.1666666829900616,2.166666684871869,2.1666666869442777,2.1666666892097997,2.166666691744484,2.1666666946131006,2.166666697839015,2.166666701538557,2.166666705763992,2.1666667106857576,2.1666667166155964,2.1666667239158794,2.166666733298839,2.1666667461246947,2.166666765759618,2.1666668056975564
natural_gas_pipeline,power,HR-SI,0.3333333390960348,0.3333333403653772,0.33333334169553563,0.33333334316753793,0.3333333447917874,0.33333334706186996,0.3333333488501584,0.3333333509018735,0.3333333529154779,0.333333355004413,0.33333335718142965,0.3333333594207886,0.3333333618026945,0.3333333644659777,0.33333336744059466,0.33333337074720304,0.33333337441298494,0.33333337851512496,0.3333333831130418,0.33333338831548043,0.33333339440930454,0.3333334015109931,0.3333334099508631,0.333333419363623,0.3333334304699448,0.3333334442068524,0.33333346156133875,0.3333334847385266,0.3333335200077645,0.33333359062505247
natural_gas_pipeline,power,HU-AT,8.513214727118317e-07,8.827027110808475e-07,8.968830323284866e-07,9.13535361177105e-07,9.412901680354409e-07,9.92542303799924e-07,1.0713038029138978e-06,1.2567799390230003e-06,1.3667089114696806e-06,1.3937196257167803e-06,1.40901297646703e-06,1.4200360615119766e-06,1.4300200961663055e-06,1.4431638298589289e-06,1.4614082535036378e-06,1.4898050988986289e-06,1.5281205270068985e-06,1.5858907709012605e-06,1.7447062310857543e-06,2.145560042650781e-06,2.296342200879661e-06,2.3352137312399467e-06,2.392505901832265e-06,2.4842299347071012e-06,2.6289601969085265e-06,2.9756709809872257e-06,3.324733976233731e-06,3.558304335858074e-06,3.7961739647312225e-06,4.125444424343866e-06
natural_gas_pipeline,power,HU-HR,3.2500000065225927,3.250000007170934,3.250000007855099,3.2500000085899097,3.2500000093762518,3.2500000102187503,3.2500000111221414,3.2500000120917796,3.2500000131329165,3.250000014255622,3.2500000154698228,3.2500000157876445,3.2500000164547727,3.2500000180086994,3.250000019709865,3.250000021612567,3.2500000236746445,3.2500000259486908,3.250000028484204,3.250000031324617,3.2500000345238087,3.250000038187665,3.2500000424293414,3.25000004739309,3.2500000533326765,3.250000060615601,3.250000069921098,3.2500000827094704,3.25000010237712,3.2500001425578695
natural_gas_pipeline,power,HU-RO,3.2083333352608783,3.2083333357319987,3.2083333362314557,3.2083333367832645,3.20833333735862,3.208333337969648,3.208333338624745,3.2083333393276954,3.208333340083519,3.2083333408978785,3.2083333417820166,3.2083333427375216,3.208333343769135,3.2083333448895526,3.208333346116596,3.2083333474617817,3.2083333489432126,3.2083333505868574,3.20833335241187,3.2083333544593615,3.208333356772014,3.2083333594035683,3.2083333624271337,3.2083333659593887,3.208333370232818,3.208333375515219,3.2083333822603963,3.2083333914316725,3.208333405498045,3.2083334343080017
natural_gas_pipeline,power,HU-SI,1.1241146948387713e-06,1.1377508596276242e-06,1.1439612808571786e-06,1.1525730944015588e-06,1.1644749391606782e-06,1.182084228892161e-06,1.2111230913783433e-06,1.2831029336867565e-06,1.3983864502508198e-06,1.450188015254667e-06,1.4812339893879625e-06,1.5063533828209333e-06,1.5288556571327924e-06,1.5639767037432266e-06,1.6129981194919998e-06,1.6895502040601678e-06,1.7576038871117801e-06,1.80884993625377e-06,1.9164308021266756e-06,2.0915447025573663e-06,2.1829479813707474e-06,2.2469273123572798e-06,2.3319456803276626e-06,2.44433226770366e-06,2.587325069881273e-06,2.7890186677668587e-06,3.0442629287554407e-06,3.2675119885615785e-06,3.4970203742173666e-06,3.8385347520431585e-06
natural_gas_pipeline,power,HU-SK,1.6274800030251616e-06,1.8465543169638923e-06,1.9547352082206737,1.9547352236335858,1.954735261312168,1.992907266174134,1.9966211823505646,2.1197272336436943,2.1444905080144894,2.247077336911537,2.972798274901188,3.205812161569895,3.5045634363252365,4.601130025787889,4.775750680787584,5.762070940416633,6.114848240760084,6.824291162918173,7.18134382846368,7.181343852553743,7.181343861046196,7.181343868419784,7.181343876940907,7.181343886939266,7.1813438989008525,7.181343913634864,7.181343932522656,7.181343958318691,7.181343997984526,7.1813440792247105
natural_gas_pipeline,power,IE-UK,1.2814892773559192e-05,1.3008925050854701e-05,1.3110418227148363e-05,1.3116138079518188e-05,1.3119444682526749e-05,1.3122261399006047e-05,1.3124806646506955e-05,1.3127039823065093e-05,1.3129031074852158e-05,1.3130877870076394e-05,1.3132788633970857e-05,1.3134738624233575e-05,1.3136746125632076e-05,1.3138851680078301e-05,1.3141077271470853e-05,1.3143415231499993e-05,1.314585335388164e-05,1.3148398705183932e-05,1.3151199900165497e-05,1.3154308256312494e-05,1.3157776706982648e-05,1.316167518211051e-05,1.3166223825758374e-05,1.3171620779083359e-05,1.317814230610826e-05,1.3186222653372235e-05,1.31965820903516e-05,1.321060436085806e-05,1.3231496723428076e-05,1.3273219937605361e-05
natural_gas_pipeline,power,IT-AT,8.083333333447628,8.083333333921265,8.083333334443665,8.083333334998319,8.083333335598553,8.083333336219395,8.08333333695072,8.08333333772063,8.083333338559457,8.083333339485705,8.083333340510585,8.08333334164326,8.083333342915436,8.08333334433855,8.083333345804233,8.083333347334923,8.083333348965445,8.083333350670568,8.08333335275861,8.083333354588673,8.083333356677066,8.083333358740587,8.083333361183414,8.083333364246645,8.083333367988265,8.083333372619455,8.083333378484726,8.083333386312818,8.083333398101571,8.083333421957791
natural_gas_pipeline,power,IT-CH,18.50000000040433,18.500000000820886,18.50000000126369,18.50000000174281,18.50000000224956,18.50000000280007,18.50000000338782,18.500000004031154,18.500000004723415,18.500000005454538,18.500000006310348,18.500000007194124,18.500000008176414,18.500000009221623,18.50000001036559,18.500000011586113,18.500000012934187,18.500000014383904,18.500000015971114,18.500000017767434,18.50000001975585,18.500000022002943,18.500000024549006,18.50000002759364,18.500000031241115,18.50000003565727,18.50000004135393,18.500000049161965,18.500000061020167,18.5000000854135
natural_gas_pipeline,power,IT-EL,2.6662634645564785e-07,2.9270077859931243e-07,3.139622221154127e-07,3.4157974871892753e-07,3.6198538301259486e-07,3.7968652193479743e-07,3.9670333123467435e-07,4.137691667510478e-07,4.313167506051104e-07,4.4974119297907886e-07,4.6926778782853003e-07,4.890047125603852e-07,5.104408658735889e-07,5.331884061330298e-07,5.571381414481685e-07,5.832603724281701e-07,6.135481055916075e-07,6.509960167088449e-07,6.86561372324985e-07,7.248368472662757e-07,7.75166481954233e-07,8.37221242578544e-07,8.832225055837095e-07,9.261292515141571e-07,9.6878713537554e-07,1.012456422672011e-06,1.0575306674808405e-06,1.1089909723211713e-06,1.1724545868513632e-06,1.2718764051683176e-06
natural_gas_pipeline,power,IT-FR,3.77914986126118e-07,3.9820323697904265e-07,4.082489538568185e-07,4.1867090201373074e-07,4.311085286480168e-07,4.449521018941429e-07,4.6064178646557637e-07,4.788911721781858e-07,5.005062273803777e-07,5.246974836721114e-07,5.529217476172259e-07,5.919171346556438e-07,7.087506352426311e-07,8.469881258678169e-07,8.893878717942447e-07,9.150281047645556e-07,9.320338415641366e-07,9.445347118510831e-07,9.542188342653157e-07,9.701105299642284e-07,1.0048443647320252e-06,1.134293549284767e-06,1.2091097155675898e-06,1.2768949323316645e-06,1.3431721716827652e-06,1.411482399790031e-06,1.4847289049129497e-06,1.5661366955073672e-06,1.662928125487323e-06,1.806916052279897e-06
natural_gas_pipeline,power,IT-SI,1.2083333336925002,1.2083333344256209,1.2083333381160923,1.208333338996028,1.208333339956151,1.2083333410108403,1.2083333421718803,1.2083333434526529,1.2083333449081584,1.2083333465613366,1.208333348464012,1.2083333506556386,1.2083333532576936,1.2083334114947584,1.208333414116761,1.2083334164798603,1.2083334182573802,1.208333419933458,1.2083334216670487,1.2083334234731138,1.2083334253693865,1.2083334276621116,1.2083334304303062,1.208333433786553,1.208333437869626,1.20833344300094,1.2083334496137894,1.2083334585856969,1.2083334720443342,1.2083334996456545
natural_gas_pipeline,power,LT-LV,2.8333333344066984,2.8333333358009263,2.8333333374571974,2.833333339728679,2.83333334152354,2.8333333434123493,2.833333345144537,2.833333347004226,2.833333349010684,2.833333351177482,2.8333333535280456,2.833333356086467,2.8333333589469634,2.8333333683839426,2.8333333717274707,2.8333333753308807,2.833333379304995,2.833333383696139,2.833333388572779,2.833333394000132,2.8333334000856567,2.8333334070578666,2.8333334151295837,2.8333334246125363,2.8333334359705424,2.833333449933551,2.833333467800253,2.833333492224683,2.833333529991385,2.8333336073695072
natural_gas_pipeline,power,LT-PL,2.4195500159398877,2.419550016712037,2.419550017425933,2.4195500182069867,2.419550019003468,2.419550019789791,2.419550020666397,2.4195500215327708,2.4195500223666704,2.4195500231713054,2.419550023870846,2.4195500246246135,2.419550025449298,2.4195500263653837,2.4195500273976003,2.4195500285258205,2.419550029801322,2.4195500313533924,2.4195500328618302,2.4195500344288607,2.419550036000444,2.4195500379737553,2.419550040463624,2.4195500435690587,2.41955004742297,2.419550052214306,2.419550058326094,2.419550066774984,2.419550079955428,2.4195501068451146
natural_gas_pipeline,power,LT-SE,3.2134841526331604e-07,3.323045510172308e-07,3.380169107791714e-07,3.473468089175704e-07,3.586664727819457e-07,3.7207758368032765e-07,3.8615019300592977e-07,4.0223401537155156e-07,4.1898224720845863e-07,4.3656971191282936e-07,4.554632457555877e-07,4.744052834432273e-07,4.939901412870388e-07,5.15490449779671e-07,5.398728042665364e-07,5.679694791458009e-07,5.991927201881645e-07,6.302020492963565e-07,6.621485714808224e-07,6.952829276415986e-07,7.347629515847296e-07,7.760818258204739e-07,8.195587226208393e-07,8.666270350445068e-07,9.157205062416756e-07,9.710804710508138e-07,1.0444903319433892e-06,1.1106017688635307e-06,1.1815912699064636e-06,1.2911209388752143e-06
natural_gas_pipeline,power,LU-BE,1.7720941856246113e-06,1.931466136422083e-06,2.037088128973058e-06,2.197912119116744e-06,2.3357251173826047e-06,2.466743261838034e-06,2.5969258803116767e-06,2.7320980565366536e-06,2.8741568631432687e-06,3.024663925062254e-06,3.1892655128006943e-06,3.3509753484639823e-06,3.5257457022607573e-06,3.7108688328362506e-06,3.906222260149231e-06,4.113383438159848e-06,4.335279865426134e-06,4.576330468912448e-06,4.811606044795745e-06,5.055725887245362e-06,5.30706878113465e-06,5.58563352386657e-06,5.897967310967977e-06,6.268084564697355e-06,6.7878360365314305e-06,7.245722549135899e-06,7.692190883420666e-06,8.160311056502599e-06,8.706536591517058e-06,9.53934429299606e-06
natural_gas_pipeline,power,LU-DE,6.81309472079712e-07,7.683170664231901e-07,9.228155880445422e-07,1.1897052347927084e-06,1.2967626974657103e-06,1.3982346020201134e-06,1.4980832305084684e-06,1.5667347784462565e-06,1.614676482206399e-06,1.6710387139548307e-06,1.733231759776163e-06,1.7954095797991336e-06,1.8553693566491424e-06,1.9411118413216447e-06,2.0487021309705167e-06,2.1787128298722837e-06,2.3339080530816697e-06,2.581724164522136e-06,2.776027990020655e-06,2.915190181951782e-06,3.0245535843656044e-06,3.096057741100456e-06,3.18725347615957e-06,3.3062427192297093e-06,3.5642461688851557e-06,3.7402068764799697e-06,3.861708355402915e-06,3.996661864162909e-06,4.183481290936256e-06,4.484313227143591e-06
natural_gas_pipeline,power,LU-FR,7.784986455824817e-07,8.196472881749816e-07,8.400046354035914e-07,8.617261280634639e-07,8.889608899965768e-07,9.186497974436223e-07,9.512204095937621e-07,9.905434763204142e-07,1.039401438905798e-06,1.090019150730258e-06,1.139407625029409e-06,1.1921682245449697e-06,1.2829160331331727e-06,1.348616119637433e-06,1.3979070857202196e-06,1.441042164109585e-06,1.4766998266451128e-06,1.5055693940514392e-06,1.5270498048810618e-06,1.5602671335510367e-06,1.6190382047922587e-06,1.7749313298312525e-06,1.8949802083626242e-06,2.0188205564138947e-06,2.1687099343095032e-06,2.3039401583302017e-06,2.440117230778345e-06,2.582279780599192e-06,2.7480812149979546e-06,2.997545470564194e-06
natural_gas_pipeline,power,LV-EE,3.0450000014044685,3.0450000024047124,3.045000003470546,3.045000004616396,3.045000005920926,3.045000007231405,3.045000008631987,3.045000010136857,3.0450000117603726,3.045000013507843,3.0450000153909937,3.0450000174390763,3.0450000196769813,3.045000022109803,3.0450000247694433,3.0450000276667692,3.045000030846478,3.0450000344261534,3.0450000383854667,3.0450000428281285,3.0450000477941686,3.045000053476785,3.0450000600350204,3.0450000677624955,3.0450000770112218,3.0450000883420754,3.045000102825678,3.045000122611082,3.045000153006286,3.0450002151596918
natural_gas_pipeline,power,LV-LT,2.7083333346674934,2.7083333359122537,2.708333337314542,2.7083333387799398,2.7083333403179526,2.7083333419466507,2.708333343684865,2.7083333455514262,2.7083333475619447,2.7083333497392124,2.708333352089273,2.7083333546397186,2.7083333574113624,2.7083333604234516,2.7083333637090554,2.7083333673125876,2.7083333712857427,2.708333375690794,2.708333380582455,2.7083333860606262,2.708333392241963,2.7083333992716105,2.7083334073999787,2.7083334169239226,2.7083334282876033,2.708333442234092,2.7083334601549534,2.708333484775604,2.7083335226441565,2.7083335999591
natural_gas_pipeline,power,NL-BE,58.20833333118402,58.20833333238898,58.20833333367049,58.208333335047854,58.20833333651157,58.20833333807905,58.20833333966123,58.208333341499255,58.20833334354206,58.20833334564036,58.20833334790485,58.208333349928964,58.20833335091789,58.20833335382737,58.20833335652025,58.20833335855634,58.208333362355475,58.20833336727352,58.20833337199696,58.20833337727788,58.2083333814018,58.208333388197836,58.20833339604731,58.20833340521715,58.20833341623421,58.20833342982335,58.20833344723399,58.208333470986226,58.20833350750805,58.20833358230463
natural_gas_pipeline,power,NL-DE,53.04166667057287,53.04166667117752,53.041666671831635,53.04166667251994,53.04166667326292,53.04166667400045,53.04166667489543,53.04166667581737,53.04166667678869,53.04166667782506,53.0416666789695,53.04166667918511,53.04166668155802,53.04166668300045,53.041666684591284,53.04166668632378,53.0416666882516,53.04166669036457,53.041666692709605,53.041666695339266,53.04166669831199,53.041666701720786,53.04166670566494,53.04166671030367,53.041666715837785,53.04166672266062,53.04166673138997,53.04166674321822,53.041666761446876,53.041666795193755
natural_gas_pipeline,power,NL-DK,5.277572717920234e-07,5.630406879005422e-07,5.829259908369446e-07,6.134884300853633e-07,6.427410398030394e-07,6.723977139194667e-07,7.030470425918551e-07,7.353438798373872e-07,7.697140742278699e-07,8.065399678700589e-07,8.465834748214777e-07,8.910575931004184e-07,9.378136460041712e-07,9.864424876797686e-07,1.0377174089282406e-06,1.0954377501315464e-06,1.1632568451218448e-06,1.238858480273718e-06,1.3036671720589637e-06,1.363784279754238e-06,1.419836498067433e-06,1.4751025107581329e-06,1.534545146593502e-06,1.5994086097502862e-06,1.6703990796553349e-06,1.7463770640283887e-06,1.8269367323913746e-06,1.9224267216612327e-06,2.044498837412786e-06,2.2405689389255643e-06
natural_gas_pipeline,power,NL-NO,1.7392331223888855e-07,1.9051584074053117e-07,2.0260400855236176e-07,2.18212603407133e-07,2.3076378907428814e-07,2.42071807676149e-07,2.5306622347795474e-07,2.641472212806797e-07,2.7548576842589133e-07,2.873072610550571e-07,2.997783019818626e-07,3.1279051287165936e-07,3.2666965399874794e-07,3.411575241697529e-07,3.562556346548027e-07,3.722855822718407e-07,3.895835707623148e-07,4.0830275918772455e-07,4.276195517822049e-07,4.4784239161742276e-07,4.701917156764144e-07,4.96945645867403e-07,5.216712196949457e-07,5.464149569358805e-07,5.715786840971949e-07,5.981404355334721e-07,6.273094607591714e-07,6.599612693682014e-07,6.994597525284094e-07,7.604662730957788e-07
natural_gas_pipeline,power,NL-UK,20.583333330344434,20.583333330704445,20.58333333108862,20.5833333314988,20.583333331937514,20.58333333240688,20.583333332910392,20.583333333452412,20.583333334035704,20.583333334663486,20.583333335342083,20.583333336076247,20.58333333687012,20.583333337737496,20.583333338685353,20.583333339720514,20.583333340852633,20.58333334210955,20.583333343522526,20.58333334511015,20.583333346895625,20.58333334892832,20.583333351257203,20.583333354003592,20.583333357293657,20.58333336111112,20.583333366191265,20.58333337329581,20.5833333842365,20.583333406619438
natural_gas_pipeline,power,NO-BE,20.333333330117476,20.333333330241775,20.333333330370813,20.333333330518347,20.333333330713824,20.333333330824615,20.333333331003203,20.333333331174646,20.333333331377748,20.333333331656135,20.333333331832062,20.333333332084788,20.33333333235733,20.333333332605243,20.33333333286346,20.333333333219276,20.333333333611662,20.33333333398828,20.33333333446961,20.333333335010984,20.33333333562264,20.3333333363186,20.33333333710003,20.33333333804322,20.33333333917303,20.333333340562266,20.333333342331567,20.33333334474533,20.333333348352433,20.333333355495736
natural_gas_pipeline,power,NO-DE,51.9583333301567,51.95833333032475,51.95833333049695,51.95833333057016,51.95833333086325,51.95833333115619,51.95833333127926,51.95833333168133,51.95833333189353,51.9583333314449,51.95833333222403,51.95833333197323,51.958333332912105,51.958333333283356,51.95833333329187,51.95833333370003,51.95833333419756,51.95833333474335,51.95833333525057,51.958333335805264,51.958333336284134,51.95833333717131,51.958333338029846,51.95833333905612,51.958333340295795,51.95833334182118,51.95833334370353,51.95833334593318,51.9583333499738,51.95833335814878
natural_gas_pipeline,power,NO-DK,11.152330000196207,11.152330000397711,11.152330000615258,11.15233000084513,11.15233000109082,11.152330001356496,11.152330001644211,11.152330001948135,11.152330002274974,11.152330002623472,11.152330003003067,11.152330003389972,11.152330003811747,11.152330004295315,11.152330004821717,11.152330005391594,11.15233000603563,11.15233000673802,11.152330007382059,11.152330008035694,11.152330009025981,11.152330010157728,11.152330011468093,11.152330013003468,11.152330014842013,11.152330017106284,11.152330019997757,11.152330023909698,11.152330029956975,11.152330042216002
natural_gas_pipeline,power,NO-FI,0.08093331053797874,0.08093332035370934,9.254750828272426,9.25475087565607,9.79712221710378,9.842588084619463,9.842588103057457,11.092996708815,11.110277810130338,11.127558627962445,11.127558659664242,11.127558668878645,11.127558677174973,11.127558684706706,11.127558692842522,11.127558701307988,11.127558716308963,11.127558727647932,11.127558740987608,11.127558775639816,12.057122859515273,12.057122859884036,12.057122868966308,12.057122877070404,12.057122878181358,12.05712288589062,12.05712289636903,12.057122915384543,12.057122942778793,12.05712299374492
natural_gas_pipeline,power,NO-FR,23.75000000009163,23.750000000188123,23.75000000029113,23.750000000399258,23.75000000051662,23.750000000642853,23.750000000778762,23.75000000092618,23.75000000108073,23.750000001247972,23.75000000142965,23.750000001626987,23.750000001840906,23.7500000019997,23.750000002108184,23.75000000238891,23.750000002696968,23.750000003038046,23.750000003290538,23.75000000342272,23.7500000039025,23.750000004450204,23.75000000508286,23.750000005822788,23.750000006678878,23.75000000776934,23.750000009165806,23.750000011032164,23.75000001395325,23.750000019931054
natural_gas_pipeline,power,NO-NL,40.12500000013755,40.12500000028357,40.12500000035612,40.12500000062525,40.12500000083906,40.125000000975604,40.125000001212456,40.12500000132323,40.12500000156253,40.12500000137097,40.12500000201296,40.12500000233514,40.125000002639716,40.12500000293314,40.12500000330226,40.12500000353788,40.12500000397624,40.12500000446034,40.125000004998675,40.125000005367355,40.1250000057276,40.12500000650514,40.12500000740353,40.12500000845699,40.125000009709225,40.12500001113613,40.12500001312352,40.125000015842346,40.125000020006084,40.12500002774184
natural_gas_pipeline,power,NO-SE,5.62357341514317,5.623573443184154,5.958911461232166,6.407274786168883,6.714010032808337,7.205981350377835,7.2059814035435945,7.529441774195891,7.693166784607718,7.6931674761061055,7.693167735537699,7.693167782646192,7.693167839802374,7.693167913353615,7.693167997329754,7.693168076924233,7.69316813339604,7.693168154822841,7.693168172027941,7.6931681811476,7.693168193864166,7.6931682060729365,7.69316821623835,7.693168231296163,7.693168244886517,7.6931682652373725,7.693168286130478,7.693168316377273,7.693168361868717,7.693168457940748
natural_gas_pipeline,power,NO-UK,62.45833333012393,62.45833333025443,62.458333330393145,62.45833333054039,62.45833333070303,62.458333330879704,62.45833333104738,62.45833333125372,62.458333331468985,62.45833333161175,62.458333331688515,62.45833333195444,62.458333332244585,62.45833333248896,62.4583333328339,62.458333333046355,62.45833333334299,62.458333333805115,62.45833333431683,62.4583333348876,62.45833333518479,62.458333335860694,62.45833333671791,62.45833333772516,62.45833333892748,62.45833334039986,62.45833334229232,62.45833334483559,62.45833334856423,62.458333355800626
natural_gas_pipeline,power,PL-CZ,6.014024470434983e-07,6.629102286343268e-07,7.06929342733196e-07,7.553792103690783e-07,8.120869457565373e-07,8.671574693856718e-07,9.186206435256158e-07,9.727833415443816e-07,1.02394055165676e-06,1.0742253761714003e-06,1.1254600866116549e-06,1.1777711391403447e-06,1.233155145049093e-06,1.2914530648982404e-06,1.3523177832027341e-06,1.4159419487389708e-06,1.4824976910236246e-06,1.5514530230744373e-06,1.6238366188811733e-06,1.7184459769562435e-06,1.8156303023241282e-06,1.997448508958232e-06,2.15485844768132e-06,2.302153549865708e-06,2.44879391936732e-06,2.5659888840589145e-06,2.6964966332287763e-06,2.8326697792197154e-06,2.9805286423092128e-06,3.2476055236313723e-06
natural_gas_pipeline,power,PL-DE,38.8333333303237,38.83333333066412,38.833333331027326,38.83333333141628,38.83333333183149,38.83333333227414,38.833333332685974,38.833333333197096,38.83333333374812,38.83333333425444,38.83333333489602,38.83333333559003,38.83333333634393,38.83333333716264,38.83333333781935,38.83333333880038,38.833333339883,38.833333341077946,38.833333342407315,38.833333343900534,38.83333334558312,38.83333334750252,38.83333334972418,38.833333352330314,38.83333335544908,38.83333335928514,38.833333364195134,38.83333337088489,38.833333381159115,38.83333340130133
natural_gas_pipeline,power,PL-LT,2.56450000159299,2.5645000021318207,2.5645000027124834,2.5645000033422476,2.5645000040203154,2.5645000047511153,2.5645000055437213,2.5645000064093453,2.5645000073584034,2.5645000084028986,2.56450000956019,2.564500010846042,2.564500012288074,2.564500013915912,2.564500015763884,2.564500017892939,2.5645000203646737,2.564500023351525,2.564500027050258,2.5645000317736155,2.564500038202616,2.5645000409434435,2.5645000439133003,2.564500047627207,2.564500051925963,2.5645000572384835,2.5645000640759967,2.5645000734430137,2.564500087883355,2.5645001176931523
natural_gas_pipeline,power,PL-SE,2.1594510012999696e-07,2.3144197058090257e-07,2.406412334338957e-07,2.536398973121128e-07,2.6748342673601853e-07,2.8118584771555534e-07,2.9392948470544103e-07,3.07486127099375e-07,3.212794220541752e-07,3.354120319821831e-07,3.501772143247901e-07,3.6516030248181935e-07,3.8139115929772205e-07,3.9867950906200804e-07,4.1722739631237915e-07,4.377941102464247e-07,4.6107284659042314e-07,4.855234233870883e-07,5.104898381543072e-07,5.380841994202648e-07,5.758808354363566e-07,6.228718797437868e-07,6.610620410027537e-07,6.974420871547326e-07,7.350174747505396e-07,7.741494466800541e-07,8.160580157810234e-07,8.597683647376214e-07,9.095704174047707e-07,9.894820390568179e-07
natural_gas_pipeline,power,PL-SK,5.580533980881647e-07,6.302421707854841e-07,7.207411858847e-07,8.095148860695421e-07,8.834484577119886e-07,9.340771548875999e-07,9.714231906294191e-07,1.0037235663873778e-06,1.0371658034933666e-06,1.0761669461710275e-06,1.1199794186460318e-06,1.1664600008043109e-06,1.2162960526363079e-06,1.2673301879801383e-06,1.3174629868475262e-06,1.366065905794554e-06,1.4229852510432973e-06,1.4870372091388718e-06,1.5569701771210575e-06,1.6424323540742736e-06,1.7324605119047944e-06,1.867890943324657e-06,1.992701288156203e-06,2.110315678220097e-06,2.229700712697282e-06,2.340369091982206e-06,2.461454680819171e-06,2.5943802717162597e-06,2.7494848713055053e-06,3.0138634840696707e-06
natural_gas_pipeline,power,PT-ES,3.3333333372514162,3.3333333378372245,3.3333333384634702,3.3333333391342714,3.333333339842775,3.33333334060109,3.3333333414147317,3.333333342286609,3.3333333432248633,3.3333333442405126,3.3333333453376617,3.333333346517734,3.333333347794115,3.33333334918784,3.3333333498797506,3.3333333508180463,3.3333333526649604,3.3333333548381776,3.333333357109479,3.333333359648898,3.333333362517915,3.333333365802627,3.333333369580599,3.3333333740030353,3.333333379331843,3.333333385898393,3.3333333942905066,3.333333405749139,3.3333334232408345,3.3333334591431925
natural_gas_pipeline,power,RO-BG,33.58333333062053,33.583333331264676,33.583333331951145,33.583333332691254,33.58333333347713,33.5833333343181,33.58333333521998,33.583333336186215,33.58333333722806,33.583333338353825,33.58333333956217,33.5833333408437,33.58333334129275,33.58333334284674,33.58333334454939,33.58333334641695,33.583333348464514,33.58333335073368,33.58333335157246,33.58333335439242,33.583333356322974,33.583333359949556,33.58333336420249,33.58333336914925,33.583333375060775,33.58333338229707,33.58333339157759,33.5833334042938,33.58333342381246,33.58333346386037
natural_gas_pipeline,power,RO-HU,2.083333336865594,2.083333344240876,6.0095434513325365,6.009543456009059,6.009543461244022,6.0095434671682275,6.009543478335646,6.326481875936828,6.3264819033834545,6.326481938225058,6.594282830471037,6.6854986236461205,6.794456354636763,7.224587014285339,7.224587025277351,7.224587030959912,7.224587036083167,7.224587038932182,7.224587041765319,7.224587044182196,7.224587046469124,7.2245870493543825,7.224587052762712,7.22458705630738,7.224587059690888,7.2245870652551005,7.224587071865976,7.224587081079119,7.22458709497343,7.224587122977503
natural_gas_pipeline,power,SE-DE,2.2987469905661794e-07,2.642950433324713e-07,3.837890814730361e-07,4.1876682327539635e-07,4.4685437850360053e-07,4.761353656066396e-07,5.133016406152068e-07,5.374576726038706e-07,5.58383472892223e-07,5.780843271971177e-07,5.966321623511565e-07,6.123850578505934e-07,6.240697967033987e-07,6.359594788026952e-07,6.480388429903805e-07,6.584559951454683e-07,6.669023992393796e-07,6.754647820440061e-07,6.864391977469053e-07,6.993322509700368e-07,7.101242964352283e-07,7.201052009108828e-07,7.336266829058062e-07,7.514053806160073e-07,7.741399165560524e-07,8.014000059724673e-07,8.322451543850986e-07,8.689986499313151e-07,9.158947086133814e-07,9.89987734228483e-07
natural_gas_pipeline,power,SE-DK,16.50000000023683,16.500000000486086,16.50000000075741,16.500000001042043,16.50000000134574,16.50000000167025,16.500000002016048,16.500000002387182,16.500000002788305,16.500000003220666,16.50000000368887,16.500000004195666,16.5000000047467,16.50000000534635,16.500000006001578,16.500000006720885,16.500000007512146,16.500000008387428,16.500000009361575,16.50000001045169,16.500000011681653,16.50000001308544,16.50000001470654,16.50000001660592,16.5000000188535,16.500000021612117,16.500000025194876,16.500000030109337,16.500000037668347,16.500000053131753
natural_gas_pipeline,power,SE-FI,1.0922923217873848e-06,1.1006442463364077e-06,1.1200213320787073e-06,1.1555862104745703e-06,1.3260617536026753e-06,1.4312990670672994e-06,1.4500206344078167e-06,2.163014813286223e-06,2.3535112258166024e-06,2.6123858131012482e-06,2.646519548681368e-06,2.66337499058472e-06,2.6718113218118157e-06,2.680859631532859e-06,2.691476518059704e-06,2.700924647829654e-06,2.711621555619547e-06,2.7205987598271307e-06,2.7334342630915522e-06,2.7564881694957705e-06,4.724788046965055e-06,4.72849240102313e-06,4.73293313364457e-06,4.7382127249318e-06,4.744871271902286e-06,4.753292062994983e-06,4.763958007897074e-06,4.7780909206873504e-06,4.8008801451874555e-06,4.857488443814599e-06
natural_gas_pipeline,power,SE-LT,2.8553594618173204e-07,3.3051432605099375e-07,0.0001286250593643799,0.00012863301021764066,0.00012863967419868123,0.00012864515595223795,0.00012865339609369913,0.00012867514220350914,0.00012867948834374782,0.0001286819480312202,0.0001286838231932763,0.00012868540895140726,0.00012868670809055844,0.0001286878926102584,0.00012868901606033896,0.00012869007573576024,0.00012869112569093862,0.0001286921463093839,0.00012869323423830658,0.00012869440917926634,0.00012869569673994594,0.00012869671805273097,0.00012869793546457724,0.00012869938800278877,0.0001287011496067937,0.0001287033257496481,0.00012870607524528884,0.00012870978531579096,0.00012871560370121638,0.00012872846296512207
natural_gas_pipeline,power,SE-NO,8.644835454400167e-07,9.728491437637036e-07,1.0429246283382564e-06,1.1268702930169856e-06,1.1993513427932199e-06,1.2685251654445993e-06,1.341742139395009e-06,1.411084072850886e-06,1.4833181039990415e-06,1.558955299512552e-06,1.6412855585171303e-06,1.7292654445149693e-06,1.818846953856951e-06,1.910257863907574e-06,2.0031506418793995e-06,2.096801983127209e-06,2.190879353467972e-06,2.3026892757713117e-06,2.4318294894068095e-06,2.584703019417576e-06,2.728735489435896e-06,2.88916350363437e-06,3.0493975127633497e-06,3.215775771027938e-06,3.3870085599196857e-06,3.5674384932962723e-06,3.7636501853340576e-06,3.984260105881633e-06,4.252200110147224e-06,4.672616208720122e-06
natural_gas_pipeline,power,SE-PL,2.7705310946623813e-07,3.2815235077311666e-07,5.1481301825986154e-06,5.157680520453544e-06,5.16202273773459e-06,5.165053936215763e-06,5.167825717689306e-06,5.170180775723896e-06,5.1718371973708364e-06,5.173089425401395e-06,5.174122256623704e-06,5.1750097680560984e-06,5.175781596153242e-06,5.176518514930469e-06,5.177243053711919e-06,5.1779491111268855e-06,5.178654836699901e-06,5.179353426783098e-06,5.180098990925581e-06,5.180900288409209e-06,5.181768949243287e-06,5.182692362680701e-06,5.183800087090675e-06,5.185141485715729e-06,5.186802428464804e-06,5.188875457694953e-06,5.191494587552964e-06,5.194954113780848e-06,5.200191659889654e-06,5.21098094187941e-06
natural_gas_pipeline,power,SI-AT,1.303539798758803e-06,1.474803100368423e-06,1.9856050056716628e-06,2.2333846232709128e-06,2.460907755086575e-06,3.156993928050629e-06,3.4080640032167638e-06,3.4639233747333538e-06,3.4933115903051627e-06,3.5192200290158847e-06,3.5426041629905362e-06,3.5605820480787588e-06,3.5833014348879107e-06,3.622252417036979e-06,3.657855402776908e-06,3.704925800568659e-06,3.7931362711320013e-06,5.077914639762461e-06,5.591596992492347e-06,7.188620019291198e-06,0.006149708652288357,0.00615005932353018,0.006151120555265115,0.006152074955131538,0.0061564244736178,0.006157682664326837,0.006157783693791412,0.006157876329295663,0.006158016290729364,0.006158276897342127
natural_gas_pipeline,power,SI-HR,2.250000001957578,2.2500000030921754,2.250000004303434,2.250000005633131,2.250000007034358,2.250000008517563,2.250000010097343,2.2500000118040417,2.250000013652389,2.2500000156422963,2.250000017802876,2.2500000201056314,2.250000022628261,2.2500000258447352,2.2500000288616184,2.2500000321569975,2.250000035790061,2.250000039799847,2.250000044243598,2.250000049217618,2.2500000548352026,2.2500000612517725,2.2500000686652726,2.2500000773405517,2.2500000876839916,2.2500001003700856,2.2500001167266888,2.2500001392344338,2.2500001738138593,2.2500002443042315
natural_gas_pipeline,power,SI-HU,6.169849793772907e-07,6.929071282762062e-07,8.011483100283676e-07,9.99605523530927e-07,1.0406172612226029e-06,1.0705302037489388e-06,1.0965281407186465e-06,1.1186505586404992e-06,1.1439710450689566e-06,1.1796994726395007e-06,1.2336885742079845e-06,1.3093983120836283e-06,1.4561487594194821e-06,1.5263371514049443e-06,1.5981702765700887e-06,1.6600220020135718e-06,1.748653656838634e-06,1.995260625588988e-06,2.0352734659317934e-06,2.0773826481820583e-06,2.145603057325142e-06,2.296908255065029e-06,2.4118584665699944e-06,2.5078743648559305e-06,2.598826645399159e-06,2.682871118301899e-06,2.77302995105669e-06,2.8883446170530055e-06,3.0477559049491042e-06,3.3131668295047602e-06
natural_gas_pipeline,power,SI-IT,0.9166666804750971,0.9166666810350131,0.9166666816255683,0.9166666822597475,0.9166666829389088,0.91666668366727,0.9166666844489634,0.9166666852896301,0.916666686194959,0.9166666871669117,0.9166666875982062,0.9166666879046753,0.9166666890036785,0.9166666903430829,0.9166666918093747,0.9166666934191464,0.9166666952010644,0.9166666971798729,0.9166666993721143,0.916666701821604,0.9166667045924255,0.9166667077732055,0.9166667114314474,0.9166667157107993,0.9166667208097936,0.9166667270677746,0.9166667351272841,0.9166667462079854,0.9166667632012458,0.9166667978392942
natural_gas_pipeline,power,SK-AT,65.41666667037836,65.4166666708636,65.41666667137794,65.41666667192965,65.41666667251957,65.41666667285277,65.41666667352919,65.41666667425646,65.41666667503911,65.41666667588007,65.41666667656536,65.4166666775484,65.4166666786189,65.41666667934399,65.41666668061667,65.41666668201324,65.41666668355032,65.41666668488496,65.41666668677367,65.4166666888938,65.41666669127785,65.41666669399723,65.41666669715184,65.41666670084605,65.41666670526412,65.41666671071383,65.41666671770092,65.41666672724266,65.41666674188096,65.41666677156678
natural_gas_pipeline,power,SK-CZ,19.0833333326085,19.083333333316705,19.083333334014196,19.08333333476514,19.083333335568476,19.08333333642975,19.083333337354688,19.08333333834808,19.08333333941791,19.08333334057552,19.08333334181405,19.08333334315264,19.083333344616648,19.08333334620175,19.083333347940187,19.083333349868823,19.083333351988323,19.083333354318214,19.083333356917,19.083333359821623,19.083333363087128,19.083333366813015,19.083333371126734,19.08333337619138,19.083333382252093,19.083333389713662,19.0833333992804,19.083333412347937,19.083333432412807,19.083333473508016
natural_gas_pipeline,power,SK-HU,5.375000006470961,5.375000007790107,5.375000009192846,5.375000010714715,5.3750000123252635,5.375000014048454,5.375000015892934,5.3750000178666815,5.37500001998719,5.375000022273224,5.375000024351668,5.375000026756839,5.375000029670207,5.37500003286361,5.375000036369962,5.375000040175097,5.375000044360621,5.375000049005376,5.375000054169272,5.3750000599408985,5.3750000664586075,5.375000073949966,5.375000082581445,5.3750000926874435,5.375000104748942,5.375000119623293,5.375000138715718,5.37500016479541,5.375000204732417,5.375000286247781
natural_gas_pipeline,power,SK-PL,0.9430469410229714,0.9430469468600385,0.9430469495810909,0.9430469539562155,0.9430469582125117,0.9430469630147791,0.943046972869572,3.0285763624797815,3.028576376643013,3.0285763833577506,3.028576388385749,3.0285763950166475,3.0285764003861395,3.028576405854177,3.0285764120712866,3.0285764175840133,3.0285764215344404,3.028576424569633,3.028576427706761,3.02857643084975,3.028576434337471,3.02857643788365,3.0285764420148067,3.028576446888856,3.028576452715306,3.0285764597246785,3.0285764686211434,3.0285764807690376,3.0285765000159675,3.0285765433430045
natural_gas_pipeline,power,UK-BE,27.16666667046717,27.166666670974664,27.16666667153307,27.166666672113685,27.166666672783833,27.166666673510996,27.166666674364283,27.166666675448358,27.16666667632985,27.166666677708953,27.166666678931136,27.166666680249392,27.166666681741642,27.166666683181003,27.16666668464607,27.166666686256285,27.16666669343519,27.1666666896028,27.1666666912347,27.166666693154347,27.166666694957673,27.166666696894126,27.166666699139746,27.16666670175802,27.16666670486723,27.166666708693672,27.166666713536056,27.166666719978778,27.16666672929163,27.166666749852894
natural_gas_pipeline,power,UK-DE,3.065780991695032e-07,3.4426322030828486e-07,4.194782332949853e-07,4.7581885360995303e-07,5.169389528691621e-07,5.566912094604289e-07,5.962617490730499e-07,6.373787139234282e-07,6.864746386505695e-07,1.3300949743476079e-06,1.4420889123397571e-06,1.4967388162219785e-06,1.5186136769920228e-06,1.5438051564728142e-06,1.5719151316085003e-06,1.595828399773118e-06,1.6137951646336657e-06,1.6286154156975004e-06,1.6395546545249436e-06,1.647595355505197e-06,1.6539537668481885e-06,1.6593086879541278e-06,1.6659306306232514e-06,1.674123059894189e-06,1.6847144970098513e-06,1.6984249394258283e-06,1.7158760773950933e-06,1.740577442823383e-06,1.780714661212568e-06,1.860785603787631e-06
natural_gas_pipeline,power,UK-DK,3.6261941666511023e-07,3.878059308941651e-07,4.030498105751346e-07,4.2610565101276055e-07,4.491003797939926e-07,4.725985062144181e-07,4.97053393507558e-07,5.248478657233298e-07,5.610853543234316e-07,6.717744856474728e-07,7.242176797483219e-07,7.826172027535516e-07,8.316992152054662e-07,8.780242803453648e-07,9.278687234008782e-07,9.869723346722276e-07,1.0630466782863464e-06,1.1673489567508343e-06,1.1947657511224195e-06,1.2096150348361678e-06,1.2199421616877163e-06,1.2292006332295174e-06,1.2407661497891422e-06,1.2555149505453979e-06,1.275086895366666e-06,1.3003762475148918e-06,1.3312449319659408e-06,1.3736086473786462e-06,1.4362621325319428e-06,1.5457168400829588e-06
natural_gas_pipeline,power,UK-FR,4.786813918672009e-07,5.175836503206764e-07,5.42542923549951e-07,5.556154812619954e-07,5.736423687349475e-07,5.963613975856738e-07,6.227440664559223e-07,6.595560548385119e-07,7.246988158916811e-07,1.4306559619206002e-06,1.469557704565154e-06,1.4884086178055671e-06,1.5005854350214702e-06,1.5085725532947032e-06,1.5145660393717873e-06,1.5193677936933803e-06,1.5233336669408258e-06,1.5268027613496454e-06,1.5299124289915039e-06,1.5338621355326304e-06,1.5390149860466763e-06,1.5464826830694261e-06,1.5566837505175155e-06,1.5707024814738868e-06,1.5902792170068592e-06,1.6186489921858135e-06,1.6601534865495931e-06,1.7196099895048633e-06,1.8051350053111818e-06,1.9480344287513307e-06
natural_gas_pipeline,power,UK-IE,16.12500000072574,16.125000001321105,16.125000001953826,16.125000002630706,16.125000003353225,16.125000004155932,16.125000005002907,16.125000005897945,16.125000006857352,16.125000007890634,16.125000009014805,16.125000009795748,16.12500001052539,16.125000011961056,16.125000013559596,16.125000015300756,16.125000017188725,16.125000019271518,16.125000021663055,16.125000024274804,16.12500002720139,16.125000030550638,16.125000034443524,16.125000039001122,16.125000044449283,16.12500005117388,16.125000059787084,16.125000071536334,16.12500008959133,16.125000126584403
natural_gas_pipeline,power,UK-NL,7.000000000617422,7.000000001304554,7.000000002086732,7.000000002996212,7.0000000040189505,7.000000005183395,7.000000006537808,7.000000008139642,7.000000010013974,7.000000012302024,7.000000014581107,7.000000016914968,7.000000019137577,7.00000002139681,7.000000023698517,7.000000026033581,7.000000028456237,7.000000030750368,7.000000033063713,7.000000035056252,7.000000036935393,7.000000038739549,7.000000040915807,7.000000043516329,7.000000046756123,7.000000050781884,7.000000055967586,7.000000062754949,7.000000073151567,7.000000093530797
natural_gas_pipeline,power,UK-NO,1.6918611463512524e-07,1.85733613562098e-07,1.9809741333402172e-07,2.1411210468615305e-07,2.2717810924491433e-07,2.3896898465510856e-07,2.5050464219985227e-07,2.624312158030754e-07,2.7531762948047196e-07,2.904982903254569e-07,3.047243441790403e-07,3.193576264265463e-07,3.3416986459969373e-07,3.494218072465906e-07,3.653281931914004e-07,3.8242757330136135e-07,4.013645815993146e-07,4.2317275063832357e-07,4.441921239449553e-07,4.651611115879561e-07,4.872571192884063e-07,5.114901608224545e-07,5.350252381095587e-07,5.588893247324985e-07,5.83572602342002e-07,6.096350513941224e-07,6.377761635598148e-07,6.69399330286895e-07,7.080849164856275e-07,7.677651414741154e-07
natural_gas_storage,energy,AT,91177.1566432256,91177.1566432256,91177.1566432256,91177.1566432256,91177.1566432256,91177.1566432256,91177.1566432256,91177.1566432256,91177.1566432256,91177.1566432256,91177.1566432256,91177.1566432256,91177.1566432256,91177.1566432256,91177.1566432256,91177.1566432256,91177.1566432256,91177.1566432256,91177.1566432256,91177.1566432256,91177.1566432256,91177.1566432256,91177.1566432256,91177.1566432256,91177.1566432256,91177.1566432256,91177.1566432256,91177.1566432256,91177.1566432256,91177.1566432256
natural_gas_storage,energy,BE,8185.3288232448,8185.3288232448,8185.3288232448,8185.3288232448,8185.3288232448,8185.3288232448,8185.3288232448,8185.3288232448,8185.3288232448,8185.3288232448,8185.3288232448,8185.3288232448,8185.3288232448,8185.3288232448,8185.3288232448,8185.3288232448,8185.3288232448,8185.3288232448,8185.3288232448,8185.3288232448,8185.3288232448,8185.3288232448,8185.3288232448,8185.3288232448,8185.3288232448,8185.3288232448,8185.3288232448,8185.3288232448,8185.3288232448,8185.3288232448
natural_gas_storage,energy,BG,6258.5458020864,6258.5458020864,6258.5458020864,6258.5458020864,6258.5458020864,6258.5458020864,6258.5458020864,6258.5458020864,6258.5458020864,6258.5458020864,6258.5458020864,6258.5458020864,6258.5458020864,6258.5458020864,6258.5458020864,6258.5458020864,6258.5458020864,6258.5458020864,6258.5458020864,6258.5458020864,6258.5458020864,6258.5458020864,6258.5458020864,6258.5458020864,6258.5458020864,6258.5458020864,6258.5458020864,6258.5458020864,6258.5458020864,6258.5458020864
natural_gas_storage,energy,CH,0.0,0.0,0.0,0.0,0.0,0.0,0.0,0.0,0.0,0.0,0.0,0.0,0.0,0.0,0.0,0.0,0.0,0.0,0.0,0.0,0.0,0.0,0.0,0.0,0.0,0.0,0.0,0.0,0.0,0.0
natural_gas_storage,energy,CZ,22754.8173410304,22754.8173410304,22754.8173410304,22754.8173410304,22754.8173410304,22754.8173410304,22754.8173410304,22754.8173410304,22754.8173410304,22754.8173410304,22754.8173410304,22754.8173410304,22754.8173410304,22754.8173410304,22754.8173410304,22754.8173410304,22754.8173410304,22754.8173410304,22754.8173410304,22754.8173410304,22754.8173410304,22754.8173410304,22754.8173410304,22754.8173410304,22754.8173410304,22754.8173410304,22754.8173410304,22754.8173410304,22754.8173410304,22754.8173410304
natural_gas_storage,energy,DE,235511.0028787712,235511.0028787712,235511.0028787712,235511.0028787712,235511.0028787712,235511.0028787712,235511.0028787712,235511.0028787712,235511.0028787712,235511.0028787712,235511.0028787712,235511.0028787712,235511.0028787712,235511.0028787712,235511.0028787712,235511.0028787712,235511.0028787712,235511.0028787712,235511.0028787712,235511.0028787712,235511.0028787712,235511.0028787712,235511.0028787712,235511.0028787712,235511.0028787712,235511.0028787712,235511.0028787712,235511.0028787712,235511.0028787712,235511.0028787712
natural_gas_storage,energy,DK,4991.01526000128,4991.01526000128,4991.01526000128,4991.01526000128,4991.01526000128,4991.01526000128,4991.01526000128,4991.01526000128,4991.01526000128,4991.01526000128,4991.01526000128,4991.01526000128,4991.01526000128,4991.01526000128,4991.01526000128,4991.01526000128,4991.01526000128,4991.01526000128,4991.01526000128,4991.01526000128,4991.01526000128,4991.01526000128,4991.01526000128,4991.01526000128,4991.01526000128,4991.01526000128,4991.01526000128,4991.01526000128,4991.01526000128,4991.01526000128
natural_gas_storage,energy,EE,0.0,0.0,0.0,0.0,0.0,0.0,0.0,0.0,0.0,0.0,0.0,0.0,0.0,0.0,0.0,0.0,0.0,0.0,0.0,0.0,0.0,0.0,0.0,0.0,0.0,0.0,0.0,0.0,0.0,0.0
natural_gas_storage,energy,EL,0.0,0.0,0.0,0.0,0.0,0.0,0.0,0.0,0.0,0.0,0.0,0.0,0.0,0.0,0.0,0.0,0.0,0.0,0.0,0.0,0.0,0.0,0.0,0.0,0.0,0.0,0.0,0.0,0.0,0.0
natural_gas_storage,energy,ES,31827.5583965184,31827.5583965184,31827.5583965184,31827.5583965184,31827.5583965184,31827.5583965184,31827.5583965184,31827.5583965184,31827.5583965184,31827.5583965184,31827.5583965184,31827.5583965184,31827.5583965184,31827.5583965184,31827.5583965184,31827.5583965184,31827.5583965184,31827.5583965184,31827.5583965184,31827.5583965184,31827.5583965184,31827.5583965184,31827.5583965184,31827.5583965184,31827.5583965184,31827.5583965184,31827.5583965184,31827.5583965184,31827.5583965184,31827.5583965184
natural_gas_storage,energy,FI,0.0,0.0,0.0,0.0,0.0,0.0,0.0,0.0,0.0,0.0,0.0,0.0,0.0,0.0,0.0,0.0,0.0,0.0,0.0,0.0,0.0,0.0,0.0,0.0,0.0,0.0,0.0,0.0,0.0,0.0
natural_gas_storage,energy,FR,102103.69371648,102103.69371648,102103.69371648,102103.69371648,102103.69371648,102103.69371648,102103.69371648,102103.69371648,102103.69371648,102103.69371648,102103.69371648,102103.69371648,102103.69371648,102103.69371648,102103.69371648,102103.69371648,102103.69371648,102103.69371648,102103.69371648,102103.69371648,102103.69371648,102103.69371648,102103.69371648,102103.69371648,102103.69371648,102103.69371648,102103.69371648,102103.69371648,102103.69371648,102103.69371648
natural_gas_storage,energy,HR,6110.3077163008,6110.3077163008,6110.3077163008,6110.3077163008,6110.3077163008,6110.3077163008,6110.3077163008,6110.3077163008,6110.3077163008,6110.3077163008,6110.3077163008,6110.3077163008,6110.3077163008,6110.3077163008,6110.3077163008,6110.3077163008,6110.3077163008,6110.3077163008,6110.3077163008,6110.3077163008,6110.3077163008,6110.3077163008,6110.3077163008,6110.3077163008,6110.3077163008,6110.3077163008,6110.3077163008,6110.3077163008,6110.3077163008,6110.3077163008
natural_gas_storage,energy,HU,66633.6176283648,66633.6176283648,66633.6176283648,66633.6176283648,66633.6176283648,66633.6176283648,66633.6176283648,66633.6176283648,66633.6176283648,66633.6176283648,66633.6176283648,66633.6176283648,66633.6176283648,66633.6176283648,66633.6176283648,66633.6176283648,66633.6176283648,66633.6176283648,66633.6176283648,66633.6176283648,66633.6176283648,66633.6176283648,66633.6176283648,66633.6176283648,66633.6176283648,66633.6176283648,66633.6176283648,66633.6176283648,66633.6176283648,66633.6176283648
natural_gas_storage,energy,IE,0.0,0.0,0.0,0.0,0.0,0.0,0.0,0.0,0.0,0.0,0.0,0.0,0.0,0.0,0.0,0.0,0.0,0.0,0.0,0.0,0.0,0.0,0.0,0.0,0.0,0.0,0.0,0.0,0.0,0.0
natural_gas_storage,energy,IT,195662.9772079104,195662.9772079104,195662.9772079104,195662.9772079104,195662.9772079104,195662.9772079104,195662.9772079104,195662.9772079104,195662.9772079104,195662.9772079104,195662.9772079104,195662.9772079104,195662.9772079104,195662.9772079104,195662.9772079104,195662.9772079104,195662.9772079104,195662.9772079104,195662.9772079104,195662.9772079104,195662.9772079104,195662.9772079104,195662.9772079104,195662.9772079104,195662.9772079104,195662.9772079104,195662.9772079104,195662.9772079104,195662.9772079104,195662.9772079104
natural_gas_storage,energy,LT,0.0,0.0,0.0,0.0,0.0,0.0,0.0,0.0,0.0,0.0,0.0,0.0,0.0,0.0,0.0,0.0,0.0,0.0,0.0,0.0,0.0,0.0,0.0,0.0,0.0,0.0,0.0,0.0,0.0,0.0
natural_gas_storage,energy,LU,0.0,0.0,0.0,0.0,0.0,0.0,0.0,0.0,0.0,0.0,0.0,0.0,0.0,0.0,0.0,0.0,0.0,0.0,0.0,0.0,0.0,0.0,0.0,0.0,0.0,0.0,0.0,0.0,0.0,0.0
natural_gas_storage,energy,LV,0.0,0.0,0.0,0.0,0.0,0.0,0.0,0.0,0.0,0.0,0.0,0.0,0.0,0.0,0.0,0.0,0.0,0.0,0.0,0.0,0.0,0.0,0.0,0.0,0.0,0.0,0.0,0.0,0.0,0.0
natural_gas_storage,energy,NL,101152.1416359936,101152.1416359936,101152.1416359936,101152.1416359936,101152.1416359936,101152.1416359936,101152.1416359936,101152.1416359936,101152.1416359936,101152.1416359936,101152.1416359936,101152.1416359936,101152.1416359936,101152.1416359936,101152.1416359936,101152.1416359936,101152.1416359936,101152.1416359936,101152.1416359936,101152.1416359936,101152.1416359936,101152.1416359936,101152.1416359936,101152.1416359936,101152.1416359936,101152.1416359936,101152.1416359936,101152.1416359936,101152.1416359936,101152.1416359936
natural_gas_storage,energy,NO,0.0,0.0,0.0,0.0,0.0,0.0,0.0,0.0,0.0,0.0,0.0,0.0,0.0,0.0,0.0,0.0,0.0,0.0,0.0,0.0,0.0,0.0,0.0,0.0,0.0,0.0,0.0,0.0,0.0,0.0
natural_gas_storage,energy,PL,34727.7023676416,34727.7023676416,34727.7023676416,34727.7023676416,34727.7023676416,34727.7023676416,34727.7023676416,34727.7023676416,34727.7023676416,34727.7023676416,34727.7023676416,34727.7023676416,34727.7023676416,34727.7023676416,34727.7023676416,34727.7023676416,34727.7023676416,34727.7023676416,34727.7023676416,34727.7023676416,34727.7023676416,34727.7023676416,34727.7023676416,34727.7023676416,34727.7023676416,34727.7023676416,34727.7023676416,34727.7023676416,34727.7023676416,34727.7023676416
natural_gas_storage,energy,PT,3668.3787896576,3668.3787896576,3668.3787896576,3668.3787896576,3668.3787896576,3668.3787896576,3668.3787896576,3668.3787896576,3668.3787896576,3668.3787896576,3668.3787896576,3668.3787896576,3668.3787896576,3668.3787896576,3668.3787896576,3668.3787896576,3668.3787896576,3668.3787896576,3668.3787896576,3668.3787896576,3668.3787896576,3668.3787896576,3668.3787896576,3668.3787896576,3668.3787896576,3668.3787896576,3668.3787896576,3668.3787896576,3668.3787896576,3668.3787896576
natural_gas_storage,energy,RO,31325.7330789376,31325.7330789376,31325.7330789376,31325.7330789376,31325.7330789376,31325.7330789376,31325.7330789376,31325.7330789376,31325.7330789376,31325.7330789376,31325.7330789376,31325.7330789376,31325.7330789376,31325.7330789376,31325.7330789376,31325.7330789376,31325.7330789376,31325.7330789376,31325.7330789376,31325.7330789376,31325.7330789376,31325.7330789376,31325.7330789376,31325.7330789376,31325.7330789376,31325.7330789376,31325.7330789376,31325.7330789376,31325.7330789376,31325.7330789376
natural_gas_storage,energy,SE,3673.6133484544,3673.6133484544,3673.6133484544,3673.6133484544,3673.6133484544,3673.6133484544,3673.6133484544,3673.6133484544,3673.6133484544,3673.6133484544,3673.6133484544,3673.6133484544,3673.6133484544,3673.6133484544,3673.6133484544,3673.6133484544,3673.6133484544,3673.6133484544,3673.6133484544,3673.6133484544,3673.6133484544,3673.6133484544,3673.6133484544,3673.6133484544,3673.6133484544,3673.6133484544,3673.6133484544,3673.6133484544,3673.6133484544,3673.6133484544
natural_gas_storage,energy,SI,0.0,0.0,0.0,0.0,0.0,0.0,0.0,0.0,0.0,0.0,0.0,0.0,0.0,0.0,0.0,0.0,0.0,0.0,0.0,0.0,0.0,0.0,0.0,0.0,0.0,0.0,0.0,0.0,0.0,0.0
natural_gas_storage,energy,SK,51827.5193577472,55388.7511552,55388.7511552,55388.7511552,55388.7511552,55388.7511552,55388.7511552,55388.7511552,55388.7511552,55388.7511552,55388.7511552,55388.7511552,55388.7511552,55388.7511552,55388.7511552,55388.7511552,55388.7511552,55388.7511552,55388.7511552,55388.7511552,55388.7511552,55388.7511552,55388.7511552,55388.7511552,55388.7511552,55388.7511552,55388.7511552,55388.7511552,55388.7511552,55388.7511552
natural_gas_storage,energy,UK,13849.9123203072,13849.9123203072,13849.9123203072,13849.9123203072,13849.9123203072,13849.9123203072,13849.9123203072,13849.9123203072,13849.9123203072,13849.9123203072,13849.9123203072,13849.9123203072,13849.9123203072,13849.9123203072,13849.9123203072,13849.9123203072,13849.9123203072,13849.9123203072,13849.9123203072,13849.9123203072,13849.9123203072,13849.9123203072,13849.9123203072,13849.9123203072,13849.9123203072,13849.9123203072,13849.9123203072,13849.9123203072,13849.9123203072,13849.9123203072
natural_gas_storage,power,AT,43.22726266464,43.22726266464,43.22726266464,43.22726266464,43.22726266464,43.22726266464,43.22726266464,43.22726266464,43.22726266464,43.22726266464,43.22726266464,43.22726266464,43.22726266464,43.22726266464,43.22726266464,43.22726266464,43.22726266464,43.22726266464,43.22726266464,43.22726266464,43.22726266464,43.22726266464,43.22726266464,43.22726266464,43.22726266464,43.22726266464,43.22726266464,43.22726266464,43.22726266464,43.22726266464
natural_gas_storage,power,BE,7.06450993696,7.06450993696,7.06450993696,7.06450993696,7.06450993696,7.06450993696,7.06450993696,7.06450993696,7.06450993696,7.06450993696,7.06450993696,7.06450993696,7.06450993696,7.06450993696,7.06450993696,7.06450993696,7.06450993696,7.06450993696,7.06450993696,7.06450993696,7.06450993696,7.06450993696,7.06450993696,7.06450993696,7.06450993696,7.06450993696,7.06450993696,7.06450993696,7.06450993696,7.06450993696
natural_gas_storage,power,BG,1.99218729346,1.99218729346,1.99218729346,1.99218729346,1.99218729346,1.99218729346,1.99218729346,1.99218729346,1.99218729346,1.99218729346,1.99218729346,1.99218729346,1.99218729346,1.99218729346,1.99218729346,1.99218729346,1.99218729346,1.99218729346,1.99218729346,1.99218729346,1.99218729346,1.99218729346,1.99218729346,1.99218729346,1.99218729346,1.99218729346,1.99218729346,1.99218729346,1.99218729346,1.99218729346
natural_gas_storage,power,CH,0.0,0.0,0.0,0.0,0.0,0.0,0.0,0.0,0.0,0.0,0.0,0.0,0.0,0.0,0.0,0.0,0.0,0.0,0.0,0.0,0.0,0.0,0.0,0.0,0.0,0.0,0.0,0.0,0.0,0.0
natural_gas_storage,power,CZ,39.18852234864,39.18852234864,39.18852234864,39.18852234864,39.18852234864,39.18852234864,39.18852234864,39.18852234864,39.18852234864,39.18852234864,39.18852234864,39.18852234864,39.18852234864,39.18852234864,39.18852234864,39.18852234864,39.18852234864,39.18852234864,39.18852234864,39.18852234864,39.18852234864,39.18852234864,39.18852234864,39.18852234864,39.18852234864,39.18852234864,39.18852234864,39.18852234864,39.18852234864,39.18852234864
natural_gas_storage,power,DE,300.78960798208,300.78960798208,300.78960798208,300.78960798208,300.78960798208,300.78960798208,300.78960798208,300.78960798208,300.78960798208,300.78960798208,300.78960798208,300.78960798208,300.78960798208,300.78960798208,300.78960798208,300.78960798208,300.78960798208,300.78960798208,300.78960798208,300.78960798208,300.78960798208,300.78960798208,300.78960798208,300.78960798208,300.78960798208,300.78960798208,300.78960798208,300.78960798208,300.78960798208,300.78960798208
natural_gas_storage,power,DK,14.96257886976,14.96257886976,14.96257886976,14.96257886976,14.96257886976,14.96257886976,14.96257886976,14.96257886976,14.96257886976,14.96257886976,14.96257886976,14.96257886976,14.96257886976,14.96257886976,14.96257886976,14.96257886976,14.96257886976,14.96257886976,14.96257886976,14.96257886976,14.96257886976,14.96257886976,14.96257886976,14.96257886976,14.96257886976,14.96257886976,14.96257886976,14.96257886976,14.96257886976,14.96257886976
natural_gas_storage,power,EE,0.0,0.0,0.0,0.0,0.0,0.0,0.0,0.0,0.0,0.0,0.0,0.0,0.0,0.0,0.0,0.0,0.0,0.0,0.0,0.0,0.0,0.0,0.0,0.0,0.0,0.0,0.0,0.0,0.0,0.0
natural_gas_storage,power,EL,0.0,0.0,0.0,0.0,0.0,0.0,0.0,0.0,0.0,0.0,0.0,0.0,0.0,0.0,0.0,0.0,0.0,0.0,0.0,0.0,0.0,0.0,0.0,0.0,0.0,0.0,0.0,0.0,0.0,0.0
natural_gas_storage,power,ES,12.47032914256,12.47032914256,12.47032914256,12.47032914256,12.47032914256,12.47032914256,12.47032914256,12.47032914256,12.47032914256,12.47032914256,12.47032914256,12.47032914256,12.47032914256,12.47032914256,12.47032914256,12.47032914256,12.47032914256,12.47032914256,12.47032914256,12.47032914256,12.47032914256,12.47032914256,12.47032914256,12.47032914256,12.47032914256,12.47032914256,12.47032914256,12.47032914256,12.47032914256,12.47032914256
natural_gas_storage,power,FI,0.0,0.0,0.0,0.0,0.0,0.0,0.0,0.0,0.0,0.0,0.0,0.0,0.0,0.0,0.0,0.0,0.0,0.0,0.0,0.0,0.0,0.0,0.0,0.0,0.0,0.0,0.0,0.0,0.0,0.0
natural_gas_storage,power,FR,143.27293327392,143.27293327392,143.27293327392,143.27293327392,143.27293327392,143.27293327392,143.27293327392,143.27293327392,143.27293327392,143.27293327392,143.27293327392,143.27293327392,143.27293327392,143.27293327392,143.27293327392,143.27293327392,143.27293327392,143.27293327392,143.27293327392,143.27293327392,143.27293327392,143.27293327392,143.27293327392,143.27293327392,143.27293327392,143.27293327392,143.27293327392,143.27293327392,143.27293327392,143.27293327392
natural_gas_storage,power,HR,3.17726033372,3.17726033372,3.17726033372,3.17726033372,3.17726033372,3.17726033372,3.17726033372,3.17726033372,3.17726033372,3.17726033372,3.17726033372,3.17726033372,3.17726033372,3.17726033372,3.17726033372,3.17726033372,3.17726033372,3.17726033372,3.17726033372,3.17726033372,3.17726033372,3.17726033372,3.17726033372,3.17726033372,3.17726033372,3.17726033372,3.17726033372,3.17726033372,3.17726033372,3.17726033372
natural_gas_storage,power,HU,34.58640535776,34.58640535776,34.58640535776,34.58640535776,34.58640535776,34.58640535776,34.58640535776,34.58640535776,34.58640535776,34.58640535776,34.58640535776,34.58640535776,34.58640535776,34.58640535776,34.58640535776,34.58640535776,34.58640535776,34.58640535776,34.58640535776,34.58640535776,34.58640535776,34.58640535776,34.58640535776,34.58640535776,34.58640535776,34.58640535776,34.58640535776,34.58640535776,34.58640535776,34.58640535776
natural_gas_storage,power,IE,0.0,0.0,0.0,0.0,0.0,0.0,0.0,0.0,0.0,0.0,0.0,0.0,0.0,0.0,0.0,0.0,0.0,0.0,0.0,0.0,0.0,0.0,0.0,0.0,0.0,0.0,0.0,0.0,0.0,0.0
natural_gas_storage,power,IT,264.32530870976,264.32530870976,264.32530870976,264.32530870976,264.32530870976,264.32530870976,264.32530870976,264.32530870976,264.32530870976,264.32530870976,264.32530870976,264.32530870976,264.32530870976,264.32530870976,264.32530870976,264.32530870976,264.32530870976,264.32530870976,264.32530870976,264.32530870976,264.32530870976,264.32530870976,264.32530870976,264.32530870976,264.32530870976,264.32530870976,264.32530870976,264.32530870976,264.32530870976,264.32530870976
natural_gas_storage,power,LT,0.0,0.0,0.0,0.0,0.0,0.0,0.0,0.0,0.0,0.0,0.0,0.0,0.0,0.0,0.0,0.0,0.0,0.0,0.0,0.0,0.0,0.0,0.0,0.0,0.0,0.0,0.0,0.0,0.0,0.0
natural_gas_storage,power,LU,0.0,0.0,0.0,0.0,0.0,0.0,0.0,0.0,0.0,0.0,0.0,0.0,0.0,0.0,0.0,0.0,0.0,0.0,0.0,0.0,0.0,0.0,0.0,0.0,0.0,0.0,0.0,0.0,0.0,0.0
natural_gas_storage,power,LV,0.0,0.0,0.0,0.0,0.0,0.0,0.0,0.0,0.0,0.0,0.0,0.0,0.0,0.0,0.0,0.0,0.0,0.0,0.0,0.0,0.0,0.0,0.0,0.0,0.0,0.0,0.0,0.0,0.0,0.0
natural_gas_storage,power,NL,72.74309852272,72.74309852272,72.74309852272,72.74309852272,72.74309852272,72.74309852272,72.74309852272,72.74309852272,72.74309852272,72.74309852272,72.74309852272,72.74309852272,72.74309852272,72.74309852272,72.74309852272,72.74309852272,72.74309852272,72.74309852272,72.74309852272,72.74309852272,72.74309852272,72.74309852272,72.74309852272,72.74309852272,72.74309852272,72.74309852272,72.74309852272,72.74309852272,72.74309852272,72.74309852272
natural_gas_storage,power,NO,0.0,0.0,0.0,0.0,0.0,0.0,0.0,0.0,0.0,0.0,0.0,0.0,0.0,0.0,0.0,0.0,0.0,0.0,0.0,0.0,0.0,0.0,0.0,0.0,0.0,0.0,0.0,0.0,0.0,0.0
natural_gas_storage,power,PL,34.48717988192,34.48717988192,34.48717988192,34.48717988192,34.48717988192,34.48717988192,34.48717988192,34.48717988192,34.48717988192,34.48717988192,34.48717988192,34.48717988192,34.48717988192,34.48717988192,34.48717988192,34.48717988192,34.48717988192,34.48717988192,34.48717988192,34.48717988192,34.48717988192,34.48717988192,34.48717988192,34.48717988192,34.48717988192,34.48717988192,34.48717988192,34.48717988192,34.48717988192,34.48717988192
natural_gas_storage,power,PT,3.6392646723,3.6392646723,3.6392646723,3.6392646723,3.6392646723,3.6392646723,3.6392646723,3.6392646723,3.6392646723,3.6392646723,3.6392646723,3.6392646723,3.6392646723,3.6392646723,3.6392646723,3.6392646723,3.6392646723,3.6392646723,3.6392646723,3.6392646723,3.6392646723,3.6392646723,3.6392646723,3.6392646723,3.6392646723,3.6392646723,3.6392646723,3.6392646723,3.6392646723,3.6392646723
natural_gas_storage,power,RO,18.18721670696,18.18721670696,18.18721670696,18.18721670696,18.18721670696,18.18721670696,18.18721670696,18.18721670696,18.18721670696,18.18721670696,18.18721670696,18.18721670696,18.18721670696,18.18721670696,18.18721670696,18.18721670696,18.18721670696,18.18721670696,18.18721670696,18.18721670696,18.18721670696,18.18721670696,18.18721670696,18.18721670696,18.18721670696,18.18721670696,18.18721670696,18.18721670696,18.18721670696,18.18721670696
natural_gas_storage,power,SE,3.66811339608,3.66811339608,3.66811339608,3.66811339608,3.66811339608,3.66811339608,3.66811339608,3.66811339608,3.66811339608,3.66811339608,3.66811339608,3.66811339608,3.66811339608,3.66811339608,3.66811339608,3.66811339608,3.66811339608,3.66811339608,3.66811339608,3.66811339608,3.66811339608,3.66811339608,3.66811339608,3.66811339608,3.66811339608,3.66811339608,3.66811339608,3.66811339608,3.66811339608,3.66811339608
natural_gas_storage,power,SI,0.0,0.0,0.0,0.0,0.0,0.0,0.0,0.0,0.0,0.0,0.0,0.0,0.0,0.0,0.0,0.0,0.0,0.0,0.0,0.0,0.0,0.0,0.0,0.0,0.0,0.0,0.0,0.0,0.0,0.0
natural_gas_storage,power,SK,30.96228783008,32.60016935024,32.60016935024,32.60016935024,32.60016935024,32.60016935024,32.60016935024,32.60016935024,32.60016935024,32.60016935024,32.60016935024,32.60016935024,32.60016935024,32.60016935024,32.60016935024,32.60016935024,32.60016935024,32.60016935024,32.60016935024,32.60016935024,32.60016935024,32.60016935024,32.60016935024,32.60016935024,32.60016935024,32.60016935024,32.60016935024,32.60016935024,32.60016935024,32.60016935024
natural_gas_storage,power,UK,52.0761619328,52.0761619328,52.0761619328,52.0761619328,52.0761619328,52.0761619328,52.0761619328,52.0761619328,52.0761619328,52.0761619328,52.0761619328,52.0761619328,52.0761619328,52.0761619328,52.0761619328,52.0761619328,52.0761619328,52.0761619328,52.0761619328,52.0761619328,52.0761619328,52.0761619328,52.0761619328,52.0761619328,52.0761619328,52.0761619328,52.0761619328,52.0761619328,52.0761619328,52.0761619328
natural_gas_turbine,power,AT,1.1115000020829788,1.1115000023009525,1.1115000025806114,0.953500003476819,0.9535000074379014,0.953500014121772,0.9535000209458047,0.8395000264621885,0.8395000341960199,0.8395000432254782,0.8395000617280657,0.839500489884474,0.8395005592991418,0.853646025769089,0.8536461913201059,2.0889898734659584,2.1826286821883434,2.834685949407443,2.83468602823718,2.8346860971013954,2.834686139500486,2.834687942176119,2.285961426798477,2.285961511887634,2.2859615533463864,2.28596164652961,2.2859618027487723,2.8899364940035945,2.8899367071996447,2.889936827711162
natural_gas_turbine,power,BE,3.249100001898543,3.2491000021278746,3.2491000024728223,3.1971000026932725,2.737100004930306,2.7171000122252487,2.717100032150293,2.6812091985379016,3.663636415973449,4.456146057080299,8.05193265237377,8.191060256979606,8.393595304921257,8.771596881270005,8.77159732564221,8.875022762703212,8.913998405690132,9.238690116591053,9.279028079822881,9.401620190459559,9.150853115382578,12.9436938774463,12.538693975207869,12.523694004010936,12.517394021579175,12.517394051275522,12.517394087969082,12.517394154392084,12.517394367944442,12.517395374765961
natural_gas_turbine,power,BG,0.018000000152898658,0.01800000030691142,0.018000000505382377,0.018000000793185516,0.018000001266628988,0.01800000505990405,0.018000005727525817,0.018000006789519914,0.018000009049162345,0.3222860028350271,0.4158822597641449,0.4688438279457623,0.7885058800242912,0.922493400790815,1.1743218089890524,1.1913891963628704,1.5238912655969696,1.5490181221057113,1.5490181659651214,1.549018182838133,1.5490182138108728,1.7315252968675812,1.7315254145537835,1.7315254176052066,1.7315254193559726,1.7315254209471982,1.7315254226783396,1.7315254249792558,1.7315254280916268,1.7315254345928868
natural_gas_turbine,power,CH,0.053315000304853664,0.053315000549863795,0.05331500093405926,0.05225000173638758,0.052250006672231654,0.05225002656457754,1.2077733015102474,2.2276133152650908,2.2276133315224196,2.2276133402623293,2.5862693985161838,2.6032908485709423,2.6032908717016223,2.6032910972750347,3.3487173048798704,3.6977925176021667,3.697792730556942,4.188840611594132,4.2216448744369215,4.169395091560701,4.169396982522298,7.283745812223504,7.311649211777767,7.311649241204359,7.311649274315243,7.4399138716490425,7.996535330320065,8.216221178461078,8.244887520496734,8.244887643263583
natural_gas_turbine,power,CZ,0.9571300023577437,0.9571300025926051,0.9571300029033679,0.9419500038168385,0.9419500073799221,0.9419500146743629,0.9401500283795727,1.141174533171354,1.5523630736266798,1.625776070105131,1.6696409489785196,1.6696412435757337,1.6696412958238536,1.669641333833699,1.6696414133427169,1.669641527285763,1.6696418492607021,1.6696422954350192,2.4873604867035253,2.487360805757359,2.4873609568465254,5.957854160925494,5.957854434101879,5.957854500321069,5.319882673517755,5.554902043470602,5.5549032874372894,5.627008770928365,5.627009194591272,5.6270092967422505
natural_gas_turbine,power,DE,14.37990309041112,14.463303090703667,14.255403091545771,14.102603093446074,15.483159610891,20.23909532622101,21.933888960404843,27.941515884261136,29.737797766542613,29.548766722015024,30.343355305331052,33.10421416866914,34.08991564559259,37.55851072209116,40.4350535678127,41.38930961607814,44.544481962902644,49.65507159555953,51.93442925893517,56.71116513011853,59.71363940827171,98.1924237660165,98.0392241936853,98.55351500122943,98.58848478940662,100.03420099934941,99.46270129725035,101.97299978173284,104.79576728902957,109.88562995144503
natural_gas_turbine,power,DK,0.346750009222579,0.2755000095069976,0.27550000996093826,0.21550001104053307,0.2155000157400894,0.40516204448964516,0.23716211148702765,0.8811665447125359,1.3788400054041812,1.3849427462137398,1.7932090771938738,1.962976232950886,2.1350289689713553,2.255588175259215,2.3562635631861264,2.356263598462832,2.356263659707848,2.3562637821437407,2.356263949537665,2.3562641455689475,2.6094952056209504,5.04001528630576,5.040015324733072,5.040015367492975,5.040015421602351,5.0400155151043275,5.040015644978046,5.040015821464188,5.040015935621289,5.040016132927076
natural_gas_turbine,power,EE,0.7201807297052549,0.7201807299547662,0.7201807303052347,0.7201807308942314,0.7201807321255972,0.7201807340716441,0.7201807367264156,0.7201807405272441,0.7201807434837607,0.7201807466316925,0.7201807492263795,0.7201807522247815,0.7201807588432316,0.7201807698616779,0.7144807830654617,0.7144807894662387,0.7144807986473775,0.7144808093232667,0.7144808104197106,0.7144808115235995,0.7144808125872499,0.9602078432647456,0.9602078623289267,0.8402079512016417,0.6143330932411352,0.616321829123058,0.6163220281097673,0.6290750063639206,0.6313351424926387,0.6313353048448348
natural_gas_turbine,power,EL,3.370042000070841,3.3700420001493225,3.3700420002384,3.370042000341574,3.370042000460403,3.37004200061837,3.3700420007740925,3.370042000986514,3.3700420012097334,3.3700420014939354,3.3700420019523287,3.3700420026991065,2.8937420045648166,2.8937420064272175,2.7459800098611185,2.7459800138718444,2.3566000260801774,2.2454693651798827,2.2399296680254963,2.2750177663047255,2.299065415261393,2.7503881216291224,2.575988660941648,2.575988662114172,2.5759886644462107,2.5759886661312503,2.5759886676796286,2.5759886700685066,2.5759886730027057,2.5759886794421445
natural_gas_turbine,power,ES,22.944164000051725,22.94416400010774,22.914664000169157,22.555064000236687,22.416064000308303,22.274764000358598,22.04076400045508,21.953184000557894,21.741159000644586,21.539049000784512,20.642519000885667,20.203669001068008,18.062769001226673,16.446619001524216,13.977789001838376,10.395819002425027,5.75426900357542,3.4035490072474204,3.579738933997582,5.594721798027744,6.1787384250149096,6.190273125884988,6.17709314602014,6.850720249524426,6.893793434407777,6.893793439888937,6.893793442617743,6.8937934455400764,6.8937934487453045,6.893793455302116
natural_gas_turbine,power,FI,3.7595705680712553e-06,3.75985492372327e-06,3.76024121569202e-06,3.761031771096851e-06,3.763871005590563e-06,3.771507469566493e-06,0.08405577091674286,0.08405581574180175,0.08405582184528257,0.08405582794038419,0.08405583154948108,0.08405583462851031,0.08405584924314737,0.08405588114225167,0.46367745954450607,0.4636774912833856,0.9193118696517403,0.9193120072474539,0.91931200856196,0.9193120099064788,0.9193120113215485,7.7445881118955935,7.74458813577767,7.744588155086383,7.74458817819742,8.16292998418576,8.457366727438115,8.457367433385413,8.457367691567866,8.457369492590779
natural_gas_turbine,power,FR,7.62379100015975,7.603791000366452,7.603791000665726,7.603791001163142,7.397791002041782,7.397791003559874,7.319791006325941,7.271791017682835,9.860626409306914,10.047511526550354,12.198926933613048,12.624220579229883,15.350761941896911,17.864745455897317,20.676758400427822,24.390878186909394,26.77833437326721,27.26723024292699,31.375093593161598,33.320112331014606,34.55555162276537,34.283160748880206,36.882172625647215,37.8445564673353,37.83315662064297,37.821156840817764,37.82115702511686,37.808857888849765,38.24649367268512,38.31648227334289
natural_gas_turbine,power,HR,0.18478476355431966,0.18478476386651776,0.18478476423169418,0.18478476495567797,0.1847847660814066,0.2195521501399031,0.21955216725058446,0.23639546515744092,0.26127345527233603,0.3174206917036969,0.358096594646383,0.8018239669086039,1.0067321680450203,1.70616735012412,1.750532061458388,1.7505321362548283,1.7505321904301425,1.7505324129463888,1.7505325613537135,1.789505289750819,1.8203923706498901,2.352237996582862,2.3522380535546263,2.352238071166958,2.3522380890115513,2.352238115028036,2.352238151071994,2.352238224335728,2.3522382901460466,2.3522383685387855
natural_gas_turbine,power,HU,3.762600000107761,3.7626000002315685,3.7626000003518008,3.7625999997085757,3.7626000008181393,3.7626000011605187,3.7626000015325043,3.7626000017657657,3.5226000024411435,3.522600003311607,2.963200005202846,2.963200008301693,2.8532000271382962,2.8532000996502997,2.7391002513339324,3.120215732039787,3.505174035041338,3.653988456641308,5.684354259222966,6.1104173318315045,6.118818584791845,6.371631403764328,6.371631449724698,6.371631464931896,6.3716314778320235,6.371631496200946,6.371631517099159,6.371631565282948,6.371631625916692,6.371631688089381
natural_gas_turbine,power,IE,2.7915050001157242,2.7915050002562873,2.791505000435164,2.7875050006796975,2.787505001053148,2.7875050017556653,2.787505002704197,2.76451500375767,2.764515005038804,2.759515006503435,2.759515008117773,2.759515010168299,2.000815019279493,2.0008150275267416,1.9960650390105925,1.6845650494093884,1.3403178350813412,1.2708783837295938,1.3101715840801766,1.318347777179726,1.2537787631744466,1.2537787721235885,1.2537787839764096,1.2537788020535927,1.2537788361247681,1.2134057764115023,1.2134057930424258,1.2134058177034197,1.2134058650553499,1.2134060130264215
natural_gas_turbine,power,IT,36.69641300006959,35.884813000148235,34.81981300021695,34.58381300033843,34.39616800053874,34.22524500044483,33.46424500048487,29.06274499538248,28.21414500111934,26.990144998730344,26.22914500709633,25.659945005677542,23.38294500422029,21.505945003285444,18.669145006318338,14.595450032422796,13.181689349020527,13.729734157066618,14.238382676572922,16.352394005644168,17.030680304465303,23.9771169905309,24.168978826511648,24.053678998743216,24.05367901268268,24.05367904031066,24.053679088409034,24.053679392985067,24.05367944066101,24.053679491399617
natural_gas_turbine,power,LT,0.6169702550110426,0.616970255265239,0.6169702555906729,0.6169702561488286,0.6169702576441072,0.6169702618626257,0.6169702654123885,0.6169702701732018,0.616970272716362,0.6169702758595973,0.6169702780011241,0.616970279877996,0.6169702828751512,0.6169702865380826,0.5959702900780406,0.5959702931757056,0.5953702965118525,0.5953702998773214,0.5603703009375964,0.5603703019226601,0.5603703028606877,0.5133703331295361,0.5133703504661411,0.5133703715297027,0.5133703968392779,0.5133704287766391,0.5133704583668639,0.5133705079201387,0.513370562958052,0.5133706083553261
natural_gas_turbine,power,LU,0.376400000181336,0.37640000039854044,0.37640000071794333,0.3764000012625145,0.37640000279342556,0.3764000063441188,0.37640001156861,0.3764000416779276,0.37640011983408317,0.37640030808267005,0.37640226121469433,0.5561462045898848,0.5606273826755622,0.5852769849358846,0.585277901029024,0.6370907458480016,0.6441794307902935,0.6683621932284146,0.6683625873261184,0.6683628810590718,0.7317192742037986,1.150617922649634,1.1506180949402498,1.1506181532425277,1.150618193884852,1.150618236295339,1.1506182800561084,1.1506183469260476,1.1506184960079266,1.152560276501243
natural_gas_turbine,power,LV,0.3641943640469609,0.364194364294547,0.3641943646394527,0.36419436518343684,0.36419436644195574,0.3641943690251445,0.3641943754995192,0.3640376334783761,0.36403763853482635,0.36403764183148135,0.36403764440382946,0.3640376468383408,0.3640376522270727,0.36403765980928826,0.36403766623434064,0.36403767111110863,0.3160376774393955,0.31603768364193663,0.3160376849077981,0.3122699861103395,0.31226998721761134,1.008440605845561,1.0084406479300432,1.008440717647778,1.1007639763925083,1.100778762734379,1.1007788391441444,1.1007789674186494,1.1007790692563233,1.1007791238725027
natural_gas_turbine,power,NL,13.254000000122872,13.25400000027491,13.254000000440135,13.19400000063711,13.194000000927543,12.17600000177837,11.27700000301654,10.084000006022995,9.454000012699577,9.245000027045233,9.245000143532978,10.499521053440604,10.55282158958715,11.772898719272478,12.256125758252507,12.256125833735382,12.256125893803784,12.250126063789384,12.25012634256129,11.320126889659425,11.143102606619031,14.823178476538793,14.971214692986578,14.129708353149962,14.129708507791523,15.609383739536185,17.307267528944337,18.06750390839203,19.623589239433244,20.006741090896117
natural_gas_turbine,power,NO,1.0126764200145806,1.0126764203140235,1.0126764207536292,1.0126764218627904,1.0126764288931374,2.2098047885450587,2.239191679070418,2.8712700988435396,2.8712701102551472,2.8712701924219153,3.3189566924261915,4.001766171574006,4.393754231957034,4.393754725693456,4.489015419814159,4.489015485745086,4.489015545314895,4.069015741011993,4.069015815773806,4.06901588658959,3.799015989412282,3.7990160528089456,3.799016075579689,3.7990161024489346,3.799016141942444,3.7990162470969606,3.7990164171169636,4.373571420016406,4.3773615142068225,4.392978983064049
natural_gas_turbine,power,PL,3.355627262932059,3.3556272632448154,3.3556272635551228,3.3556272642821265,3.355627266443574,3.6635026247176197,4.003049866396609,8.17504458063063,8.175044647882402,8.17504465453076,8.024744662814815,8.019744669880216,7.722644749393089,8.00665496230503,7.84043029041188,7.901253309703353,8.138129421785157,9.352637299834205,9.399374996876382,10.33913160154912,10.503416034286646,30.494368336718196,30.49436835823239,30.494368419965024,30.494368549967373,30.494368707319055,30.494368754036937,30.863543726419344,30.863560405451622,30.863560462235053
natural_gas_turbine,power,PT,4.298863000051755,4.2988630001079855,4.298863000169301,4.298863000236897,4.298863000311575,4.298863000394435,4.298863000487536,4.294983000592499,3.294783000712291,3.294783000850227,3.220653001005493,3.2152130011898032,3.158913001412273,3.151083001668161,1.942523002058381,1.9026630026246671,1.897540003606916,1.8928600055935736,1.891300016711132,0.9463000965420635,0.8480042748176538,0.8480043531313054,0.7660043893713451,0.7660045722290658,0.766004582528912,0.7660045859051055,0.7660045883311485,0.7660045913558324,0.7660045949257085,0.7660046009649156
natural_gas_turbine,power,RO,1.1442000001262111,1.1872000002825172,1.1872000004890548,1.1872000006893546,1.187200001094736,1.1872000016238626,1.1872000021171085,1.1872000028919703,1.1872000036235875,1.1872000048329518,1.187200006526769,1.1872000079067426,1.1872000098028113,1.1872000129267515,1.1872000146534785,1.1872000159632028,1.187200017531234,1.1862000193796796,1.186200021848349,1.173000026284162,0.9030000429338828,1.456500957823289,1.4862973238271362,1.4862973305962286,1.5033437893334871,1.516048681233857,1.5572546519793156,1.5572546744118467,1.5572546906556766,1.557254718180642
natural_gas_turbine,power,SE,1.6016057535593058,1.6016057538353234,1.601605754261465,1.6016057550742742,1.6016057582418706,1.6016057684222094,1.6016057820926881,2.2367858167052286,3.3236040370932622,4.491120556177884,5.33980484241209,5.829596224543677,6.311335586625857,6.31133659695809,6.311336772425259,6.311336797393332,6.730273107256688,6.730273137620059,6.7302731646788985,6.282273247713674,6.832752988165439,9.225483902175156,9.225483916349244,9.225483924583617,9.225483941854124,9.225484025004096,9.303558297312579,9.311491335998898,9.485751145633117,9.505031484885649
natural_gas_turbine,power,SI,7.06440075279492e-08,7.371102918342816e-08,7.795199986781655e-08,8.961029268629073e-08,1.1199156724995879e-07,1.798007061793625e-07,1.817331521127541e-07,1.8389594715407028e-07,1.871411172882978e-07,1.950650484365185e-07,2.946418590608136e-07,4.2525007412128075e-07,2.4733085396697077e-06,2.6324912553450985e-06,6.991650884766768e-06,8.126570383977901e-06,8.563898041169095e-06,0.19039459438969722,0.40047993629605466,0.40048017742611935,0.4004805367033537,1.8086209469328607,1.8086243106310216,1.8086243646985263,1.8086244034651622,1.808624469019359,1.8086245685296498,2.001746551657079,2.00174669573781,2.001746821372361
natural_gas_turbine,power,SK,0.31898700065877134,0.3189870008665493,0.31898700116179657,0.3189870016423541,0.31898700280286835,0.31883700448113655,0.3188370069090835,0.6010927804470304,0.6014884522396557,0.6024050270355059,0.602709755643768,0.8392400486444532,0.8404966269234585,1.074797865709465,1.5175473203401098,2.6819378491385075,2.6827810040290436,2.7017243453856667,2.7854776840499236,2.702913663126685,3.3404076744450855,4.248212814393564,4.248212893647744,4.24821291590732,4.248212939139335,4.248212982717662,4.248213035280601,4.36613187515638,4.36613216671395,4.366132273452618
natural_gas_turbine,power,UK,32.51987900012357,32.52842900027652,31.906429000442145,30.9324290005704,28.734589000821654,27.75958900126873,25.156589003703377,24.346589006595007,21.44212003859805,22.678406123606802,24.321110731063126,25.688515612983814,27.192698599124295,29.01923244040855,27.435025143760004,27.4350251703309,27.515355805899908,28.836353576053497,28.638914220044498,28.9642515948225,28.552407648501678,28.492408582178886,27.868075626247105,28.496133536554023,29.471168377852887,29.791555058601737,29.42761503959085,29.427615587819275,29.609643403525492,29.751634930364837
natural_gas_turbine_CCS,power,AT,5.434459181948267e-08,5.464282946777079e-08,5.509207305651796e-08,5.7547955777907795e-08,9.583681111866826e-08,1.1439039657637442e-07,1.326949244663412e-07,1.4173429684875076e-07,1.6600177439918207e-07,2.0460065178261643e-07,3.327409418379074e-07,4.4810063781059367e-07,4.5378150418377775e-07,4.551049923959768e-07,4.5587382264002377e-07,4.5643028959978594e-07,4.568861571092771e-07,4.5731540998272137e-07,4.576808775493406e-07,4.5802979314757646e-07,4.583699039462421e-07,4.588155028846213e-07,4.591631278388573e-07,4.594905840980069e-07,4.5985603707915567e-07,4.6029589732710624e-07,4.608375568672006e-07,4.615429308653084e-07,4.626035941527279e-07,4.6518490157743107e-07
natural_gas_turbine_CCS,power,BE,3.1460029500538454e-08,3.438540888608234e-08,3.726106997833351e-08,5.654297238497077e-08,1.1841569291852884e-07,1.9269496026703204e-07,3.7863467132634565e-07,5.692355330731971e-07,1.6325400887765664e-06,3.4319730862536062e-06,2.5715637646957217,2.5715637680188688,2.5715637696284603,2.571563769977327,2.5715637709257337,2.571563770964823,2.5715637714284654,2.5715637720774347,2.571563772071148,2.5715637741385184,2.571563770977526,2.571563769409741,2.5715637733186565,2.5715637736221932,2.5715637737030725,2.571563774205211,2.5715637743415027,2.5715637755270064,2.57156377576153,2.5715637780278127
natural_gas_turbine_CCS,power,BG,2.4895585820847685e-08,2.783979648457036e-08,3.022192695819486e-08,4.425614685472344e-08,7.082624755794703e-08,8.591482393097723e-08,8.9008871637524e-08,9.556401104728016e-08,1.0823421072873806e-07,3.5910556127887123e-07,4.608439997375114e-07,4.705134626070223e-07,4.7365580599621683e-07,4.762756974185198e-07,4.773038795078851e-07,4.778689531346179e-07,4.783273643174359e-07,4.787233314194946e-07,4.790696629797722e-07,4.793753824556126e-07,4.796907586418863e-07,4.800180817750578e-07,4.803484263806445e-07,4.806895427051462e-07,4.81065086047021e-07,4.814901636603399e-07,4.819822460798375e-07,4.826063440426836e-07,4.835196889490763e-07,4.85523583152395e-07
natural_gas_turbine_CCS,power,CH,3.259498764046006e-08,3.4172966325147176e-08,3.608933259087711e-08,4.840304816461685e-08,9.785616942824894e-08,1.1768751818625296e-07,1.4301666975468294e-07,1.729824188043821e-07,1.9021740492814175e-07,2.1893216859365402e-07,4.031315633559024e-07,4.6084483087395683e-07,4.6939843305417203e-07,4.721902700243604e-07,4.73378902153757e-07,4.7409426257824566e-07,4.7464045158920635e-07,4.751139178378631e-07,4.7550231738087814e-07,4.7587798969602e-07,4.7626676231237116e-07,4.767309313359898e-07,4.770953173689132e-07,4.774117003695118e-07,4.777469100734697e-07,4.78152287300868e-07,4.786369383658961e-07,4.792530598383022e-07,4.80135507538793e-07,4.820138783608582e-07
natural_gas_turbine_CCS,power,CZ,5.345849067581408e-08,5.3755400535252086e-08,5.42086865825829e-08,5.6899844893424515e-08,9.121016514719954e-08,1.0572388311477852e-07,1.2283524095100502e-07,1.518947225258125e-07,1.8147175386489523e-07,2.2104008356318277e-07,2.506916068106226e-07,2.547474665048848e-07,2.564940587141747e-07,2.574876329595112e-07,2.5822710519739466e-07,2.588190558134974e-07,2.593749314328329e-07,2.5990813701333925e-07,2.6039364914410626e-07,2.6084518701320844e-07,2.612947740795268e-07,2.617920820523298e-07,2.622269769825452e-07,2.6267465942622573e-07,2.632034569692075e-07,2.6383476434716373e-07,2.6460357207772566e-07,2.6557701343052804e-07,2.6697533485146096e-07,2.7040249540677686e-07
natural_gas_turbine_CCS,power,DE,6.119154497384589e-08,6.149874849547748e-08,6.208335150702495e-08,6.985899919187616e-08,1.666606113454466e-07,2.155924782397167e-07,3.3639081612687966e-07,5.136486745867784e-07,9.547816722165761e-07,1.0069204141251438e-06,1.010560802858771e-06,1.0120704143626087e-06,1.012956938193595e-06,1.0135962730848175e-06,1.014119472741473e-06,1.0145708655410811e-06,1.0149945459325172e-06,1.0154470289153537e-06,1.0158192235043453e-06,1.0162042126985639e-06,1.0165674644066595e-06,1.016924592628647e-06,1.0172682677136746e-06,1.0176025362576097e-06,1.0179143895876912e-06,1.0182549558583108e-06,1.0186514575649615e-06,1.0191752421277898e-06,1.019943302663346e-06,1.0216859893196217e-06
natural_gas_turbine_CCS,power,DK,5.233717143840236e-08,5.265313994472101e-08,5.3163324211567597e-08,5.745228143425294e-08,9.64838828619267e-08,1.6400799684700328e-07,2.0292133692319505e-07,2.7222645389912785e-07,3.6033576601502457e-07,4.0161354727598023e-07,4.1253055910572164e-07,4.145021185782459e-07,4.153946786932354e-07,4.159564192422066e-07,4.163949577072467e-07,4.1675345436101683e-07,4.170915439187694e-07,4.1743068300448513e-07,4.177338231674731e-07,4.1805503654023477e-07,4.184102511836463e-07,4.1881348732845473e-07,4.1918909942738625e-07,4.195678642538892e-07,4.1994888834886115e-07,4.203812543362036e-07,4.2086026642233617e-07,4.2142669216806267e-07,4.222138272462797e-07,4.2401517458441575e-07
natural_gas_turbine_CCS,power,EE,4.8377977933342965e-08,4.8642659489532363e-08,4.9074993292192944e-08,5.036686954189571e-08,6.030184620952635e-08,7.059936431638624e-08,8.106955747898573e-08,9.140839913800702e-08,9.853118722530003e-08,1.0701331214034551e-07,1.1944662060604977e-07,1.2489112889744559e-07,1.4055533830214664e-07,1.5304185769916838e-07,1.646239358355033e-07,1.6981191156456372e-07,1.7357156304871262e-07,1.7574596164306432e-07,1.7660391975054746e-07,1.7739818306831735e-07,1.7806290831167332e-07,1.7954902009281041e-07,1.8067648081310307e-07,1.8181017046261482e-07,1.8311447593689084e-07,1.8462343977884873e-07,1.864401622007864e-07,1.8870241372179524e-07,1.917675262271723e-07,1.9938074670007007e-07
natural_gas_turbine_CCS,power,EL,2.6976981784942777e-08,2.9744542711612627e-08,3.188470157844961e-08,4.200497946401728e-08,5.5754858394061584e-08,6.231479931916087e-08,7.079413702240717e-08,7.937416797693302e-08,8.712886713047917e-08,1.0403084991675612e-07,1.5949888021656526e-07,2.106128695359256e-07,5.316182646505787e-07,5.390135716345456e-07,5.40826128608324e-07,5.415435640100294e-07,5.421366368139174e-07,5.42667469678421e-07,5.430506827042332e-07,5.433615386135163e-07,5.436754318564066e-07,5.439971884876559e-07,5.443168660854089e-07,5.446490047474398e-07,5.450184236561666e-07,5.454482816511907e-07,5.459394247386664e-07,5.465665975161497e-07,5.474569276084807e-07,5.493657225211626e-07
natural_gas_turbine_CCS,power,ES,2.6073054543992728e-08,2.89532616666941e-08,3.082681861122074e-08,3.601443134995687e-08,4.0156519495579247e-08,4.3377129979157775e-08,4.713999973231337e-08,5.0855291488619536e-08,5.495463145662655e-08,5.867595726872406e-08,6.350604988023725e-08,6.862636783186898e-08,7.384547019719013e-08,7.909839217331218e-08,8.425762584598807e-08,8.948733189509752e-08,9.772124931327877e-08,1.271369661017429e-07,1.6676106807413132e-07,1.7263004424587061e-07,1.7593104670710625e-07,1.7835909086517245e-07,1.8047558734259067e-07,1.830069084909181e-07,1.8748101826335278e-07,1.9044279136601817e-07,1.9280012371414004e-07,1.964392499578816e-07,2.006060201496846e-07,2.0713848241831208e-07
natural_gas_turbine_CCS,power,FI,4.750824782293985e-08,4.7814767572987365e-08,4.8287460393602653e-08,5.0266759507975395e-08,6.413739569746009e-08,7.290837254193014e-08,8.31200326033066e-08,1.0049524684633906e-07,1.1070358270746913e-07,1.1918264292467564e-07,1.29641371014338e-07,1.3577568827084545e-07,1.580067665274251e-07,1.7670959788250837e-07,2.1342607259503937e-07,2.2889925589161477e-07,2.4887942444940743e-07,2.526564317797339e-07,2.5367142883404244e-07,2.54606036258272e-07,2.553811063899756e-07,2.574894071054357e-07,2.58581963616593e-07,2.5940490159746766e-07,2.602401421015942e-07,2.611216928411152e-07,2.620660608110982e-07,2.6337822794419816e-07,2.6551508540632183e-07,2.7133192065074636e-07
natural_gas_turbine_CCS,power,FR,2.6294866784590044e-08,2.9184475772198054e-08,3.181521120393573e-08,4.1656193137357534e-08,6.350014613649104e-08,7.813201948499552e-08,8.672542151807581e-08,9.727698060358797e-08,1.0753231739000303e-07,1.1637845954760026e-07,1.3087064633641877e-07,1.4467228112642269e-07,1.5884164145468396e-07,1.7377737968181746e-07,1.93774050348153e-07,2.1088519278627073e-07,2.141795775934212e-07,2.1596987130270456e-07,2.1726773789405178e-07,2.1821888651780542e-07,2.1898167497936753e-07,2.1968461162123653e-07,2.202694401546895e-07,2.2077344041914774e-07,2.2129365755297037e-07,2.2192556826166962e-07,2.227108134260728e-07,2.237006423981526e-07,2.250343808523551e-07,2.28237240829275e-07
natural_gas_turbine_CCS,power,HR,5.937297922360007e-08,5.971410876338338e-08,6.021546086176848e-08,6.212736150630662e-08,7.963046130895908e-08,1.5424757691637997e-07,1.6874265249188942e-07,2.204664440441743e-07,2.7949594156307476e-07,3.6353113781465905e-07,3.7794224641837515e-07,3.8001094198991565e-07,3.810206921077923e-07,3.8161210334604715e-07,3.820656820212081e-07,3.82433315402575e-07,3.827665567870271e-07,3.8309144971166526e-07,3.834019190280841e-07,3.836992061517315e-07,3.8399912973825376e-07,3.8430962705849e-07,3.846024799471058e-07,3.849160968452164e-07,3.852863714002165e-07,3.8573728072135273e-07,3.86308326179778e-07,3.8706946669944164e-07,3.8822950290591605e-07,3.913607411047967e-07
natural_gas_turbine_CCS,power,HU,2.8147355637167982e-08,3.02701520308818e-08,3.2121391779014775e-08,4.1369025219576784e-08,5.302976882425677e-08,7.074286696764701e-08,7.376152414377098e-08,7.790270566256743e-08,8.428791655852551e-08,9.504780688671736e-08,1.2666754725922533e-07,1.494829471274006e-07,1.7748417133178256e-07,1.8218038603349621e-07,1.8563556886556275e-07,1.8821688127172083e-07,1.9026915234185378e-07,1.9209670627827697e-07,1.9364647842353955e-07,1.948613930356584e-07,1.958718754849531e-07,1.967114252712388e-07,1.9748720223954763e-07,1.9828090635793625e-07,1.9922849424202935e-07,2.00360265340878e-07,2.0171689915067822e-07,2.033273155581248e-07,2.055747820225883e-07,2.1194307410907575e-07
natural_gas_turbine_CCS,power,IE,2.914882835006955e-08,3.217644920270089e-08,3.421272848926694e-08,4.335671339227481e-08,5.3019563055936836e-08,8.901167694772406e-08,1.0312675758217222e-07,1.205188946682584e-07,1.424373314005438e-07,1.6866404355258278e-07,2.1054808774952644e-07,2.309653186700877e-07,2.9092753388970617e-07,2.9721085957667506e-07,3.008114149382551e-07,3.02737561318829e-07,3.0409144356333055e-07,3.0504720271043566e-07,3.0576458313891336e-07,3.063657402971434e-07,3.068810339985118e-07,3.073465602540559e-07,3.0779973923076565e-07,3.0825063031640363e-07,3.087629465482676e-07,3.0937808072567484e-07,3.101139386313857e-07,3.1101537902071637e-07,3.1225867615792774e-07,3.1505824523228354e-07
natural_gas_turbine_CCS,power,IT,3.1959324292085864e-08,3.516752887734302e-08,3.7140310482507686e-08,4.487102915201019e-08,5.712819479588629e-08,6.490004318770219e-08,7.345005715638881e-08,9.969943206804094e-08,1.2206066757265227e-07,1.4129010407644093e-07,1.6895039549702458e-07,3.0017988211593374e-07,3.310840903133852e-07,3.337188082818244e-07,3.3474704390325817e-07,3.3546487252099176e-07,3.361273922674384e-07,3.367006926340088e-07,3.3714819428966524e-07,3.375641204505253e-07,3.379707440150485e-07,3.3836702365779216e-07,3.387204505104618e-07,3.390778115083993e-07,3.394685339673909e-07,3.39938595613039e-07,3.404730044132526e-07,3.411350882233695e-07,3.420795620458809e-07,3.443084429169999e-07
natural_gas_turbine_CCS,power,LT,4.7142221786850635e-08,4.740851594398319e-08,4.7807300333323825e-08,4.894950168134805e-08,5.8168708182501615e-08,7.279662488636197e-08,8.058129873196759e-08,8.772949837287826e-08,9.404163173472206e-08,1.0129384264022235e-07,1.102629714280667e-07,1.1617186732463342e-07,1.291988783396917e-07,1.397729637453427e-07,1.4739801782897425e-07,1.519424110238803e-07,1.5568417569228167e-07,1.5844051793296794e-07,1.594576744018245e-07,1.603574754315705e-07,1.610694348744055e-07,1.6298416512450226e-07,1.6446158062625436e-07,1.659295168276129e-07,1.677033709302178e-07,1.697914736350224e-07,1.722235475687772e-07,1.7504076821447445e-07,1.78452118784071e-07,1.8664259107203725e-07
natural_gas_turbine_CCS,power,LU,2.712961051411997e-08,2.9845676636713625e-08,3.252044633124538e-08,4.3120056414652005e-08,6.817951396308743e-08,8.503296444935407e-08,9.466299005704874e-08,1.0446292974388928e-07,1.1264655648656502e-07,1.1996883890019043e-07,1.340336286214351e-07,1.4542429013243525e-07,1.599342155916109e-07,1.7341966676212288e-07,1.8947067475815463e-07,2.004005882842845e-07,2.0295212561323315e-07,2.0445908738302776e-07,2.0569218785654865e-07,2.067050589602373e-07,2.0759846957473002e-07,2.0841317839458788e-07,2.0912601588197707e-07,2.0977999363071737e-07,2.1048361248233104e-07,2.1129194263866322e-07,2.122857726218375e-07,2.1353154351372542e-07,2.152840286388597e-07,2.1974741466020414e-07
natural_gas_turbine_CCS,power,LV,4.716742797684832e-08,4.7433326959862034e-08,4.783462393107202e-08,4.897921563659185e-08,5.833599525049794e-08,6.83341090956928e-08,8.061331209813664e-08,8.85884873218713e-08,9.504231021260465e-08,1.0295908118974638e-07,1.1399083620993428e-07,1.192419922746184e-07,1.330659163292107e-07,1.454404837992264e-07,1.5352579877768684e-07,1.581667160551908e-07,1.6198127678519864e-07,1.6477873142119714e-07,1.6584254523163352e-07,1.66803302596685e-07,1.6756826174102736e-07,1.6964376769979865e-07,1.7117241287850962e-07,1.7263524996648623e-07,1.743076013490298e-07,1.76225772347897e-07,1.78428631222206e-07,1.8104429869851367e-07,1.8432536460907559e-07,1.9211687478997564e-07
natural_gas_turbine_CCS,power,NL,3.1197542178910675e-08,3.401038558929742e-08,3.595194112137593e-08,4.7602869261668066e-08,5.721036633811819e-08,1.0733580201530051e-07,1.7889334310073772e-07,3.1516270050519546e-07,5.6252618443038e-07,5.728101329404034e-07,5.756075993444925e-07,5.769136547319724e-07,5.776587769951275e-07,5.781677608609052e-07,5.785886535983246e-07,5.78954473166952e-07,5.79302898220851e-07,5.796836544115621e-07,5.800142742955558e-07,5.803485676414899e-07,5.806897218706592e-07,5.810328895078703e-07,5.813671491743483e-07,5.817068218397563e-07,5.820127124578361e-07,5.8236829372245e-07,5.827832871299448e-07,5.832947540600009e-07,5.840316128443864e-07,5.858006530433372e-07
natural_gas_turbine_CCS,power,NO,4.973115745775124e-08,5.005687964396195e-08,5.0625464248206184e-08,5.3286231429288e-08,7.7268062126928e-08,9.011646637822597e-08,1.0046550551065276e-07,1.2462855033509087e-07,1.3672952911171075e-07,1.5410824948695924e-07,1.9054825634182848e-07,2.3516096032456342e-07,2.6989054827981333e-07,3.189066277552815e-07,3.3215991959483286e-07,3.358306100833246e-07,3.3789194282917476e-07,3.3923479481430087e-07,3.4024543138567325e-07,3.410990453112136e-07,3.418258310442086e-07,3.424841431149796e-07,3.4302926234264446e-07,3.4352079758961977e-07,3.4401136767536087e-07,3.445525855956385e-07,3.45147811267032e-07,3.4596655077692106e-07,3.4727281652054024e-07,3.505695163756479e-07
natural_gas_turbine_CCS,power,PL,4.822628127068006e-08,4.849384872783307e-08,4.8915911956108736e-08,5.095073501890966e-08,7.203632971516475e-08,9.172988736653977e-08,1.03841772149982e-07,1.2004159429081878e-07,1.4526965179729095e-07,1.6656149097474292e-07,1.8669201209700137e-07,1.9523016244223478e-07,2.1650716134610044e-07,2.2131898159803293e-07,2.2391400298809507e-07,2.255123518914264e-07,2.2682448521473615e-07,2.2800653227791517e-07,2.2900009252915389e-07,2.299173253072635e-07,2.3067878280959393e-07,2.3155164185960782e-07,2.3222528747686604e-07,2.3286867062899532e-07,2.3358661795216061e-07,2.3444935402398395e-07,2.3550704353907876e-07,2.3694073337062002e-07,2.3891089346285705e-07,2.435850845765041e-07
natural_gas_turbine_CCS,power,PT,2.5143070859055218e-08,2.7850193136643332e-08,2.9406957164057933e-08,3.403330147220711e-08,3.7685676349453395e-08,4.063287562120786e-08,4.3900209883533046e-08,4.694228769002324e-08,5.0338197278763013e-08,5.368553781042108e-08,5.8147909513394544e-08,6.278834066713859e-08,6.732062181530864e-08,7.20250840445358e-08,7.681384312680782e-08,8.171961030758884e-08,8.90101567585828e-08,1.1040852536213899e-07,1.4090839732525058e-07,1.4725703399810926e-07,1.5140469312153797e-07,1.5444779830821087e-07,1.5741535519065245e-07,1.6126526745183813e-07,1.6608412693483368e-07,1.690496216872497e-07,1.7136114321027488e-07,1.7494933998765243e-07,1.7910928990530504e-07,1.8582098237821847e-07
natural_gas_turbine_CCS,power,RO,2.499665446764257e-08,2.8397637840088274e-08,3.2375700644744375e-08,4.667027443741773e-08,6.657020381338789e-08,9.594327440309672e-08,9.986396866988821e-08,1.085678101717055e-07,1.1758816924654064e-07,1.4027172290980897e-07,2.0229810991004672e-07,2.1627656343282865e-07,2.2536360764985774e-07,2.3057154085894308e-07,2.3193966068169956e-07,2.3276852885382728e-07,2.3352153819363214e-07,2.3414382046557949e-07,2.346969876527584e-07,2.351863903786274e-07,2.356663895431839e-07,2.3612710904560143e-07,2.36585086202164e-07,2.3707303988964493e-07,2.3770689882541963e-07,2.384850993749781e-07,2.394772236282109e-07,2.407419841768079e-07,2.426569281215813e-07,2.470331890503912e-07
natural_gas_turbine_CCS,power,SE,4.920148194807321e-08,4.950644738481267e-08,5.005119597105046e-08,5.25210039210328e-08,7.100590088293641e-08,8.239814160582849e-08,9.132874068492309e-08,1.0955315516884859e-07,1.247848392522e-07,1.3919357744378584e-07,1.6949913686406913e-07,2.0221604937913357e-07,2.4063473401287334e-07,2.780676556859626e-07,3.2151642269333837e-07,3.3090874597973235e-07,3.3616715124152225e-07,3.383365951263695e-07,3.400650719608951e-07,3.415213964691623e-07,3.426486746080025e-07,3.4352717080561066e-07,3.4421817094189426e-07,3.4481858005905876e-07,3.4544595169841963e-07,3.461458456161659e-07,3.469399417900504e-07,3.4803146318136245e-07,3.4975395616896806e-07,3.5391871139616204e-07
natural_gas_turbine_CCS,power,SI,3.142702576924434e-08,3.3439647056536515e-08,3.5099618219200103e-08,4.4641037068052954e-08,5.8085039450642846e-08,8.306217800477452e-08,8.606560916248189e-08,8.986624609702554e-08,9.6877276990711e-08,1.1175344182880635e-07,2.047367047798528e-07,2.380927192647119e-07,2.4301819685161405e-07,2.4410647272815674e-07,2.448628798970756e-07,2.4534511829629867e-07,2.4577149057564207e-07,2.461780527922698e-07,2.465747113500209e-07,2.4695448643576107e-07,2.473349416977511e-07,2.4771632771502796e-07,2.48086815389235e-07,2.4850250871723947e-07,2.490095008878121e-07,2.4962098349320643e-07,2.5038494691991065e-07,2.513474201173737e-07,2.527139566562366e-07,2.5614726276316493e-07
natural_gas_turbine_CCS,power,SK,4.3778448898894684e-08,4.408515162874047e-08,4.4543574293625435e-08,4.609918907845734e-08,6.211451382089009e-08,7.357832449191324e-08,8.01831211534656e-08,1.3984303389790072e-07,1.697821916404449e-07,2.1557771452672624e-07,2.434608327798564e-07,2.4794178453092496e-07,2.5015849802005045e-07,2.514726430927081e-07,2.524896522974896e-07,2.533435534433922e-07,2.541060718278834e-07,2.5481608940253277e-07,2.554639217888628e-07,2.5605569972384857e-07,2.566208632151649e-07,2.5712791539103745e-07,2.5759951624817575e-07,2.5809094099656563e-07,2.5868510440650363e-07,2.5942461069040096e-07,2.6033992449666137e-07,2.6151182539594663e-07,2.6324514808489415e-07,2.67947867117525e-07
natural_gas_turbine_CCS,power,UK,2.7469193651718728e-08,3.025373185156168e-08,3.2644760408523026e-08,4.1577806353454e-08,5.130430387108017e-08,8.822056965879345e-08,1.0903363082490527e-07,1.338290265588477e-07,1.647477673108282e-07,2.220694174886914e-07,2.8805105450215125e-07,3.02028014098374e-07,3.055663654045179e-07,3.0743349737107124e-07,3.087698513002569e-07,3.0970537902088074e-07,3.104590646193972e-07,3.1109024794992565e-07,3.1162266007623037e-07,3.1210252282688673e-07,3.125581926462378e-07,3.1300875862019934e-07,3.1346149062763935e-07,3.139077402544101e-07,3.143804025286054e-07,3.149363462671851e-07,3.156243219806451e-07,3.165164884142729e-07,3.177865146912725e-07,3.206242565954159e-07
nuclear,power,AT,0.0,0.0,0.0,0.0,0.0,0.0,0.0,0.0,0.0,0.0,0.0,0.0,0.0,0.0,0.0,0.0,0.0,0.0,0.0,0.0,0.0,0.0,0.0,0.0,0.0,0.0,0.0,0.0,0.0,0.0
nuclear,power,BE,5.943,5.943,5.943,5.943,5.943,5.943,5.943,5.943,5.943,5.943,7.967202399632588e-08,9.346471591919467e-08,1.0431923671161793e-07,1.1842848331923938e-07,1.3110364034690433e-07,1.4046880046753363e-07,1.617958898349041e-07,2.0072693321095214e-07,2.8049057187512887e-07,4.732567521084182e-07,0.872703465780771,2.7999591344746855,3.0620010121340155,4.223206326542016,4.896504645310735,5.942999456785457,5.942999940660892,5.942999951202692,5.942999967595389,5.942999962815754
nuclear,power,BG,4.022,4.022,4.022,4.022,4.022,4.022,4.022,4.022,4.022,4.549261789285841e-08,5.3602427302459504e-08,5.7043060922507344e-08,5.9399637480423955e-08,6.244147683181842e-08,6.753343244576379e-08,7.151885233187059e-08,7.63537898110654e-08,8.145604656772901e-08,8.902742789657776e-08,9.847312448939838e-08,1.1041724894977365e-07,1.2011911865659008e-07,1.3140092656246121e-07,1.4062323024622384e-07,1.4809491421199076e-07,1.5480051238133186e-07,1.6217866901041186e-07,1.706097478198095e-07,1.8069487333339554e-07,1.9638509114059729e-07
nuclear,power,CH,2.92,2.92,2.92,2.92,2.1900000000480073,2.190000000102577,2.190000000165845,2.1900000002406665,2.1900000003236633,2.190000000430131,2.1900000005502056,2.1900000006931655,2.190000000866336,2.1900000010798806,1.2200000013572951,1.2200000017093828,1.2200000022312143,1.2200000030697455,1.220000004923586,1.9163769215467767e-07,2.5427634907183847e-07,2.6883225212672277e-07,2.861731709785368e-07,3.129934975843423e-07,3.639007899869853e-07,4.660701024169043e-07,5.315449424631185e-07,6.311845918457315e-07,7.964368668365444e-07,9.339095317695813e-07
nuclear,power,CZ,2.056,2.056,2.056,2.056,2.056,2.056,2.056,2.056,2.056,2.056,2.056,2.056,2.056,2.056,2.056,2.056,2.056,2.056,2.056,2.056,2.056,2.056,2.056,2.056,2.056,2.056,2.056,2.056,2.056,2.056
nuclear,power,DE,6.615,6.615,6.615,6.615,6.615,6.615,6.615,6.615,6.615,6.615,6.615,5.180000000198186,5.1800000004352516,5.1800000007272855,2.79300000114982,2.793000001624573,2.7930000022603063,2.7930000032611115,2.7930000050178183,2.793000008970703,1.3630000349233145,6.614998997271684,6.61499991527115,6.614998279660125,6.614999090256355,6.614999640753158,6.614999715186898,6.6149999318718775,6.61499994986727,6.614999959831266
nuclear,power,DK,0.0,0.0,0.0,0.0,0.0,0.0,0.0,0.0,0.0,0.0,0.0,0.0,0.0,0.0,0.0,0.0,0.0,0.0,0.0,0.0,0.0,0.0,0.0,0.0,0.0,0.0,0.0,0.0,0.0,0.0
nuclear,power,EE,0.0,0.0,0.0,0.0,0.0,0.0,0.0,0.0,0.0,0.0,0.0,0.0,0.0,0.0,0.0,0.0,0.0,0.0,0.0,0.0,0.0,0.0,0.0,0.0,0.0,0.0,0.0,0.0,0.0,0.0
nuclear,power,EL,0.0,0.0,0.0,0.0,0.0,0.0,0.0,0.0,0.0,0.0,0.0,0.0,0.0,0.0,0.0,0.0,0.0,0.0,0.0,0.0,0.0,0.0,0.0,0.0,0.0,0.0,0.0,0.0,0.0,0.0
nuclear,power,ES,7.163,7.163,7.163,7.163,7.163,7.163,7.163,7.163,7.163,7.163,7.163,7.163,7.163,7.163,7.163,7.163,7.163,7.163,5.146000000149817,3.154000000407927,2.090000000809942,2.0900000009798747,2.090000001992652,9.070093911019334e-08,1.0386741103490806e-07,1.1265046059994634e-07,1.1978142675998026e-07,1.2811173110594408e-07,1.3753796448808474e-07,1.5081456695948147e-07
nuclear,power,FI,3.301,3.301,3.301,3.301,3.301,3.301,3.301,3.301,3.301,3.301,3.301,3.301,2.7940000001083916,2.7940000002566214,1.0140000004877667,1.0140000009327597,5.2558416176769536e-08,5.994894815271262e-08,6.286937983910295e-08,6.69945926602992e-08,7.364871005946716e-08,9.05056018668731e-08,9.872751419315462e-08,1.0569781731861255e-07,1.1428851265650088e-07,1.2415504437327907e-07,1.341489057528057e-07,1.43923350196939e-07,1.5646775165660948e-07,1.7757425895672655e-07
nuclear,power,FR,64.65,64.65,61.650000000008816,61.650000000021954,61.65000000008223,61.6500000000687,61.64999999991003,58.070000000165095,58.07000000030217,58.07000000036428,58.07000000061974,58.07000000030983,58.07000000029054,58.07000000044503,58.07000000057195,45.389999995755936,41.75000000557908,41.7500000005086,39.9200000003008,32.63999999509265,27.320000001101718,20.359999999442692,15.160000005550245,9.91999999414122,9.920000003542286,5.610000002307562,2.990000002396444,2.990000003110817,2.990000004168373,2.990000006060373
nuclear,power,HR,0.0,0.0,0.0,0.0,0.0,0.0,0.0,0.0,0.0,0.0,0.0,0.0,0.0,0.0,0.0,0.0,0.0,0.0,0.0,0.0,0.0,0.0,0.0,0.0,0.0,0.0,0.0,0.0,0.0,0.0
nuclear,power,HU,2.0,2.0,2.0,2.0,2.0,2.0,2.0,2.0,2.0,2.0,2.0,2.0,2.0,2.0,2.0,2.0,2.0,2.0,6.97471627088249e-08,8.034884096949643e-08,8.974048039783817e-08,9.631703905796521e-08,1.0240492089165497e-07,1.0851440460601354e-07,1.1474176516276278e-07,1.211710051059281e-07,1.280313214552543e-07,1.3583417115481987e-07,1.457067066762049e-07,1.60371501659974e-07
nuclear,power,IE,0.0,0.0,0.0,0.0,0.0,0.0,0.0,0.0,0.0,0.0,0.0,0.0,0.0,0.0,0.0,0.0,0.0,0.0,0.0,0.0,0.0,0.0,0.0,0.0,0.0,0.0,0.0,0.0,0.0,0.0
nuclear,power,IT,0.0,0.0,0.0,0.0,0.0,0.0,0.0,0.0,0.0,0.0,0.0,0.0,0.0,0.0,0.0,0.0,0.0,0.0,0.0,0.0,0.0,0.0,0.0,0.0,0.0,0.0,0.0,0.0,0.0,0.0
nuclear,power,LT,0.0,0.0,0.0,0.0,0.0,0.0,0.0,0.0,0.0,0.0,0.0,0.0,0.0,0.0,0.0,0.0,0.0,0.0,0.0,0.0,0.0,0.0,0.0,0.0,0.0,0.0,0.0,0.0,0.0,0.0
nuclear,power,LU,0.0,0.0,0.0,0.0,0.0,0.0,0.0,0.0,0.0,0.0,0.0,0.0,0.0,0.0,0.0,0.0,0.0,0.0,0.0,0.0,0.0,0.0,0.0,0.0,0.0,0.0,0.0,0.0,0.0,0.0
nuclear,power,LV,0.0,0.0,0.0,0.0,0.0,0.0,0.0,0.0,0.0,0.0,0.0,0.0,0.0,0.0,0.0,0.0,0.0,0.0,0.0,0.0,0.0,0.0,0.0,0.0,0.0,0.0,0.0,0.0,0.0,0.0
nuclear,power,NL,0.482,0.482,0.482,0.482,0.482,0.482,0.482,0.482,4.428376382758187e-08,5.17754143539084e-08,5.957754988848503e-08,6.452376109994163e-08,6.891424703985739e-08,7.305472830629496e-08,7.626012441147423e-08,7.954058629886408e-08,8.471555049995328e-08,9.19730700171364e-08,1.0180942027191177e-07,1.1489508351135719e-07,1.3780310642428655e-07,1.535475265863185e-07,1.6821511794956827e-07,1.914280171620756e-07,2.2957875292566065e-07,2.927214451056818e-07,3.4855844307021083e-07,4.4093247448522414e-07,5.95494268998621e-07,1.0155072192259197e-06
nuclear,power,NO,0.0,0.0,0.0,0.0,0.0,0.0,0.0,0.0,0.0,0.0,0.0,0.0,0.0,0.0,0.0,0.0,0.0,0.0,0.0,0.0,0.0,0.0,0.0,0.0,0.0,0.0,0.0,0.0,0.0,0.0
nuclear,power,PL,0.0,0.0,0.0,0.0,0.0,0.0,0.0,0.0,0.0,0.0,0.0,0.0,0.0,0.0,0.0,0.0,0.0,0.0,0.0,0.0,0.0,0.0,0.0,0.0,0.0,0.0,0.0,0.0,0.0,0.0
nuclear,power,PT,0.0,0.0,0.0,0.0,0.0,0.0,0.0,0.0,0.0,0.0,0.0,0.0,0.0,0.0,0.0,0.0,0.0,0.0,0.0,0.0,0.0,0.0,0.0,0.0,0.0,0.0,0.0,0.0,0.0,0.0
nuclear,power,RO,2.74,2.74,2.74,2.74,2.74,2.74,2.74,2.74,2.74,2.74,2.74,2.74,2.74,2.74,2.74,2.74,2.74,2.74,2.74,2.74,2.74,2.74,2.74,2.74,2.74,2.74,2.74,2.74,2.74,2.74
nuclear,power,SE,6.96,6.96,6.96,6.96,6.96,6.96,6.96,5.510000000032896,5.510000000081103,5.510000000116328,3.320000000163166,3.3200000002225916,3.3200000002893058,3.32000000034235,3.320000000516164,2.3100000006111867,1.1900000007684426,1.1900000009500415,1.1900000012665588,1.1900000019492023,7.88054891775232e-08,9.72368797085599e-08,1.0692694579453698e-07,1.1506045186868453e-07,1.2369685969426406e-07,1.3286363675116845e-07,1.4287516327002298e-07,1.5413192226886703e-07,1.6726430389379305e-07,1.8725478159808154e-07
nuclear,power,SI,0.696,0.696,0.696,0.696,0.696,0.696,0.696,0.696,0.696,0.696,0.696,0.696,0.696,0.696,0.696,0.696,0.696,0.696,8.675434936285352e-08,1.0000314456422212e-07,1.1228232830413066e-07,1.195611215504354e-07,1.264733086694241e-07,1.3428783492567416e-07,1.4301933424158238e-07,1.5123902503128803e-07,1.60935644943735e-07,1.7056900313899327e-07,1.8065878170700318e-07,1.9778033308650338e-07
nuclear,power,SK,2.684,2.684,2.684,2.684,2.684,2.684,2.684,0.9360000000456797,0.9360000000873367,0.9360000001509634,0.9360000002064552,0.9360000002754808,0.9360000003458008,0.936000000430529,0.9360000005141053,0.9360000006148813,0.9360000007337747,0.9360000008688104,0.9360000010300102,0.9360000012225549,0.9360000014515333,0.9360000017217588,0.9360000020396201,0.9360000024615687,0.9360000029915507,0.9360000037052099,0.9360000046745155,0.936000006039177,0.9360000083059656,0.9360000130305395
nuclear,power,UK,6.848,6.848,6.848,6.848,6.848,6.848,6.848,6.848,6.848,6.848,6.848,5.883000000037516,5.883000000077886,5.883000000123244,5.8830000001791705,5.883000000229771,5.883000000279876,5.883000000364411,5.883000000439578,5.8830000005415375,5.883000000635073,5.883000000754488,5.883000000880806,4.683000001226256,1.1980000012913856,1.198000001524265,1.198000001920852,1.1980000023402178,1.1980000030075506,1.198000004449352
photovoltaics,power,AT,36.77186533249452,37.51186533397607,37.51186533621755,37.51186533610973,37.511865339297835,37.51186534686982,37.511865371908186,37.511865468892076,38.75875108064787,39.27447093581159,43.38673652318534,43.38627943652642,43.38559377325214,43.384679542504244,43.38353673527911,44.288426419339835,46.37541446030093,48.14369674958925,48.13929686102885,48.11909762710981,52.11857281544375,57.37489991855912,57.37490168367912,57.37490308319033,57.374906111839735,61.13374840430823,61.17924354094355,62.41834004105351,64.16640388294627,67.0376335155394
photovoltaics,power,BE,6.284904117911244,6.870304388375265,6.870304389788924,6.870304391370343,6.8703043948069,6.870304408877515,6.870304537624876,10.049566763590676,10.5783780518208,10.686636918698278,19.163133197837606,19.804136130014943,19.802207671746356,19.902010301944024,19.898796161300123,19.894941207512577,19.890441348759566,21.50790914618546,21.859910978992314,21.300844170966343,20.86380062370255,19.79591188372714,19.101912915067835,18.833227622080422,18.72691727191313,21.853658953379938,22.407234495276867,22.466623923492094,25.594826624751082,25.524400367072506
photovoltaics,power,BG,5.463757908275956,5.623757917600212,5.6237579214237226,5.623757925255131,5.62375793664101,6.804756847523399,7.149046929103019,7.509475045569902,7.89866879025304,8.744605872453569,8.744605931478024,8.744605953915839,8.744605970404901,8.7446059998872,8.79705470470083,9.273690016661117,9.273690241408246,9.273690291250084,9.272490347388617,9.267490482534868,9.237090735235295,9.509344947119576,8.814922685000104,9.18225855171986,9.241145799582474,9.222163821417254,9.21716488013619,9.371308422842109,9.417796370308327,13.183427434465662
photovoltaics,power,CH,26.38134308289211,27.06434308720098,27.06434309048075,27.06434309158948,27.064343101832907,38.74197263457218,42.19645451231252,42.218417828812086,42.21841785535657,42.21841790757724,43.2601774392876,43.25966326814702,43.258892154193404,45.36589936083413,45.36461418692391,45.36307347785493,45.36127461364855,45.35427548023786,45.342295636716464,45.31216606802974,48.72933521731665,48.63233844659574,48.41873978331959,49.29102035423878,54.355786085130255,59.71793048280636,59.454647793590865,59.71794854806358,59.717948704280204,59.71794892891595
photovoltaics,power,CZ,7.4419035832859795,7.441903584171143,7.4419035852917945,7.441903586736379,7.441903589436496,7.441903596034475,7.441903606564389,7.44190361794875,7.441903627445359,7.441903635349155,7.441865109876885,7.44178797230866,7.441672262409036,7.441517981169004,7.441325130047997,7.441093716206283,7.440823721549871,7.436163726816925,7.373756730471537,6.946077738818743,5.485930788298875,5.441456773255937,5.36945678159814,5.31456378609434,5.311863801476564,5.310663820373423,5.3098638365813935,5.304863864135057,5.299863908646596,5.2948639725506075
photovoltaics,power,DE,55.11824584089213,61.05124584261251,61.051245841435005,61.05124584575632,61.05124584590636,61.05124585718338,61.05124587375569,61.05124590725106,61.051246007380996,66.65230667955313,75.35507037131013,75.11422992788998,74.75296912087502,74.27128802932376,73.66918663344669,72.94666589086506,72.10372429576911,70.832943669075,68.88302599853913,65.5842951420234,80.7099037225913,96.62308039727704,98.66729710764598,97.29589737299904,96.15816404581751,95.19268105972775,99.36330310528993,102.76834038990044,103.80199607814643,104.9963983759271
photovoltaics,power,DK,1.3595129485554396,2.037513009817875,2.0375130100804255,2.037513010387016,2.0375130107554007,2.037513011194168,2.0375130116993354,2.0375130122732132,2.03751301292351,2.037513013647942,2.037509091901631,2.037501235674492,2.037489450976779,2.037473737831332,2.037454096269042,2.0374305263395716,2.0374030279551154,2.0373638297406362,2.0371965318057175,2.0370135342273046,2.0347980371052605,2.018880040807134,1.6455970471824073,1.482767033190386,1.432925069565436,1.2395250775355195,1.186525086470819,1.1276250894781865,1.0316250773543827,0.929000178584415
photovoltaics,power,EE,0.1640000006833113,0.3700000009488491,0.3700000012332638,0.37000000156413054,0.37000000197647176,0.3700000025552627,0.3700000031794729,0.3700000038967085,0.37000000473190703,0.3700000057165708,0.37000000705565633,0.37000000840033537,0.37000000992820875,0.3700000116415293,0.3700000135211213,0.3700000158067034,0.3700000178589741,0.3700000199280215,0.3700000221062631,0.37000002440142565,0.3700000268646943,0.3700000294302049,0.3700000324376925,0.37000003599207126,0.3700000402650819,0.37000004546944243,0.37000005182356344,0.36900006034597,0.33700007287397415,0.296000099149757
photovoltaics,power,EL,3.260394963682994,4.157394964627531,4.157394965512833,4.1573949664182,4.157394967756142,4.157394971221456,4.157394973677511,4.157394976245771,4.15739497884245,4.157394981452627,4.157219270207517,4.156867845244625,4.156340707680497,4.155637857855213,4.154759299819465,4.153705035048507,4.1524750593873465,4.149945094833846,4.134945152047411,4.098484861998723,4.323564227306429,5.1992438158285585,6.065953446732198,5.106089578717109,5.09009039637407,5.079740946091702,5.066286233456694,5.061342287165209,5.1461017462258445,5.111018531242327
photovoltaics,power,ES,35.798845455059286,40.351445684600996,40.35144568200053,40.35144568371568,40.35144568433294,40.351445692253904,40.35144572374474,42.46589832243929,42.46589979528188,42.465899842167445,42.45175129865753,42.4234544164817,42.38100875913553,42.32441449235552,42.253671653023574,42.168780279091514,42.06974036852919,49.577689646027515,51.103713733302776,51.034727174331046,50.642527328484235,50.282527319091116,50.06952743010596,49.92652777632771,50.680044062655945,50.63104496994488,51.90562472224382,52.097145553850496,53.25622946245368,56.7487578849796
photovoltaics,power,FI,0.3063500007068047,0.3863500008421199,0.38635000098761385,0.38635000115277673,0.38635000134373004,0.38635000157306243,0.38635000184255547,0.38635000216889137,0.38635000254212976,0.3863500029291976,0.3862071462363222,0.3859214324200074,0.3854928615138695,0.3849214335375246,0.3842071485034098,0.3833500064895988,0.3823500073984621,0.3813500084016289,0.380350009561704,0.37935001092887266,0.37835001259279816,0.3773500145755905,0.3763500168855856,0.3753500195814945,0.36935002326220867,0.3643500270885653,0.348250030890902,0.3055500368819773,0.2465500496037506,0.16615006753756273
photovoltaics,power,FR,10.938398370871068,13.731398372666886,13.73139837421576,13.731398375831004,13.731398451291275,13.731401101780058,13.731405966968543,14.137476192434475,14.137477329044495,14.137478031447634,14.135922487624573,14.132808530887495,14.128137366885165,14.12190913632757,14.114124042108276,27.266829978271264,27.255930370089764,27.224630487344033,27.12013056950366,26.918134844353098,28.334474355232405,37.33880684777558,36.207807863231,35.54980860751722,36.090651721496755,42.05268753641878,41.46169330471572,40.585693718423904,39.72369486206317,42.14285445133988
photovoltaics,power,HR,2.6706130766428697,2.674613078237742,2.674613079653575,2.6746130810672186,2.67461308336266,2.6746131048714994,2.6746131248895133,2.674613138418416,2.674613148315131,2.674613154440271,2.674613162063192,2.674613169277897,2.6746131762569454,2.674613183001088,2.674613189377728,2.674613197822191,2.6746132072473596,2.674613217040734,2.674613225966094,2.6746132366830606,2.6746132503680604,2.674613272889658,2.6706132875602986,2.655613301992484,2.6416133174391714,2.6276133342944408,2.6196133532577104,2.614613376637196,2.6068134067965896,2.5898134728416355
photovoltaics,power,HU,2.128942963341077,2.957356995895031,2.9573569964516984,2.957356997059943,2.957356997796409,2.9573569987329154,2.957356999773872,2.957357000964937,2.9573570038604653,2.9573570050554787,2.9573570066546386,2.9573570080657756,2.957357009645179,2.957357011395251,2.9573570146041037,2.9573570556567224,2.957357083554261,2.957357101405582,2.957357109309482,2.9573571143330137,2.956357118624809,2.954057122953551,2.9399231279296396,2.9185161335257326,2.8773751385602178,2.7955281459149357,2.734634147767673,2.6238811638769324,2.296613195182311,1.556991190970006
photovoltaics,power,IE,0.08400000329650474,0.14400000373724178,0.14400000417043007,0.1440000046473515,0.14400000526515713,0.1440000061016811,0.1440000071208444,0.14400000837341995,0.14400000991109763,0.14400001193277845,0.14400001479680924,0.1440000181253077,0.14400002201031922,0.1440000269652614,0.14400003360360628,0.1440000446841945,0.14400005368910684,0.14400006444215785,0.14400007871619375,0.14400010086994333,0.14400014741012607,0.1440002943953742,0.1440023089010288,0.6796714953421243,0.6796720272105679,0.6796721461554415,0.6796724723310932,0.6796737162638081,0.6796738516647217,0.6516801227248697
photovoltaics,power,IT,59.0796379437556,60.015637963094754,60.015637948415275,60.01563794644476,60.015637979333555,60.015638159026764,60.015638283702266,60.01563836947804,60.01563842217398,60.015638462324205,60.01342421373338,60.00899564210896,60.00235280468927,59.99349566061052,59.98242427799732,59.96913857907303,59.95363858768144,59.88357059653832,59.54516359648657,58.82671461037387,54.97782559592294,48.934376755337084,48.9867924890728,48.78578943316128,48.37680255234297,48.07900295766084,47.71030328483339,47.30093976515132,46.86424019701854,46.11284427088413
photovoltaics,power,LT,0.1030000019208065,0.1690000022687329,0.1690000026421341,0.1690000030922023,0.1690000036861887,0.169000004474274,0.16900000543376734,0.16900000659987674,0.16900000795526685,0.16900000954298805,0.16900001150856403,0.16900001361980294,0.16900001809305795,0.169000021566944,0.16900002401068207,0.1690000264619441,0.16900002894435293,0.16900003131611044,0.16900003367040867,0.16900003606678918,0.16900003853814075,0.16900004101693195,0.16900004388773235,0.16900004724268333,0.16900005120783596,0.10100005602565743,0.10000006194012391,0.08900006969653691,0.08700008103969847,0.0870001037814271
photovoltaics,power,LU,5.520670973796171e-07,5.560995451804931e-07,5.588491130106653e-07,5.616151637407858e-07,5.703641997793924e-07,8.667490190358452e-07,1.2339368388851187e-06,1.5693406747893815e-06,1.5992038385123387e-06,1.6402095095069527e-06,1.7177521194665112e-06,1.7430945495584904e-06,1.7774357063124008e-06,1.8319233373748888e-06,1.917833791173221e-06,2.1444764471429675e-06,2.2403286543335352e-06,2.3011249833226463e-06,2.3624922578574705e-06,2.547514132559903e-06,2.7536730512306477e-06,2.994763665437227e-06,3.2634251197733463e-06,3.511715539692045e-06,3.9351969314546975e-06,4.3053018066721885e-06,4.756027701147915e-06,5.121449148232565e-06,5.751098749804884e-06,6.7901079603044e-06
photovoltaics,power,LV,2.7349559256636456e-07,2.753170287811307e-07,2.7689421336968925e-07,2.791086279814185e-07,2.843520028382437e-07,3.1518466463667356e-07,3.6228009920553014e-07,4.1873687828244346e-07,4.819240822809056e-07,5.767075681826082e-07,8.66760283568793e-07,1.1098303500497438e-06,1.3666637313757455e-06,1.7678713524517564e-06,2.011366789109239e-06,2.2009237153471066e-06,2.4951835985263804e-06,2.5372631111662564e-06,2.5705895825025384e-06,2.596204788919105e-06,2.6183029645381223e-06,2.6338989602216236e-06,2.6532964418840934e-06,2.676528365472713e-06,2.702060272575101e-06,2.729283807055134e-06,2.755731368921563e-06,2.785818197376773e-06,2.8217891607916377e-06,2.8883820140953246e-06
photovoltaics,power,NL,10.424800269803056,14.20580014868014,14.205800148888507,14.20580014952107,14.205800150420757,14.205800151776497,14.205800153523832,14.205800155661619,14.205800158235279,14.205800161305236,14.20558588049928,14.205157312621951,14.20451445926875,14.203657320928743,14.20258589627309,14.201300187224595,14.199800192230704,14.198400196724046,14.194000204955941,14.183300212591039,14.1626002315317,14.102600233562644,13.885600259784745,13.511000267663524,13.23600033213421,12.931872451611481,15.468136234525298,16.35053060437532,15.733200174402125,15.64214796992403
photovoltaics,power,NO,0.1574999996207116,0.22249999976881898,0.22249999992825462,0.22250000011024304,0.222500000323069,0.2225000005741009,0.22250000085991842,0.22250000119427787,0.22250000157472913,0.22250000199890818,0.22250000252339697,0.22250000305722747,0.22250000365210112,0.22250000432697917,0.22250000509017787,0.2225000060007067,0.2225000069971613,0.22250000810121182,0.22250000938835227,0.22250001090033522,0.2225000127436184,0.22250001490113744,0.22250001742330183,0.22250002037017544,0.22250002386200096,0.22250002809234987,0.21150003333282458,0.19350003932852475,0.1700000508444705,0.11900007242916806
photovoltaics,power,PL,3.930100099688093,7.78010010049513,7.780100101262504,7.780100102286793,7.780100141905939,7.7801003172368555,7.780100470175428,7.780100625928018,7.780100792972721,7.78010085670047,11.345073930136504,11.345074012501048,11.345074055793852,11.345074091244435,11.345074132962589,11.34507415037143,11.345074159647066,11.345074166632655,11.345074172402972,11.345074177853725,11.345074182569892,11.345074187399344,11.345074192694748,11.345074200916624,11.333074257430235,11.245074381877378,11.145974495199113,11.064974603744457,10.854975142986955,10.722706335556532
photovoltaics,power,PT,9.559382768790881,10.260382817279242,10.260382817380874,10.260382820044516,10.26038282144148,10.260382828264245,10.260382856739222,10.260383027904906,10.647429467602832,10.64742957681467,10.647372719144249,10.64725846418618,10.647087058464777,10.64685851075756,10.64657281910276,10.646230086085708,10.645830221989927,10.63383174856846,10.586833006508138,11.519282939217664,11.495283118676715,11.454283163414903,11.38528321364459,11.33028333860492,11.210729530946743,11.175785700738183,11.109786019281797,11.044786524051919,10.956787590402469,10.70479022360533
photovoltaics,power,RO,1.3961810335732092,1.426181035799993,1.4261810379176723,1.4261810401287547,1.426181099589716,1.4261816606035118,1.4261818390740775,1.426181941119096,1.4261820356693196,1.426182081387517,1.426182112611592,1.4261821218415334,1.4261821299773474,1.4261821407870225,1.4261821548654916,1.4261821873958787,1.426182218424789,1.4261822682728464,1.4261823615171758,1.4261827525646382,1.8127029678667261,2.8583712006855837,3.084787563417296,3.084786271555586,3.521539143981695,4.468308057701809,5.039540949920507,5.0365413385684485,5.035041537301813,5.027041765538366
photovoltaics,power,SE,1.178232945348857,1.681232943585015,1.6812329437608013,1.6812329439441025,1.6812329441616527,1.681232944416732,1.6812329447067285,1.6812329450411734,1.681232945421431,1.6812329458524877,1.681145375043796,1.680970232758017,1.6807075191223195,1.680357234144518,1.679919377854332,1.6793939502608695,1.6787809513693706,1.6773889525012402,1.6757109536329997,1.6748569554142452,1.6721699572290072,1.6678599595997865,1.6594199616340357,1.6403399647643349,1.6041199708908345,1.5582599744988437,1.4790799755936752,1.3659799889147302,1.1859800057621388,0.8990000108564583
photovoltaics,power,SI,0.3637120003866257,0.3967120007356264,0.39671200108612126,0.39671200145876545,0.3967120019053784,0.39671200243015986,0.39671200299528087,0.39671200360862263,0.3967120042654989,0.39671200497221426,0.39668200588231506,0.39662200667873587,0.3965320075240893,0.396412008429347,0.39626200939732104,0.3960820104806174,0.3958720116792516,0.395272013016345,0.3932720145642924,0.38585501648498793,0.3674200187525171,0.32042002287198657,0.18890001944741705,0.15700002875064784,0.15100003243258242,0.1440000368120049,0.13700004227075746,0.1220000496312968,0.1070000606968721,0.09200008273579637
photovoltaics,power,SK,1.9884297623110156,1.9934297596702495,1.9934297608270604,1.993429762327337,1.9934297657497828,1.9934297776740082,1.9934298159923953,6.468260233538154,6.468260270944023,6.468260301128139,6.468257471671015,6.468251767154909,6.468243204867682,6.468231786220196,6.46821751069282,6.468200383122168,6.468180405080391,6.468154439643394,6.468128479836579,6.4679126618835765,6.295607144465745,5.969773870923985,6.738127341215852,7.080084481313094,7.362910442403832,7.636274773595366,7.737136059539282,7.73213620470604,7.830767382277254,8.469536610673677
photovoltaics,power,UK,13.693093142764976,14.243093142737553,14.243093143270885,14.243093143632082,14.24309314416264,14.243093152675048,14.243093162487055,14.243093172452424,14.243093182721845,14.243093188501215,14.242609906842915,14.241643336468936,14.240193480505445,14.238260339809873,14.235843912464706,14.232944199286313,14.229561202628961,14.225721202085854,14.221321204304894,14.217321207860985,14.135563301342703,13.22602727258038,12.451661385212288,11.34999793579916,8.7789451455558,4.4966902071444235,2.3434674973762504,1.3985489291387647,1.1026962857912332,0.8293182729884848
power_line,power,AT-CH,1.2000000030189486,1.200000005848387,1.2000000079703135,1.200000009349445,1.2000000110382454,1.2000000125815853,1.2000000140009541,1.2000000153057533,1.20000001635896,1.2000000173273133,1.2000000182664101,1.2000000191897058,1.2000000201966847,1.2000000213863633,1.2000000228042282,1.200000024432551,1.2000000262397068,1.200000028280407,1.2000000306075118,1.2000000332328289,1.2000000361651801,1.200000039571455,1.2000000446491135,1.2000000540431677,1.2000000780312845,1.2000001005655923,1.2000001204455966,1.200000135300893,1.200000154393106,1.2000001853644442
power_line,power,AT-CZ,2.3999998955393274,2.3999999036351602,2.399999910955965,2.3999999272357067,2.39999993697056,2.3999999444277305,2.3999999495515194,2.3999999533658603,2.3999999561605634,2.3999999584897598,2.399999960414333,2.3999999620185712,2.3999999633952203,2.3999999647055095,2.399999965960426,2.399999967211557,2.3999999684764206,2.39999996977628,2.3999999711269333,2.399999972520953,2.39999997398513,2.399999975506225,2.399999977134536,2.39999997889274,2.399999980829773,2.399999982996675,2.3999999853479594,2.3999999880074987,2.3999999911467778,2.39999999570952
power_line,power,AT-DE,8.89672457297755,8.896724578093032,8.896724582712238,8.896724592783439,8.896724607608334,8.89672466549027,9.309831165038997,9.472028285758741,11.919999311705451,11.919999766985141,11.91999981195127,11.919999851223722,11.919999863544033,11.919999874210806,11.919999881843687,11.919999889476259,11.9199998954839,11.919999902843351,11.919999911751203,11.919999919804448,11.91999992765247,11.919999936430901,11.919999944322548,11.919999951178774,11.919999957878769,11.919999964560677,11.919999970807732,11.919999977141707,11.919999983615785,11.919999992402548
power_line,power,AT-HU,0.6719465858852384,0.671946608924955,0.8933236115596995,0.8933236333216092,0.8933236449066922,0.8933236528694869,0.8933236604273043,0.8933236655506187,0.8933236703906362,0.8933236753894775,0.8933236806840539,0.8933236880300995,0.8933236982140838,0.8933237314486038,0.8933237684188986,1.195166383351299,1.3056593905814042,1.5272219971751981,2.2999998675746176,2.2999999225123355,2.2999999338212898,2.299999939552197,2.2999999450731914,2.2999999517067473,2.299999957002898,2.2999999612340813,2.299999966854182,2.2999999742061474,2.2999999831107796,2.2999999930073787
power_line,power,AT-IT,1.8439999743080424,1.8439999763682517,1.8439999774682672,1.843999978191566,1.8439999789839732,1.8439999797329372,1.843999980385958,1.8439999809641836,1.8439999814796648,1.843999981971252,1.8439999824422435,1.8439999829115143,1.8439999834138028,1.8439999839601164,1.84399998455456,1.8439999851902646,1.8439999858516603,1.8439999865269003,1.8439999872304322,1.8439999879594229,1.843999988720004,1.8439999895171746,1.843999990366664,1.8439999912827982,1.8439999922562011,1.8439999932148634,1.8439999941998735,1.843999995326578,1.843999996621092,1.8439999983847621
power_line,power,AT-SI,1.098802815267102,1.0988031924003336,1.0988032379703325,1.0988032603543998,1.0988033020801633,1.3337614367847472,1.3337614880441824,1.3337615170973582,1.333761532436666,1.333761545962193,1.333761557411757,1.3337615747416292,1.3337616035723492,1.5833711964624508,1.7439728637838694,1.937629519460708,1.954898839561717,1.9817025754062976,2.5497190979989406,2.5503028425592142,2.5536448286486935,2.5536456115636317,2.694608547995641,2.694609875643973,2.694610186832109,2.694610210944604,2.6946102657826514,2.694610690129706,2.772611344641869,2.8404892831039676
power_line,power,AT-SK,0.0,0.0,0.0,0.0,0.0,0.0,0.0,0.0,0.0,0.0,0.0,0.0,0.0,0.0,0.0,0.0,0.0,0.0,0.0,0.0,0.0,0.0,0.0,0.0,0.0,0.0,0.0,0.0,0.0,0.0
power_line,power,BE-DE,3.399999981993407,3.399999982203581,3.3999999824242852,3.399999982656167,3.3999999828790552,3.399999983098896,3.3999999833269783,3.399999983564433,3.399999983810251,3.399999984063621,3.3999999843199245,3.3999999845890154,3.399999984872271,3.3999999851719953,3.3999999854905085,3.399999985830254,3.39999998619375,3.399999986584013,3.399999987004348,3.3999999874595037,3.399999987954928,3.399999988486219,3.399999989073142,3.3999999897289315,3.399999990469849,3.3999999912884187,3.399999992208192,3.399999993333619,3.3999999948188386,3.399999997185495
power_line,power,BE-FR,0.6500000003337035,0.6500000006317853,0.6500000009487605,0.6500000012732758,0.6500000016255106,0.6500000020090003,0.6500000024276718,0.6500000028863553,0.6500000033825417,0.6500000039172439,0.6500000044885601,0.6500000050750107,0.6500000056952168,0.6500000063455262,0.650000007027667,0.6500000077461728,0.6500000085203594,0.6500000093620307,0.6500000102822505,0.6500000112960905,0.6500000124125496,0.6500000136778212,0.6500000151677602,0.6500000168879053,0.6500000189529511,0.6500000215153132,0.6500000248142815,0.6500000293535254,0.6500000364742706,0.6500000518043334
power_line,power,BE-LU,0.40061829738994686,0.40061831139746235,0.4006183244630625,0.40061832985608653,0.40061833650973117,0.4006183452462456,0.4006183598329726,0.4124351422439503,0.6260783258872198,0.626078407995258,0.6260784336446983,0.6260784382534854,0.6260784417986166,0.6260784447599276,0.6260784473332377,0.6260784496615507,0.6260784520435932,0.6260784545305186,0.6260784567634174,0.6260784590885791,0.6260784616469126,0.6260784644449571,0.6260784675330099,0.6260784711776978,0.6260784755989245,0.6260784811835854,0.6260784884927983,0.6260784990596026,0.6260785174095956,0.6260785657453591
power_line,power,BE-NL,0.9500000035840082,0.9500000044912544,0.9500000054244696,0.950000006385023,0.9500000074146144,0.95000000852375,0.950000009721164,0.9500000110117339,0.9500000123887327,0.950000013851848,0.9500000154688708,0.9500000172537189,0.9500000191688266,0.9500000212651805,0.950000023451242,0.9500000259191049,0.9500000286958834,0.9500000318918794,0.9500000356236459,0.9500000400621779,0.950000045574193,0.9500000526229704,0.9500000623643623,0.9500000774109191,0.9500001084400438,0.9661463667418987,0.9661469675036927,0.9661482579454188,0.9661483690597253,0.9661485826435899
power_line,power,BE-NO,0.0,0.0,0.0,0.0,0.0,0.0,0.0,0.0,0.0,0.0,0.0,0.0,0.0,0.0,0.0,0.0,0.0,0.0,0.0,0.0,0.0,0.0,0.0,0.0,0.0,0.0,0.0,0.0,0.0,0.0
power_line,power,BE-UK,0.750000000444507,0.7500000009133913,0.7500000014197338,0.7500000019719729,0.7500000026006034,0.750000003325939,0.7500000041725037,0.7500000051756958,0.7500000063406435,0.7500000076280761,0.7500000090226828,0.7500000104823638,0.7500000120709236,0.7500000138007725,0.750000015676675,0.7500000177538705,0.7500000201542799,0.7500000229719881,0.7500000263063866,0.7500000303374695,0.7500000351417614,0.7500000407566477,0.750000048160363,0.7500000584353402,0.750000074364735,0.7500001018072214,0.7500001633651464,0.7500002509347782,0.7500005367529738,1.2238700602937083
power_line,power,BG-EL,1.2999999729752756,1.299999973938751,1.299999974549045,1.2999999750659017,1.2999999755980214,1.2999999761039558,1.2999999765592958,1.2999999769782293,1.2999999773559023,1.2999999777010849,1.299999978061798,1.2999999784204774,1.299999978780423,1.29999997916777,1.2999999795870816,1.2999999800537463,1.2999999805802143,1.2999999811619494,1.2999999817704402,1.299999982406584,1.2999999830894282,1.2999999838243084,1.2999999846044044,1.299999985461683,1.2999999864297125,1.299999987538292,1.2999999888224738,1.299999990407772,1.2999999925074959,1.299999995893548
power_line,power,BG-RO,1.0656111384066793,1.1268293192600685,1.4999999711931873,1.4999999745852326,1.4999999774189323,1.4999999834212074,1.4999999859367545,1.4999999878573835,1.4999999893571687,1.4999999909919852,1.499999992317816,1.4999999931423336,1.499999993893596,1.4999999944357618,1.4999999949345673,1.4999999953437708,1.499999995538231,1.4999999961152226,1.499999996381637,1.4999999966524362,1.49999999698488,1.4999999971523315,1.4999999973955052,1.4999999976315934,1.4999999978420626,1.4999999981326293,1.4999999983606114,1.499999998587878,1.4999999990171107,1.4999999994951614
power_line,power,CH-AT,1.2,1.2,1.2,1.2,1.2,1.2,1.2,1.2,1.2,1.2,1.2,1.2,1.2,1.2,1.2,1.2,1.2,1.2,1.2,1.2,1.2,1.2,1.2,1.2,1.2,1.2,1.2,1.2,1.2,1.2
power_line,power,CH-DE,4.799999991800353,4.799999992031293,4.7999999922562075,4.799999992489469,4.799999992719537,4.7999999929584805,4.799999993200895,4.799999993440241,4.799999993680852,4.799999993916363,4.799999994146091,4.799999994372443,4.79999999459509,4.799999994816704,4.799999995037866,4.799999995262634,4.799999995490043,4.799999995722063,4.799999995959897,4.799999996204713,4.799999996459006,4.799999996722705,4.799999996991268,4.799999997266699,4.799999997551247,4.799999997847583,4.799999998166363,4.7999999985166895,4.799999998929527,4.7999999995021465
power_line,power,CH-FR,2.9935523682204193,3.1910304654141872,3.1910305000520505,3.1910305108104957,3.1910305241153902,4.489404627156709,4.499999941970504,4.499999961891361,4.499999969201021,4.499999972400902,4.49999997471654,4.49999997623847,4.499999977583302,4.4999999787911475,4.499999980048872,4.499999981280621,4.499999982297634,4.499999983449943,4.499999984310771,4.499999985351241,4.499999986321172,4.499999987333155,4.499999988236877,4.499999989165053,4.499999990255934,4.4999999913241515,4.499999992628615,4.4999999938735,4.499999995483569,4.499999997795038
power_line,power,CH-IT,4.615800779242095,4.615800783341022,4.615800786331322,4.6158007893455135,4.615800795524522,5.355010635840417,5.660700106729952,5.660700120174534,5.660700126187857,5.660700130316418,5.6607001335755145,5.6607001364235146,5.66070013938197,5.660700143031658,5.660700147834058,5.660700155705622,5.660700174849941,5.660700201675865,5.660700235292017,5.660700289189165,6.7072644247479865,6.77599966281867,6.775999860581077,6.775999936088593,6.775999959518503,6.77599997006766,6.775999975939179,6.775999983317591,6.775999988986377,6.7759999953558845
power_line,power,CZ-AT,0.9,0.9,0.9,0.9,0.9,0.9,0.9,0.9,0.9,0.9,0.9,0.9,0.9,0.9,0.9,0.9,0.9,0.9,0.9,0.9,0.9,0.9,0.9,0.9,0.9,0.9,0.9,0.9,0.9,0.9
power_line,power,CZ-DE,3.199999990539477,3.1999999918696815,3.1999999926537157,3.199999993221848,3.19999999369024,3.199999994096458,3.199999994460608,3.1999999947935764,3.1999999951082034,3.199999995407068,3.1999999956925476,3.199999995957936,3.1999999962069174,3.1999999964431307,3.1999999966699035,3.199999996889476,3.1999999971017394,3.19999999730815,3.199999997509956,3.1999999977074194,3.199999997901579,3.1999999980909175,3.1999999982735448,3.1999999984527747,3.1999999986312138,3.1999999988122307,3.199999999000699,3.199999999202832,3.199999999433949,3.199999999743609
power_line,power,CZ-PL,2.2785136462227875,2.2785136475800507,2.2785136493833216,2.278513652085585,2.278513657041834,2.278513665486673,2.278513678965413,2.299999937517228,2.299999952074824,2.2999999571943848,2.2999999611124498,2.2999999649059335,2.2999999685778754,2.2999999716359727,2.299999974156175,2.2999999762181176,2.2999999780789833,2.2999999796291104,2.2999999810784924,2.299999982467345,2.2999999838331773,2.299999985220334,2.299999986655384,2.2999999881320488,2.2999999896730907,2.2999999912671356,2.2999999928658243,2.299999994536588,2.2999999962905986,2.2999999983844326
power_line,power,CZ-SK,0.700000001139803,0.7000000023989282,0.7000000038945439,0.7000000057158539,0.7000000079972893,0.7000000109931648,0.7000000152597105,0.7000000244289232,0.7000000337656372,0.7000000472322226,0.7000000689662716,0.7000001501648702,0.7000002135821464,1.0273444287830331,1.198797231621757,1.2358388608029307,1.2358390099965797,1.2358393003202501,1.280361204067849,1.3752373812910865,1.8446867203103257,2.1999992834867492,2.1999996468492693,2.199999815244263,2.199999950325751,2.199999981827595,2.1999999886941852,2.1999999923494884,2.199999995174919,2.199999998024513
power_line,power,DE-AT,4.82,4.82,4.82,4.82,4.82,4.82,4.82,4.82,4.82,4.82,4.82,4.82,4.82,4.82,4.82,4.82,4.82,4.82,4.82,4.82,4.82,4.82,4.82,4.82,4.82,4.82,4.82,4.82,4.82,4.82
power_line,power,DE-BE,0.4,0.4,0.4,0.4,0.4,0.4,0.4,0.4,0.4,0.4,0.4,0.4,0.4,0.4,0.4,0.4,0.4,0.4,0.4,0.4,0.4,0.4,0.4,0.4,0.4,0.4,0.4,0.4,0.4,0.4
power_line,power,DE-CH,0.325,0.325,0.325,0.325,0.325,0.325,0.325,0.325,0.325,0.325,0.325,0.325,0.325,0.325,0.325,0.325,0.325,0.325,0.325,0.325,0.325,0.325,0.325,0.325,0.325,0.325,0.325,0.325,0.325,0.325
power_line,power,DE-CZ,1.32,1.32,1.32,1.32,1.32,1.32,1.32,1.32,1.32,1.32,1.32,1.32,1.32,1.32,1.32,1.32,1.32,1.32,1.32,1.32,1.32,1.32,1.32,1.32,1.32,1.32,1.32,1.32,1.32,1.32
power_line,power,DE-DK,1.8500000003295527,1.850000000576359,1.850000000841543,1.8500000011282811,1.8500000014387776,1.8500000017796885,1.8500000021539744,1.8500000025685275,1.8500000030275097,1.850000003535278,1.8500000041124807,1.850000004757511,1.8500000054794892,1.8500000063207662,1.8500000072530818,1.8500000083279755,1.8500000096093354,1.8500000110529455,1.850000012916959,1.8500000153087084,1.8500000189448054,1.8500000236119212,1.8500000291291978,1.8500000361878333,1.8500000455529264,1.850000058606823,1.8500000776086944,1.8500001050536687,1.8500001568132478,1.8500005705811742
power_line,power,DE-FR,1.2000000002850293,1.2000000005056224,1.2000000007352734,1.2000000009689074,1.20000000122081,1.2000000014856345,1.2000000017714352,1.2000000020780506,1.200000002404467,1.2000000027525668,1.2000000031261528,1.2000000035129597,1.2000000039453238,1.200000004403087,1.2000000049042228,1.2000000054242055,1.2000000060017768,1.2000000066310696,1.2000000073151222,1.200000008038115,1.2000000088750222,1.200000009837167,1.2000000107957127,1.2000000120970302,1.20000001355958,1.2000000154346226,1.2000000178075647,1.2000000210225898,1.2000000259954353,1.200000036309853
power_line,power,DE-LU,0.05724589854260597,0.05884779900203782,0.058847811327906396,0.05884781509151051,0.05884781934183794,0.05884782427694515,0.05884782960425143,0.058847835249149896,0.05884784074979195,0.05884784593647266,0.05884785069903451,0.058847854423176416,0.058847858047283305,0.05884786167704955,0.05884786527677885,0.05884786882932776,0.05884787262882683,0.05884787646767304,0.05884788024232329,0.05884788374651628,0.05884788711371791,0.058847890242822644,0.05884789399512108,0.058847898758273766,0.058847904979086,0.05884791266169548,0.05884792196956069,0.05884793433700414,0.058847953666966456,0.05884799644983476
power_line,power,DE-NL,1.4680000005537939,1.4680000009234486,1.4680000013180698,1.468000001739999,1.468000002198337,1.4680000026977797,1.468000003243942,1.4680000038438017,1.4680000045043897,1.4680000052390858,1.4680000060525034,1.4680000069367365,1.4680000078874669,1.4680000089069065,1.468000010013994,1.468000011220634,1.4680000125640291,1.4680000141114187,1.4680000159220958,1.4680000180741446,1.4680000207430137,1.4680000239299131,1.4680000280920988,1.468000034077518,1.4680000429605926,1.4680000597749483,1.4680000803727085,1.4680001053885339,1.4680001426875455,1.4680002157827001
power_line,power,DE-NO,1.4440000000767035,1.444000000151297,1.444000000238021,1.444000000316532,1.4440000004087927,1.444000000508192,1.4440000006158062,1.4440000007326284,1.444000000859664,1.4440000009980092,1.4440000011500105,1.4440000013172651,1.4440000015017223,1.4440000017106416,1.4440000019276709,1.4440000021761292,1.4440000024665955,1.4440000027829492,1.4440000031513036,1.4440000035857585,1.4440000041130163,1.4440000047277939,1.4440000054484146,1.4440000062888423,1.444000007300554,1.4440000085145537,1.4440000100326744,1.444000012046274,1.4440000151152201,1.4440000215736084
power_line,power,DE-PL,2.14700002734499,2.1470000277149306,2.1470000281404102,2.1470000286410986,2.1470000292405134,2.1470000299466863,2.1470000307712924,2.1470000317619364,2.147000032791874,2.147000033798804,2.147000034823688,2.147000035875548,2.1470000369990525,2.147000038121956,2.1470000392592095,2.1470000403489538,2.147000041461907,2.1470000424666558,2.1470000435018477,2.1470000445674025,2.1470000456019087,2.147000046695109,2.147000047963536,2.147000049461525,2.147000051300092,2.147000053674495,2.147000056958631,2.147000062128511,2.1470000734955734,2.147000099287824
power_line,power,DE-SE,0.6000000003977182,0.6000000005010475,0.6000000006022339,0.6000000007093009,0.600000000823838,0.6000000009474333,0.6000000010813613,0.6000000012269309,0.6000000013860297,0.6000000015599054,0.6000000017513357,0.6000000019626536,0.6000000021961964,0.6000000024557773,0.6000000027453607,0.6000000030728866,0.6000000034478769,0.6000000038646044,0.6000000043512955,0.6000000049428268,0.6000000056645894,0.6000000065584783,0.6000000075697792,0.6000000087541966,0.600000010158354,0.6000000118330537,0.6000000138902176,0.6000000166125761,0.6000000206936619,0.6000000293342976
power_line,power,DE-UK,2.3099861187724164e-07,3.1396582824997303e-07,3.2490360068151677e-07,3.305954101516031e-07,3.3868846608747507e-07,3.523277669422635e-07,3.7207708031129565e-07,4.0020340659495284e-07,4.398279417545889e-07,4.677050573537214e-07,4.898943530762969e-07,5.058131934312786e-07,5.230225910472603e-07,5.432200972222466e-07,5.607371260286895e-07,5.735473097378116e-07,5.897618592543051e-07,6.122389067124176e-07,6.453311321987509e-07,6.836437507941413e-07,7.259756236539137e-07,7.58308011694858e-07,8.005613008809352e-07,8.606689369650672e-07,9.715854616589247e-07,1.1231827817634333e-06,1.2742375539904502e-06,1.4061061454252647e-06,1.6591407771466554e-06,2.3798088690218966e-06
power_line,power,DK-DE,1.149,1.149,1.149,1.149,1.149,1.149,1.149,1.149,1.149,1.149,1.149,1.149,1.149,1.149,1.149,1.149,1.149,1.149,1.149,1.149,1.149,1.149,1.149,1.149,1.149,1.149,1.149,1.149,1.149,1.149
power_line,power,DK-NL,2.699999993724539,2.6999999944887465,2.6999999948415017,2.6999999950703417,2.6999999952689113,2.6999999954462868,2.6999999956173113,2.6999999957821075,2.699999995942058,2.699999996097635,2.699999996249191,2.6999999963985877,2.6999999965491397,2.699999996700459,2.699999996851797,2.699999997009984,2.699999997169805,2.6999999973313358,2.6999999974957314,2.6999999976652167,2.6999999978406195,2.699999998017405,2.6999999981925966,2.6999999983709446,2.699999998553832,2.6999999987426286,2.699999998939636,2.699999999152009,2.69999999939573,2.6999999997252577
power_line,power,DK-NO,1.1100000003839647,1.110000000511593,1.110000000627656,1.1100000007539317,1.1100000008859172,1.1100000010261895,1.110000001176853,1.110000001339293,1.1100000015143585,1.1100000017038676,1.1100000019094511,1.1100000021326524,1.110000002376275,1.110000002642792,1.1100000029366568,1.110000003261842,1.110000003624133,1.1100000040311044,1.1100000044930602,1.110000005023092,1.1100000056385504,1.1100000063660669,1.1100000071964595,1.1100000081560575,1.1100000092780722,1.1100000106130457,1.1100000122613094,1.1100000144121058,1.1100000176099616,1.1100000240805965
power_line,power,DK-SE,2.415000000138901,2.4150000002856156,2.4150000004437566,2.4150000006118386,2.4150000007932957,2.415000000987395,2.4150000011984574,2.4150000014278694,2.4150000016775834,2.415000001950584,2.415000002250942,2.4150000025821865,2.4150000029495784,2.415000003356993,2.4150000038226986,2.415000004352041,2.4150000049354623,2.4150000056579324,2.415000006480659,2.415000007497015,2.415000008784494,2.4150000105020646,2.4150000126522015,2.415000015022428,2.4150000177926834,2.415000020946969,2.415000024611408,2.415000029341327,2.4150000361233728,2.4150000497191204
power_line,power,DK-UK,0.5436551453157179,1.015284684091083,1.0152846970088545,1.0152847001807457,1.0152847034394514,1.0152847065131407,1.015284709137506,1.0152847113739902,1.0152847137908882,1.0152847165799965,1.0152847194425652,1.0152847220460437,1.015284724895514,1.0152847278020378,1.0152847310340747,1.0152847350142522,1.0152847401501206,1.0152847472259592,1.015284758502519,1.0152847843657273,1.1154511023944502,1.3999996944881214,1.399999885213617,1.399999938538759,1.3999999599276334,1.3999999728787025,1.399999981051623,1.3999999860612569,1.3999999907362308,1.3999999958940021
power_line,power,EE-FI,1.0160000012743229,1.0160000014567678,1.0160000016530029,1.016000001869397,1.0160000021033524,1.0160000023616695,1.016000002659095,1.0160000030138399,1.0160000033775016,1.016000003787318,1.0160000043417448,1.0160000047989137,1.0160000053096503,1.0160000058933856,1.0160000065708514,1.0160000073709172,1.0160000083381027,1.016000009537138,1.0160000110961251,1.0160000133001532,1.0160000171148726,1.016000083101105,1.016000096627372,1.016000120621802,1.0160002032583526,1.1891917681441018,1.28095799997948,1.2809581175140128,1.3047367167756105,1.347002021339691
power_line,power,EE-LV,0.8960000006648734,0.8960000013777721,0.8960000021573873,0.8960000030185613,0.8960000039753423,0.8960000050468677,0.8960000062471805,0.8960000074752211,0.8960000088615954,0.8960000104447589,0.8960000122768061,0.8960000144309193,0.8960000170154557,0.8960000202237223,0.8960000240820061,0.8960000293236465,0.8960000372813751,0.8960000458979718,0.8960000553888857,0.8960000657429239,0.8960000756531172,0.8960000850579027,0.8960000941140804,0.89600010353971,0.8960001133046371,0.8960001258069086,0.8960001432209621,0.8960001885488483,0.8960002355456915,0.8960002884939666
power_line,power,EL-BG,0.3,0.3,0.3,0.3,0.3,0.3,0.3,0.3,0.3,0.3,0.3,0.3,0.3,0.3,0.3,0.3,0.3,0.3,0.3,0.3,0.3,0.3,0.3,0.3,0.3,0.3,0.3,0.3,0.3,0.3
power_line,power,EL-IT,1.9999999945320481,1.999999995078436,1.9999999953668401,1.9999999955735472,1.9999999957837067,1.9999999959965258,1.9999999962080286,1.9999999964253046,1.9999999966371478,1.9999999968424993,1.999999997040463,1.9999999972327953,1.999999997417776,1.9999999975943066,1.9999999977670997,1.999999997930984,1.9999999980822858,1.999999998225698,1.9999999983634624,1.9999999984964645,1.9999999986246253,1.99999999874844,1.9999999988687762,1.9999999989865387,1.9999999991029545,1.9999999992199902,1.9999999993408233,1.9999999994711386,1.9999999996202655,1.9999999998238553
power_line,power,ES-FR,7.849999994477745,7.849999995749302,7.849999996433182,7.849999996821737,7.849999997149732,7.849999997397831,7.849999997591468,7.849999997755588,7.849999997898067,7.849999998024558,7.849999998139395,7.849999998246539,7.84999999834753,7.849999998442705,7.849999998533276,7.849999998620229,7.849999998704414,7.849999998786431,7.849999998866538,7.849999998945209,7.849999999022726,7.849999999099639,7.849999999176445,7.849999999254083,7.84999999933343,7.849999999415535,7.849999999502183,7.84999999959739,7.849999999708771,7.849999999863476
power_line,power,ES-PT,3.6000000002764274,3.60000000056137,3.6000000008652844,3.6000000011903026,3.600000001537854,3.600000001910787,3.6000000023109764,3.6000000027409236,3.600000003204431,3.6000000037054636,3.6000000042510787,3.600000004839164,3.600000005478455,3.6000000061745867,3.600000006934478,3.6000000077678904,3.6000000086926875,3.6000000097095035,3.6000000108487322,3.600000012124708,3.600000013592187,3.600000015258607,3.6000000171952817,3.6000000194766804,3.6000000220903705,3.6000000253086153,3.600000029399658,3.60000003498367,3.600000043566047,3.6000000611552427
power_line,power,FI-EE,1.016,1.016,1.016,1.016,1.016,1.016,1.016,1.016,1.016,1.016,1.016,1.016,1.016,1.016,1.016,1.016,1.016,1.016,1.016,1.016,1.016,1.016,1.016,1.016,1.016,1.016,1.016,1.016,1.016,1.016
power_line,power,FI-NO,0.5297909368373059,0.5297911088279095,0.529791131551372,0.5297911374822845,0.5297911437963225,0.5297911490545698,0.5297911537694329,0.5297911578837221,0.5297911618129791,0.5297911650999059,0.5297911681918089,0.5297911706672815,0.5297911728660142,0.5297911749025529,0.529791176902059,0.5297911788615739,0.5297911806997048,0.5297911827289723,0.5297911848711488,0.5297911867705067,0.5297911883719155,0.5297911896512936,0.5297911911026183,0.5297911927988358,0.5297911946473576,0.5297911967286062,0.5297911994710035,0.5297912033357284,0.5297912097757432,0.52979122510864
power_line,power,FI-SE,2.300000009839381,2.300000023120591,2.3000000401709184,2.3000000478405895,2.3000000609037143,2.30000007747961,2.3000001040499476,2.3000001458226613,2.7832128109842786,2.7832128962697325,4.216027420038459,5.124528875636197,5.198008884860303,5.198008987147115,5.198009152617808,5.76758039784028,5.767580411698666,5.767580448912069,5.982102368612058,5.982102381909003,5.982102387330642,5.982102389861987,5.98210239277549,5.982102395994854,5.98210239924819,5.982102402836804,5.982102407526666,5.98210241495978,5.982102425640489,5.982102445245196
power_line,power,FR-BE,1.8,1.8,1.8,1.8,1.8,1.8,1.8,1.8,1.8,1.8,1.8,1.8,1.8,1.8,1.8,1.8,1.8,1.8,1.8,1.8,1.8,1.8,1.8,1.8,1.8,1.8,1.8,1.8,1.8,1.8
power_line,power,FR-CH,2.385,2.385,2.385,2.385,2.385,2.385,2.385,2.385,2.385,2.385,2.385,2.385,2.385,2.385,2.385,2.385,2.385,2.385,2.385,2.385,2.385,2.385,2.385,2.385,2.385,2.385,2.385,2.385,2.385,2.385
power_line,power,FR-DE,1.3,1.3,1.3,1.3,1.3,1.3,1.3,1.3,1.3,1.3,1.3,1.3,1.3,1.3,1.3,1.3,1.3,1.3,1.3,1.3,1.3,1.3,1.3,1.3,1.3,1.3,1.3,1.3,1.3,1.3
power_line,power,FR-ES,2.0,2.0,2.0,2.0,2.0,2.0,2.0,2.0,2.0,2.0,2.0,2.0,2.0,2.0,2.0,2.0,2.0,2.0,2.0,2.0,2.0,2.0,2.0,2.0,2.0,2.0,2.0,2.0,2.0,2.0
power_line,power,FR-IT,3.9819999966452615,3.9819999970011835,3.9819999971817754,3.981999997324117,3.981999997463292,3.9819999975977316,3.9819999977269567,3.9819999978478617,3.981999997958986,3.9819999980608753,3.9819999981545586,3.9819999982412924,3.981999998323181,3.9819999984016956,3.9819999984776233,3.981999998551549,3.981999998624991,3.981999998697872,3.981999998770483,3.9819999988434907,3.9819999989171375,3.9819999989913697,3.981999999067227,3.981999999146176,3.981999999229184,3.981999999317312,3.9819999994124493,3.981999999519834,3.981999999648731,3.981999999832172
power_line,power,FR-LU,1.3,1.3,1.3,1.3,1.3,1.3,1.3,1.3,1.3,1.3,1.3,1.3,1.3,1.3,1.3,1.3,1.3,1.3,1.3,1.3,1.3,1.3,1.3,1.3,1.3,1.3,1.3,1.3,1.3,1.3
power_line,power,FR-NO,0.0,0.0,0.0,0.0,0.0,0.0,0.0,0.0,0.0,0.0,0.0,0.0,0.0,0.0,0.0,0.0,0.0,0.0,0.0,0.0,0.0,0.0,0.0,0.0,0.0,0.0,0.0,0.0,0.0,0.0
power_line,power,FR-UK,10.113999888414627,10.11399989093923,10.113999892190623,10.113999893369382,10.113999894913059,10.113999896955118,10.113999899864247,10.113999904195515,10.113999911813917,10.11399992864364,10.11399995497352,10.11399996471523,10.113999969329956,10.113999972892552,10.113999975650142,10.11399997803763,10.113999980127234,10.113999982072345,10.113999983916546,10.113999985640474,10.11399998733882,10.113999988989457,10.113999990554747,10.113999991987857,10.113999993299798,10.113999994486594,10.113999995589491,10.113999996643447,10.113999997721617,10.11399999902383
power_line,power,HR-HU,0.5000000006563968,0.5000000012963528,0.5000000019659447,0.5000000026748216,0.5000000034380079,0.5000000043030234,0.5000000052762655,0.5000000063412815,0.5000000075151199,0.5000000087898722,0.5000000101764764,0.5000000118089214,0.5000000137741307,0.5000000160800029,0.5000000187974543,0.5000000221861168,0.5000000262221002,0.5000000314932608,0.5000000382869929,0.5000000458616674,0.5000000535101121,0.5000000606980228,0.5000000686081632,0.5000000773260912,0.5000000867731073,0.5000000972871979,0.5000001115754521,0.5000001271965668,0.5000001629289158,0.5000002475013694
power_line,power,HR-SI,0.6000000011351465,0.600000002167445,0.6000000031719164,0.6000000042194475,0.6000000053905279,0.6000000067109398,0.600000008212264,0.6000000099364245,0.6000000119309209,0.6000000142843873,0.6000000170747245,0.6000000199864465,0.6000000233214902,0.6000000273561408,0.6000000324985787,0.6000000399723107,0.6000000531520959,0.6000000856050766,0.6361432967613441,0.7096372881670167,0.7206202942946057,0.8463734428034257,0.914218715112875,1.147389559853501,1.164763147563175,1.1647632415168578,1.178688733672307,1.178688829659692,1.1786889977774901,1.1811521418123623
power_line,power,HU-AT,0.3,0.3,0.3,0.3,0.3,0.3,0.3,0.3,0.3,0.3,0.3,0.3,0.3,0.3,0.3,0.3,0.3,0.3,0.3,0.3,0.3,0.3,0.3,0.3,0.3,0.3,0.3,0.3,0.3,0.3
power_line,power,HU-HR,0.6,0.6,0.6,0.6,0.6,0.6,0.6,0.6,0.6,0.6,0.6,0.6,0.6,0.6,0.6,0.6,0.6,0.6,0.6,0.6,0.6,0.6,0.6,0.6,0.6,0.6,0.6,0.6,0.6,0.6
power_line,power,HU-RO,3.0243037895571994,3.0243038089198335,3.160828182162015,3.160828199225287,3.160828205564775,3.1608282101768266,3.160828214199516,3.1608282175720532,3.1608282211464114,3.1608282251494138,3.1608282299786037,3.1608282350233186,3.1608282402388697,3.160828245381019,3.1608282559644225,3.1608283020622396,3.2229092912976296,3.3402960166212203,3.3769998809168245,3.3769999150465333,3.3769999566119004,3.3769999776942865,3.3769999840550478,3.37699998774585,3.376999991135842,3.376999993085933,3.3769999949169427,3.376999996238735,3.376999997512952,3.3769999989485395
power_line,power,HU-SI,0.9999999944819392,0.9999999950642815,0.9999999953862041,0.9999999956269703,0.9999999958512442,0.9999999960634687,0.9999999962628686,0.9999999964513422,0.9999999966322088,0.999999996805603,0.9999999969649961,0.999999997109777,0.9999999972396921,0.9999999973648632,0.9999999974843924,0.9999999976028225,0.9999999977236864,0.9999999978466478,0.9999999979651012,0.9999999980791291,0.999999998191418,0.9999999983037817,0.9999999984190819,0.9999999985397161,0.9999999986673395,0.9999999988049371,0.9999999989582746,0.9999999991352655,0.9999999993558705,0.9999999996826805
power_line,power,HU-SK,1.7999999953535144,1.7999999955674617,1.799999995778278,1.7999999959952377,1.7999999962208049,1.799999996430034,1.7999999966417948,1.7999999968503901,1.7999999970327576,1.799999997195612,1.7999999973413439,1.7999999974788115,1.7999999976085104,1.799999997733874,1.7999999978554897,1.7999999979745729,1.7999999980914103,1.799999998206613,1.7999999983206227,1.7999999984341963,1.7999999985474122,1.7999999986602004,1.7999999987733728,1.799999998888108,1.7999999990056097,1.7999999991276252,1.7999999992573945,1.7999999993999405,1.7999999995667826,1.799999999797934
power_line,power,IE-UK,1.850277168520424,1.85027719711073,1.8502772249081423,1.850277238675218,1.8502772610969334,1.8502773182426664,2.240999953768384,2.240999965163803,2.2409999712624322,2.2409999754666665,2.240999978414957,2.240999980574595,2.2409999821330815,2.240999983337035,2.240999982377477,2.2409999858310634,2.2409999868568833,2.240999987775186,2.2409999886987566,2.2409999895698167,2.240999990420822,2.240999991197352,2.2409999919890957,2.240999992759104,2.2409999935690235,2.2409999943810877,2.2409999952288757,2.2409999961438247,2.240999997191433,2.2409999986772644
power_line,power,IT-AT,0.024,0.024,0.024,0.024,0.024,0.024,0.024,0.024,0.024,0.024,0.024,0.024,0.024,0.024,0.024,0.024,0.024,0.024,0.024,0.024,0.024,0.024,0.024,0.024,0.024,0.024,0.024,0.024,0.024,0.024
power_line,power,IT-CH,1.81,1.81,1.81,1.81,1.81,1.81,1.81,1.81,1.81,1.81,1.81,1.81,1.81,1.81,1.81,1.81,1.81,1.81,1.81,1.81,1.81,1.81,1.81,1.81,1.81,1.81,1.81,1.81,1.81,1.81
power_line,power,IT-EL,0.0,0.0,0.0,0.0,0.0,0.0,0.0,0.0,0.0,0.0,0.0,0.0,0.0,0.0,0.0,0.0,0.0,0.0,0.0,0.0,0.0,0.0,0.0,0.0,0.0,0.0,0.0,0.0,0.0,0.0
power_line,power,IT-FR,0.995,0.995,0.995,0.995,0.995,0.995,0.995,0.995,0.995,0.995,0.995,0.995,0.995,0.995,0.995,0.995,0.995,0.995,0.995,0.995,0.995,0.995,0.995,0.995,0.995,0.995,0.995,0.995,0.995,0.995
power_line,power,IT-SI,2.08979967317726,2.0897996785441277,2.089799766744538,2.125489736461989,2.804999973499515,2.80499998012802,2.804999980521818,2.804999981558902,2.8049999821041496,2.80499998264432,2.804999983703786,2.804999984282503,2.804999984855353,2.8049999854272283,2.8049999858500123,2.804999986347246,2.8049999868422346,2.8049999873210165,2.8049999878964504,2.8049999885115606,2.8049999891249096,2.8049999897917206,2.804999990604384,2.804999991246765,2.804999992046018,2.804999992644607,2.8049999939914447,2.8049999951020643,2.8049999962901353,2.8049999980801745
power_line,power,LT-LV,1.497078646892425,1.4989758966166071,1.498975933699409,1.4989759661405124,1.5287966451815904,1.6179938205986881,1.621548551845685,1.6393433026630848,1.6530893972050449,1.663835625691701,1.6638356675779828,1.7008394549065047,1.700839528600197,1.701726069510024,1.7425329594485162,1.7513130163589148,1.7563602217593024,1.7856993715166947,1.7856995213362785,1.8275183232654342,1.8571057664384651,1.903999964601802,1.9039999725425842,1.9039999771104186,1.9039999808735735,1.9039999837964408,1.9039999864130797,1.9039999893485473,1.903999992245848,1.9039999963394338
power_line,power,LT-PL,1.1999999943445916,1.199999995311937,1.1999999957361676,1.19999999602293,1.19999999625775,1.199999996465197,1.1999999966599664,1.1999999968434294,1.1999999970193367,1.1999999971859054,1.1999999973401987,1.1999999974801232,1.1999999976067237,1.1999999977300886,1.1999999978504077,1.199999997968682,1.1999999980879428,1.199999998209137,1.199999998324742,1.1999999984349166,1.1999999985418102,1.1999999986473948,1.1999999987535834,1.1999999988620103,1.1999999989746215,1.1999999990937213,1.1999999992224026,1.199999999366802,1.1999999995401842,1.1999999997842143
power_line,power,LT-SE,0.7000000006981245,0.7000000010366894,0.7000000013959488,0.700000001775637,0.7000000021972331,0.7000000026745306,0.700000003232082,0.7000000038979602,0.7000000046911168,0.7000000056576022,0.7000000068439348,0.700000008299237,0.7000000101065246,0.7000000124364539,0.7000000158287204,0.700000022382623,0.7000000398676588,0.7000000603544323,0.7000000753082006,0.7000001165337019,1.1911158156026933,2.2999999625985215,2.299999975696909,2.2999999800689825,2.299999984288134,2.29999998665219,2.299999988972551,2.299999991286318,2.299999993888398,2.29999999717129
power_line,power,LU-BE,0.4,0.4,0.4,0.4,0.4,0.4,0.4,0.4,0.4,0.4,0.4,0.4,0.4,0.4,0.4,0.4,0.4,0.4,0.4,0.4,0.4,0.4,0.4,0.4,0.4,0.4,0.4,0.4,0.4,0.4
power_line,power,LU-DE,0.0,0.0,0.0,0.0,0.0,0.0,0.0,0.0,0.0,0.0,0.0,0.0,0.0,0.0,0.0,0.0,0.0,0.0,0.0,0.0,0.0,0.0,0.0,0.0,0.0,0.0,0.0,0.0,0.0,0.0
power_line,power,LU-FR,1.2,1.2,1.2,1.2,1.2,1.2,1.2,1.2,1.2,1.2,1.2,1.2,1.2,1.2,1.2,1.2,1.2,1.2,1.2,1.2,1.2,1.2,1.2,1.2,1.2,1.2,1.2,1.2,1.2,1.2
power_line,power,LV-EE,0.679,0.679,0.679,0.679,0.679,0.679,0.679,0.679,0.679,0.679,0.679,0.679,0.679,0.679,0.679,0.679,0.679,0.679,0.679,0.679,0.679,0.679,0.679,0.679,0.679,0.679,0.679,0.679,0.679,0.679
power_line,power,LV-LT,1.059,1.059,1.059,1.059,1.059,1.059,1.059,1.059,1.059,1.059,1.059,1.059,1.059,1.059,1.059,1.059,1.059,1.059,1.059,1.059,1.059,1.059,1.059,1.059,1.059,1.059,1.059,1.059,1.059,1.059
power_line,power,NL-BE,0.95,0.95,0.95,0.95,0.95,0.95,0.95,0.95,0.95,0.95,0.95,0.95,0.95,0.95,0.95,0.95,0.95,0.95,0.95,0.95,0.95,0.95,0.95,0.95,0.95,0.95,0.95,0.95,0.95,0.95
power_line,power,NL-DE,1.468,1.468,1.468,1.468,1.468,1.468,1.468,1.468,1.468,1.468,1.468,1.468,1.468,1.468,1.468,1.468,1.468,1.468,1.468,1.468,1.468,1.468,1.468,1.468,1.468,1.468,1.468,1.468,1.468,1.468
power_line,power,NL-DK,0.7,0.7,0.7,0.7,0.7,0.7,0.7,0.7,0.7,0.7,0.7,0.7,0.7,0.7,0.7,0.7,0.7,0.7,0.7,0.7,0.7,0.7,0.7,0.7,0.7,0.7,0.7,0.7,0.7,0.7
power_line,power,NL-NO,0.6200000018703622,0.6200000019598861,0.6200000020602827,0.6200000021600662,0.6200000022683233,0.6200000023725228,0.6200000024844232,0.6200000026059626,0.6200000027376779,0.6200000028813336,0.620000003037491,0.6200000032083508,0.620000003396227,0.6200000036033112,0.6200000038332724,0.6200000040910159,0.6200000043814201,0.6200000047094223,0.6200000050894828,0.6200000055377468,0.620000006096855,0.6200000067225553,0.6200000074586655,0.6200000083087536,0.6200000092899864,0.6200000104602332,0.6200000118976602,0.6200000137908571,0.6200000166020929,0.6200000223638552
power_line,power,NL-UK,1.0160000015171575,1.0160000035529027,1.0160000053884486,1.0160000070552506,1.0160000089178494,1.0160000110296012,1.0160000133447604,1.016000015841302,1.0160000185584408,1.0160000212399813,1.0160000238869462,1.0160000264945233,1.0160000293507117,1.0160000326036147,1.016000036385176,1.016000040640539,1.0160000457656295,1.016000052020573,1.0160000596618786,1.016000068542144,1.0160000789002903,1.0160000903842925,1.0160001057105965,1.016000126383263,1.0160001582307554,1.0160002110468627,1.0160003182270596,1.0160007289040922,2.795972596987987,2.869026584150364
power_line,power,NO-BE,0.0,0.0,0.0,0.0,0.0,0.0,0.0,0.0,0.0,0.0,0.0,0.0,0.0,0.0,0.0,0.0,0.0,0.0,0.0,0.0,0.0,0.0,0.0,0.0,0.0,0.0,0.0,0.0,0.0,0.0
power_line,power,NO-DE,1.444,1.444,1.444,1.444,1.444,1.444,1.444,1.444,1.444,1.444,1.444,1.444,1.444,1.444,1.444,1.444,1.444,1.444,1.444,1.444,1.444,1.444,1.444,1.444,1.444,1.444,1.444,1.444,1.444,1.444
power_line,power,NO-DK,1.632,1.632,1.632,1.632,1.632,1.632,1.632,1.632,1.632,1.632,1.632,1.632,1.632,1.632,1.632,1.632,1.632,1.632,1.632,1.632,1.632,1.632,1.632,1.632,1.632,1.632,1.632,1.632,1.632,1.632
power_line,power,NO-FI,0.135,0.135,0.135,0.135,0.135,0.135,0.135,0.135,0.135,0.135,0.135,0.135,0.135,0.135,0.135,0.135,0.135,0.135,0.135,0.135,0.135,0.135,0.135,0.135,0.135,0.135,0.135,0.135,0.135,0.135
power_line,power,NO-FR,0.0,0.0,0.0,0.0,0.0,0.0,0.0,0.0,0.0,0.0,0.0,0.0,0.0,0.0,0.0,0.0,0.0,0.0,0.0,0.0,0.0,0.0,0.0,0.0,0.0,0.0,0.0,0.0,0.0,0.0
power_line,power,NO-NL,0.49,0.49,0.49,0.49,0.49,0.49,0.49,0.49,0.49,0.49,0.49,0.49,0.49,0.49,0.49,0.49,0.49,0.49,0.49,0.49,0.49,0.49,0.49,0.49,0.49,0.49,0.49,0.49,0.49,0.49
power_line,power,NO-SE,4.694999910451861,4.694999912974103,4.694999915259551,4.694999917255457,4.69499991887983,4.694999920939772,4.694999923503394,4.694999927123874,4.694999932827581,4.694999939758225,4.69499994914876,4.694999955350929,4.6949999607344,4.69499996461191,4.694999968694848,4.69499997325887,4.694999977568948,4.6949999806142495,4.694999983423178,4.694999986140081,4.6949999889110305,4.69499999119412,4.694999992646486,4.694999993750519,4.694999994692419,4.694999995547545,4.6949999963632365,4.694999997172159,4.69499999803708,4.694999999132283
power_line,power,NO-UK,3.7999999803262163,3.7999999813423475,3.7999999819310797,3.799999982284968,3.799999982605213,3.7999999828998594,3.799999983166079,3.7999999834113267,3.799999983664249,3.79999998392936,3.799999984205595,3.799999984495899,3.7999999848044017,3.7999999851371644,3.799999985498666,3.7999999858919495,3.7999999863233738,3.7999999867983734,3.7999999873224146,3.7999999879052866,3.7999999885553413,3.799999989273884,3.79999999003331,3.7999999908507416,3.7999999917283787,3.7999999926878774,3.799999993739403,3.799999994892121,3.7999999962740945,3.79999999826174
power_line,power,PL-CZ,0.8,0.8,0.8,0.8,0.8,0.8,0.8,0.8,0.8,0.8,0.8,0.8,0.8,0.8,0.8,0.8,0.8,0.8,0.8,0.8,0.8,0.8,0.8,0.8,0.8,0.8,0.8,0.8,0.8,0.8
power_line,power,PL-DE,1.733,1.733,1.733,1.733,1.733,1.733,1.733,1.733,1.733,1.733,1.733,1.733,1.733,1.733,1.733,1.733,1.733,1.733,1.733,1.733,1.733,1.733,1.733,1.733,1.733,1.733,1.733,1.733,1.733,1.733
power_line,power,PL-LT,0.35,0.35,0.35,0.35,0.35,0.35,0.35,0.35,0.35,0.35,0.35,0.35,0.35,0.35,0.35,0.35,0.35,0.35,0.35,0.35,0.35,0.35,0.35,0.35,0.35,0.35,0.35,0.35,0.35,0.35
power_line,power,PL-SE,0.30000000183831355,0.30000000231786755,0.30000000281904776,0.30000000336099253,0.3000000039943406,0.3000000047556729,0.3000000057170783,0.30000000699529267,0.3000000088218574,0.30000001136031484,0.3000000156253804,0.3000000242147548,0.3000000500531937,0.7939227305148732,0.9810603949018083,0.981060473415571,1.2999997978967517,1.2999998240262787,1.299999911355923,1.2999999386150984,1.299999974763271,1.299999981590299,1.2999999843559598,1.2999999864870189,1.299999988085955,1.299999989518371,1.2999999908455862,1.299999992713528,1.2999999944735796,1.2999999972795915
power_line,power,PL-SK,1.599999968558594,1.5999999765914337,1.5999999800131777,1.599999981886486,1.5999999837736651,1.5999999856707277,1.5999999876198485,1.5999999896525838,1.599999990765396,1.5999999914969316,1.5999999920222725,1.5999999925384232,1.5999999929789277,1.5999999933684383,1.599999993737793,1.5999999940873146,1.599999994438888,1.599999994792137,1.599999995148529,1.599999995499674,1.5999999958401492,1.5999999961633118,1.59999999648329,1.5999999968119083,1.5999999971528145,1.59999999751169,1.599999997889672,1.5999999982994846,1.5999999987731626,1.5999999994250238
power_line,power,PT-ES,2.5,2.5,2.5,2.5,2.5,2.5,2.5,2.5,2.5,2.5,2.5,2.5,2.5,2.5,2.5,2.5,2.5,2.5,2.5,2.5,2.5,2.5,2.5,2.5,2.5,2.5,2.5,2.5,2.5,2.5
power_line,power,RO-BG,0.5,0.5,0.5,0.5,0.5,0.5,0.5,0.5,0.5,0.5,0.5,0.5,0.5,0.5,0.5,0.5,0.5,0.5,0.5,0.5,0.5,0.5,0.5,0.5,0.5,0.5,0.5,0.5,0.5,0.5
power_line,power,RO-HU,0.35,0.35,0.35,0.35,0.35,0.35,0.35,0.35,0.35,0.35,0.35,0.35,0.35,0.35,0.35,0.35,0.35,0.35,0.35,0.35,0.35,0.35,0.35,0.35,0.35,0.35,0.35,0.35,0.35,0.35
power_line,power,SE-DE,0.615,0.615,0.615,0.615,0.615,0.615,0.615,0.615,0.615,0.615,0.615,0.615,0.615,0.615,0.615,0.615,0.615,0.615,0.615,0.615,0.615,0.615,0.615,0.615,0.615,0.615,0.615,0.615,0.615,0.615
power_line,power,SE-DK,2.015,2.015,2.015,2.015,2.015,2.015,2.015,2.015,2.015,2.015,2.015,2.015,2.015,2.015,2.015,2.015,2.015,2.015,2.015,2.015,2.015,2.015,2.015,2.015,2.015,2.015,2.015,2.015,2.015,2.015
power_line,power,SE-FI,2.7,2.7,2.7,2.7,2.7,2.7,2.7,2.7,2.7,2.7,2.7,2.7,2.7,2.7,2.7,2.7,2.7,2.7,2.7,2.7,2.7,2.7,2.7,2.7,2.7,2.7,2.7,2.7,2.7,2.7
power_line,power,SE-LT,0.7,0.7,0.7,0.7,0.7,0.7,0.7,0.7,0.7,0.7,0.7,0.7,0.7,0.7,0.7,0.7,0.7,0.7,0.7,0.7,0.7,0.7,0.7,0.7,0.7,0.7,0.7,0.7,0.7,0.7
power_line,power,SE-NO,3.995,3.995,3.995,3.995,3.995,3.995,3.995,3.995,3.995,3.995,3.995,3.995,3.995,3.995,3.995,3.995,3.995,3.995,3.995,3.995,3.995,3.995,3.995,3.995,3.995,3.995,3.995,3.995,3.995,3.995
power_line,power,SE-PL,0.6,0.6,0.6,0.6,0.6,0.6,0.6,0.6,0.6,0.6,0.6,0.6,0.6,0.6,0.6,0.6,0.6,0.6,0.6,0.6,0.6,0.6,0.6,0.6,0.6,0.6,0.6,0.6,0.6,0.6
power_line,power,SI-AT,0.95,0.95,0.95,0.95,0.95,0.95,0.95,0.95,0.95,0.95,0.95,0.95,0.95,0.95,0.95,0.95,0.95,0.95,0.95,0.95,0.95,0.95,0.95,0.95,0.95,0.95,0.95,0.95,0.95,0.95
power_line,power,SI-HR,0.6,0.6,0.6,0.6,0.6,0.6,0.6,0.6,0.6,0.6,0.6,0.6,0.6,0.6,0.6,0.6,0.6,0.6,0.6,0.6,0.6,0.6,0.6,0.6,0.6,0.6,0.6,0.6,0.6,0.6
power_line,power,SI-HU,0.0,0.0,0.0,0.0,0.0,0.0,0.0,0.0,0.0,0.0,0.0,0.0,0.0,0.0,0.0,0.0,0.0,0.0,0.0,0.0,0.0,0.0,0.0,0.0,0.0,0.0,0.0,0.0,0.0,0.0
power_line,power,SI-IT,0.397,0.397,0.397,0.397,0.397,0.397,0.397,0.397,0.397,0.397,0.397,0.397,0.397,0.397,0.397,0.397,0.397,0.397,0.397,0.397,0.397,0.397,0.397,0.397,0.397,0.397,0.397,0.397,0.397,0.397
power_line,power,SK-AT,0.0,0.0,0.0,0.0,0.0,0.0,0.0,0.0,0.0,0.0,0.0,0.0,0.0,0.0,0.0,0.0,0.0,0.0,0.0,0.0,0.0,0.0,0.0,0.0,0.0,0.0,0.0,0.0,0.0,0.0
power_line,power,SK-CZ,0.6,0.6,0.6,0.6,0.6,0.6,0.6,0.6,0.6,0.6,0.6,0.6,0.6,0.6,0.6,0.6,0.6,0.6,0.6,0.6,0.6,0.6,0.6,0.6,0.6,0.6,0.6,0.6,0.6,0.6
power_line,power,SK-HU,0.7,0.7,0.7,0.7,0.7,0.7,0.7,0.7,0.7,0.7,0.7,0.7,0.7,0.7,0.7,0.7,0.7,0.7,0.7,0.7,0.7,0.7,0.7,0.7,0.7,0.7,0.7,0.7,0.7,0.7
power_line,power,SK-PL,0.6,0.6,0.6,0.6,0.6,0.6,0.6,0.6,0.6,0.6,0.6,0.6,0.6,0.6,0.6,0.6,0.6,0.6,0.6,0.6,0.6,0.6,0.6,0.6,0.6,0.6,0.6,0.6,0.6,0.6
power_line,power,UK-BE,0.75,0.75,0.75,0.75,0.75,0.75,0.75,0.75,0.75,0.75,0.75,0.75,0.75,0.75,0.75,0.75,0.75,0.75,0.75,0.75,0.75,0.75,0.75,0.75,0.75,0.75,0.75,0.75,0.75,0.75
power_line,power,UK-DE,0.0,0.0,0.0,0.0,0.0,0.0,0.0,0.0,0.0,0.0,0.0,0.0,0.0,0.0,0.0,0.0,0.0,0.0,0.0,0.0,0.0,0.0,0.0,0.0,0.0,0.0,0.0,0.0,0.0,0.0
power_line,power,UK-DK,0.0,0.0,0.0,0.0,0.0,0.0,0.0,0.0,0.0,0.0,0.0,0.0,0.0,0.0,0.0,0.0,0.0,0.0,0.0,0.0,0.0,0.0,0.0,0.0,0.0,0.0,0.0,0.0,0.0,0.0
power_line,power,UK-FR,2.514,2.514,2.514,2.514,2.514,2.514,2.514,2.514,2.514,2.514,2.514,2.514,2.514,2.514,2.514,2.514,2.514,2.514,2.514,2.514,2.514,2.514,2.514,2.514,2.514,2.514,2.514,2.514,2.514,2.514
power_line,power,UK-IE,0.984,0.984,0.984,0.984,0.984,0.984,0.984,0.984,0.984,0.984,0.984,0.984,0.984,0.984,0.984,0.984,0.984,0.984,0.984,0.984,0.984,0.984,0.984,0.984,0.984,0.984,0.984,0.984,0.984,0.984
power_line,power,UK-NL,1.016,1.016,1.016,1.016,1.016,1.016,1.016,1.016,1.016,1.016,1.016,1.016,1.016,1.016,1.016,1.016,1.016,1.016,1.016,1.016,1.016,1.016,1.016,1.016,1.016,1.016,1.016,1.016,1.016,1.016
power_line,power,UK-NO,1.4,1.4,1.4,1.4,1.4,1.4,1.4,1.4,1.4,1.4,1.4,1.4,1.4,1.4,1.4,1.4,1.4,1.4,1.4,1.4,1.4,1.4,1.4,1.4,1.4,1.4,1.4,1.4,1.4,1.4
pumped_hydro,energy,AT,110.32907422400197,110.32907423631089,110.32907425111533,110.32907426042556,105.85431542967429,101.66941953351514,101.66941954843172,97.4845236722365,97.48452371442426,97.48452381547817,95.6904722998773,95.69047349924158,97.0530010692447,85.50267042087874,72.75749279225678,76.7766271862182,92.71419891451089,120.04465551588756,120.04466016505529,120.04466046799735,120.0446606219983,120.2713720933839,120.27137235345413,120.2713717063465,120.27137195132927,120.2713720763663,120.27137216553048,120.27137223944217,120.27137230649103,120.27137237238932
pumped_hydro,energy,BE,5.71,5.71,5.71,5.71,3.64078007697152,3.6407800965550727,3.6407801262733646,3.6407803106776644,3.6407809859899203,3.640781660984089,5.584946498356921,5.584946770871564,5.584946923470972,2.5727921662801188,2.5727927089600287,2.572795914354111,2.2276577016411347,2.227659871687997,5.70999845174728,5.709999397894178,5.7099996156047315,5.709999715169733,5.709999768670296,5.70999980952449,5.7099998447450595,5.709999874171257,5.709999901218288,5.709999928425123,5.709999956359835,5.709999989755681
pumped_hydro,energy,BG,25.34488913228,25.34488913228,25.34488913228,25.34488913228,25.34488913228,25.34488913228,25.34488913228,25.34488913228,25.34488913228,25.34488913228,25.34488913228,25.34488913228,25.34488913228,25.34488913228,25.34488913228,25.34488913228,25.34488913228,25.34488913228,25.34488913228,25.34488913228,25.34488913228,25.34488913228,25.34488913228,25.34488913228,25.34488913228,25.34488913228,25.34488913228,25.34488913228,25.34488913228,25.34488913228
pumped_hydro,energy,CH,86.58736441094834,84.80031021323636,84.80031021929972,84.80031022617733,84.80031023504839,83.49624366806762,83.49624368660083,83.49624372122337,83.49624386820958,83.49624618654035,85.41405999912318,84.11839489221597,75.56724845971183,75.56724875857817,75.56724921420448,86.7610304392641,89.80405980156918,89.80406085522148,89.80406132211446,89.80406153193262,89.80406164891656,89.80406172069563,89.80406177907321,89.8040618270582,89.80406187735954,89.80406172406373,89.80406191899647,89.80406186674035,89.80406163804516,89.80406190248378
pumped_hydro,energy,CZ,2.3,2.3,2.3,2.3,2.3,2.3,2.3,2.3,2.3,2.3,2.3,2.3,2.3,2.299999748558172,2.2999998253757044,2.299999868070788,2.2999998857970594,2.2999999007935226,2.2999999130919813,2.2999999229448522,2.2999999319304094,2.299999939425635,2.2999999463872953,2.299999953114032,2.299999959863088,2.299999967770061,2.299999975425133,2.2999999804727764,2.2999999863477893,2.299999995712325
pumped_hydro,energy,DE,28.666008195627054,26.558600903580885,26.09204435109507,26.09204436018934,25.284204908323243,25.284204927350327,25.28420495606804,25.284205004374,25.28420510118181,21.514288615602627,23.730809865357305,21.067282093605733,23.497048636974817,26.8273164506318,23.28134867376736,30.90059761759065,39.87799506745525,39.87799808027154,39.877998669459856,39.8779990304411,39.877999212753934,39.87799932926877,39.877999438097504,39.87799958477577,39.8779990069668,39.87799916353338,39.87799927901248,39.87799936542724,39.877999461581915,39.877999585840925
pumped_hydro,energy,DK,0.0,0.0,0.0,0.0,0.0,0.0,0.0,0.0,0.0,0.0,0.0,0.0,0.0,0.0,0.0,0.0,0.0,0.0,0.0,0.0,0.0,0.0,0.0,0.0,0.0,0.0,0.0,0.0,0.0,0.0
pumped_hydro,energy,EE,0.0,0.0,0.0,0.0,0.0,0.0,0.0,0.0,0.0,0.0,0.0,0.0,0.0,0.0,0.0,0.0,0.0,0.0,0.0,0.0,0.0,0.0,0.0,0.0,0.0,0.0,0.0,0.0,0.0,0.0
pumped_hydro,energy,EL,5.14,5.14,5.14,5.14,5.14,5.14,5.14,5.14,5.14,5.14,5.14,5.14,5.14,5.14,5.14,5.14,5.14,5.14,5.14,5.14,5.139999707347089,5.139999770093633,5.139999808782923,5.139999838059827,5.139999865134004,5.139999889335261,5.139999912456879,5.139999935345706,5.139999959832274,5.139999986386823
pumped_hydro,energy,ES,130.211464679628,127.10964613651913,125.7074986555955,125.7074986585984,123.75466208274706,111.78188052117414,111.781880549615,111.78188056785096,102.76529332832921,100.75489952911931,96.82780467932305,91.68594810655694,80.22274339590308,77.34487897759944,77.3448789932759,77.34487901209116,77.34487907960319,62.11599949747228,58.180033079520676,58.18003323305096,46.16051349793026,34.449985554474445,34.449985702987576,34.44998602040175,1.774776806380831,1.7747772180499046,1.7747776043105032,1.7747782636125056,1.774779013583133,0.0003607991065559681
pumped_hydro,energy,FI,0.0,0.0,0.0,0.0,0.0,0.0,0.0,0.0,0.0,0.0,0.0,0.0,0.0,0.0,0.0,0.0,0.0,0.0,0.0,0.0,0.0,0.0,0.0,0.0,0.0,0.0,0.0,0.0,0.0,0.0
pumped_hydro,energy,FR,82.683,82.683,82.683,82.683,82.683,82.683,82.683,82.683,82.683,82.683,82.683,69.39926986809135,69.39926988500098,69.39926990646627,61.42574379976593,61.42574384248561,61.42574390393718,61.42574400562911,46.46510761279786,46.4651085156503,59.63918563475366,82.68294513558864,82.68298552484718,82.68299079425107,82.68299188445316,82.68299258575297,82.6829930130292,82.68299352222043,82.68299403985924,82.68299549613862
pumped_hydro,energy,HR,9.39699356176,9.39699356176,9.39699356176,9.39699356176,9.39699356176,9.39699356176,9.39699356176,9.39699356176,9.39699356176,9.39699356176,9.39699356176,9.39699356176,9.39699356176,9.39699356176,1.7038300749234752,8.163741619187245,9.152661841330167,9.396986818318393,9.396992931205167,9.396993170064436,9.396993277275957,9.396993333859749,9.396993373598217,9.396993402763124,9.396993429029854,9.396993452221759,9.396993474779173,9.396993496898702,9.396993521652398,9.396993551998975
pumped_hydro,energy,HU,0.0,0.0,0.0,0.0,0.0,0.0,0.0,0.0,0.0,0.0,0.0,0.0,0.0,0.0,0.0,0.0,0.0,0.0,0.0,0.0,0.0,0.0,0.0,0.0,0.0,0.0,0.0,0.0,0.0,0.0
pumped_hydro,energy,IE,1.8,1.8,1.8,1.8,1.8,1.8,1.8,1.8,1.8,3.041007827486538e-05,3.35748756150072e-05,3.4841821635223726e-05,3.574587073410896e-05,3.653973352974811e-05,4.044940242088838e-05,4.980787874489653e-05,5.536123859757286e-05,5.915210076961264e-05,7.293842107102238e-05,0.00010061704639615987,0.00027333092508325714,0.00027776017707881076,0.00028804635498508855,0.00029331360110639563,0.00029446753524575996,0.0002948029629124101,0.00029504552941961304,0.00029546976429413083,0.00029611919030282484,0.00029802063930587893
pumped_hydro,energy,IT,144.25390579328,144.25390579328,144.25390579328,144.25390579328,144.25390579328,144.25390579328,144.25390579328,144.25390579328,113.19148015430267,113.19148020692607,113.19148042101013,113.246797714951,115.88738358844364,116.6764291169122,120.02698311556338,133.83535779081913,133.8353586651442,144.25389993488827,144.25390058878938,144.25390531389422,144.25390552867938,144.25390562719423,144.2539057042258,144.25390577565042,144.25390551153225,144.25390575014126,144.2539053350271,144.2539055137167,144.25390564916938,144.2539057629186
pumped_hydro,energy,LT,10.8,10.8,10.8,10.8,10.8,10.8,10.8,10.8,10.8,10.8,10.8,10.8,10.8,10.8,10.8,10.8,10.8,10.8,10.8,10.8,10.8,10.8,10.8,10.8,10.8,10.8,10.8,0.00031934966186761304,0.000327712410066455,0.000338626600649249
pumped_hydro,energy,LU,0.39100052827211096,0.3910005312047936,0.3910005357592414,0.3910005397640498,0.3910005625293083,0.39100058057229037,0.3910006269470038,0.39100069483742994,0.39100072694419985,0.39100074987310574,0.19500087814716857,0.19500102948118064,0.19500164460658828,0.1950017193134286,0.19500356332184063,0.19500401495023198,0.19500418780988799,0.19500450972550978,0.5773860451761668,1.2909982923505485,1.2909993611451933,1.290999525715623,1.2909995992543035,1.2909996497288103,1.290999664775441,1.2909996870835674,1.290999744860863,1.290999842699266,1.2909998963812326,1.2909999466450772
pumped_hydro,energy,LV,0.0,0.0,0.0,0.0,0.0,0.0,0.0,0.0,0.0,0.0,0.0,0.0,0.0,0.0,0.0,0.0,0.0,0.0,0.0,0.0,0.0,0.0,0.0,0.0,0.0,0.0,0.0,0.0,0.0,0.0
pumped_hydro,energy,NL,0.0,0.0,0.0,0.0,0.0,0.0,0.0,0.0,0.0,0.0,0.0,0.0,0.0,0.0,0.0,0.0,0.0,0.0,0.0,0.0,0.0,0.0,0.0,0.0,0.0,0.0,0.0,0.0,0.0,0.0
pumped_hydro,energy,NO,25.283075866848733,25.283075870323174,25.283075874244958,25.28307587864596,25.22691494284583,25.22691494867793,25.22691495544524,25.226914963340768,25.02440948953924,24.39033436178441,23.33668265847708,23.33668267518035,23.336682696440576,23.33668272535384,14.82195956201713,14.821959616793674,14.459631039363895,14.459631156322546,14.423398470859148,14.423399691799885,2.656779681271807,2.490108801335864,2.2419138245386083,2.1332153951587762,2.133215559710631,2.133215721350402,2.1332158872057336,2.1332161152558444,2.1332164348037166,1.2346418540744892
pumped_hydro,energy,PL,14.908259169512814,14.90825917552225,14.908259182658329,13.087262708709819,13.087262724107095,13.087262740609358,11.551371791229075,11.551371823929347,11.551371886953671,11.551371985509386,11.551372289104034,11.551372681547905,11.551373542656084,11.683457571429182,11.358932720868411,14.906516414772753,15.689998192599205,15.689999827762792,15.68999870052261,15.689999258044914,15.689999463673994,15.689999600232579,15.68999966386333,15.689999733270435,15.689999776978725,15.68999982010023,15.689999858860117,15.689999896835577,15.689999936977932,15.689999985547749
pumped_hydro,energy,PT,61.160736127377035,61.160736155552094,61.160736158270225,61.160736161002575,61.16073616466743,61.16073617175575,61.16073618391135,55.048936562834164,55.048936568711305,55.048936578994464,55.04893661475612,55.04893666615832,55.04893672760463,55.048936753035555,55.048936769764154,55.048936792248675,40.68834469433456,40.68834478116645,40.68834512686894,40.688345193628976,40.68834525425034,40.688345308874396,40.68834537452805,40.68834546019392,40.6883455694238,40.68834569066556,40.6883458248426,40.68834599733389,40.68834622583651,40.6883466411666
pumped_hydro,energy,RO,0.0,0.0,0.0,0.0,0.0,0.0,0.0,0.0,0.0,0.0,0.0,0.0,0.0,0.0,0.0,0.0,0.0,0.0,0.0,0.0,0.0,0.0,0.0,0.0,0.0,0.0,0.0,0.0,0.0,0.0
pumped_hydro,energy,SE,1.66671179426,1.66671179426,1.66671179426,1.66671179426,1.66671179426,1.66671179426,1.66671179426,1.66671179426,1.66671179426,1.66671179426,1.66671179426,1.66671179426,1.66671179426,1.66671179426,7.47964899456723e-05,9.887970329504202e-05,0.00010947531277026573,0.0001558242278030272,0.00021350909224707618,1.6274193828574812,1.6551144245159053,1.660536343777925,1.6605365199991242,1.6605366678227362,1.6605374632652758,1.6652211539024704,1.6652213020388837,1.665221497171868,1.6667111840467304,1.6667116377329352
pumped_hydro,energy,SI,0.0,0.0,0.0,0.0,0.0,0.0,0.0,0.0,0.0,0.0,0.0,0.0,0.0,0.0,0.0,0.0,0.0,0.0,0.0,0.0,0.0,0.0,0.0,0.0,0.0,0.0,0.0,0.0,0.0,0.0
pumped_hydro,energy,SK,0.0,0.0,0.0,0.0,0.0,0.0,0.0,0.0,0.0,0.0,0.0,0.0,0.0,0.0,0.0,0.0,0.0,0.0,0.0,0.0,0.0,0.0,0.0,0.0,0.0,0.0,0.0,0.0,0.0,0.0
pumped_hydro,energy,UK,24.41786069875053,24.417860702428907,24.417860706548133,24.417860711207048,24.41786071671237,24.417860723385544,24.417860731209345,24.417860740452753,24.417860751428393,21.254925477783388,21.25492549483131,21.254925514698357,21.254925539624168,21.254925572141108,21.25492562162676,21.254925704451907,21.254925837417836,21.254926068712223,21.254926662460345,0.00017135081366567766,0.000421797578872212,0.0009357587413519102,0.0024701804552820917,0.008001219321260477,0.008011828141646358,0.008016791366704495,0.00801753603676698,0.0080185282123544,0.008019961121600944,0.008027921506008822
pumped_hydro,power,AT,6.090000001232721,6.090000001959024,6.090000002819268,6.090000003531375,5.843000004339446,5.612000005838114,5.612000007505928,5.381000010903641,5.381000016348328,5.38100003171124,5.3243200952778285,5.324320292315118,5.551408198870429,5.100519044871104,4.6928173621157745,4.906813171137174,5.500030749031437,6.6387997792645255,6.638799975969854,6.638799990150784,6.638799998296152,6.638799931657635,6.638799960571825,6.638799807050835,6.638799834809218,6.638799848736304,6.638799858759162,6.638799867273769,6.63879987469223,6.638799882144766
pumped_hydro,power,BE,1.308,1.308,1.308,1.308,0.834000013740041,0.8340000146636309,0.8340000160015038,0.8340000237827755,0.8340000520205579,0.8340000802606433,0.9150069486428258,0.9150069600170068,0.9150069667921118,0.22500701788931882,0.225007041489311,0.22500717647530105,0.12825476270365765,0.1282549589651353,0.3013291194955191,0.30132916165592893,0.3013291720568006,0.3013291768977526,0.30132918021944566,0.3013291827869029,0.3013291851342933,0.3013291876056865,0.30132919016326326,0.3013291928066384,0.3013291957071723,0.30132919941170383
pumped_hydro,power,BG,1.399,1.399,1.399,1.399,1.399,1.399,1.399,1.399,1.399,1.399,1.399,1.399,1.399,1.399,1.399,1.399,1.399,1.399,1.399,1.399,1.399,1.399,1.399,1.399,1.399,1.399,1.399,1.399,1.399,1.399
pumped_hydro,power,CH,4.779493103854328,4.680850383251257,4.68085038389317,4.680850384639242,4.68085038564607,4.608867860945791,4.608867863344903,4.608867868337971,4.608867891909488,4.608868277077309,4.928503910424085,4.86088270306926,4.490642180188845,4.490642220713644,4.490642247278044,4.957049801110229,4.957049907321504,4.957049952258511,4.957049972513988,4.957049981814173,4.957049987265767,4.957049990887958,4.957049993873916,4.957049996633329,4.957049999147388,4.957049966120727,4.957049987891855,4.957049983690415,4.957049962466841,4.957049988564186
pumped_hydro,power,CZ,1.17250955167,1.17250955167,1.17250955167,1.17250955167,1.17250955167,1.17250955167,1.17250955167,1.17250955167,1.17250955167,1.17250955167,1.17250955167,1.17250955167,1.17250955167,0.7146796569819228,0.7146796603069911,0.7146796621437614,0.7146796629590036,0.7146796636295593,0.7146796642151373,0.7146796647107546,0.714679665186616,0.7146796655876329,0.7146796659817048,0.7146796663931043,0.7146796668422797,0.714679667488441,0.7146796681516806,0.714679668595993,0.7146796691868678,0.7146796700775851
pumped_hydro,power,DE,5.664997781370508,5.248530384990806,5.156329131170358,5.156329131630035,4.996683296833386,4.996683297721756,4.996683299023785,4.9966833011526335,4.99668330531556,4.251669449179647,3.5132481947737655,2.986879724873618,3.0881199977310145,3.226881156900637,2.1249265866464744,2.4423952929890835,2.8164535204709424,2.8164536464316887,2.7726325025356235,2.772632519116245,2.7726325274581227,2.7726325334703135,2.7726325394463993,2.772632547197148,2.621997256842988,2.6219972664120266,2.6219972734863903,2.6219972810262946,2.6219972904606634,2.62199730476213
pumped_hydro,power,DK,0.0,0.0,0.0,0.0,0.0,0.0,0.0,0.0,0.0,0.0,0.0,0.0,0.0,0.0,0.0,0.0,0.0,0.0,0.0,0.0,0.0,0.0,0.0,0.0,0.0,0.0,0.0,0.0,0.0,0.0
pumped_hydro,power,EE,0.0,0.0,0.0,0.0,0.0,0.0,0.0,0.0,0.0,0.0,0.0,0.0,0.0,0.0,0.0,0.0,0.0,0.0,0.0,0.0,0.0,0.0,0.0,0.0,0.0,0.0,0.0,0.0,0.0,0.0
pumped_hydro,power,EL,0.699,0.699,0.699,0.699,0.699,0.699,0.699,0.699,0.699,0.699,0.699,0.699,0.699,0.699,0.699,0.699,0.699,0.699,0.699,0.699,0.480512870028197,0.480512873012449,0.48051287494533956,0.48051287677450505,0.48051287858035946,0.4805128803501445,0.4805128822095556,0.4805128842373738,0.4805128865873674,0.48051288920145324
pumped_hydro,power,ES,7.187478238210777,7.016262490630924,6.93886604538637,6.938866045628633,6.831072385396873,6.17019273761706,6.170192738975277,6.170192739897864,5.672490600128784,5.561519866740285,5.344750100647163,5.060927303050512,4.428175535155768,4.269321720771129,4.269321722061258,4.269321723428879,4.2693217274766715,3.4287103351249355,3.2114508716331334,3.211450879049552,2.547991354791766,1.901587714107865,1.9015877220367419,1.9015877373670047,0.0979648634526462,0.09796488519494878,0.09796490736934288,0.09796496833531185,0.09796505122916231,1.771788796227856e-05
pumped_hydro,power,FI,0.0,0.0,0.0,0.0,0.0,0.0,0.0,0.0,0.0,0.0,0.0,0.0,0.0,0.0,0.0,0.0,0.0,0.0,0.0,0.0,0.0,0.0,0.0,0.0,0.0,0.0,0.0,0.0,0.0,0.0
pumped_hydro,power,FR,5.304,5.304,5.304,5.304,5.304,5.304,5.304,5.304,5.304,5.304,5.304,4.451867099428877,4.45186710039796,4.451867101593344,3.9403764385026805,3.940376440706449,3.9403764437392406,3.9403764485940544,2.980672327181864,2.9806723660389496,3.529592249441416,4.2796672019367215,4.279669261251243,4.279669513914588,4.279669571559583,4.279669611854565,4.279669644244171,4.2796696983899745,4.279669774398927,4.279669985213103
pumped_hydro,power,HR,0.5187,0.5187,0.5187,0.5187,0.5187,0.5187,0.5187,0.5187,0.5187,0.5187,0.5187,0.5187,0.5187,0.5187,0.11679981563572135,0.4673144683089865,0.5085194823896692,0.5186996918938812,0.518699948208534,0.518699959404982,0.5186999651418712,0.5186999685214465,0.5186999712875312,0.5186999736830691,0.5186999759875938,0.518699978226775,0.5186999805357256,0.5186999829537922,0.5186999858027214,0.5186999890067377
pumped_hydro,power,HU,0.0,0.0,0.0,0.0,0.0,0.0,0.0,0.0,0.0,0.0,0.0,0.0,0.0,0.0,0.0,0.0,0.0,0.0,0.0,0.0,0.0,0.0,0.0,0.0,0.0,0.0,0.0,0.0,0.0,0.0
pumped_hydro,power,IE,0.292,0.292,0.292,0.292,0.292,0.292,0.292,0.292,0.292,1.2675699250632274e-06,1.399967317081478e-06,1.4534403102558487e-06,1.4920090482639989e-06,1.5262024005365745e-06,1.6907489727384536e-06,2.08338098771915e-06,2.3197261271237765e-06,2.4889501303191103e-06,3.1143354700941855e-06,4.611274518691399e-06,1.3432046414910602e-05,1.371566663107105e-05,1.4171973311775537e-05,1.439867769513774e-05,1.4451106307362259e-05,1.4468437484104166e-05,1.448191347505165e-05,1.450531629046951e-05,1.4541420064368864e-05,1.4636733965794197e-05
pumped_hydro,power,IT,7.9626,7.9626,7.9626,7.9626,7.9626,7.9626,7.9626,7.9626,6.248000536668509,6.248000544361815,6.248000576382438,6.257220118820966,6.6973177552880525,6.828825329447247,7.387250969898837,7.962599948663323,7.962599995558952,7.962599963536617,7.962599995462043,7.96259949538215,7.962599511228249,7.962599518740458,7.962599525082909,7.962599531726645,7.752433676891343,7.752433697724977,7.501451248291831,7.501451263065317,7.5014512763132535,7.501451288616434
pumped_hydro,power,LT,0.9,0.9,0.9,0.9,0.9,0.9,0.9,0.9,0.9,0.9,0.9,0.9,0.9,0.9,0.9,0.9,0.9,0.9,0.9,0.9,0.9,0.9,0.9,0.9,0.9,0.9,0.9,1.6151480464381153e-05,1.6567741851030583e-05,1.7097878094309537e-05
pumped_hydro,power,LU,0.3910000241368572,0.3910000243174978,0.3910000245628985,0.39100002479525536,0.39100002581883536,0.3910000265900127,0.39100002861029787,0.3910000314865685,0.3910000328724537,0.39100003388870996,0.19500003932981824,0.19500004573278604,0.1950000714040424,0.1950000745831953,0.1950001514645973,0.1950001703789533,0.19500017764329064,0.19500019116338263,0.21093275519515312,0.24066659888020456,0.24066664345030264,0.24066665060303144,0.24066665352882907,0.24066665574538765,0.24066665689573824,0.24066665791759834,0.2406666606759871,0.24066666572874287,0.24066666902223624,0.24066667403644126
pumped_hydro,power,LV,0.0,0.0,0.0,0.0,0.0,0.0,0.0,0.0,0.0,0.0,0.0,0.0,0.0,0.0,0.0,0.0,0.0,0.0,0.0,0.0,0.0,0.0,0.0,0.0,0.0,0.0,0.0,0.0,0.0,0.0
pumped_hydro,power,NL,0.0,0.0,0.0,0.0,0.0,0.0,0.0,0.0,0.0,0.0,0.0,0.0,0.0,0.0,0.0,0.0,0.0,0.0,0.0,0.0,0.0,0.0,0.0,0.0,0.0,0.0,0.0,0.0,0.0,0.0
pumped_hydro,power,NO,1.395588000179287,1.3955880003957528,1.3955880006395958,1.3955880009153065,1.3924880012312006,1.3924880015887406,1.3924880019962638,1.392488002464029,1.38131000300115,1.3463100036451168,1.288150004401612,1.288150005306395,1.2881500064207703,1.2881500078745485,0.8181500137068103,0.8181500162801674,0.7981500196599368,0.7981500248775689,0.7961500327376058,0.7961500840310343,0.14665024748821004,0.13745027966742285,0.12375028670044895,0.11775029439978854,0.11775030211562298,0.11775030983204975,0.11775031788947002,0.11775032884268018,0.11775034426365764,0.0681503682723983
pumped_hydro,power,PL,1.62100000357837,1.6210000039152925,1.6210000043088248,1.423000004830712,1.4230000055917,1.4230000064147024,1.2560000074624724,1.2560000089981513,1.2560000118199552,1.2560000161506315,1.2560000290627455,1.2560000457330969,1.2560000820153736,1.2615035837440267,0.9149131345000453,1.062729122762847,1.095374198372537,1.0953742692146227,0.797907787811369,0.7979078212031131,0.7979078368470989,0.7979078519681116,0.7979078586942796,0.7979078636416475,0.797907867807792,0.7979078716809435,0.7979078753625285,0.7979078792178093,0.7979078833229003,0.7979078887738821
pumped_hydro,power,PT,3.3759812243969387,3.3759812256786974,3.375981225891614,3.3759812261172235,3.375981226392256,3.3759812268135394,3.37598122749018,3.03861902314921,3.038619023626905,3.038619024328633,3.0386190262226735,3.0386190287687813,3.0386190317679334,3.0386190332025578,3.038619034366456,3.038619035806317,2.2459358158035583,2.245935819674311,2.245935834870225,2.245935838415842,2.2459358417854793,2.2459358450838907,2.245935849225827,2.2459358542011736,2.245935860491945,2.2459358675893006,2.2459358757065226,2.245935886188585,2.245935900331434,2.2459359263270366
pumped_hydro,power,RO,0.0,0.0,0.0,0.0,0.0,0.0,0.0,0.0,0.0,0.0,0.0,0.0,0.0,0.0,0.0,0.0,0.0,0.0,0.0,0.0,0.0,0.0,0.0,0.0,0.0,0.0,0.0,0.0,0.0,0.0
pumped_hydro,power,SE,0.092,0.092,0.092,0.092,0.092,0.092,0.092,0.092,0.092,0.092,0.092,0.092,0.092,0.092,3.123950376383187e-06,4.137885119624141e-06,4.5962456323513294e-06,6.66974873030024e-06,1.0124964272035323e-05,0.0782804654877997,0.08289621896875295,0.08379985536804543,0.08379987304576926,0.08379989142936141,0.08380001947349977,0.08458063114574398,0.08458065071125656,0.084580676605402,0.0848289534041776,0.0848290196941465
pumped_hydro,power,SI,0.185,0.185,0.185,0.185,0.185,0.185,0.185,0.185,0.185,0.185,0.185,0.185,0.185,0.185,0.185,0.185,0.185,0.185,0.185,0.185,0.185,0.185,0.185,0.185,0.185,0.185,0.185,0.185,0.185,0.185
pumped_hydro,power,SK,0.997164769775,0.997164769775,0.997164769775,0.997164769775,0.997164769775,0.997164769775,0.997164769775,0.936876694215,0.936876694215,0.936876694215,0.936876694215,0.737926044865,0.737926044865,0.737926044865,0.737926044865,0.737926044865,0.737926044865,0.0,0.0,0.0,0.0,0.0,0.0,0.0,0.0,0.0,0.0,0.0,0.0,0.0
pumped_hydro,power,UK,2.789378109612194,2.7893781098437804,2.7893781101014667,2.789378110390494,2.7893781107253406,2.789378111121119,2.7893781115790506,2.7893781121134418,2.7893781127399686,2.428059707101484,2.428059708034458,2.428059709119574,2.4280597104565675,2.428059712159429,2.4280597146320257,2.428059718578453,2.428059724781639,2.428059735416628,2.4280597620293856,8.215195484301298e-06,2.0935141136037978e-05,4.64638903483499e-05,0.0001226277197248451,0.0003971126239451112,0.000398676889121602,0.0003994508771049611,0.00039951029842884034,0.0003995995966073772,0.00039969629962632056,0.00040018283987658653
reservoir_hydro,power,AT,5.142919998889576,5.142919999606806,5.142919997024626,5.142919997895173,5.142919999093267,5.142919989506865,5.142919993796073,5.142919995970581,5.1429199976114175,5.1429199991158745,5.142919989951116,5.142919992845074,5.142919994427984,5.142919995516434,5.142919996450904,5.1429199973046575,5.142919998175458,5.142919999238428,5.142919989817383,5.142919994124708,5.14291999653319,5.142919998484837,5.142919964672962,5.142919973323922,5.142919978157962,5.142919981663063,5.142919984917214,5.142919987665615,5.142919990907294,5.142919995378814
reservoir_hydro,power,BE,0.01273566879,0.01273566879,0.01273566879,0.01273566879,0.01273566879,0.012735666985266198,0.012735667316988055,0.012735667481364113,0.012735667590773918,0.012735667674931587,0.012735667745057872,0.012735667804215676,0.01273566785691444,0.012735667905188,0.012735667950094015,0.012735667992344008,0.012735668032652848,0.012735668071276803,0.012735668109496398,0.0127356681466918,0.012735668183555477,0.012735668220687354,0.012735668258206394,0.012735668296824426,0.012735668337079047,0.0127356683800294,0.012735668426787186,0.012735668480004856,0.0127356685451885,0.012735668644313197
reservoir_hydro,power,BG,1.3210233334048367,1.321023333488645,1.3210233335835888,1.1755653089986737,1.0248179017097978,1.0248179018473664,1.0248179020077388,1.0248179021930939,1.0248179024142259,1.0248179026852537,1.0248179030083275,1.0248179034071008,1.0248179039325398,1.024817904763118,0.21157531424015005,1.7965122338713782e-07,1.915746456919784e-07,2.00926619525007e-07,2.1005071123372904e-07,2.2033389180117288e-07,2.313474045407359e-07,2.43190372417799e-07,2.544533353912556e-07,2.6452128112235023e-07,2.73213924916746e-07,2.818573962365997e-07,2.915521361874913e-07,3.0304682700395234e-07,3.1732022433959764e-07,3.419519228243262e-07
reservoir_hydro,power,CH,7.901475075432682,7.62176835384416,7.111952166428458,7.111952166473701,6.701003475749359,6.354912734891318,6.1826849016841825,6.1628787009518895,6.162878701046153,6.162878701141827,5.779181249846934,5.703422804334472,5.703422804433075,5.635839730736437,5.487156968464004,5.390033551242241,5.342071369979631,5.3420713701555895,4.7747005651611145,4.774700565386324,4.275130844127315,4.27513084437943,4.257145026689868,4.257145027004613,4.2009856731475335,4.200985673591667,4.2009856742537,4.200985675038818,4.170464288090101,4.170464290594479
reservoir_hydro,power,CZ,0.711483902285,0.711483902285,0.711483902285,0.711483902285,0.711483902285,1.264321838817475e-07,1.5043055011517185e-07,1.716578569179783e-07,1.9141889836665785e-07,2.1077642968924355e-07,2.2772541972509448e-07,2.3863851308391e-07,2.491232553631704e-07,2.606291206899736e-07,2.7153180452784253e-07,2.8330594277053794e-07,2.924269801724506e-07,3.002743097147399e-07,3.0581053188882844e-07,3.102878131144565e-07,3.138044108194572e-07,3.1690646032281714e-07,3.2030111463944444e-07,3.2428713291849905e-07,3.2928553515853514e-07,3.3557438892713623e-07,3.431253605730389e-07,3.5399705846126306e-07,3.689635247774465e-07,3.9639590211560934e-07
reservoir_hydro,power,DE,0.18949999898978967,0.18949999909851145,0.18949999916050445,0.1894999992040662,0.18949999924191416,0.189499999276268,0.18949999930762784,0.1894999993362265,0.1894999993625476,0.18949999938729353,0.1894999994111824,0.18949999943340967,0.18949999945499085,0.18949999947622923,0.18949999949692128,0.1894999995172058,0.18949999953714694,0.1894999995567756,0.18949999957672067,0.18949999959672176,0.18949999961709768,0.18949999963791886,0.1894999996594846,0.18949999968198356,0.18949999970600087,0.18949999973165912,0.18949999976019044,0.18949999979299245,0.1894999998345258,0.18949999989995586
reservoir_hydro,power,DK,0.0,0.0,0.0,0.0,0.0,0.0,0.0,0.0,0.0,0.0,0.0,0.0,0.0,0.0,0.0,0.0,0.0,0.0,0.0,0.0,0.0,0.0,0.0,0.0,0.0,0.0,0.0,0.0,0.0,0.0
reservoir_hydro,power,EE,0.0,0.0,0.0,0.0,0.0,0.0,0.0,0.0,0.0,0.0,0.0,0.0,0.0,0.0,0.0,0.0,0.0,0.0,0.0,0.0,0.0,0.0,0.0,0.0,0.0,0.0,0.0,0.0,0.0,0.0
reservoir_hydro,power,EL,2.442152870640073,2.4421528706715327,2.442152870704759,2.442152870740007,2.442152870777571,2.4421528708175835,1.9579329051310062,1.9579329051784513,1.9579329052279335,1.6033553560111102,1.6033553560663458,1.603355356127693,1.6033553561929201,1.6033553562650218,1.1878347907955458,1.187834790880671,1.1878347909728928,1.1878347910737126,1.1878347911869784,1.1878347913132525,1.1878347914571183,0.8177444745951604,0.817744474784438,0.8177444750093399,0.8177444752735687,0.6980745527225832,0.6980745531403093,0.6980745537068865,0.5318663283598913,0.5318663301518054
reservoir_hydro,power,ES,13.317557000430801,13.161167000836226,12.045952001336177,10.996152001754224,10.156612002720406,10.020462003368936,9.797522004968025,9.340452007625478,9.076872011517407,8.229712016097162,6.314822019770019,6.143142024512347,6.12394202956287,5.7702620360070656,5.730282044012578,5.667082062170135,5.312552104780938,4.815678027545879,4.815678054236183,4.815678063489139,4.7652780671418595,4.751838074921492,4.751838079761831,4.745838085196427,4.728917089491305,4.727391097037299,4.286491107336795,4.271516120777879,3.915216151929418,2.791880459210106
reservoir_hydro,power,FI,1.345,1.345,1.345,1.345,1.345,1.3449999940259376,1.3449999954698564,1.3449999962358232,1.3449999966797945,1.3449999969910615,1.3449999972183084,1.3449999974212121,1.3449999975848554,1.3449999977299474,1.344999997861591,1.3449999979826257,1.3449999980953402,1.344999998201611,1.3449999982987801,1.344999998395915,1.3449999984933827,1.3449999985919778,1.3449999986920496,1.3449999987944243,1.3449999989015675,1.3449999990157306,1.344999999139691,1.3449999992817478,1.3449999994587922,1.3449999997286957
reservoir_hydro,power,FR,9.079638195571956,9.079638201827528,9.079638214842275,8.250365358608592,8.479015786094275,9.079638211306856,9.079638200640861,9.079638211636862,9.079638191166577,9.07963819619068,9.079638199647597,9.079638202379419,9.079638205418329,9.0796382102833,8.199169628761236,8.199169649217424,8.199169655817698,8.199169659922061,8.199169663231377,8.19916966611603,8.199169668609711,8.19916967114295,8.199169673704072,8.199169676291227,8.199169678773773,8.199169681553368,8.199169684700198,8.199169688697088,8.199169694544308,8.199169706037866
reservoir_hydro,power,HR,1.3276244586,1.3276244586,1.3276244586,1.3276244586,1.3276244586,1.3276244503487937,1.32762445216349,1.327624452981824,1.327624453468181,1.3276244538173496,1.3276244540916142,1.3276244543250517,1.327624454527561,1.327624454710318,1.3276244548788738,1.3276244550364946,1.32762445518639,1.3276244553314693,1.327624455475254,1.3276244556182901,1.3276244557627404,1.3276244559108688,1.3276244560649408,1.327624456227136,1.3276244564007051,1.3276244565902553,1.3276244568028435,1.327624457052287,1.3276244573734868,1.327624457907974
reservoir_hydro,power,HU,0.028,0.028,0.028,0.028,0.028,0.027999997475546143,0.02799999786406903,0.027999998061643303,0.027999998195750036,0.027999998298883035,0.02799999838479929,0.02799999845825547,0.027999998524612154,0.027999998585841464,0.027999998643786276,0.027999998699203447,0.027999998753057403,0.027999998805819246,0.02799999885835378,0.02799999891053056,0.02799999896299563,0.027999999016319152,0.02799999907142925,0.027999999129376424,0.027999999191184545,0.027999999258324776,0.02799999933329171,0.02799999942115523,0.02799999953307379,0.027999999709392855
reservoir_hydro,power,IE,0.001,0.001,0.001,0.001,0.001,4.471467341666169e-07,0.0009999779801992577,0.0009999863558255704,0.0009999891663194423,0.0009999905251088773,0.0009999914647564594,0.0009999922048435743,0.0009999928889270315,0.0009999934558760286,0.0009999939490930095,0.0009999943756771918,0.0009999947781638187,0.00099999514951647,0.0009999955002536818,0.000999995830966755,0.0009999961479340604,0.000999996448945412,0.0009999967488338996,0.000999997050200165,0.0009999973545222883,0.0009999976659815098,0.000999997987259114,0.000999998340192346,0.0009999987538072458,0.0009999993376034126
reservoir_hydro,power,IT,5.48524,5.48524,5.48524,5.48524,5.48524,2.5296789369115666e-06,2.536953201599779e-06,2.5398505123481065e-06,2.541352832177465e-06,2.5424180393443836e-06,2.5432663092533822e-06,2.543994574361322e-06,2.544672947229316e-06,2.5453383767843994e-06,2.5460055291513537e-06,2.5466830514038396e-06,2.547381549777303e-06,2.548096078005309e-06,2.5488222721990785e-06,2.549576312845263e-06,2.5503520638065804e-06,2.5511433881108506e-06,2.5519716201402854e-06,2.552907771151822e-06,2.5539785047254756e-06,2.5551913063978574e-06,2.5566148960249884e-06,2.5585588274371548e-06,2.5613746707182534e-06,2.56677110382237e-06
reservoir_hydro,power,LT,0.101,0.101,0.101,0.101,0.101,0.10099994209449557,0.10099994484392356,0.10099994601971077,0.10099994665684156,0.10099994711259626,0.10099994752922772,0.10099994783355182,0.10099994811485088,0.10099994836607128,0.10099994859788382,0.10099994881245652,0.1009999490108444,0.10099994920634255,0.10099994939005909,0.1009999495691174,0.1009999497483057,0.10099994993915841,0.1009999501488165,0.10099995038378268,0.10099995065292831,0.10099995096982521,0.10099995135521318,0.10099995185915542,0.10099995258602866,0.10099995399619863
reservoir_hydro,power,LU,0.0,0.0,0.0,0.0,0.0,0.0,0.0,0.0,0.0,0.0,0.0,0.0,0.0,0.0,0.0,0.0,0.0,0.0,0.0,0.0,0.0,0.0,0.0,0.0,0.0,0.0,0.0,0.0,0.0,0.0
reservoir_hydro,power,LV,0.884,0.884,0.884,0.884,0.884,6.163627782607396e-08,6.852998015535734e-08,7.377333947103144e-08,7.81599178385408e-08,8.240685589223856e-08,8.684848070297115e-08,9.099418614308074e-08,9.5262561443856e-08,9.968748666500651e-08,1.0431152882259157e-07,1.0901159253535251e-07,1.1365695184661374e-07,1.1800575127035598e-07,1.2203935870692118e-07,1.259204031737383e-07,1.295640602855811e-07,1.3353955996010065e-07,1.3814995974466297e-07,1.4338208697158327e-07,1.4925393259544816e-07,1.5578522625491768e-07,1.629885765511318e-07,1.714155654361717e-07,1.8187031068733803e-07,1.9787054588655882e-07
reservoir_hydro,power,NL,0.0,0.0,0.0,0.0,0.0,0.0,0.0,0.0,0.0,0.0,0.0,0.0,0.0,0.0,0.0,0.0,0.0,0.0,0.0,0.0,0.0,0.0,0.0,0.0,0.0,0.0,0.0,0.0,0.0,0.0
reservoir_hydro,power,NO,25.41818300038467,24.567483001961325,24.31808300092443,23.5406830013245,22.465483001634965,21.78808300219175,21.420083002514495,20.510083003497044,18.388483004160587,17.90978300478549,17.574783005402104,16.78026540602946,16.606335406649006,14.921335407532283,14.133335407920518,13.84298540963307,13.766085407782914,13.502265410237538,13.099335410781999,12.62560041368199,11.695500412710016,9.199130513116884,8.733420514027806,8.110020515665873,7.888320516554047,7.756170517708695,7.676138519898373,6.640610520866514,6.536630624952368,5.927130631773407
reservoir_hydro,power,PL,0.418353910828,0.418353910828,0.418353910828,0.418353910828,0.418353910828,0.418353910828,0.418353910828,8.843117879626262e-11,2.043193444499009e-10,2.9555354681551e-10,3.796105474695515e-10,4.616687993131799e-10,5.44213330422503e-10,6.288436685669775e-10,7.168055829625275e-10,8.092328722958341e-10,9.072825860067932e-10,1.0122218294953956e-09,1.1255165243717092e-09,1.2489424128907367e-09,1.3847375651332689e-09,1.5358267897035445e-09,1.7061521597241932e-09,1.9012668774159773e-09,2.1294066820945744e-09,2.4036293264052034e-09,2.7466618114616527e-09,3.203666792003766e-09,3.887141596902105e-09,5.245172144399768e-09
reservoir_hydro,power,PT,1.330399974676374,1.3303999767522472,1.3303999787979959,1.3303999795842019,1.3303999807367732,1.330399982606524,1.3303999855526552,1.330399987441315,1.3303999886751305,1.3303999896276428,1.3303999904286536,1.3303999911082927,1.3303999917039537,1.330399992238736,1.3303999927264671,1.330399993199064,1.330399993632248,1.330399994042398,1.3303999944047624,1.3303999947331275,1.3303999950401773,1.3303999953341492,1.3303999956274346,1.3303999959256771,1.33039999623749,1.3303999965756081,1.330399996962109,1.3303999974077994,1.3303999979813248,1.3303999989120594
reservoir_hydro,power,RO,4.351580616691123,3.7681222107533046,3.7681222108581847,3.7681222110112333,3.7681222110759194,3.7681222112078117,3.1538670564322535,3.153867056573229,3.153867056725453,3.1538670568709,3.153867057058038,3.1538670572309133,3.1538670574307406,2.677917302223827,2.6779173024716076,2.677917302721877,2.0642220889780143,2.0642220892894945,2.064222089645089,2.064222090048446,1.6479060397697058,1.6479060403248968,1.354497015348023,1.3544970162894414,1.3544970177117313,0.9373410585524077,2.8087498637981077e-07,3.0848405579579583e-07,3.2927223114324034e-07,3.579310500055941e-07
reservoir_hydro,power,SE,11.645763516460361,11.185992794538443,10.495946339929477,9.703238193430384,10.888375195282782,11.645763498595835,11.645763512130648,11.645763508814273,11.645763512167864,11.645763514010742,11.645763515796375,11.645763514102297,11.645763504909118,11.645763509030765,11.64576351128095,11.64576351300303,11.645763514394073,11.64576351586744,11.645763499476773,11.645763504056285,11.645763506688537,11.645763508728965,11.645763510055298,11.645763511232385,11.645763512250777,11.645763513284477,11.645763514378887,11.645763515749536,11.645763502666405,11.645763512849895
reservoir_hydro,power,SI,0.602189996336584,0.6021899968617205,0.6021899971687827,0.6021899973508364,0.6021899975195678,0.6021899976809891,0.6021899978309793,0.6021899979740181,0.6021899981118772,0.6021899982485235,0.6021899984090618,0.6021899985329545,0.6021899986734625,0.6021899988280562,0.6021899990049655,0.6021899992282508,0.6021899995947214,0.6021899817084718,0.6021899864508835,0.6021899884876285,0.6021899896742238,0.6021899906897885,0.602189991729205,0.6021899928526874,0.6021899943103884,0.602189996692267,0.41005549755139775,0.410055506822815,0.41005551703507986,0.23814571065759638
reservoir_hydro,power,SK,0.8044,0.8044,0.8044,0.8044,0.8044,0.8044,0.8044,0.8044,0.8044,0.8044,0.8044,0.8044,0.8044,0.8044,0.8044,0.8044,0.8044,0.8044,0.8044,0.8044,0.8044,0.8044,0.8044,0.8044,0.8044,0.8044,0.8044,0.8044,0.8044,0.8044
reservoir_hydro,power,UK,0.524,0.524,0.524,0.524,0.524,7.859485870645203e-11,1.8097106350779439e-10,2.6121239099135003e-10,3.3482115707124967e-10,4.0636919725678254e-10,4.780028168509859e-10,5.510548104305963e-10,6.265336696511602e-10,7.053202209912455e-10,7.882747617263028e-10,8.762973552818751e-10,9.703909119461952e-10,1.0717198622655192e-09,1.1816849058861334e-09,1.3020160027169905e-09,1.4349128616746421e-09,1.5832675413150094e-09,1.7510008252792015e-09,1.9436550547653924e-09,2.169465002509557e-09,2.441494280076386e-09,2.7824499768678305e-09,3.2374078147143983e-09,3.9190503579386944e-09,5.274808007404488e-09
run-of-river_hydro,power,AT,6.075899998824038,6.075899999557121,6.075899997496451,6.075899998665558,6.075899968760385,6.0758999896541255,6.075899987512679,6.075899996892556,6.07589999604151,6.0758999915315055,6.075899997791652,6.075899996724494,6.07589999143355,6.0758999976672365,6.075899996450979,6.075899986116944,6.075899995051187,6.075899992338207,6.075899993712486,6.075899996245438,6.075899996260873,6.075899995326011,6.075899985953711,6.075899995758011,6.075899992909935,6.075899992861513,6.075899991383158,6.075899954171102,6.075899944406555,6.075899985134376
run-of-river_hydro,power,BE,0.05901533766863889,0.05901533788939415,0.05901533801396495,0.05901533809758989,0.059015338174910295,0.05901533824724371,0.05901533831377961,0.05901533837459025,0.059015338430177776,0.05901533848250469,0.059015338532328245,0.05901533857926029,0.059015338624179875,0.059015338667675686,0.05901533871011368,0.05901533875173297,0.059015338792828324,0.059015338833205165,0.05901533887443899,0.059015338915353044,0.05901533895672558,0.0590153389992277,0.05901533904283703,0.05901533908857365,0.05901533913726212,0.05901533919006954,0.05901533924873327,0.05901533931665859,0.05901533940125417,0.05901533953419953
run-of-river_hydro,power,BG,3.7083555467167175e-08,3.9685358919283696e-08,4.491132182504572e-08,4.6307413345946416e-08,4.930096242951375e-08,5.2959061361015654e-08,5.6322055358109285e-08,6.013781304382308e-08,6.492953633228045e-08,7.485126250392101e-08,8.035882151181399e-08,8.334640760475854e-08,8.617777770500904e-08,8.990842971654692e-08,9.943558551923678e-08,1.0480244064398582e-07,1.0905575939024565e-07,1.1349379523650766e-07,1.1874068198449222e-07,1.241384391851446e-07,1.2960574978044554e-07,1.3652922892910112e-07,1.431953242394911e-07,1.4872918368856852e-07,1.5344039741754895e-07,1.5811793384185523e-07,1.633052141075915e-07,1.6953694535949926e-07,1.7734221922164494e-07,1.91768171767201e-07
run-of-river_hydro,power,CH,3.3547100000402432,3.352580000082721,3.3129300001187674,3.2978000001687664,3.15561000021947,3.1356100002714715,3.1157100003279607,3.107760000390115,3.0999600004536676,3.079840000535911,3.058910000598021,3.0532300006841515,3.0452300007767272,2.8828300008760643,2.761230000982164,2.760430001103687,2.7279500012337174,2.7050000013767224,2.6624000015345612,2.578620001710205,2.434850001905106,2.39648000212055,2.210470002366002,2.15929000265588,2.0386900029903456,2.0266500034099573,1.9281700039469953,1.8646600046832948,1.6845200057359762,1.3600600079311016
run-of-river_hydro,power,CZ,6.985797567386026e-08,7.047085023427553e-08,7.099987585141115e-08,7.137531986915089e-08,7.192108571095109e-08,7.285612646001434e-08,7.489204572666721e-08,7.866616075319166e-08,8.360117252241254e-08,8.916656241518465e-08,9.467915617750549e-08,9.912636079673967e-08,1.0365521874594135e-07,1.0863452629249401e-07,1.1390465102736609e-07,1.1943272249850036e-07,1.2454947232033635e-07,1.2928965751601275e-07,1.3358554096403826e-07,1.3704167348051287e-07,1.3968079491122752e-07,1.420340341546552e-07,1.4470567096303463e-07,1.47913612402711e-07,1.5191749187121304e-07,1.5668285971488892e-07,1.621400692804515e-07,1.691734281551237e-07,1.7812438157928384e-07,1.9333876482916902e-07
run-of-river_hydro,power,DE,2.703905009853611,2.7039050090763355,2.703905009441366,2.7039050096335076,2.703905009853778,2.7039050089738357,2.70390500972888,2.703905009573001,2.703905008972813,2.7039050097231736,2.703905009547556,2.7039050095387065,2.7039050095091466,2.703905009491894,2.7039050094663155,2.703905008353527,2.703905009160692,2.703905009712292,2.7039050078659512,2.703905008733503,2.7039050092481602,2.703905009716349,2.7039050081350853,2.70390500948796,2.7039050064307837,2.703905007566303,2.703905008218648,2.703905008705743,2.703905009151813,2.703905009652915
run-of-river_hydro,power,DK,0.0,0.0,0.0,0.0,0.0,0.0,0.0,0.0,0.0,0.0,0.0,0.0,0.0,0.0,0.0,0.0,0.0,0.0,0.0,0.0,0.0,0.0,0.0,0.0,0.0,0.0,0.0,0.0,0.0,0.0
run-of-river_hydro,power,EE,0.0,0.0,0.0,0.0,0.0,0.0,0.0,0.0,0.0,0.0,0.0,0.0,0.0,0.0,0.0,0.0,0.0,0.0,0.0,0.0,0.0,0.0,0.0,0.0,0.0,0.0,0.0,0.0,0.0,0.0
run-of-river_hydro,power,EL,4.170177928113377e-08,4.459619475415685e-08,4.7384432059345916e-08,4.894558057813081e-08,5.1396434069715515e-08,5.436280419084232e-08,5.788422528083287e-08,6.148399842608194e-08,6.495868893178484e-08,6.868748317808512e-08,7.3146473066937e-08,7.61168948849805e-08,7.973945055858461e-08,8.354379825985206e-08,8.86219426795596e-08,9.313234184841137e-08,9.736216376755795e-08,1.0194929927003001e-07,1.0698268155754179e-07,1.1226865016221037e-07,1.1793660791943101e-07,1.240989394475341e-07,1.3070199169759068e-07,1.3648804179025685e-07,1.4168620244153314e-07,1.4691290585762773e-07,1.5252674728023538e-07,1.5901807245173815e-07,1.6652897351051677e-07,1.7862366168871853e-07
run-of-river_hydro,power,ES,0.4194100006135257,0.41929000069260736,0.4192900007767447,0.4192900008603396,0.4192900009535313,0.41509000105794364,0.4150900011738805,0.41509000130517437,0.40068000143931753,0.4006800015839847,0.39653000173212105,0.38116000189263677,0.36746000206413953,0.365410002248733,0.3584400024487623,0.3535700026675759,0.3500700029052303,0.33617000317005197,0.3120700034584809,0.2928900037786153,0.2849900041413068,0.28259000453776506,0.28199000499817906,0.28199000554298337,0.28199000617577247,0.28199000696690146,0.24500000797138746,0.24500000931836974,0.2450000114032821,0.24500001576897207
run-of-river_hydro,power,FI,1.2895999951570543,1.2895999954010737,1.2895999956588282,1.289599995900613,1.289599996156917,1.2895999963931737,1.289599996605464,1.2895999968000704,1.2895999969687786,1.2895999971180707,1.2895999972503251,1.289599997381421,1.2895999974992933,1.289599997611595,1.2895999977199193,1.2895999978251818,1.2895999979283121,1.2895999980296102,1.2895999981249038,1.289599998223003,1.2895999983240034,1.289599998428282,1.2895999985351898,1.289599998645388,1.289599998761676,1.2895999988864282,1.289599999022805,1.2895999991800793,1.2895999993777516,1.2895999996832643
run-of-river_hydro,power,FR,1.779866436553037,1.7798664366301633,1.779866436730781,1.5988484603861386,1.5988484604757225,1.3747309659617843,1.3747309660548863,1.374730966179126,1.3747309663034184,1.374730966419816,1.3747309665432201,1.374730966679468,1.3747309668330683,1.0543578817321797,1.0543578819235904,1.0543578821216646,1.0543578823252377,1.0543578825883613,1.054357882855629,1.0543578831634075,1.0543578834691254,1.0543578838847154,1.0543578842511352,1.0543578847658168,1.054357885253052,1.0543578859026403,1.0543578867087942,1.0543578877099342,1.0543578892585146,1.0543578922700068
run-of-river_hydro,power,HR,0.2786677253975862,0.2786677256532917,0.27866772584840566,0.2786677259929448,0.2786677261424236,0.27866772629858083,0.27866772644859494,0.27866772659169176,0.27866772672653123,0.278667726853976,0.2786677269759556,0.27866772709197873,0.27866772720278576,0.2786677273093832,0.27866772741337864,0.2786677275150411,0.27866772761520303,0.2786677277145161,0.27866772781685034,0.27866772791947364,0.27866772802418804,0.27866772813301816,0.27866772824620073,0.2786677283659401,0.27866772849435767,0.2786677286348182,0.27866772879300794,0.2786677289795801,0.2786677292194261,0.2786677296117465
run-of-river_hydro,power,HU,0.019699996757809625,0.01969999711080979,0.0196999973268287,0.01969999745237809,0.01969999756858999,0.019699997676533288,0.019699997772102285,0.019699997858215877,0.01969999793679019,0.01969999800972951,0.019699998078790606,0.01969999814355477,0.019699998206303714,0.01969999826733869,0.01969999832750799,0.019699998387077325,0.019699998446484433,0.019699998506023112,0.019699998566455153,0.01969999862739532,0.019699998689461214,0.019699998753269526,0.019699998819797306,0.01969999889027548,0.01969999896602,0.019699999048879153,0.019699999142118032,0.01969999925241965,0.01969999939433149,0.019699999620960904
run-of-river_hydro,power,IE,7.872721923195468e-08,8.147283754227656e-08,8.36231726011875e-08,8.444976362969111e-08,8.726253820685046e-08,1.6989269864458137e-07,2.1953066307457723e-07,2.6712548642041863e-07,3.201727796941076e-07,3.4080143644400054e-07,3.570106925971605e-07,3.666158244464441e-07,4.696110425122091e-07,5.135470374372965e-07,5.57513344557612e-07,5.738743726832894e-07,6.632688080684135e-07,7.318386414687269e-07,8.353449695085823e-07,9.036295120891235e-07,9.894888877622134e-07,1.009636924410277e-06,1.0719461005141045e-06,1.188415798061466e-06,1.35889087698426e-06,1.544890298657225e-06,1.561290569543987e-06,1.587097047050882e-06,1.654295929664173e-06,2.060476063737718e-06
run-of-river_hydro,power,IT,8.584874581340299e-07,8.59426478294078e-07,8.599772148487476e-07,8.603176608506497e-07,8.607242444728614e-07,8.612067585520517e-07,8.617379152573597e-07,8.622963926652448e-07,8.628366446519994e-07,8.633620058260511e-07,8.638737935864617e-07,8.64377117000732e-07,8.64888378097206e-07,8.654206439097645e-07,8.659817977692868e-07,8.665789178175646e-07,8.672231979678186e-07,8.679124497330929e-07,8.68646799703079e-07,8.694422149452686e-07,8.702887822430009e-07,8.711769873124323e-07,8.721332727567813e-07,8.732365730806091e-07,8.74514273002435e-07,8.759734082474103e-07,8.776936297808732e-07,8.800555454554363e-07,8.834935546660171e-07,8.900328926178249e-07
run-of-river_hydro,power,LT,5.2745674397754e-11,1.2115677280885305e-10,1.7460067146317687e-10,2.234776302657466e-10,2.707540633593348e-10,3.1781605089706205e-10,3.655062394213811e-10,4.1441744427337223e-10,4.650315084410497e-10,5.177806514581159e-10,5.730836081089796e-10,6.313706795023836e-10,6.931023615837339e-10,7.587882862460801e-10,8.290074646761822e-10,9.044324906432203e-10,9.858752559861575e-10,1.0742999286520827e-09,1.1708939297552238e-09,1.2771503033933209e-09,1.3949900883763155e-09,1.5269645353261628e-09,1.676538210488232e-09,1.848622385795648e-09,2.050527655128475e-09,2.293870616594407e-09,2.5988353791390917e-09,3.005498258178705e-09,3.6131568429682325e-09,4.815678479270069e-09
run-of-river_hydro,power,LU,0.0,0.0,0.0,0.0,0.0,0.0,0.0,0.0,0.0,0.0,0.0,0.0,0.0,0.0,0.0,0.0,0.0,0.0,0.0,0.0,0.0,0.0,0.0,0.0,0.0,0.0,0.0,0.0,0.0,0.0
run-of-river_hydro,power,LV,0.4020000001294351,0.4020000002562454,0.4020000004518097,0.4020000008293165,4.646756434209549e-08,5.191617523244823e-08,5.585391239854916e-08,5.956521131283711e-08,6.293234589871753e-08,6.631260115736195e-08,6.989230590836238e-08,7.327082869448188e-08,7.678605011625751e-08,8.04619836411455e-08,8.432623057388267e-08,8.830206099329822e-08,9.233050915656051e-08,9.622133570672636e-08,9.987033025189611e-08,1.0344145649310016e-07,1.0682994904462648e-07,1.1051588371947997e-07,1.1473996576992178e-07,1.1947205749924997e-07,1.2471797655510409e-07,1.3049434243969787e-07,1.3682229675899787e-07,1.4416804734127972e-07,1.532313344979625e-07,1.670041732437058e-07
run-of-river_hydro,power,NL,0.0,0.0,0.0,0.0,0.0,0.0,0.0,0.0,0.0,0.0,0.0,0.0,0.0,0.0,0.0,0.0,0.0,0.0,0.0,0.0,0.0,0.0,0.0,0.0,0.0,0.0,0.0,0.0,0.0,0.0
run-of-river_hydro,power,NO,0.0,0.0,0.0,0.0,0.0,0.0,0.0,0.0,0.0,0.0,0.0,0.0,0.0,0.0,0.0,0.0,0.0,0.0,0.0,0.0,0.0,0.0,0.0,0.0,0.0,0.0,0.0,0.0,0.0,0.0
run-of-river_hydro,power,PL,5.2707571480765196e-11,1.21032297623542e-10,1.7437522245448986e-10,2.23152774871251e-10,2.703289403737498e-10,3.1728571295807435e-10,3.648630624586563e-10,4.1365258772093127e-10,4.6413464035412405e-10,5.167399574376723e-10,5.718854017172818e-10,6.299989626812745e-10,6.915385248697498e-10,7.570105030013498e-10,8.26990057539184e-10,9.021454445548367e-10,9.832834406563628e-10,1.0713618867672163e-09,1.1675602924114223e-09,1.2733617982664344e-09,1.3906760111609437e-09,1.5220390052796822e-09,1.6708959623514173e-09,1.8421388528893897e-09,2.0430606219112517e-09,2.285252005938899e-09,2.5888458559263815e-09,2.993829441186023e-09,3.599455989457578e-09,4.800087646931581e-09
run-of-river_hydro,power,PT,1.8441774823898185,1.6431774840580098,1.6431774852980952,1.3311774859329897,1.3311774870007254,1.0911774893975994,1.0911775021216428,1.7026205226923248,1.732017538150601,1.8068270515569504,1.965982247577261,1.9959999526519308,1.9959998175292022,1.9959998724017318,1.995999899971466,1.9959999421579309,1.9959999700009343,1.9959999914239683,1.9959999503839458,1.995999960708706,1.9959999674476725,1.9959999726116109,1.9959999771477692,1.9959999828337287,1.9959999914317472,1.9081224172499462,1.9081228709126072,1.9081233314216082,1.9081234157617195,1.995999828986168
run-of-river_hydro,power,RO,1.161,1.161,9.008790352096191e-08,9.242990730499182e-08,9.643081129039658e-08,1.0393919733642352e-07,1.1053660083819944e-07,1.1657379491118168e-07,1.2264307320830377e-07,1.2909711132949287e-07,1.3507652298682422e-07,1.390864306627804e-07,1.433284190194243e-07,1.4794546821575837e-07,1.5275975355246163e-07,1.5779546709039646e-07,1.6349324239397228e-07,1.6971676938224833e-07,1.76065329984354e-07,1.8241414855528686e-07,1.884790987935041e-07,1.9399129933149715e-07,1.9974520396333329e-07,2.060228016595557e-07,2.135495419797916e-07,2.216219523209472e-07,2.3025292250014344e-07,2.4028035095631013e-07,2.521437750278998e-07,2.712649612743437e-07
run-of-river_hydro,power,SE,1.9949999672465133,1.9949999675976402,1.9949999680728892,1.994999968621396,1.9949999695785254,1.9949999710577238,1.994999973234195,1.9949999777631433,1.9949999808086882,1.9949999828450384,1.9949999846738868,1.9949999858258196,1.9949999868690043,1.9949999878252147,1.9949999886928187,1.994999989500275,1.9949999902394566,1.9949999909098297,1.9949999915875833,1.994999992166362,1.994999992706375,1.9949999932792755,1.9949999938348324,1.9949999943731866,1.9949999949100992,1.9949999954608997,1.9949999960461335,1.9949999967080794,1.9949999975154302,1.9949999987139722
run-of-river_hydro,power,SI,0.883850995302562,0.8838509961999779,0.883850996768297,0.8838509971039495,0.883850997474811,0.8838509979218098,0.8838509984489702,0.8838509992351719,0.8838509875453889,0.8838509924639415,0.8838509948944675,0.8838509962168628,0.8838509973604778,0.8838509986972367,0.8838509679361236,0.883850972328655,0.8838509748306345,0.8838509765955261,0.8838509780348495,0.883850979184343,0.8838509802348999,0.8838509811018624,0.8838509821138542,0.8838509828397975,0.8838509837934599,0.8838509847236821,0.8838509859106018,0.8838509871065703,0.8838509888873847,0.883850992419064
run-of-river_hydro,power,SK,0.06254000049517439,0.06254000056564056,0.0625400006409849,0.06254000071022144,0.06074000079344332,0.06074000089291223,0.060740001006795045,0.06074000116050987,0.06074000130363151,0.05464000146008871,0.05464000162234047,0.05464000179774701,0.0546400019837695,0.054640002168537836,0.05464000237065759,0.009580002732861036,0.009580003048060138,0.009580003421656378,0.0042600038852697265,0.004260004458185862,0.004260005186733508,0.004260006106765301,0.004260007470694926,0.00426001022031592,2.642556869274827e-07,2.9974281895404e-07,3.23510363920832e-07,3.4633550647436383e-07,3.742585313549521e-07,4.147793186815033e-07
run-of-river_hydro,power,UK,0.1000000000142727,0.10000000002942523,0.10000000004560336,0.10000000006290417,0.10000000008142532,0.1000000001012872,0.10000000012261376,0.10000000014554551,0.10000000017024319,0.1000000001968912,0.10000000022570216,0.10000000025692282,0.10000000029084143,0.10000000032779736,0.10000000036819408,0.10000000041251596,0.10000000046135683,0.10000000051544208,0.10000000057567861,0.10000000064322075,0.10000000071956924,0.10000000080673076,0.10000000090745809,0.10000000102568256,0.10000000116729914,0.10000000134173537,0.10000000156547818,0.10000000187160717,0.10000000234272215,0.10000000330967386
waste_plant,power,AT,1.8176088696283633e-08,1.8428617093292486e-08,1.8712772477116345e-08,1.8969395060015695e-08,1.9366612013445582e-08,1.9930838379128092e-08,2.066269245561867e-08,2.1613954111643988e-08,2.3062068249611597e-08,2.4687422170884325e-08,2.6619418787902093e-08,2.7778403367000488e-08,2.8978433626771978e-08,3.0187555933233306e-08,3.1431393382695674e-08,3.280684685118565e-08,3.435850087214385e-08,3.607703098569839e-08,3.769811646023583e-08,3.948991261254825e-08,4.140167531495899e-08,4.359855099982072e-08,4.580161957564092e-08,4.7987668770124704e-08,5.029550764896297e-08,5.284378551092287e-08,5.5641112636524896e-08,5.8863184590701026e-08,6.28419298669657e-08,6.895233736302022e-08
waste_plant,power,BE,0.05780000005242435,0.05780000006425665,0.057800000076660675,0.057800000089852345,0.057800000104369954,0.05780000012019718,0.0025000001408198667,0.002500000160416027,0.0025000001818418047,0.0025000002067361816,0.0025000002441351913,0.0025000002729030713,0.0025000003046378658,0.0025000003401687313,0.0025000003803788513,0.0025000004254110792,0.002500000476417701,0.0025000005354690047,0.0025000006061629155,0.0025000006921415442,0.002500000799395556,0.002500000937092296,0.0025000011229235567,0.0025000014033432967,0.002500001921931868,5.0504642287958975e-08,5.476991067274015e-08,5.854555272098399e-08,6.284768886161945e-08,6.925702836413886e-08
waste_plant,power,BG,1.3575414242741685e-08,1.4817141861902156e-08,1.565914968045224e-08,1.6247818149988295e-08,1.704817714213847e-08,1.7956921143959544e-08,1.876004926004013e-08,1.9794414220138306e-08,2.140018983543499e-08,2.332152917870802e-08,2.5030288787343593e-08,2.6247240559086705e-08,2.752710428851255e-08,2.8777017927884018e-08,3.009435069708186e-08,3.148465848671122e-08,3.302386692432945e-08,3.474885740711612e-08,3.655747273403377e-08,3.842175348315621e-08,4.0338828229954536e-08,4.268832967949738e-08,4.549144992903971e-08,4.757989045076619e-08,4.933097150339239e-08,5.100423358981882e-08,5.2927192415847844e-08,5.5396192723486293e-08,5.844406348084425e-08,6.370347324274537e-08
waste_plant,power,CH,0.03200000002499188,0.032000000040336304,0.03200000005681335,0.03200000007471205,0.032000000095100366,0.032000000118186094,0.032000000144495104,0.03200000017471512,0.03200000020972184,0.032000000250949935,0.03200000030089192,0.03200000036199882,0.03200000044020879,0.03200000054733345,0.020000000714838845,0.020000001057132868,3.256625586283284e-08,3.529347967771205e-08,3.7221927892093155e-08,3.9157317395550526e-08,4.116672916870716e-08,4.3356463150071686e-08,4.553231553886076e-08,4.766700314306142e-08,4.992166572405786e-08,5.2495229434134466e-08,5.5285090798178976e-08,5.846688351526156e-08,6.245828029921534e-08,6.830691601770515e-08
waste_plant,power,CZ,0.017500000200796055,0.01750000022772047,0.01750000025905431,0.017500000296409874,0.017500000345899106,0.017500000414452883,0.017500000520562466,0.01750000073804283,2.251754619944046e-08,2.4779166682706103e-08,2.6658207506254277e-08,2.7845475536313543e-08,2.9027130375699992e-08,3.019787822309336e-08,3.140556786110227e-08,3.272393578830999e-08,3.4226077403801953e-08,3.587850745576762e-08,3.7500727357696463e-08,3.9224367966766675e-08,4.1035225827743445e-08,4.307853939258114e-08,4.513440853482931e-08,4.722510841310648e-08,4.952649964257441e-08,5.204069679666877e-08,5.479451648624228e-08,5.800040928838289e-08,6.199577162859928e-08,6.807137201431475e-08
waste_plant,power,DE,0.6465200000123357,0.6465200000247686,0.6465200000361823,0.6465200000507045,0.6465200000656783,0.6465200000826148,0.6195200001005395,0.5987200001205558,0.49322000014269995,0.47822000016706595,0.4782200001940128,0.47822000022441813,0.4782200002585783,0.478220000297548,0.47822000034211576,0.3969200003938304,0.325520000455005,0.30150000052850184,0.2635000006196629,0.09210000073803777,0.061600000900580404,0.02020000115904825,0.018700001670821795,4.6859628889711355e-08,5.0469573850982266e-08,5.346022345619323e-08,5.63460210331976e-08,5.95820353101443e-08,6.349149887621494e-08,6.94547266169658e-08
waste_plant,power,DK,0.18600000001153105,0.18310000002242913,0.1761000000339127,0.13730000004662254,0.13730000006030318,0.13730000007513932,0.10380000009147174,0.1038000001090148,0.10380000012832309,0.09920000014949948,0.09920000017271045,0.09920000019787543,0.0992000002256159,0.08090000025656072,0.0809000002906864,0.08090000032888706,0.06300000037227715,0.06300000042083366,0.06300000047696719,0.06300000054245936,0.06300000061990221,0.06300000071338319,0.06300000082851895,0.06300000097643381,0.0630000011799467,0.06300000149175292,0.06300000210400547,5.4752739446170516e-08,6.042494956822769e-08,6.745984800064164e-08
waste_plant,power,EE,0.017000000074255995,0.017000000086340165,0.017000000099453884,0.017000000113657824,0.01700000012935251,0.017000000146597402,0.017000000165565663,0.017000000186547924,0.01700000020981118,0.01700000023542627,0.01700000026483064,0.017000000296352947,0.01700000033189513,0.01700000037224862,0.017000000418558713,0.017000000472356516,0.017000000536114408,0.017000000612788703,0.017000000705184093,0.017000000824189863,0.017000000985896737,0.017000001222253106,0.017000001692998125,4.462612724729833e-08,4.841946169556532e-08,5.14320731932686e-08,5.4340655369281704e-08,5.764572514839138e-08,6.175450193456432e-08,6.770350955283478e-08
waste_plant,power,EL,1.413052416243866e-08,1.5139496274992618e-08,1.57572839297007e-08,1.617885388711861e-08,1.6690619322464776e-08,1.7292073984485897e-08,1.8034471529537092e-08,1.898929898850882e-08,2.0461431702881273e-08,2.2013286522312433e-08,2.3752704473054136e-08,2.5187265870856372e-08,2.6993629840411903e-08,2.8460874014014076e-08,2.9894278750778915e-08,3.135436433692038e-08,3.2953821152944396e-08,3.476740385341516e-08,3.660476221329403e-08,3.849852284522816e-08,4.0471637748692495e-08,4.2827074287041924e-08,4.5672203433862785e-08,4.7751760433117605e-08,4.9492609790814725e-08,5.1177660975629186e-08,5.311410821100929e-08,5.5616951855975724e-08,5.869668152771179e-08,6.4004174737462e-08
waste_plant,power,ES,0.11150000005901343,0.11150000006860608,0.1115000000784179,0.11150000008886371,0.11150000010012877,0.11150000011232236,0.11150000012556194,0.11150000013996936,0.11150000015575953,0.11150000017306923,0.11150000019183229,0.11150000021265262,0.11150000023535823,0.11150000026044816,0.055000000288649896,0.055000000318679555,0.02400000035877581,0.02400000039888252,0.024000000444681657,0.02400000049692335,0.024000000555957766,0.024000000623287054,0.024000000701574264,0.024000000794954103,0.02400000090685421,0.024000001043228004,0.024000001214764227,0.024000001448666316,0.024000001800221295,0.024000002508797046
waste_plant,power,FI,0.3200000000122437,0.32000000002371626,0.32000000003756035,0.3200000000497046,0.32000000006474455,0.3200000000808491,0.3200000000986662,0.3200000001181788,0.32000000013957147,0.28700000016343846,0.28700000018967264,0.2870000002189364,0.257000000251856,0.2570000002887811,0.2570000003307372,0.25700000037892834,0.2570000004343657,0.19150000050156235,0.19150000058018501,0.18300000067734604,0.18300000080266945,0.1830000009754659,0.07800000124150402,0.0780000017733316,4.716902408879461e-08,5.134865030000259e-08,5.4647335361770595e-08,5.805664239121835e-08,6.210091731706574e-08,6.857426321336646e-08
waste_plant,power,FR,0.574190000010234,0.5610900000207247,0.5539900000326049,0.5461900000440003,0.5244900000570688,0.5030200000713617,0.5030200000868258,0.4634200001039733,0.3980200001219183,0.3676800001415003,0.3010800001632176,0.2868800001870152,0.2800000002128636,0.22250000024153388,0.1873000002730031,0.16430000030785966,0.16210000034663632,0.09284000039067569,0.09284000043953115,0.08334000049525869,0.0797000005589728,0.0797000006330147,0.07930000072109629,0.07180000082757183,0.05450000096031144,0.05450000113040039,0.05450000136191147,0.04250000172470164,0.0425000024550951,6.43558700538938e-08
waste_plant,power,HR,1.7641856954429172e-08,1.79020329024311e-08,1.817229834308999e-08,1.8398133502829677e-08,1.8710969407734547e-08,1.918380682803638e-08,1.9740584669096757e-08,2.0547169244665182e-08,2.1902968487133536e-08,2.3617678683699634e-08,2.5943230896920048e-08,2.7143554870414952e-08,2.8445811525313358e-08,2.9709577658308372e-08,3.0985865240139654e-08,3.2369333193210155e-08,3.39138672722947e-08,3.563333456358219e-08,3.7255064636523785e-08,3.907034387025954e-08,4.097437573719887e-08,4.3084992556852836e-08,4.5213750899417194e-08,4.7384658772917545e-08,4.9693233628065215e-08,5.220062104496174e-08,5.495089041663485e-08,5.809192315926811e-08,6.197615871234656e-08,6.808077259637801e-08
waste_plant,power,HU,1.4328261805476108e-08,1.5285059019242415e-08,1.5976554132943857e-08,1.6452074702341113e-08,1.713020618234036e-08,1.809904426453311e-08,1.890553535341302e-08,1.9849012555629776e-08,2.1255528004107157e-08,2.2892722127901875e-08,2.4967797741797038e-08,2.640155130459768e-08,2.7960050093824817e-08,2.9366738234299656e-08,3.070499026038622e-08,3.2107701426376e-08,3.3590041135007054e-08,3.5184505109520624e-08,3.6784991174724635e-08,3.855946405076478e-08,4.0498474955177504e-08,4.269491725324165e-08,4.4884713707041945e-08,4.70304369292761e-08,4.927040402570047e-08,5.1712109368041465e-08,5.438991058600175e-08,5.7508779946569914e-08,6.13652133410106e-08,6.737487842719415e-08
waste_plant,power,IE,0.06150000009156249,0.0615000001026114,0.06150000011400211,0.06150000012621479,0.06150000013959085,0.06150000015428596,0.06150000017029558,0.061500000187722836,0.06150000020675506,0.061500000227523895,0.06150000025015729,0.06150000027525729,0.061500000302862116,0.061500000333350464,0.06150000036721847,0.06150000040503476,0.06150000044766799,0.06150000049580528,0.061500000551498804,0.06150000061649109,0.06150000069334184,0.06150000078574853,0.061500000900029064,0.06150000104700477,0.06150000124882949,0.061500001560512205,0.06150000216158892,5.358305832263031e-08,5.9334081110215685e-08,6.626275715402288e-08
waste_plant,power,IT,0.2124500000117269,0.2124500000227661,0.21245000003419254,0.2124500000468432,0.1994500000604488,0.19945000007543562,0.19945000009202193,0.19945000011074285,0.19945000013103692,0.19945000015381859,0.15620000018002492,0.1413000002095121,0.1413000002423921,0.12130000028054248,0.1213000003244574,0.09930000037682099,0.09930000043724922,0.09930000051006793,0.09930000060015018,0.0993000007167477,0.09930000087700885,0.09930000112614257,0.08250000159974602,4.523566474028928e-08,4.860588264063632e-08,5.153356659528538e-08,5.443345520030559e-08,5.7715122115598964e-08,6.156218143839377e-08,6.740213039270599e-08
waste_plant,power,LT,0.0440000001274647,0.06300000013862296,0.06300000014964943,0.06300000016187518,0.06300000017522231,0.0630000001896365,0.06300000020526651,0.06300000022203578,0.06300000024038856,0.06300000026025983,0.0630000002818735,0.06300000030526337,0.06300000033079256,0.06300000035873522,0.06300000038936493,0.06300000042307814,0.06300000046046665,0.06300000050179753,0.06300000054782795,0.0630000005997909,0.06300000065903097,0.06300000072683155,0.06300000080543267,0.043000000900476246,0.043000001013082816,0.04300000115271738,0.043000001332426756,0.043000001579682555,0.04300000196033757,0.043000002728525284
waste_plant,power,LU,1.3567119590465888e-08,1.468207412903627e-08,1.5487265762647555e-08,1.605158613008896e-08,1.7086743105114896e-08,1.8198824955607066e-08,1.9331438425010306e-08,2.070488971193624e-08,2.2763446749474124e-08,2.4636948295948416e-08,2.6427014621528742e-08,2.768081194476413e-08,2.892905107066614e-08,3.020557264953261e-08,3.1536795845107414e-08,3.294381255009194e-08,3.4425492900118266e-08,3.597069715464972e-08,3.754670605702148e-08,3.927343844622581e-08,4.1157497635184e-08,4.3340712394190616e-08,4.553886603315633e-08,4.7746699289498164e-08,4.9988280623190674e-08,5.237122996633021e-08,5.491876907150755e-08,5.791146522764922e-08,6.184796970135275e-08,6.816835026667863e-08
waste_plant,power,LV,1.806234054603103e-08,1.830251342680377e-08,1.8605615083356464e-08,1.8927282694919758e-08,1.947808010781239e-08,2.028669042299509e-08,2.1311021904339155e-08,2.272945720979474e-08,2.4435388017007348e-08,2.5904468870972026e-08,2.7276144449587375e-08,2.8362105166744047e-08,2.9510900024137104e-08,3.072433870173259e-08,3.19957568765815e-08,3.333597686410567e-08,3.500315329116097e-08,3.690033708479124e-08,3.8062059620221396e-08,3.953471341310339e-08,4.1127125323273736e-08,4.295619130971627e-08,4.49084875919481e-08,4.700108540891754e-08,4.933934341871083e-08,5.1842204392519264e-08,5.452155004009069e-08,5.772604583756031e-08,6.17918830393602e-08,6.765524362757077e-08
waste_plant,power,NL,0.26200000001239077,0.26200000002477036,0.26200000004033713,0.26200000005228685,0.2620000000680746,0.26200000008566443,0.1940000001053742,0.1940000001271663,0.1940000001514593,0.1940000001787512,0.19400000020930233,0.19400000024421662,0.1940000002839644,0.194000000330023,0.1940000003842107,0.19400000044928217,0.1940000005296596,0.13700000063406734,0.01700000078433498,0.01700000100364082,0.017000001324229273,4.1548552470801e-08,4.484699263021741e-08,4.747148544267262e-08,4.999044342724462e-08,5.264434481622166e-08,5.544324209095358e-08,5.86353278826935e-08,6.259821418024477e-08,6.878271854755639e-08
waste_plant,power,NO,0.07135000011741152,0.07135000013001905,0.07135000014366502,0.07135000015860425,0.07135000017520333,0.07135000019355647,0.07135000021390998,0.07135000023660609,0.07135000026208321,0.07135000029062841,0.0703500003230127,0.07035000036004159,0.0644500004030588,0.0644500004535779,0.0644500005140116,0.06445000058833646,0.06445000068372155,0.0644500008156729,0.054200001019978315,0.054200001418708024,3.8050468895632955e-08,4.147973511799324e-08,4.40045289199283e-08,4.637416981002993e-08,4.8740344837335454e-08,5.1243713157593196e-08,5.3902854679200135e-08,5.7072888634534366e-08,6.100561600338071e-08,6.731219128532968e-08
waste_plant,power,PL,0.051500000088699656,0.051500000099646,0.05150000011144302,0.05150000012396271,0.05150000013774684,0.051500000152735426,0.051500000169021745,0.05150000018677035,0.05150000020610888,0.05150000022698764,0.05150000024956569,0.05150000027439117,0.051500000301683536,0.0515000003318548,0.05150000036515184,0.05150000040204316,0.05150000044327717,0.04940000048965889,0.04940000054232744,0.04940000060275433,0.0494000006731461,0.049400000756586314,0.04940000085693228,0.04940000098053836,0.04940000111670887,0.02550000133996853,0.007500001685875183,0.007500002293429312,5.9028613546478074e-08,6.728076872984791e-08
waste_plant,power,PT,1.4788875904162776e-08,1.5650540432738487e-08,1.6182815843063795e-08,1.65250389405016e-08,1.693999099670348e-08,1.7444444761999214e-08,1.8080016420262162e-08,1.890902286398819e-08,2.010401896562579e-08,2.1327183786130946e-08,2.2543953307853623e-08,2.356812300805683e-08,2.463371865510018e-08,2.5730890364096714e-08,2.6893228762078174e-08,2.8209814938168527e-08,2.98190939359339e-08,3.251779123746447e-08,3.522452197652288e-08,3.7422689104669404e-08,3.954475304490509e-08,4.157336890545426e-08,4.36644672296312e-08,4.633118520286618e-08,4.920399009673513e-08,5.144399630599556e-08,5.3315718979297025e-08,5.576412379776972e-08,5.864429910501696e-08,6.305819224337752e-08
waste_plant,power,RO,1.4130486061252042e-08,1.5466478056707623e-08,1.6476352788504133e-08,1.7043611808891307e-08,1.7838432589822005e-08,1.889804856889163e-08,1.9734167714946008e-08,2.0698564749694722e-08,2.2161313721570486e-08,2.367013161179794e-08,2.5274758021789832e-08,2.6519856816727828e-08,2.7908240507365093e-08,2.9382525994315807e-08,3.0597152836447174e-08,3.171976185307999e-08,3.290948733941368e-08,3.417381277095148e-08,3.555950504402323e-08,3.7265941858317863e-08,3.9125755632310546e-08,4.153797785389878e-08,4.383928954444421e-08,4.5679351709032564e-08,4.8094161135743894e-08,5.0687508631418857e-08,5.359775703583164e-08,5.6633129401247315e-08,6.014505047689907e-08,6.580345288676453e-08
waste_plant,power,SE,0.3994000000113978,0.3994000000213324,0.39940000003656334,0.3994000000478913,0.20940000006249032,0.20940000007813708,0.20940000009523363,0.20940000011397597,0.20940000013451632,0.20940000015702717,0.20940000018182486,0.2094000002094657,0.20940000024001365,0.20940000027411906,0.20940000031255193,0.20940000035610526,0.20940000040580228,0.20940000046373516,0.2094000005321355,0.20940000061552616,0.2070000007169377,0.20700000084957232,0.20700000103059574,0.18700000130947783,0.020000001889921865,4.961249893519951e-08,5.383907204969148e-08,5.758233359194257e-08,6.1804332602866e-08,6.831218458635767e-08
waste_plant,power,SI,1.4979622943820217e-08,1.580691670991648e-08,1.635600080837978e-08,1.673040715067296e-08,1.7272361765499227e-08,1.8072752665613008e-08,1.8809002732205442e-08,1.9731529220260214e-08,2.1342386351681225e-08,2.3168944521208627e-08,2.550313425338891e-08,2.6936834350438155e-08,2.8487308228249476e-08,2.981802063756255e-08,3.113208371446483e-08,3.248301760609009e-08,3.391151948619048e-08,3.54323567266485e-08,3.700719648950962e-08,3.8752983015420375e-08,4.064264940297839e-08,4.277739330511946e-08,4.4924327925014944e-08,4.7154588380627174e-08,4.9500407008488846e-08,5.202515865265538e-08,5.4807454749673016e-08,5.794860507463584e-08,6.176316746408193e-08,6.780073927307566e-08
waste_plant,power,SK,1.7298997151006556e-08,1.7565947298411643e-08,1.7885313619865915e-08,1.8191712037933983e-08,1.869642345201762e-08,1.938618468673083e-08,2.0237573773775534e-08,2.1633139341750253e-08,2.3379970568240816e-08,2.5039472698164768e-08,2.6633003046491334e-08,2.7721759531515806e-08,2.8866492812450623e-08,3.004318834698377e-08,3.125564994680132e-08,3.256581072354762e-08,3.399949702512541e-08,3.558567825489479e-08,3.715547796588694e-08,3.892563144969962e-08,4.0863504661035817e-08,4.302541757698472e-08,4.519958447741548e-08,4.736850217102791e-08,4.967511465246544e-08,5.2228401454795e-08,5.499507085706335e-08,5.820329289230724e-08,6.209332802297283e-08,6.810483903109194e-08
waste_plant,power,UK,1.3167500000098646,1.3167500000199615,1.299350000031939,1.2993500000425098,1.2643500000551309,1.264350000069033,1.2343500000830256,1.2343500001007752,1.1855500001179775,1.1834500001346633,1.1751500001578836,1.154050000180349,1.1400500002054155,1.132050000232396,1.1008500002619757,1.0818500002949076,1.0605500003318824,1.0605500003751391,1.0567500004164092,1.0351500004756877,0.9521500005262006,0.8086500005932995,0.790350000670577,0.7812500007622684,0.6277500008734483,0.4789000010115939,0.4091000011896653,0.3066000014364988,0.2151000018155627,0.063500002601262
wind_offshore,power,AT,0.0,0.0,0.0,0.0,0.0,0.0,0.0,0.0,0.0,0.0,0.0,0.0,0.0,0.0,0.0,0.0,0.0,0.0,0.0,0.0,0.0,0.0,0.0,0.0,0.0,0.0,0.0,0.0,0.0,0.0
wind_offshore,power,BE,2.2557,2.2557,2.2557,2.2557,2.2557,2.2557,2.2557,2.2557,2.2557,2.2557,2.2557,2.2557,2.2557,2.2557,2.2252,2.0602,2.0602,2.0602,1.7650000010103,1.5490000023759685,1.5490000042705387,1.5490000068352168,1.384000009971167,1.3840000139314623,0.7057000214818329,0.705700033201572,0.7057000765550981,0.9252891792242104,1.487258327049717,1.8499999406392398
wind_offshore,power,BG,5.1096429246215386e-11,1.1517419639840532e-10,1.6398318071368116e-10,2.0843660021057788e-10,2.5105390471944267e-10,2.9288095496460426e-10,3.359219456748681e-10,3.806523965086844e-10,4.275020698476437e-10,4.768932084304329e-10,5.292578127856077e-10,5.851064464996394e-10,6.449655780424428e-10,7.094281441358597e-10,7.791759992405808e-10,8.550084125053613e-10,9.377183401637137e-10,1.0284437622861465e-09,1.1285904781583746e-09,1.2399293021942553e-09,1.364740575462981e-09,1.5053483582645675e-09,1.6657173388062039e-09,1.851482419111679e-09,2.071174564519859e-09,2.2873274989911786e-09,2.559969020561006e-09,2.962176335209982e-09,3.5941862806382877e-09,4.896021506144748e-09
wind_offshore,power,CH,0.0,0.0,0.0,0.0,0.0,0.0,0.0,0.0,0.0,0.0,0.0,0.0,0.0,0.0,0.0,0.0,0.0,0.0,0.0,0.0,0.0,0.0,0.0,0.0,0.0,0.0,0.0,0.0,0.0,0.0
wind_offshore,power,CZ,0.0,0.0,0.0,0.0,0.0,0.0,0.0,0.0,0.0,0.0,0.0,0.0,0.0,0.0,0.0,0.0,0.0,0.0,0.0,0.0,0.0,0.0,0.0,0.0,0.0,0.0,0.0,0.0,0.0,0.0
wind_offshore,power,DE,7.682080018977722,7.682080018920496,7.682080018678848,7.6820800191070235,7.682080019423663,7.682080019554588,7.682080019704269,7.68208002094877,7.682080025369187,7.677580029135541,7.677580030214172,7.675080030604712,7.675080031407304,7.6700800336198505,7.670080039810138,7.6096000410248115,7.561300042631177,7.561300053028983,7.161300055484581,6.64790005962295,4.387100073625941,14.807311848761271,17.47842651634865,17.72896555705423,18.851216191756734,19.761020603575865,27.839998613711572,27.839999914904144,27.839999969109865,27.839999992014267
wind_offshore,power,DK,1.6958000000603914,2.3006000001033025,2.3006000001504523,2.3006000001927465,2.3006000002668023,2.3006000003082256,2.260600000352346,2.100600000451646,1.8872000005501501,1.887200000621728,1.8872000007698888,1.8872000008799363,1.8872000009994865,1.887200001137443,1.649700001305212,1.4427000014728195,1.439100001684237,1.4391000018723075,1.0395000021081489,1.0395000023717162,1.039500002684266,1.0395000030358037,1.0395000034465853,1.0115000039495181,0.6048000045271384,0.6048000051851653,0.6048000060701298,0.604800007306337,0.6048000092328432,0.6048000132429681
wind_offshore,power,EE,4.956255873654218e-11,1.1230790615752704e-10,1.6021107405486551e-10,2.0379281354234388e-10,2.455200733069379e-10,2.864578948227261e-10,3.2855524529378453e-10,3.722748479084291e-10,4.180432999842659e-10,4.662848087801538e-10,5.174326055528552e-10,5.719933308276931e-10,6.304862716921791e-10,6.934966285016226e-10,7.616983195015886e-10,8.358822474068044e-10,9.16837622862435e-10,1.0056901157156815e-09,1.1038313562218734e-09,1.213015777505181e-09,1.335503157941587e-09,1.4736133697724066e-09,1.6312727758316542e-09,1.8140772775493574e-09,2.030494825011841e-09,2.244276565629624e-09,2.513397134858197e-09,2.9102754626705117e-09,3.5348035356355075e-09,4.82373346232734e-09
wind_offshore,power,EL,5.265074469381964e-11,1.1886192183704185e-10,1.6931654165535227e-10,2.153277362544393e-10,2.5949325906661224e-10,3.029201888488295e-10,3.476918795514384e-10,3.9429297063990427e-10,4.4316149956194455e-10,4.947267256097085e-10,5.494217111705777e-10,6.077583897582241e-10,6.702549562334792e-10,7.375058936060507e-10,8.101983661506798e-10,8.891477078230097e-10,9.751537743025081e-10,1.0693736055160133e-09,1.1732304577841418e-09,1.2885088095456787e-09,1.417495271137327e-09,1.5624651624061632e-09,1.727308630986674e-09,1.917396482168902e-09,2.139857575527439e-09,2.349514107417425e-09,2.614380730235754e-09,3.007322815598166e-09,3.621478352705235e-09,4.856157853742583e-09
wind_offshore,power,ES,0.005000000014369981,0.005000000029607336,0.005000000045691502,0.0050000000629140855,0.005000000081336426,0.005000000101040603,0.005000000122411154,0.005000000145586518,0.005000000170853499,0.005000000198473512,0.005000000228736855,0.005000000262005349,0.005000000298696346,0.0050000003393104635,0.00500000038445444,0.005000000434877752,0.005000000491425354,0.005000000555446576,0.005000000628748405,0.005000000713463207,0.005000000812586263,0.005000000929980098,0.005000001072018746,0.005000001249017421,1.47892045726414e-09,1.7403908084301474e-09,2.0664706338429342e-09,2.499560056365639e-09,3.148748592346723e-09,4.464846101640019e-09
wind_offshore,power,FI,0.04430000020744041,0.04430000024179845,0.04430000027859544,0.0443000003190697,0.04430000036499527,0.044300000418816585,0.04430000050301484,0.0443000006836758,0.04430000095074494,0.044300001068613516,0.04430000116469464,0.044300001269022185,0.044300001388968904,0.044300001529110906,0.04430000169566445,0.042000001899132874,0.04200000215458656,0.04200000246457246,0.04200000285515859,0.0420000034077335,0.042000004326700105,0.042000006699537504,2.357320511822889e-07,2.6063334736254836e-07,2.854666783840657e-07,3.101026166480407e-07,3.334682269786599e-07,3.5379836462178084e-07,3.815988239973463e-07,4.286389198910759e-07
wind_offshore,power,FR,0.0020000009496026834,0.0020000010730134264,0.0020000012073758825,0.0020000013416856216,0.002000001510929843,0.002000001735555751,0.0020000019989408232,0.0020000022927790496,0.00200000261514094,0.002000002983045402,0.0020000033927128624,0.002000003853024936,0.0020000043936560644,0.002000005047090896,0.0020000058886355788,0.0020000070991834347,0.002000008369002806,0.0020000099274896928,0.002000012060229865,0.0020000150524755044,0.002000019774812152,0.002000026605385279,0.0020000395212606786,9.882494786274458e-07,1.0919698729606218e-06,1.1607612275054983e-06,1.2287165244015108e-06,1.304751523776778e-06,1.388546595636197e-06,1.5077117631553223e-06
wind_offshore,power,HR,4.109648886914757e-11,9.53345595026022e-11,1.3636167084567193e-10,1.7497323680342158e-10,2.1280738805246936e-10,2.510280078024461e-10,2.898368759584671e-10,3.3025977366855146e-10,3.7300235126530797e-10,4.1834073332498463e-10,4.666293166258689e-10,5.183194754684425e-10,5.738915695839454e-10,6.338792048750028e-10,6.989070205303666e-10,7.697103620152707e-10,8.470203992964076e-10,9.318933240891009e-10,1.026196908887069e-09,1.1316875021583912e-09,1.2504759553022955e-09,1.3847921600055397e-09,1.5384135715860366e-09,1.7166773766384766e-09,1.9272056286438653e-09,2.1420704587427746e-09,2.4097070786961803e-09,2.796871675248343e-09,3.399904695219936e-09,4.662694382240015e-09
wind_offshore,power,HU,0.0,0.0,0.0,0.0,0.0,0.0,0.0,0.0,0.0,0.0,0.0,0.0,0.0,0.0,0.0,0.0,0.0,0.0,0.0,0.0,0.0,0.0,0.0,0.0,0.0,0.0,0.0,0.0,0.0,0.0
wind_offshore,power,IE,0.0252,0.0252,0.0252,0.0252,0.0252,0.0252,0.0252,0.0252,0.0252,0.0,0.0,0.0,0.0,0.0,0.0,0.0,0.0,0.0,0.0,0.0,0.0,0.0,0.0,0.0,0.0,0.0,0.0,0.0,0.0,0.0
wind_offshore,power,IT,4.119894003283453e-11,9.548881852613093e-11,1.3670976621593883e-10,1.7548656159881838e-10,2.1344036534844199e-10,2.5171599178452e-10,2.905497058808062e-10,3.311223594843753e-10,3.7399768007478556e-10,4.1945408309305156e-10,4.678532245717065e-10,5.196542829123753e-10,5.753339346435603e-10,6.354301134489266e-10,7.005641281031749e-10,7.714770972907203e-10,8.489071863887762e-10,9.339131540944689e-10,1.0282654732421025e-09,1.1337944470714622e-09,1.2526178662963732e-09,1.386971017609031e-09,1.5406385247000944e-09,1.718970133422886e-09,1.9296272385096648e-09,2.144387463591377e-09,2.4120265753763483e-09,2.79916444601637e-09,3.4021537567461056e-09,4.664525646434207e-09
wind_offshore,power,LT,4.383726006735915e-11,1.0150039363503129e-10,1.4703939653556287e-10,1.888844409112745e-10,2.289715546634797e-10,2.6847473674733457e-10,3.09319693077838e-10,3.5181839117103116e-10,3.963607000341726e-10,4.433524500067756e-10,4.932147868679428e-10,5.464416173180757e-10,6.035395575589138e-10,6.650797361600862e-10,7.317212327830714e-10,8.042377811018548e-10,8.834049444721506e-10,9.703261258423545e-10,1.066367004811899e-09,1.1732500456280513e-09,1.2932333185475484e-09,1.428719618398029e-09,1.5835727792905244e-09,1.7632481507382756e-09,1.9758069567368053e-09,2.1898368143220973e-09,2.4572402969141727e-09,2.847006435026433e-09,3.455590793566594e-09,4.697963594867763e-09
wind_offshore,power,LU,0.0,0.0,0.0,0.0,0.0,0.0,0.0,0.0,0.0,0.0,0.0,0.0,0.0,0.0,0.0,0.0,0.0,0.0,0.0,0.0,0.0,0.0,0.0,0.0,0.0,0.0,0.0,0.0,0.0,0.0
wind_offshore,power,LV,3.492441053672694e-11,8.258010265249268e-11,1.184031348642892e-10,1.4916414375135335e-10,1.7993639071464271e-10,2.1177690587042588e-10,2.449537210698099e-10,2.7949609282971195e-10,3.1563701315672297e-10,3.5369224358365484e-10,3.9403455358338145e-10,4.3714454414320677e-10,4.835714810280424e-10,5.339720027482225e-10,5.89122128473851e-10,6.499362787263286e-10,7.172961332358544e-10,7.923730393327704e-10,8.765439935972517e-10,9.714570833356324e-10,1.0791155871573098e-09,1.201333043820023e-09,1.3410446427886406e-09,1.5018519691201036e-09,1.7021118113028635e-09,1.923804939528123e-09,2.1952587771577897e-09,2.5820091861161097e-09,3.174802020992555e-09,4.4256325669459965e-09
wind_offshore,power,NL,1.853000000532755,2.986200000589022,2.9862000006482194,2.9862000006639917,2.986200000711725,2.9862000007729095,2.986200000833167,2.9862000009012983,2.986200000971524,2.9862000010721084,2.9862000017644954,2.9862000018611856,2.878200001983022,2.7582000021181106,2.7582000022626345,2.758200002760049,2.7582000036344305,2.7582000044271178,2.758200004775478,2.758200005072108,2.629200005440858,2.4852000058521577,1.8852000063466494,1.8852000069637906,1.8852000077502007,1.8852000082341114,1.8852000096261976,1.8852000115255674,1.8852000147450547,1.8852000221430691
wind_offshore,power,NO,0.0023000007630109847,0.005900000822869957,0.005900003403448029,0.005900003524309514,0.005900007243580502,0.005900103200116264,0.005900154749688162,0.005900172696078397,0.0059001792988638575,0.00590017960659892,0.0059001799506595886,0.005900199282576671,0.005900207276490211,0.005900209210368246,0.003600211164147113,0.0036002182287412114,0.0036002328439214723,0.003600250304238318,0.0036002680427013106,0.0036002847184409418,0.0036003014028065856,0.0036003157868320424,0.0036003284451719035,0.0036003424247271674,0.0036003509766567164,0.0036003536729574113,0.0036003562401211815,0.0036004813914051496,0.003600487709204628,0.00360137715180525
wind_offshore,power,PL,3.6057266820716113e-11,8.549310750685466e-11,1.2254909522157926e-10,1.5470372267143908e-10,1.8704950780608673e-10,2.2049787140125702e-10,2.5522288959555896e-10,2.912457848561371e-10,3.288136742395268e-10,3.6826765862070495e-10,4.1001395009682494e-10,4.545819493807507e-10,5.025781861316927e-10,5.547162905101262e-10,6.118326864285008e-10,6.749073460815295e-10,7.448962130761028e-10,8.230423500544995e-10,9.107754953505163e-10,1.0097638908472772e-09,1.1221080477330821e-09,1.2496537484461142e-09,1.3955431146065474e-09,1.5637838650203268e-09,1.7638134458142974e-09,1.984687466929777e-09,2.2549170864149942e-09,2.6397238920428766e-09,3.2290924259080532e-09,4.471286196042995e-09
wind_offshore,power,PT,0.0252,0.0252,0.0252,0.0252,0.0252,0.0252,0.0252,0.0252,0.0252,0.0252,0.0252,0.0252,0.0252,0.0252,0.0252,0.0252,0.0252,0.0252,0.0252,0.0252,0.0252,0.0252,0.0252,0.0252,0.0252,0.0252,0.0252,0.0252,0.0252,0.0252
wind_offshore,power,RO,3.813543923491105e-11,9.00780641626979e-11,1.2850844545612024e-10,1.635758367023007e-10,1.9844087887211926e-10,2.343920953809057e-10,2.7145766862710696e-10,3.097112164606425e-10,3.49470491325776e-10,3.91142845233997e-10,4.352050839038745e-10,4.822762442063108e-10,5.330695877112901e-10,5.882644813451441e-10,6.487880208697484e-10,7.156041127191069e-10,7.89741167570022e-10,8.722658689100025e-10,9.645819106793411e-10,1.0682960223365674e-09,1.185456631391871e-09,1.3181503623111958e-09,1.4698776082464577e-09,1.6453027822418928e-09,1.8499274008922463e-09,2.068884820196637e-09,2.338230178330744e-09,2.722750635326366e-09,3.3157603782473103e-09,4.566885494964327e-09
wind_offshore,power,SE,0.19140000019695788,0.19140000026219434,0.19140000033386342,0.19140000041401994,0.19140000050796901,0.19140000061753368,0.19140000074629446,0.19140000089827558,0.1914000010729927,0.19140000127383028,0.1914000015240688,0.19140000180116706,0.19140000213471406,0.08100000255293924,0.08100000306559077,0.05100000374380856,0.05100000459803539,0.05100000569374136,0.003000008110906454,0.003000010735390717,0.003000017378036197,0.0030000925702327163,0.8910194412679764,1.6016181780928316,2.21500345247839,2.8699718965142207,3.5817461198009863,3.5870389204056146,3.7382431233872286,4.006817006633952
wind_offshore,power,SI,0.0,0.0,0.0,0.0,0.0,0.0,0.0,0.0,0.0,0.0,0.0,0.0,0.0,0.0,0.0,0.0,0.0,0.0,0.0,0.0,0.0,0.0,0.0,0.0,0.0,0.0,0.0,0.0,0.0,0.0
wind_offshore,power,SK,0.0,0.0,0.0,0.0,0.0,0.0,0.0,0.0,0.0,0.0,0.0,0.0,0.0,0.0,0.0,0.0,0.0,0.0,0.0,0.0,0.0,0.0,0.0,0.0,0.0,0.0,0.0,0.0,0.0,0.0
wind_offshore,power,UK,10.43290000003605,10.48039999996066,10.480400000196395,10.480400000306096,10.480400000294203,10.48040000022439,10.480399999766234,10.480400000324343,10.420400000611478,10.360400000354195,10.27040000056689,10.180400000743056,10.080400000745932,10.080400000783442,9.796000000912624,9.143200001155826,8.959600001514499,7.802800001427106,6.828700001599157,6.432900001565318,5.378400002026722,5.378400002282761,4.64890000276499,2.567500002828735,0.5865000034983315,0.5865000040475661,0.5865000047492632,0.5865000057384822,0.5865000072823929,0.5865000106090981
wind_onshore,power,AT,10.8632105032958,11.048560503724591,11.048560503108096,11.048560501396878,11.048560502238482,11.048560502113576,11.048560502410542,11.048560502398963,11.048560502424925,11.048560502417585,11.048560502493418,11.048560502453347,11.048560502380717,11.048560500007914,11.048560502914683,11.048560499958056,11.048560503033805,11.048560502137935,11.04856050205224,11.048560501990524,11.048560502016384,11.048560502056766,11.048560501967232,11.048560501916803,11.048560501846236,11.048560499156084,11.048560502615512,11.048560501777688,11.048560501727266,11.0485605017342
wind_onshore,power,BE,7.9285393816040415,8.129689383110875,8.129689384188909,8.129689385013807,8.12968938629223,8.129689381585951,8.129689383042727,8.129689383446793,8.129689383733469,8.1296893837261,8.129689384680486,8.129689384577906,8.129689384441122,8.129689384459741,8.129689384398194,8.129689384289431,8.129689384244639,8.129689384343168,8.129689384263612,8.129689384265133,8.12968938431837,8.129689384495197,8.129689384325713,8.129689384034446,8.129689383774846,8.129689377554053,8.129689381088985,8.129689382713655,8.12968938414764,8.129689385527834
wind_onshore,power,BG,0.8781000013332181,0.8781000029379248,0.8781000052085672,0.8781000071521645,0.8781000111577629,0.8781000176136265,0.8781000257506162,0.8781000508584506,0.8781002743815384,11.57709191319326,11.57549195201747,11.56939196773087,11.563891976528472,11.510691992224025,11.98244086134782,12.249761271175876,12.109883209925778,12.031583276094505,12.070565446802027,12.150045987211668,12.180137901264214,15.0011725567968,15.638923143862094,15.639835245164841,15.639836562451741,15.718486456238029,15.811057567570105,16.01346961711229,16.150017075360566,16.1500177654421
wind_onshore,power,CH,0.41943816093030417,0.41943816399955824,0.4194381662305144,0.4194381677275075,0.4194381710909388,0.4194381759992149,0.41943818945445016,0.4194383148919374,0.4237534068998727,0.4350083541908053,0.43115842922631037,0.43115844637663814,0.43115846664219926,0.4291585199440618,2.4398649347635675,3.743586189192261,3.9234143537717747,3.9813406765330708,4.136852420424985,8.694446166738038,11.892855602143698,20.49112213398533,20.49112219978618,20.491122260047277,20.491122358047992,20.835659145855573,21.074404821583478,21.669808585878165,24.01143776481369,24.655155092649597
wind_onshore,power,CZ,18.870872843560214,18.87087284234625,18.87087284747633,18.870872845860823,18.870872847327053,18.87087284882486,18.86855785555169,18.868457863396237,18.860957885643277,18.858908096480718,18.847358947416122,19.51787504978189,19.641230323502064,22.271312505190963,25.250211328299844,27.316027021195612,29.708604260445004,31.112548428727816,31.62152126846681,34.22193572271843,39.3128037753138,48.49870692711884,49.36978114040381,50.25508830863139,51.948676805725974,52.334710028694154,52.38117629247345,52.389976953823925,53.55450017384319,54.688354775732755
wind_onshore,power,DE,53.98054601812267,55.79884601802995,55.53243601958903,55.09099601975922,53.81383602044066,52.3307660217979,49.56695002368936,46.62885002669975,43.57957003333207,41.52987004741037,44.15532269508835,48.720309170271314,49.36591050740242,61.75974046797033,73.85853404209331,79.07262444692125,80.19724834370717,90.9660345703066,100.10416331445386,106.97252471931874,106.97252480306472,106.97252482343858,106.97252482303118,106.97252482268412,106.9725247193076,106.97252479974316,106.97252481194246,106.97252481534846,106.97252482254007,106.97252482770783
wind_onshore,power,DK,13.191843996203346,13.296168997542383,13.296168998218922,13.282593997336672,13.25893399902866,13.22608400093771,13.21123400468124,13.155734010699929,13.154034020426803,13.15403403567376,13.146534065368614,13.250044770871195,13.581731544782707,13.527931949946534,13.463982073106749,13.311482097217281,13.121582132780444,12.930282176649275,12.577282603987147,13.536621965246523,19.98875990311965,23.715159082376303,23.722989383676328,26.32009613858358,26.91237313328861,26.91238278303865,28.26923898729975,29.946190851670917,31.281113862807448,31.416947161904634
wind_onshore,power,EE,1.4691865215008617,1.4691865223182228,1.469186523324791,1.4691865244065079,1.4691865262814596,1.4691865294182282,1.4691865365914043,1.4669368147251731,1.6673626477792531,1.667363441028456,1.6362635491619677,1.636263710082499,1.6099138460556812,1.5892139418278797,1.5252140743108435,1.5183150183467817,2.2218005826178455,2.096200687152807,2.0857007075981673,2.082700741807712,2.0647008208326745,4.8095720119427865,5.118898848564219,5.412308408241272,5.775127652499075,6.303911955153474,6.52371188139733,6.523712569889989,6.604096486425043,6.811186875732233
wind_onshore,power,EL,19.732028419111636,20.097778425501044,20.09777842423794,20.087578425959407,20.063578428909043,19.968778429594643,19.783808442265432,19.75881850772841,19.65312126442328,20.617857316366386,21.294683616837865,21.711400438490397,22.47971267315563,23.20686544897941,24.11951271827865,24.080820743692456,23.945985745834463,24.324596295004977,24.660362923993375,24.783986255708015,24.981633163282773,24.8159907164582,24.92850009986628,25.37506140824837,25.403283330733736,25.494122778690784,25.666351695188443,25.68689685312796,25.692530918112933,25.838343334108487
wind_onshore,power,ES,49.11936138554987,49.664401390389486,49.43781139159293,49.167111391246756,48.76697140113709,47.899616394638215,46.914556418713616,45.88615142017817,45.457124032472464,49.957924913038376,54.24725635239021,57.14666180721086,58.63608507608694,61.515137621513595,64.34809868083312,66.4077313226064,67.28320665830347,69.87161751989737,78.5293015396282,83.57504855898715,89.28095683424176,90.91518815421188,91.62053228354135,98.67608149382876,102.5751835976262,102.4471569658521,103.02376087273022,103.02376183012342,103.49162538631083,103.83586835559794
wind_onshore,power,FI,17.214983946948422,17.877483950190204,17.877483950765296,17.877483952686045,17.86988395200391,17.869883956040944,17.86988396133198,17.852885699486972,19.477211796505244,19.473988663647745,22.6904634527887,24.41786083526471,25.466868706914592,25.853628861020418,28.679275244664176,29.867626413088068,30.765635284325615,30.765635285639984,30.576935380967974,30.395435423822285,29.928985546609212,30.765635290216714,30.765635290159448,30.765635289277412,30.765635289282283,30.76563527292942,30.765635281355266,30.76563528530589,30.765635289666474,30.76563529262623
wind_onshore,power,FR,25.618235268682092,26.776215282526742,26.931384126570975,26.92388412938017,26.919484144941084,26.897584197301086,30.230408393474267,43.585902397588,45.507327680232194,46.77046453608027,50.85490060624652,56.077434362151074,58.61644650020356,61.356653104631796,62.42062789051823,89.26123876290465,97.84064293647724,98.13800149361428,104.44346548061483,130.19788060096832,145.7524924624785,170.214498338215,186.27682138673887,205.83534823262693,206.9066608211221,224.3177966982067,234.52104276042635,237.60953637643655,239.67824100648707,239.80151397278146
wind_onshore,power,HR,0.5909000006920793,0.9861000010136227,0.9861000013605018,0.9861000017339127,0.9861000021919345,0.9861000027993647,0.9861000035962122,0.9861000046615944,0.9861000061502984,0.9861000082892242,0.9801000116955242,0.9689000175896725,0.9689000275494806,0.9689000480198475,0.9593001421509901,1.1641359185721831,2.1002733907669935,2.2996881440437553,2.660522612004665,2.7831382090709016,2.9430095626795842,5.02105019588797,5.36494469999511,5.9696862169194835,6.249811149482965,6.335997476551451,6.371461736000368,6.431221368470758,6.431221767129535,6.447294779581965
wind_onshore,power,HU,24.689265806680027,24.68926581101852,24.689265816433444,24.689265823687045,24.689265820608213,24.689265827476845,24.688665837979038,24.687465923079,25.57198036306709,26.347486457432396,27.934339763791737,28.68414020647486,30.323997550013658,30.264147741942395,30.411785196984976,31.775758559069384,32.504990836679845,34.123757409058605,39.55299874346761,40.22707847985104,40.30102314014447,41.257380800673474,41.257381549217,41.50832738033373,42.162165643490006,42.460850459352315,43.348422250315764,43.834216734201476,44.46646162695077,44.85143582723054
wind_onshore,power,IE,12.823418185636257,12.846618190666351,12.801838192920563,12.78723819460757,12.778658197834497,12.73047824492217,13.70682948562818,13.748060624724964,13.751965199372213,13.961384320573439,13.849438137333296,13.9177178585675,15.0480232024719,15.878621239167831,16.133404330407494,16.225441556719712,17.409394144019597,17.419706795848228,17.539916100938054,17.534836390270986,18.118136991555186,18.752211401230007,18.75221471370316,18.618545440810927,18.618549992959434,18.734900550599754,18.863013277976094,18.903798014441595,19.262424846659385,19.36481403936382
wind_onshore,power,IT,66.20825404076545,66.69744403986701,66.69744405549126,66.69744404585514,66.67164406412034,66.42324405034526,66.27000406170484,66.21724407862264,74.01938502158305,81.90678784944168,91.70523180345947,101.32842851735877,116.84789387345236,128.30426437183755,135.73970659159073,153.23817037080923,160.07665746402915,162.67588951189435,166.7434867038009,167.053822043461,170.59000533223664,170.24590849771477,169.94920860742468,170.24501341380147,171.10535934856924,172.2588176570786,172.25881831482607,174.75104948521397,175.36435767428407,176.5847908542716
wind_onshore,power,LT,8.312098130204681,8.380998130389893,8.380998131499652,8.380998134461228,8.38099813217253,8.380998138754265,8.380998148904016,8.854039996462658,8.92207596199442,8.921371072383703,8.921371168650161,9.085990404541265,9.725118011490958,10.187530915837739,10.393926911178417,11.58544532473516,11.78451295318454,12.399072175801413,12.35997265661693,12.580130294615133,13.862782956330843,18.824140871598797,18.824142740406522,18.896602752547555,18.896603753988913,18.830413650711158,18.982452278320515,20.37746650447387,20.377467051046875,20.37746724321765
wind_onshore,power,LU,0.13720002671608317,0.14160002848614212,0.14160003063124652,0.14160003152217457,0.13660003295745016,0.13660003439196045,0.13660003604006227,0.1354000377295492,0.13540003947111345,0.13420004153469758,0.13420004436349095,0.13420004677909633,0.13420004963372045,0.12620005334937454,0.12020005707091598,0.11860006057874735,0.11860006509399042,0.09330007358200612,0.09330008548893645,0.09330010046959188,0.09330012673464871,0.14603902743309752,0.16700777832819771,0.2276119110859053,0.40686725492632964,0.497461432650357,0.5167148617673627,0.6938055871312305,0.6938063500255747,0.693806633074324
wind_onshore,power,LV,0.04830000273854089,0.04710000318313184,0.047100003684437654,0.047100004227476226,0.047100004952175346,0.0445000058509293,0.044500006992677796,0.022700008520594308,0.022700013540470857,0.022700015583651652,0.02270002766322144,0.022700030121141575,0.022700033087593482,0.02070003690680575,0.020700042059050825,0.02070004971951125,0.02070006456433431,1.1936039459529077e-06,1.344881105188061e-06,1.580931558332263e-06,1.9098035315524117e-06,1.0497346022475122,1.3431197039349148,1.3431447565077648,1.3431449846675583,1.3431452586906074,1.3431455238285894,1.3431457582440884,1.3431459458830497,1.343146119725671
wind_onshore,power,NL,22.663278198999613,23.361878200923748,23.320368204149833,23.294168203615808,23.288618205932597,23.23829820911232,23.228018215836364,23.056138248131006,25.878065007363844,30.621439858151344,32.5440325115202,35.322208095379295,40.16793855530489,41.027789831909494,40.775314881986986,40.73261583432237,42.726497793866535,42.62989966330222,46.42384830809504,48.66681235856919,48.86499996423964,48.86499997483347,48.86499997490445,48.86499997971091,48.86499998452715,48.8649999621633,48.86499997695517,48.86499998476656,48.86499999088586,48.86499999610371
wind_onshore,power,NO,29.35437272120505,29.92797273063765,29.927972715702456,29.92422270788589,29.920472723017426,29.92047272723327,29.920472737521415,30.436455269937902,33.661632340276675,34.58645055324859,37.03081262796128,37.54088594454549,37.48338617333513,39.694377129420985,40.886460576442154,41.27873458407588,42.56022820166284,42.72775609928738,43.40877954674487,43.49957878770203,45.832079923988914,56.309709460367394,59.2022730995404,61.05843334715992,61.54046053078776,60.884221892921296,60.93908214563794,62.065976269064706,62.210975049559934,63.23787635398845
wind_onshore,power,PL,73.73762163147266,74.47819162955582,74.47819162851746,74.47819163367949,74.47819163399133,74.47819163581649,74.46019164259357,74.46019165444302,74.43019169655048,75.05362866827969,75.05362912267012,77.90106092681037,80.5405350117848,82.12509393403059,82.96208662015374,83.27703334697335,85.74058184051675,86.31889257668868,88.59580885369223,90.65288280980397,101.40820724483699,101.54839242040636,101.5483924918944,101.54839252734554,101.54839252017483,101.54839248334889,101.54839250698733,101.5483925190443,101.5483925288462,101.5483925372393
wind_onshore,power,PT,9.372463345593145,9.511463347874116,9.511463349214754,9.5109633501388,9.501263351312568,9.465763353021295,9.445663355441612,9.320813361593542,9.2448133723169,9.008963386525311,8.455463410624457,7.794463474704179,7.555177492893307,7.457604180227266,7.5114507304788685,7.510894266112342,8.47766392603343,8.860799671677242,8.904252253042973,8.814312651214378,9.000736459424441,8.919394990604344,9.012605957213324,9.05355580468301,9.77066898989134,10.481977453807108,10.499232898129419,10.543856702441685,10.543857006798287,10.54385761868856
wind_onshore,power,RO,3.114650003961225,3.1146500111011957,3.119209765805519,3.119209769988667,3.1192097788741795,3.1601352181067837,4.237259252347874,5.997187965732121,7.264019851741266,7.468089997851792,8.63508790724556,9.245347043191433,9.730199679234037,12.526721428879236,12.547777965314314,12.547887789331423,14.329620079563417,15.339809076969521,15.594965190462663,16.233479008210406,18.269384292589258,19.367017357645224,19.45018284064663,19.450182904233348,19.80741989297993,20.41121028275611,20.866527915467714,21.41604751383864,21.41616123928461,21.462682590617558
wind_onshore,power,SE,9.225630001148968,10.615930000544338,10.615930001845948,10.61312500155596,10.612465001781523,10.58787500212128,10.564300002347874,10.521880002686405,10.450260003100615,10.403160003636406,10.382030003918212,10.274240004293,10.07614000509459,9.900660005880479,9.565970006137462,8.971320007650625,8.431770009229338,7.750570010736133,7.1408700129602956,6.160470015812706,5.4167800200582255,4.796230026949337,4.605730035177837,4.106330044393472,3.334000054677499,3.3340000655188433,3.334000080754478,3.334000101781282,3.334000134619173,3.334000200440266
wind_onshore,power,SI,0.0032000001298382375,0.0032000001946773846,0.0032000002633467708,0.0032000003368583573,0.0032000004185811903,0.0032000005084102793,0.003200000608994252,0.0032000007216986376,0.003200000850034099,0.003200001004142775,0.003200001214971927,0.003200001475608607,0.0032000017638226237,0.0032000020174775146,0.0032000022912494677,0.003200002608530461,0.0032000029861442847,0.003200003436917154,0.0032000039779027907,0.0032000046470913248,0.0032000055225803654,0.003200006670563567,0.0032000083642496715,0.0032000117408992664,3.5508614059765735e-07,3.951935897316e-07,4.3020444546530686e-07,4.618397323953352e-07,4.970112633243798e-07,5.484992091789947e-07
wind_onshore,power,SK,0.005100000307629137,0.0051000004782870085,0.005100000673933845,0.005100000898517181,0.0051000011855438995,0.0051000015543973,0.005100002073035266,0.005100002926502518,0.0025000046832227506,0.0020000076532139966,2.420028816099642e-07,2.6795542794088103e-07,2.86960114050164e-07,3.0425147462123063e-07,3.2269994691487384e-07,3.4145228756790765e-07,3.6504029934291236e-07,3.95572925969006e-07,4.2866475081149653e-07,4.6751923594113357e-07,5.204468028205934e-07,5.699741122223694e-07,6.226302015900762e-07,6.922754180767484e-07,7.900684457587055e-07,9.588006480290925e-07,1.1515854399994675e-06,1.3224817971251845e-06,1.5590797919310521e-06,1.881937010060006e-06
wind_onshore,power,UK,76.62400904441222,77.07970909190912,77.02540907280235,77.01120907704748,76.98252907236458,76.92613908940356,79.56525628453556,87.20786696805315,91.91339330670749,95.7413677576773,98.32434492908385,104.97002157463643,108.2148862388611,112.73484108655083,116.96977316544486,122.8834928003845,125.95738972578695,128.42494014667517,132.62943279325552,135.55260849428237,140.45849845388415,146.67556530701117,148.119858840935,154.91899082412064,165.834298220208,167.78471624047435,170.44462326054776,170.44463402589253,172.12177205307717,173.20059597144765
